timestamp,sensorId,lat,lon,type,value
2026-02-23T01:02:04+01:00,87f82783-853b-417d-8964-b5cf11e44873,41.035567,21.337528,gasResistance,237086
2026-02-23T01:02:04+01:00,87f82783-853b-417d-8964-b5cf11e44873,41.035567,21.337528,humidity,67
2026-02-23T01:02:04+01:00,87f82783-853b-417d-8964-b5cf11e44873,41.035567,21.337528,noise,11
2026-02-23T01:02:04+01:00,87f82783-853b-417d-8964-b5cf11e44873,41.035567,21.337528,noise_dba,24
2026-02-23T01:02:04+01:00,87f82783-853b-417d-8964-b5cf11e44873,41.035567,21.337528,pm10,35
2026-02-23T01:02:04+01:00,87f82783-853b-417d-8964-b5cf11e44873,41.035567,21.337528,pm25,19
2026-02-23T01:02:04+01:00,87f82783-853b-417d-8964-b5cf11e44873,41.035567,21.337528,pressure,951
2026-02-23T01:02:04+01:00,87f82783-853b-417d-8964-b5cf11e44873,41.035567,21.337528,temperature,4
2026-02-23T01:17:36+01:00,87f82783-853b-417d-8964-b5cf11e44873,41.035567,21.337528,gasResistance,240698
2026-02-23T01:17:36+01:00,87f82783-853b-417d-8964-b5cf11e44873,41.035567,21.337528,humidity,67
2026-02-23T01:17:36+01:00,87f82783-853b-417d-8964-b5cf11e44873,41.035567,21.337528,noise,11
2026-02-23T01:17:36+01:00,87f82783-853b-417d-8964-b5cf11e44873,41.035567,21.337528,noise_dba,24
2026-02-23T01:17:36+01:00,87f82783-853b-417d-8964-b5cf11e44873,41.035567,21.337528,pm10,36
2026-02-23T01:17:36+01:00,87f82783-853b-417d-8964-b5cf11e44873,41.035567,21.337528,pm25,19
2026-02-23T01:17:36+01:00,87f82783-853b-417d-8964-b5cf11e44873,41.035567,21.337528,pressure,950
2026-02-23T01:17:36+01:00,87f82783-853b-417d-8964-b5cf11e44873,41.035567,21.337528,temperature,4
2026-02-23T01:33:08+01:00,87f82783-853b-417d-8964-b5cf11e44873,41.035567,21.337528,gasResistance,245144
2026-02-23T01:33:08+01:00,87f82783-853b-417d-8964-b5cf11e44873,41.035567,21.337528,humidity,67
2026-02-23T01:33:08+01:00,87f82783-853b-417d-8964-b5cf11e44873,41.035567,21.337528,noise,11
2026-02-23T01:33:08+01:00,87f82783-853b-417d-8964-b5cf11e44873,41.035567,21.337528,noise_dba,24
2026-02-23T01:33:08+01:00,87f82783-853b-417d-8964-b5cf11e44873,41.035567,21.337528,pm10,28
2026-02-23T01:33:08+01:00,87f82783-853b-417d-8964-b5cf11e44873,41.035567,21.337528,pm25,14
2026-02-23T01:33:08+01:00,87f82783-853b-417d-8964-b5cf11e44873,41.035567,21.337528,pressure,950
2026-02-23T01:33:08+01:00,87f82783-853b-417d-8964-b5cf11e44873,41.035567,21.337528,temperature,4
2026-02-23T01:48:39+01:00,87f82783-853b-417d-8964-b5cf11e44873,41.035567,21.337528,gasResistance,248821
2026-02-23T01:48:39+01:00,87f82783-853b-417d-8964-b5cf11e44873,41.035567,21.337528,humidity,67
2026-02-23T01:48:39+01:00,87f82783-853b-417d-8964-b5cf11e44873,41.035567,21.337528,pm10,23
2026-02-23T01:48:39+01:00,87f82783-853b-417d-8964-b5cf11e44873,41.035567,21.337528,pm25,11
2026-02-23T01:48:39+01:00,87f82783-853b-417d-8964-b5cf11e44873,41.035567,21.337528,pressure,950
2026-02-23T01:48:39+01:00,87f82783-853b-417d-8964-b5cf11e44873,41.035567,21.337528,temperature,4
2026-02-23T02:04:10+01:00,87f82783-853b-417d-8964-b5cf11e44873,41.035567,21.337528,gasResistance,251461
2026-02-23T02:04:10+01:00,87f82783-853b-417d-8964-b5cf11e44873,41.035567,21.337528,humidity,67
2026-02-23T02:04:10+01:00,87f82783-853b-417d-8964-b5cf11e44873,41.035567,21.337528,pm10,15
2026-02-23T02:04:10+01:00,87f82783-853b-417d-8964-b5cf11e44873,41.035567,21.337528,pm25,8
2026-02-23T02:04:10+01:00,87f82783-853b-417d-8964-b5cf11e44873,41.035567,21.337528,pressure,950
2026-02-23T02:04:10+01:00,87f82783-853b-417d-8964-b5cf11e44873,41.035567,21.337528,temperature,4
2026-02-23T02:19:45+01:00,87f82783-853b-417d-8964-b5cf11e44873,41.035567,21.337528,gasResistance,256317
2026-02-23T02:19:45+01:00,87f82783-853b-417d-8964-b5cf11e44873,41.035567,21.337528,humidity,67
2026-02-23T02:19:45+01:00,87f82783-853b-417d-8964-b5cf11e44873,41.035567,21.337528,pm10,27
2026-02-23T02:19:45+01:00,87f82783-853b-417d-8964-b5cf11e44873,41.035567,21.337528,pm25,16
2026-02-23T02:19:45+01:00,87f82783-853b-417d-8964-b5cf11e44873,41.035567,21.337528,pressure,950
2026-02-23T02:19:45+01:00,87f82783-853b-417d-8964-b5cf11e44873,41.035567,21.337528,temperature,4
2026-02-23T02:35:16+01:00,87f82783-853b-417d-8964-b5cf11e44873,41.035567,21.337528,gasResistance,253188
2026-02-23T02:35:16+01:00,87f82783-853b-417d-8964-b5cf11e44873,41.035567,21.337528,humidity,67
2026-02-23T02:35:16+01:00,87f82783-853b-417d-8964-b5cf11e44873,41.035567,21.337528,noise,11
2026-02-23T02:35:16+01:00,87f82783-853b-417d-8964-b5cf11e44873,41.035567,21.337528,noise_dba,24
2026-02-23T02:35:16+01:00,87f82783-853b-417d-8964-b5cf11e44873,41.035567,21.337528,pm10,39
2026-02-23T02:35:16+01:00,87f82783-853b-417d-8964-b5cf11e44873,41.035567,21.337528,pm25,20
2026-02-23T02:35:16+01:00,87f82783-853b-417d-8964-b5cf11e44873,41.035567,21.337528,pressure,950
2026-02-23T02:35:16+01:00,87f82783-853b-417d-8964-b5cf11e44873,41.035567,21.337528,temperature,4
2026-02-23T02:50:47+01:00,87f82783-853b-417d-8964-b5cf11e44873,41.035567,21.337528,gasResistance,251651
2026-02-23T02:50:47+01:00,87f82783-853b-417d-8964-b5cf11e44873,41.035567,21.337528,humidity,67
2026-02-23T02:50:47+01:00,87f82783-853b-417d-8964-b5cf11e44873,41.035567,21.337528,noise,11
2026-02-23T02:50:47+01:00,87f82783-853b-417d-8964-b5cf11e44873,41.035567,21.337528,noise_dba,24
2026-02-23T02:50:47+01:00,87f82783-853b-417d-8964-b5cf11e44873,41.035567,21.337528,pm10,39
2026-02-23T02:50:47+01:00,87f82783-853b-417d-8964-b5cf11e44873,41.035567,21.337528,pm25,23
2026-02-23T02:50:47+01:00,87f82783-853b-417d-8964-b5cf11e44873,41.035567,21.337528,pressure,950
2026-02-23T02:50:47+01:00,87f82783-853b-417d-8964-b5cf11e44873,41.035567,21.337528,temperature,4
2026-02-23T03:06:19+01:00,87f82783-853b-417d-8964-b5cf11e44873,41.035567,21.337528,gasResistance,249757
2026-02-23T03:06:19+01:00,87f82783-853b-417d-8964-b5cf11e44873,41.035567,21.337528,humidity,68
2026-02-23T03:06:19+01:00,87f82783-853b-417d-8964-b5cf11e44873,41.035567,21.337528,noise,11
2026-02-23T03:06:19+01:00,87f82783-853b-417d-8964-b5cf11e44873,41.035567,21.337528,noise_dba,24
2026-02-23T03:06:19+01:00,87f82783-853b-417d-8964-b5cf11e44873,41.035567,21.337528,pm10,52
2026-02-23T03:06:19+01:00,87f82783-853b-417d-8964-b5cf11e44873,41.035567,21.337528,pm25,25
2026-02-23T03:06:19+01:00,87f82783-853b-417d-8964-b5cf11e44873,41.035567,21.337528,pressure,949
2026-02-23T03:06:19+01:00,87f82783-853b-417d-8964-b5cf11e44873,41.035567,21.337528,temperature,4
2026-02-23T03:21:51+01:00,87f82783-853b-417d-8964-b5cf11e44873,41.035567,21.337528,gasResistance,249194
2026-02-23T03:21:51+01:00,87f82783-853b-417d-8964-b5cf11e44873,41.035567,21.337528,humidity,68
2026-02-23T03:21:51+01:00,87f82783-853b-417d-8964-b5cf11e44873,41.035567,21.337528,noise,11
2026-02-23T03:21:51+01:00,87f82783-853b-417d-8964-b5cf11e44873,41.035567,21.337528,noise_dba,24
2026-02-23T03:21:51+01:00,87f82783-853b-417d-8964-b5cf11e44873,41.035567,21.337528,pm10,67
2026-02-23T03:21:51+01:00,87f82783-853b-417d-8964-b5cf11e44873,41.035567,21.337528,pm25,35
2026-02-23T03:21:51+01:00,87f82783-853b-417d-8964-b5cf11e44873,41.035567,21.337528,pressure,949
2026-02-23T03:21:51+01:00,87f82783-853b-417d-8964-b5cf11e44873,41.035567,21.337528,temperature,3
2026-02-23T03:37:22+01:00,87f82783-853b-417d-8964-b5cf11e44873,41.035567,21.337528,gasResistance,250701
2026-02-23T03:37:22+01:00,87f82783-853b-417d-8964-b5cf11e44873,41.035567,21.337528,humidity,67
2026-02-23T03:37:22+01:00,87f82783-853b-417d-8964-b5cf11e44873,41.035567,21.337528,noise,11
2026-02-23T03:37:22+01:00,87f82783-853b-417d-8964-b5cf11e44873,41.035567,21.337528,noise_dba,24
2026-02-23T03:37:22+01:00,87f82783-853b-417d-8964-b5cf11e44873,41.035567,21.337528,pm10,61
2026-02-23T03:37:22+01:00,87f82783-853b-417d-8964-b5cf11e44873,41.035567,21.337528,pm25,32
2026-02-23T03:37:22+01:00,87f82783-853b-417d-8964-b5cf11e44873,41.035567,21.337528,pressure,949
2026-02-23T03:37:22+01:00,87f82783-853b-417d-8964-b5cf11e44873,41.035567,21.337528,temperature,3
2026-02-23T03:52:54+01:00,87f82783-853b-417d-8964-b5cf11e44873,41.035567,21.337528,gasResistance,252995
2026-02-23T03:52:54+01:00,87f82783-853b-417d-8964-b5cf11e44873,41.035567,21.337528,humidity,67
2026-02-23T03:52:54+01:00,87f82783-853b-417d-8964-b5cf11e44873,41.035567,21.337528,pm10,58
2026-02-23T03:52:54+01:00,87f82783-853b-417d-8964-b5cf11e44873,41.035567,21.337528,pm25,29
2026-02-23T03:52:54+01:00,87f82783-853b-417d-8964-b5cf11e44873,41.035567,21.337528,pressure,949
2026-02-23T03:52:54+01:00,87f82783-853b-417d-8964-b5cf11e44873,41.035567,21.337528,temperature,3
2026-02-23T04:08:26+01:00,87f82783-853b-417d-8964-b5cf11e44873,41.035567,21.337528,gasResistance,254352
2026-02-23T04:08:26+01:00,87f82783-853b-417d-8964-b5cf11e44873,41.035567,21.337528,humidity,68
2026-02-23T04:08:26+01:00,87f82783-853b-417d-8964-b5cf11e44873,41.035567,21.337528,pm10,53
2026-02-23T04:08:26+01:00,87f82783-853b-417d-8964-b5cf11e44873,41.035567,21.337528,pm25,29
2026-02-23T04:08:26+01:00,87f82783-853b-417d-8964-b5cf11e44873,41.035567,21.337528,pressure,949
2026-02-23T04:08:26+01:00,87f82783-853b-417d-8964-b5cf11e44873,41.035567,21.337528,temperature,3
2026-02-23T04:23:57+01:00,87f82783-853b-417d-8964-b5cf11e44873,41.035567,21.337528,gasResistance,258112
2026-02-23T04:23:57+01:00,87f82783-853b-417d-8964-b5cf11e44873,41.035567,21.337528,humidity,67
2026-02-23T04:23:57+01:00,87f82783-853b-417d-8964-b5cf11e44873,41.035567,21.337528,pm10,22
2026-02-23T04:23:57+01:00,87f82783-853b-417d-8964-b5cf11e44873,41.035567,21.337528,pm25,12
2026-02-23T04:23:57+01:00,87f82783-853b-417d-8964-b5cf11e44873,41.035567,21.337528,pressure,949
2026-02-23T04:23:57+01:00,87f82783-853b-417d-8964-b5cf11e44873,41.035567,21.337528,temperature,3
2026-02-23T04:39:29+01:00,87f82783-853b-417d-8964-b5cf11e44873,41.035567,21.337528,gasResistance,263859
2026-02-23T04:39:29+01:00,87f82783-853b-417d-8964-b5cf11e44873,41.035567,21.337528,humidity,67
2026-02-23T04:39:29+01:00,87f82783-853b-417d-8964-b5cf11e44873,41.035567,21.337528,noise,11
2026-02-23T04:39:29+01:00,87f82783-853b-417d-8964-b5cf11e44873,41.035567,21.337528,noise_dba,24
2026-02-23T04:39:29+01:00,87f82783-853b-417d-8964-b5cf11e44873,41.035567,21.337528,pm10,37
2026-02-23T04:39:29+01:00,87f82783-853b-417d-8964-b5cf11e44873,41.035567,21.337528,pm25,19
2026-02-23T04:39:29+01:00,87f82783-853b-417d-8964-b5cf11e44873,41.035567,21.337528,pressure,949
2026-02-23T04:39:29+01:00,87f82783-853b-417d-8964-b5cf11e44873,41.035567,21.337528,temperature,3
2026-02-23T04:55:00+01:00,87f82783-853b-417d-8964-b5cf11e44873,41.035567,21.337528,gasResistance,264490
2026-02-23T04:55:00+01:00,87f82783-853b-417d-8964-b5cf11e44873,41.035567,21.337528,humidity,68
2026-02-23T04:55:00+01:00,87f82783-853b-417d-8964-b5cf11e44873,41.035567,21.337528,pm10,50
2026-02-23T04:55:00+01:00,87f82783-853b-417d-8964-b5cf11e44873,41.035567,21.337528,pm25,27
2026-02-23T04:55:00+01:00,87f82783-853b-417d-8964-b5cf11e44873,41.035567,21.337528,pressure,949
2026-02-23T04:55:00+01:00,87f82783-853b-417d-8964-b5cf11e44873,41.035567,21.337528,temperature,3
2026-02-23T05:10:31+01:00,87f82783-853b-417d-8964-b5cf11e44873,41.035567,21.337528,gasResistance,266187
2026-02-23T05:10:31+01:00,87f82783-853b-417d-8964-b5cf11e44873,41.035567,21.337528,humidity,68
2026-02-23T05:10:31+01:00,87f82783-853b-417d-8964-b5cf11e44873,41.035567,21.337528,noise,11
2026-02-23T05:10:31+01:00,87f82783-853b-417d-8964-b5cf11e44873,41.035567,21.337528,noise_dba,24
2026-02-23T05:10:31+01:00,87f82783-853b-417d-8964-b5cf11e44873,41.035567,21.337528,pm10,23
2026-02-23T05:10:31+01:00,87f82783-853b-417d-8964-b5cf11e44873,41.035567,21.337528,pm25,12
2026-02-23T05:10:31+01:00,87f82783-853b-417d-8964-b5cf11e44873,41.035567,21.337528,pressure,949
2026-02-23T05:10:31+01:00,87f82783-853b-417d-8964-b5cf11e44873,41.035567,21.337528,temperature,3
2026-02-23T05:26:03+01:00,87f82783-853b-417d-8964-b5cf11e44873,41.035567,21.337528,gasResistance,269429
2026-02-23T05:26:03+01:00,87f82783-853b-417d-8964-b5cf11e44873,41.035567,21.337528,humidity,68
2026-02-23T05:26:03+01:00,87f82783-853b-417d-8964-b5cf11e44873,41.035567,21.337528,noise,11
2026-02-23T05:26:03+01:00,87f82783-853b-417d-8964-b5cf11e44873,41.035567,21.337528,noise_dba,24
2026-02-23T05:26:03+01:00,87f82783-853b-417d-8964-b5cf11e44873,41.035567,21.337528,pm10,27
2026-02-23T05:26:03+01:00,87f82783-853b-417d-8964-b5cf11e44873,41.035567,21.337528,pm25,14
2026-02-23T05:26:03+01:00,87f82783-853b-417d-8964-b5cf11e44873,41.035567,21.337528,pressure,949
2026-02-23T05:26:03+01:00,87f82783-853b-417d-8964-b5cf11e44873,41.035567,21.337528,temperature,3
2026-02-23T05:41:36+01:00,87f82783-853b-417d-8964-b5cf11e44873,41.035567,21.337528,gasResistance,269429
2026-02-23T05:41:36+01:00,87f82783-853b-417d-8964-b5cf11e44873,41.035567,21.337528,humidity,69
2026-02-23T05:41:36+01:00,87f82783-853b-417d-8964-b5cf11e44873,41.035567,21.337528,noise,11
2026-02-23T05:41:36+01:00,87f82783-853b-417d-8964-b5cf11e44873,41.035567,21.337528,noise_dba,24
2026-02-23T05:41:36+01:00,87f82783-853b-417d-8964-b5cf11e44873,41.035567,21.337528,pm10,43
2026-02-23T05:41:36+01:00,87f82783-853b-417d-8964-b5cf11e44873,41.035567,21.337528,pm25,21
2026-02-23T05:41:36+01:00,87f82783-853b-417d-8964-b5cf11e44873,41.035567,21.337528,pressure,949
2026-02-23T05:41:36+01:00,87f82783-853b-417d-8964-b5cf11e44873,41.035567,21.337528,temperature,3
2026-02-23T05:57:08+01:00,87f82783-853b-417d-8964-b5cf11e44873,41.035567,21.337528,gasResistance,265974
2026-02-23T05:57:08+01:00,87f82783-853b-417d-8964-b5cf11e44873,41.035567,21.337528,humidity,69
2026-02-23T05:57:08+01:00,87f82783-853b-417d-8964-b5cf11e44873,41.035567,21.337528,noise,11
2026-02-23T05:57:08+01:00,87f82783-853b-417d-8964-b5cf11e44873,41.035567,21.337528,noise_dba,24
2026-02-23T05:57:08+01:00,87f82783-853b-417d-8964-b5cf11e44873,41.035567,21.337528,pm10,27
2026-02-23T05:57:08+01:00,87f82783-853b-417d-8964-b5cf11e44873,41.035567,21.337528,pm25,15
2026-02-23T05:57:08+01:00,87f82783-853b-417d-8964-b5cf11e44873,41.035567,21.337528,pressure,949
2026-02-23T05:57:08+01:00,87f82783-853b-417d-8964-b5cf11e44873,41.035567,21.337528,temperature,3
2026-02-23T06:12:39+01:00,87f82783-853b-417d-8964-b5cf11e44873,41.035567,21.337528,gasResistance,267691
2026-02-23T06:12:39+01:00,87f82783-853b-417d-8964-b5cf11e44873,41.035567,21.337528,humidity,69
2026-02-23T06:12:39+01:00,87f82783-853b-417d-8964-b5cf11e44873,41.035567,21.337528,noise,11
2026-02-23T06:12:39+01:00,87f82783-853b-417d-8964-b5cf11e44873,41.035567,21.337528,noise_dba,24
2026-02-23T06:12:39+01:00,87f82783-853b-417d-8964-b5cf11e44873,41.035567,21.337528,pm10,48
2026-02-23T06:12:39+01:00,87f82783-853b-417d-8964-b5cf11e44873,41.035567,21.337528,pm25,31
2026-02-23T06:12:39+01:00,87f82783-853b-417d-8964-b5cf11e44873,41.035567,21.337528,pressure,949
2026-02-23T06:12:39+01:00,87f82783-853b-417d-8964-b5cf11e44873,41.035567,21.337528,temperature,3
2026-02-23T06:28:11+01:00,87f82783-853b-417d-8964-b5cf11e44873,41.035567,21.337528,gasResistance,264279
2026-02-23T06:28:11+01:00,87f82783-853b-417d-8964-b5cf11e44873,41.035567,21.337528,humidity,69
2026-02-23T06:28:11+01:00,87f82783-853b-417d-8964-b5cf11e44873,41.035567,21.337528,noise,11
2026-02-23T06:28:11+01:00,87f82783-853b-417d-8964-b5cf11e44873,41.035567,21.337528,noise_dba,24
2026-02-23T06:28:11+01:00,87f82783-853b-417d-8964-b5cf11e44873,41.035567,21.337528,pm10,42
2026-02-23T06:28:11+01:00,87f82783-853b-417d-8964-b5cf11e44873,41.035567,21.337528,pm25,23
2026-02-23T06:28:11+01:00,87f82783-853b-417d-8964-b5cf11e44873,41.035567,21.337528,pressure,949
2026-02-23T06:28:11+01:00,87f82783-853b-417d-8964-b5cf11e44873,41.035567,21.337528,temperature,3
2026-02-23T06:43:42+01:00,87f82783-853b-417d-8964-b5cf11e44873,41.035567,21.337528,gasResistance,262191
2026-02-23T06:43:42+01:00,87f82783-853b-417d-8964-b5cf11e44873,41.035567,21.337528,humidity,69
2026-02-23T06:43:42+01:00,87f82783-853b-417d-8964-b5cf11e44873,41.035567,21.337528,noise,11
2026-02-23T06:43:42+01:00,87f82783-853b-417d-8964-b5cf11e44873,41.035567,21.337528,noise_dba,24
2026-02-23T06:43:42+01:00,87f82783-853b-417d-8964-b5cf11e44873,41.035567,21.337528,pm10,83
2026-02-23T06:43:42+01:00,87f82783-853b-417d-8964-b5cf11e44873,41.035567,21.337528,pm25,43
2026-02-23T06:43:42+01:00,87f82783-853b-417d-8964-b5cf11e44873,41.035567,21.337528,pressure,949
2026-02-23T06:43:42+01:00,87f82783-853b-417d-8964-b5cf11e44873,41.035567,21.337528,temperature,3
2026-02-23T06:59:14+01:00,87f82783-853b-417d-8964-b5cf11e44873,41.035567,21.337528,gasResistance,260339
2026-02-23T06:59:14+01:00,87f82783-853b-417d-8964-b5cf11e44873,41.035567,21.337528,humidity,69
2026-02-23T06:59:14+01:00,87f82783-853b-417d-8964-b5cf11e44873,41.035567,21.337528,noise,11
2026-02-23T06:59:14+01:00,87f82783-853b-417d-8964-b5cf11e44873,41.035567,21.337528,noise_dba,24
2026-02-23T06:59:14+01:00,87f82783-853b-417d-8964-b5cf11e44873,41.035567,21.337528,pm10,162
2026-02-23T06:59:14+01:00,87f82783-853b-417d-8964-b5cf11e44873,41.035567,21.337528,pm25,89
2026-02-23T06:59:14+01:00,87f82783-853b-417d-8964-b5cf11e44873,41.035567,21.337528,pressure,949
2026-02-23T06:59:14+01:00,87f82783-853b-417d-8964-b5cf11e44873,41.035567,21.337528,temperature,3
2026-02-23T07:14:45+01:00,87f82783-853b-417d-8964-b5cf11e44873,41.035567,21.337528,gasResistance,258112
2026-02-23T07:14:45+01:00,87f82783-853b-417d-8964-b5cf11e44873,41.035567,21.337528,humidity,69
2026-02-23T07:14:45+01:00,87f82783-853b-417d-8964-b5cf11e44873,41.035567,21.337528,noise,11
2026-02-23T07:14:45+01:00,87f82783-853b-417d-8964-b5cf11e44873,41.035567,21.337528,noise_dba,24
2026-02-23T07:14:45+01:00,87f82783-853b-417d-8964-b5cf11e44873,41.035567,21.337528,pm10,107
2026-02-23T07:14:45+01:00,87f82783-853b-417d-8964-b5cf11e44873,41.035567,21.337528,pm25,58
2026-02-23T07:14:45+01:00,87f82783-853b-417d-8964-b5cf11e44873,41.035567,21.337528,pressure,949
2026-02-23T07:14:45+01:00,87f82783-853b-417d-8964-b5cf11e44873,41.035567,21.337528,temperature,3
2026-02-23T07:30:16+01:00,87f82783-853b-417d-8964-b5cf11e44873,41.035567,21.337528,gasResistance,255724
2026-02-23T07:30:16+01:00,87f82783-853b-417d-8964-b5cf11e44873,41.035567,21.337528,humidity,70
2026-02-23T07:30:16+01:00,87f82783-853b-417d-8964-b5cf11e44873,41.035567,21.337528,noise,11
2026-02-23T07:30:16+01:00,87f82783-853b-417d-8964-b5cf11e44873,41.035567,21.337528,noise_dba,24
2026-02-23T07:30:16+01:00,87f82783-853b-417d-8964-b5cf11e44873,41.035567,21.337528,pm10,116
2026-02-23T07:30:16+01:00,87f82783-853b-417d-8964-b5cf11e44873,41.035567,21.337528,pm25,62
2026-02-23T07:30:16+01:00,87f82783-853b-417d-8964-b5cf11e44873,41.035567,21.337528,pressure,949
2026-02-23T07:30:16+01:00,87f82783-853b-417d-8964-b5cf11e44873,41.035567,21.337528,temperature,3
2026-02-23T07:45:51+01:00,87f82783-853b-417d-8964-b5cf11e44873,41.035567,21.337528,gasResistance,251842
2026-02-23T07:45:51+01:00,87f82783-853b-417d-8964-b5cf11e44873,41.035567,21.337528,humidity,70
2026-02-23T07:45:51+01:00,87f82783-853b-417d-8964-b5cf11e44873,41.035567,21.337528,noise,11
2026-02-23T07:45:51+01:00,87f82783-853b-417d-8964-b5cf11e44873,41.035567,21.337528,noise_dba,24
2026-02-23T07:45:51+01:00,87f82783-853b-417d-8964-b5cf11e44873,41.035567,21.337528,pm10,64
2026-02-23T07:45:51+01:00,87f82783-853b-417d-8964-b5cf11e44873,41.035567,21.337528,pm25,36
2026-02-23T07:45:51+01:00,87f82783-853b-417d-8964-b5cf11e44873,41.035567,21.337528,pressure,949
2026-02-23T07:45:51+01:00,87f82783-853b-417d-8964-b5cf11e44873,41.035567,21.337528,temperature,3
2026-02-23T08:01:23+01:00,87f82783-853b-417d-8964-b5cf11e44873,41.035567,21.337528,gasResistance,249945
2026-02-23T08:01:23+01:00,87f82783-853b-417d-8964-b5cf11e44873,41.035567,21.337528,humidity,70
2026-02-23T08:01:23+01:00,87f82783-853b-417d-8964-b5cf11e44873,41.035567,21.337528,noise,11
2026-02-23T08:01:23+01:00,87f82783-853b-417d-8964-b5cf11e44873,41.035567,21.337528,noise_dba,24
2026-02-23T08:01:23+01:00,87f82783-853b-417d-8964-b5cf11e44873,41.035567,21.337528,pm10,51
2026-02-23T08:01:23+01:00,87f82783-853b-417d-8964-b5cf11e44873,41.035567,21.337528,pm25,26
2026-02-23T08:01:23+01:00,87f82783-853b-417d-8964-b5cf11e44873,41.035567,21.337528,pressure,949
2026-02-23T08:01:23+01:00,87f82783-853b-417d-8964-b5cf11e44873,41.035567,21.337528,temperature,3
2026-02-23T08:16:54+01:00,87f82783-853b-417d-8964-b5cf11e44873,41.035567,21.337528,gasResistance,250134
2026-02-23T08:16:54+01:00,87f82783-853b-417d-8964-b5cf11e44873,41.035567,21.337528,humidity,69
2026-02-23T08:16:54+01:00,87f82783-853b-417d-8964-b5cf11e44873,41.035567,21.337528,noise,12
2026-02-23T08:16:54+01:00,87f82783-853b-417d-8964-b5cf11e44873,41.035567,21.337528,noise_dba,25
2026-02-23T08:16:54+01:00,87f82783-853b-417d-8964-b5cf11e44873,41.035567,21.337528,pm10,19
2026-02-23T08:16:54+01:00,87f82783-853b-417d-8964-b5cf11e44873,41.035567,21.337528,pm25,11
2026-02-23T08:16:54+01:00,87f82783-853b-417d-8964-b5cf11e44873,41.035567,21.337528,pressure,949
2026-02-23T08:16:54+01:00,87f82783-853b-417d-8964-b5cf11e44873,41.035567,21.337528,temperature,4
2026-02-23T08:32:25+01:00,87f82783-853b-417d-8964-b5cf11e44873,41.035567,21.337528,gasResistance,252802
2026-02-23T08:32:25+01:00,87f82783-853b-417d-8964-b5cf11e44873,41.035567,21.337528,humidity,69
2026-02-23T08:32:25+01:00,87f82783-853b-417d-8964-b5cf11e44873,41.035567,21.337528,noise,12
2026-02-23T08:32:25+01:00,87f82783-853b-417d-8964-b5cf11e44873,41.035567,21.337528,noise_dba,25
2026-02-23T08:32:25+01:00,87f82783-853b-417d-8964-b5cf11e44873,41.035567,21.337528,pm10,10
2026-02-23T08:32:25+01:00,87f82783-853b-417d-8964-b5cf11e44873,41.035567,21.337528,pm25,5
2026-02-23T08:32:25+01:00,87f82783-853b-417d-8964-b5cf11e44873,41.035567,21.337528,pressure,949
2026-02-23T08:32:25+01:00,87f82783-853b-417d-8964-b5cf11e44873,41.035567,21.337528,temperature,4
2026-02-23T08:47:57+01:00,87f82783-853b-417d-8964-b5cf11e44873,41.035567,21.337528,gasResistance,256912
2026-02-23T08:47:57+01:00,87f82783-853b-417d-8964-b5cf11e44873,41.035567,21.337528,humidity,69
2026-02-23T08:47:57+01:00,87f82783-853b-417d-8964-b5cf11e44873,41.035567,21.337528,noise,11
2026-02-23T08:47:57+01:00,87f82783-853b-417d-8964-b5cf11e44873,41.035567,21.337528,noise_dba,24
2026-02-23T08:47:57+01:00,87f82783-853b-417d-8964-b5cf11e44873,41.035567,21.337528,pm10,15
2026-02-23T08:47:57+01:00,87f82783-853b-417d-8964-b5cf11e44873,41.035567,21.337528,pm25,10
2026-02-23T08:47:57+01:00,87f82783-853b-417d-8964-b5cf11e44873,41.035567,21.337528,pressure,949
2026-02-23T08:47:57+01:00,87f82783-853b-417d-8964-b5cf11e44873,41.035567,21.337528,temperature,4
2026-02-23T09:03:28+01:00,87f82783-853b-417d-8964-b5cf11e44873,41.035567,21.337528,gasResistance,258312
2026-02-23T09:03:28+01:00,87f82783-853b-417d-8964-b5cf11e44873,41.035567,21.337528,humidity,68
2026-02-23T09:03:28+01:00,87f82783-853b-417d-8964-b5cf11e44873,41.035567,21.337528,noise,11
2026-02-23T09:03:28+01:00,87f82783-853b-417d-8964-b5cf11e44873,41.035567,21.337528,noise_dba,24
2026-02-23T09:03:28+01:00,87f82783-853b-417d-8964-b5cf11e44873,41.035567,21.337528,pm10,19
2026-02-23T09:03:28+01:00,87f82783-853b-417d-8964-b5cf11e44873,41.035567,21.337528,pm25,12
2026-02-23T09:03:28+01:00,87f82783-853b-417d-8964-b5cf11e44873,41.035567,21.337528,pressure,949
2026-02-23T09:03:28+01:00,87f82783-853b-417d-8964-b5cf11e44873,41.035567,21.337528,temperature,5
2026-02-23T09:19:00+01:00,87f82783-853b-417d-8964-b5cf11e44873,41.035567,21.337528,gasResistance,257311
2026-02-23T09:19:00+01:00,87f82783-853b-417d-8964-b5cf11e44873,41.035567,21.337528,humidity,67
2026-02-23T09:19:00+01:00,87f82783-853b-417d-8964-b5cf11e44873,41.035567,21.337528,noise,11
2026-02-23T09:19:00+01:00,87f82783-853b-417d-8964-b5cf11e44873,41.035567,21.337528,noise_dba,24
2026-02-23T09:19:00+01:00,87f82783-853b-417d-8964-b5cf11e44873,41.035567,21.337528,pm10,10
2026-02-23T09:19:00+01:00,87f82783-853b-417d-8964-b5cf11e44873,41.035567,21.337528,pm25,6
2026-02-23T09:19:00+01:00,87f82783-853b-417d-8964-b5cf11e44873,41.035567,21.337528,pressure,949
2026-02-23T09:19:00+01:00,87f82783-853b-417d-8964-b5cf11e44873,41.035567,21.337528,temperature,5
2026-02-23T09:34:32+01:00,87f82783-853b-417d-8964-b5cf11e44873,41.035567,21.337528,gasResistance,258312
2026-02-23T09:34:32+01:00,87f82783-853b-417d-8964-b5cf11e44873,41.035567,21.337528,humidity,66
2026-02-23T09:34:32+01:00,87f82783-853b-417d-8964-b5cf11e44873,41.035567,21.337528,noise,12
2026-02-23T09:34:32+01:00,87f82783-853b-417d-8964-b5cf11e44873,41.035567,21.337528,noise_dba,25
2026-02-23T09:34:32+01:00,87f82783-853b-417d-8964-b5cf11e44873,41.035567,21.337528,pm10,9
2026-02-23T09:34:32+01:00,87f82783-853b-417d-8964-b5cf11e44873,41.035567,21.337528,pm25,5
2026-02-23T09:34:32+01:00,87f82783-853b-417d-8964-b5cf11e44873,41.035567,21.337528,pressure,949
2026-02-23T09:34:32+01:00,87f82783-853b-417d-8964-b5cf11e44873,41.035567,21.337528,temperature,6
2026-02-23T09:50:03+01:00,87f82783-853b-417d-8964-b5cf11e44873,41.035567,21.337528,gasResistance,262398
2026-02-23T09:50:03+01:00,87f82783-853b-417d-8964-b5cf11e44873,41.035567,21.337528,humidity,64
2026-02-23T09:50:03+01:00,87f82783-853b-417d-8964-b5cf11e44873,41.035567,21.337528,noise,11
2026-02-23T09:50:03+01:00,87f82783-853b-417d-8964-b5cf11e44873,41.035567,21.337528,noise_dba,24
2026-02-23T09:50:03+01:00,87f82783-853b-417d-8964-b5cf11e44873,41.035567,21.337528,pm10,12
2026-02-23T09:50:03+01:00,87f82783-853b-417d-8964-b5cf11e44873,41.035567,21.337528,pm25,6
2026-02-23T09:50:03+01:00,87f82783-853b-417d-8964-b5cf11e44873,41.035567,21.337528,pressure,948
2026-02-23T09:50:03+01:00,87f82783-853b-417d-8964-b5cf11e44873,41.035567,21.337528,temperature,6
2026-02-23T10:05:34+01:00,87f82783-853b-417d-8964-b5cf11e44873,41.035567,21.337528,gasResistance,263440
2026-02-23T10:05:34+01:00,87f82783-853b-417d-8964-b5cf11e44873,41.035567,21.337528,humidity,62
2026-02-23T10:05:34+01:00,87f82783-853b-417d-8964-b5cf11e44873,41.035567,21.337528,noise,12
2026-02-23T10:05:34+01:00,87f82783-853b-417d-8964-b5cf11e44873,41.035567,21.337528,noise_dba,25
2026-02-23T10:05:34+01:00,87f82783-853b-417d-8964-b5cf11e44873,41.035567,21.337528,pm10,13
2026-02-23T10:05:34+01:00,87f82783-853b-417d-8964-b5cf11e44873,41.035567,21.337528,pm25,8
2026-02-23T10:05:34+01:00,87f82783-853b-417d-8964-b5cf11e44873,41.035567,21.337528,pressure,948
2026-02-23T10:05:34+01:00,87f82783-853b-417d-8964-b5cf11e44873,41.035567,21.337528,temperature,7
2026-02-23T10:21:08+01:00,87f82783-853b-417d-8964-b5cf11e44873,41.035567,21.337528,gasResistance,264912
2026-02-23T10:21:08+01:00,87f82783-853b-417d-8964-b5cf11e44873,41.035567,21.337528,humidity,62
2026-02-23T10:21:08+01:00,87f82783-853b-417d-8964-b5cf11e44873,41.035567,21.337528,noise,12
2026-02-23T10:21:08+01:00,87f82783-853b-417d-8964-b5cf11e44873,41.035567,21.337528,noise_dba,25
2026-02-23T10:21:08+01:00,87f82783-853b-417d-8964-b5cf11e44873,41.035567,21.337528,pm10,10
2026-02-23T10:21:08+01:00,87f82783-853b-417d-8964-b5cf11e44873,41.035567,21.337528,pm25,7
2026-02-23T10:21:08+01:00,87f82783-853b-417d-8964-b5cf11e44873,41.035567,21.337528,pressure,948
2026-02-23T10:21:08+01:00,87f82783-853b-417d-8964-b5cf11e44873,41.035567,21.337528,temperature,7
2026-02-23T10:36:40+01:00,87f82783-853b-417d-8964-b5cf11e44873,41.035567,21.337528,gasResistance,261365
2026-02-23T10:36:40+01:00,87f82783-853b-417d-8964-b5cf11e44873,41.035567,21.337528,humidity,59
2026-02-23T10:36:40+01:00,87f82783-853b-417d-8964-b5cf11e44873,41.035567,21.337528,noise,11
2026-02-23T10:36:40+01:00,87f82783-853b-417d-8964-b5cf11e44873,41.035567,21.337528,noise_dba,24
2026-02-23T10:36:40+01:00,87f82783-853b-417d-8964-b5cf11e44873,41.035567,21.337528,pm10,10
2026-02-23T10:36:40+01:00,87f82783-853b-417d-8964-b5cf11e44873,41.035567,21.337528,pm25,7
2026-02-23T10:36:40+01:00,87f82783-853b-417d-8964-b5cf11e44873,41.035567,21.337528,pressure,948
2026-02-23T10:36:40+01:00,87f82783-853b-417d-8964-b5cf11e44873,41.035567,21.337528,temperature,8
2026-02-23T10:52:11+01:00,87f82783-853b-417d-8964-b5cf11e44873,41.035567,21.337528,gasResistance,257711
2026-02-23T10:52:11+01:00,87f82783-853b-417d-8964-b5cf11e44873,41.035567,21.337528,humidity,60
2026-02-23T10:52:11+01:00,87f82783-853b-417d-8964-b5cf11e44873,41.035567,21.337528,noise,12
2026-02-23T10:52:11+01:00,87f82783-853b-417d-8964-b5cf11e44873,41.035567,21.337528,noise_dba,25
2026-02-23T10:52:11+01:00,87f82783-853b-417d-8964-b5cf11e44873,41.035567,21.337528,pm10,15
2026-02-23T10:52:11+01:00,87f82783-853b-417d-8964-b5cf11e44873,41.035567,21.337528,pm25,8
2026-02-23T10:52:11+01:00,87f82783-853b-417d-8964-b5cf11e44873,41.035567,21.337528,pressure,948
2026-02-23T10:52:11+01:00,87f82783-853b-417d-8964-b5cf11e44873,41.035567,21.337528,temperature,8
2026-02-23T11:07:43+01:00,87f82783-853b-417d-8964-b5cf11e44873,41.035567,21.337528,gasResistance,258112
2026-02-23T11:07:43+01:00,87f82783-853b-417d-8964-b5cf11e44873,41.035567,21.337528,humidity,57
2026-02-23T11:07:43+01:00,87f82783-853b-417d-8964-b5cf11e44873,41.035567,21.337528,noise,12
2026-02-23T11:07:43+01:00,87f82783-853b-417d-8964-b5cf11e44873,41.035567,21.337528,noise_dba,25
2026-02-23T11:07:43+01:00,87f82783-853b-417d-8964-b5cf11e44873,41.035567,21.337528,pm10,16
2026-02-23T11:07:43+01:00,87f82783-853b-417d-8964-b5cf11e44873,41.035567,21.337528,pm25,9
2026-02-23T11:07:43+01:00,87f82783-853b-417d-8964-b5cf11e44873,41.035567,21.337528,pressure,948
2026-02-23T11:07:43+01:00,87f82783-853b-417d-8964-b5cf11e44873,41.035567,21.337528,temperature,9
2026-02-23T11:23:17+01:00,87f82783-853b-417d-8964-b5cf11e44873,41.035567,21.337528,gasResistance,256515
2026-02-23T11:23:17+01:00,87f82783-853b-417d-8964-b5cf11e44873,41.035567,21.337528,humidity,55
2026-02-23T11:23:17+01:00,87f82783-853b-417d-8964-b5cf11e44873,41.035567,21.337528,noise,11
2026-02-23T11:23:17+01:00,87f82783-853b-417d-8964-b5cf11e44873,41.035567,21.337528,noise_dba,24
2026-02-23T11:23:17+01:00,87f82783-853b-417d-8964-b5cf11e44873,41.035567,21.337528,pm10,12
2026-02-23T11:23:17+01:00,87f82783-853b-417d-8964-b5cf11e44873,41.035567,21.337528,pm25,7
2026-02-23T11:23:17+01:00,87f82783-853b-417d-8964-b5cf11e44873,41.035567,21.337528,pressure,948
2026-02-23T11:23:17+01:00,87f82783-853b-417d-8964-b5cf11e44873,41.035567,21.337528,temperature,10
2026-02-23T11:38:48+01:00,87f82783-853b-417d-8964-b5cf11e44873,41.035567,21.337528,gasResistance,252034
2026-02-23T11:38:48+01:00,87f82783-853b-417d-8964-b5cf11e44873,41.035567,21.337528,humidity,56
2026-02-23T11:38:48+01:00,87f82783-853b-417d-8964-b5cf11e44873,41.035567,21.337528,noise,11
2026-02-23T11:38:48+01:00,87f82783-853b-417d-8964-b5cf11e44873,41.035567,21.337528,noise_dba,24
2026-02-23T11:38:48+01:00,87f82783-853b-417d-8964-b5cf11e44873,41.035567,21.337528,pm10,10
2026-02-23T11:38:48+01:00,87f82783-853b-417d-8964-b5cf11e44873,41.035567,21.337528,pm25,4
2026-02-23T11:38:48+01:00,87f82783-853b-417d-8964-b5cf11e44873,41.035567,21.337528,pressure,947
2026-02-23T11:38:48+01:00,87f82783-853b-417d-8964-b5cf11e44873,41.035567,21.337528,temperature,10
2026-02-23T11:54:20+01:00,87f82783-853b-417d-8964-b5cf11e44873,41.035567,21.337528,gasResistance,249194
2026-02-23T11:54:20+01:00,87f82783-853b-417d-8964-b5cf11e44873,41.035567,21.337528,humidity,55
2026-02-23T11:54:20+01:00,87f82783-853b-417d-8964-b5cf11e44873,41.035567,21.337528,noise,11
2026-02-23T11:54:20+01:00,87f82783-853b-417d-8964-b5cf11e44873,41.035567,21.337528,noise_dba,24
2026-02-23T11:54:20+01:00,87f82783-853b-417d-8964-b5cf11e44873,41.035567,21.337528,pm10,17
2026-02-23T11:54:20+01:00,87f82783-853b-417d-8964-b5cf11e44873,41.035567,21.337528,pm25,7
2026-02-23T11:54:20+01:00,87f82783-853b-417d-8964-b5cf11e44873,41.035567,21.337528,pressure,947
2026-02-23T11:54:20+01:00,87f82783-853b-417d-8964-b5cf11e44873,41.035567,21.337528,temperature,10
2026-02-23T12:09:51+01:00,87f82783-853b-417d-8964-b5cf11e44873,41.035567,21.337528,gasResistance,246785
2026-02-23T12:09:51+01:00,87f82783-853b-417d-8964-b5cf11e44873,41.035567,21.337528,humidity,55
2026-02-23T12:09:51+01:00,87f82783-853b-417d-8964-b5cf11e44873,41.035567,21.337528,noise,12
2026-02-23T12:09:51+01:00,87f82783-853b-417d-8964-b5cf11e44873,41.035567,21.337528,noise_dba,25
2026-02-23T12:09:51+01:00,87f82783-853b-417d-8964-b5cf11e44873,41.035567,21.337528,pm10,15
2026-02-23T12:09:51+01:00,87f82783-853b-417d-8964-b5cf11e44873,41.035567,21.337528,pm25,8
2026-02-23T12:09:51+01:00,87f82783-853b-417d-8964-b5cf11e44873,41.035567,21.337528,pressure,947
2026-02-23T12:09:51+01:00,87f82783-853b-417d-8964-b5cf11e44873,41.035567,21.337528,temperature,11
2026-02-23T12:25:23+01:00,87f82783-853b-417d-8964-b5cf11e44873,41.035567,21.337528,gasResistance,241574
2026-02-23T12:25:23+01:00,87f82783-853b-417d-8964-b5cf11e44873,41.035567,21.337528,humidity,49
2026-02-23T12:25:23+01:00,87f82783-853b-417d-8964-b5cf11e44873,41.035567,21.337528,noise,11
2026-02-23T12:25:23+01:00,87f82783-853b-417d-8964-b5cf11e44873,41.035567,21.337528,noise_dba,24
2026-02-23T12:25:23+01:00,87f82783-853b-417d-8964-b5cf11e44873,41.035567,21.337528,pm10,12
2026-02-23T12:25:23+01:00,87f82783-853b-417d-8964-b5cf11e44873,41.035567,21.337528,pm25,6
2026-02-23T12:25:23+01:00,87f82783-853b-417d-8964-b5cf11e44873,41.035567,21.337528,pressure,947
2026-02-23T12:25:23+01:00,87f82783-853b-417d-8964-b5cf11e44873,41.035567,21.337528,temperature,11
2026-02-23T12:40:55+01:00,87f82783-853b-417d-8964-b5cf11e44873,41.035567,21.337528,gasResistance,242457
2026-02-23T12:40:55+01:00,87f82783-853b-417d-8964-b5cf11e44873,41.035567,21.337528,humidity,46
2026-02-23T12:40:55+01:00,87f82783-853b-417d-8964-b5cf11e44873,41.035567,21.337528,noise,12
2026-02-23T12:40:55+01:00,87f82783-853b-417d-8964-b5cf11e44873,41.035567,21.337528,noise_dba,25
2026-02-23T12:40:55+01:00,87f82783-853b-417d-8964-b5cf11e44873,41.035567,21.337528,pm10,34
2026-02-23T12:40:55+01:00,87f82783-853b-417d-8964-b5cf11e44873,41.035567,21.337528,pm25,17
2026-02-23T12:40:55+01:00,87f82783-853b-417d-8964-b5cf11e44873,41.035567,21.337528,pressure,947
2026-02-23T12:40:55+01:00,87f82783-853b-417d-8964-b5cf11e44873,41.035567,21.337528,temperature,12
2026-02-23T12:56:27+01:00,87f82783-853b-417d-8964-b5cf11e44873,41.035567,21.337528,gasResistance,240002
2026-02-23T12:56:27+01:00,87f82783-853b-417d-8964-b5cf11e44873,41.035567,21.337528,humidity,47
2026-02-23T12:56:27+01:00,87f82783-853b-417d-8964-b5cf11e44873,41.035567,21.337528,noise,11
2026-02-23T12:56:27+01:00,87f82783-853b-417d-8964-b5cf11e44873,41.035567,21.337528,noise_dba,24
2026-02-23T12:56:27+01:00,87f82783-853b-417d-8964-b5cf11e44873,41.035567,21.337528,pm10,9
2026-02-23T12:56:27+01:00,87f82783-853b-417d-8964-b5cf11e44873,41.035567,21.337528,pm25,4
2026-02-23T12:56:27+01:00,87f82783-853b-417d-8964-b5cf11e44873,41.035567,21.337528,pressure,946
2026-02-23T12:56:27+01:00,87f82783-853b-417d-8964-b5cf11e44873,41.035567,21.337528,temperature,12
2026-02-23T13:11:58+01:00,87f82783-853b-417d-8964-b5cf11e44873,41.035567,21.337528,gasResistance,228908
2026-02-23T13:11:58+01:00,87f82783-853b-417d-8964-b5cf11e44873,41.035567,21.337528,humidity,50
2026-02-23T13:11:58+01:00,87f82783-853b-417d-8964-b5cf11e44873,41.035567,21.337528,noise,12
2026-02-23T13:11:58+01:00,87f82783-853b-417d-8964-b5cf11e44873,41.035567,21.337528,noise_dba,25
2026-02-23T13:11:58+01:00,87f82783-853b-417d-8964-b5cf11e44873,41.035567,21.337528,pm10,15
2026-02-23T13:11:58+01:00,87f82783-853b-417d-8964-b5cf11e44873,41.035567,21.337528,pm25,3
2026-02-23T13:11:58+01:00,87f82783-853b-417d-8964-b5cf11e44873,41.035567,21.337528,pressure,946
2026-02-23T13:11:58+01:00,87f82783-853b-417d-8964-b5cf11e44873,41.035567,21.337528,temperature,13
2026-02-23T13:27:29+01:00,87f82783-853b-417d-8964-b5cf11e44873,41.035567,21.337528,gasResistance,222761
2026-02-23T13:27:29+01:00,87f82783-853b-417d-8964-b5cf11e44873,41.035567,21.337528,humidity,45
2026-02-23T13:27:29+01:00,87f82783-853b-417d-8964-b5cf11e44873,41.035567,21.337528,noise,13
2026-02-23T13:27:29+01:00,87f82783-853b-417d-8964-b5cf11e44873,41.035567,21.337528,noise_dba,27
2026-02-23T13:27:29+01:00,87f82783-853b-417d-8964-b5cf11e44873,41.035567,21.337528,pm10,6
2026-02-23T13:27:29+01:00,87f82783-853b-417d-8964-b5cf11e44873,41.035567,21.337528,pm25,2
2026-02-23T13:27:29+01:00,87f82783-853b-417d-8964-b5cf11e44873,41.035567,21.337528,pressure,946
2026-02-23T13:27:29+01:00,87f82783-853b-417d-8964-b5cf11e44873,41.035567,21.337528,temperature,13
2026-02-23T13:43:01+01:00,87f82783-853b-417d-8964-b5cf11e44873,41.035567,21.337528,gasResistance,224418
2026-02-23T13:43:01+01:00,87f82783-853b-417d-8964-b5cf11e44873,41.035567,21.337528,humidity,41
2026-02-23T13:43:01+01:00,87f82783-853b-417d-8964-b5cf11e44873,41.035567,21.337528,noise,12
2026-02-23T13:43:01+01:00,87f82783-853b-417d-8964-b5cf11e44873,41.035567,21.337528,noise_dba,25
2026-02-23T13:43:01+01:00,87f82783-853b-417d-8964-b5cf11e44873,41.035567,21.337528,pm10,13
2026-02-23T13:43:01+01:00,87f82783-853b-417d-8964-b5cf11e44873,41.035567,21.337528,pm25,4
2026-02-23T13:43:01+01:00,87f82783-853b-417d-8964-b5cf11e44873,41.035567,21.337528,pressure,946
2026-02-23T13:43:01+01:00,87f82783-853b-417d-8964-b5cf11e44873,41.035567,21.337528,temperature,14
2026-02-23T13:58:33+01:00,87f82783-853b-417d-8964-b5cf11e44873,41.035567,21.337528,gasResistance,220687
2026-02-23T13:58:33+01:00,87f82783-853b-417d-8964-b5cf11e44873,41.035567,21.337528,humidity,42
2026-02-23T13:58:33+01:00,87f82783-853b-417d-8964-b5cf11e44873,41.035567,21.337528,noise,11
2026-02-23T13:58:33+01:00,87f82783-853b-417d-8964-b5cf11e44873,41.035567,21.337528,noise_dba,24
2026-02-23T13:58:33+01:00,87f82783-853b-417d-8964-b5cf11e44873,41.035567,21.337528,pm10,10
2026-02-23T13:58:33+01:00,87f82783-853b-417d-8964-b5cf11e44873,41.035567,21.337528,pm25,4
2026-02-23T13:58:33+01:00,87f82783-853b-417d-8964-b5cf11e44873,41.035567,21.337528,pressure,945
2026-02-23T13:58:33+01:00,87f82783-853b-417d-8964-b5cf11e44873,41.035567,21.337528,temperature,14
2026-02-23T14:14:04+01:00,87f82783-853b-417d-8964-b5cf11e44873,41.035567,21.337528,gasResistance,213309
2026-02-23T14:14:04+01:00,87f82783-853b-417d-8964-b5cf11e44873,41.035567,21.337528,humidity,45
2026-02-23T14:14:04+01:00,87f82783-853b-417d-8964-b5cf11e44873,41.035567,21.337528,noise,11
2026-02-23T14:14:04+01:00,87f82783-853b-417d-8964-b5cf11e44873,41.035567,21.337528,noise_dba,24
2026-02-23T14:14:04+01:00,87f82783-853b-417d-8964-b5cf11e44873,41.035567,21.337528,pm10,13
2026-02-23T14:14:04+01:00,87f82783-853b-417d-8964-b5cf11e44873,41.035567,21.337528,pm25,4
2026-02-23T14:14:04+01:00,87f82783-853b-417d-8964-b5cf11e44873,41.035567,21.337528,pressure,945
2026-02-23T14:14:04+01:00,87f82783-853b-417d-8964-b5cf11e44873,41.035567,21.337528,temperature,14
2026-02-23T14:29:36+01:00,87f82783-853b-417d-8964-b5cf11e44873,41.035567,21.337528,gasResistance,212218
2026-02-23T14:29:36+01:00,87f82783-853b-417d-8964-b5cf11e44873,41.035567,21.337528,humidity,44
2026-02-23T14:29:36+01:00,87f82783-853b-417d-8964-b5cf11e44873,41.035567,21.337528,noise,11
2026-02-23T14:29:36+01:00,87f82783-853b-417d-8964-b5cf11e44873,41.035567,21.337528,noise_dba,24
2026-02-23T14:29:36+01:00,87f82783-853b-417d-8964-b5cf11e44873,41.035567,21.337528,pm10,9
2026-02-23T14:29:36+01:00,87f82783-853b-417d-8964-b5cf11e44873,41.035567,21.337528,pm25,4
2026-02-23T14:29:36+01:00,87f82783-853b-417d-8964-b5cf11e44873,41.035567,21.337528,pressure,945
2026-02-23T14:29:36+01:00,87f82783-853b-417d-8964-b5cf11e44873,41.035567,21.337528,temperature,14
2026-02-23T14:45:07+01:00,87f82783-853b-417d-8964-b5cf11e44873,41.035567,21.337528,gasResistance,209935
2026-02-23T14:45:07+01:00,87f82783-853b-417d-8964-b5cf11e44873,41.035567,21.337528,humidity,41
2026-02-23T14:45:07+01:00,87f82783-853b-417d-8964-b5cf11e44873,41.035567,21.337528,noise,12
2026-02-23T14:45:07+01:00,87f82783-853b-417d-8964-b5cf11e44873,41.035567,21.337528,noise_dba,25
2026-02-23T14:45:07+01:00,87f82783-853b-417d-8964-b5cf11e44873,41.035567,21.337528,pm10,9
2026-02-23T14:45:07+01:00,87f82783-853b-417d-8964-b5cf11e44873,41.035567,21.337528,pm25,5
2026-02-23T14:45:07+01:00,87f82783-853b-417d-8964-b5cf11e44873,41.035567,21.337528,pressure,945
2026-02-23T14:45:07+01:00,87f82783-853b-417d-8964-b5cf11e44873,41.035567,21.337528,temperature,15
2026-02-23T15:00:41+01:00,87f82783-853b-417d-8964-b5cf11e44873,41.035567,21.337528,gasResistance,209405
2026-02-23T15:00:41+01:00,87f82783-853b-417d-8964-b5cf11e44873,41.035567,21.337528,humidity,40
2026-02-23T15:00:41+01:00,87f82783-853b-417d-8964-b5cf11e44873,41.035567,21.337528,noise,12
2026-02-23T15:00:41+01:00,87f82783-853b-417d-8964-b5cf11e44873,41.035567,21.337528,noise_dba,25
2026-02-23T15:00:41+01:00,87f82783-853b-417d-8964-b5cf11e44873,41.035567,21.337528,pm10,6
2026-02-23T15:00:41+01:00,87f82783-853b-417d-8964-b5cf11e44873,41.035567,21.337528,pm25,3
2026-02-23T15:00:41+01:00,87f82783-853b-417d-8964-b5cf11e44873,41.035567,21.337528,pressure,945
2026-02-23T15:00:41+01:00,87f82783-853b-417d-8964-b5cf11e44873,41.035567,21.337528,temperature,15
2026-02-23T15:16:12+01:00,87f82783-853b-417d-8964-b5cf11e44873,41.035567,21.337528,gasResistance,207961
2026-02-23T15:16:12+01:00,87f82783-853b-417d-8964-b5cf11e44873,41.035567,21.337528,humidity,40
2026-02-23T15:16:12+01:00,87f82783-853b-417d-8964-b5cf11e44873,41.035567,21.337528,noise,13
2026-02-23T15:16:12+01:00,87f82783-853b-417d-8964-b5cf11e44873,41.035567,21.337528,noise_dba,27
2026-02-23T15:16:12+01:00,87f82783-853b-417d-8964-b5cf11e44873,41.035567,21.337528,pm10,13
2026-02-23T15:16:12+01:00,87f82783-853b-417d-8964-b5cf11e44873,41.035567,21.337528,pm25,9
2026-02-23T15:16:12+01:00,87f82783-853b-417d-8964-b5cf11e44873,41.035567,21.337528,pressure,945
2026-02-23T15:16:12+01:00,87f82783-853b-417d-8964-b5cf11e44873,41.035567,21.337528,temperature,16
2026-02-23T15:31:45+01:00,87f82783-853b-417d-8964-b5cf11e44873,41.035567,21.337528,gasResistance,206795
2026-02-23T15:31:45+01:00,87f82783-853b-417d-8964-b5cf11e44873,41.035567,21.337528,humidity,39
2026-02-23T15:31:45+01:00,87f82783-853b-417d-8964-b5cf11e44873,41.035567,21.337528,noise,11
2026-02-23T15:31:45+01:00,87f82783-853b-417d-8964-b5cf11e44873,41.035567,21.337528,noise_dba,24
2026-02-23T15:31:45+01:00,87f82783-853b-417d-8964-b5cf11e44873,41.035567,21.337528,pm10,9
2026-02-23T15:31:45+01:00,87f82783-853b-417d-8964-b5cf11e44873,41.035567,21.337528,pm25,5
2026-02-23T15:31:45+01:00,87f82783-853b-417d-8964-b5cf11e44873,41.035567,21.337528,pressure,945
2026-02-23T15:31:45+01:00,87f82783-853b-417d-8964-b5cf11e44873,41.035567,21.337528,temperature,16
2026-02-23T15:47:17+01:00,87f82783-853b-417d-8964-b5cf11e44873,41.035567,21.337528,gasResistance,205133
2026-02-23T15:47:17+01:00,87f82783-853b-417d-8964-b5cf11e44873,41.035567,21.337528,humidity,40
2026-02-23T15:47:17+01:00,87f82783-853b-417d-8964-b5cf11e44873,41.035567,21.337528,noise,12
2026-02-23T15:47:17+01:00,87f82783-853b-417d-8964-b5cf11e44873,41.035567,21.337528,noise_dba,25
2026-02-23T15:47:17+01:00,87f82783-853b-417d-8964-b5cf11e44873,41.035567,21.337528,pm10,13
2026-02-23T15:47:17+01:00,87f82783-853b-417d-8964-b5cf11e44873,41.035567,21.337528,pm25,7
2026-02-23T15:47:17+01:00,87f82783-853b-417d-8964-b5cf11e44873,41.035567,21.337528,pressure,945
2026-02-23T15:47:17+01:00,87f82783-853b-417d-8964-b5cf11e44873,41.035567,21.337528,temperature,16
2026-02-23T16:02:53+01:00,87f82783-853b-417d-8964-b5cf11e44873,41.035567,21.337528,gasResistance,201642
2026-02-23T16:02:53+01:00,87f82783-853b-417d-8964-b5cf11e44873,41.035567,21.337528,humidity,42
2026-02-23T16:02:53+01:00,87f82783-853b-417d-8964-b5cf11e44873,41.035567,21.337528,noise,12
2026-02-23T16:02:53+01:00,87f82783-853b-417d-8964-b5cf11e44873,41.035567,21.337528,noise_dba,25
2026-02-23T16:02:53+01:00,87f82783-853b-417d-8964-b5cf11e44873,41.035567,21.337528,pm10,10
2026-02-23T16:02:53+01:00,87f82783-853b-417d-8964-b5cf11e44873,41.035567,21.337528,pm25,5
2026-02-23T16:02:53+01:00,87f82783-853b-417d-8964-b5cf11e44873,41.035567,21.337528,pressure,944
2026-02-23T16:02:53+01:00,87f82783-853b-417d-8964-b5cf11e44873,41.035567,21.337528,temperature,16
2026-02-23T16:18:25+01:00,87f82783-853b-417d-8964-b5cf11e44873,41.035567,21.337528,gasResistance,195006
2026-02-23T16:18:25+01:00,87f82783-853b-417d-8964-b5cf11e44873,41.035567,21.337528,humidity,45
2026-02-23T16:18:25+01:00,87f82783-853b-417d-8964-b5cf11e44873,41.035567,21.337528,noise,12
2026-02-23T16:18:25+01:00,87f82783-853b-417d-8964-b5cf11e44873,41.035567,21.337528,noise_dba,25
2026-02-23T16:18:25+01:00,87f82783-853b-417d-8964-b5cf11e44873,41.035567,21.337528,pm10,26
2026-02-23T16:18:25+01:00,87f82783-853b-417d-8964-b5cf11e44873,41.035567,21.337528,pm25,13
2026-02-23T16:18:25+01:00,87f82783-853b-417d-8964-b5cf11e44873,41.035567,21.337528,pressure,944
2026-02-23T16:18:25+01:00,87f82783-853b-417d-8964-b5cf11e44873,41.035567,21.337528,temperature,16
2026-02-23T16:33:56+01:00,87f82783-853b-417d-8964-b5cf11e44873,41.035567,21.337528,gasResistance,189439
2026-02-23T16:33:56+01:00,87f82783-853b-417d-8964-b5cf11e44873,41.035567,21.337528,humidity,46
2026-02-23T16:33:56+01:00,87f82783-853b-417d-8964-b5cf11e44873,41.035567,21.337528,noise,11
2026-02-23T16:33:56+01:00,87f82783-853b-417d-8964-b5cf11e44873,41.035567,21.337528,noise_dba,24
2026-02-23T16:33:56+01:00,87f82783-853b-417d-8964-b5cf11e44873,41.035567,21.337528,pm10,153
2026-02-23T16:33:56+01:00,87f82783-853b-417d-8964-b5cf11e44873,41.035567,21.337528,pm25,79
2026-02-23T16:33:56+01:00,87f82783-853b-417d-8964-b5cf11e44873,41.035567,21.337528,pressure,944
2026-02-23T16:33:56+01:00,87f82783-853b-417d-8964-b5cf11e44873,41.035567,21.337528,temperature,16
2026-02-23T16:49:27+01:00,87f82783-853b-417d-8964-b5cf11e44873,41.035567,21.337528,gasResistance,183824
2026-02-23T16:49:27+01:00,87f82783-853b-417d-8964-b5cf11e44873,41.035567,21.337528,humidity,48
2026-02-23T16:49:27+01:00,87f82783-853b-417d-8964-b5cf11e44873,41.035567,21.337528,noise,11
2026-02-23T16:49:27+01:00,87f82783-853b-417d-8964-b5cf11e44873,41.035567,21.337528,noise_dba,24
2026-02-23T16:49:27+01:00,87f82783-853b-417d-8964-b5cf11e44873,41.035567,21.337528,pm10,148
2026-02-23T16:49:27+01:00,87f82783-853b-417d-8964-b5cf11e44873,41.035567,21.337528,pm25,77
2026-02-23T16:49:27+01:00,87f82783-853b-417d-8964-b5cf11e44873,41.035567,21.337528,pressure,944
2026-02-23T16:49:27+01:00,87f82783-853b-417d-8964-b5cf11e44873,41.035567,21.337528,temperature,15
2026-02-23T17:04:59+01:00,87f82783-853b-417d-8964-b5cf11e44873,41.035567,21.337528,gasResistance,173611
2026-02-23T17:04:59+01:00,87f82783-853b-417d-8964-b5cf11e44873,41.035567,21.337528,humidity,50
2026-02-23T17:04:59+01:00,87f82783-853b-417d-8964-b5cf11e44873,41.035567,21.337528,noise,12
2026-02-23T17:04:59+01:00,87f82783-853b-417d-8964-b5cf11e44873,41.035567,21.337528,noise_dba,25
2026-02-23T17:04:59+01:00,87f82783-853b-417d-8964-b5cf11e44873,41.035567,21.337528,pm10,173
2026-02-23T17:04:59+01:00,87f82783-853b-417d-8964-b5cf11e44873,41.035567,21.337528,pm25,85
2026-02-23T17:04:59+01:00,87f82783-853b-417d-8964-b5cf11e44873,41.035567,21.337528,pressure,944
2026-02-23T17:04:59+01:00,87f82783-853b-417d-8964-b5cf11e44873,41.035567,21.337528,temperature,15
2026-02-23T17:20:30+01:00,87f82783-853b-417d-8964-b5cf11e44873,41.035567,21.337528,gasResistance,165441
2026-02-23T17:20:30+01:00,87f82783-853b-417d-8964-b5cf11e44873,41.035567,21.337528,humidity,52
2026-02-23T17:20:30+01:00,87f82783-853b-417d-8964-b5cf11e44873,41.035567,21.337528,noise,12
2026-02-23T17:20:30+01:00,87f82783-853b-417d-8964-b5cf11e44873,41.035567,21.337528,noise_dba,25
2026-02-23T17:20:30+01:00,87f82783-853b-417d-8964-b5cf11e44873,41.035567,21.337528,pm10,178
2026-02-23T17:20:30+01:00,87f82783-853b-417d-8964-b5cf11e44873,41.035567,21.337528,pm25,94
2026-02-23T17:20:30+01:00,87f82783-853b-417d-8964-b5cf11e44873,41.035567,21.337528,pressure,944
2026-02-23T17:20:30+01:00,87f82783-853b-417d-8964-b5cf11e44873,41.035567,21.337528,temperature,14
2026-02-23T17:36:02+01:00,87f82783-853b-417d-8964-b5cf11e44873,41.035567,21.337528,gasResistance,157269
2026-02-23T17:36:02+01:00,87f82783-853b-417d-8964-b5cf11e44873,41.035567,21.337528,humidity,54
2026-02-23T17:36:02+01:00,87f82783-853b-417d-8964-b5cf11e44873,41.035567,21.337528,noise,12
2026-02-23T17:36:02+01:00,87f82783-853b-417d-8964-b5cf11e44873,41.035567,21.337528,noise_dba,25
2026-02-23T17:36:02+01:00,87f82783-853b-417d-8964-b5cf11e44873,41.035567,21.337528,pm10,151
2026-02-23T17:36:02+01:00,87f82783-853b-417d-8964-b5cf11e44873,41.035567,21.337528,pm25,87
2026-02-23T17:36:02+01:00,87f82783-853b-417d-8964-b5cf11e44873,41.035567,21.337528,pressure,945
2026-02-23T17:36:02+01:00,87f82783-853b-417d-8964-b5cf11e44873,41.035567,21.337528,temperature,14
2026-02-23T17:51:34+01:00,87f82783-853b-417d-8964-b5cf11e44873,41.035567,21.337528,gasResistance,152853
2026-02-23T17:51:34+01:00,87f82783-853b-417d-8964-b5cf11e44873,41.035567,21.337528,humidity,55
2026-02-23T17:51:34+01:00,87f82783-853b-417d-8964-b5cf11e44873,41.035567,21.337528,noise,12
2026-02-23T17:51:34+01:00,87f82783-853b-417d-8964-b5cf11e44873,41.035567,21.337528,noise_dba,25
2026-02-23T17:51:34+01:00,87f82783-853b-417d-8964-b5cf11e44873,41.035567,21.337528,pm10,266
2026-02-23T17:51:34+01:00,87f82783-853b-417d-8964-b5cf11e44873,41.035567,21.337528,pm25,169
2026-02-23T17:51:34+01:00,87f82783-853b-417d-8964-b5cf11e44873,41.035567,21.337528,pressure,945
2026-02-23T17:51:34+01:00,87f82783-853b-417d-8964-b5cf11e44873,41.035567,21.337528,temperature,13
2026-02-23T18:07:05+01:00,87f82783-853b-417d-8964-b5cf11e44873,41.035567,21.337528,gasResistance,145851
2026-02-23T18:07:05+01:00,87f82783-853b-417d-8964-b5cf11e44873,41.035567,21.337528,humidity,57
2026-02-23T18:07:05+01:00,87f82783-853b-417d-8964-b5cf11e44873,41.035567,21.337528,noise,12
2026-02-23T18:07:05+01:00,87f82783-853b-417d-8964-b5cf11e44873,41.035567,21.337528,noise_dba,25
2026-02-23T18:07:05+01:00,87f82783-853b-417d-8964-b5cf11e44873,41.035567,21.337528,pm10,369
2026-02-23T18:07:05+01:00,87f82783-853b-417d-8964-b5cf11e44873,41.035567,21.337528,pm25,230
2026-02-23T18:07:05+01:00,87f82783-853b-417d-8964-b5cf11e44873,41.035567,21.337528,pressure,945
2026-02-23T18:07:05+01:00,87f82783-853b-417d-8964-b5cf11e44873,41.035567,21.337528,temperature,13
2026-02-23T18:22:37+01:00,87f82783-853b-417d-8964-b5cf11e44873,41.035567,21.337528,gasResistance,140860
2026-02-23T18:22:37+01:00,87f82783-853b-417d-8964-b5cf11e44873,41.035567,21.337528,humidity,58
2026-02-23T18:22:37+01:00,87f82783-853b-417d-8964-b5cf11e44873,41.035567,21.337528,noise,11
2026-02-23T18:22:37+01:00,87f82783-853b-417d-8964-b5cf11e44873,41.035567,21.337528,noise_dba,24
2026-02-23T18:22:37+01:00,87f82783-853b-417d-8964-b5cf11e44873,41.035567,21.337528,pm10,261
2026-02-23T18:22:37+01:00,87f82783-853b-417d-8964-b5cf11e44873,41.035567,21.337528,pm25,151
2026-02-23T18:22:37+01:00,87f82783-853b-417d-8964-b5cf11e44873,41.035567,21.337528,pressure,945
2026-02-23T18:22:37+01:00,87f82783-853b-417d-8964-b5cf11e44873,41.035567,21.337528,temperature,12
2026-02-23T18:38:09+01:00,87f82783-853b-417d-8964-b5cf11e44873,41.035567,21.337528,gasResistance,138661
2026-02-23T18:38:09+01:00,87f82783-853b-417d-8964-b5cf11e44873,41.035567,21.337528,humidity,58
2026-02-23T18:38:09+01:00,87f82783-853b-417d-8964-b5cf11e44873,41.035567,21.337528,noise,13
2026-02-23T18:38:09+01:00,87f82783-853b-417d-8964-b5cf11e44873,41.035567,21.337528,noise_dba,27
2026-02-23T18:38:09+01:00,87f82783-853b-417d-8964-b5cf11e44873,41.035567,21.337528,pm10,123
2026-02-23T18:38:09+01:00,87f82783-853b-417d-8964-b5cf11e44873,41.035567,21.337528,pm25,76
2026-02-23T18:38:09+01:00,87f82783-853b-417d-8964-b5cf11e44873,41.035567,21.337528,pressure,945
2026-02-23T18:38:09+01:00,87f82783-853b-417d-8964-b5cf11e44873,41.035567,21.337528,temperature,12
2026-02-23T18:53:41+01:00,87f82783-853b-417d-8964-b5cf11e44873,41.035567,21.337528,gasResistance,139578
2026-02-23T18:53:41+01:00,87f82783-853b-417d-8964-b5cf11e44873,41.035567,21.337528,humidity,59
2026-02-23T18:53:41+01:00,87f82783-853b-417d-8964-b5cf11e44873,41.035567,21.337528,noise,12
2026-02-23T18:53:41+01:00,87f82783-853b-417d-8964-b5cf11e44873,41.035567,21.337528,noise_dba,25
2026-02-23T18:53:41+01:00,87f82783-853b-417d-8964-b5cf11e44873,41.035567,21.337528,pm10,180
2026-02-23T18:53:41+01:00,87f82783-853b-417d-8964-b5cf11e44873,41.035567,21.337528,pm25,110
2026-02-23T18:53:41+01:00,87f82783-853b-417d-8964-b5cf11e44873,41.035567,21.337528,pressure,945
2026-02-23T18:53:41+01:00,87f82783-853b-417d-8964-b5cf11e44873,41.035567,21.337528,temperature,11
2026-02-23T19:09:13+01:00,87f82783-853b-417d-8964-b5cf11e44873,41.035567,21.337528,gasResistance,139348
2026-02-23T19:09:13+01:00,87f82783-853b-417d-8964-b5cf11e44873,41.035567,21.337528,humidity,58
2026-02-23T19:09:13+01:00,87f82783-853b-417d-8964-b5cf11e44873,41.035567,21.337528,noise,11
2026-02-23T19:09:13+01:00,87f82783-853b-417d-8964-b5cf11e44873,41.035567,21.337528,noise_dba,24
2026-02-23T19:09:13+01:00,87f82783-853b-417d-8964-b5cf11e44873,41.035567,21.337528,pm10,173
2026-02-23T19:09:13+01:00,87f82783-853b-417d-8964-b5cf11e44873,41.035567,21.337528,pm25,105
2026-02-23T19:09:13+01:00,87f82783-853b-417d-8964-b5cf11e44873,41.035567,21.337528,pressure,945
2026-02-23T19:09:13+01:00,87f82783-853b-417d-8964-b5cf11e44873,41.035567,21.337528,temperature,11
2026-02-23T19:24:44+01:00,87f82783-853b-417d-8964-b5cf11e44873,41.035567,21.337528,gasResistance,135760
2026-02-23T19:24:44+01:00,87f82783-853b-417d-8964-b5cf11e44873,41.035567,21.337528,humidity,59
2026-02-23T19:24:44+01:00,87f82783-853b-417d-8964-b5cf11e44873,41.035567,21.337528,noise,11
2026-02-23T19:24:44+01:00,87f82783-853b-417d-8964-b5cf11e44873,41.035567,21.337528,noise_dba,24
2026-02-23T19:24:44+01:00,87f82783-853b-417d-8964-b5cf11e44873,41.035567,21.337528,pm10,290
2026-02-23T19:24:44+01:00,87f82783-853b-417d-8964-b5cf11e44873,41.035567,21.337528,pm25,183
2026-02-23T19:24:44+01:00,87f82783-853b-417d-8964-b5cf11e44873,41.035567,21.337528,pressure,945
2026-02-23T19:24:44+01:00,87f82783-853b-417d-8964-b5cf11e44873,41.035567,21.337528,temperature,11
2026-02-23T19:40:16+01:00,87f82783-853b-417d-8964-b5cf11e44873,41.035567,21.337528,gasResistance,134355
2026-02-23T19:40:16+01:00,87f82783-853b-417d-8964-b5cf11e44873,41.035567,21.337528,humidity,60
2026-02-23T19:40:16+01:00,87f82783-853b-417d-8964-b5cf11e44873,41.035567,21.337528,noise,12
2026-02-23T19:40:16+01:00,87f82783-853b-417d-8964-b5cf11e44873,41.035567,21.337528,noise_dba,25
2026-02-23T19:40:16+01:00,87f82783-853b-417d-8964-b5cf11e44873,41.035567,21.337528,pm10,340
2026-02-23T19:40:16+01:00,87f82783-853b-417d-8964-b5cf11e44873,41.035567,21.337528,pm25,216
2026-02-23T19:40:16+01:00,87f82783-853b-417d-8964-b5cf11e44873,41.035567,21.337528,pressure,945
2026-02-23T19:40:16+01:00,87f82783-853b-417d-8964-b5cf11e44873,41.035567,21.337528,temperature,10
2026-02-23T19:55:47+01:00,87f82783-853b-417d-8964-b5cf11e44873,41.035567,21.337528,gasResistance,131017
2026-02-23T19:55:47+01:00,87f82783-853b-417d-8964-b5cf11e44873,41.035567,21.337528,humidity,60
2026-02-23T19:55:47+01:00,87f82783-853b-417d-8964-b5cf11e44873,41.035567,21.337528,noise,11
2026-02-23T19:55:47+01:00,87f82783-853b-417d-8964-b5cf11e44873,41.035567,21.337528,noise_dba,24
2026-02-23T19:55:47+01:00,87f82783-853b-417d-8964-b5cf11e44873,41.035567,21.337528,pm10,365
2026-02-23T19:55:47+01:00,87f82783-853b-417d-8964-b5cf11e44873,41.035567,21.337528,pm25,233
2026-02-23T19:55:47+01:00,87f82783-853b-417d-8964-b5cf11e44873,41.035567,21.337528,pressure,945
2026-02-23T19:55:47+01:00,87f82783-853b-417d-8964-b5cf11e44873,41.035567,21.337528,temperature,10
2026-02-23T20:11:20+01:00,87f82783-853b-417d-8964-b5cf11e44873,41.035567,21.337528,gasResistance,129211
2026-02-23T20:11:20+01:00,87f82783-853b-417d-8964-b5cf11e44873,41.035567,21.337528,humidity,61
2026-02-23T20:11:20+01:00,87f82783-853b-417d-8964-b5cf11e44873,41.035567,21.337528,noise,11
2026-02-23T20:11:20+01:00,87f82783-853b-417d-8964-b5cf11e44873,41.035567,21.337528,noise_dba,24
2026-02-23T20:11:20+01:00,87f82783-853b-417d-8964-b5cf11e44873,41.035567,21.337528,pm10,365
2026-02-23T20:11:20+01:00,87f82783-853b-417d-8964-b5cf11e44873,41.035567,21.337528,pm25,238
2026-02-23T20:11:20+01:00,87f82783-853b-417d-8964-b5cf11e44873,41.035567,21.337528,pressure,945
2026-02-23T20:11:20+01:00,87f82783-853b-417d-8964-b5cf11e44873,41.035567,21.337528,temperature,10
2026-02-23T20:26:52+01:00,87f82783-853b-417d-8964-b5cf11e44873,41.035567,21.337528,gasResistance,126975
2026-02-23T20:26:52+01:00,87f82783-853b-417d-8964-b5cf11e44873,41.035567,21.337528,humidity,61
2026-02-23T20:26:52+01:00,87f82783-853b-417d-8964-b5cf11e44873,41.035567,21.337528,noise,11
2026-02-23T20:26:52+01:00,87f82783-853b-417d-8964-b5cf11e44873,41.035567,21.337528,noise_dba,24
2026-02-23T20:26:52+01:00,87f82783-853b-417d-8964-b5cf11e44873,41.035567,21.337528,pm10,436
2026-02-23T20:26:52+01:00,87f82783-853b-417d-8964-b5cf11e44873,41.035567,21.337528,pm25,281
2026-02-23T20:26:52+01:00,87f82783-853b-417d-8964-b5cf11e44873,41.035567,21.337528,pressure,945
2026-02-23T20:26:52+01:00,87f82783-853b-417d-8964-b5cf11e44873,41.035567,21.337528,temperature,10
2026-02-23T20:42:24+01:00,87f82783-853b-417d-8964-b5cf11e44873,41.035567,21.337528,gasResistance,125652
2026-02-23T20:42:24+01:00,87f82783-853b-417d-8964-b5cf11e44873,41.035567,21.337528,humidity,61
2026-02-23T20:42:24+01:00,87f82783-853b-417d-8964-b5cf11e44873,41.035567,21.337528,noise,12
2026-02-23T20:42:24+01:00,87f82783-853b-417d-8964-b5cf11e44873,41.035567,21.337528,noise_dba,25
2026-02-23T20:42:24+01:00,87f82783-853b-417d-8964-b5cf11e44873,41.035567,21.337528,pm10,272
2026-02-23T20:42:24+01:00,87f82783-853b-417d-8964-b5cf11e44873,41.035567,21.337528,pm25,165
2026-02-23T20:42:24+01:00,87f82783-853b-417d-8964-b5cf11e44873,41.035567,21.337528,pressure,945
2026-02-23T20:42:24+01:00,87f82783-853b-417d-8964-b5cf11e44873,41.035567,21.337528,temperature,9
2026-02-23T20:57:56+01:00,87f82783-853b-417d-8964-b5cf11e44873,41.035567,21.337528,gasResistance,125465
2026-02-23T20:57:56+01:00,87f82783-853b-417d-8964-b5cf11e44873,41.035567,21.337528,humidity,62
2026-02-23T20:57:56+01:00,87f82783-853b-417d-8964-b5cf11e44873,41.035567,21.337528,noise,11
2026-02-23T20:57:56+01:00,87f82783-853b-417d-8964-b5cf11e44873,41.035567,21.337528,noise_dba,24
2026-02-23T20:57:56+01:00,87f82783-853b-417d-8964-b5cf11e44873,41.035567,21.337528,pm10,290
2026-02-23T20:57:56+01:00,87f82783-853b-417d-8964-b5cf11e44873,41.035567,21.337528,pm25,178
2026-02-23T20:57:56+01:00,87f82783-853b-417d-8964-b5cf11e44873,41.035567,21.337528,pressure,945
2026-02-23T20:57:56+01:00,87f82783-853b-417d-8964-b5cf11e44873,41.035567,21.337528,temperature,9
2026-02-23T21:13:27+01:00,87f82783-853b-417d-8964-b5cf11e44873,41.035567,21.337528,gasResistance,126784
2026-02-23T21:13:27+01:00,87f82783-853b-417d-8964-b5cf11e44873,41.035567,21.337528,humidity,62
2026-02-23T21:13:27+01:00,87f82783-853b-417d-8964-b5cf11e44873,41.035567,21.337528,noise,11
2026-02-23T21:13:27+01:00,87f82783-853b-417d-8964-b5cf11e44873,41.035567,21.337528,noise_dba,24
2026-02-23T21:13:27+01:00,87f82783-853b-417d-8964-b5cf11e44873,41.035567,21.337528,pm10,297
2026-02-23T21:13:27+01:00,87f82783-853b-417d-8964-b5cf11e44873,41.035567,21.337528,pm25,184
2026-02-23T21:13:27+01:00,87f82783-853b-417d-8964-b5cf11e44873,41.035567,21.337528,pressure,945
2026-02-23T21:13:27+01:00,87f82783-853b-417d-8964-b5cf11e44873,41.035567,21.337528,temperature,9
2026-02-23T21:28:59+01:00,87f82783-853b-417d-8964-b5cf11e44873,41.035567,21.337528,gasResistance,126027
2026-02-23T21:28:59+01:00,87f82783-853b-417d-8964-b5cf11e44873,41.035567,21.337528,humidity,62
2026-02-23T21:28:59+01:00,87f82783-853b-417d-8964-b5cf11e44873,41.035567,21.337528,noise,11
2026-02-23T21:28:59+01:00,87f82783-853b-417d-8964-b5cf11e44873,41.035567,21.337528,noise_dba,24
2026-02-23T21:28:59+01:00,87f82783-853b-417d-8964-b5cf11e44873,41.035567,21.337528,pm10,282
2026-02-23T21:28:59+01:00,87f82783-853b-417d-8964-b5cf11e44873,41.035567,21.337528,pm25,169
2026-02-23T21:28:59+01:00,87f82783-853b-417d-8964-b5cf11e44873,41.035567,21.337528,pressure,945
2026-02-23T21:28:59+01:00,87f82783-853b-417d-8964-b5cf11e44873,41.035567,21.337528,temperature,9
2026-02-23T21:44:31+01:00,87f82783-853b-417d-8964-b5cf11e44873,41.035567,21.337528,gasResistance,127358
2026-02-23T21:44:31+01:00,87f82783-853b-417d-8964-b5cf11e44873,41.035567,21.337528,humidity,61
2026-02-23T21:44:31+01:00,87f82783-853b-417d-8964-b5cf11e44873,41.035567,21.337528,noise,11
2026-02-23T21:44:31+01:00,87f82783-853b-417d-8964-b5cf11e44873,41.035567,21.337528,noise_dba,24
2026-02-23T21:44:31+01:00,87f82783-853b-417d-8964-b5cf11e44873,41.035567,21.337528,pm10,150
2026-02-23T21:44:31+01:00,87f82783-853b-417d-8964-b5cf11e44873,41.035567,21.337528,pm25,92
2026-02-23T21:44:31+01:00,87f82783-853b-417d-8964-b5cf11e44873,41.035567,21.337528,pressure,945
2026-02-23T21:44:31+01:00,87f82783-853b-417d-8964-b5cf11e44873,41.035567,21.337528,temperature,9
2026-02-23T22:00:03+01:00,87f82783-853b-417d-8964-b5cf11e44873,41.035567,21.337528,gasResistance,130915
2026-02-23T22:00:03+01:00,87f82783-853b-417d-8964-b5cf11e44873,41.035567,21.337528,humidity,61
2026-02-23T22:00:03+01:00,87f82783-853b-417d-8964-b5cf11e44873,41.035567,21.337528,noise,11
2026-02-23T22:00:03+01:00,87f82783-853b-417d-8964-b5cf11e44873,41.035567,21.337528,noise_dba,24
2026-02-23T22:00:03+01:00,87f82783-853b-417d-8964-b5cf11e44873,41.035567,21.337528,pm10,93
2026-02-23T22:00:03+01:00,87f82783-853b-417d-8964-b5cf11e44873,41.035567,21.337528,pm25,56
2026-02-23T22:00:03+01:00,87f82783-853b-417d-8964-b5cf11e44873,41.035567,21.337528,pressure,945
2026-02-23T22:00:03+01:00,87f82783-853b-417d-8964-b5cf11e44873,41.035567,21.337528,temperature,9
2026-02-23T22:15:35+01:00,87f82783-853b-417d-8964-b5cf11e44873,41.035567,21.337528,gasResistance,133610
2026-02-23T22:15:35+01:00,87f82783-853b-417d-8964-b5cf11e44873,41.035567,21.337528,humidity,62
2026-02-23T22:15:35+01:00,87f82783-853b-417d-8964-b5cf11e44873,41.035567,21.337528,noise,11
2026-02-23T22:15:35+01:00,87f82783-853b-417d-8964-b5cf11e44873,41.035567,21.337528,noise_dba,24
2026-02-23T22:15:35+01:00,87f82783-853b-417d-8964-b5cf11e44873,41.035567,21.337528,pm10,229
2026-02-23T22:15:35+01:00,87f82783-853b-417d-8964-b5cf11e44873,41.035567,21.337528,pm25,126
2026-02-23T22:15:35+01:00,87f82783-853b-417d-8964-b5cf11e44873,41.035567,21.337528,pressure,945
2026-02-23T22:15:35+01:00,87f82783-853b-417d-8964-b5cf11e44873,41.035567,21.337528,temperature,9
2026-02-23T22:31:06+01:00,87f82783-853b-417d-8964-b5cf11e44873,41.035567,21.337528,gasResistance,133084
2026-02-23T22:31:06+01:00,87f82783-853b-417d-8964-b5cf11e44873,41.035567,21.337528,humidity,62
2026-02-23T22:31:06+01:00,87f82783-853b-417d-8964-b5cf11e44873,41.035567,21.337528,noise,11
2026-02-23T22:31:06+01:00,87f82783-853b-417d-8964-b5cf11e44873,41.035567,21.337528,noise_dba,24
2026-02-23T22:31:06+01:00,87f82783-853b-417d-8964-b5cf11e44873,41.035567,21.337528,pm10,368
2026-02-23T22:31:06+01:00,87f82783-853b-417d-8964-b5cf11e44873,41.035567,21.337528,pm25,204
2026-02-23T22:31:06+01:00,87f82783-853b-417d-8964-b5cf11e44873,41.035567,21.337528,pressure,945
2026-02-23T22:31:06+01:00,87f82783-853b-417d-8964-b5cf11e44873,41.035567,21.337528,temperature,8
2026-02-23T22:46:37+01:00,87f82783-853b-417d-8964-b5cf11e44873,41.035567,21.337528,gasResistance,131221
2026-02-23T22:46:37+01:00,87f82783-853b-417d-8964-b5cf11e44873,41.035567,21.337528,humidity,63
2026-02-23T22:46:37+01:00,87f82783-853b-417d-8964-b5cf11e44873,41.035567,21.337528,noise,11
2026-02-23T22:46:37+01:00,87f82783-853b-417d-8964-b5cf11e44873,41.035567,21.337528,noise_dba,24
2026-02-23T22:46:37+01:00,87f82783-853b-417d-8964-b5cf11e44873,41.035567,21.337528,pm10,277
2026-02-23T22:46:37+01:00,87f82783-853b-417d-8964-b5cf11e44873,41.035567,21.337528,pm25,163
2026-02-23T22:46:37+01:00,87f82783-853b-417d-8964-b5cf11e44873,41.035567,21.337528,pressure,945
2026-02-23T22:46:37+01:00,87f82783-853b-417d-8964-b5cf11e44873,41.035567,21.337528,temperature,8
2026-02-23T23:02:08+01:00,87f82783-853b-417d-8964-b5cf11e44873,41.035567,21.337528,gasResistance,130713
2026-02-23T23:02:08+01:00,87f82783-853b-417d-8964-b5cf11e44873,41.035567,21.337528,humidity,63
2026-02-23T23:02:08+01:00,87f82783-853b-417d-8964-b5cf11e44873,41.035567,21.337528,noise,11
2026-02-23T23:02:08+01:00,87f82783-853b-417d-8964-b5cf11e44873,41.035567,21.337528,noise_dba,24
2026-02-23T23:02:08+01:00,87f82783-853b-417d-8964-b5cf11e44873,41.035567,21.337528,pm10,302
2026-02-23T23:02:08+01:00,87f82783-853b-417d-8964-b5cf11e44873,41.035567,21.337528,pm25,186
2026-02-23T23:02:08+01:00,87f82783-853b-417d-8964-b5cf11e44873,41.035567,21.337528,pressure,945
2026-02-23T23:02:08+01:00,87f82783-853b-417d-8964-b5cf11e44873,41.035567,21.337528,temperature,8
2026-02-23T23:17:40+01:00,87f82783-853b-417d-8964-b5cf11e44873,41.035567,21.337528,gasResistance,129211
2026-02-23T23:17:40+01:00,87f82783-853b-417d-8964-b5cf11e44873,41.035567,21.337528,humidity,63
2026-02-23T23:17:40+01:00,87f82783-853b-417d-8964-b5cf11e44873,41.035567,21.337528,noise,11
2026-02-23T23:17:40+01:00,87f82783-853b-417d-8964-b5cf11e44873,41.035567,21.337528,noise_dba,24
2026-02-23T23:17:40+01:00,87f82783-853b-417d-8964-b5cf11e44873,41.035567,21.337528,pm10,230
2026-02-23T23:17:40+01:00,87f82783-853b-417d-8964-b5cf11e44873,41.035567,21.337528,pm25,142
2026-02-23T23:17:40+01:00,87f82783-853b-417d-8964-b5cf11e44873,41.035567,21.337528,pressure,945
2026-02-23T23:17:40+01:00,87f82783-853b-417d-8964-b5cf11e44873,41.035567,21.337528,temperature,8
2026-02-23T23:33:11+01:00,87f82783-853b-417d-8964-b5cf11e44873,41.035567,21.337528,gasResistance,131323
2026-02-23T23:33:11+01:00,87f82783-853b-417d-8964-b5cf11e44873,41.035567,21.337528,humidity,64
2026-02-23T23:33:11+01:00,87f82783-853b-417d-8964-b5cf11e44873,41.035567,21.337528,noise,11
2026-02-23T23:33:11+01:00,87f82783-853b-417d-8964-b5cf11e44873,41.035567,21.337528,noise_dba,24
2026-02-23T23:33:11+01:00,87f82783-853b-417d-8964-b5cf11e44873,41.035567,21.337528,pm10,226
2026-02-23T23:33:11+01:00,87f82783-853b-417d-8964-b5cf11e44873,41.035567,21.337528,pm25,137
2026-02-23T23:33:11+01:00,87f82783-853b-417d-8964-b5cf11e44873,41.035567,21.337528,pressure,945
2026-02-23T23:33:11+01:00,87f82783-853b-417d-8964-b5cf11e44873,41.035567,21.337528,temperature,8
2026-02-23T23:48:43+01:00,87f82783-853b-417d-8964-b5cf11e44873,41.035567,21.337528,gasResistance,131836
2026-02-23T23:48:43+01:00,87f82783-853b-417d-8964-b5cf11e44873,41.035567,21.337528,humidity,64
2026-02-23T23:48:43+01:00,87f82783-853b-417d-8964-b5cf11e44873,41.035567,21.337528,noise,11
2026-02-23T23:48:43+01:00,87f82783-853b-417d-8964-b5cf11e44873,41.035567,21.337528,noise_dba,24
2026-02-23T23:48:43+01:00,87f82783-853b-417d-8964-b5cf11e44873,41.035567,21.337528,pm10,396
2026-02-23T23:48:43+01:00,87f82783-853b-417d-8964-b5cf11e44873,41.035567,21.337528,pm25,198
2026-02-23T23:48:43+01:00,87f82783-853b-417d-8964-b5cf11e44873,41.035567,21.337528,pressure,945
2026-02-23T23:48:43+01:00,87f82783-853b-417d-8964-b5cf11e44873,41.035567,21.337528,temperature,8
2026-02-24T00:04:14+01:00,87f82783-853b-417d-8964-b5cf11e44873,41.035567,21.337528,gasResistance,131323
2026-02-24T00:04:14+01:00,87f82783-853b-417d-8964-b5cf11e44873,41.035567,21.337528,humidity,65
2026-02-24T00:04:14+01:00,87f82783-853b-417d-8964-b5cf11e44873,41.035567,21.337528,noise,11
2026-02-24T00:04:14+01:00,87f82783-853b-417d-8964-b5cf11e44873,41.035567,21.337528,noise_dba,24
2026-02-24T00:04:14+01:00,87f82783-853b-417d-8964-b5cf11e44873,41.035567,21.337528,pm10,218
2026-02-24T00:04:14+01:00,87f82783-853b-417d-8964-b5cf11e44873,41.035567,21.337528,pm25,126
2026-02-24T00:04:14+01:00,87f82783-853b-417d-8964-b5cf11e44873,41.035567,21.337528,pressure,945
2026-02-24T00:04:14+01:00,87f82783-853b-417d-8964-b5cf11e44873,41.035567,21.337528,temperature,8
2026-02-24T00:19:45+01:00,87f82783-853b-417d-8964-b5cf11e44873,41.035567,21.337528,gasResistance,132874
2026-02-24T00:19:45+01:00,87f82783-853b-417d-8964-b5cf11e44873,41.035567,21.337528,humidity,65
2026-02-24T00:19:45+01:00,87f82783-853b-417d-8964-b5cf11e44873,41.035567,21.337528,noise,11
2026-02-24T00:19:45+01:00,87f82783-853b-417d-8964-b5cf11e44873,41.035567,21.337528,noise_dba,24
2026-02-24T00:19:45+01:00,87f82783-853b-417d-8964-b5cf11e44873,41.035567,21.337528,pm10,265
2026-02-24T00:19:45+01:00,87f82783-853b-417d-8964-b5cf11e44873,41.035567,21.337528,pm25,142
2026-02-24T00:19:45+01:00,87f82783-853b-417d-8964-b5cf11e44873,41.035567,21.337528,pressure,945
2026-02-24T00:19:45+01:00,87f82783-853b-417d-8964-b5cf11e44873,41.035567,21.337528,temperature,8
2026-02-24T00:35:17+01:00,87f82783-853b-417d-8964-b5cf11e44873,41.035567,21.337528,gasResistance,132979
2026-02-24T00:35:17+01:00,87f82783-853b-417d-8964-b5cf11e44873,41.035567,21.337528,humidity,65
2026-02-24T00:35:17+01:00,87f82783-853b-417d-8964-b5cf11e44873,41.035567,21.337528,noise,11
2026-02-24T00:35:17+01:00,87f82783-853b-417d-8964-b5cf11e44873,41.035567,21.337528,noise_dba,24
2026-02-24T00:35:17+01:00,87f82783-853b-417d-8964-b5cf11e44873,41.035567,21.337528,pm10,308
2026-02-24T00:35:17+01:00,87f82783-853b-417d-8964-b5cf11e44873,41.035567,21.337528,pm25,181
2026-02-24T00:35:17+01:00,87f82783-853b-417d-8964-b5cf11e44873,41.035567,21.337528,pressure,945
2026-02-24T00:35:17+01:00,87f82783-853b-417d-8964-b5cf11e44873,41.035567,21.337528,temperature,7
2026-02-24T00:50:49+01:00,87f82783-853b-417d-8964-b5cf11e44873,41.035567,21.337528,gasResistance,132874
2026-02-24T00:50:49+01:00,87f82783-853b-417d-8964-b5cf11e44873,41.035567,21.337528,humidity,65
2026-02-24T00:50:49+01:00,87f82783-853b-417d-8964-b5cf11e44873,41.035567,21.337528,noise,11
2026-02-24T00:50:49+01:00,87f82783-853b-417d-8964-b5cf11e44873,41.035567,21.337528,noise_dba,24
2026-02-24T00:50:49+01:00,87f82783-853b-417d-8964-b5cf11e44873,41.035567,21.337528,pm10,254
2026-02-24T00:50:49+01:00,87f82783-853b-417d-8964-b5cf11e44873,41.035567,21.337528,pm25,147
2026-02-24T00:50:49+01:00,87f82783-853b-417d-8964-b5cf11e44873,41.035567,21.337528,pressure,945
2026-02-24T00:50:49+01:00,87f82783-853b-417d-8964-b5cf11e44873,41.035567,21.337528,temperature,7
2026-02-24T01:06:20+01:00,87f82783-853b-417d-8964-b5cf11e44873,41.035567,21.337528,gasResistance,133505
2026-02-24T01:06:20+01:00,87f82783-853b-417d-8964-b5cf11e44873,41.035567,21.337528,humidity,66
2026-02-24T01:06:20+01:00,87f82783-853b-417d-8964-b5cf11e44873,41.035567,21.337528,noise,11
2026-02-24T01:06:20+01:00,87f82783-853b-417d-8964-b5cf11e44873,41.035567,21.337528,noise_dba,24
2026-02-24T01:06:20+01:00,87f82783-853b-417d-8964-b5cf11e44873,41.035567,21.337528,pm10,223
2026-02-24T01:06:20+01:00,87f82783-853b-417d-8964-b5cf11e44873,41.035567,21.337528,pm25,129
2026-02-24T01:06:20+01:00,87f82783-853b-417d-8964-b5cf11e44873,41.035567,21.337528,pressure,945
2026-02-24T01:06:20+01:00,87f82783-853b-417d-8964-b5cf11e44873,41.035567,21.337528,temperature,7
2026-02-24T01:21:52+01:00,87f82783-853b-417d-8964-b5cf11e44873,41.035567,21.337528,gasResistance,134677
2026-02-24T01:21:52+01:00,87f82783-853b-417d-8964-b5cf11e44873,41.035567,21.337528,humidity,66
2026-02-24T01:21:52+01:00,87f82783-853b-417d-8964-b5cf11e44873,41.035567,21.337528,noise,11
2026-02-24T01:21:52+01:00,87f82783-853b-417d-8964-b5cf11e44873,41.035567,21.337528,noise_dba,24
2026-02-24T01:21:52+01:00,87f82783-853b-417d-8964-b5cf11e44873,41.035567,21.337528,pm10,222
2026-02-24T01:21:52+01:00,87f82783-853b-417d-8964-b5cf11e44873,41.035567,21.337528,pm25,129
2026-02-24T01:21:52+01:00,87f82783-853b-417d-8964-b5cf11e44873,41.035567,21.337528,pressure,945
2026-02-24T01:21:52+01:00,87f82783-853b-417d-8964-b5cf11e44873,41.035567,21.337528,temperature,7
2026-02-24T01:37:23+01:00,87f82783-853b-417d-8964-b5cf11e44873,41.035567,21.337528,gasResistance,136089
2026-02-24T01:37:23+01:00,87f82783-853b-417d-8964-b5cf11e44873,41.035567,21.337528,humidity,67
2026-02-24T01:37:23+01:00,87f82783-853b-417d-8964-b5cf11e44873,41.035567,21.337528,noise,11
2026-02-24T01:37:23+01:00,87f82783-853b-417d-8964-b5cf11e44873,41.035567,21.337528,noise_dba,24
2026-02-24T01:37:23+01:00,87f82783-853b-417d-8964-b5cf11e44873,41.035567,21.337528,pm10,152
2026-02-24T01:37:23+01:00,87f82783-853b-417d-8964-b5cf11e44873,41.035567,21.337528,pm25,86
2026-02-24T01:37:23+01:00,87f82783-853b-417d-8964-b5cf11e44873,41.035567,21.337528,pressure,945
2026-02-24T01:37:23+01:00,87f82783-853b-417d-8964-b5cf11e44873,41.035567,21.337528,temperature,7
2026-02-24T01:52:55+01:00,87f82783-853b-417d-8964-b5cf11e44873,41.035567,21.337528,gasResistance,139233
2026-02-24T01:52:55+01:00,87f82783-853b-417d-8964-b5cf11e44873,41.035567,21.337528,humidity,67
2026-02-24T01:52:55+01:00,87f82783-853b-417d-8964-b5cf11e44873,41.035567,21.337528,noise,11
2026-02-24T01:52:55+01:00,87f82783-853b-417d-8964-b5cf11e44873,41.035567,21.337528,noise_dba,24
2026-02-24T01:52:55+01:00,87f82783-853b-417d-8964-b5cf11e44873,41.035567,21.337528,pm10,157
2026-02-24T01:52:55+01:00,87f82783-853b-417d-8964-b5cf11e44873,41.035567,21.337528,pm25,92
2026-02-24T01:52:55+01:00,87f82783-853b-417d-8964-b5cf11e44873,41.035567,21.337528,pressure,944
2026-02-24T01:52:55+01:00,87f82783-853b-417d-8964-b5cf11e44873,41.035567,21.337528,temperature,7
2026-02-24T02:08:26+01:00,87f82783-853b-417d-8964-b5cf11e44873,41.035567,21.337528,gasResistance,140742
2026-02-24T02:08:26+01:00,87f82783-853b-417d-8964-b5cf11e44873,41.035567,21.337528,humidity,67
2026-02-24T02:08:26+01:00,87f82783-853b-417d-8964-b5cf11e44873,41.035567,21.337528,noise,11
2026-02-24T02:08:26+01:00,87f82783-853b-417d-8964-b5cf11e44873,41.035567,21.337528,noise_dba,24
2026-02-24T02:08:26+01:00,87f82783-853b-417d-8964-b5cf11e44873,41.035567,21.337528,pm10,158
2026-02-24T02:08:26+01:00,87f82783-853b-417d-8964-b5cf11e44873,41.035567,21.337528,pm25,86
2026-02-24T02:08:26+01:00,87f82783-853b-417d-8964-b5cf11e44873,41.035567,21.337528,pressure,944
2026-02-24T02:08:26+01:00,87f82783-853b-417d-8964-b5cf11e44873,41.035567,21.337528,temperature,7
2026-02-24T02:23:58+01:00,87f82783-853b-417d-8964-b5cf11e44873,41.035567,21.337528,gasResistance,142165
2026-02-24T02:23:58+01:00,87f82783-853b-417d-8964-b5cf11e44873,41.035567,21.337528,humidity,67
2026-02-24T02:23:58+01:00,87f82783-853b-417d-8964-b5cf11e44873,41.035567,21.337528,pm10,141
2026-02-24T02:23:58+01:00,87f82783-853b-417d-8964-b5cf11e44873,41.035567,21.337528,pm25,78
2026-02-24T02:23:58+01:00,87f82783-853b-417d-8964-b5cf11e44873,41.035567,21.337528,pressure,944
2026-02-24T02:23:58+01:00,87f82783-853b-417d-8964-b5cf11e44873,41.035567,21.337528,temperature,7
2026-02-24T02:39:30+01:00,87f82783-853b-417d-8964-b5cf11e44873,41.035567,21.337528,gasResistance,143739
2026-02-24T02:39:30+01:00,87f82783-853b-417d-8964-b5cf11e44873,41.035567,21.337528,humidity,67
2026-02-24T02:39:30+01:00,87f82783-853b-417d-8964-b5cf11e44873,41.035567,21.337528,pm10,189
2026-02-24T02:39:30+01:00,87f82783-853b-417d-8964-b5cf11e44873,41.035567,21.337528,pm25,103
2026-02-24T02:39:30+01:00,87f82783-853b-417d-8964-b5cf11e44873,41.035567,21.337528,pressure,944
2026-02-24T02:39:30+01:00,87f82783-853b-417d-8964-b5cf11e44873,41.035567,21.337528,temperature,7
2026-02-24T02:55:01+01:00,87f82783-853b-417d-8964-b5cf11e44873,41.035567,21.337528,gasResistance,144850
2026-02-24T02:55:01+01:00,87f82783-853b-417d-8964-b5cf11e44873,41.035567,21.337528,humidity,67
2026-02-24T02:55:01+01:00,87f82783-853b-417d-8964-b5cf11e44873,41.035567,21.337528,pm10,191
2026-02-24T02:55:01+01:00,87f82783-853b-417d-8964-b5cf11e44873,41.035567,21.337528,pm25,101
2026-02-24T02:55:01+01:00,87f82783-853b-417d-8964-b5cf11e44873,41.035567,21.337528,pressure,944
2026-02-24T02:55:01+01:00,87f82783-853b-417d-8964-b5cf11e44873,41.035567,21.337528,temperature,7
2026-02-24T03:10:34+01:00,87f82783-853b-417d-8964-b5cf11e44873,41.035567,21.337528,gasResistance,146231
2026-02-24T03:10:34+01:00,87f82783-853b-417d-8964-b5cf11e44873,41.035567,21.337528,humidity,67
2026-02-24T03:10:34+01:00,87f82783-853b-417d-8964-b5cf11e44873,41.035567,21.337528,pm10,178
2026-02-24T03:10:34+01:00,87f82783-853b-417d-8964-b5cf11e44873,41.035567,21.337528,pm25,102
2026-02-24T03:10:34+01:00,87f82783-853b-417d-8964-b5cf11e44873,41.035567,21.337528,pressure,944
2026-02-24T03:10:34+01:00,87f82783-853b-417d-8964-b5cf11e44873,41.035567,21.337528,temperature,7
2026-02-24T03:26:06+01:00,87f82783-853b-417d-8964-b5cf11e44873,41.035567,21.337528,gasResistance,146484
2026-02-24T03:26:06+01:00,87f82783-853b-417d-8964-b5cf11e44873,41.035567,21.337528,humidity,67
2026-02-24T03:26:06+01:00,87f82783-853b-417d-8964-b5cf11e44873,41.035567,21.337528,noise,11
2026-02-24T03:26:06+01:00,87f82783-853b-417d-8964-b5cf11e44873,41.035567,21.337528,noise_dba,24
2026-02-24T03:26:06+01:00,87f82783-853b-417d-8964-b5cf11e44873,41.035567,21.337528,pm10,181
2026-02-24T03:26:06+01:00,87f82783-853b-417d-8964-b5cf11e44873,41.035567,21.337528,pm25,104
2026-02-24T03:26:06+01:00,87f82783-853b-417d-8964-b5cf11e44873,41.035567,21.337528,pressure,944
2026-02-24T03:26:06+01:00,87f82783-853b-417d-8964-b5cf11e44873,41.035567,21.337528,temperature,6
2026-02-24T03:41:37+01:00,87f82783-853b-417d-8964-b5cf11e44873,41.035567,21.337528,gasResistance,148286
2026-02-24T03:41:37+01:00,87f82783-853b-417d-8964-b5cf11e44873,41.035567,21.337528,humidity,67
2026-02-24T03:41:37+01:00,87f82783-853b-417d-8964-b5cf11e44873,41.035567,21.337528,noise,11
2026-02-24T03:41:37+01:00,87f82783-853b-417d-8964-b5cf11e44873,41.035567,21.337528,noise_dba,24
2026-02-24T03:41:37+01:00,87f82783-853b-417d-8964-b5cf11e44873,41.035567,21.337528,pm10,173
2026-02-24T03:41:37+01:00,87f82783-853b-417d-8964-b5cf11e44873,41.035567,21.337528,pm25,88
2026-02-24T03:41:37+01:00,87f82783-853b-417d-8964-b5cf11e44873,41.035567,21.337528,pressure,944
2026-02-24T03:41:37+01:00,87f82783-853b-417d-8964-b5cf11e44873,41.035567,21.337528,temperature,6
2026-02-24T03:57:09+01:00,87f82783-853b-417d-8964-b5cf11e44873,41.035567,21.337528,gasResistance,150535
2026-02-24T03:57:09+01:00,87f82783-853b-417d-8964-b5cf11e44873,41.035567,21.337528,humidity,68
2026-02-24T03:57:09+01:00,87f82783-853b-417d-8964-b5cf11e44873,41.035567,21.337528,pm10,208
2026-02-24T03:57:09+01:00,87f82783-853b-417d-8964-b5cf11e44873,41.035567,21.337528,pm25,95
2026-02-24T03:57:09+01:00,87f82783-853b-417d-8964-b5cf11e44873,41.035567,21.337528,pressure,944
2026-02-24T03:57:09+01:00,87f82783-853b-417d-8964-b5cf11e44873,41.035567,21.337528,temperature,6
2026-02-24T04:12:40+01:00,87f82783-853b-417d-8964-b5cf11e44873,41.035567,21.337528,gasResistance,153270
2026-02-24T04:12:40+01:00,87f82783-853b-417d-8964-b5cf11e44873,41.035567,21.337528,humidity,68
2026-02-24T04:12:40+01:00,87f82783-853b-417d-8964-b5cf11e44873,41.035567,21.337528,pm10,81
2026-02-24T04:12:40+01:00,87f82783-853b-417d-8964-b5cf11e44873,41.035567,21.337528,pm25,45
2026-02-24T04:12:40+01:00,87f82783-853b-417d-8964-b5cf11e44873,41.035567,21.337528,pressure,944
2026-02-24T04:12:40+01:00,87f82783-853b-417d-8964-b5cf11e44873,41.035567,21.337528,temperature,6
2026-02-24T04:28:11+01:00,87f82783-853b-417d-8964-b5cf11e44873,41.035567,21.337528,gasResistance,155961
2026-02-24T04:28:11+01:00,87f82783-853b-417d-8964-b5cf11e44873,41.035567,21.337528,humidity,68
2026-02-24T04:28:11+01:00,87f82783-853b-417d-8964-b5cf11e44873,41.035567,21.337528,pm10,231
2026-02-24T04:28:11+01:00,87f82783-853b-417d-8964-b5cf11e44873,41.035567,21.337528,pm25,88
2026-02-24T04:28:11+01:00,87f82783-853b-417d-8964-b5cf11e44873,41.035567,21.337528,pressure,944
2026-02-24T04:28:11+01:00,87f82783-853b-417d-8964-b5cf11e44873,41.035567,21.337528,temperature,6
2026-02-24T04:43:44+01:00,87f82783-853b-417d-8964-b5cf11e44873,41.035567,21.337528,gasResistance,158006
2026-02-24T04:43:44+01:00,87f82783-853b-417d-8964-b5cf11e44873,41.035567,21.337528,humidity,68
2026-02-24T04:43:44+01:00,87f82783-853b-417d-8964-b5cf11e44873,41.035567,21.337528,noise,11
2026-02-24T04:43:44+01:00,87f82783-853b-417d-8964-b5cf11e44873,41.035567,21.337528,noise_dba,24
2026-02-24T04:43:44+01:00,87f82783-853b-417d-8964-b5cf11e44873,41.035567,21.337528,pm10,104
2026-02-24T04:43:44+01:00,87f82783-853b-417d-8964-b5cf11e44873,41.035567,21.337528,pm25,51
2026-02-24T04:43:44+01:00,87f82783-853b-417d-8964-b5cf11e44873,41.035567,21.337528,pressure,944
2026-02-24T04:43:44+01:00,87f82783-853b-417d-8964-b5cf11e44873,41.035567,21.337528,temperature,6
2026-02-24T04:59:15+01:00,87f82783-853b-417d-8964-b5cf11e44873,41.035567,21.337528,gasResistance,159953
2026-02-24T04:59:15+01:00,87f82783-853b-417d-8964-b5cf11e44873,41.035567,21.337528,humidity,68
2026-02-24T04:59:15+01:00,87f82783-853b-417d-8964-b5cf11e44873,41.035567,21.337528,pm10,82
2026-02-24T04:59:15+01:00,87f82783-853b-417d-8964-b5cf11e44873,41.035567,21.337528,pm25,46
2026-02-24T04:59:15+01:00,87f82783-853b-417d-8964-b5cf11e44873,41.035567,21.337528,pressure,944
2026-02-24T04:59:15+01:00,87f82783-853b-417d-8964-b5cf11e44873,41.035567,21.337528,temperature,6
2026-02-24T05:14:46+01:00,87f82783-853b-417d-8964-b5cf11e44873,41.035567,21.337528,gasResistance,162104
2026-02-24T05:14:46+01:00,87f82783-853b-417d-8964-b5cf11e44873,41.035567,21.337528,humidity,69
2026-02-24T05:14:46+01:00,87f82783-853b-417d-8964-b5cf11e44873,41.035567,21.337528,noise,11
2026-02-24T05:14:46+01:00,87f82783-853b-417d-8964-b5cf11e44873,41.035567,21.337528,noise_dba,24
2026-02-24T05:14:46+01:00,87f82783-853b-417d-8964-b5cf11e44873,41.035567,21.337528,pm10,117
2026-02-24T05:14:46+01:00,87f82783-853b-417d-8964-b5cf11e44873,41.035567,21.337528,pm25,58
2026-02-24T05:14:46+01:00,87f82783-853b-417d-8964-b5cf11e44873,41.035567,21.337528,pressure,944
2026-02-24T05:14:46+01:00,87f82783-853b-417d-8964-b5cf11e44873,41.035567,21.337528,temperature,6
2026-02-24T05:30:18+01:00,87f82783-853b-417d-8964-b5cf11e44873,41.035567,21.337528,gasResistance,163359
2026-02-24T05:30:18+01:00,87f82783-853b-417d-8964-b5cf11e44873,41.035567,21.337528,humidity,69
2026-02-24T05:30:18+01:00,87f82783-853b-417d-8964-b5cf11e44873,41.035567,21.337528,noise,11
2026-02-24T05:30:18+01:00,87f82783-853b-417d-8964-b5cf11e44873,41.035567,21.337528,noise_dba,24
2026-02-24T05:30:18+01:00,87f82783-853b-417d-8964-b5cf11e44873,41.035567,21.337528,pm10,96
2026-02-24T05:30:18+01:00,87f82783-853b-417d-8964-b5cf11e44873,41.035567,21.337528,pm25,51
2026-02-24T05:30:18+01:00,87f82783-853b-417d-8964-b5cf11e44873,41.035567,21.337528,pressure,944
2026-02-24T05:30:18+01:00,87f82783-853b-417d-8964-b5cf11e44873,41.035567,21.337528,temperature,6
2026-02-24T05:45:49+01:00,87f82783-853b-417d-8964-b5cf11e44873,41.035567,21.337528,gasResistance,165766
2026-02-24T05:45:49+01:00,87f82783-853b-417d-8964-b5cf11e44873,41.035567,21.337528,humidity,69
2026-02-24T05:45:49+01:00,87f82783-853b-417d-8964-b5cf11e44873,41.035567,21.337528,noise,11
2026-02-24T05:45:49+01:00,87f82783-853b-417d-8964-b5cf11e44873,41.035567,21.337528,noise_dba,24
2026-02-24T05:45:49+01:00,87f82783-853b-417d-8964-b5cf11e44873,41.035567,21.337528,pm10,54
2026-02-24T05:45:49+01:00,87f82783-853b-417d-8964-b5cf11e44873,41.035567,21.337528,pm25,32
2026-02-24T05:45:49+01:00,87f82783-853b-417d-8964-b5cf11e44873,41.035567,21.337528,pressure,944
2026-02-24T05:45:49+01:00,87f82783-853b-417d-8964-b5cf11e44873,41.035567,21.337528,temperature,6
2026-02-24T06:01:20+01:00,87f82783-853b-417d-8964-b5cf11e44873,41.035567,21.337528,gasResistance,168413
2026-02-24T06:01:20+01:00,87f82783-853b-417d-8964-b5cf11e44873,41.035567,21.337528,humidity,69
2026-02-24T06:01:20+01:00,87f82783-853b-417d-8964-b5cf11e44873,41.035567,21.337528,noise,11
2026-02-24T06:01:20+01:00,87f82783-853b-417d-8964-b5cf11e44873,41.035567,21.337528,noise_dba,24
2026-02-24T06:01:20+01:00,87f82783-853b-417d-8964-b5cf11e44873,41.035567,21.337528,pm10,61
2026-02-24T06:01:20+01:00,87f82783-853b-417d-8964-b5cf11e44873,41.035567,21.337528,pm25,33
2026-02-24T06:01:20+01:00,87f82783-853b-417d-8964-b5cf11e44873,41.035567,21.337528,pressure,944
2026-02-24T06:01:20+01:00,87f82783-853b-417d-8964-b5cf11e44873,41.035567,21.337528,temperature,6
2026-02-24T06:16:53+01:00,87f82783-853b-417d-8964-b5cf11e44873,41.035567,21.337528,gasResistance,169428
2026-02-24T06:16:53+01:00,87f82783-853b-417d-8964-b5cf11e44873,41.035567,21.337528,humidity,69
2026-02-24T06:16:53+01:00,87f82783-853b-417d-8964-b5cf11e44873,41.035567,21.337528,noise,11
2026-02-24T06:16:53+01:00,87f82783-853b-417d-8964-b5cf11e44873,41.035567,21.337528,noise_dba,24
2026-02-24T06:16:53+01:00,87f82783-853b-417d-8964-b5cf11e44873,41.035567,21.337528,pm10,77
2026-02-24T06:16:53+01:00,87f82783-853b-417d-8964-b5cf11e44873,41.035567,21.337528,pm25,49
2026-02-24T06:16:53+01:00,87f82783-853b-417d-8964-b5cf11e44873,41.035567,21.337528,pressure,944
2026-02-24T06:16:53+01:00,87f82783-853b-417d-8964-b5cf11e44873,41.035567,21.337528,temperature,5
2026-02-24T06:32:24+01:00,87f82783-853b-417d-8964-b5cf11e44873,41.035567,21.337528,gasResistance,171146
2026-02-24T06:32:24+01:00,87f82783-853b-417d-8964-b5cf11e44873,41.035567,21.337528,humidity,69
2026-02-24T06:32:24+01:00,87f82783-853b-417d-8964-b5cf11e44873,41.035567,21.337528,noise,11
2026-02-24T06:32:24+01:00,87f82783-853b-417d-8964-b5cf11e44873,41.035567,21.337528,noise_dba,24
2026-02-24T06:32:24+01:00,87f82783-853b-417d-8964-b5cf11e44873,41.035567,21.337528,pm10,77
2026-02-24T06:32:24+01:00,87f82783-853b-417d-8964-b5cf11e44873,41.035567,21.337528,pm25,42
2026-02-24T06:32:24+01:00,87f82783-853b-417d-8964-b5cf11e44873,41.035567,21.337528,pressure,944
2026-02-24T06:32:24+01:00,87f82783-853b-417d-8964-b5cf11e44873,41.035567,21.337528,temperature,5
2026-02-24T06:47:56+01:00,87f82783-853b-417d-8964-b5cf11e44873,41.035567,21.337528,gasResistance,172723
2026-02-24T06:47:56+01:00,87f82783-853b-417d-8964-b5cf11e44873,41.035567,21.337528,humidity,70
2026-02-24T06:47:56+01:00,87f82783-853b-417d-8964-b5cf11e44873,41.035567,21.337528,noise,11
2026-02-24T06:47:56+01:00,87f82783-853b-417d-8964-b5cf11e44873,41.035567,21.337528,noise_dba,24
2026-02-24T06:47:56+01:00,87f82783-853b-417d-8964-b5cf11e44873,41.035567,21.337528,pm10,85
2026-02-24T06:47:56+01:00,87f82783-853b-417d-8964-b5cf11e44873,41.035567,21.337528,pm25,45
2026-02-24T06:47:56+01:00,87f82783-853b-417d-8964-b5cf11e44873,41.035567,21.337528,pressure,944
2026-02-24T06:47:56+01:00,87f82783-853b-417d-8964-b5cf11e44873,41.035567,21.337528,temperature,5
2026-02-24T07:03:27+01:00,87f82783-853b-417d-8964-b5cf11e44873,41.035567,21.337528,gasResistance,173611
2026-02-24T07:03:27+01:00,87f82783-853b-417d-8964-b5cf11e44873,41.035567,21.337528,humidity,69
2026-02-24T07:03:27+01:00,87f82783-853b-417d-8964-b5cf11e44873,41.035567,21.337528,noise,12
2026-02-24T07:03:27+01:00,87f82783-853b-417d-8964-b5cf11e44873,41.035567,21.337528,noise_dba,25
2026-02-24T07:03:27+01:00,87f82783-853b-417d-8964-b5cf11e44873,41.035567,21.337528,pm10,207
2026-02-24T07:03:27+01:00,87f82783-853b-417d-8964-b5cf11e44873,41.035567,21.337528,pm25,82
2026-02-24T07:03:27+01:00,87f82783-853b-417d-8964-b5cf11e44873,41.035567,21.337528,pressure,944
2026-02-24T07:03:27+01:00,87f82783-853b-417d-8964-b5cf11e44873,41.035567,21.337528,temperature,5
2026-02-24T07:18:58+01:00,87f82783-853b-417d-8964-b5cf11e44873,41.035567,21.337528,gasResistance,174870
2026-02-24T07:18:58+01:00,87f82783-853b-417d-8964-b5cf11e44873,41.035567,21.337528,humidity,69
2026-02-24T07:18:58+01:00,87f82783-853b-417d-8964-b5cf11e44873,41.035567,21.337528,noise,11
2026-02-24T07:18:58+01:00,87f82783-853b-417d-8964-b5cf11e44873,41.035567,21.337528,noise_dba,24
2026-02-24T07:18:58+01:00,87f82783-853b-417d-8964-b5cf11e44873,41.035567,21.337528,pm10,92
2026-02-24T07:18:58+01:00,87f82783-853b-417d-8964-b5cf11e44873,41.035567,21.337528,pm25,53
2026-02-24T07:18:58+01:00,87f82783-853b-417d-8964-b5cf11e44873,41.035567,21.337528,pressure,944
2026-02-24T07:18:58+01:00,87f82783-853b-417d-8964-b5cf11e44873,41.035567,21.337528,temperature,5
2026-02-24T07:34:31+01:00,87f82783-853b-417d-8964-b5cf11e44873,41.035567,21.337528,gasResistance,174509
2026-02-24T07:34:31+01:00,87f82783-853b-417d-8964-b5cf11e44873,41.035567,21.337528,humidity,70
2026-02-24T07:34:31+01:00,87f82783-853b-417d-8964-b5cf11e44873,41.035567,21.337528,noise,11
2026-02-24T07:34:31+01:00,87f82783-853b-417d-8964-b5cf11e44873,41.035567,21.337528,noise_dba,24
2026-02-24T07:34:31+01:00,87f82783-853b-417d-8964-b5cf11e44873,41.035567,21.337528,pm10,90
2026-02-24T07:34:31+01:00,87f82783-853b-417d-8964-b5cf11e44873,41.035567,21.337528,pm25,50
2026-02-24T07:34:31+01:00,87f82783-853b-417d-8964-b5cf11e44873,41.035567,21.337528,pressure,944
2026-02-24T07:34:31+01:00,87f82783-853b-417d-8964-b5cf11e44873,41.035567,21.337528,temperature,5
2026-02-24T07:50:03+01:00,87f82783-853b-417d-8964-b5cf11e44873,41.035567,21.337528,gasResistance,174329
2026-02-24T07:50:03+01:00,87f82783-853b-417d-8964-b5cf11e44873,41.035567,21.337528,humidity,70
2026-02-24T07:50:03+01:00,87f82783-853b-417d-8964-b5cf11e44873,41.035567,21.337528,noise,12
2026-02-24T07:50:03+01:00,87f82783-853b-417d-8964-b5cf11e44873,41.035567,21.337528,noise_dba,25
2026-02-24T07:50:03+01:00,87f82783-853b-417d-8964-b5cf11e44873,41.035567,21.337528,pm10,100
2026-02-24T07:50:03+01:00,87f82783-853b-417d-8964-b5cf11e44873,41.035567,21.337528,pm25,59
2026-02-24T07:50:03+01:00,87f82783-853b-417d-8964-b5cf11e44873,41.035567,21.337528,pressure,944
2026-02-24T07:50:03+01:00,87f82783-853b-417d-8964-b5cf11e44873,41.035567,21.337528,temperature,6
2026-02-24T08:05:34+01:00,87f82783-853b-417d-8964-b5cf11e44873,41.035567,21.337528,gasResistance,174689
2026-02-24T08:05:34+01:00,87f82783-853b-417d-8964-b5cf11e44873,41.035567,21.337528,humidity,70
2026-02-24T08:05:34+01:00,87f82783-853b-417d-8964-b5cf11e44873,41.035567,21.337528,noise,11
2026-02-24T08:05:34+01:00,87f82783-853b-417d-8964-b5cf11e44873,41.035567,21.337528,noise_dba,24
2026-02-24T08:05:34+01:00,87f82783-853b-417d-8964-b5cf11e44873,41.035567,21.337528,pm10,43
2026-02-24T08:05:34+01:00,87f82783-853b-417d-8964-b5cf11e44873,41.035567,21.337528,pm25,26
2026-02-24T08:05:34+01:00,87f82783-853b-417d-8964-b5cf11e44873,41.035567,21.337528,pressure,944
2026-02-24T08:05:34+01:00,87f82783-853b-417d-8964-b5cf11e44873,41.035567,21.337528,temperature,6
2026-02-24T08:21:06+01:00,87f82783-853b-417d-8964-b5cf11e44873,41.035567,21.337528,gasResistance,172900
2026-02-24T08:21:06+01:00,87f82783-853b-417d-8964-b5cf11e44873,41.035567,21.337528,humidity,69
2026-02-24T08:21:06+01:00,87f82783-853b-417d-8964-b5cf11e44873,41.035567,21.337528,noise,12
2026-02-24T08:21:06+01:00,87f82783-853b-417d-8964-b5cf11e44873,41.035567,21.337528,noise_dba,25
2026-02-24T08:21:06+01:00,87f82783-853b-417d-8964-b5cf11e44873,41.035567,21.337528,pm10,41
2026-02-24T08:21:06+01:00,87f82783-853b-417d-8964-b5cf11e44873,41.035567,21.337528,pm25,24
2026-02-24T08:21:06+01:00,87f82783-853b-417d-8964-b5cf11e44873,41.035567,21.337528,pressure,944
2026-02-24T08:21:06+01:00,87f82783-853b-417d-8964-b5cf11e44873,41.035567,21.337528,temperature,6
2026-02-24T08:36:37+01:00,87f82783-853b-417d-8964-b5cf11e44873,41.035567,21.337528,gasResistance,176148
2026-02-24T08:36:37+01:00,87f82783-853b-417d-8964-b5cf11e44873,41.035567,21.337528,humidity,67
2026-02-24T08:36:37+01:00,87f82783-853b-417d-8964-b5cf11e44873,41.035567,21.337528,noise,11
2026-02-24T08:36:37+01:00,87f82783-853b-417d-8964-b5cf11e44873,41.035567,21.337528,noise_dba,24
2026-02-24T08:36:37+01:00,87f82783-853b-417d-8964-b5cf11e44873,41.035567,21.337528,pm10,51
2026-02-24T08:36:37+01:00,87f82783-853b-417d-8964-b5cf11e44873,41.035567,21.337528,pm25,29
2026-02-24T08:36:37+01:00,87f82783-853b-417d-8964-b5cf11e44873,41.035567,21.337528,pressure,944
2026-02-24T08:36:37+01:00,87f82783-853b-417d-8964-b5cf11e44873,41.035567,21.337528,temperature,7
2026-02-24T08:52:08+01:00,87f82783-853b-417d-8964-b5cf11e44873,41.035567,21.337528,gasResistance,175234
2026-02-24T08:52:08+01:00,87f82783-853b-417d-8964-b5cf11e44873,41.035567,21.337528,humidity,65
2026-02-24T08:52:08+01:00,87f82783-853b-417d-8964-b5cf11e44873,41.035567,21.337528,noise,12
2026-02-24T08:52:08+01:00,87f82783-853b-417d-8964-b5cf11e44873,41.035567,21.337528,noise_dba,25
2026-02-24T08:52:08+01:00,87f82783-853b-417d-8964-b5cf11e44873,41.035567,21.337528,pm10,38
2026-02-24T08:52:08+01:00,87f82783-853b-417d-8964-b5cf11e44873,41.035567,21.337528,pm25,23
2026-02-24T08:52:08+01:00,87f82783-853b-417d-8964-b5cf11e44873,41.035567,21.337528,pressure,944
2026-02-24T08:52:08+01:00,87f82783-853b-417d-8964-b5cf11e44873,41.035567,21.337528,temperature,7
2026-02-24T09:07:40+01:00,87f82783-853b-417d-8964-b5cf11e44873,41.035567,21.337528,gasResistance,174689
2026-02-24T09:07:40+01:00,87f82783-853b-417d-8964-b5cf11e44873,41.035567,21.337528,humidity,64
2026-02-24T09:07:40+01:00,87f82783-853b-417d-8964-b5cf11e44873,41.035567,21.337528,noise,12
2026-02-24T09:07:40+01:00,87f82783-853b-417d-8964-b5cf11e44873,41.035567,21.337528,noise_dba,25
2026-02-24T09:07:40+01:00,87f82783-853b-417d-8964-b5cf11e44873,41.035567,21.337528,pm10,32
2026-02-24T09:07:40+01:00,87f82783-853b-417d-8964-b5cf11e44873,41.035567,21.337528,pm25,18
2026-02-24T09:07:40+01:00,87f82783-853b-417d-8964-b5cf11e44873,41.035567,21.337528,pressure,944
2026-02-24T09:07:40+01:00,87f82783-853b-417d-8964-b5cf11e44873,41.035567,21.337528,temperature,8
2026-02-24T09:23:11+01:00,87f82783-853b-417d-8964-b5cf11e44873,41.035567,21.337528,gasResistance,174149
2026-02-24T09:23:11+01:00,87f82783-853b-417d-8964-b5cf11e44873,41.035567,21.337528,humidity,63
2026-02-24T09:23:11+01:00,87f82783-853b-417d-8964-b5cf11e44873,41.035567,21.337528,noise,11
2026-02-24T09:23:11+01:00,87f82783-853b-417d-8964-b5cf11e44873,41.035567,21.337528,noise_dba,24
2026-02-24T09:23:11+01:00,87f82783-853b-417d-8964-b5cf11e44873,41.035567,21.337528,pm10,25
2026-02-24T09:23:11+01:00,87f82783-853b-417d-8964-b5cf11e44873,41.035567,21.337528,pm25,14
2026-02-24T09:23:11+01:00,87f82783-853b-417d-8964-b5cf11e44873,41.035567,21.337528,pressure,943
2026-02-24T09:23:11+01:00,87f82783-853b-417d-8964-b5cf11e44873,41.035567,21.337528,temperature,8
2026-02-24T09:38:43+01:00,87f82783-853b-417d-8964-b5cf11e44873,41.035567,21.337528,gasResistance,175052
2026-02-24T09:38:43+01:00,87f82783-853b-417d-8964-b5cf11e44873,41.035567,21.337528,humidity,62
2026-02-24T09:38:43+01:00,87f82783-853b-417d-8964-b5cf11e44873,41.035567,21.337528,noise,11
2026-02-24T09:38:43+01:00,87f82783-853b-417d-8964-b5cf11e44873,41.035567,21.337528,noise_dba,24
2026-02-24T09:38:43+01:00,87f82783-853b-417d-8964-b5cf11e44873,41.035567,21.337528,pm10,18
2026-02-24T09:38:43+01:00,87f82783-853b-417d-8964-b5cf11e44873,41.035567,21.337528,pm25,11
2026-02-24T09:38:43+01:00,87f82783-853b-417d-8964-b5cf11e44873,41.035567,21.337528,pressure,943
2026-02-24T09:38:43+01:00,87f82783-853b-417d-8964-b5cf11e44873,41.035567,21.337528,temperature,9
2026-02-24T09:54:14+01:00,87f82783-853b-417d-8964-b5cf11e44873,41.035567,21.337528,gasResistance,175234
2026-02-24T09:54:14+01:00,87f82783-853b-417d-8964-b5cf11e44873,41.035567,21.337528,humidity,61
2026-02-24T09:54:14+01:00,87f82783-853b-417d-8964-b5cf11e44873,41.035567,21.337528,noise,11
2026-02-24T09:54:14+01:00,87f82783-853b-417d-8964-b5cf11e44873,41.035567,21.337528,noise_dba,24
2026-02-24T09:54:14+01:00,87f82783-853b-417d-8964-b5cf11e44873,41.035567,21.337528,pm10,20
2026-02-24T09:54:14+01:00,87f82783-853b-417d-8964-b5cf11e44873,41.035567,21.337528,pm25,11
2026-02-24T09:54:14+01:00,87f82783-853b-417d-8964-b5cf11e44873,41.035567,21.337528,pressure,943
2026-02-24T09:54:14+01:00,87f82783-853b-417d-8964-b5cf11e44873,41.035567,21.337528,temperature,9
2026-02-24T10:09:45+01:00,87f82783-853b-417d-8964-b5cf11e44873,41.035567,21.337528,gasResistance,173255
2026-02-24T10:09:45+01:00,87f82783-853b-417d-8964-b5cf11e44873,41.035567,21.337528,humidity,59
2026-02-24T10:09:45+01:00,87f82783-853b-417d-8964-b5cf11e44873,41.035567,21.337528,noise,12
2026-02-24T10:09:45+01:00,87f82783-853b-417d-8964-b5cf11e44873,41.035567,21.337528,noise_dba,25
2026-02-24T10:09:45+01:00,87f82783-853b-417d-8964-b5cf11e44873,41.035567,21.337528,pm10,36
2026-02-24T10:09:45+01:00,87f82783-853b-417d-8964-b5cf11e44873,41.035567,21.337528,pm25,18
2026-02-24T10:09:45+01:00,87f82783-853b-417d-8964-b5cf11e44873,41.035567,21.337528,pressure,943
2026-02-24T10:09:45+01:00,87f82783-853b-417d-8964-b5cf11e44873,41.035567,21.337528,temperature,10
2026-02-24T10:25:17+01:00,87f82783-853b-417d-8964-b5cf11e44873,41.035567,21.337528,gasResistance,174509
2026-02-24T10:25:17+01:00,87f82783-853b-417d-8964-b5cf11e44873,41.035567,21.337528,humidity,56
2026-02-24T10:25:17+01:00,87f82783-853b-417d-8964-b5cf11e44873,41.035567,21.337528,noise,11
2026-02-24T10:25:17+01:00,87f82783-853b-417d-8964-b5cf11e44873,41.035567,21.337528,noise_dba,24
2026-02-24T10:25:17+01:00,87f82783-853b-417d-8964-b5cf11e44873,41.035567,21.337528,pm10,21
2026-02-24T10:25:17+01:00,87f82783-853b-417d-8964-b5cf11e44873,41.035567,21.337528,pm25,14
2026-02-24T10:25:17+01:00,87f82783-853b-417d-8964-b5cf11e44873,41.035567,21.337528,pressure,943
2026-02-24T10:25:17+01:00,87f82783-853b-417d-8964-b5cf11e44873,41.035567,21.337528,temperature,10
2026-02-24T10:40:48+01:00,87f82783-853b-417d-8964-b5cf11e44873,41.035567,21.337528,gasResistance,175598
2026-02-24T10:40:48+01:00,87f82783-853b-417d-8964-b5cf11e44873,41.035567,21.337528,humidity,53
2026-02-24T10:40:48+01:00,87f82783-853b-417d-8964-b5cf11e44873,41.035567,21.337528,noise,11
2026-02-24T10:40:48+01:00,87f82783-853b-417d-8964-b5cf11e44873,41.035567,21.337528,noise_dba,24
2026-02-24T10:40:48+01:00,87f82783-853b-417d-8964-b5cf11e44873,41.035567,21.337528,pm10,12
2026-02-24T10:40:48+01:00,87f82783-853b-417d-8964-b5cf11e44873,41.035567,21.337528,pm25,7
2026-02-24T10:40:48+01:00,87f82783-853b-417d-8964-b5cf11e44873,41.035567,21.337528,pressure,943
2026-02-24T10:40:48+01:00,87f82783-853b-417d-8964-b5cf11e44873,41.035567,21.337528,temperature,11
2026-02-24T10:56:20+01:00,87f82783-853b-417d-8964-b5cf11e44873,41.035567,21.337528,gasResistance,173611
2026-02-24T10:56:20+01:00,87f82783-853b-417d-8964-b5cf11e44873,41.035567,21.337528,humidity,51
2026-02-24T10:56:20+01:00,87f82783-853b-417d-8964-b5cf11e44873,41.035567,21.337528,noise,11
2026-02-24T10:56:20+01:00,87f82783-853b-417d-8964-b5cf11e44873,41.035567,21.337528,noise_dba,24
2026-02-24T10:56:20+01:00,87f82783-853b-417d-8964-b5cf11e44873,41.035567,21.337528,pm10,4
2026-02-24T10:56:20+01:00,87f82783-853b-417d-8964-b5cf11e44873,41.035567,21.337528,pm25,3
2026-02-24T10:56:20+01:00,87f82783-853b-417d-8964-b5cf11e44873,41.035567,21.337528,pressure,943
2026-02-24T10:56:20+01:00,87f82783-853b-417d-8964-b5cf11e44873,41.035567,21.337528,temperature,12
2026-02-24T11:11:51+01:00,87f82783-853b-417d-8964-b5cf11e44873,41.035567,21.337528,gasResistance,176332
2026-02-24T11:11:51+01:00,87f82783-853b-417d-8964-b5cf11e44873,41.035567,21.337528,humidity,48
2026-02-24T11:11:51+01:00,87f82783-853b-417d-8964-b5cf11e44873,41.035567,21.337528,noise,12
2026-02-24T11:11:51+01:00,87f82783-853b-417d-8964-b5cf11e44873,41.035567,21.337528,noise_dba,25
2026-02-24T11:11:51+01:00,87f82783-853b-417d-8964-b5cf11e44873,41.035567,21.337528,pm10,10
2026-02-24T11:11:51+01:00,87f82783-853b-417d-8964-b5cf11e44873,41.035567,21.337528,pm25,3
2026-02-24T11:11:51+01:00,87f82783-853b-417d-8964-b5cf11e44873,41.035567,21.337528,pressure,943
2026-02-24T11:11:51+01:00,87f82783-853b-417d-8964-b5cf11e44873,41.035567,21.337528,temperature,13
2026-02-24T11:27:22+01:00,87f82783-853b-417d-8964-b5cf11e44873,41.035567,21.337528,gasResistance,174509
2026-02-24T11:27:22+01:00,87f82783-853b-417d-8964-b5cf11e44873,41.035567,21.337528,humidity,47
2026-02-24T11:27:22+01:00,87f82783-853b-417d-8964-b5cf11e44873,41.035567,21.337528,noise,11
2026-02-24T11:27:22+01:00,87f82783-853b-417d-8964-b5cf11e44873,41.035567,21.337528,noise_dba,24
2026-02-24T11:27:22+01:00,87f82783-853b-417d-8964-b5cf11e44873,41.035567,21.337528,pm10,5
2026-02-24T11:27:22+01:00,87f82783-853b-417d-8964-b5cf11e44873,41.035567,21.337528,pm25,3
2026-02-24T11:27:22+01:00,87f82783-853b-417d-8964-b5cf11e44873,41.035567,21.337528,pressure,942
2026-02-24T11:27:22+01:00,87f82783-853b-417d-8964-b5cf11e44873,41.035567,21.337528,temperature,13
2026-02-24T11:42:53+01:00,87f82783-853b-417d-8964-b5cf11e44873,41.035567,21.337528,gasResistance,177632
2026-02-24T11:42:53+01:00,87f82783-853b-417d-8964-b5cf11e44873,41.035567,21.337528,humidity,39
2026-02-24T11:42:53+01:00,87f82783-853b-417d-8964-b5cf11e44873,41.035567,21.337528,noise,12
2026-02-24T11:42:53+01:00,87f82783-853b-417d-8964-b5cf11e44873,41.035567,21.337528,noise_dba,25
2026-02-24T11:42:53+01:00,87f82783-853b-417d-8964-b5cf11e44873,41.035567,21.337528,pm10,2
2026-02-24T11:42:53+01:00,87f82783-853b-417d-8964-b5cf11e44873,41.035567,21.337528,pm25,1
2026-02-24T11:42:53+01:00,87f82783-853b-417d-8964-b5cf11e44873,41.035567,21.337528,pressure,942
2026-02-24T11:42:53+01:00,87f82783-853b-417d-8964-b5cf11e44873,41.035567,21.337528,temperature,14
2026-02-24T11:58:26+01:00,87f82783-853b-417d-8964-b5cf11e44873,41.035567,21.337528,gasResistance,183624
2026-02-24T11:58:26+01:00,87f82783-853b-417d-8964-b5cf11e44873,41.035567,21.337528,humidity,36
2026-02-24T11:58:26+01:00,87f82783-853b-417d-8964-b5cf11e44873,41.035567,21.337528,noise,11
2026-02-24T11:58:26+01:00,87f82783-853b-417d-8964-b5cf11e44873,41.035567,21.337528,noise_dba,24
2026-02-24T11:58:26+01:00,87f82783-853b-417d-8964-b5cf11e44873,41.035567,21.337528,pm10,3
2026-02-24T11:58:26+01:00,87f82783-853b-417d-8964-b5cf11e44873,41.035567,21.337528,pm25,2
2026-02-24T11:58:26+01:00,87f82783-853b-417d-8964-b5cf11e44873,41.035567,21.337528,pressure,942
2026-02-24T11:58:26+01:00,87f82783-853b-417d-8964-b5cf11e44873,41.035567,21.337528,temperature,15
2026-02-24T12:13:57+01:00,87f82783-853b-417d-8964-b5cf11e44873,41.035567,21.337528,gasResistance,185848
2026-02-24T12:13:57+01:00,87f82783-853b-417d-8964-b5cf11e44873,41.035567,21.337528,humidity,36
2026-02-24T12:13:57+01:00,87f82783-853b-417d-8964-b5cf11e44873,41.035567,21.337528,noise,12
2026-02-24T12:13:57+01:00,87f82783-853b-417d-8964-b5cf11e44873,41.035567,21.337528,noise_dba,25
2026-02-24T12:13:57+01:00,87f82783-853b-417d-8964-b5cf11e44873,41.035567,21.337528,pm10,4
2026-02-24T12:13:57+01:00,87f82783-853b-417d-8964-b5cf11e44873,41.035567,21.337528,pm25,2
2026-02-24T12:13:57+01:00,87f82783-853b-417d-8964-b5cf11e44873,41.035567,21.337528,pressure,942
2026-02-24T12:13:57+01:00,87f82783-853b-417d-8964-b5cf11e44873,41.035567,21.337528,temperature,16
2026-02-24T12:29:29+01:00,87f82783-853b-417d-8964-b5cf11e44873,41.035567,21.337528,gasResistance,186668
2026-02-24T12:29:29+01:00,87f82783-853b-417d-8964-b5cf11e44873,41.035567,21.337528,humidity,34
2026-02-24T12:29:29+01:00,87f82783-853b-417d-8964-b5cf11e44873,41.035567,21.337528,noise,11
2026-02-24T12:29:29+01:00,87f82783-853b-417d-8964-b5cf11e44873,41.035567,21.337528,noise_dba,24
2026-02-24T12:29:29+01:00,87f82783-853b-417d-8964-b5cf11e44873,41.035567,21.337528,pm10,2
2026-02-24T12:29:29+01:00,87f82783-853b-417d-8964-b5cf11e44873,41.035567,21.337528,pm25,1
2026-02-24T12:29:29+01:00,87f82783-853b-417d-8964-b5cf11e44873,41.035567,21.337528,pressure,941
2026-02-24T12:29:29+01:00,87f82783-853b-417d-8964-b5cf11e44873,41.035567,21.337528,temperature,16
2026-02-24T12:45:02+01:00,87f82783-853b-417d-8964-b5cf11e44873,41.035567,21.337528,gasResistance,185936
2026-02-24T12:45:02+01:00,87f82783-853b-417d-8964-b5cf11e44873,41.035567,21.337528,humidity,33
2026-02-24T12:45:02+01:00,87f82783-853b-417d-8964-b5cf11e44873,41.035567,21.337528,noise,12
2026-02-24T12:45:02+01:00,87f82783-853b-417d-8964-b5cf11e44873,41.035567,21.337528,noise_dba,25
2026-02-24T12:45:02+01:00,87f82783-853b-417d-8964-b5cf11e44873,41.035567,21.337528,pm10,10
2026-02-24T12:45:02+01:00,87f82783-853b-417d-8964-b5cf11e44873,41.035567,21.337528,pm25,3
2026-02-24T12:45:02+01:00,87f82783-853b-417d-8964-b5cf11e44873,41.035567,21.337528,pressure,941
2026-02-24T12:45:02+01:00,87f82783-853b-417d-8964-b5cf11e44873,41.035567,21.337528,temperature,17
2026-02-24T13:00:34+01:00,87f82783-853b-417d-8964-b5cf11e44873,41.035567,21.337528,gasResistance,190527
2026-02-24T13:00:34+01:00,87f82783-853b-417d-8964-b5cf11e44873,41.035567,21.337528,humidity,33
2026-02-24T13:00:34+01:00,87f82783-853b-417d-8964-b5cf11e44873,41.035567,21.337528,noise,13
2026-02-24T13:00:34+01:00,87f82783-853b-417d-8964-b5cf11e44873,41.035567,21.337528,noise_dba,27
2026-02-24T13:00:34+01:00,87f82783-853b-417d-8964-b5cf11e44873,41.035567,21.337528,pm10,2
2026-02-24T13:00:34+01:00,87f82783-853b-417d-8964-b5cf11e44873,41.035567,21.337528,pm25,1
2026-02-24T13:00:34+01:00,87f82783-853b-417d-8964-b5cf11e44873,41.035567,21.337528,pressure,941
2026-02-24T13:00:34+01:00,87f82783-853b-417d-8964-b5cf11e44873,41.035567,21.337528,temperature,17
2026-02-24T13:16:05+01:00,87f82783-853b-417d-8964-b5cf11e44873,41.035567,21.337528,gasResistance,193414
2026-02-24T13:16:05+01:00,87f82783-853b-417d-8964-b5cf11e44873,41.035567,21.337528,humidity,34
2026-02-24T13:16:05+01:00,87f82783-853b-417d-8964-b5cf11e44873,41.035567,21.337528,noise,13
2026-02-24T13:16:05+01:00,87f82783-853b-417d-8964-b5cf11e44873,41.035567,21.337528,noise_dba,27
2026-02-24T13:16:05+01:00,87f82783-853b-417d-8964-b5cf11e44873,41.035567,21.337528,pm10,7
2026-02-24T13:16:05+01:00,87f82783-853b-417d-8964-b5cf11e44873,41.035567,21.337528,pm25,4
2026-02-24T13:16:05+01:00,87f82783-853b-417d-8964-b5cf11e44873,41.035567,21.337528,pressure,941
2026-02-24T13:16:05+01:00,87f82783-853b-417d-8964-b5cf11e44873,41.035567,21.337528,temperature,17
2026-02-24T13:31:36+01:00,87f82783-853b-417d-8964-b5cf11e44873,41.035567,21.337528,gasResistance,197443
2026-02-24T13:31:36+01:00,87f82783-853b-417d-8964-b5cf11e44873,41.035567,21.337528,humidity,34
2026-02-24T13:31:36+01:00,87f82783-853b-417d-8964-b5cf11e44873,41.035567,21.337528,noise,12
2026-02-24T13:31:36+01:00,87f82783-853b-417d-8964-b5cf11e44873,41.035567,21.337528,noise_dba,25
2026-02-24T13:31:36+01:00,87f82783-853b-417d-8964-b5cf11e44873,41.035567,21.337528,pm10,5
2026-02-24T13:31:36+01:00,87f82783-853b-417d-8964-b5cf11e44873,41.035567,21.337528,pm25,2
2026-02-24T13:31:36+01:00,87f82783-853b-417d-8964-b5cf11e44873,41.035567,21.337528,pressure,941
2026-02-24T13:31:36+01:00,87f82783-853b-417d-8964-b5cf11e44873,41.035567,21.337528,temperature,17
2026-02-24T13:47:08+01:00,87f82783-853b-417d-8964-b5cf11e44873,41.035567,21.337528,gasResistance,199821
2026-02-24T13:47:08+01:00,87f82783-853b-417d-8964-b5cf11e44873,41.035567,21.337528,humidity,35
2026-02-24T13:47:08+01:00,87f82783-853b-417d-8964-b5cf11e44873,41.035567,21.337528,noise,12
2026-02-24T13:47:08+01:00,87f82783-853b-417d-8964-b5cf11e44873,41.035567,21.337528,noise_dba,25
2026-02-24T13:47:08+01:00,87f82783-853b-417d-8964-b5cf11e44873,41.035567,21.337528,pm10,5
2026-02-24T13:47:08+01:00,87f82783-853b-417d-8964-b5cf11e44873,41.035567,21.337528,pm25,3
2026-02-24T13:47:08+01:00,87f82783-853b-417d-8964-b5cf11e44873,41.035567,21.337528,pressure,941
2026-02-24T13:47:08+01:00,87f82783-853b-417d-8964-b5cf11e44873,41.035567,21.337528,temperature,17
2026-02-24T14:02:39+01:00,87f82783-853b-417d-8964-b5cf11e44873,41.035567,21.337528,gasResistance,198387
2026-02-24T14:02:39+01:00,87f82783-853b-417d-8964-b5cf11e44873,41.035567,21.337528,humidity,35
2026-02-24T14:02:39+01:00,87f82783-853b-417d-8964-b5cf11e44873,41.035567,21.337528,noise,11
2026-02-24T14:02:39+01:00,87f82783-853b-417d-8964-b5cf11e44873,41.035567,21.337528,noise_dba,24
2026-02-24T14:02:39+01:00,87f82783-853b-417d-8964-b5cf11e44873,41.035567,21.337528,pm10,6
2026-02-24T14:02:39+01:00,87f82783-853b-417d-8964-b5cf11e44873,41.035567,21.337528,pm25,4
2026-02-24T14:02:39+01:00,87f82783-853b-417d-8964-b5cf11e44873,41.035567,21.337528,pressure,941
2026-02-24T14:02:39+01:00,87f82783-853b-417d-8964-b5cf11e44873,41.035567,21.337528,temperature,17
2026-02-24T14:18:11+01:00,87f82783-853b-417d-8964-b5cf11e44873,41.035567,21.337528,gasResistance,200303
2026-02-24T14:18:11+01:00,87f82783-853b-417d-8964-b5cf11e44873,41.035567,21.337528,humidity,36
2026-02-24T14:18:11+01:00,87f82783-853b-417d-8964-b5cf11e44873,41.035567,21.337528,noise,11
2026-02-24T14:18:11+01:00,87f82783-853b-417d-8964-b5cf11e44873,41.035567,21.337528,noise_dba,24
2026-02-24T14:18:11+01:00,87f82783-853b-417d-8964-b5cf11e44873,41.035567,21.337528,pm10,5
2026-02-24T14:18:11+01:00,87f82783-853b-417d-8964-b5cf11e44873,41.035567,21.337528,pm25,3
2026-02-24T14:18:11+01:00,87f82783-853b-417d-8964-b5cf11e44873,41.035567,21.337528,pressure,941
2026-02-24T14:18:11+01:00,87f82783-853b-417d-8964-b5cf11e44873,41.035567,21.337528,temperature,17
2026-02-24T14:33:42+01:00,87f82783-853b-417d-8964-b5cf11e44873,41.035567,21.337528,gasResistance,202751
2026-02-24T14:33:42+01:00,87f82783-853b-417d-8964-b5cf11e44873,41.035567,21.337528,humidity,35
2026-02-24T14:33:42+01:00,87f82783-853b-417d-8964-b5cf11e44873,41.035567,21.337528,noise,11
2026-02-24T14:33:42+01:00,87f82783-853b-417d-8964-b5cf11e44873,41.035567,21.337528,noise_dba,24
2026-02-24T14:33:42+01:00,87f82783-853b-417d-8964-b5cf11e44873,41.035567,21.337528,pm10,23
2026-02-24T14:33:42+01:00,87f82783-853b-417d-8964-b5cf11e44873,41.035567,21.337528,pm25,14
2026-02-24T14:33:42+01:00,87f82783-853b-417d-8964-b5cf11e44873,41.035567,21.337528,pressure,941
2026-02-24T14:33:42+01:00,87f82783-853b-417d-8964-b5cf11e44873,41.035567,21.337528,temperature,17
2026-02-24T14:49:15+01:00,87f82783-853b-417d-8964-b5cf11e44873,41.035567,21.337528,gasResistance,204753
2026-02-24T14:49:15+01:00,87f82783-853b-417d-8964-b5cf11e44873,41.035567,21.337528,humidity,36
2026-02-24T14:49:15+01:00,87f82783-853b-417d-8964-b5cf11e44873,41.035567,21.337528,noise,12
2026-02-24T14:49:15+01:00,87f82783-853b-417d-8964-b5cf11e44873,41.035567,21.337528,noise_dba,25
2026-02-24T14:49:15+01:00,87f82783-853b-417d-8964-b5cf11e44873,41.035567,21.337528,pm10,8
2026-02-24T14:49:15+01:00,87f82783-853b-417d-8964-b5cf11e44873,41.035567,21.337528,pm25,4
2026-02-24T14:49:15+01:00,87f82783-853b-417d-8964-b5cf11e44873,41.035567,21.337528,pressure,941
2026-02-24T14:49:15+01:00,87f82783-853b-417d-8964-b5cf11e44873,41.035567,21.337528,temperature,17
2026-02-24T15:04:46+01:00,87f82783-853b-417d-8964-b5cf11e44873,41.035567,21.337528,gasResistance,204123
2026-02-24T15:04:46+01:00,87f82783-853b-417d-8964-b5cf11e44873,41.035567,21.337528,humidity,37
2026-02-24T15:04:46+01:00,87f82783-853b-417d-8964-b5cf11e44873,41.035567,21.337528,noise,12
2026-02-24T15:04:46+01:00,87f82783-853b-417d-8964-b5cf11e44873,41.035567,21.337528,noise_dba,25
2026-02-24T15:04:46+01:00,87f82783-853b-417d-8964-b5cf11e44873,41.035567,21.337528,pm10,5
2026-02-24T15:04:46+01:00,87f82783-853b-417d-8964-b5cf11e44873,41.035567,21.337528,pm25,4
2026-02-24T15:04:46+01:00,87f82783-853b-417d-8964-b5cf11e44873,41.035567,21.337528,pressure,941
2026-02-24T15:04:46+01:00,87f82783-853b-417d-8964-b5cf11e44873,41.035567,21.337528,temperature,17
2026-02-24T15:20:18+01:00,87f82783-853b-417d-8964-b5cf11e44873,41.035567,21.337528,gasResistance,203124
2026-02-24T15:20:18+01:00,87f82783-853b-417d-8964-b5cf11e44873,41.035567,21.337528,humidity,37
2026-02-24T15:20:18+01:00,87f82783-853b-417d-8964-b5cf11e44873,41.035567,21.337528,noise,12
2026-02-24T15:20:18+01:00,87f82783-853b-417d-8964-b5cf11e44873,41.035567,21.337528,noise_dba,25
2026-02-24T15:20:18+01:00,87f82783-853b-417d-8964-b5cf11e44873,41.035567,21.337528,pm10,15
2026-02-24T15:20:18+01:00,87f82783-853b-417d-8964-b5cf11e44873,41.035567,21.337528,pm25,6
2026-02-24T15:20:18+01:00,87f82783-853b-417d-8964-b5cf11e44873,41.035567,21.337528,pressure,941
2026-02-24T15:20:18+01:00,87f82783-853b-417d-8964-b5cf11e44873,41.035567,21.337528,temperature,17
2026-02-24T15:35:49+01:00,87f82783-853b-417d-8964-b5cf11e44873,41.035567,21.337528,gasResistance,205769
2026-02-24T15:35:49+01:00,87f82783-853b-417d-8964-b5cf11e44873,41.035567,21.337528,humidity,38
2026-02-24T15:35:49+01:00,87f82783-853b-417d-8964-b5cf11e44873,41.035567,21.337528,noise,12
2026-02-24T15:35:49+01:00,87f82783-853b-417d-8964-b5cf11e44873,41.035567,21.337528,noise_dba,25
2026-02-24T15:35:49+01:00,87f82783-853b-417d-8964-b5cf11e44873,41.035567,21.337528,pm10,10
2026-02-24T15:35:49+01:00,87f82783-853b-417d-8964-b5cf11e44873,41.035567,21.337528,pm25,4
2026-02-24T15:35:49+01:00,87f82783-853b-417d-8964-b5cf11e44873,41.035567,21.337528,pressure,941
2026-02-24T15:35:49+01:00,87f82783-853b-417d-8964-b5cf11e44873,41.035567,21.337528,temperature,17
2026-02-24T15:51:21+01:00,87f82783-853b-417d-8964-b5cf11e44873,41.035567,21.337528,gasResistance,205897
2026-02-24T15:51:21+01:00,87f82783-853b-417d-8964-b5cf11e44873,41.035567,21.337528,humidity,40
2026-02-24T15:51:21+01:00,87f82783-853b-417d-8964-b5cf11e44873,41.035567,21.337528,noise,12
2026-02-24T15:51:21+01:00,87f82783-853b-417d-8964-b5cf11e44873,41.035567,21.337528,noise_dba,25
2026-02-24T15:51:21+01:00,87f82783-853b-417d-8964-b5cf11e44873,41.035567,21.337528,pm10,7
2026-02-24T15:51:21+01:00,87f82783-853b-417d-8964-b5cf11e44873,41.035567,21.337528,pm25,5
2026-02-24T15:51:21+01:00,87f82783-853b-417d-8964-b5cf11e44873,41.035567,21.337528,pressure,941
2026-02-24T15:51:21+01:00,87f82783-853b-417d-8964-b5cf11e44873,41.035567,21.337528,temperature,16
2026-02-24T16:06:52+01:00,87f82783-853b-417d-8964-b5cf11e44873,41.035567,21.337528,gasResistance,208746
2026-02-24T16:06:52+01:00,87f82783-853b-417d-8964-b5cf11e44873,41.035567,21.337528,humidity,40
2026-02-24T16:06:52+01:00,87f82783-853b-417d-8964-b5cf11e44873,41.035567,21.337528,noise,11
2026-02-24T16:06:52+01:00,87f82783-853b-417d-8964-b5cf11e44873,41.035567,21.337528,noise_dba,24
2026-02-24T16:06:52+01:00,87f82783-853b-417d-8964-b5cf11e44873,41.035567,21.337528,pm10,15
2026-02-24T16:06:52+01:00,87f82783-853b-417d-8964-b5cf11e44873,41.035567,21.337528,pm25,11
2026-02-24T16:06:52+01:00,87f82783-853b-417d-8964-b5cf11e44873,41.035567,21.337528,pressure,941
2026-02-24T16:06:52+01:00,87f82783-853b-417d-8964-b5cf11e44873,41.035567,21.337528,temperature,16
2026-02-24T16:22:24+01:00,87f82783-853b-417d-8964-b5cf11e44873,41.035567,21.337528,gasResistance,210601
2026-02-24T16:22:24+01:00,87f82783-853b-417d-8964-b5cf11e44873,41.035567,21.337528,humidity,41
2026-02-24T16:22:24+01:00,87f82783-853b-417d-8964-b5cf11e44873,41.035567,21.337528,noise,13
2026-02-24T16:22:24+01:00,87f82783-853b-417d-8964-b5cf11e44873,41.035567,21.337528,noise_dba,27
2026-02-24T16:22:24+01:00,87f82783-853b-417d-8964-b5cf11e44873,41.035567,21.337528,pm10,12
2026-02-24T16:22:24+01:00,87f82783-853b-417d-8964-b5cf11e44873,41.035567,21.337528,pm25,7
2026-02-24T16:22:24+01:00,87f82783-853b-417d-8964-b5cf11e44873,41.035567,21.337528,pressure,941
2026-02-24T16:22:24+01:00,87f82783-853b-417d-8964-b5cf11e44873,41.035567,21.337528,temperature,16
2026-02-24T16:37:55+01:00,87f82783-853b-417d-8964-b5cf11e44873,41.035567,21.337528,gasResistance,213721
2026-02-24T16:37:55+01:00,87f82783-853b-417d-8964-b5cf11e44873,41.035567,21.337528,humidity,41
2026-02-24T16:37:55+01:00,87f82783-853b-417d-8964-b5cf11e44873,41.035567,21.337528,noise,12
2026-02-24T16:37:55+01:00,87f82783-853b-417d-8964-b5cf11e44873,41.035567,21.337528,noise_dba,25
2026-02-24T16:37:55+01:00,87f82783-853b-417d-8964-b5cf11e44873,41.035567,21.337528,pm10,16
2026-02-24T16:37:55+01:00,87f82783-853b-417d-8964-b5cf11e44873,41.035567,21.337528,pm25,8
2026-02-24T16:37:55+01:00,87f82783-853b-417d-8964-b5cf11e44873,41.035567,21.337528,pressure,941
2026-02-24T16:37:55+01:00,87f82783-853b-417d-8964-b5cf11e44873,41.035567,21.337528,temperature,15
2026-02-24T16:53:27+01:00,87f82783-853b-417d-8964-b5cf11e44873,41.035567,21.337528,gasResistance,217790
2026-02-24T16:53:27+01:00,87f82783-853b-417d-8964-b5cf11e44873,41.035567,21.337528,humidity,42
2026-02-24T16:53:27+01:00,87f82783-853b-417d-8964-b5cf11e44873,41.035567,21.337528,noise,14
2026-02-24T16:53:27+01:00,87f82783-853b-417d-8964-b5cf11e44873,41.035567,21.337528,noise_dba,28
2026-02-24T16:53:27+01:00,87f82783-853b-417d-8964-b5cf11e44873,41.035567,21.337528,pm10,18
2026-02-24T16:53:27+01:00,87f82783-853b-417d-8964-b5cf11e44873,41.035567,21.337528,pm25,8
2026-02-24T16:53:27+01:00,87f82783-853b-417d-8964-b5cf11e44873,41.035567,21.337528,pressure,941
2026-02-24T16:53:27+01:00,87f82783-853b-417d-8964-b5cf11e44873,41.035567,21.337528,temperature,15
2026-02-24T17:08:58+01:00,87f82783-853b-417d-8964-b5cf11e44873,41.035567,21.337528,gasResistance,222313
2026-02-24T17:08:58+01:00,87f82783-853b-417d-8964-b5cf11e44873,41.035567,21.337528,humidity,43
2026-02-24T17:08:58+01:00,87f82783-853b-417d-8964-b5cf11e44873,41.035567,21.337528,noise,13
2026-02-24T17:08:58+01:00,87f82783-853b-417d-8964-b5cf11e44873,41.035567,21.337528,noise_dba,27
2026-02-24T17:08:58+01:00,87f82783-853b-417d-8964-b5cf11e44873,41.035567,21.337528,pm10,16
2026-02-24T17:08:58+01:00,87f82783-853b-417d-8964-b5cf11e44873,41.035567,21.337528,pm25,9
2026-02-24T17:08:58+01:00,87f82783-853b-417d-8964-b5cf11e44873,41.035567,21.337528,pressure,941
2026-02-24T17:08:58+01:00,87f82783-853b-417d-8964-b5cf11e44873,41.035567,21.337528,temperature,15
2026-02-24T17:24:29+01:00,87f82783-853b-417d-8964-b5cf11e44873,41.035567,21.337528,gasResistance,222611
2026-02-24T17:24:29+01:00,87f82783-853b-417d-8964-b5cf11e44873,41.035567,21.337528,humidity,45
2026-02-24T17:24:29+01:00,87f82783-853b-417d-8964-b5cf11e44873,41.035567,21.337528,noise,12
2026-02-24T17:24:29+01:00,87f82783-853b-417d-8964-b5cf11e44873,41.035567,21.337528,noise_dba,25
2026-02-24T17:24:29+01:00,87f82783-853b-417d-8964-b5cf11e44873,41.035567,21.337528,pm10,12
2026-02-24T17:24:29+01:00,87f82783-853b-417d-8964-b5cf11e44873,41.035567,21.337528,pm25,7
2026-02-24T17:24:29+01:00,87f82783-853b-417d-8964-b5cf11e44873,41.035567,21.337528,pressure,941
2026-02-24T17:24:29+01:00,87f82783-853b-417d-8964-b5cf11e44873,41.035567,21.337528,temperature,14
2026-02-24T17:40:01+01:00,87f82783-853b-417d-8964-b5cf11e44873,41.035567,21.337528,gasResistance,223511
2026-02-24T17:40:01+01:00,87f82783-853b-417d-8964-b5cf11e44873,41.035567,21.337528,humidity,45
2026-02-24T17:40:01+01:00,87f82783-853b-417d-8964-b5cf11e44873,41.035567,21.337528,noise,12
2026-02-24T17:40:01+01:00,87f82783-853b-417d-8964-b5cf11e44873,41.035567,21.337528,noise_dba,25
2026-02-24T17:40:01+01:00,87f82783-853b-417d-8964-b5cf11e44873,41.035567,21.337528,pm10,13
2026-02-24T17:40:01+01:00,87f82783-853b-417d-8964-b5cf11e44873,41.035567,21.337528,pm25,8
2026-02-24T17:40:01+01:00,87f82783-853b-417d-8964-b5cf11e44873,41.035567,21.337528,pressure,942
2026-02-24T17:40:01+01:00,87f82783-853b-417d-8964-b5cf11e44873,41.035567,21.337528,temperature,14
2026-02-24T17:55:32+01:00,87f82783-853b-417d-8964-b5cf11e44873,41.035567,21.337528,gasResistance,222462
2026-02-24T17:55:32+01:00,87f82783-853b-417d-8964-b5cf11e44873,41.035567,21.337528,humidity,46
2026-02-24T17:55:32+01:00,87f82783-853b-417d-8964-b5cf11e44873,41.035567,21.337528,noise,11
2026-02-24T17:55:32+01:00,87f82783-853b-417d-8964-b5cf11e44873,41.035567,21.337528,noise_dba,24
2026-02-24T17:55:32+01:00,87f82783-853b-417d-8964-b5cf11e44873,41.035567,21.337528,pm10,32
2026-02-24T17:55:32+01:00,87f82783-853b-417d-8964-b5cf11e44873,41.035567,21.337528,pm25,22
2026-02-24T17:55:32+01:00,87f82783-853b-417d-8964-b5cf11e44873,41.035567,21.337528,pressure,942
2026-02-24T17:55:32+01:00,87f82783-853b-417d-8964-b5cf11e44873,41.035567,21.337528,temperature,14
2026-02-24T18:11:05+01:00,87f82783-853b-417d-8964-b5cf11e44873,41.035567,21.337528,gasResistance,222911
2026-02-24T18:11:05+01:00,87f82783-853b-417d-8964-b5cf11e44873,41.035567,21.337528,humidity,47
2026-02-24T18:11:05+01:00,87f82783-853b-417d-8964-b5cf11e44873,41.035567,21.337528,noise,11
2026-02-24T18:11:05+01:00,87f82783-853b-417d-8964-b5cf11e44873,41.035567,21.337528,noise_dba,24
2026-02-24T18:11:05+01:00,87f82783-853b-417d-8964-b5cf11e44873,41.035567,21.337528,pm10,19
2026-02-24T18:11:05+01:00,87f82783-853b-417d-8964-b5cf11e44873,41.035567,21.337528,pm25,13
2026-02-24T18:11:05+01:00,87f82783-853b-417d-8964-b5cf11e44873,41.035567,21.337528,pressure,942
2026-02-24T18:11:05+01:00,87f82783-853b-417d-8964-b5cf11e44873,41.035567,21.337528,temperature,14
2026-02-24T18:26:36+01:00,87f82783-853b-417d-8964-b5cf11e44873,41.035567,21.337528,gasResistance,222016
2026-02-24T18:26:36+01:00,87f82783-853b-417d-8964-b5cf11e44873,41.035567,21.337528,humidity,48
2026-02-24T18:26:36+01:00,87f82783-853b-417d-8964-b5cf11e44873,41.035567,21.337528,noise,11
2026-02-24T18:26:36+01:00,87f82783-853b-417d-8964-b5cf11e44873,41.035567,21.337528,noise_dba,24
2026-02-24T18:26:36+01:00,87f82783-853b-417d-8964-b5cf11e44873,41.035567,21.337528,pm10,14
2026-02-24T18:26:36+01:00,87f82783-853b-417d-8964-b5cf11e44873,41.035567,21.337528,pm25,9
2026-02-24T18:26:36+01:00,87f82783-853b-417d-8964-b5cf11e44873,41.035567,21.337528,pressure,942
2026-02-24T18:26:36+01:00,87f82783-853b-417d-8964-b5cf11e44873,41.035567,21.337528,temperature,14
2026-02-24T18:42:08+01:00,87f82783-853b-417d-8964-b5cf11e44873,41.035567,21.337528,gasResistance,220101
2026-02-24T18:42:08+01:00,87f82783-853b-417d-8964-b5cf11e44873,41.035567,21.337528,humidity,48
2026-02-24T18:42:08+01:00,87f82783-853b-417d-8964-b5cf11e44873,41.035567,21.337528,noise,11
2026-02-24T18:42:08+01:00,87f82783-853b-417d-8964-b5cf11e44873,41.035567,21.337528,noise_dba,24
2026-02-24T18:42:08+01:00,87f82783-853b-417d-8964-b5cf11e44873,41.035567,21.337528,pm10,15
2026-02-24T18:42:08+01:00,87f82783-853b-417d-8964-b5cf11e44873,41.035567,21.337528,pm25,10
2026-02-24T18:42:08+01:00,87f82783-853b-417d-8964-b5cf11e44873,41.035567,21.337528,pressure,942
2026-02-24T18:42:08+01:00,87f82783-853b-417d-8964-b5cf11e44873,41.035567,21.337528,temperature,13
2026-02-24T18:57:39+01:00,87f82783-853b-417d-8964-b5cf11e44873,41.035567,21.337528,gasResistance,218939
2026-02-24T18:57:39+01:00,87f82783-853b-417d-8964-b5cf11e44873,41.035567,21.337528,humidity,49
2026-02-24T18:57:39+01:00,87f82783-853b-417d-8964-b5cf11e44873,41.035567,21.337528,noise,11
2026-02-24T18:57:39+01:00,87f82783-853b-417d-8964-b5cf11e44873,41.035567,21.337528,noise_dba,24
2026-02-24T18:57:39+01:00,87f82783-853b-417d-8964-b5cf11e44873,41.035567,21.337528,pm10,6
2026-02-24T18:57:39+01:00,87f82783-853b-417d-8964-b5cf11e44873,41.035567,21.337528,pm25,5
2026-02-24T18:57:39+01:00,87f82783-853b-417d-8964-b5cf11e44873,41.035567,21.337528,pressure,942
2026-02-24T18:57:39+01:00,87f82783-853b-417d-8964-b5cf11e44873,41.035567,21.337528,temperature,13
2026-02-24T19:13:11+01:00,87f82783-853b-417d-8964-b5cf11e44873,41.035567,21.337528,gasResistance,218795
2026-02-24T19:13:11+01:00,87f82783-853b-417d-8964-b5cf11e44873,41.035567,21.337528,humidity,50
2026-02-24T19:13:11+01:00,87f82783-853b-417d-8964-b5cf11e44873,41.035567,21.337528,noise,11
2026-02-24T19:13:11+01:00,87f82783-853b-417d-8964-b5cf11e44873,41.035567,21.337528,noise_dba,24
2026-02-24T19:13:11+01:00,87f82783-853b-417d-8964-b5cf11e44873,41.035567,21.337528,pm10,7
2026-02-24T19:13:11+01:00,87f82783-853b-417d-8964-b5cf11e44873,41.035567,21.337528,pm25,4
2026-02-24T19:13:11+01:00,87f82783-853b-417d-8964-b5cf11e44873,41.035567,21.337528,pressure,942
2026-02-24T19:13:11+01:00,87f82783-853b-417d-8964-b5cf11e44873,41.035567,21.337528,temperature,13
2026-02-24T19:28:43+01:00,87f82783-853b-417d-8964-b5cf11e44873,41.035567,21.337528,gasResistance,219664
2026-02-24T19:28:43+01:00,87f82783-853b-417d-8964-b5cf11e44873,41.035567,21.337528,humidity,50
2026-02-24T19:28:43+01:00,87f82783-853b-417d-8964-b5cf11e44873,41.035567,21.337528,noise,11
2026-02-24T19:28:43+01:00,87f82783-853b-417d-8964-b5cf11e44873,41.035567,21.337528,noise_dba,24
2026-02-24T19:28:43+01:00,87f82783-853b-417d-8964-b5cf11e44873,41.035567,21.337528,pm10,11
2026-02-24T19:28:43+01:00,87f82783-853b-417d-8964-b5cf11e44873,41.035567,21.337528,pm25,6
2026-02-24T19:28:43+01:00,87f82783-853b-417d-8964-b5cf11e44873,41.035567,21.337528,pressure,943
2026-02-24T19:28:43+01:00,87f82783-853b-417d-8964-b5cf11e44873,41.035567,21.337528,temperature,13
2026-02-24T19:44:15+01:00,87f82783-853b-417d-8964-b5cf11e44873,41.035567,21.337528,gasResistance,216935
2026-02-24T19:44:15+01:00,87f82783-853b-417d-8964-b5cf11e44873,41.035567,21.337528,humidity,52
2026-02-24T19:44:15+01:00,87f82783-853b-417d-8964-b5cf11e44873,41.035567,21.337528,noise,12
2026-02-24T19:44:15+01:00,87f82783-853b-417d-8964-b5cf11e44873,41.035567,21.337528,noise_dba,25
2026-02-24T19:44:15+01:00,87f82783-853b-417d-8964-b5cf11e44873,41.035567,21.337528,pm10,7
2026-02-24T19:44:15+01:00,87f82783-853b-417d-8964-b5cf11e44873,41.035567,21.337528,pm25,5
2026-02-24T19:44:15+01:00,87f82783-853b-417d-8964-b5cf11e44873,41.035567,21.337528,pressure,943
2026-02-24T19:44:15+01:00,87f82783-853b-417d-8964-b5cf11e44873,41.035567,21.337528,temperature,13
2026-02-24T19:59:46+01:00,87f82783-853b-417d-8964-b5cf11e44873,41.035567,21.337528,gasResistance,213172
2026-02-24T19:59:46+01:00,87f82783-853b-417d-8964-b5cf11e44873,41.035567,21.337528,humidity,53
2026-02-24T19:59:46+01:00,87f82783-853b-417d-8964-b5cf11e44873,41.035567,21.337528,noise,11
2026-02-24T19:59:46+01:00,87f82783-853b-417d-8964-b5cf11e44873,41.035567,21.337528,noise_dba,24
2026-02-24T19:59:46+01:00,87f82783-853b-417d-8964-b5cf11e44873,41.035567,21.337528,pm10,6
2026-02-24T19:59:46+01:00,87f82783-853b-417d-8964-b5cf11e44873,41.035567,21.337528,pm25,4
2026-02-24T19:59:46+01:00,87f82783-853b-417d-8964-b5cf11e44873,41.035567,21.337528,pressure,943
2026-02-24T19:59:46+01:00,87f82783-853b-417d-8964-b5cf11e44873,41.035567,21.337528,temperature,13
2026-02-24T20:15:19+01:00,87f82783-853b-417d-8964-b5cf11e44873,41.035567,21.337528,gasResistance,212490
2026-02-24T20:15:19+01:00,87f82783-853b-417d-8964-b5cf11e44873,41.035567,21.337528,humidity,54
2026-02-24T20:15:19+01:00,87f82783-853b-417d-8964-b5cf11e44873,41.035567,21.337528,noise,11
2026-02-24T20:15:19+01:00,87f82783-853b-417d-8964-b5cf11e44873,41.035567,21.337528,noise_dba,24
2026-02-24T20:15:19+01:00,87f82783-853b-417d-8964-b5cf11e44873,41.035567,21.337528,pm10,9
2026-02-24T20:15:19+01:00,87f82783-853b-417d-8964-b5cf11e44873,41.035567,21.337528,pm25,5
2026-02-24T20:15:19+01:00,87f82783-853b-417d-8964-b5cf11e44873,41.035567,21.337528,pressure,943
2026-02-24T20:15:19+01:00,87f82783-853b-417d-8964-b5cf11e44873,41.035567,21.337528,temperature,13
2026-02-24T20:30:50+01:00,87f82783-853b-417d-8964-b5cf11e44873,41.035567,21.337528,gasResistance,210869
2026-02-24T20:30:50+01:00,87f82783-853b-417d-8964-b5cf11e44873,41.035567,21.337528,humidity,54
2026-02-24T20:30:50+01:00,87f82783-853b-417d-8964-b5cf11e44873,41.035567,21.337528,noise,11
2026-02-24T20:30:50+01:00,87f82783-853b-417d-8964-b5cf11e44873,41.035567,21.337528,noise_dba,24
2026-02-24T20:30:50+01:00,87f82783-853b-417d-8964-b5cf11e44873,41.035567,21.337528,pm10,9
2026-02-24T20:30:50+01:00,87f82783-853b-417d-8964-b5cf11e44873,41.035567,21.337528,pm25,6
2026-02-24T20:30:50+01:00,87f82783-853b-417d-8964-b5cf11e44873,41.035567,21.337528,pressure,943
2026-02-24T20:30:50+01:00,87f82783-853b-417d-8964-b5cf11e44873,41.035567,21.337528,temperature,12
2026-02-24T20:46:22+01:00,87f82783-853b-417d-8964-b5cf11e44873,41.035567,21.337528,gasResistance,209009
2026-02-24T20:46:22+01:00,87f82783-853b-417d-8964-b5cf11e44873,41.035567,21.337528,humidity,55
2026-02-24T20:46:22+01:00,87f82783-853b-417d-8964-b5cf11e44873,41.035567,21.337528,noise,11
2026-02-24T20:46:22+01:00,87f82783-853b-417d-8964-b5cf11e44873,41.035567,21.337528,noise_dba,24
2026-02-24T20:46:22+01:00,87f82783-853b-417d-8964-b5cf11e44873,41.035567,21.337528,pm10,12
2026-02-24T20:46:22+01:00,87f82783-853b-417d-8964-b5cf11e44873,41.035567,21.337528,pm25,6
2026-02-24T20:46:22+01:00,87f82783-853b-417d-8964-b5cf11e44873,41.035567,21.337528,pressure,944
2026-02-24T20:46:22+01:00,87f82783-853b-417d-8964-b5cf11e44873,41.035567,21.337528,temperature,12
2026-02-24T21:01:53+01:00,87f82783-853b-417d-8964-b5cf11e44873,41.035567,21.337528,gasResistance,207182
2026-02-24T21:01:53+01:00,87f82783-853b-417d-8964-b5cf11e44873,41.035567,21.337528,humidity,56
2026-02-24T21:01:53+01:00,87f82783-853b-417d-8964-b5cf11e44873,41.035567,21.337528,noise,11
2026-02-24T21:01:53+01:00,87f82783-853b-417d-8964-b5cf11e44873,41.035567,21.337528,noise_dba,24
2026-02-24T21:01:53+01:00,87f82783-853b-417d-8964-b5cf11e44873,41.035567,21.337528,pm10,18
2026-02-24T21:01:53+01:00,87f82783-853b-417d-8964-b5cf11e44873,41.035567,21.337528,pm25,12
2026-02-24T21:01:53+01:00,87f82783-853b-417d-8964-b5cf11e44873,41.035567,21.337528,pressure,944
2026-02-24T21:01:53+01:00,87f82783-853b-417d-8964-b5cf11e44873,41.035567,21.337528,temperature,12
2026-02-24T21:17:24+01:00,87f82783-853b-417d-8964-b5cf11e44873,41.035567,21.337528,gasResistance,207961
2026-02-24T21:17:24+01:00,87f82783-853b-417d-8964-b5cf11e44873,41.035567,21.337528,humidity,56
2026-02-24T21:17:24+01:00,87f82783-853b-417d-8964-b5cf11e44873,41.035567,21.337528,noise,11
2026-02-24T21:17:24+01:00,87f82783-853b-417d-8964-b5cf11e44873,41.035567,21.337528,noise_dba,24
2026-02-24T21:17:24+01:00,87f82783-853b-417d-8964-b5cf11e44873,41.035567,21.337528,pm10,13
2026-02-24T21:17:24+01:00,87f82783-853b-417d-8964-b5cf11e44873,41.035567,21.337528,pm25,8
2026-02-24T21:17:24+01:00,87f82783-853b-417d-8964-b5cf11e44873,41.035567,21.337528,pressure,944
2026-02-24T21:17:24+01:00,87f82783-853b-417d-8964-b5cf11e44873,41.035567,21.337528,temperature,12
2026-02-24T21:32:58+01:00,87f82783-853b-417d-8964-b5cf11e44873,41.035567,21.337528,gasResistance,209405
2026-02-24T21:32:58+01:00,87f82783-853b-417d-8964-b5cf11e44873,41.035567,21.337528,humidity,56
2026-02-24T21:32:58+01:00,87f82783-853b-417d-8964-b5cf11e44873,41.035567,21.337528,noise,11
2026-02-24T21:32:58+01:00,87f82783-853b-417d-8964-b5cf11e44873,41.035567,21.337528,noise_dba,24
2026-02-24T21:32:58+01:00,87f82783-853b-417d-8964-b5cf11e44873,41.035567,21.337528,pm10,11
2026-02-24T21:32:58+01:00,87f82783-853b-417d-8964-b5cf11e44873,41.035567,21.337528,pm25,7
2026-02-24T21:32:58+01:00,87f82783-853b-417d-8964-b5cf11e44873,41.035567,21.337528,pressure,944
2026-02-24T21:32:58+01:00,87f82783-853b-417d-8964-b5cf11e44873,41.035567,21.337528,temperature,12
2026-02-24T21:48:29+01:00,87f82783-853b-417d-8964-b5cf11e44873,41.035567,21.337528,gasResistance,208615
2026-02-24T21:48:29+01:00,87f82783-853b-417d-8964-b5cf11e44873,41.035567,21.337528,humidity,56
2026-02-24T21:48:29+01:00,87f82783-853b-417d-8964-b5cf11e44873,41.035567,21.337528,noise,11
2026-02-24T21:48:29+01:00,87f82783-853b-417d-8964-b5cf11e44873,41.035567,21.337528,noise_dba,24
2026-02-24T21:48:29+01:00,87f82783-853b-417d-8964-b5cf11e44873,41.035567,21.337528,pm10,17
2026-02-24T21:48:29+01:00,87f82783-853b-417d-8964-b5cf11e44873,41.035567,21.337528,pm25,10
2026-02-24T21:48:29+01:00,87f82783-853b-417d-8964-b5cf11e44873,41.035567,21.337528,pressure,944
2026-02-24T21:48:29+01:00,87f82783-853b-417d-8964-b5cf11e44873,41.035567,21.337528,temperature,12
2026-02-24T22:04:01+01:00,87f82783-853b-417d-8964-b5cf11e44873,41.035567,21.337528,gasResistance,210601
2026-02-24T22:04:01+01:00,87f82783-853b-417d-8964-b5cf11e44873,41.035567,21.337528,humidity,55
2026-02-24T22:04:01+01:00,87f82783-853b-417d-8964-b5cf11e44873,41.035567,21.337528,noise,11
2026-02-24T22:04:01+01:00,87f82783-853b-417d-8964-b5cf11e44873,41.035567,21.337528,noise_dba,24
2026-02-24T22:04:01+01:00,87f82783-853b-417d-8964-b5cf11e44873,41.035567,21.337528,pm10,8
2026-02-24T22:04:01+01:00,87f82783-853b-417d-8964-b5cf11e44873,41.035567,21.337528,pm25,5
2026-02-24T22:04:01+01:00,87f82783-853b-417d-8964-b5cf11e44873,41.035567,21.337528,pressure,945
2026-02-24T22:04:01+01:00,87f82783-853b-417d-8964-b5cf11e44873,41.035567,21.337528,temperature,11
2026-02-24T22:19:33+01:00,87f82783-853b-417d-8964-b5cf11e44873,41.035567,21.337528,gasResistance,215526
2026-02-24T22:19:33+01:00,87f82783-853b-417d-8964-b5cf11e44873,41.035567,21.337528,humidity,54
2026-02-24T22:19:33+01:00,87f82783-853b-417d-8964-b5cf11e44873,41.035567,21.337528,pm10,6
2026-02-24T22:19:33+01:00,87f82783-853b-417d-8964-b5cf11e44873,41.035567,21.337528,pm25,3
2026-02-24T22:19:33+01:00,87f82783-853b-417d-8964-b5cf11e44873,41.035567,21.337528,pressure,945
2026-02-24T22:19:33+01:00,87f82783-853b-417d-8964-b5cf11e44873,41.035567,21.337528,temperature,11
2026-02-24T22:35:04+01:00,87f82783-853b-417d-8964-b5cf11e44873,41.035567,21.337528,gasResistance,219373
2026-02-24T22:35:04+01:00,87f82783-853b-417d-8964-b5cf11e44873,41.035567,21.337528,humidity,54
2026-02-24T22:35:04+01:00,87f82783-853b-417d-8964-b5cf11e44873,41.035567,21.337528,noise,11
2026-02-24T22:35:04+01:00,87f82783-853b-417d-8964-b5cf11e44873,41.035567,21.337528,noise_dba,24
2026-02-24T22:35:04+01:00,87f82783-853b-417d-8964-b5cf11e44873,41.035567,21.337528,pm10,5
2026-02-24T22:35:04+01:00,87f82783-853b-417d-8964-b5cf11e44873,41.035567,21.337528,pm25,4
2026-02-24T22:35:04+01:00,87f82783-853b-417d-8964-b5cf11e44873,41.035567,21.337528,pressure,945
2026-02-24T22:35:04+01:00,87f82783-853b-417d-8964-b5cf11e44873,41.035567,21.337528,temperature,11
2026-02-24T22:50:40+01:00,87f82783-853b-417d-8964-b5cf11e44873,41.035567,21.337528,gasResistance,222462
2026-02-24T22:50:40+01:00,87f82783-853b-417d-8964-b5cf11e44873,41.035567,21.337528,humidity,54
2026-02-24T22:50:40+01:00,87f82783-853b-417d-8964-b5cf11e44873,41.035567,21.337528,noise,11
2026-02-24T22:50:40+01:00,87f82783-853b-417d-8964-b5cf11e44873,41.035567,21.337528,noise_dba,24
2026-02-24T22:50:40+01:00,87f82783-853b-417d-8964-b5cf11e44873,41.035567,21.337528,pm10,25
2026-02-24T22:50:40+01:00,87f82783-853b-417d-8964-b5cf11e44873,41.035567,21.337528,pm25,12
2026-02-24T22:50:40+01:00,87f82783-853b-417d-8964-b5cf11e44873,41.035567,21.337528,pressure,945
2026-02-24T22:50:40+01:00,87f82783-853b-417d-8964-b5cf11e44873,41.035567,21.337528,temperature,11
2026-02-24T23:06:11+01:00,87f82783-853b-417d-8964-b5cf11e44873,41.035567,21.337528,gasResistance,223210
2026-02-24T23:06:11+01:00,87f82783-853b-417d-8964-b5cf11e44873,41.035567,21.337528,humidity,54
2026-02-24T23:06:11+01:00,87f82783-853b-417d-8964-b5cf11e44873,41.035567,21.337528,noise,11
2026-02-24T23:06:11+01:00,87f82783-853b-417d-8964-b5cf11e44873,41.035567,21.337528,noise_dba,24
2026-02-24T23:06:11+01:00,87f82783-853b-417d-8964-b5cf11e44873,41.035567,21.337528,pm10,15
2026-02-24T23:06:11+01:00,87f82783-853b-417d-8964-b5cf11e44873,41.035567,21.337528,pm25,7
2026-02-24T23:06:11+01:00,87f82783-853b-417d-8964-b5cf11e44873,41.035567,21.337528,pressure,945
2026-02-24T23:06:11+01:00,87f82783-853b-417d-8964-b5cf11e44873,41.035567,21.337528,temperature,11
2026-02-24T23:21:42+01:00,87f82783-853b-417d-8964-b5cf11e44873,41.035567,21.337528,gasResistance,222462
2026-02-24T23:21:42+01:00,87f82783-853b-417d-8964-b5cf11e44873,41.035567,21.337528,humidity,54
2026-02-24T23:21:42+01:00,87f82783-853b-417d-8964-b5cf11e44873,41.035567,21.337528,noise,11
2026-02-24T23:21:42+01:00,87f82783-853b-417d-8964-b5cf11e44873,41.035567,21.337528,noise_dba,24
2026-02-24T23:21:42+01:00,87f82783-853b-417d-8964-b5cf11e44873,41.035567,21.337528,pm10,25
2026-02-24T23:21:42+01:00,87f82783-853b-417d-8964-b5cf11e44873,41.035567,21.337528,pm25,12
2026-02-24T23:21:42+01:00,87f82783-853b-417d-8964-b5cf11e44873,41.035567,21.337528,pressure,945
2026-02-24T23:21:42+01:00,87f82783-853b-417d-8964-b5cf11e44873,41.035567,21.337528,temperature,11
2026-02-24T23:37:14+01:00,87f82783-853b-417d-8964-b5cf11e44873,41.035567,21.337528,gasResistance,226100
2026-02-24T23:37:14+01:00,87f82783-853b-417d-8964-b5cf11e44873,41.035567,21.337528,humidity,55
2026-02-24T23:37:14+01:00,87f82783-853b-417d-8964-b5cf11e44873,41.035567,21.337528,noise,11
2026-02-24T23:37:14+01:00,87f82783-853b-417d-8964-b5cf11e44873,41.035567,21.337528,noise_dba,24
2026-02-24T23:37:14+01:00,87f82783-853b-417d-8964-b5cf11e44873,41.035567,21.337528,pm10,10
2026-02-24T23:37:14+01:00,87f82783-853b-417d-8964-b5cf11e44873,41.035567,21.337528,pm25,6
2026-02-24T23:37:14+01:00,87f82783-853b-417d-8964-b5cf11e44873,41.035567,21.337528,pressure,946
2026-02-24T23:37:14+01:00,87f82783-853b-417d-8964-b5cf11e44873,41.035567,21.337528,temperature,11
2026-02-24T23:52:46+01:00,87f82783-853b-417d-8964-b5cf11e44873,41.035567,21.337528,gasResistance,227029
2026-02-24T23:52:46+01:00,87f82783-853b-417d-8964-b5cf11e44873,41.035567,21.337528,humidity,55
2026-02-24T23:52:46+01:00,87f82783-853b-417d-8964-b5cf11e44873,41.035567,21.337528,noise,11
2026-02-24T23:52:46+01:00,87f82783-853b-417d-8964-b5cf11e44873,41.035567,21.337528,noise_dba,24
2026-02-24T23:52:46+01:00,87f82783-853b-417d-8964-b5cf11e44873,41.035567,21.337528,pm10,91
2026-02-24T23:52:46+01:00,87f82783-853b-417d-8964-b5cf11e44873,41.035567,21.337528,pm25,42
2026-02-24T23:52:46+01:00,87f82783-853b-417d-8964-b5cf11e44873,41.035567,21.337528,pressure,946
2026-02-24T23:52:46+01:00,87f82783-853b-417d-8964-b5cf11e44873,41.035567,21.337528,temperature,11
2026-02-25T00:08:17+01:00,87f82783-853b-417d-8964-b5cf11e44873,41.035567,21.337528,gasResistance,228121
2026-02-25T00:08:17+01:00,87f82783-853b-417d-8964-b5cf11e44873,41.035567,21.337528,humidity,55
2026-02-25T00:08:17+01:00,87f82783-853b-417d-8964-b5cf11e44873,41.035567,21.337528,noise,11
2026-02-25T00:08:17+01:00,87f82783-853b-417d-8964-b5cf11e44873,41.035567,21.337528,noise_dba,24
2026-02-25T00:08:17+01:00,87f82783-853b-417d-8964-b5cf11e44873,41.035567,21.337528,pm10,24
2026-02-25T00:08:17+01:00,87f82783-853b-417d-8964-b5cf11e44873,41.035567,21.337528,pm25,11
2026-02-25T00:08:17+01:00,87f82783-853b-417d-8964-b5cf11e44873,41.035567,21.337528,pressure,946
2026-02-25T00:08:17+01:00,87f82783-853b-417d-8964-b5cf11e44873,41.035567,21.337528,temperature,11
2026-02-25T00:23:49+01:00,87f82783-853b-417d-8964-b5cf11e44873,41.035567,21.337528,gasResistance,230659
2026-02-25T00:23:49+01:00,87f82783-853b-417d-8964-b5cf11e44873,41.035567,21.337528,humidity,55
2026-02-25T00:23:49+01:00,87f82783-853b-417d-8964-b5cf11e44873,41.035567,21.337528,pm10,44
2026-02-25T00:23:49+01:00,87f82783-853b-417d-8964-b5cf11e44873,41.035567,21.337528,pm25,22
2026-02-25T00:23:49+01:00,87f82783-853b-417d-8964-b5cf11e44873,41.035567,21.337528,pressure,946
2026-02-25T00:23:49+01:00,87f82783-853b-417d-8964-b5cf11e44873,41.035567,21.337528,temperature,11
2026-02-25T00:39:20+01:00,87f82783-853b-417d-8964-b5cf11e44873,41.035567,21.337528,gasResistance,225793
2026-02-25T00:39:20+01:00,87f82783-853b-417d-8964-b5cf11e44873,41.035567,21.337528,humidity,56
2026-02-25T00:39:20+01:00,87f82783-853b-417d-8964-b5cf11e44873,41.035567,21.337528,pm10,27
2026-02-25T00:39:20+01:00,87f82783-853b-417d-8964-b5cf11e44873,41.035567,21.337528,pm25,13
2026-02-25T00:39:20+01:00,87f82783-853b-417d-8964-b5cf11e44873,41.035567,21.337528,pressure,946
2026-02-25T00:39:20+01:00,87f82783-853b-417d-8964-b5cf11e44873,41.035567,21.337528,temperature,11
2026-02-25T00:54:52+01:00,87f82783-853b-417d-8964-b5cf11e44873,41.035567,21.337528,gasResistance,231949
2026-02-25T00:54:52+01:00,87f82783-853b-417d-8964-b5cf11e44873,41.035567,21.337528,humidity,56
2026-02-25T00:54:52+01:00,87f82783-853b-417d-8964-b5cf11e44873,41.035567,21.337528,pm10,8
2026-02-25T00:54:52+01:00,87f82783-853b-417d-8964-b5cf11e44873,41.035567,21.337528,pm25,4
2026-02-25T00:54:52+01:00,87f82783-853b-417d-8964-b5cf11e44873,41.035567,21.337528,pressure,947
2026-02-25T00:54:52+01:00,87f82783-853b-417d-8964-b5cf11e44873,41.035567,21.337528,temperature,11
2026-02-25T01:10:23+01:00,87f82783-853b-417d-8964-b5cf11e44873,41.035567,21.337528,gasResistance,233417
2026-02-25T01:10:23+01:00,87f82783-853b-417d-8964-b5cf11e44873,41.035567,21.337528,humidity,56
2026-02-25T01:10:23+01:00,87f82783-853b-417d-8964-b5cf11e44873,41.035567,21.337528,pm10,11
2026-02-25T01:10:23+01:00,87f82783-853b-417d-8964-b5cf11e44873,41.035567,21.337528,pm25,6
2026-02-25T01:10:23+01:00,87f82783-853b-417d-8964-b5cf11e44873,41.035567,21.337528,pressure,947
2026-02-25T01:10:23+01:00,87f82783-853b-417d-8964-b5cf11e44873,41.035567,21.337528,temperature,11
2026-02-25T01:25:54+01:00,87f82783-853b-417d-8964-b5cf11e44873,41.035567,21.337528,gasResistance,233746
2026-02-25T01:25:54+01:00,87f82783-853b-417d-8964-b5cf11e44873,41.035567,21.337528,humidity,56
2026-02-25T01:25:54+01:00,87f82783-853b-417d-8964-b5cf11e44873,41.035567,21.337528,pm10,7
2026-02-25T01:25:54+01:00,87f82783-853b-417d-8964-b5cf11e44873,41.035567,21.337528,pm25,3
2026-02-25T01:25:54+01:00,87f82783-853b-417d-8964-b5cf11e44873,41.035567,21.337528,pressure,947
2026-02-25T01:25:54+01:00,87f82783-853b-417d-8964-b5cf11e44873,41.035567,21.337528,temperature,10
2026-02-25T01:41:26+01:00,87f82783-853b-417d-8964-b5cf11e44873,41.035567,21.337528,gasResistance,238621
2026-02-25T01:41:26+01:00,87f82783-853b-417d-8964-b5cf11e44873,41.035567,21.337528,humidity,55
2026-02-25T01:41:26+01:00,87f82783-853b-417d-8964-b5cf11e44873,41.035567,21.337528,pm10,5
2026-02-25T01:41:26+01:00,87f82783-853b-417d-8964-b5cf11e44873,41.035567,21.337528,pm25,3
2026-02-25T01:41:26+01:00,87f82783-853b-417d-8964-b5cf11e44873,41.035567,21.337528,pressure,947
2026-02-25T01:41:26+01:00,87f82783-853b-417d-8964-b5cf11e44873,41.035567,21.337528,temperature,10
2026-02-25T01:56:57+01:00,87f82783-853b-417d-8964-b5cf11e44873,41.035567,21.337528,gasResistance,241399
2026-02-25T01:56:57+01:00,87f82783-853b-417d-8964-b5cf11e44873,41.035567,21.337528,humidity,55
2026-02-25T01:56:57+01:00,87f82783-853b-417d-8964-b5cf11e44873,41.035567,21.337528,pm10,4
2026-02-25T01:56:57+01:00,87f82783-853b-417d-8964-b5cf11e44873,41.035567,21.337528,pm25,2
2026-02-25T01:56:57+01:00,87f82783-853b-417d-8964-b5cf11e44873,41.035567,21.337528,pressure,947
2026-02-25T01:56:57+01:00,87f82783-853b-417d-8964-b5cf11e44873,41.035567,21.337528,temperature,10
2026-02-25T02:12:29+01:00,87f82783-853b-417d-8964-b5cf11e44873,41.035567,21.337528,gasResistance,246236
2026-02-25T02:12:29+01:00,87f82783-853b-417d-8964-b5cf11e44873,41.035567,21.337528,humidity,55
2026-02-25T02:12:29+01:00,87f82783-853b-417d-8964-b5cf11e44873,41.035567,21.337528,pm10,5
2026-02-25T02:12:29+01:00,87f82783-853b-417d-8964-b5cf11e44873,41.035567,21.337528,pm25,2
2026-02-25T02:12:29+01:00,87f82783-853b-417d-8964-b5cf11e44873,41.035567,21.337528,pressure,947
2026-02-25T02:12:29+01:00,87f82783-853b-417d-8964-b5cf11e44873,41.035567,21.337528,temperature,10
2026-02-25T02:28:00+01:00,87f82783-853b-417d-8964-b5cf11e44873,41.035567,21.337528,gasResistance,250511
2026-02-25T02:28:00+01:00,87f82783-853b-417d-8964-b5cf11e44873,41.035567,21.337528,humidity,55
2026-02-25T02:28:00+01:00,87f82783-853b-417d-8964-b5cf11e44873,41.035567,21.337528,pm10,3
2026-02-25T02:28:00+01:00,87f82783-853b-417d-8964-b5cf11e44873,41.035567,21.337528,pm25,2
2026-02-25T02:28:00+01:00,87f82783-853b-417d-8964-b5cf11e44873,41.035567,21.337528,pressure,947
2026-02-25T02:28:00+01:00,87f82783-853b-417d-8964-b5cf11e44873,41.035567,21.337528,temperature,10
2026-02-25T02:43:31+01:00,87f82783-853b-417d-8964-b5cf11e44873,41.035567,21.337528,gasResistance,255527
2026-02-25T02:43:31+01:00,87f82783-853b-417d-8964-b5cf11e44873,41.035567,21.337528,humidity,55
2026-02-25T02:43:31+01:00,87f82783-853b-417d-8964-b5cf11e44873,41.035567,21.337528,pm10,4
2026-02-25T02:43:31+01:00,87f82783-853b-417d-8964-b5cf11e44873,41.035567,21.337528,pm25,2
2026-02-25T02:43:31+01:00,87f82783-853b-417d-8964-b5cf11e44873,41.035567,21.337528,pressure,947
2026-02-25T02:43:31+01:00,87f82783-853b-417d-8964-b5cf11e44873,41.035567,21.337528,temperature,10
2026-02-25T02:59:03+01:00,87f82783-853b-417d-8964-b5cf11e44873,41.035567,21.337528,gasResistance,260748
2026-02-25T02:59:03+01:00,87f82783-853b-417d-8964-b5cf11e44873,41.035567,21.337528,humidity,54
2026-02-25T02:59:03+01:00,87f82783-853b-417d-8964-b5cf11e44873,41.035567,21.337528,pm10,5
2026-02-25T02:59:03+01:00,87f82783-853b-417d-8964-b5cf11e44873,41.035567,21.337528,pm25,2
2026-02-25T02:59:03+01:00,87f82783-853b-417d-8964-b5cf11e44873,41.035567,21.337528,pressure,947
2026-02-25T02:59:03+01:00,87f82783-853b-417d-8964-b5cf11e44873,41.035567,21.337528,temperature,10
2026-02-25T03:14:34+01:00,87f82783-853b-417d-8964-b5cf11e44873,41.035567,21.337528,gasResistance,264912
2026-02-25T03:14:34+01:00,87f82783-853b-417d-8964-b5cf11e44873,41.035567,21.337528,humidity,54
2026-02-25T03:14:34+01:00,87f82783-853b-417d-8964-b5cf11e44873,41.035567,21.337528,pm10,8
2026-02-25T03:14:34+01:00,87f82783-853b-417d-8964-b5cf11e44873,41.035567,21.337528,pm25,4
2026-02-25T03:14:34+01:00,87f82783-853b-417d-8964-b5cf11e44873,41.035567,21.337528,pressure,947
2026-02-25T03:14:34+01:00,87f82783-853b-417d-8964-b5cf11e44873,41.035567,21.337528,temperature,10
2026-02-25T03:30:05+01:00,87f82783-853b-417d-8964-b5cf11e44873,41.035567,21.337528,gasResistance,267475
2026-02-25T03:30:05+01:00,87f82783-853b-417d-8964-b5cf11e44873,41.035567,21.337528,humidity,54
2026-02-25T03:30:05+01:00,87f82783-853b-417d-8964-b5cf11e44873,41.035567,21.337528,pm10,8
2026-02-25T03:30:05+01:00,87f82783-853b-417d-8964-b5cf11e44873,41.035567,21.337528,pm25,4
2026-02-25T03:30:05+01:00,87f82783-853b-417d-8964-b5cf11e44873,41.035567,21.337528,pressure,947
2026-02-25T03:30:05+01:00,87f82783-853b-417d-8964-b5cf11e44873,41.035567,21.337528,temperature,9
2026-02-25T03:45:37+01:00,87f82783-853b-417d-8964-b5cf11e44873,41.035567,21.337528,gasResistance,267044
2026-02-25T03:45:37+01:00,87f82783-853b-417d-8964-b5cf11e44873,41.035567,21.337528,humidity,55
2026-02-25T03:45:37+01:00,87f82783-853b-417d-8964-b5cf11e44873,41.035567,21.337528,pm10,17
2026-02-25T03:45:37+01:00,87f82783-853b-417d-8964-b5cf11e44873,41.035567,21.337528,pm25,7
2026-02-25T03:45:37+01:00,87f82783-853b-417d-8964-b5cf11e44873,41.035567,21.337528,pressure,947
2026-02-25T03:45:37+01:00,87f82783-853b-417d-8964-b5cf11e44873,41.035567,21.337528,temperature,9
2026-02-25T04:01:08+01:00,87f82783-853b-417d-8964-b5cf11e44873,41.035567,21.337528,gasResistance,264490
2026-02-25T04:01:08+01:00,87f82783-853b-417d-8964-b5cf11e44873,41.035567,21.337528,humidity,55
2026-02-25T04:01:08+01:00,87f82783-853b-417d-8964-b5cf11e44873,41.035567,21.337528,pm10,18
2026-02-25T04:01:08+01:00,87f82783-853b-417d-8964-b5cf11e44873,41.035567,21.337528,pm25,9
2026-02-25T04:01:08+01:00,87f82783-853b-417d-8964-b5cf11e44873,41.035567,21.337528,pressure,947
2026-02-25T04:01:08+01:00,87f82783-853b-417d-8964-b5cf11e44873,41.035567,21.337528,temperature,9
2026-02-25T04:16:40+01:00,87f82783-853b-417d-8964-b5cf11e44873,41.035567,21.337528,gasResistance,261984
2026-02-25T04:16:40+01:00,87f82783-853b-417d-8964-b5cf11e44873,41.035567,21.337528,humidity,56
2026-02-25T04:16:40+01:00,87f82783-853b-417d-8964-b5cf11e44873,41.035567,21.337528,pm10,19
2026-02-25T04:16:40+01:00,87f82783-853b-417d-8964-b5cf11e44873,41.035567,21.337528,pm25,11
2026-02-25T04:16:40+01:00,87f82783-853b-417d-8964-b5cf11e44873,41.035567,21.337528,pressure,947
2026-02-25T04:16:40+01:00,87f82783-853b-417d-8964-b5cf11e44873,41.035567,21.337528,temperature,9
2026-02-25T04:32:11+01:00,87f82783-853b-417d-8964-b5cf11e44873,41.035567,21.337528,gasResistance,260748
2026-02-25T04:32:11+01:00,87f82783-853b-417d-8964-b5cf11e44873,41.035567,21.337528,humidity,56
2026-02-25T04:32:11+01:00,87f82783-853b-417d-8964-b5cf11e44873,41.035567,21.337528,pm10,67
2026-02-25T04:32:11+01:00,87f82783-853b-417d-8964-b5cf11e44873,41.035567,21.337528,pm25,29
2026-02-25T04:32:11+01:00,87f82783-853b-417d-8964-b5cf11e44873,41.035567,21.337528,pressure,947
2026-02-25T04:32:11+01:00,87f82783-853b-417d-8964-b5cf11e44873,41.035567,21.337528,temperature,9
2026-02-25T04:47:43+01:00,87f82783-853b-417d-8964-b5cf11e44873,41.035567,21.337528,gasResistance,259525
2026-02-25T04:47:43+01:00,87f82783-853b-417d-8964-b5cf11e44873,41.035567,21.337528,humidity,57
2026-02-25T04:47:43+01:00,87f82783-853b-417d-8964-b5cf11e44873,41.035567,21.337528,pm10,10
2026-02-25T04:47:43+01:00,87f82783-853b-417d-8964-b5cf11e44873,41.035567,21.337528,pm25,6
2026-02-25T04:47:43+01:00,87f82783-853b-417d-8964-b5cf11e44873,41.035567,21.337528,pressure,947
2026-02-25T04:47:43+01:00,87f82783-853b-417d-8964-b5cf11e44873,41.035567,21.337528,temperature,9
2026-02-25T05:03:14+01:00,87f82783-853b-417d-8964-b5cf11e44873,41.035567,21.337528,gasResistance,263859
2026-02-25T05:03:14+01:00,87f82783-853b-417d-8964-b5cf11e44873,41.035567,21.337528,humidity,57
2026-02-25T05:03:14+01:00,87f82783-853b-417d-8964-b5cf11e44873,41.035567,21.337528,pm10,9
2026-02-25T05:03:14+01:00,87f82783-853b-417d-8964-b5cf11e44873,41.035567,21.337528,pm25,4
2026-02-25T05:03:14+01:00,87f82783-853b-417d-8964-b5cf11e44873,41.035567,21.337528,pressure,947
2026-02-25T05:03:14+01:00,87f82783-853b-417d-8964-b5cf11e44873,41.035567,21.337528,temperature,8
2026-02-25T05:18:45+01:00,87f82783-853b-417d-8964-b5cf11e44873,41.035567,21.337528,gasResistance,263649
2026-02-25T05:18:45+01:00,87f82783-853b-417d-8964-b5cf11e44873,41.035567,21.337528,humidity,58
2026-02-25T05:18:45+01:00,87f82783-853b-417d-8964-b5cf11e44873,41.035567,21.337528,noise,11
2026-02-25T05:18:45+01:00,87f82783-853b-417d-8964-b5cf11e44873,41.035567,21.337528,noise_dba,24
2026-02-25T05:18:45+01:00,87f82783-853b-417d-8964-b5cf11e44873,41.035567,21.337528,pm10,15
2026-02-25T05:18:45+01:00,87f82783-853b-417d-8964-b5cf11e44873,41.035567,21.337528,pm25,8
2026-02-25T05:18:45+01:00,87f82783-853b-417d-8964-b5cf11e44873,41.035567,21.337528,pressure,948
2026-02-25T05:18:45+01:00,87f82783-853b-417d-8964-b5cf11e44873,41.035567,21.337528,temperature,8
2026-02-25T05:34:16+01:00,87f82783-853b-417d-8964-b5cf11e44873,41.035567,21.337528,gasResistance,259728
2026-02-25T05:34:16+01:00,87f82783-853b-417d-8964-b5cf11e44873,41.035567,21.337528,humidity,58
2026-02-25T05:34:16+01:00,87f82783-853b-417d-8964-b5cf11e44873,41.035567,21.337528,noise,11
2026-02-25T05:34:16+01:00,87f82783-853b-417d-8964-b5cf11e44873,41.035567,21.337528,noise_dba,24
2026-02-25T05:34:16+01:00,87f82783-853b-417d-8964-b5cf11e44873,41.035567,21.337528,pm10,20
2026-02-25T05:34:16+01:00,87f82783-853b-417d-8964-b5cf11e44873,41.035567,21.337528,pm25,11
2026-02-25T05:34:16+01:00,87f82783-853b-417d-8964-b5cf11e44873,41.035567,21.337528,pressure,948
2026-02-25T05:34:16+01:00,87f82783-853b-417d-8964-b5cf11e44873,41.035567,21.337528,temperature,8
2026-02-25T05:49:49+01:00,87f82783-853b-417d-8964-b5cf11e44873,41.035567,21.337528,gasResistance,259525
2026-02-25T05:49:49+01:00,87f82783-853b-417d-8964-b5cf11e44873,41.035567,21.337528,humidity,57
2026-02-25T05:49:49+01:00,87f82783-853b-417d-8964-b5cf11e44873,41.035567,21.337528,noise,11
2026-02-25T05:49:49+01:00,87f82783-853b-417d-8964-b5cf11e44873,41.035567,21.337528,noise_dba,24
2026-02-25T05:49:49+01:00,87f82783-853b-417d-8964-b5cf11e44873,41.035567,21.337528,pm10,30
2026-02-25T05:49:49+01:00,87f82783-853b-417d-8964-b5cf11e44873,41.035567,21.337528,pm25,15
2026-02-25T05:49:49+01:00,87f82783-853b-417d-8964-b5cf11e44873,41.035567,21.337528,pressure,948
2026-02-25T05:49:49+01:00,87f82783-853b-417d-8964-b5cf11e44873,41.035567,21.337528,temperature,8
2026-02-25T06:05:20+01:00,87f82783-853b-417d-8964-b5cf11e44873,41.035567,21.337528,gasResistance,263649
2026-02-25T06:05:20+01:00,87f82783-853b-417d-8964-b5cf11e44873,41.035567,21.337528,humidity,57
2026-02-25T06:05:20+01:00,87f82783-853b-417d-8964-b5cf11e44873,41.035567,21.337528,noise,11
2026-02-25T06:05:20+01:00,87f82783-853b-417d-8964-b5cf11e44873,41.035567,21.337528,noise_dba,24
2026-02-25T06:05:20+01:00,87f82783-853b-417d-8964-b5cf11e44873,41.035567,21.337528,pm10,11
2026-02-25T06:05:20+01:00,87f82783-853b-417d-8964-b5cf11e44873,41.035567,21.337528,pm25,6
2026-02-25T06:05:20+01:00,87f82783-853b-417d-8964-b5cf11e44873,41.035567,21.337528,pressure,948
2026-02-25T06:05:20+01:00,87f82783-853b-417d-8964-b5cf11e44873,41.035567,21.337528,temperature,8
2026-02-25T06:20:51+01:00,87f82783-853b-417d-8964-b5cf11e44873,41.035567,21.337528,gasResistance,269648
2026-02-25T06:20:51+01:00,87f82783-853b-417d-8964-b5cf11e44873,41.035567,21.337528,humidity,58
2026-02-25T06:20:51+01:00,87f82783-853b-417d-8964-b5cf11e44873,41.035567,21.337528,noise,11
2026-02-25T06:20:51+01:00,87f82783-853b-417d-8964-b5cf11e44873,41.035567,21.337528,noise_dba,24
2026-02-25T06:20:51+01:00,87f82783-853b-417d-8964-b5cf11e44873,41.035567,21.337528,pm10,18
2026-02-25T06:20:51+01:00,87f82783-853b-417d-8964-b5cf11e44873,41.035567,21.337528,pm25,10
2026-02-25T06:20:51+01:00,87f82783-853b-417d-8964-b5cf11e44873,41.035567,21.337528,pressure,948
2026-02-25T06:20:51+01:00,87f82783-853b-417d-8964-b5cf11e44873,41.035567,21.337528,temperature,8
2026-02-25T06:36:23+01:00,87f82783-853b-417d-8964-b5cf11e44873,41.035567,21.337528,gasResistance,259931
2026-02-25T06:36:23+01:00,87f82783-853b-417d-8964-b5cf11e44873,41.035567,21.337528,humidity,58
2026-02-25T06:36:23+01:00,87f82783-853b-417d-8964-b5cf11e44873,41.035567,21.337528,noise,12
2026-02-25T06:36:23+01:00,87f82783-853b-417d-8964-b5cf11e44873,41.035567,21.337528,noise_dba,25
2026-02-25T06:36:23+01:00,87f82783-853b-417d-8964-b5cf11e44873,41.035567,21.337528,pm10,14
2026-02-25T06:36:23+01:00,87f82783-853b-417d-8964-b5cf11e44873,41.035567,21.337528,pm25,7
2026-02-25T06:36:23+01:00,87f82783-853b-417d-8964-b5cf11e44873,41.035567,21.337528,pressure,948
2026-02-25T06:36:23+01:00,87f82783-853b-417d-8964-b5cf11e44873,41.035567,21.337528,temperature,8
2026-02-25T06:51:54+01:00,87f82783-853b-417d-8964-b5cf11e44873,41.035567,21.337528,gasResistance,252995
2026-02-25T06:51:54+01:00,87f82783-853b-417d-8964-b5cf11e44873,41.035567,21.337528,humidity,59
2026-02-25T06:51:54+01:00,87f82783-853b-417d-8964-b5cf11e44873,41.035567,21.337528,noise,11
2026-02-25T06:51:54+01:00,87f82783-853b-417d-8964-b5cf11e44873,41.035567,21.337528,noise_dba,24
2026-02-25T06:51:54+01:00,87f82783-853b-417d-8964-b5cf11e44873,41.035567,21.337528,pm10,40
2026-02-25T06:51:54+01:00,87f82783-853b-417d-8964-b5cf11e44873,41.035567,21.337528,pm25,18
2026-02-25T06:51:54+01:00,87f82783-853b-417d-8964-b5cf11e44873,41.035567,21.337528,pressure,948
2026-02-25T06:51:54+01:00,87f82783-853b-417d-8964-b5cf11e44873,41.035567,21.337528,temperature,8
2026-02-25T07:07:26+01:00,87f82783-853b-417d-8964-b5cf11e44873,41.035567,21.337528,gasResistance,243168
2026-02-25T07:07:26+01:00,87f82783-853b-417d-8964-b5cf11e44873,41.035567,21.337528,humidity,60
2026-02-25T07:07:26+01:00,87f82783-853b-417d-8964-b5cf11e44873,41.035567,21.337528,noise,12
2026-02-25T07:07:26+01:00,87f82783-853b-417d-8964-b5cf11e44873,41.035567,21.337528,noise_dba,25
2026-02-25T07:07:26+01:00,87f82783-853b-417d-8964-b5cf11e44873,41.035567,21.337528,pm10,34
2026-02-25T07:07:26+01:00,87f82783-853b-417d-8964-b5cf11e44873,41.035567,21.337528,pm25,16
2026-02-25T07:07:26+01:00,87f82783-853b-417d-8964-b5cf11e44873,41.035567,21.337528,pressure,949
2026-02-25T07:07:26+01:00,87f82783-853b-417d-8964-b5cf11e44873,41.035567,21.337528,temperature,7
2026-02-25T07:22:57+01:00,87f82783-853b-417d-8964-b5cf11e44873,41.035567,21.337528,gasResistance,239309
2026-02-25T07:22:57+01:00,87f82783-853b-417d-8964-b5cf11e44873,41.035567,21.337528,humidity,60
2026-02-25T07:22:57+01:00,87f82783-853b-417d-8964-b5cf11e44873,41.035567,21.337528,noise,11
2026-02-25T07:22:57+01:00,87f82783-853b-417d-8964-b5cf11e44873,41.035567,21.337528,noise_dba,24
2026-02-25T07:22:57+01:00,87f82783-853b-417d-8964-b5cf11e44873,41.035567,21.337528,pm10,44
2026-02-25T07:22:57+01:00,87f82783-853b-417d-8964-b5cf11e44873,41.035567,21.337528,pm25,23
2026-02-25T07:22:57+01:00,87f82783-853b-417d-8964-b5cf11e44873,41.035567,21.337528,pressure,949
2026-02-25T07:22:57+01:00,87f82783-853b-417d-8964-b5cf11e44873,41.035567,21.337528,temperature,7
2026-02-25T07:38:28+01:00,87f82783-853b-417d-8964-b5cf11e44873,41.035567,21.337528,gasResistance,235906
2026-02-25T07:38:28+01:00,87f82783-853b-417d-8964-b5cf11e44873,41.035567,21.337528,humidity,59
2026-02-25T07:38:28+01:00,87f82783-853b-417d-8964-b5cf11e44873,41.035567,21.337528,noise,11
2026-02-25T07:38:28+01:00,87f82783-853b-417d-8964-b5cf11e44873,41.035567,21.337528,noise_dba,24
2026-02-25T07:38:28+01:00,87f82783-853b-417d-8964-b5cf11e44873,41.035567,21.337528,pm10,40
2026-02-25T07:38:28+01:00,87f82783-853b-417d-8964-b5cf11e44873,41.035567,21.337528,pm25,22
2026-02-25T07:38:28+01:00,87f82783-853b-417d-8964-b5cf11e44873,41.035567,21.337528,pressure,949
2026-02-25T07:38:28+01:00,87f82783-853b-417d-8964-b5cf11e44873,41.035567,21.337528,temperature,7
2026-02-25T07:54:01+01:00,87f82783-853b-417d-8964-b5cf11e44873,41.035567,21.337528,gasResistance,242280
2026-02-25T07:54:01+01:00,87f82783-853b-417d-8964-b5cf11e44873,41.035567,21.337528,humidity,58
2026-02-25T07:54:01+01:00,87f82783-853b-417d-8964-b5cf11e44873,41.035567,21.337528,noise,11
2026-02-25T07:54:01+01:00,87f82783-853b-417d-8964-b5cf11e44873,41.035567,21.337528,noise_dba,24
2026-02-25T07:54:01+01:00,87f82783-853b-417d-8964-b5cf11e44873,41.035567,21.337528,pm10,5
2026-02-25T07:54:01+01:00,87f82783-853b-417d-8964-b5cf11e44873,41.035567,21.337528,pm25,3
2026-02-25T07:54:01+01:00,87f82783-853b-417d-8964-b5cf11e44873,41.035567,21.337528,pressure,949
2026-02-25T07:54:01+01:00,87f82783-853b-417d-8964-b5cf11e44873,41.035567,21.337528,temperature,8
2026-02-25T08:09:32+01:00,87f82783-853b-417d-8964-b5cf11e44873,41.035567,21.337528,gasResistance,257311
2026-02-25T08:09:32+01:00,87f82783-853b-417d-8964-b5cf11e44873,41.035567,21.337528,humidity,56
2026-02-25T08:09:32+01:00,87f82783-853b-417d-8964-b5cf11e44873,41.035567,21.337528,noise,11
2026-02-25T08:09:32+01:00,87f82783-853b-417d-8964-b5cf11e44873,41.035567,21.337528,noise_dba,24
2026-02-25T08:09:32+01:00,87f82783-853b-417d-8964-b5cf11e44873,41.035567,21.337528,pm10,4
2026-02-25T08:09:32+01:00,87f82783-853b-417d-8964-b5cf11e44873,41.035567,21.337528,pm25,3
2026-02-25T08:09:32+01:00,87f82783-853b-417d-8964-b5cf11e44873,41.035567,21.337528,pressure,949
2026-02-25T08:09:32+01:00,87f82783-853b-417d-8964-b5cf11e44873,41.035567,21.337528,temperature,8
2026-02-25T08:25:03+01:00,87f82783-853b-417d-8964-b5cf11e44873,41.035567,21.337528,gasResistance,272528
2026-02-25T08:25:03+01:00,87f82783-853b-417d-8964-b5cf11e44873,41.035567,21.337528,humidity,53
2026-02-25T08:25:03+01:00,87f82783-853b-417d-8964-b5cf11e44873,41.035567,21.337528,noise,12
2026-02-25T08:25:03+01:00,87f82783-853b-417d-8964-b5cf11e44873,41.035567,21.337528,noise_dba,25
2026-02-25T08:25:03+01:00,87f82783-853b-417d-8964-b5cf11e44873,41.035567,21.337528,pm10,4
2026-02-25T08:25:03+01:00,87f82783-853b-417d-8964-b5cf11e44873,41.035567,21.337528,pm25,1
2026-02-25T08:25:03+01:00,87f82783-853b-417d-8964-b5cf11e44873,41.035567,21.337528,pressure,950
2026-02-25T08:25:03+01:00,87f82783-853b-417d-8964-b5cf11e44873,41.035567,21.337528,temperature,9
2026-02-25T08:40:35+01:00,87f82783-853b-417d-8964-b5cf11e44873,41.035567,21.337528,gasResistance,283471
2026-02-25T08:40:35+01:00,87f82783-853b-417d-8964-b5cf11e44873,41.035567,21.337528,humidity,50
2026-02-25T08:40:35+01:00,87f82783-853b-417d-8964-b5cf11e44873,41.035567,21.337528,noise,11
2026-02-25T08:40:35+01:00,87f82783-853b-417d-8964-b5cf11e44873,41.035567,21.337528,noise_dba,24
2026-02-25T08:40:35+01:00,87f82783-853b-417d-8964-b5cf11e44873,41.035567,21.337528,pm10,3
2026-02-25T08:40:35+01:00,87f82783-853b-417d-8964-b5cf11e44873,41.035567,21.337528,pm25,1
2026-02-25T08:40:35+01:00,87f82783-853b-417d-8964-b5cf11e44873,41.035567,21.337528,pressure,950
2026-02-25T08:40:35+01:00,87f82783-853b-417d-8964-b5cf11e44873,41.035567,21.337528,temperature,9
2026-02-25T08:56:06+01:00,87f82783-853b-417d-8964-b5cf11e44873,41.035567,21.337528,gasResistance,289405
2026-02-25T08:56:06+01:00,87f82783-853b-417d-8964-b5cf11e44873,41.035567,21.337528,humidity,49
2026-02-25T08:56:06+01:00,87f82783-853b-417d-8964-b5cf11e44873,41.035567,21.337528,noise,11
2026-02-25T08:56:06+01:00,87f82783-853b-417d-8964-b5cf11e44873,41.035567,21.337528,noise_dba,24
2026-02-25T08:56:06+01:00,87f82783-853b-417d-8964-b5cf11e44873,41.035567,21.337528,pm10,3
2026-02-25T08:56:06+01:00,87f82783-853b-417d-8964-b5cf11e44873,41.035567,21.337528,pm25,1
2026-02-25T08:56:06+01:00,87f82783-853b-417d-8964-b5cf11e44873,41.035567,21.337528,pressure,950
2026-02-25T08:56:06+01:00,87f82783-853b-417d-8964-b5cf11e44873,41.035567,21.337528,temperature,10
2026-02-25T09:11:38+01:00,87f82783-853b-417d-8964-b5cf11e44873,41.035567,21.337528,gasResistance,298518
2026-02-25T09:11:38+01:00,87f82783-853b-417d-8964-b5cf11e44873,41.035567,21.337528,humidity,48
2026-02-25T09:11:38+01:00,87f82783-853b-417d-8964-b5cf11e44873,41.035567,21.337528,noise,11
2026-02-25T09:11:38+01:00,87f82783-853b-417d-8964-b5cf11e44873,41.035567,21.337528,noise_dba,24
2026-02-25T09:11:38+01:00,87f82783-853b-417d-8964-b5cf11e44873,41.035567,21.337528,pm10,4
2026-02-25T09:11:38+01:00,87f82783-853b-417d-8964-b5cf11e44873,41.035567,21.337528,pm25,2
2026-02-25T09:11:38+01:00,87f82783-853b-417d-8964-b5cf11e44873,41.035567,21.337528,pressure,950
2026-02-25T09:11:38+01:00,87f82783-853b-417d-8964-b5cf11e44873,41.035567,21.337528,temperature,10
2026-02-25T09:27:09+01:00,87f82783-853b-417d-8964-b5cf11e44873,41.035567,21.337528,gasResistance,303988
2026-02-25T09:27:09+01:00,87f82783-853b-417d-8964-b5cf11e44873,41.035567,21.337528,humidity,46
2026-02-25T09:27:09+01:00,87f82783-853b-417d-8964-b5cf11e44873,41.035567,21.337528,noise,11
2026-02-25T09:27:09+01:00,87f82783-853b-417d-8964-b5cf11e44873,41.035567,21.337528,noise_dba,24
2026-02-25T09:27:09+01:00,87f82783-853b-417d-8964-b5cf11e44873,41.035567,21.337528,pm10,3
2026-02-25T09:27:09+01:00,87f82783-853b-417d-8964-b5cf11e44873,41.035567,21.337528,pm25,1
2026-02-25T09:27:09+01:00,87f82783-853b-417d-8964-b5cf11e44873,41.035567,21.337528,pressure,950
2026-02-25T09:27:09+01:00,87f82783-853b-417d-8964-b5cf11e44873,41.035567,21.337528,temperature,10
2026-02-25T09:42:41+01:00,87f82783-853b-417d-8964-b5cf11e44873,41.035567,21.337528,gasResistance,308797
2026-02-25T09:42:41+01:00,87f82783-853b-417d-8964-b5cf11e44873,41.035567,21.337528,humidity,46
2026-02-25T09:42:41+01:00,87f82783-853b-417d-8964-b5cf11e44873,41.035567,21.337528,noise,12
2026-02-25T09:42:41+01:00,87f82783-853b-417d-8964-b5cf11e44873,41.035567,21.337528,noise_dba,25
2026-02-25T09:42:41+01:00,87f82783-853b-417d-8964-b5cf11e44873,41.035567,21.337528,pm10,4
2026-02-25T09:42:41+01:00,87f82783-853b-417d-8964-b5cf11e44873,41.035567,21.337528,pm25,1
2026-02-25T09:42:41+01:00,87f82783-853b-417d-8964-b5cf11e44873,41.035567,21.337528,pressure,950
2026-02-25T09:42:41+01:00,87f82783-853b-417d-8964-b5cf11e44873,41.035567,21.337528,temperature,11
2026-02-25T09:58:12+01:00,87f82783-853b-417d-8964-b5cf11e44873,41.035567,21.337528,gasResistance,307082
2026-02-25T09:58:12+01:00,87f82783-853b-417d-8964-b5cf11e44873,41.035567,21.337528,humidity,44
2026-02-25T09:58:12+01:00,87f82783-853b-417d-8964-b5cf11e44873,41.035567,21.337528,noise,11
2026-02-25T09:58:12+01:00,87f82783-853b-417d-8964-b5cf11e44873,41.035567,21.337528,noise_dba,24
2026-02-25T09:58:12+01:00,87f82783-853b-417d-8964-b5cf11e44873,41.035567,21.337528,pm10,3
2026-02-25T09:58:12+01:00,87f82783-853b-417d-8964-b5cf11e44873,41.035567,21.337528,pm25,2
2026-02-25T09:58:12+01:00,87f82783-853b-417d-8964-b5cf11e44873,41.035567,21.337528,pressure,950
2026-02-25T09:58:12+01:00,87f82783-853b-417d-8964-b5cf11e44873,41.035567,21.337528,temperature,11
2026-02-25T10:13:44+01:00,87f82783-853b-417d-8964-b5cf11e44873,41.035567,21.337528,gasResistance,311698
2026-02-25T10:13:44+01:00,87f82783-853b-417d-8964-b5cf11e44873,41.035567,21.337528,humidity,43
2026-02-25T10:13:44+01:00,87f82783-853b-417d-8964-b5cf11e44873,41.035567,21.337528,noise,11
2026-02-25T10:13:44+01:00,87f82783-853b-417d-8964-b5cf11e44873,41.035567,21.337528,noise_dba,24
2026-02-25T10:13:44+01:00,87f82783-853b-417d-8964-b5cf11e44873,41.035567,21.337528,pm10,3
2026-02-25T10:13:44+01:00,87f82783-853b-417d-8964-b5cf11e44873,41.035567,21.337528,pm25,1
2026-02-25T10:13:44+01:00,87f82783-853b-417d-8964-b5cf11e44873,41.035567,21.337528,pressure,950
2026-02-25T10:13:44+01:00,87f82783-853b-417d-8964-b5cf11e44873,41.035567,21.337528,temperature,12
2026-02-25T10:29:15+01:00,87f82783-853b-417d-8964-b5cf11e44873,41.035567,21.337528,gasResistance,312285
2026-02-25T10:29:15+01:00,87f82783-853b-417d-8964-b5cf11e44873,41.035567,21.337528,humidity,43
2026-02-25T10:29:15+01:00,87f82783-853b-417d-8964-b5cf11e44873,41.035567,21.337528,noise,11
2026-02-25T10:29:15+01:00,87f82783-853b-417d-8964-b5cf11e44873,41.035567,21.337528,noise_dba,24
2026-02-25T10:29:15+01:00,87f82783-853b-417d-8964-b5cf11e44873,41.035567,21.337528,pm10,2
2026-02-25T10:29:15+01:00,87f82783-853b-417d-8964-b5cf11e44873,41.035567,21.337528,pm25,0
2026-02-25T10:29:15+01:00,87f82783-853b-417d-8964-b5cf11e44873,41.035567,21.337528,pressure,950
2026-02-25T10:29:15+01:00,87f82783-853b-417d-8964-b5cf11e44873,41.035567,21.337528,temperature,12
2026-02-25T10:44:47+01:00,87f82783-853b-417d-8964-b5cf11e44873,41.035567,21.337528,gasResistance,313761
2026-02-25T10:44:47+01:00,87f82783-853b-417d-8964-b5cf11e44873,41.035567,21.337528,humidity,41
2026-02-25T10:44:47+01:00,87f82783-853b-417d-8964-b5cf11e44873,41.035567,21.337528,noise,12
2026-02-25T10:44:47+01:00,87f82783-853b-417d-8964-b5cf11e44873,41.035567,21.337528,noise_dba,25
2026-02-25T10:44:47+01:00,87f82783-853b-417d-8964-b5cf11e44873,41.035567,21.337528,pm10,3
2026-02-25T10:44:47+01:00,87f82783-853b-417d-8964-b5cf11e44873,41.035567,21.337528,pm25,1
2026-02-25T10:44:47+01:00,87f82783-853b-417d-8964-b5cf11e44873,41.035567,21.337528,pressure,950
2026-02-25T10:44:47+01:00,87f82783-853b-417d-8964-b5cf11e44873,41.035567,21.337528,temperature,13
2026-02-25T11:00:18+01:00,87f82783-853b-417d-8964-b5cf11e44873,41.035567,21.337528,gasResistance,314058
2026-02-25T11:00:18+01:00,87f82783-853b-417d-8964-b5cf11e44873,41.035567,21.337528,humidity,41
2026-02-25T11:00:18+01:00,87f82783-853b-417d-8964-b5cf11e44873,41.035567,21.337528,noise,12
2026-02-25T11:00:18+01:00,87f82783-853b-417d-8964-b5cf11e44873,41.035567,21.337528,noise_dba,25
2026-02-25T11:00:18+01:00,87f82783-853b-417d-8964-b5cf11e44873,41.035567,21.337528,pm10,4
2026-02-25T11:00:18+01:00,87f82783-853b-417d-8964-b5cf11e44873,41.035567,21.337528,pm25,1
2026-02-25T11:00:18+01:00,87f82783-853b-417d-8964-b5cf11e44873,41.035567,21.337528,pressure,950
2026-02-25T11:00:18+01:00,87f82783-853b-417d-8964-b5cf11e44873,41.035567,21.337528,temperature,13
2026-02-25T11:15:49+01:00,87f82783-853b-417d-8964-b5cf11e44873,41.035567,21.337528,gasResistance,313761
2026-02-25T11:15:49+01:00,87f82783-853b-417d-8964-b5cf11e44873,41.035567,21.337528,humidity,37
2026-02-25T11:15:49+01:00,87f82783-853b-417d-8964-b5cf11e44873,41.035567,21.337528,noise,11
2026-02-25T11:15:49+01:00,87f82783-853b-417d-8964-b5cf11e44873,41.035567,21.337528,noise_dba,24
2026-02-25T11:15:49+01:00,87f82783-853b-417d-8964-b5cf11e44873,41.035567,21.337528,pm10,2
2026-02-25T11:15:49+01:00,87f82783-853b-417d-8964-b5cf11e44873,41.035567,21.337528,pm25,0
2026-02-25T11:15:49+01:00,87f82783-853b-417d-8964-b5cf11e44873,41.035567,21.337528,pressure,950
2026-02-25T11:15:49+01:00,87f82783-853b-417d-8964-b5cf11e44873,41.035567,21.337528,temperature,13
2026-02-25T11:31:21+01:00,87f82783-853b-417d-8964-b5cf11e44873,41.035567,21.337528,gasResistance,319194
2026-02-25T11:31:21+01:00,87f82783-853b-417d-8964-b5cf11e44873,41.035567,21.337528,humidity,37
2026-02-25T11:31:21+01:00,87f82783-853b-417d-8964-b5cf11e44873,41.035567,21.337528,noise,11
2026-02-25T11:31:21+01:00,87f82783-853b-417d-8964-b5cf11e44873,41.035567,21.337528,noise_dba,24
2026-02-25T11:31:21+01:00,87f82783-853b-417d-8964-b5cf11e44873,41.035567,21.337528,pm10,1
2026-02-25T11:31:21+01:00,87f82783-853b-417d-8964-b5cf11e44873,41.035567,21.337528,pm25,1
2026-02-25T11:31:21+01:00,87f82783-853b-417d-8964-b5cf11e44873,41.035567,21.337528,pressure,949
2026-02-25T11:31:21+01:00,87f82783-853b-417d-8964-b5cf11e44873,41.035567,21.337528,temperature,14
2026-02-25T11:46:52+01:00,87f82783-853b-417d-8964-b5cf11e44873,41.035567,21.337528,gasResistance,324819
2026-02-25T11:46:52+01:00,87f82783-853b-417d-8964-b5cf11e44873,41.035567,21.337528,humidity,36
2026-02-25T11:46:52+01:00,87f82783-853b-417d-8964-b5cf11e44873,41.035567,21.337528,noise,11
2026-02-25T11:46:52+01:00,87f82783-853b-417d-8964-b5cf11e44873,41.035567,21.337528,noise_dba,24
2026-02-25T11:46:52+01:00,87f82783-853b-417d-8964-b5cf11e44873,41.035567,21.337528,pm10,2
2026-02-25T11:46:52+01:00,87f82783-853b-417d-8964-b5cf11e44873,41.035567,21.337528,pm25,1
2026-02-25T11:46:52+01:00,87f82783-853b-417d-8964-b5cf11e44873,41.035567,21.337528,pressure,949
2026-02-25T11:46:52+01:00,87f82783-853b-417d-8964-b5cf11e44873,41.035567,21.337528,temperature,14
2026-02-25T12:02:24+01:00,87f82783-853b-417d-8964-b5cf11e44873,41.035567,21.337528,gasResistance,328030
2026-02-25T12:02:24+01:00,87f82783-853b-417d-8964-b5cf11e44873,41.035567,21.337528,humidity,33
2026-02-25T12:02:24+01:00,87f82783-853b-417d-8964-b5cf11e44873,41.035567,21.337528,noise,11
2026-02-25T12:02:24+01:00,87f82783-853b-417d-8964-b5cf11e44873,41.035567,21.337528,noise_dba,24
2026-02-25T12:02:24+01:00,87f82783-853b-417d-8964-b5cf11e44873,41.035567,21.337528,pm10,2
2026-02-25T12:02:24+01:00,87f82783-853b-417d-8964-b5cf11e44873,41.035567,21.337528,pm25,1
2026-02-25T12:02:24+01:00,87f82783-853b-417d-8964-b5cf11e44873,41.035567,21.337528,pressure,949
2026-02-25T12:02:24+01:00,87f82783-853b-417d-8964-b5cf11e44873,41.035567,21.337528,temperature,14
2026-02-25T12:17:55+01:00,87f82783-853b-417d-8964-b5cf11e44873,41.035567,21.337528,gasResistance,330316
2026-02-25T12:17:55+01:00,87f82783-853b-417d-8964-b5cf11e44873,41.035567,21.337528,humidity,31
2026-02-25T12:17:55+01:00,87f82783-853b-417d-8964-b5cf11e44873,41.035567,21.337528,noise,11
2026-02-25T12:17:55+01:00,87f82783-853b-417d-8964-b5cf11e44873,41.035567,21.337528,noise_dba,24
2026-02-25T12:17:55+01:00,87f82783-853b-417d-8964-b5cf11e44873,41.035567,21.337528,pm10,5
2026-02-25T12:17:55+01:00,87f82783-853b-417d-8964-b5cf11e44873,41.035567,21.337528,pm25,2
2026-02-25T12:17:55+01:00,87f82783-853b-417d-8964-b5cf11e44873,41.035567,21.337528,pressure,949
2026-02-25T12:17:55+01:00,87f82783-853b-417d-8964-b5cf11e44873,41.035567,21.337528,temperature,15
2026-02-25T12:33:27+01:00,87f82783-853b-417d-8964-b5cf11e44873,41.035567,21.337528,gasResistance,333637
2026-02-25T12:33:27+01:00,87f82783-853b-417d-8964-b5cf11e44873,41.035567,21.337528,humidity,32
2026-02-25T12:33:27+01:00,87f82783-853b-417d-8964-b5cf11e44873,41.035567,21.337528,noise,12
2026-02-25T12:33:27+01:00,87f82783-853b-417d-8964-b5cf11e44873,41.035567,21.337528,noise_dba,25
2026-02-25T12:33:27+01:00,87f82783-853b-417d-8964-b5cf11e44873,41.035567,21.337528,pm10,10
2026-02-25T12:33:27+01:00,87f82783-853b-417d-8964-b5cf11e44873,41.035567,21.337528,pm25,6
2026-02-25T12:33:27+01:00,87f82783-853b-417d-8964-b5cf11e44873,41.035567,21.337528,pressure,949
2026-02-25T12:33:27+01:00,87f82783-853b-417d-8964-b5cf11e44873,41.035567,21.337528,temperature,15
2026-02-25T12:48:58+01:00,87f82783-853b-417d-8964-b5cf11e44873,41.035567,21.337528,gasResistance,328680
2026-02-25T12:48:58+01:00,87f82783-853b-417d-8964-b5cf11e44873,41.035567,21.337528,humidity,32
2026-02-25T12:48:58+01:00,87f82783-853b-417d-8964-b5cf11e44873,41.035567,21.337528,noise,11
2026-02-25T12:48:58+01:00,87f82783-853b-417d-8964-b5cf11e44873,41.035567,21.337528,noise_dba,24
2026-02-25T12:48:58+01:00,87f82783-853b-417d-8964-b5cf11e44873,41.035567,21.337528,pm10,7
2026-02-25T12:48:58+01:00,87f82783-853b-417d-8964-b5cf11e44873,41.035567,21.337528,pm25,4
2026-02-25T12:48:58+01:00,87f82783-853b-417d-8964-b5cf11e44873,41.035567,21.337528,pressure,949
2026-02-25T12:48:58+01:00,87f82783-853b-417d-8964-b5cf11e44873,41.035567,21.337528,temperature,16
2026-02-25T13:04:29+01:00,87f82783-853b-417d-8964-b5cf11e44873,41.035567,21.337528,gasResistance,326096
2026-02-25T13:04:29+01:00,87f82783-853b-417d-8964-b5cf11e44873,41.035567,21.337528,humidity,31
2026-02-25T13:04:29+01:00,87f82783-853b-417d-8964-b5cf11e44873,41.035567,21.337528,noise,14
2026-02-25T13:04:29+01:00,87f82783-853b-417d-8964-b5cf11e44873,41.035567,21.337528,noise_dba,28
2026-02-25T13:04:29+01:00,87f82783-853b-417d-8964-b5cf11e44873,41.035567,21.337528,pm10,7
2026-02-25T13:04:29+01:00,87f82783-853b-417d-8964-b5cf11e44873,41.035567,21.337528,pm25,3
2026-02-25T13:04:29+01:00,87f82783-853b-417d-8964-b5cf11e44873,41.035567,21.337528,pressure,949
2026-02-25T13:04:29+01:00,87f82783-853b-417d-8964-b5cf11e44873,41.035567,21.337528,temperature,16
2026-02-25T13:20:01+01:00,87f82783-853b-417d-8964-b5cf11e44873,41.035567,21.337528,gasResistance,321982
2026-02-25T13:20:01+01:00,87f82783-853b-417d-8964-b5cf11e44873,41.035567,21.337528,humidity,31
2026-02-25T13:20:01+01:00,87f82783-853b-417d-8964-b5cf11e44873,41.035567,21.337528,noise,13
2026-02-25T13:20:01+01:00,87f82783-853b-417d-8964-b5cf11e44873,41.035567,21.337528,noise_dba,27
2026-02-25T13:20:01+01:00,87f82783-853b-417d-8964-b5cf11e44873,41.035567,21.337528,pm10,5
2026-02-25T13:20:01+01:00,87f82783-853b-417d-8964-b5cf11e44873,41.035567,21.337528,pm25,2
2026-02-25T13:20:01+01:00,87f82783-853b-417d-8964-b5cf11e44873,41.035567,21.337528,pressure,949
2026-02-25T13:20:01+01:00,87f82783-853b-417d-8964-b5cf11e44873,41.035567,21.337528,temperature,16
2026-02-25T13:35:32+01:00,87f82783-853b-417d-8964-b5cf11e44873,41.035567,21.337528,gasResistance,320737
2026-02-25T13:35:32+01:00,87f82783-853b-417d-8964-b5cf11e44873,41.035567,21.337528,humidity,30
2026-02-25T13:35:32+01:00,87f82783-853b-417d-8964-b5cf11e44873,41.035567,21.337528,noise,11
2026-02-25T13:35:32+01:00,87f82783-853b-417d-8964-b5cf11e44873,41.035567,21.337528,noise_dba,24
2026-02-25T13:35:32+01:00,87f82783-853b-417d-8964-b5cf11e44873,41.035567,21.337528,pm10,6
2026-02-25T13:35:32+01:00,87f82783-853b-417d-8964-b5cf11e44873,41.035567,21.337528,pm25,3
2026-02-25T13:35:32+01:00,87f82783-853b-417d-8964-b5cf11e44873,41.035567,21.337528,pressure,949
2026-02-25T13:35:32+01:00,87f82783-853b-417d-8964-b5cf11e44873,41.035567,21.337528,temperature,17
2026-02-25T13:51:04+01:00,87f82783-853b-417d-8964-b5cf11e44873,41.035567,21.337528,gasResistance,327383
2026-02-25T13:51:04+01:00,87f82783-853b-417d-8964-b5cf11e44873,41.035567,21.337528,humidity,29
2026-02-25T13:51:04+01:00,87f82783-853b-417d-8964-b5cf11e44873,41.035567,21.337528,noise,12
2026-02-25T13:51:04+01:00,87f82783-853b-417d-8964-b5cf11e44873,41.035567,21.337528,noise_dba,25
2026-02-25T13:51:04+01:00,87f82783-853b-417d-8964-b5cf11e44873,41.035567,21.337528,pm10,1
2026-02-25T13:51:04+01:00,87f82783-853b-417d-8964-b5cf11e44873,41.035567,21.337528,pm25,1
2026-02-25T13:51:04+01:00,87f82783-853b-417d-8964-b5cf11e44873,41.035567,21.337528,pressure,948
2026-02-25T13:51:04+01:00,87f82783-853b-417d-8964-b5cf11e44873,41.035567,21.337528,temperature,17
2026-02-25T14:06:37+01:00,87f82783-853b-417d-8964-b5cf11e44873,41.035567,21.337528,gasResistance,329332
2026-02-25T14:06:37+01:00,87f82783-853b-417d-8964-b5cf11e44873,41.035567,21.337528,humidity,29
2026-02-25T14:06:37+01:00,87f82783-853b-417d-8964-b5cf11e44873,41.035567,21.337528,noise,11
2026-02-25T14:06:37+01:00,87f82783-853b-417d-8964-b5cf11e44873,41.035567,21.337528,noise_dba,24
2026-02-25T14:06:37+01:00,87f82783-853b-417d-8964-b5cf11e44873,41.035567,21.337528,pm10,48
2026-02-25T14:06:37+01:00,87f82783-853b-417d-8964-b5cf11e44873,41.035567,21.337528,pm25,20
2026-02-25T14:06:37+01:00,87f82783-853b-417d-8964-b5cf11e44873,41.035567,21.337528,pressure,948
2026-02-25T14:06:37+01:00,87f82783-853b-417d-8964-b5cf11e44873,41.035567,21.337528,temperature,17
2026-02-25T14:22:08+01:00,87f82783-853b-417d-8964-b5cf11e44873,41.035567,21.337528,gasResistance,329987
2026-02-25T14:22:08+01:00,87f82783-853b-417d-8964-b5cf11e44873,41.035567,21.337528,humidity,29
2026-02-25T14:22:08+01:00,87f82783-853b-417d-8964-b5cf11e44873,41.035567,21.337528,noise,12
2026-02-25T14:22:08+01:00,87f82783-853b-417d-8964-b5cf11e44873,41.035567,21.337528,noise_dba,25
2026-02-25T14:22:08+01:00,87f82783-853b-417d-8964-b5cf11e44873,41.035567,21.337528,pm10,3
2026-02-25T14:22:08+01:00,87f82783-853b-417d-8964-b5cf11e44873,41.035567,21.337528,pm25,2
2026-02-25T14:22:08+01:00,87f82783-853b-417d-8964-b5cf11e44873,41.035567,21.337528,pressure,948
2026-02-25T14:22:08+01:00,87f82783-853b-417d-8964-b5cf11e44873,41.035567,21.337528,temperature,17
2026-02-25T14:37:40+01:00,87f82783-853b-417d-8964-b5cf11e44873,41.035567,21.337528,gasResistance,333973
2026-02-25T14:37:40+01:00,87f82783-853b-417d-8964-b5cf11e44873,41.035567,21.337528,humidity,30
2026-02-25T14:37:40+01:00,87f82783-853b-417d-8964-b5cf11e44873,41.035567,21.337528,noise,12
2026-02-25T14:37:40+01:00,87f82783-853b-417d-8964-b5cf11e44873,41.035567,21.337528,noise_dba,25
2026-02-25T14:37:40+01:00,87f82783-853b-417d-8964-b5cf11e44873,41.035567,21.337528,pm10,8
2026-02-25T14:37:40+01:00,87f82783-853b-417d-8964-b5cf11e44873,41.035567,21.337528,pm25,4
2026-02-25T14:37:40+01:00,87f82783-853b-417d-8964-b5cf11e44873,41.035567,21.337528,pressure,948
2026-02-25T14:37:40+01:00,87f82783-853b-417d-8964-b5cf11e44873,41.035567,21.337528,temperature,17
2026-02-25T14:53:11+01:00,87f82783-853b-417d-8964-b5cf11e44873,41.035567,21.337528,gasResistance,331305
2026-02-25T14:53:11+01:00,87f82783-853b-417d-8964-b5cf11e44873,41.035567,21.337528,humidity,29
2026-02-25T14:53:11+01:00,87f82783-853b-417d-8964-b5cf11e44873,41.035567,21.337528,noise,12
2026-02-25T14:53:11+01:00,87f82783-853b-417d-8964-b5cf11e44873,41.035567,21.337528,noise_dba,25
2026-02-25T14:53:11+01:00,87f82783-853b-417d-8964-b5cf11e44873,41.035567,21.337528,pm10,4
2026-02-25T14:53:11+01:00,87f82783-853b-417d-8964-b5cf11e44873,41.035567,21.337528,pm25,2
2026-02-25T14:53:11+01:00,87f82783-853b-417d-8964-b5cf11e44873,41.035567,21.337528,pressure,948
2026-02-25T14:53:11+01:00,87f82783-853b-417d-8964-b5cf11e44873,41.035567,21.337528,temperature,17
2026-02-25T15:08:43+01:00,87f82783-853b-417d-8964-b5cf11e44873,41.035567,21.337528,gasResistance,334647
2026-02-25T15:08:43+01:00,87f82783-853b-417d-8964-b5cf11e44873,41.035567,21.337528,humidity,29
2026-02-25T15:08:43+01:00,87f82783-853b-417d-8964-b5cf11e44873,41.035567,21.337528,noise,11
2026-02-25T15:08:43+01:00,87f82783-853b-417d-8964-b5cf11e44873,41.035567,21.337528,noise_dba,24
2026-02-25T15:08:43+01:00,87f82783-853b-417d-8964-b5cf11e44873,41.035567,21.337528,pm10,4
2026-02-25T15:08:43+01:00,87f82783-853b-417d-8964-b5cf11e44873,41.035567,21.337528,pm25,0
2026-02-25T15:08:43+01:00,87f82783-853b-417d-8964-b5cf11e44873,41.035567,21.337528,pressure,948
2026-02-25T15:08:43+01:00,87f82783-853b-417d-8964-b5cf11e44873,41.035567,21.337528,temperature,18
2026-02-25T15:24:14+01:00,87f82783-853b-417d-8964-b5cf11e44873,41.035567,21.337528,gasResistance,337712
2026-02-25T15:24:14+01:00,87f82783-853b-417d-8964-b5cf11e44873,41.035567,21.337528,humidity,28
2026-02-25T15:24:14+01:00,87f82783-853b-417d-8964-b5cf11e44873,41.035567,21.337528,noise,11
2026-02-25T15:24:14+01:00,87f82783-853b-417d-8964-b5cf11e44873,41.035567,21.337528,noise_dba,24
2026-02-25T15:24:14+01:00,87f82783-853b-417d-8964-b5cf11e44873,41.035567,21.337528,pm10,4
2026-02-25T15:24:14+01:00,87f82783-853b-417d-8964-b5cf11e44873,41.035567,21.337528,pm25,3
2026-02-25T15:24:14+01:00,87f82783-853b-417d-8964-b5cf11e44873,41.035567,21.337528,pressure,948
2026-02-25T15:24:14+01:00,87f82783-853b-417d-8964-b5cf11e44873,41.035567,21.337528,temperature,18
2026-02-25T15:39:46+01:00,87f82783-853b-417d-8964-b5cf11e44873,41.035567,21.337528,gasResistance,339440
2026-02-25T15:39:46+01:00,87f82783-853b-417d-8964-b5cf11e44873,41.035567,21.337528,humidity,29
2026-02-25T15:39:46+01:00,87f82783-853b-417d-8964-b5cf11e44873,41.035567,21.337528,noise,11
2026-02-25T15:39:46+01:00,87f82783-853b-417d-8964-b5cf11e44873,41.035567,21.337528,noise_dba,24
2026-02-25T15:39:46+01:00,87f82783-853b-417d-8964-b5cf11e44873,41.035567,21.337528,pm10,4
2026-02-25T15:39:46+01:00,87f82783-853b-417d-8964-b5cf11e44873,41.035567,21.337528,pm25,1
2026-02-25T15:39:46+01:00,87f82783-853b-417d-8964-b5cf11e44873,41.035567,21.337528,pressure,948
2026-02-25T15:39:46+01:00,87f82783-853b-417d-8964-b5cf11e44873,41.035567,21.337528,temperature,18
2026-02-25T15:55:17+01:00,87f82783-853b-417d-8964-b5cf11e44873,41.035567,21.337528,gasResistance,340834
2026-02-25T15:55:17+01:00,87f82783-853b-417d-8964-b5cf11e44873,41.035567,21.337528,humidity,29
2026-02-25T15:55:17+01:00,87f82783-853b-417d-8964-b5cf11e44873,41.035567,21.337528,noise,11
2026-02-25T15:55:17+01:00,87f82783-853b-417d-8964-b5cf11e44873,41.035567,21.337528,noise_dba,24
2026-02-25T15:55:17+01:00,87f82783-853b-417d-8964-b5cf11e44873,41.035567,21.337528,pm10,4
2026-02-25T15:55:17+01:00,87f82783-853b-417d-8964-b5cf11e44873,41.035567,21.337528,pm25,2
2026-02-25T15:55:17+01:00,87f82783-853b-417d-8964-b5cf11e44873,41.035567,21.337528,pressure,948
2026-02-25T15:55:17+01:00,87f82783-853b-417d-8964-b5cf11e44873,41.035567,21.337528,temperature,18
2026-02-25T16:10:48+01:00,87f82783-853b-417d-8964-b5cf11e44873,41.035567,21.337528,gasResistance,342241
2026-02-25T16:10:48+01:00,87f82783-853b-417d-8964-b5cf11e44873,41.035567,21.337528,humidity,29
2026-02-25T16:10:48+01:00,87f82783-853b-417d-8964-b5cf11e44873,41.035567,21.337528,noise,11
2026-02-25T16:10:48+01:00,87f82783-853b-417d-8964-b5cf11e44873,41.035567,21.337528,noise_dba,24
2026-02-25T16:10:48+01:00,87f82783-853b-417d-8964-b5cf11e44873,41.035567,21.337528,pm10,8
2026-02-25T16:10:48+01:00,87f82783-853b-417d-8964-b5cf11e44873,41.035567,21.337528,pm25,5
2026-02-25T16:10:48+01:00,87f82783-853b-417d-8964-b5cf11e44873,41.035567,21.337528,pressure,948
2026-02-25T16:10:48+01:00,87f82783-853b-417d-8964-b5cf11e44873,41.035567,21.337528,temperature,17
2026-02-25T16:26:20+01:00,87f82783-853b-417d-8964-b5cf11e44873,41.035567,21.337528,gasResistance,343659
2026-02-25T16:26:20+01:00,87f82783-853b-417d-8964-b5cf11e44873,41.035567,21.337528,humidity,30
2026-02-25T16:26:20+01:00,87f82783-853b-417d-8964-b5cf11e44873,41.035567,21.337528,noise,11
2026-02-25T16:26:20+01:00,87f82783-853b-417d-8964-b5cf11e44873,41.035567,21.337528,noise_dba,24
2026-02-25T16:26:20+01:00,87f82783-853b-417d-8964-b5cf11e44873,41.035567,21.337528,pm10,12
2026-02-25T16:26:20+01:00,87f82783-853b-417d-8964-b5cf11e44873,41.035567,21.337528,pm25,8
2026-02-25T16:26:20+01:00,87f82783-853b-417d-8964-b5cf11e44873,41.035567,21.337528,pressure,948
2026-02-25T16:26:20+01:00,87f82783-853b-417d-8964-b5cf11e44873,41.035567,21.337528,temperature,17
2026-02-25T16:41:51+01:00,87f82783-853b-417d-8964-b5cf11e44873,41.035567,21.337528,gasResistance,344372
2026-02-25T16:41:51+01:00,87f82783-853b-417d-8964-b5cf11e44873,41.035567,21.337528,humidity,31
2026-02-25T16:41:51+01:00,87f82783-853b-417d-8964-b5cf11e44873,41.035567,21.337528,noise,12
2026-02-25T16:41:51+01:00,87f82783-853b-417d-8964-b5cf11e44873,41.035567,21.337528,noise_dba,25
2026-02-25T16:41:51+01:00,87f82783-853b-417d-8964-b5cf11e44873,41.035567,21.337528,pm10,4
2026-02-25T16:41:51+01:00,87f82783-853b-417d-8964-b5cf11e44873,41.035567,21.337528,pm25,1
2026-02-25T16:41:51+01:00,87f82783-853b-417d-8964-b5cf11e44873,41.035567,21.337528,pressure,948
2026-02-25T16:41:51+01:00,87f82783-853b-417d-8964-b5cf11e44873,41.035567,21.337528,temperature,17
2026-02-25T16:57:23+01:00,87f82783-853b-417d-8964-b5cf11e44873,41.035567,21.337528,gasResistance,338401
2026-02-25T16:57:23+01:00,87f82783-853b-417d-8964-b5cf11e44873,41.035567,21.337528,humidity,33
2026-02-25T16:57:23+01:00,87f82783-853b-417d-8964-b5cf11e44873,41.035567,21.337528,noise,12
2026-02-25T16:57:23+01:00,87f82783-853b-417d-8964-b5cf11e44873,41.035567,21.337528,noise_dba,25
2026-02-25T16:57:23+01:00,87f82783-853b-417d-8964-b5cf11e44873,41.035567,21.337528,pm10,45
2026-02-25T16:57:23+01:00,87f82783-853b-417d-8964-b5cf11e44873,41.035567,21.337528,pm25,22
2026-02-25T16:57:23+01:00,87f82783-853b-417d-8964-b5cf11e44873,41.035567,21.337528,pressure,948
2026-02-25T16:57:23+01:00,87f82783-853b-417d-8964-b5cf11e44873,41.035567,21.337528,temperature,17
2026-02-25T17:12:55+01:00,87f82783-853b-417d-8964-b5cf11e44873,41.035567,21.337528,gasResistance,326738
2026-02-25T17:12:55+01:00,87f82783-853b-417d-8964-b5cf11e44873,41.035567,21.337528,humidity,35
2026-02-25T17:12:55+01:00,87f82783-853b-417d-8964-b5cf11e44873,41.035567,21.337528,noise,12
2026-02-25T17:12:55+01:00,87f82783-853b-417d-8964-b5cf11e44873,41.035567,21.337528,noise_dba,25
2026-02-25T17:12:55+01:00,87f82783-853b-417d-8964-b5cf11e44873,41.035567,21.337528,pm10,44
2026-02-25T17:12:55+01:00,87f82783-853b-417d-8964-b5cf11e44873,41.035567,21.337528,pm25,21
2026-02-25T17:12:55+01:00,87f82783-853b-417d-8964-b5cf11e44873,41.035567,21.337528,pressure,948
2026-02-25T17:12:55+01:00,87f82783-853b-417d-8964-b5cf11e44873,41.035567,21.337528,temperature,16
2026-02-25T17:28:29+01:00,87f82783-853b-417d-8964-b5cf11e44873,41.035567,21.337528,gasResistance,314952
2026-02-25T17:28:29+01:00,87f82783-853b-417d-8964-b5cf11e44873,41.035567,21.337528,humidity,36
2026-02-25T17:28:29+01:00,87f82783-853b-417d-8964-b5cf11e44873,41.035567,21.337528,noise,12
2026-02-25T17:28:29+01:00,87f82783-853b-417d-8964-b5cf11e44873,41.035567,21.337528,noise_dba,25
2026-02-25T17:28:29+01:00,87f82783-853b-417d-8964-b5cf11e44873,41.035567,21.337528,pm10,71
2026-02-25T17:28:29+01:00,87f82783-853b-417d-8964-b5cf11e44873,41.035567,21.337528,pm25,44
2026-02-25T17:28:29+01:00,87f82783-853b-417d-8964-b5cf11e44873,41.035567,21.337528,pressure,948
2026-02-25T17:28:29+01:00,87f82783-853b-417d-8964-b5cf11e44873,41.035567,21.337528,temperature,16
2026-02-25T17:44:00+01:00,87f82783-853b-417d-8964-b5cf11e44873,41.035567,21.337528,gasResistance,293760
2026-02-25T17:44:00+01:00,87f82783-853b-417d-8964-b5cf11e44873,41.035567,21.337528,humidity,37
2026-02-25T17:44:00+01:00,87f82783-853b-417d-8964-b5cf11e44873,41.035567,21.337528,noise,12
2026-02-25T17:44:00+01:00,87f82783-853b-417d-8964-b5cf11e44873,41.035567,21.337528,noise_dba,25
2026-02-25T17:44:00+01:00,87f82783-853b-417d-8964-b5cf11e44873,41.035567,21.337528,pm10,86
2026-02-25T17:44:00+01:00,87f82783-853b-417d-8964-b5cf11e44873,41.035567,21.337528,pm25,49
2026-02-25T17:44:00+01:00,87f82783-853b-417d-8964-b5cf11e44873,41.035567,21.337528,pressure,948
2026-02-25T17:44:00+01:00,87f82783-853b-417d-8964-b5cf11e44873,41.035567,21.337528,temperature,15
2026-02-25T17:59:32+01:00,87f82783-853b-417d-8964-b5cf11e44873,41.035567,21.337528,gasResistance,283956
2026-02-25T17:59:32+01:00,87f82783-853b-417d-8964-b5cf11e44873,41.035567,21.337528,humidity,37
2026-02-25T17:59:32+01:00,87f82783-853b-417d-8964-b5cf11e44873,41.035567,21.337528,noise,11
2026-02-25T17:59:32+01:00,87f82783-853b-417d-8964-b5cf11e44873,41.035567,21.337528,noise_dba,24
2026-02-25T17:59:32+01:00,87f82783-853b-417d-8964-b5cf11e44873,41.035567,21.337528,pm10,102
2026-02-25T17:59:32+01:00,87f82783-853b-417d-8964-b5cf11e44873,41.035567,21.337528,pm25,58
2026-02-25T17:59:32+01:00,87f82783-853b-417d-8964-b5cf11e44873,41.035567,21.337528,pressure,948
2026-02-25T17:59:32+01:00,87f82783-853b-417d-8964-b5cf11e44873,41.035567,21.337528,temperature,15
2026-02-25T18:15:03+01:00,87f82783-853b-417d-8964-b5cf11e44873,41.035567,21.337528,gasResistance,270307
2026-02-25T18:15:03+01:00,87f82783-853b-417d-8964-b5cf11e44873,41.035567,21.337528,humidity,38
2026-02-25T18:15:03+01:00,87f82783-853b-417d-8964-b5cf11e44873,41.035567,21.337528,noise,11
2026-02-25T18:15:03+01:00,87f82783-853b-417d-8964-b5cf11e44873,41.035567,21.337528,noise_dba,24
2026-02-25T18:15:03+01:00,87f82783-853b-417d-8964-b5cf11e44873,41.035567,21.337528,pm10,61
2026-02-25T18:15:03+01:00,87f82783-853b-417d-8964-b5cf11e44873,41.035567,21.337528,pm25,40
2026-02-25T18:15:03+01:00,87f82783-853b-417d-8964-b5cf11e44873,41.035567,21.337528,pressure,949
2026-02-25T18:15:03+01:00,87f82783-853b-417d-8964-b5cf11e44873,41.035567,21.337528,temperature,14
2026-02-25T18:30:34+01:00,87f82783-853b-417d-8964-b5cf11e44873,41.035567,21.337528,gasResistance,268993
2026-02-25T18:30:34+01:00,87f82783-853b-417d-8964-b5cf11e44873,41.035567,21.337528,humidity,39
2026-02-25T18:30:34+01:00,87f82783-853b-417d-8964-b5cf11e44873,41.035567,21.337528,noise,11
2026-02-25T18:30:34+01:00,87f82783-853b-417d-8964-b5cf11e44873,41.035567,21.337528,noise_dba,24
2026-02-25T18:30:34+01:00,87f82783-853b-417d-8964-b5cf11e44873,41.035567,21.337528,pm10,83
2026-02-25T18:30:34+01:00,87f82783-853b-417d-8964-b5cf11e44873,41.035567,21.337528,pm25,52
2026-02-25T18:30:34+01:00,87f82783-853b-417d-8964-b5cf11e44873,41.035567,21.337528,pressure,949
2026-02-25T18:30:34+01:00,87f82783-853b-417d-8964-b5cf11e44873,41.035567,21.337528,temperature,14
2026-02-25T18:46:06+01:00,87f82783-853b-417d-8964-b5cf11e44873,41.035567,21.337528,gasResistance,270749
2026-02-25T18:46:06+01:00,87f82783-853b-417d-8964-b5cf11e44873,41.035567,21.337528,humidity,40
2026-02-25T18:46:06+01:00,87f82783-853b-417d-8964-b5cf11e44873,41.035567,21.337528,noise,15
2026-02-25T18:46:06+01:00,87f82783-853b-417d-8964-b5cf11e44873,41.035567,21.337528,noise_dba,29
2026-02-25T18:46:06+01:00,87f82783-853b-417d-8964-b5cf11e44873,41.035567,21.337528,pm10,48
2026-02-25T18:46:06+01:00,87f82783-853b-417d-8964-b5cf11e44873,41.035567,21.337528,pm25,28
2026-02-25T18:46:06+01:00,87f82783-853b-417d-8964-b5cf11e44873,41.035567,21.337528,pressure,949
2026-02-25T18:46:06+01:00,87f82783-853b-417d-8964-b5cf11e44873,41.035567,21.337528,temperature,13
2026-02-25T19:01:38+01:00,87f82783-853b-417d-8964-b5cf11e44873,41.035567,21.337528,gasResistance,265548
2026-02-25T19:01:38+01:00,87f82783-853b-417d-8964-b5cf11e44873,41.035567,21.337528,humidity,41
2026-02-25T19:01:38+01:00,87f82783-853b-417d-8964-b5cf11e44873,41.035567,21.337528,noise,11
2026-02-25T19:01:38+01:00,87f82783-853b-417d-8964-b5cf11e44873,41.035567,21.337528,noise_dba,24
2026-02-25T19:01:38+01:00,87f82783-853b-417d-8964-b5cf11e44873,41.035567,21.337528,pm10,214
2026-02-25T19:01:38+01:00,87f82783-853b-417d-8964-b5cf11e44873,41.035567,21.337528,pm25,118
2026-02-25T19:01:38+01:00,87f82783-853b-417d-8964-b5cf11e44873,41.035567,21.337528,pressure,949
2026-02-25T19:01:38+01:00,87f82783-853b-417d-8964-b5cf11e44873,41.035567,21.337528,temperature,13
2026-02-25T19:17:09+01:00,87f82783-853b-417d-8964-b5cf11e44873,41.035567,21.337528,gasResistance,249194
2026-02-25T19:17:09+01:00,87f82783-853b-417d-8964-b5cf11e44873,41.035567,21.337528,humidity,42
2026-02-25T19:17:09+01:00,87f82783-853b-417d-8964-b5cf11e44873,41.035567,21.337528,noise,11
2026-02-25T19:17:09+01:00,87f82783-853b-417d-8964-b5cf11e44873,41.035567,21.337528,noise_dba,24
2026-02-25T19:17:09+01:00,87f82783-853b-417d-8964-b5cf11e44873,41.035567,21.337528,pm10,191
2026-02-25T19:17:09+01:00,87f82783-853b-417d-8964-b5cf11e44873,41.035567,21.337528,pm25,124
2026-02-25T19:17:09+01:00,87f82783-853b-417d-8964-b5cf11e44873,41.035567,21.337528,pressure,949
2026-02-25T19:17:09+01:00,87f82783-853b-417d-8964-b5cf11e44873,41.035567,21.337528,temperature,12
2026-02-25T19:32:41+01:00,87f82783-853b-417d-8964-b5cf11e44873,41.035567,21.337528,gasResistance,238965
2026-02-25T19:32:41+01:00,87f82783-853b-417d-8964-b5cf11e44873,41.035567,21.337528,humidity,44
2026-02-25T19:32:41+01:00,87f82783-853b-417d-8964-b5cf11e44873,41.035567,21.337528,noise,12
2026-02-25T19:32:41+01:00,87f82783-853b-417d-8964-b5cf11e44873,41.035567,21.337528,noise_dba,25
2026-02-25T19:32:41+01:00,87f82783-853b-417d-8964-b5cf11e44873,41.035567,21.337528,pm10,107
2026-02-25T19:32:41+01:00,87f82783-853b-417d-8964-b5cf11e44873,41.035567,21.337528,pm25,69
2026-02-25T19:32:41+01:00,87f82783-853b-417d-8964-b5cf11e44873,41.035567,21.337528,pressure,949
2026-02-25T19:32:41+01:00,87f82783-853b-417d-8964-b5cf11e44873,41.035567,21.337528,temperature,12
2026-02-25T19:48:13+01:00,87f82783-853b-417d-8964-b5cf11e44873,41.035567,21.337528,gasResistance,228750
2026-02-25T19:48:13+01:00,87f82783-853b-417d-8964-b5cf11e44873,41.035567,21.337528,humidity,45
2026-02-25T19:48:13+01:00,87f82783-853b-417d-8964-b5cf11e44873,41.035567,21.337528,noise,11
2026-02-25T19:48:13+01:00,87f82783-853b-417d-8964-b5cf11e44873,41.035567,21.337528,noise_dba,24
2026-02-25T19:48:13+01:00,87f82783-853b-417d-8964-b5cf11e44873,41.035567,21.337528,pm10,126
2026-02-25T19:48:13+01:00,87f82783-853b-417d-8964-b5cf11e44873,41.035567,21.337528,pm25,79
2026-02-25T19:48:13+01:00,87f82783-853b-417d-8964-b5cf11e44873,41.035567,21.337528,pressure,949
2026-02-25T19:48:13+01:00,87f82783-853b-417d-8964-b5cf11e44873,41.035567,21.337528,temperature,11
2026-02-25T20:03:45+01:00,87f82783-853b-417d-8964-b5cf11e44873,41.035567,21.337528,gasResistance,222313
2026-02-25T20:03:45+01:00,87f82783-853b-417d-8964-b5cf11e44873,41.035567,21.337528,humidity,45
2026-02-25T20:03:45+01:00,87f82783-853b-417d-8964-b5cf11e44873,41.035567,21.337528,noise,11
2026-02-25T20:03:45+01:00,87f82783-853b-417d-8964-b5cf11e44873,41.035567,21.337528,noise_dba,24
2026-02-25T20:03:45+01:00,87f82783-853b-417d-8964-b5cf11e44873,41.035567,21.337528,pm10,72
2026-02-25T20:03:45+01:00,87f82783-853b-417d-8964-b5cf11e44873,41.035567,21.337528,pm25,42
2026-02-25T20:03:45+01:00,87f82783-853b-417d-8964-b5cf11e44873,41.035567,21.337528,pressure,949
2026-02-25T20:03:45+01:00,87f82783-853b-417d-8964-b5cf11e44873,41.035567,21.337528,temperature,11
2026-02-25T20:19:16+01:00,87f82783-853b-417d-8964-b5cf11e44873,41.035567,21.337528,gasResistance,216652
2026-02-25T20:19:16+01:00,87f82783-853b-417d-8964-b5cf11e44873,41.035567,21.337528,humidity,46
2026-02-25T20:19:16+01:00,87f82783-853b-417d-8964-b5cf11e44873,41.035567,21.337528,noise,11
2026-02-25T20:19:16+01:00,87f82783-853b-417d-8964-b5cf11e44873,41.035567,21.337528,noise_dba,24
2026-02-25T20:19:16+01:00,87f82783-853b-417d-8964-b5cf11e44873,41.035567,21.337528,pm10,62
2026-02-25T20:19:16+01:00,87f82783-853b-417d-8964-b5cf11e44873,41.035567,21.337528,pm25,33
2026-02-25T20:19:16+01:00,87f82783-853b-417d-8964-b5cf11e44873,41.035567,21.337528,pressure,949
2026-02-25T20:19:16+01:00,87f82783-853b-417d-8964-b5cf11e44873,41.035567,21.337528,temperature,11
2026-02-25T20:34:47+01:00,87f82783-853b-417d-8964-b5cf11e44873,41.035567,21.337528,gasResistance,215806
2026-02-25T20:34:47+01:00,87f82783-853b-417d-8964-b5cf11e44873,41.035567,21.337528,humidity,46
2026-02-25T20:34:47+01:00,87f82783-853b-417d-8964-b5cf11e44873,41.035567,21.337528,noise,11
2026-02-25T20:34:47+01:00,87f82783-853b-417d-8964-b5cf11e44873,41.035567,21.337528,noise_dba,24
2026-02-25T20:34:47+01:00,87f82783-853b-417d-8964-b5cf11e44873,41.035567,21.337528,pm10,248
2026-02-25T20:34:47+01:00,87f82783-853b-417d-8964-b5cf11e44873,41.035567,21.337528,pm25,127
2026-02-25T20:34:47+01:00,87f82783-853b-417d-8964-b5cf11e44873,41.035567,21.337528,pressure,949
2026-02-25T20:34:47+01:00,87f82783-853b-417d-8964-b5cf11e44873,41.035567,21.337528,temperature,10
2026-02-25T20:50:19+01:00,87f82783-853b-417d-8964-b5cf11e44873,41.035567,21.337528,gasResistance,214551
2026-02-25T20:50:19+01:00,87f82783-853b-417d-8964-b5cf11e44873,41.035567,21.337528,humidity,47
2026-02-25T20:50:19+01:00,87f82783-853b-417d-8964-b5cf11e44873,41.035567,21.337528,noise,11
2026-02-25T20:50:19+01:00,87f82783-853b-417d-8964-b5cf11e44873,41.035567,21.337528,noise_dba,24
2026-02-25T20:50:19+01:00,87f82783-853b-417d-8964-b5cf11e44873,41.035567,21.337528,pm10,78
2026-02-25T20:50:19+01:00,87f82783-853b-417d-8964-b5cf11e44873,41.035567,21.337528,pm25,55
2026-02-25T20:50:19+01:00,87f82783-853b-417d-8964-b5cf11e44873,41.035567,21.337528,pressure,949
2026-02-25T20:50:19+01:00,87f82783-853b-417d-8964-b5cf11e44873,41.035567,21.337528,temperature,10
2026-02-25T21:05:51+01:00,87f82783-853b-417d-8964-b5cf11e44873,41.035567,21.337528,gasResistance,212626
2026-02-25T21:05:51+01:00,87f82783-853b-417d-8964-b5cf11e44873,41.035567,21.337528,humidity,47
2026-02-25T21:05:51+01:00,87f82783-853b-417d-8964-b5cf11e44873,41.035567,21.337528,noise,11
2026-02-25T21:05:51+01:00,87f82783-853b-417d-8964-b5cf11e44873,41.035567,21.337528,noise_dba,24
2026-02-25T21:05:51+01:00,87f82783-853b-417d-8964-b5cf11e44873,41.035567,21.337528,pm10,70
2026-02-25T21:05:51+01:00,87f82783-853b-417d-8964-b5cf11e44873,41.035567,21.337528,pm25,39
2026-02-25T21:05:51+01:00,87f82783-853b-417d-8964-b5cf11e44873,41.035567,21.337528,pressure,949
2026-02-25T21:05:51+01:00,87f82783-853b-417d-8964-b5cf11e44873,41.035567,21.337528,temperature,10
2026-02-25T21:21:23+01:00,87f82783-853b-417d-8964-b5cf11e44873,41.035567,21.337528,gasResistance,209405
2026-02-25T21:21:23+01:00,87f82783-853b-417d-8964-b5cf11e44873,41.035567,21.337528,humidity,48
2026-02-25T21:21:23+01:00,87f82783-853b-417d-8964-b5cf11e44873,41.035567,21.337528,noise,11
2026-02-25T21:21:23+01:00,87f82783-853b-417d-8964-b5cf11e44873,41.035567,21.337528,noise_dba,24
2026-02-25T21:21:23+01:00,87f82783-853b-417d-8964-b5cf11e44873,41.035567,21.337528,pm10,49
2026-02-25T21:21:23+01:00,87f82783-853b-417d-8964-b5cf11e44873,41.035567,21.337528,pm25,26
2026-02-25T21:21:23+01:00,87f82783-853b-417d-8964-b5cf11e44873,41.035567,21.337528,pressure,949
2026-02-25T21:21:23+01:00,87f82783-853b-417d-8964-b5cf11e44873,41.035567,21.337528,temperature,10
2026-02-25T21:36:55+01:00,87f82783-853b-417d-8964-b5cf11e44873,41.035567,21.337528,gasResistance,208615
2026-02-25T21:36:55+01:00,87f82783-853b-417d-8964-b5cf11e44873,41.035567,21.337528,humidity,49
2026-02-25T21:36:55+01:00,87f82783-853b-417d-8964-b5cf11e44873,41.035567,21.337528,noise,11
2026-02-25T21:36:55+01:00,87f82783-853b-417d-8964-b5cf11e44873,41.035567,21.337528,noise_dba,24
2026-02-25T21:36:55+01:00,87f82783-853b-417d-8964-b5cf11e44873,41.035567,21.337528,pm10,62
2026-02-25T21:36:55+01:00,87f82783-853b-417d-8964-b5cf11e44873,41.035567,21.337528,pm25,35
2026-02-25T21:36:55+01:00,87f82783-853b-417d-8964-b5cf11e44873,41.035567,21.337528,pressure,949
2026-02-25T21:36:55+01:00,87f82783-853b-417d-8964-b5cf11e44873,41.035567,21.337528,temperature,9
2026-02-25T21:52:26+01:00,87f82783-853b-417d-8964-b5cf11e44873,41.035567,21.337528,gasResistance,206409
2026-02-25T21:52:26+01:00,87f82783-853b-417d-8964-b5cf11e44873,41.035567,21.337528,humidity,50
2026-02-25T21:52:26+01:00,87f82783-853b-417d-8964-b5cf11e44873,41.035567,21.337528,noise,11
2026-02-25T21:52:26+01:00,87f82783-853b-417d-8964-b5cf11e44873,41.035567,21.337528,noise_dba,24
2026-02-25T21:52:26+01:00,87f82783-853b-417d-8964-b5cf11e44873,41.035567,21.337528,pm10,360
2026-02-25T21:52:26+01:00,87f82783-853b-417d-8964-b5cf11e44873,41.035567,21.337528,pm25,185
2026-02-25T21:52:26+01:00,87f82783-853b-417d-8964-b5cf11e44873,41.035567,21.337528,pressure,949
2026-02-25T21:52:26+01:00,87f82783-853b-417d-8964-b5cf11e44873,41.035567,21.337528,temperature,9
2026-02-25T22:07:57+01:00,87f82783-853b-417d-8964-b5cf11e44873,41.035567,21.337528,gasResistance,201397
2026-02-25T22:07:57+01:00,87f82783-853b-417d-8964-b5cf11e44873,41.035567,21.337528,humidity,49
2026-02-25T22:07:57+01:00,87f82783-853b-417d-8964-b5cf11e44873,41.035567,21.337528,noise,11
2026-02-25T22:07:57+01:00,87f82783-853b-417d-8964-b5cf11e44873,41.035567,21.337528,noise_dba,24
2026-02-25T22:07:57+01:00,87f82783-853b-417d-8964-b5cf11e44873,41.035567,21.337528,pm10,45
2026-02-25T22:07:57+01:00,87f82783-853b-417d-8964-b5cf11e44873,41.035567,21.337528,pm25,26
2026-02-25T22:07:57+01:00,87f82783-853b-417d-8964-b5cf11e44873,41.035567,21.337528,pressure,949
2026-02-25T22:07:57+01:00,87f82783-853b-417d-8964-b5cf11e44873,41.035567,21.337528,temperature,9
2026-02-25T22:23:29+01:00,87f82783-853b-417d-8964-b5cf11e44873,41.035567,21.337528,gasResistance,202999
2026-02-25T22:23:29+01:00,87f82783-853b-417d-8964-b5cf11e44873,41.035567,21.337528,humidity,49
2026-02-25T22:23:29+01:00,87f82783-853b-417d-8964-b5cf11e44873,41.035567,21.337528,noise,11
2026-02-25T22:23:29+01:00,87f82783-853b-417d-8964-b5cf11e44873,41.035567,21.337528,noise_dba,24
2026-02-25T22:23:29+01:00,87f82783-853b-417d-8964-b5cf11e44873,41.035567,21.337528,pm10,48
2026-02-25T22:23:29+01:00,87f82783-853b-417d-8964-b5cf11e44873,41.035567,21.337528,pm25,29
2026-02-25T22:23:29+01:00,87f82783-853b-417d-8964-b5cf11e44873,41.035567,21.337528,pressure,949
2026-02-25T22:23:29+01:00,87f82783-853b-417d-8964-b5cf11e44873,41.035567,21.337528,temperature,9
2026-02-25T22:39:01+01:00,87f82783-853b-417d-8964-b5cf11e44873,41.035567,21.337528,gasResistance,203124
2026-02-25T22:39:01+01:00,87f82783-853b-417d-8964-b5cf11e44873,41.035567,21.337528,humidity,50
2026-02-25T22:39:01+01:00,87f82783-853b-417d-8964-b5cf11e44873,41.035567,21.337528,noise,11
2026-02-25T22:39:01+01:00,87f82783-853b-417d-8964-b5cf11e44873,41.035567,21.337528,noise_dba,24
2026-02-25T22:39:01+01:00,87f82783-853b-417d-8964-b5cf11e44873,41.035567,21.337528,pm10,47
2026-02-25T22:39:01+01:00,87f82783-853b-417d-8964-b5cf11e44873,41.035567,21.337528,pm25,29
2026-02-25T22:39:01+01:00,87f82783-853b-417d-8964-b5cf11e44873,41.035567,21.337528,pressure,949
2026-02-25T22:39:01+01:00,87f82783-853b-417d-8964-b5cf11e44873,41.035567,21.337528,temperature,9
2026-02-25T22:54:33+01:00,87f82783-853b-417d-8964-b5cf11e44873,41.035567,21.337528,gasResistance,203373
2026-02-25T22:54:33+01:00,87f82783-853b-417d-8964-b5cf11e44873,41.035567,21.337528,humidity,50
2026-02-25T22:54:33+01:00,87f82783-853b-417d-8964-b5cf11e44873,41.035567,21.337528,noise,11
2026-02-25T22:54:33+01:00,87f82783-853b-417d-8964-b5cf11e44873,41.035567,21.337528,noise_dba,24
2026-02-25T22:54:33+01:00,87f82783-853b-417d-8964-b5cf11e44873,41.035567,21.337528,pm10,47
2026-02-25T22:54:33+01:00,87f82783-853b-417d-8964-b5cf11e44873,41.035567,21.337528,pm25,26
2026-02-25T22:54:33+01:00,87f82783-853b-417d-8964-b5cf11e44873,41.035567,21.337528,pressure,950
2026-02-25T22:54:33+01:00,87f82783-853b-417d-8964-b5cf11e44873,41.035567,21.337528,temperature,8
2026-02-25T23:10:05+01:00,87f82783-853b-417d-8964-b5cf11e44873,41.035567,21.337528,gasResistance,202380
2026-02-25T23:10:05+01:00,87f82783-853b-417d-8964-b5cf11e44873,41.035567,21.337528,humidity,50
2026-02-25T23:10:05+01:00,87f82783-853b-417d-8964-b5cf11e44873,41.035567,21.337528,noise,11
2026-02-25T23:10:05+01:00,87f82783-853b-417d-8964-b5cf11e44873,41.035567,21.337528,noise_dba,24
2026-02-25T23:10:05+01:00,87f82783-853b-417d-8964-b5cf11e44873,41.035567,21.337528,pm10,114
2026-02-25T23:10:05+01:00,87f82783-853b-417d-8964-b5cf11e44873,41.035567,21.337528,pm25,62
2026-02-25T23:10:05+01:00,87f82783-853b-417d-8964-b5cf11e44873,41.035567,21.337528,pressure,950
2026-02-25T23:10:05+01:00,87f82783-853b-417d-8964-b5cf11e44873,41.035567,21.337528,temperature,8
2026-02-25T23:25:36+01:00,87f82783-853b-417d-8964-b5cf11e44873,41.035567,21.337528,gasResistance,199101
2026-02-25T23:25:36+01:00,87f82783-853b-417d-8964-b5cf11e44873,41.035567,21.337528,humidity,51
2026-02-25T23:25:36+01:00,87f82783-853b-417d-8964-b5cf11e44873,41.035567,21.337528,noise,11
2026-02-25T23:25:36+01:00,87f82783-853b-417d-8964-b5cf11e44873,41.035567,21.337528,noise_dba,24
2026-02-25T23:25:36+01:00,87f82783-853b-417d-8964-b5cf11e44873,41.035567,21.337528,pm10,119
2026-02-25T23:25:36+01:00,87f82783-853b-417d-8964-b5cf11e44873,41.035567,21.337528,pm25,62
2026-02-25T23:25:36+01:00,87f82783-853b-417d-8964-b5cf11e44873,41.035567,21.337528,pressure,950
2026-02-25T23:25:36+01:00,87f82783-853b-417d-8964-b5cf11e44873,41.035567,21.337528,temperature,8
2026-02-25T23:41:08+01:00,87f82783-853b-417d-8964-b5cf11e44873,41.035567,21.337528,gasResistance,196043
2026-02-25T23:41:08+01:00,87f82783-853b-417d-8964-b5cf11e44873,41.035567,21.337528,humidity,52
2026-02-25T23:41:08+01:00,87f82783-853b-417d-8964-b5cf11e44873,41.035567,21.337528,noise,11
2026-02-25T23:41:08+01:00,87f82783-853b-417d-8964-b5cf11e44873,41.035567,21.337528,noise_dba,24
2026-02-25T23:41:08+01:00,87f82783-853b-417d-8964-b5cf11e44873,41.035567,21.337528,pm10,142
2026-02-25T23:41:08+01:00,87f82783-853b-417d-8964-b5cf11e44873,41.035567,21.337528,pm25,84
2026-02-25T23:41:08+01:00,87f82783-853b-417d-8964-b5cf11e44873,41.035567,21.337528,pressure,950
2026-02-25T23:41:08+01:00,87f82783-853b-417d-8964-b5cf11e44873,41.035567,21.337528,temperature,8
2026-02-25T23:56:39+01:00,87f82783-853b-417d-8964-b5cf11e44873,41.035567,21.337528,gasResistance,191296
2026-02-25T23:56:39+01:00,87f82783-853b-417d-8964-b5cf11e44873,41.035567,21.337528,humidity,53
2026-02-25T23:56:39+01:00,87f82783-853b-417d-8964-b5cf11e44873,41.035567,21.337528,noise,11
2026-02-25T23:56:39+01:00,87f82783-853b-417d-8964-b5cf11e44873,41.035567,21.337528,noise_dba,24
2026-02-25T23:56:39+01:00,87f82783-853b-417d-8964-b5cf11e44873,41.035567,21.337528,pm10,141
2026-02-25T23:56:39+01:00,87f82783-853b-417d-8964-b5cf11e44873,41.035567,21.337528,pm25,83
2026-02-25T23:56:39+01:00,87f82783-853b-417d-8964-b5cf11e44873,41.035567,21.337528,pressure,950
2026-02-25T23:56:39+01:00,87f82783-853b-417d-8964-b5cf11e44873,41.035567,21.337528,temperature,8
2026-02-26T00:12:12+01:00,87f82783-853b-417d-8964-b5cf11e44873,41.035567,21.337528,gasResistance,188578
2026-02-26T00:12:12+01:00,87f82783-853b-417d-8964-b5cf11e44873,41.035567,21.337528,humidity,53
2026-02-26T00:12:12+01:00,87f82783-853b-417d-8964-b5cf11e44873,41.035567,21.337528,pm10,205
2026-02-26T00:12:12+01:00,87f82783-853b-417d-8964-b5cf11e44873,41.035567,21.337528,pm25,110
2026-02-26T00:12:12+01:00,87f82783-853b-417d-8964-b5cf11e44873,41.035567,21.337528,pressure,950
2026-02-26T00:12:12+01:00,87f82783-853b-417d-8964-b5cf11e44873,41.035567,21.337528,temperature,8
2026-02-26T00:27:44+01:00,87f82783-853b-417d-8964-b5cf11e44873,41.035567,21.337528,gasResistance,186878
2026-02-26T00:27:44+01:00,87f82783-853b-417d-8964-b5cf11e44873,41.035567,21.337528,humidity,53
2026-02-26T00:27:44+01:00,87f82783-853b-417d-8964-b5cf11e44873,41.035567,21.337528,pm10,92
2026-02-26T00:27:44+01:00,87f82783-853b-417d-8964-b5cf11e44873,41.035567,21.337528,pm25,46
2026-02-26T00:27:44+01:00,87f82783-853b-417d-8964-b5cf11e44873,41.035567,21.337528,pressure,950
2026-02-26T00:27:44+01:00,87f82783-853b-417d-8964-b5cf11e44873,41.035567,21.337528,temperature,8
2026-02-26T00:43:15+01:00,87f82783-853b-417d-8964-b5cf11e44873,41.035567,21.337528,gasResistance,188578
2026-02-26T00:43:15+01:00,87f82783-853b-417d-8964-b5cf11e44873,41.035567,21.337528,humidity,53
2026-02-26T00:43:15+01:00,87f82783-853b-417d-8964-b5cf11e44873,41.035567,21.337528,pm10,62
2026-02-26T00:43:15+01:00,87f82783-853b-417d-8964-b5cf11e44873,41.035567,21.337528,pm25,32
2026-02-26T00:43:15+01:00,87f82783-853b-417d-8964-b5cf11e44873,41.035567,21.337528,pressure,950
2026-02-26T00:43:15+01:00,87f82783-853b-417d-8964-b5cf11e44873,41.035567,21.337528,temperature,8
2026-02-26T00:58:47+01:00,87f82783-853b-417d-8964-b5cf11e44873,41.035567,21.337528,gasResistance,193189
2026-02-26T00:58:47+01:00,87f82783-853b-417d-8964-b5cf11e44873,41.035567,21.337528,humidity,53
2026-02-26T00:58:47+01:00,87f82783-853b-417d-8964-b5cf11e44873,41.035567,21.337528,noise,11
2026-02-26T00:58:47+01:00,87f82783-853b-417d-8964-b5cf11e44873,41.035567,21.337528,noise_dba,24
2026-02-26T00:58:47+01:00,87f82783-853b-417d-8964-b5cf11e44873,41.035567,21.337528,pm10,51
2026-02-26T00:58:47+01:00,87f82783-853b-417d-8964-b5cf11e44873,41.035567,21.337528,pm25,27
2026-02-26T00:58:47+01:00,87f82783-853b-417d-8964-b5cf11e44873,41.035567,21.337528,pressure,950
2026-02-26T00:58:47+01:00,87f82783-853b-417d-8964-b5cf11e44873,41.035567,21.337528,temperature,7
2026-02-26T01:14:18+01:00,87f82783-853b-417d-8964-b5cf11e44873,41.035567,21.337528,gasResistance,201031
2026-02-26T01:14:18+01:00,87f82783-853b-417d-8964-b5cf11e44873,41.035567,21.337528,humidity,54
2026-02-26T01:14:18+01:00,87f82783-853b-417d-8964-b5cf11e44873,41.035567,21.337528,pm10,54
2026-02-26T01:14:18+01:00,87f82783-853b-417d-8964-b5cf11e44873,41.035567,21.337528,pm25,28
2026-02-26T01:14:18+01:00,87f82783-853b-417d-8964-b5cf11e44873,41.035567,21.337528,pressure,950
2026-02-26T01:14:18+01:00,87f82783-853b-417d-8964-b5cf11e44873,41.035567,21.337528,temperature,7
2026-02-26T01:29:49+01:00,87f82783-853b-417d-8964-b5cf11e44873,41.035567,21.337528,gasResistance,202999
2026-02-26T01:29:49+01:00,87f82783-853b-417d-8964-b5cf11e44873,41.035567,21.337528,humidity,54
2026-02-26T01:29:49+01:00,87f82783-853b-417d-8964-b5cf11e44873,41.035567,21.337528,pm10,55
2026-02-26T01:29:49+01:00,87f82783-853b-417d-8964-b5cf11e44873,41.035567,21.337528,pm25,28
2026-02-26T01:29:49+01:00,87f82783-853b-417d-8964-b5cf11e44873,41.035567,21.337528,pressure,950
2026-02-26T01:29:49+01:00,87f82783-853b-417d-8964-b5cf11e44873,41.035567,21.337528,temperature,7
2026-02-26T01:45:23+01:00,87f82783-853b-417d-8964-b5cf11e44873,41.035567,21.337528,gasResistance,206409
2026-02-26T01:45:23+01:00,87f82783-853b-417d-8964-b5cf11e44873,41.035567,21.337528,humidity,54
2026-02-26T01:45:23+01:00,87f82783-853b-417d-8964-b5cf11e44873,41.035567,21.337528,noise,11
2026-02-26T01:45:23+01:00,87f82783-853b-417d-8964-b5cf11e44873,41.035567,21.337528,noise_dba,24
2026-02-26T01:45:23+01:00,87f82783-853b-417d-8964-b5cf11e44873,41.035567,21.337528,pm10,27
2026-02-26T01:45:23+01:00,87f82783-853b-417d-8964-b5cf11e44873,41.035567,21.337528,pm25,13
2026-02-26T01:45:23+01:00,87f82783-853b-417d-8964-b5cf11e44873,41.035567,21.337528,pressure,950
2026-02-26T01:45:23+01:00,87f82783-853b-417d-8964-b5cf11e44873,41.035567,21.337528,temperature,7
2026-02-26T02:00:55+01:00,87f82783-853b-417d-8964-b5cf11e44873,41.035567,21.337528,gasResistance,217362
2026-02-26T02:00:55+01:00,87f82783-853b-417d-8964-b5cf11e44873,41.035567,21.337528,humidity,53
2026-02-26T02:00:55+01:00,87f82783-853b-417d-8964-b5cf11e44873,41.035567,21.337528,noise,11
2026-02-26T02:00:55+01:00,87f82783-853b-417d-8964-b5cf11e44873,41.035567,21.337528,noise_dba,24
2026-02-26T02:00:55+01:00,87f82783-853b-417d-8964-b5cf11e44873,41.035567,21.337528,pm10,29
2026-02-26T02:00:55+01:00,87f82783-853b-417d-8964-b5cf11e44873,41.035567,21.337528,pm25,14
2026-02-26T02:00:55+01:00,87f82783-853b-417d-8964-b5cf11e44873,41.035567,21.337528,pressure,950
2026-02-26T02:00:55+01:00,87f82783-853b-417d-8964-b5cf11e44873,41.035567,21.337528,temperature,7
2026-02-26T02:16:26+01:00,87f82783-853b-417d-8964-b5cf11e44873,41.035567,21.337528,gasResistance,224570
2026-02-26T02:16:26+01:00,87f82783-853b-417d-8964-b5cf11e44873,41.035567,21.337528,humidity,54
2026-02-26T02:16:26+01:00,87f82783-853b-417d-8964-b5cf11e44873,41.035567,21.337528,pm10,39
2026-02-26T02:16:26+01:00,87f82783-853b-417d-8964-b5cf11e44873,41.035567,21.337528,pm25,19
2026-02-26T02:16:26+01:00,87f82783-853b-417d-8964-b5cf11e44873,41.035567,21.337528,pressure,950
2026-02-26T02:16:26+01:00,87f82783-853b-417d-8964-b5cf11e44873,41.035567,21.337528,temperature,7
2026-02-26T02:31:58+01:00,87f82783-853b-417d-8964-b5cf11e44873,41.035567,21.337528,gasResistance,228908
2026-02-26T02:31:58+01:00,87f82783-853b-417d-8964-b5cf11e44873,41.035567,21.337528,humidity,54
2026-02-26T02:31:58+01:00,87f82783-853b-417d-8964-b5cf11e44873,41.035567,21.337528,pm10,35
2026-02-26T02:31:58+01:00,87f82783-853b-417d-8964-b5cf11e44873,41.035567,21.337528,pm25,17
2026-02-26T02:31:58+01:00,87f82783-853b-417d-8964-b5cf11e44873,41.035567,21.337528,pressure,950
2026-02-26T02:31:58+01:00,87f82783-853b-417d-8964-b5cf11e44873,41.035567,21.337528,temperature,7
2026-02-26T02:47:30+01:00,87f82783-853b-417d-8964-b5cf11e44873,41.035567,21.337528,gasResistance,237936
2026-02-26T02:47:30+01:00,87f82783-853b-417d-8964-b5cf11e44873,41.035567,21.337528,humidity,53
2026-02-26T02:47:30+01:00,87f82783-853b-417d-8964-b5cf11e44873,41.035567,21.337528,pm10,16
2026-02-26T02:47:30+01:00,87f82783-853b-417d-8964-b5cf11e44873,41.035567,21.337528,pm25,8
2026-02-26T02:47:30+01:00,87f82783-853b-417d-8964-b5cf11e44873,41.035567,21.337528,pressure,950
2026-02-26T02:47:30+01:00,87f82783-853b-417d-8964-b5cf11e44873,41.035567,21.337528,temperature,6
2026-02-26T03:03:02+01:00,87f82783-853b-417d-8964-b5cf11e44873,41.035567,21.337528,gasResistance,243883
2026-02-26T03:03:02+01:00,87f82783-853b-417d-8964-b5cf11e44873,41.035567,21.337528,humidity,53
2026-02-26T03:03:02+01:00,87f82783-853b-417d-8964-b5cf11e44873,41.035567,21.337528,pm10,17
2026-02-26T03:03:02+01:00,87f82783-853b-417d-8964-b5cf11e44873,41.035567,21.337528,pm25,7
2026-02-26T03:03:02+01:00,87f82783-853b-417d-8964-b5cf11e44873,41.035567,21.337528,pressure,950
2026-02-26T03:03:02+01:00,87f82783-853b-417d-8964-b5cf11e44873,41.035567,21.337528,temperature,6
2026-02-26T03:18:33+01:00,87f82783-853b-417d-8964-b5cf11e44873,41.035567,21.337528,gasResistance,249194
2026-02-26T03:18:33+01:00,87f82783-853b-417d-8964-b5cf11e44873,41.035567,21.337528,humidity,54
2026-02-26T03:18:33+01:00,87f82783-853b-417d-8964-b5cf11e44873,41.035567,21.337528,pm10,34
2026-02-26T03:18:33+01:00,87f82783-853b-417d-8964-b5cf11e44873,41.035567,21.337528,pm25,18
2026-02-26T03:18:33+01:00,87f82783-853b-417d-8964-b5cf11e44873,41.035567,21.337528,pressure,950
2026-02-26T03:18:33+01:00,87f82783-853b-417d-8964-b5cf11e44873,41.035567,21.337528,temperature,6
2026-02-26T03:34:05+01:00,87f82783-853b-417d-8964-b5cf11e44873,41.035567,21.337528,gasResistance,249945
2026-02-26T03:34:05+01:00,87f82783-853b-417d-8964-b5cf11e44873,41.035567,21.337528,humidity,55
2026-02-26T03:34:05+01:00,87f82783-853b-417d-8964-b5cf11e44873,41.035567,21.337528,noise,11
2026-02-26T03:34:05+01:00,87f82783-853b-417d-8964-b5cf11e44873,41.035567,21.337528,noise_dba,24
2026-02-26T03:34:05+01:00,87f82783-853b-417d-8964-b5cf11e44873,41.035567,21.337528,pm10,20
2026-02-26T03:34:05+01:00,87f82783-853b-417d-8964-b5cf11e44873,41.035567,21.337528,pm25,11
2026-02-26T03:34:05+01:00,87f82783-853b-417d-8964-b5cf11e44873,41.035567,21.337528,pressure,950
2026-02-26T03:34:05+01:00,87f82783-853b-417d-8964-b5cf11e44873,41.035567,21.337528,temperature,6
2026-02-26T03:49:36+01:00,87f82783-853b-417d-8964-b5cf11e44873,41.035567,21.337528,gasResistance,253575
2026-02-26T03:49:36+01:00,87f82783-853b-417d-8964-b5cf11e44873,41.035567,21.337528,humidity,55
2026-02-26T03:49:36+01:00,87f82783-853b-417d-8964-b5cf11e44873,41.035567,21.337528,pm10,28
2026-02-26T03:49:36+01:00,87f82783-853b-417d-8964-b5cf11e44873,41.035567,21.337528,pm25,13
2026-02-26T03:49:36+01:00,87f82783-853b-417d-8964-b5cf11e44873,41.035567,21.337528,pressure,951
2026-02-26T03:49:36+01:00,87f82783-853b-417d-8964-b5cf11e44873,41.035567,21.337528,temperature,6
2026-02-26T04:05:07+01:00,87f82783-853b-417d-8964-b5cf11e44873,41.035567,21.337528,gasResistance,254352
2026-02-26T04:05:07+01:00,87f82783-853b-417d-8964-b5cf11e44873,41.035567,21.337528,humidity,55
2026-02-26T04:05:07+01:00,87f82783-853b-417d-8964-b5cf11e44873,41.035567,21.337528,pm10,25
2026-02-26T04:05:07+01:00,87f82783-853b-417d-8964-b5cf11e44873,41.035567,21.337528,pm25,13
2026-02-26T04:05:07+01:00,87f82783-853b-417d-8964-b5cf11e44873,41.035567,21.337528,pressure,951
2026-02-26T04:05:07+01:00,87f82783-853b-417d-8964-b5cf11e44873,41.035567,21.337528,temperature,6
2026-02-26T04:20:39+01:00,87f82783-853b-417d-8964-b5cf11e44873,41.035567,21.337528,gasResistance,260339
2026-02-26T04:20:39+01:00,87f82783-853b-417d-8964-b5cf11e44873,41.035567,21.337528,humidity,55
2026-02-26T04:20:39+01:00,87f82783-853b-417d-8964-b5cf11e44873,41.035567,21.337528,pm10,23
2026-02-26T04:20:39+01:00,87f82783-853b-417d-8964-b5cf11e44873,41.035567,21.337528,pm25,12
2026-02-26T04:20:39+01:00,87f82783-853b-417d-8964-b5cf11e44873,41.035567,21.337528,pressure,951
2026-02-26T04:20:39+01:00,87f82783-853b-417d-8964-b5cf11e44873,41.035567,21.337528,temperature,6
2026-02-26T04:36:10+01:00,87f82783-853b-417d-8964-b5cf11e44873,41.035567,21.337528,gasResistance,264279
2026-02-26T04:36:10+01:00,87f82783-853b-417d-8964-b5cf11e44873,41.035567,21.337528,humidity,55
2026-02-26T04:36:10+01:00,87f82783-853b-417d-8964-b5cf11e44873,41.035567,21.337528,noise,11
2026-02-26T04:36:10+01:00,87f82783-853b-417d-8964-b5cf11e44873,41.035567,21.337528,noise_dba,24
2026-02-26T04:36:10+01:00,87f82783-853b-417d-8964-b5cf11e44873,41.035567,21.337528,pm10,18
2026-02-26T04:36:10+01:00,87f82783-853b-417d-8964-b5cf11e44873,41.035567,21.337528,pm25,9
2026-02-26T04:36:10+01:00,87f82783-853b-417d-8964-b5cf11e44873,41.035567,21.337528,pressure,951
2026-02-26T04:36:10+01:00,87f82783-853b-417d-8964-b5cf11e44873,41.035567,21.337528,temperature,6
2026-02-26T04:51:42+01:00,87f82783-853b-417d-8964-b5cf11e44873,41.035567,21.337528,gasResistance,266187
2026-02-26T04:51:42+01:00,87f82783-853b-417d-8964-b5cf11e44873,41.035567,21.337528,humidity,55
2026-02-26T04:51:42+01:00,87f82783-853b-417d-8964-b5cf11e44873,41.035567,21.337528,noise,11
2026-02-26T04:51:42+01:00,87f82783-853b-417d-8964-b5cf11e44873,41.035567,21.337528,noise_dba,24
2026-02-26T04:51:42+01:00,87f82783-853b-417d-8964-b5cf11e44873,41.035567,21.337528,pm10,14
2026-02-26T04:51:42+01:00,87f82783-853b-417d-8964-b5cf11e44873,41.035567,21.337528,pm25,8
2026-02-26T04:51:42+01:00,87f82783-853b-417d-8964-b5cf11e44873,41.035567,21.337528,pressure,951
2026-02-26T04:51:42+01:00,87f82783-853b-417d-8964-b5cf11e44873,41.035567,21.337528,temperature,6
2026-02-26T05:07:13+01:00,87f82783-853b-417d-8964-b5cf11e44873,41.035567,21.337528,gasResistance,270528
2026-02-26T05:07:13+01:00,87f82783-853b-417d-8964-b5cf11e44873,41.035567,21.337528,humidity,55
2026-02-26T05:07:13+01:00,87f82783-853b-417d-8964-b5cf11e44873,41.035567,21.337528,noise,11
2026-02-26T05:07:13+01:00,87f82783-853b-417d-8964-b5cf11e44873,41.035567,21.337528,noise_dba,24
2026-02-26T05:07:13+01:00,87f82783-853b-417d-8964-b5cf11e44873,41.035567,21.337528,pm10,15
2026-02-26T05:07:13+01:00,87f82783-853b-417d-8964-b5cf11e44873,41.035567,21.337528,pm25,8
2026-02-26T05:07:13+01:00,87f82783-853b-417d-8964-b5cf11e44873,41.035567,21.337528,pressure,951
2026-02-26T05:07:13+01:00,87f82783-853b-417d-8964-b5cf11e44873,41.035567,21.337528,temperature,6
2026-02-26T05:22:45+01:00,87f82783-853b-417d-8964-b5cf11e44873,41.035567,21.337528,gasResistance,271635
2026-02-26T05:22:45+01:00,87f82783-853b-417d-8964-b5cf11e44873,41.035567,21.337528,humidity,55
2026-02-26T05:22:45+01:00,87f82783-853b-417d-8964-b5cf11e44873,41.035567,21.337528,noise,11
2026-02-26T05:22:45+01:00,87f82783-853b-417d-8964-b5cf11e44873,41.035567,21.337528,noise_dba,24
2026-02-26T05:22:45+01:00,87f82783-853b-417d-8964-b5cf11e44873,41.035567,21.337528,pm10,20
2026-02-26T05:22:45+01:00,87f82783-853b-417d-8964-b5cf11e44873,41.035567,21.337528,pm25,12
2026-02-26T05:22:45+01:00,87f82783-853b-417d-8964-b5cf11e44873,41.035567,21.337528,pressure,951
2026-02-26T05:22:45+01:00,87f82783-853b-417d-8964-b5cf11e44873,41.035567,21.337528,temperature,6
2026-02-26T05:38:17+01:00,87f82783-853b-417d-8964-b5cf11e44873,41.035567,21.337528,gasResistance,272976
2026-02-26T05:38:17+01:00,87f82783-853b-417d-8964-b5cf11e44873,41.035567,21.337528,humidity,55
2026-02-26T05:38:17+01:00,87f82783-853b-417d-8964-b5cf11e44873,41.035567,21.337528,noise,11
2026-02-26T05:38:17+01:00,87f82783-853b-417d-8964-b5cf11e44873,41.035567,21.337528,noise_dba,24
2026-02-26T05:38:17+01:00,87f82783-853b-417d-8964-b5cf11e44873,41.035567,21.337528,pm10,15
2026-02-26T05:38:17+01:00,87f82783-853b-417d-8964-b5cf11e44873,41.035567,21.337528,pm25,7
2026-02-26T05:38:17+01:00,87f82783-853b-417d-8964-b5cf11e44873,41.035567,21.337528,pressure,951
2026-02-26T05:38:17+01:00,87f82783-853b-417d-8964-b5cf11e44873,41.035567,21.337528,temperature,6
2026-02-26T05:53:49+01:00,87f82783-853b-417d-8964-b5cf11e44873,41.035567,21.337528,gasResistance,277543
2026-02-26T05:53:49+01:00,87f82783-853b-417d-8964-b5cf11e44873,41.035567,21.337528,humidity,56
2026-02-26T05:53:49+01:00,87f82783-853b-417d-8964-b5cf11e44873,41.035567,21.337528,noise,11
2026-02-26T05:53:49+01:00,87f82783-853b-417d-8964-b5cf11e44873,41.035567,21.337528,noise_dba,24
2026-02-26T05:53:49+01:00,87f82783-853b-417d-8964-b5cf11e44873,41.035567,21.337528,pm10,15
2026-02-26T05:53:49+01:00,87f82783-853b-417d-8964-b5cf11e44873,41.035567,21.337528,pm25,7
2026-02-26T05:53:49+01:00,87f82783-853b-417d-8964-b5cf11e44873,41.035567,21.337528,pressure,951
2026-02-26T05:53:49+01:00,87f82783-853b-417d-8964-b5cf11e44873,41.035567,21.337528,temperature,6
2026-02-26T06:09:20+01:00,87f82783-853b-417d-8964-b5cf11e44873,41.035567,21.337528,gasResistance,279884
2026-02-26T06:09:20+01:00,87f82783-853b-417d-8964-b5cf11e44873,41.035567,21.337528,humidity,56
2026-02-26T06:09:20+01:00,87f82783-853b-417d-8964-b5cf11e44873,41.035567,21.337528,noise,11
2026-02-26T06:09:20+01:00,87f82783-853b-417d-8964-b5cf11e44873,41.035567,21.337528,noise_dba,24
2026-02-26T06:09:20+01:00,87f82783-853b-417d-8964-b5cf11e44873,41.035567,21.337528,pm10,21
2026-02-26T06:09:20+01:00,87f82783-853b-417d-8964-b5cf11e44873,41.035567,21.337528,pm25,11
2026-02-26T06:09:20+01:00,87f82783-853b-417d-8964-b5cf11e44873,41.035567,21.337528,pressure,951
2026-02-26T06:09:20+01:00,87f82783-853b-417d-8964-b5cf11e44873,41.035567,21.337528,temperature,6
2026-02-26T06:24:52+01:00,87f82783-853b-417d-8964-b5cf11e44873,41.035567,21.337528,gasResistance,277775
2026-02-26T06:24:52+01:00,87f82783-853b-417d-8964-b5cf11e44873,41.035567,21.337528,humidity,56
2026-02-26T06:24:52+01:00,87f82783-853b-417d-8964-b5cf11e44873,41.035567,21.337528,noise,12
2026-02-26T06:24:52+01:00,87f82783-853b-417d-8964-b5cf11e44873,41.035567,21.337528,noise_dba,25
2026-02-26T06:24:52+01:00,87f82783-853b-417d-8964-b5cf11e44873,41.035567,21.337528,pm10,43
2026-02-26T06:24:52+01:00,87f82783-853b-417d-8964-b5cf11e44873,41.035567,21.337528,pm25,20
2026-02-26T06:24:52+01:00,87f82783-853b-417d-8964-b5cf11e44873,41.035567,21.337528,pressure,952
2026-02-26T06:24:52+01:00,87f82783-853b-417d-8964-b5cf11e44873,41.035567,21.337528,temperature,6
2026-02-26T06:40:24+01:00,87f82783-853b-417d-8964-b5cf11e44873,41.035567,21.337528,gasResistance,265974
2026-02-26T06:40:24+01:00,87f82783-853b-417d-8964-b5cf11e44873,41.035567,21.337528,humidity,57
2026-02-26T06:40:24+01:00,87f82783-853b-417d-8964-b5cf11e44873,41.035567,21.337528,noise,11
2026-02-26T06:40:24+01:00,87f82783-853b-417d-8964-b5cf11e44873,41.035567,21.337528,noise_dba,24
2026-02-26T06:40:24+01:00,87f82783-853b-417d-8964-b5cf11e44873,41.035567,21.337528,pm10,39
2026-02-26T06:40:24+01:00,87f82783-853b-417d-8964-b5cf11e44873,41.035567,21.337528,pm25,17
2026-02-26T06:40:24+01:00,87f82783-853b-417d-8964-b5cf11e44873,41.035567,21.337528,pressure,952
2026-02-26T06:40:24+01:00,87f82783-853b-417d-8964-b5cf11e44873,41.035567,21.337528,temperature,5
2026-02-26T06:55:56+01:00,87f82783-853b-417d-8964-b5cf11e44873,41.035567,21.337528,gasResistance,260954
2026-02-26T06:55:56+01:00,87f82783-853b-417d-8964-b5cf11e44873,41.035567,21.337528,humidity,57
2026-02-26T06:55:56+01:00,87f82783-853b-417d-8964-b5cf11e44873,41.035567,21.337528,noise,11
2026-02-26T06:55:56+01:00,87f82783-853b-417d-8964-b5cf11e44873,41.035567,21.337528,noise_dba,24
2026-02-26T06:55:56+01:00,87f82783-853b-417d-8964-b5cf11e44873,41.035567,21.337528,pm10,24
2026-02-26T06:55:56+01:00,87f82783-853b-417d-8964-b5cf11e44873,41.035567,21.337528,pm25,12
2026-02-26T06:55:56+01:00,87f82783-853b-417d-8964-b5cf11e44873,41.035567,21.337528,pressure,952
2026-02-26T06:55:56+01:00,87f82783-853b-417d-8964-b5cf11e44873,41.035567,21.337528,temperature,5
2026-02-26T07:11:27+01:00,87f82783-853b-417d-8964-b5cf11e44873,41.035567,21.337528,gasResistance,261159
2026-02-26T07:11:27+01:00,87f82783-853b-417d-8964-b5cf11e44873,41.035567,21.337528,humidity,58
2026-02-26T07:11:27+01:00,87f82783-853b-417d-8964-b5cf11e44873,41.035567,21.337528,noise,11
2026-02-26T07:11:27+01:00,87f82783-853b-417d-8964-b5cf11e44873,41.035567,21.337528,noise_dba,24
2026-02-26T07:11:27+01:00,87f82783-853b-417d-8964-b5cf11e44873,41.035567,21.337528,pm10,24
2026-02-26T07:11:27+01:00,87f82783-853b-417d-8964-b5cf11e44873,41.035567,21.337528,pm25,17
2026-02-26T07:11:27+01:00,87f82783-853b-417d-8964-b5cf11e44873,41.035567,21.337528,pressure,952
2026-02-26T07:11:27+01:00,87f82783-853b-417d-8964-b5cf11e44873,41.035567,21.337528,temperature,5
2026-02-26T07:26:58+01:00,87f82783-853b-417d-8964-b5cf11e44873,41.035567,21.337528,gasResistance,259119
2026-02-26T07:26:58+01:00,87f82783-853b-417d-8964-b5cf11e44873,41.035567,21.337528,humidity,58
2026-02-26T07:26:58+01:00,87f82783-853b-417d-8964-b5cf11e44873,41.035567,21.337528,noise,11
2026-02-26T07:26:58+01:00,87f82783-853b-417d-8964-b5cf11e44873,41.035567,21.337528,noise_dba,24
2026-02-26T07:26:58+01:00,87f82783-853b-417d-8964-b5cf11e44873,41.035567,21.337528,pm10,39
2026-02-26T07:26:58+01:00,87f82783-853b-417d-8964-b5cf11e44873,41.035567,21.337528,pm25,23
2026-02-26T07:26:58+01:00,87f82783-853b-417d-8964-b5cf11e44873,41.035567,21.337528,pressure,952
2026-02-26T07:26:58+01:00,87f82783-853b-417d-8964-b5cf11e44873,41.035567,21.337528,temperature,5
2026-02-26T07:42:30+01:00,87f82783-853b-417d-8964-b5cf11e44873,41.035567,21.337528,gasResistance,255331
2026-02-26T07:42:30+01:00,87f82783-853b-417d-8964-b5cf11e44873,41.035567,21.337528,humidity,58
2026-02-26T07:42:30+01:00,87f82783-853b-417d-8964-b5cf11e44873,41.035567,21.337528,noise,11
2026-02-26T07:42:30+01:00,87f82783-853b-417d-8964-b5cf11e44873,41.035567,21.337528,noise_dba,24
2026-02-26T07:42:30+01:00,87f82783-853b-417d-8964-b5cf11e44873,41.035567,21.337528,pm10,56
2026-02-26T07:42:30+01:00,87f82783-853b-417d-8964-b5cf11e44873,41.035567,21.337528,pm25,29
2026-02-26T07:42:30+01:00,87f82783-853b-417d-8964-b5cf11e44873,41.035567,21.337528,pressure,952
2026-02-26T07:42:30+01:00,87f82783-853b-417d-8964-b5cf11e44873,41.035567,21.337528,temperature,6
2026-02-26T07:58:01+01:00,87f82783-853b-417d-8964-b5cf11e44873,41.035567,21.337528,gasResistance,252225
2026-02-26T07:58:01+01:00,87f82783-853b-417d-8964-b5cf11e44873,41.035567,21.337528,humidity,56
2026-02-26T07:58:01+01:00,87f82783-853b-417d-8964-b5cf11e44873,41.035567,21.337528,noise,12
2026-02-26T07:58:01+01:00,87f82783-853b-417d-8964-b5cf11e44873,41.035567,21.337528,noise_dba,25
2026-02-26T07:58:01+01:00,87f82783-853b-417d-8964-b5cf11e44873,41.035567,21.337528,pm10,64
2026-02-26T07:58:01+01:00,87f82783-853b-417d-8964-b5cf11e44873,41.035567,21.337528,pm25,34
2026-02-26T07:58:01+01:00,87f82783-853b-417d-8964-b5cf11e44873,41.035567,21.337528,pressure,952
2026-02-26T07:58:01+01:00,87f82783-853b-417d-8964-b5cf11e44873,41.035567,21.337528,temperature,6
2026-02-26T08:13:33+01:00,87f82783-853b-417d-8964-b5cf11e44873,41.035567,21.337528,gasResistance,250322
2026-02-26T08:13:33+01:00,87f82783-853b-417d-8964-b5cf11e44873,41.035567,21.337528,humidity,56
2026-02-26T08:13:33+01:00,87f82783-853b-417d-8964-b5cf11e44873,41.035567,21.337528,noise,11
2026-02-26T08:13:33+01:00,87f82783-853b-417d-8964-b5cf11e44873,41.035567,21.337528,noise_dba,24
2026-02-26T08:13:33+01:00,87f82783-853b-417d-8964-b5cf11e44873,41.035567,21.337528,pm10,45
2026-02-26T08:13:33+01:00,87f82783-853b-417d-8964-b5cf11e44873,41.035567,21.337528,pm25,24
2026-02-26T08:13:33+01:00,87f82783-853b-417d-8964-b5cf11e44873,41.035567,21.337528,pressure,953
2026-02-26T08:13:33+01:00,87f82783-853b-417d-8964-b5cf11e44873,41.035567,21.337528,temperature,6
2026-02-26T08:29:05+01:00,87f82783-853b-417d-8964-b5cf11e44873,41.035567,21.337528,gasResistance,244782
2026-02-26T08:29:05+01:00,87f82783-853b-417d-8964-b5cf11e44873,41.035567,21.337528,humidity,57
2026-02-26T08:29:05+01:00,87f82783-853b-417d-8964-b5cf11e44873,41.035567,21.337528,noise,12
2026-02-26T08:29:05+01:00,87f82783-853b-417d-8964-b5cf11e44873,41.035567,21.337528,noise_dba,25
2026-02-26T08:29:05+01:00,87f82783-853b-417d-8964-b5cf11e44873,41.035567,21.337528,pm10,34
2026-02-26T08:29:05+01:00,87f82783-853b-417d-8964-b5cf11e44873,41.035567,21.337528,pm25,18
2026-02-26T08:29:05+01:00,87f82783-853b-417d-8964-b5cf11e44873,41.035567,21.337528,pressure,953
2026-02-26T08:29:05+01:00,87f82783-853b-417d-8964-b5cf11e44873,41.035567,21.337528,temperature,7
2026-02-26T08:44:36+01:00,87f82783-853b-417d-8964-b5cf11e44873,41.035567,21.337528,gasResistance,242103
2026-02-26T08:44:36+01:00,87f82783-853b-417d-8964-b5cf11e44873,41.035567,21.337528,humidity,56
2026-02-26T08:44:36+01:00,87f82783-853b-417d-8964-b5cf11e44873,41.035567,21.337528,noise,12
2026-02-26T08:44:36+01:00,87f82783-853b-417d-8964-b5cf11e44873,41.035567,21.337528,noise_dba,25
2026-02-26T08:44:36+01:00,87f82783-853b-417d-8964-b5cf11e44873,41.035567,21.337528,pm10,24
2026-02-26T08:44:36+01:00,87f82783-853b-417d-8964-b5cf11e44873,41.035567,21.337528,pm25,11
2026-02-26T08:44:36+01:00,87f82783-853b-417d-8964-b5cf11e44873,41.035567,21.337528,pressure,953
2026-02-26T08:44:36+01:00,87f82783-853b-417d-8964-b5cf11e44873,41.035567,21.337528,temperature,7
2026-02-26T09:00:08+01:00,87f82783-853b-417d-8964-b5cf11e44873,41.035567,21.337528,gasResistance,244242
2026-02-26T09:00:08+01:00,87f82783-853b-417d-8964-b5cf11e44873,41.035567,21.337528,humidity,56
2026-02-26T09:00:08+01:00,87f82783-853b-417d-8964-b5cf11e44873,41.035567,21.337528,noise,11
2026-02-26T09:00:08+01:00,87f82783-853b-417d-8964-b5cf11e44873,41.035567,21.337528,noise_dba,24
2026-02-26T09:00:08+01:00,87f82783-853b-417d-8964-b5cf11e44873,41.035567,21.337528,pm10,22
2026-02-26T09:00:08+01:00,87f82783-853b-417d-8964-b5cf11e44873,41.035567,21.337528,pm25,9
2026-02-26T09:00:08+01:00,87f82783-853b-417d-8964-b5cf11e44873,41.035567,21.337528,pressure,953
2026-02-26T09:00:08+01:00,87f82783-853b-417d-8964-b5cf11e44873,41.035567,21.337528,temperature,8
2026-02-26T09:15:39+01:00,87f82783-853b-417d-8964-b5cf11e44873,41.035567,21.337528,gasResistance,249194
2026-02-26T09:15:39+01:00,87f82783-853b-417d-8964-b5cf11e44873,41.035567,21.337528,humidity,54
2026-02-26T09:15:39+01:00,87f82783-853b-417d-8964-b5cf11e44873,41.035567,21.337528,noise,11
2026-02-26T09:15:39+01:00,87f82783-853b-417d-8964-b5cf11e44873,41.035567,21.337528,noise_dba,24
2026-02-26T09:15:39+01:00,87f82783-853b-417d-8964-b5cf11e44873,41.035567,21.337528,pm10,14
2026-02-26T09:15:39+01:00,87f82783-853b-417d-8964-b5cf11e44873,41.035567,21.337528,pm25,8
2026-02-26T09:15:39+01:00,87f82783-853b-417d-8964-b5cf11e44873,41.035567,21.337528,pressure,953
2026-02-26T09:15:39+01:00,87f82783-853b-417d-8964-b5cf11e44873,41.035567,21.337528,temperature,8
2026-02-26T09:31:12+01:00,87f82783-853b-417d-8964-b5cf11e44873,41.035567,21.337528,gasResistance,251080
2026-02-26T09:31:12+01:00,87f82783-853b-417d-8964-b5cf11e44873,41.035567,21.337528,humidity,51
2026-02-26T09:31:12+01:00,87f82783-853b-417d-8964-b5cf11e44873,41.035567,21.337528,noise,12
2026-02-26T09:31:12+01:00,87f82783-853b-417d-8964-b5cf11e44873,41.035567,21.337528,noise_dba,25
2026-02-26T09:31:12+01:00,87f82783-853b-417d-8964-b5cf11e44873,41.035567,21.337528,pm10,14
2026-02-26T09:31:12+01:00,87f82783-853b-417d-8964-b5cf11e44873,41.035567,21.337528,pm25,6
2026-02-26T09:31:12+01:00,87f82783-853b-417d-8964-b5cf11e44873,41.035567,21.337528,pressure,953
2026-02-26T09:31:12+01:00,87f82783-853b-417d-8964-b5cf11e44873,41.035567,21.337528,temperature,9
2026-02-26T09:46:43+01:00,87f82783-853b-417d-8964-b5cf11e44873,41.035567,21.337528,gasResistance,268123
2026-02-26T09:46:43+01:00,87f82783-853b-417d-8964-b5cf11e44873,41.035567,21.337528,humidity,47
2026-02-26T09:46:43+01:00,87f82783-853b-417d-8964-b5cf11e44873,41.035567,21.337528,noise,11
2026-02-26T09:46:43+01:00,87f82783-853b-417d-8964-b5cf11e44873,41.035567,21.337528,noise_dba,24
2026-02-26T09:46:43+01:00,87f82783-853b-417d-8964-b5cf11e44873,41.035567,21.337528,pm10,5
2026-02-26T09:46:43+01:00,87f82783-853b-417d-8964-b5cf11e44873,41.035567,21.337528,pm25,2
2026-02-26T09:46:43+01:00,87f82783-853b-417d-8964-b5cf11e44873,41.035567,21.337528,pressure,953
2026-02-26T09:46:43+01:00,87f82783-853b-417d-8964-b5cf11e44873,41.035567,21.337528,temperature,9
2026-02-26T10:02:15+01:00,87f82783-853b-417d-8964-b5cf11e44873,41.035567,21.337528,gasResistance,273426
2026-02-26T10:02:15+01:00,87f82783-853b-417d-8964-b5cf11e44873,41.035567,21.337528,humidity,47
2026-02-26T10:02:15+01:00,87f82783-853b-417d-8964-b5cf11e44873,41.035567,21.337528,noise,11
2026-02-26T10:02:15+01:00,87f82783-853b-417d-8964-b5cf11e44873,41.035567,21.337528,noise_dba,24
2026-02-26T10:02:15+01:00,87f82783-853b-417d-8964-b5cf11e44873,41.035567,21.337528,pm10,4
2026-02-26T10:02:15+01:00,87f82783-853b-417d-8964-b5cf11e44873,41.035567,21.337528,pm25,2
2026-02-26T10:02:15+01:00,87f82783-853b-417d-8964-b5cf11e44873,41.035567,21.337528,pressure,953
2026-02-26T10:02:15+01:00,87f82783-853b-417d-8964-b5cf11e44873,41.035567,21.337528,temperature,10
2026-02-26T10:17:46+01:00,87f82783-853b-417d-8964-b5cf11e44873,41.035567,21.337528,gasResistance,278475
2026-02-26T10:17:46+01:00,87f82783-853b-417d-8964-b5cf11e44873,41.035567,21.337528,humidity,43
2026-02-26T10:17:46+01:00,87f82783-853b-417d-8964-b5cf11e44873,41.035567,21.337528,noise,12
2026-02-26T10:17:46+01:00,87f82783-853b-417d-8964-b5cf11e44873,41.035567,21.337528,noise_dba,25
2026-02-26T10:17:46+01:00,87f82783-853b-417d-8964-b5cf11e44873,41.035567,21.337528,pm10,4
2026-02-26T10:17:46+01:00,87f82783-853b-417d-8964-b5cf11e44873,41.035567,21.337528,pm25,1
2026-02-26T10:17:46+01:00,87f82783-853b-417d-8964-b5cf11e44873,41.035567,21.337528,pressure,954
2026-02-26T10:17:46+01:00,87f82783-853b-417d-8964-b5cf11e44873,41.035567,21.337528,temperature,11
2026-02-26T10:33:17+01:00,87f82783-853b-417d-8964-b5cf11e44873,41.035567,21.337528,gasResistance,282025
2026-02-26T10:33:17+01:00,87f82783-853b-417d-8964-b5cf11e44873,41.035567,21.337528,humidity,43
2026-02-26T10:33:17+01:00,87f82783-853b-417d-8964-b5cf11e44873,41.035567,21.337528,noise,11
2026-02-26T10:33:17+01:00,87f82783-853b-417d-8964-b5cf11e44873,41.035567,21.337528,noise_dba,24
2026-02-26T10:33:17+01:00,87f82783-853b-417d-8964-b5cf11e44873,41.035567,21.337528,pm10,3
2026-02-26T10:33:17+01:00,87f82783-853b-417d-8964-b5cf11e44873,41.035567,21.337528,pm25,1
2026-02-26T10:33:17+01:00,87f82783-853b-417d-8964-b5cf11e44873,41.035567,21.337528,pressure,954
2026-02-26T10:33:17+01:00,87f82783-853b-417d-8964-b5cf11e44873,41.035567,21.337528,temperature,11
2026-02-26T10:48:49+01:00,87f82783-853b-417d-8964-b5cf11e44873,41.035567,21.337528,gasResistance,281546
2026-02-26T10:48:49+01:00,87f82783-853b-417d-8964-b5cf11e44873,41.035567,21.337528,humidity,42
2026-02-26T10:48:49+01:00,87f82783-853b-417d-8964-b5cf11e44873,41.035567,21.337528,noise,11
2026-02-26T10:48:49+01:00,87f82783-853b-417d-8964-b5cf11e44873,41.035567,21.337528,noise_dba,24
2026-02-26T10:48:49+01:00,87f82783-853b-417d-8964-b5cf11e44873,41.035567,21.337528,pm10,5
2026-02-26T10:48:49+01:00,87f82783-853b-417d-8964-b5cf11e44873,41.035567,21.337528,pm25,2
2026-02-26T10:48:49+01:00,87f82783-853b-417d-8964-b5cf11e44873,41.035567,21.337528,pressure,954
2026-02-26T10:48:49+01:00,87f82783-853b-417d-8964-b5cf11e44873,41.035567,21.337528,temperature,12
2026-02-26T11:04:21+01:00,87f82783-853b-417d-8964-b5cf11e44873,41.035567,21.337528,gasResistance,279413
2026-02-26T11:04:21+01:00,87f82783-853b-417d-8964-b5cf11e44873,41.035567,21.337528,humidity,42
2026-02-26T11:04:21+01:00,87f82783-853b-417d-8964-b5cf11e44873,41.035567,21.337528,noise,11
2026-02-26T11:04:21+01:00,87f82783-853b-417d-8964-b5cf11e44873,41.035567,21.337528,noise_dba,24
2026-02-26T11:04:21+01:00,87f82783-853b-417d-8964-b5cf11e44873,41.035567,21.337528,pm10,3
2026-02-26T11:04:21+01:00,87f82783-853b-417d-8964-b5cf11e44873,41.035567,21.337528,pm25,1
2026-02-26T11:04:21+01:00,87f82783-853b-417d-8964-b5cf11e44873,41.035567,21.337528,pressure,954
2026-02-26T11:04:21+01:00,87f82783-853b-417d-8964-b5cf11e44873,41.035567,21.337528,temperature,12
2026-02-26T11:19:52+01:00,87f82783-853b-417d-8964-b5cf11e44873,41.035567,21.337528,gasResistance,279648
2026-02-26T11:19:52+01:00,87f82783-853b-417d-8964-b5cf11e44873,41.035567,21.337528,humidity,40
2026-02-26T11:19:52+01:00,87f82783-853b-417d-8964-b5cf11e44873,41.035567,21.337528,noise,11
2026-02-26T11:19:52+01:00,87f82783-853b-417d-8964-b5cf11e44873,41.035567,21.337528,noise_dba,24
2026-02-26T11:19:52+01:00,87f82783-853b-417d-8964-b5cf11e44873,41.035567,21.337528,pm10,3
2026-02-26T11:19:52+01:00,87f82783-853b-417d-8964-b5cf11e44873,41.035567,21.337528,pm25,2
2026-02-26T11:19:52+01:00,87f82783-853b-417d-8964-b5cf11e44873,41.035567,21.337528,pressure,954
2026-02-26T11:19:52+01:00,87f82783-853b-417d-8964-b5cf11e44873,41.035567,21.337528,temperature,13
2026-02-26T11:35:24+01:00,87f82783-853b-417d-8964-b5cf11e44873,41.035567,21.337528,gasResistance,277311
2026-02-26T11:35:24+01:00,87f82783-853b-417d-8964-b5cf11e44873,41.035567,21.337528,humidity,41
2026-02-26T11:35:24+01:00,87f82783-853b-417d-8964-b5cf11e44873,41.035567,21.337528,noise,11
2026-02-26T11:35:24+01:00,87f82783-853b-417d-8964-b5cf11e44873,41.035567,21.337528,noise_dba,24
2026-02-26T11:35:24+01:00,87f82783-853b-417d-8964-b5cf11e44873,41.035567,21.337528,pm10,5
2026-02-26T11:35:24+01:00,87f82783-853b-417d-8964-b5cf11e44873,41.035567,21.337528,pm25,2
2026-02-26T11:35:24+01:00,87f82783-853b-417d-8964-b5cf11e44873,41.035567,21.337528,pressure,954
2026-02-26T11:35:24+01:00,87f82783-853b-417d-8964-b5cf11e44873,41.035567,21.337528,temperature,13
2026-02-26T11:50:56+01:00,87f82783-853b-417d-8964-b5cf11e44873,41.035567,21.337528,gasResistance,275469
2026-02-26T11:50:56+01:00,87f82783-853b-417d-8964-b5cf11e44873,41.035567,21.337528,humidity,40
2026-02-26T11:50:56+01:00,87f82783-853b-417d-8964-b5cf11e44873,41.035567,21.337528,noise,11
2026-02-26T11:50:56+01:00,87f82783-853b-417d-8964-b5cf11e44873,41.035567,21.337528,noise_dba,24
2026-02-26T11:50:56+01:00,87f82783-853b-417d-8964-b5cf11e44873,41.035567,21.337528,pm10,10
2026-02-26T11:50:56+01:00,87f82783-853b-417d-8964-b5cf11e44873,41.035567,21.337528,pm25,2
2026-02-26T11:50:56+01:00,87f82783-853b-417d-8964-b5cf11e44873,41.035567,21.337528,pressure,953
2026-02-26T11:50:56+01:00,87f82783-853b-417d-8964-b5cf11e44873,41.035567,21.337528,temperature,14
2026-02-26T12:06:27+01:00,87f82783-853b-417d-8964-b5cf11e44873,41.035567,21.337528,gasResistance,273651
2026-02-26T12:06:27+01:00,87f82783-853b-417d-8964-b5cf11e44873,41.035567,21.337528,humidity,38
2026-02-26T12:06:27+01:00,87f82783-853b-417d-8964-b5cf11e44873,41.035567,21.337528,noise,11
2026-02-26T12:06:27+01:00,87f82783-853b-417d-8964-b5cf11e44873,41.035567,21.337528,noise_dba,24
2026-02-26T12:06:27+01:00,87f82783-853b-417d-8964-b5cf11e44873,41.035567,21.337528,pm10,3
2026-02-26T12:06:27+01:00,87f82783-853b-417d-8964-b5cf11e44873,41.035567,21.337528,pm25,1
2026-02-26T12:06:27+01:00,87f82783-853b-417d-8964-b5cf11e44873,41.035567,21.337528,pressure,953
2026-02-26T12:06:27+01:00,87f82783-853b-417d-8964-b5cf11e44873,41.035567,21.337528,temperature,14
2026-02-26T12:21:59+01:00,87f82783-853b-417d-8964-b5cf11e44873,41.035567,21.337528,gasResistance,267907
2026-02-26T12:21:59+01:00,87f82783-853b-417d-8964-b5cf11e44873,41.035567,21.337528,humidity,38
2026-02-26T12:21:59+01:00,87f82783-853b-417d-8964-b5cf11e44873,41.035567,21.337528,noise,12
2026-02-26T12:21:59+01:00,87f82783-853b-417d-8964-b5cf11e44873,41.035567,21.337528,noise_dba,25
2026-02-26T12:21:59+01:00,87f82783-853b-417d-8964-b5cf11e44873,41.035567,21.337528,pm10,183
2026-02-26T12:21:59+01:00,87f82783-853b-417d-8964-b5cf11e44873,41.035567,21.337528,pm25,75
2026-02-26T12:21:59+01:00,87f82783-853b-417d-8964-b5cf11e44873,41.035567,21.337528,pressure,953
2026-02-26T12:21:59+01:00,87f82783-853b-417d-8964-b5cf11e44873,41.035567,21.337528,temperature,15
2026-02-26T12:37:30+01:00,87f82783-853b-417d-8964-b5cf11e44873,41.035567,21.337528,gasResistance,265761
2026-02-26T12:37:30+01:00,87f82783-853b-417d-8964-b5cf11e44873,41.035567,21.337528,humidity,36
2026-02-26T12:37:30+01:00,87f82783-853b-417d-8964-b5cf11e44873,41.035567,21.337528,noise,11
2026-02-26T12:37:30+01:00,87f82783-853b-417d-8964-b5cf11e44873,41.035567,21.337528,noise_dba,24
2026-02-26T12:37:30+01:00,87f82783-853b-417d-8964-b5cf11e44873,41.035567,21.337528,pm10,50
2026-02-26T12:37:30+01:00,87f82783-853b-417d-8964-b5cf11e44873,41.035567,21.337528,pm25,22
2026-02-26T12:37:30+01:00,87f82783-853b-417d-8964-b5cf11e44873,41.035567,21.337528,pressure,953
2026-02-26T12:37:30+01:00,87f82783-853b-417d-8964-b5cf11e44873,41.035567,21.337528,temperature,15
2026-02-26T12:53:01+01:00,87f82783-853b-417d-8964-b5cf11e44873,41.035567,21.337528,gasResistance,266187
2026-02-26T12:53:01+01:00,87f82783-853b-417d-8964-b5cf11e44873,41.035567,21.337528,humidity,36
2026-02-26T12:53:01+01:00,87f82783-853b-417d-8964-b5cf11e44873,41.035567,21.337528,noise,11
2026-02-26T12:53:01+01:00,87f82783-853b-417d-8964-b5cf11e44873,41.035567,21.337528,noise_dba,24
2026-02-26T12:53:01+01:00,87f82783-853b-417d-8964-b5cf11e44873,41.035567,21.337528,pm10,10
2026-02-26T12:53:01+01:00,87f82783-853b-417d-8964-b5cf11e44873,41.035567,21.337528,pm25,5
2026-02-26T12:53:01+01:00,87f82783-853b-417d-8964-b5cf11e44873,41.035567,21.337528,pressure,953
2026-02-26T12:53:01+01:00,87f82783-853b-417d-8964-b5cf11e44873,41.035567,21.337528,temperature,15
2026-02-26T13:08:33+01:00,87f82783-853b-417d-8964-b5cf11e44873,41.035567,21.337528,gasResistance,269211
2026-02-26T13:08:33+01:00,87f82783-853b-417d-8964-b5cf11e44873,41.035567,21.337528,humidity,35
2026-02-26T13:08:33+01:00,87f82783-853b-417d-8964-b5cf11e44873,41.035567,21.337528,noise,12
2026-02-26T13:08:33+01:00,87f82783-853b-417d-8964-b5cf11e44873,41.035567,21.337528,noise_dba,25
2026-02-26T13:08:33+01:00,87f82783-853b-417d-8964-b5cf11e44873,41.035567,21.337528,pm10,8
2026-02-26T13:08:33+01:00,87f82783-853b-417d-8964-b5cf11e44873,41.035567,21.337528,pm25,3
2026-02-26T13:08:33+01:00,87f82783-853b-417d-8964-b5cf11e44873,41.035567,21.337528,pressure,953
2026-02-26T13:08:33+01:00,87f82783-853b-417d-8964-b5cf11e44873,41.035567,21.337528,temperature,16
2026-02-26T13:24:04+01:00,87f82783-853b-417d-8964-b5cf11e44873,41.035567,21.337528,gasResistance,267259
2026-02-26T13:24:04+01:00,87f82783-853b-417d-8964-b5cf11e44873,41.035567,21.337528,humidity,35
2026-02-26T13:24:04+01:00,87f82783-853b-417d-8964-b5cf11e44873,41.035567,21.337528,noise,12
2026-02-26T13:24:04+01:00,87f82783-853b-417d-8964-b5cf11e44873,41.035567,21.337528,noise_dba,25
2026-02-26T13:24:04+01:00,87f82783-853b-417d-8964-b5cf11e44873,41.035567,21.337528,pm10,18
2026-02-26T13:24:04+01:00,87f82783-853b-417d-8964-b5cf11e44873,41.035567,21.337528,pm25,8
2026-02-26T13:24:04+01:00,87f82783-853b-417d-8964-b5cf11e44873,41.035567,21.337528,pressure,953
2026-02-26T13:24:04+01:00,87f82783-853b-417d-8964-b5cf11e44873,41.035567,21.337528,temperature,16
2026-02-26T13:39:36+01:00,87f82783-853b-417d-8964-b5cf11e44873,41.035567,21.337528,gasResistance,268775
2026-02-26T13:39:36+01:00,87f82783-853b-417d-8964-b5cf11e44873,41.035567,21.337528,humidity,34
2026-02-26T13:39:36+01:00,87f82783-853b-417d-8964-b5cf11e44873,41.035567,21.337528,noise,13
2026-02-26T13:39:36+01:00,87f82783-853b-417d-8964-b5cf11e44873,41.035567,21.337528,noise_dba,27
2026-02-26T13:39:36+01:00,87f82783-853b-417d-8964-b5cf11e44873,41.035567,21.337528,pm10,9
2026-02-26T13:39:36+01:00,87f82783-853b-417d-8964-b5cf11e44873,41.035567,21.337528,pm25,4
2026-02-26T13:39:36+01:00,87f82783-853b-417d-8964-b5cf11e44873,41.035567,21.337528,pressure,953
2026-02-26T13:39:36+01:00,87f82783-853b-417d-8964-b5cf11e44873,41.035567,21.337528,temperature,16
2026-02-26T13:55:07+01:00,87f82783-853b-417d-8964-b5cf11e44873,41.035567,21.337528,gasResistance,268993
2026-02-26T13:55:07+01:00,87f82783-853b-417d-8964-b5cf11e44873,41.035567,21.337528,humidity,33
2026-02-26T13:55:07+01:00,87f82783-853b-417d-8964-b5cf11e44873,41.035567,21.337528,noise,12
2026-02-26T13:55:07+01:00,87f82783-853b-417d-8964-b5cf11e44873,41.035567,21.337528,noise_dba,25
2026-02-26T13:55:07+01:00,87f82783-853b-417d-8964-b5cf11e44873,41.035567,21.337528,pm10,15
2026-02-26T13:55:07+01:00,87f82783-853b-417d-8964-b5cf11e44873,41.035567,21.337528,pm25,8
2026-02-26T13:55:07+01:00,87f82783-853b-417d-8964-b5cf11e44873,41.035567,21.337528,pressure,953
2026-02-26T13:55:07+01:00,87f82783-853b-417d-8964-b5cf11e44873,41.035567,21.337528,temperature,17
2026-02-26T14:10:40+01:00,87f82783-853b-417d-8964-b5cf11e44873,41.035567,21.337528,gasResistance,269648
2026-02-26T14:10:40+01:00,87f82783-853b-417d-8964-b5cf11e44873,41.035567,21.337528,humidity,33
2026-02-26T14:10:40+01:00,87f82783-853b-417d-8964-b5cf11e44873,41.035567,21.337528,noise,12
2026-02-26T14:10:40+01:00,87f82783-853b-417d-8964-b5cf11e44873,41.035567,21.337528,noise_dba,25
2026-02-26T14:10:40+01:00,87f82783-853b-417d-8964-b5cf11e44873,41.035567,21.337528,pm10,18
2026-02-26T14:10:40+01:00,87f82783-853b-417d-8964-b5cf11e44873,41.035567,21.337528,pm25,8
2026-02-26T14:10:40+01:00,87f82783-853b-417d-8964-b5cf11e44873,41.035567,21.337528,pressure,952
2026-02-26T14:10:40+01:00,87f82783-853b-417d-8964-b5cf11e44873,41.035567,21.337528,temperature,17
2026-02-26T14:26:11+01:00,87f82783-853b-417d-8964-b5cf11e44873,41.035567,21.337528,gasResistance,265548
2026-02-26T14:26:11+01:00,87f82783-853b-417d-8964-b5cf11e44873,41.035567,21.337528,humidity,33
2026-02-26T14:26:11+01:00,87f82783-853b-417d-8964-b5cf11e44873,41.035567,21.337528,noise,11
2026-02-26T14:26:11+01:00,87f82783-853b-417d-8964-b5cf11e44873,41.035567,21.337528,noise_dba,24
2026-02-26T14:26:11+01:00,87f82783-853b-417d-8964-b5cf11e44873,41.035567,21.337528,pm10,12
2026-02-26T14:26:11+01:00,87f82783-853b-417d-8964-b5cf11e44873,41.035567,21.337528,pm25,6
2026-02-26T14:26:11+01:00,87f82783-853b-417d-8964-b5cf11e44873,41.035567,21.337528,pressure,952
2026-02-26T14:26:11+01:00,87f82783-853b-417d-8964-b5cf11e44873,41.035567,21.337528,temperature,17
2026-02-26T14:41:43+01:00,87f82783-853b-417d-8964-b5cf11e44873,41.035567,21.337528,gasResistance,263649
2026-02-26T14:41:43+01:00,87f82783-853b-417d-8964-b5cf11e44873,41.035567,21.337528,humidity,32
2026-02-26T14:41:43+01:00,87f82783-853b-417d-8964-b5cf11e44873,41.035567,21.337528,noise,11
2026-02-26T14:41:43+01:00,87f82783-853b-417d-8964-b5cf11e44873,41.035567,21.337528,noise_dba,24
2026-02-26T14:41:43+01:00,87f82783-853b-417d-8964-b5cf11e44873,41.035567,21.337528,pm10,11
2026-02-26T14:41:43+01:00,87f82783-853b-417d-8964-b5cf11e44873,41.035567,21.337528,pm25,4
2026-02-26T14:41:43+01:00,87f82783-853b-417d-8964-b5cf11e44873,41.035567,21.337528,pressure,952
2026-02-26T14:41:43+01:00,87f82783-853b-417d-8964-b5cf11e44873,41.035567,21.337528,temperature,17
2026-02-26T14:57:14+01:00,87f82783-853b-417d-8964-b5cf11e44873,41.035567,21.337528,gasResistance,265548
2026-02-26T14:57:14+01:00,87f82783-853b-417d-8964-b5cf11e44873,41.035567,21.337528,humidity,31
2026-02-26T14:57:14+01:00,87f82783-853b-417d-8964-b5cf11e44873,41.035567,21.337528,noise,11
2026-02-26T14:57:14+01:00,87f82783-853b-417d-8964-b5cf11e44873,41.035567,21.337528,noise_dba,24
2026-02-26T14:57:14+01:00,87f82783-853b-417d-8964-b5cf11e44873,41.035567,21.337528,pm10,14
2026-02-26T14:57:14+01:00,87f82783-853b-417d-8964-b5cf11e44873,41.035567,21.337528,pm25,7
2026-02-26T14:57:14+01:00,87f82783-853b-417d-8964-b5cf11e44873,41.035567,21.337528,pressure,952
2026-02-26T14:57:14+01:00,87f82783-853b-417d-8964-b5cf11e44873,41.035567,21.337528,temperature,18
2026-02-26T15:12:46+01:00,87f82783-853b-417d-8964-b5cf11e44873,41.035567,21.337528,gasResistance,267044
2026-02-26T15:12:46+01:00,87f82783-853b-417d-8964-b5cf11e44873,41.035567,21.337528,humidity,31
2026-02-26T15:12:46+01:00,87f82783-853b-417d-8964-b5cf11e44873,41.035567,21.337528,noise,11
2026-02-26T15:12:46+01:00,87f82783-853b-417d-8964-b5cf11e44873,41.035567,21.337528,noise_dba,24
2026-02-26T15:12:46+01:00,87f82783-853b-417d-8964-b5cf11e44873,41.035567,21.337528,pm10,17
2026-02-26T15:12:46+01:00,87f82783-853b-417d-8964-b5cf11e44873,41.035567,21.337528,pm25,7
2026-02-26T15:12:46+01:00,87f82783-853b-417d-8964-b5cf11e44873,41.035567,21.337528,pressure,952
2026-02-26T15:12:46+01:00,87f82783-853b-417d-8964-b5cf11e44873,41.035567,21.337528,temperature,18
2026-02-26T15:28:17+01:00,87f82783-853b-417d-8964-b5cf11e44873,41.035567,21.337528,gasResistance,269429
2026-02-26T15:28:17+01:00,87f82783-853b-417d-8964-b5cf11e44873,41.035567,21.337528,humidity,32
2026-02-26T15:28:17+01:00,87f82783-853b-417d-8964-b5cf11e44873,41.035567,21.337528,noise,11
2026-02-26T15:28:17+01:00,87f82783-853b-417d-8964-b5cf11e44873,41.035567,21.337528,noise_dba,24
2026-02-26T15:28:17+01:00,87f82783-853b-417d-8964-b5cf11e44873,41.035567,21.337528,pm10,7
2026-02-26T15:28:17+01:00,87f82783-853b-417d-8964-b5cf11e44873,41.035567,21.337528,pm25,4
2026-02-26T15:28:17+01:00,87f82783-853b-417d-8964-b5cf11e44873,41.035567,21.337528,pressure,952
2026-02-26T15:28:17+01:00,87f82783-853b-417d-8964-b5cf11e44873,41.035567,21.337528,temperature,18
2026-02-26T15:43:49+01:00,87f82783-853b-417d-8964-b5cf11e44873,41.035567,21.337528,gasResistance,270749
2026-02-26T15:43:49+01:00,87f82783-853b-417d-8964-b5cf11e44873,41.035567,21.337528,humidity,31
2026-02-26T15:43:49+01:00,87f82783-853b-417d-8964-b5cf11e44873,41.035567,21.337528,noise,11
2026-02-26T15:43:49+01:00,87f82783-853b-417d-8964-b5cf11e44873,41.035567,21.337528,noise_dba,24
2026-02-26T15:43:49+01:00,87f82783-853b-417d-8964-b5cf11e44873,41.035567,21.337528,pm10,6
2026-02-26T15:43:49+01:00,87f82783-853b-417d-8964-b5cf11e44873,41.035567,21.337528,pm25,2
2026-02-26T15:43:49+01:00,87f82783-853b-417d-8964-b5cf11e44873,41.035567,21.337528,pressure,952
2026-02-26T15:43:49+01:00,87f82783-853b-417d-8964-b5cf11e44873,41.035567,21.337528,temperature,18
2026-02-26T15:59:20+01:00,87f82783-853b-417d-8964-b5cf11e44873,41.035567,21.337528,gasResistance,272081
2026-02-26T15:59:20+01:00,87f82783-853b-417d-8964-b5cf11e44873,41.035567,21.337528,humidity,31
2026-02-26T15:59:20+01:00,87f82783-853b-417d-8964-b5cf11e44873,41.035567,21.337528,noise,11
2026-02-26T15:59:20+01:00,87f82783-853b-417d-8964-b5cf11e44873,41.035567,21.337528,noise_dba,24
2026-02-26T15:59:20+01:00,87f82783-853b-417d-8964-b5cf11e44873,41.035567,21.337528,pm10,6
2026-02-26T15:59:20+01:00,87f82783-853b-417d-8964-b5cf11e44873,41.035567,21.337528,pm25,4
2026-02-26T15:59:20+01:00,87f82783-853b-417d-8964-b5cf11e44873,41.035567,21.337528,pressure,952
2026-02-26T15:59:20+01:00,87f82783-853b-417d-8964-b5cf11e44873,41.035567,21.337528,temperature,18
2026-02-26T16:14:52+01:00,87f82783-853b-417d-8964-b5cf11e44873,41.035567,21.337528,gasResistance,272976
2026-02-26T16:14:52+01:00,87f82783-853b-417d-8964-b5cf11e44873,41.035567,21.337528,humidity,32
2026-02-26T16:14:52+01:00,87f82783-853b-417d-8964-b5cf11e44873,41.035567,21.337528,noise,17
2026-02-26T16:14:52+01:00,87f82783-853b-417d-8964-b5cf11e44873,41.035567,21.337528,noise_dba,31
2026-02-26T16:14:52+01:00,87f82783-853b-417d-8964-b5cf11e44873,41.035567,21.337528,pm10,6
2026-02-26T16:14:52+01:00,87f82783-853b-417d-8964-b5cf11e44873,41.035567,21.337528,pm25,3
2026-02-26T16:14:52+01:00,87f82783-853b-417d-8964-b5cf11e44873,41.035567,21.337528,pressure,952
2026-02-26T16:14:52+01:00,87f82783-853b-417d-8964-b5cf11e44873,41.035567,21.337528,temperature,18
2026-02-26T16:30:23+01:00,87f82783-853b-417d-8964-b5cf11e44873,41.035567,21.337528,gasResistance,273651
2026-02-26T16:30:23+01:00,87f82783-853b-417d-8964-b5cf11e44873,41.035567,21.337528,humidity,33
2026-02-26T16:30:23+01:00,87f82783-853b-417d-8964-b5cf11e44873,41.035567,21.337528,noise,12
2026-02-26T16:30:23+01:00,87f82783-853b-417d-8964-b5cf11e44873,41.035567,21.337528,noise_dba,25
2026-02-26T16:30:23+01:00,87f82783-853b-417d-8964-b5cf11e44873,41.035567,21.337528,pm10,7
2026-02-26T16:30:23+01:00,87f82783-853b-417d-8964-b5cf11e44873,41.035567,21.337528,pm25,4
2026-02-26T16:30:23+01:00,87f82783-853b-417d-8964-b5cf11e44873,41.035567,21.337528,pressure,952
2026-02-26T16:30:23+01:00,87f82783-853b-417d-8964-b5cf11e44873,41.035567,21.337528,temperature,17
2026-02-26T16:45:55+01:00,87f82783-853b-417d-8964-b5cf11e44873,41.035567,21.337528,gasResistance,275927
2026-02-26T16:45:55+01:00,87f82783-853b-417d-8964-b5cf11e44873,41.035567,21.337528,humidity,34
2026-02-26T16:45:55+01:00,87f82783-853b-417d-8964-b5cf11e44873,41.035567,21.337528,noise,12
2026-02-26T16:45:55+01:00,87f82783-853b-417d-8964-b5cf11e44873,41.035567,21.337528,noise_dba,25
2026-02-26T16:45:55+01:00,87f82783-853b-417d-8964-b5cf11e44873,41.035567,21.337528,pm10,28
2026-02-26T16:45:55+01:00,87f82783-853b-417d-8964-b5cf11e44873,41.035567,21.337528,pm25,13
2026-02-26T16:45:55+01:00,87f82783-853b-417d-8964-b5cf11e44873,41.035567,21.337528,pressure,952
2026-02-26T16:45:55+01:00,87f82783-853b-417d-8964-b5cf11e44873,41.035567,21.337528,temperature,17
2026-02-26T17:01:26+01:00,87f82783-853b-417d-8964-b5cf11e44873,41.035567,21.337528,gasResistance,270528
2026-02-26T17:01:26+01:00,87f82783-853b-417d-8964-b5cf11e44873,41.035567,21.337528,humidity,36
2026-02-26T17:01:26+01:00,87f82783-853b-417d-8964-b5cf11e44873,41.035567,21.337528,noise,11
2026-02-26T17:01:26+01:00,87f82783-853b-417d-8964-b5cf11e44873,41.035567,21.337528,noise_dba,24
2026-02-26T17:01:26+01:00,87f82783-853b-417d-8964-b5cf11e44873,41.035567,21.337528,pm10,54
2026-02-26T17:01:26+01:00,87f82783-853b-417d-8964-b5cf11e44873,41.035567,21.337528,pm25,33
2026-02-26T17:01:26+01:00,87f82783-853b-417d-8964-b5cf11e44873,41.035567,21.337528,pressure,952
2026-02-26T17:01:26+01:00,87f82783-853b-417d-8964-b5cf11e44873,41.035567,21.337528,temperature,16
2026-02-26T17:16:58+01:00,87f82783-853b-417d-8964-b5cf11e44873,41.035567,21.337528,gasResistance,262398
2026-02-26T17:16:58+01:00,87f82783-853b-417d-8964-b5cf11e44873,41.035567,21.337528,humidity,37
2026-02-26T17:16:58+01:00,87f82783-853b-417d-8964-b5cf11e44873,41.035567,21.337528,noise,11
2026-02-26T17:16:58+01:00,87f82783-853b-417d-8964-b5cf11e44873,41.035567,21.337528,noise_dba,24
2026-02-26T17:16:58+01:00,87f82783-853b-417d-8964-b5cf11e44873,41.035567,21.337528,pm10,65
2026-02-26T17:16:58+01:00,87f82783-853b-417d-8964-b5cf11e44873,41.035567,21.337528,pm25,39
2026-02-26T17:16:58+01:00,87f82783-853b-417d-8964-b5cf11e44873,41.035567,21.337528,pressure,952
2026-02-26T17:16:58+01:00,87f82783-853b-417d-8964-b5cf11e44873,41.035567,21.337528,temperature,16
2026-02-26T17:32:29+01:00,87f82783-853b-417d-8964-b5cf11e44873,41.035567,21.337528,gasResistance,252609
2026-02-26T17:32:29+01:00,87f82783-853b-417d-8964-b5cf11e44873,41.035567,21.337528,humidity,38
2026-02-26T17:32:29+01:00,87f82783-853b-417d-8964-b5cf11e44873,41.035567,21.337528,noise,12
2026-02-26T17:32:29+01:00,87f82783-853b-417d-8964-b5cf11e44873,41.035567,21.337528,noise_dba,25
2026-02-26T17:32:29+01:00,87f82783-853b-417d-8964-b5cf11e44873,41.035567,21.337528,pm10,52
2026-02-26T17:32:29+01:00,87f82783-853b-417d-8964-b5cf11e44873,41.035567,21.337528,pm25,34
2026-02-26T17:32:29+01:00,87f82783-853b-417d-8964-b5cf11e44873,41.035567,21.337528,pressure,953
2026-02-26T17:32:29+01:00,87f82783-853b-417d-8964-b5cf11e44873,41.035567,21.337528,temperature,15
2026-02-26T17:48:02+01:00,87f82783-853b-417d-8964-b5cf11e44873,41.035567,21.337528,gasResistance,242280
2026-02-26T17:48:02+01:00,87f82783-853b-417d-8964-b5cf11e44873,41.035567,21.337528,humidity,40
2026-02-26T17:48:02+01:00,87f82783-853b-417d-8964-b5cf11e44873,41.035567,21.337528,noise,11
2026-02-26T17:48:02+01:00,87f82783-853b-417d-8964-b5cf11e44873,41.035567,21.337528,noise_dba,24
2026-02-26T17:48:02+01:00,87f82783-853b-417d-8964-b5cf11e44873,41.035567,21.337528,pm10,101
2026-02-26T17:48:02+01:00,87f82783-853b-417d-8964-b5cf11e44873,41.035567,21.337528,pm25,63
2026-02-26T17:48:02+01:00,87f82783-853b-417d-8964-b5cf11e44873,41.035567,21.337528,pressure,953
2026-02-26T17:48:02+01:00,87f82783-853b-417d-8964-b5cf11e44873,41.035567,21.337528,temperature,14
2026-02-26T18:03:33+01:00,87f82783-853b-417d-8964-b5cf11e44873,41.035567,21.337528,gasResistance,225180
2026-02-26T18:03:33+01:00,87f82783-853b-417d-8964-b5cf11e44873,41.035567,21.337528,humidity,42
2026-02-26T18:03:33+01:00,87f82783-853b-417d-8964-b5cf11e44873,41.035567,21.337528,noise,11
2026-02-26T18:03:33+01:00,87f82783-853b-417d-8964-b5cf11e44873,41.035567,21.337528,noise_dba,24
2026-02-26T18:03:33+01:00,87f82783-853b-417d-8964-b5cf11e44873,41.035567,21.337528,pm10,97
2026-02-26T18:03:33+01:00,87f82783-853b-417d-8964-b5cf11e44873,41.035567,21.337528,pm25,66
2026-02-26T18:03:33+01:00,87f82783-853b-417d-8964-b5cf11e44873,41.035567,21.337528,pressure,953
2026-02-26T18:03:33+01:00,87f82783-853b-417d-8964-b5cf11e44873,41.035567,21.337528,temperature,14
2026-02-26T18:19:05+01:00,87f82783-853b-417d-8964-b5cf11e44873,41.035567,21.337528,gasResistance,208746
2026-02-26T18:19:05+01:00,87f82783-853b-417d-8964-b5cf11e44873,41.035567,21.337528,humidity,43
2026-02-26T18:19:05+01:00,87f82783-853b-417d-8964-b5cf11e44873,41.035567,21.337528,noise,11
2026-02-26T18:19:05+01:00,87f82783-853b-417d-8964-b5cf11e44873,41.035567,21.337528,noise_dba,24
2026-02-26T18:19:05+01:00,87f82783-853b-417d-8964-b5cf11e44873,41.035567,21.337528,pm10,177
2026-02-26T18:19:05+01:00,87f82783-853b-417d-8964-b5cf11e44873,41.035567,21.337528,pm25,117
2026-02-26T18:19:05+01:00,87f82783-853b-417d-8964-b5cf11e44873,41.035567,21.337528,pressure,953
2026-02-26T18:19:05+01:00,87f82783-853b-417d-8964-b5cf11e44873,41.035567,21.337528,temperature,13
2026-02-26T18:34:36+01:00,87f82783-853b-417d-8964-b5cf11e44873,41.035567,21.337528,gasResistance,197560
2026-02-26T18:34:36+01:00,87f82783-853b-417d-8964-b5cf11e44873,41.035567,21.337528,humidity,43
2026-02-26T18:34:36+01:00,87f82783-853b-417d-8964-b5cf11e44873,41.035567,21.337528,noise,11
2026-02-26T18:34:36+01:00,87f82783-853b-417d-8964-b5cf11e44873,41.035567,21.337528,noise_dba,24
2026-02-26T18:34:36+01:00,87f82783-853b-417d-8964-b5cf11e44873,41.035567,21.337528,pm10,99
2026-02-26T18:34:36+01:00,87f82783-853b-417d-8964-b5cf11e44873,41.035567,21.337528,pm25,67
2026-02-26T18:34:36+01:00,87f82783-853b-417d-8964-b5cf11e44873,41.035567,21.337528,pressure,953
2026-02-26T18:34:36+01:00,87f82783-853b-417d-8964-b5cf11e44873,41.035567,21.337528,temperature,13
2026-02-26T18:50:08+01:00,87f82783-853b-417d-8964-b5cf11e44873,41.035567,21.337528,gasResistance,192405
2026-02-26T18:50:08+01:00,87f82783-853b-417d-8964-b5cf11e44873,41.035567,21.337528,humidity,44
2026-02-26T18:50:08+01:00,87f82783-853b-417d-8964-b5cf11e44873,41.035567,21.337528,noise,11
2026-02-26T18:50:08+01:00,87f82783-853b-417d-8964-b5cf11e44873,41.035567,21.337528,noise_dba,24
2026-02-26T18:50:08+01:00,87f82783-853b-417d-8964-b5cf11e44873,41.035567,21.337528,pm10,113
2026-02-26T18:50:08+01:00,87f82783-853b-417d-8964-b5cf11e44873,41.035567,21.337528,pm25,72
2026-02-26T18:50:08+01:00,87f82783-853b-417d-8964-b5cf11e44873,41.035567,21.337528,pressure,953
2026-02-26T18:50:08+01:00,87f82783-853b-417d-8964-b5cf11e44873,41.035567,21.337528,temperature,13
2026-02-26T19:05:39+01:00,87f82783-853b-417d-8964-b5cf11e44873,41.035567,21.337528,gasResistance,187724
2026-02-26T19:05:39+01:00,87f82783-853b-417d-8964-b5cf11e44873,41.035567,21.337528,humidity,45
2026-02-26T19:05:39+01:00,87f82783-853b-417d-8964-b5cf11e44873,41.035567,21.337528,noise,11
2026-02-26T19:05:39+01:00,87f82783-853b-417d-8964-b5cf11e44873,41.035567,21.337528,noise_dba,24
2026-02-26T19:05:39+01:00,87f82783-853b-417d-8964-b5cf11e44873,41.035567,21.337528,pm10,86
2026-02-26T19:05:39+01:00,87f82783-853b-417d-8964-b5cf11e44873,41.035567,21.337528,pm25,57
2026-02-26T19:05:39+01:00,87f82783-853b-417d-8964-b5cf11e44873,41.035567,21.337528,pressure,953
2026-02-26T19:05:39+01:00,87f82783-853b-417d-8964-b5cf11e44873,41.035567,21.337528,temperature,12
2026-02-26T19:21:11+01:00,87f82783-853b-417d-8964-b5cf11e44873,41.035567,21.337528,gasResistance,187724
2026-02-26T19:21:11+01:00,87f82783-853b-417d-8964-b5cf11e44873,41.035567,21.337528,humidity,45
2026-02-26T19:21:11+01:00,87f82783-853b-417d-8964-b5cf11e44873,41.035567,21.337528,noise,11
2026-02-26T19:21:11+01:00,87f82783-853b-417d-8964-b5cf11e44873,41.035567,21.337528,noise_dba,24
2026-02-26T19:21:11+01:00,87f82783-853b-417d-8964-b5cf11e44873,41.035567,21.337528,pm10,89
2026-02-26T19:21:11+01:00,87f82783-853b-417d-8964-b5cf11e44873,41.035567,21.337528,pm25,55
2026-02-26T19:21:11+01:00,87f82783-853b-417d-8964-b5cf11e44873,41.035567,21.337528,pressure,954
2026-02-26T19:21:11+01:00,87f82783-853b-417d-8964-b5cf11e44873,41.035567,21.337528,temperature,12
2026-02-26T19:36:42+01:00,87f82783-853b-417d-8964-b5cf11e44873,41.035567,21.337528,gasResistance,189547
2026-02-26T19:36:42+01:00,87f82783-853b-417d-8964-b5cf11e44873,41.035567,21.337528,humidity,47
2026-02-26T19:36:42+01:00,87f82783-853b-417d-8964-b5cf11e44873,41.035567,21.337528,noise,12
2026-02-26T19:36:42+01:00,87f82783-853b-417d-8964-b5cf11e44873,41.035567,21.337528,noise_dba,25
2026-02-26T19:36:42+01:00,87f82783-853b-417d-8964-b5cf11e44873,41.035567,21.337528,pm10,69
2026-02-26T19:36:42+01:00,87f82783-853b-417d-8964-b5cf11e44873,41.035567,21.337528,pm25,44
2026-02-26T19:36:42+01:00,87f82783-853b-417d-8964-b5cf11e44873,41.035567,21.337528,pressure,954
2026-02-26T19:36:42+01:00,87f82783-853b-417d-8964-b5cf11e44873,41.035567,21.337528,temperature,11
2026-02-26T19:52:13+01:00,87f82783-853b-417d-8964-b5cf11e44873,41.035567,21.337528,gasResistance,186877
2026-02-26T19:52:13+01:00,87f82783-853b-417d-8964-b5cf11e44873,41.035567,21.337528,humidity,48
2026-02-26T19:52:13+01:00,87f82783-853b-417d-8964-b5cf11e44873,41.035567,21.337528,noise,11
2026-02-26T19:52:13+01:00,87f82783-853b-417d-8964-b5cf11e44873,41.035567,21.337528,noise_dba,24
2026-02-26T19:52:13+01:00,87f82783-853b-417d-8964-b5cf11e44873,41.035567,21.337528,pm10,114
2026-02-26T19:52:13+01:00,87f82783-853b-417d-8964-b5cf11e44873,41.035567,21.337528,pm25,69
2026-02-26T19:52:13+01:00,87f82783-853b-417d-8964-b5cf11e44873,41.035567,21.337528,pressure,954
2026-02-26T19:52:13+01:00,87f82783-853b-417d-8964-b5cf11e44873,41.035567,21.337528,temperature,11
2026-02-26T20:07:45+01:00,87f82783-853b-417d-8964-b5cf11e44873,41.035567,21.337528,gasResistance,185728
2026-02-26T20:07:45+01:00,87f82783-853b-417d-8964-b5cf11e44873,41.035567,21.337528,humidity,48
2026-02-26T20:07:45+01:00,87f82783-853b-417d-8964-b5cf11e44873,41.035567,21.337528,noise,11
2026-02-26T20:07:45+01:00,87f82783-853b-417d-8964-b5cf11e44873,41.035567,21.337528,noise_dba,24
2026-02-26T20:07:45+01:00,87f82783-853b-417d-8964-b5cf11e44873,41.035567,21.337528,pm10,74
2026-02-26T20:07:45+01:00,87f82783-853b-417d-8964-b5cf11e44873,41.035567,21.337528,pm25,50
2026-02-26T20:07:45+01:00,87f82783-853b-417d-8964-b5cf11e44873,41.035567,21.337528,pressure,954
2026-02-26T20:07:45+01:00,87f82783-853b-417d-8964-b5cf11e44873,41.035567,21.337528,temperature,11
2026-02-26T20:23:16+01:00,87f82783-853b-417d-8964-b5cf11e44873,41.035567,21.337528,gasResistance,185624
2026-02-26T20:23:16+01:00,87f82783-853b-417d-8964-b5cf11e44873,41.035567,21.337528,humidity,48
2026-02-26T20:23:16+01:00,87f82783-853b-417d-8964-b5cf11e44873,41.035567,21.337528,noise,11
2026-02-26T20:23:16+01:00,87f82783-853b-417d-8964-b5cf11e44873,41.035567,21.337528,noise_dba,24
2026-02-26T20:23:16+01:00,87f82783-853b-417d-8964-b5cf11e44873,41.035567,21.337528,pm10,83
2026-02-26T20:23:16+01:00,87f82783-853b-417d-8964-b5cf11e44873,41.035567,21.337528,pm25,50
2026-02-26T20:23:16+01:00,87f82783-853b-417d-8964-b5cf11e44873,41.035567,21.337528,pressure,954
2026-02-26T20:23:16+01:00,87f82783-853b-417d-8964-b5cf11e44873,41.035567,21.337528,temperature,10
2026-02-26T20:38:47+01:00,87f82783-853b-417d-8964-b5cf11e44873,41.035567,21.337528,gasResistance,186053
2026-02-26T20:38:47+01:00,87f82783-853b-417d-8964-b5cf11e44873,41.035567,21.337528,humidity,49
2026-02-26T20:38:47+01:00,87f82783-853b-417d-8964-b5cf11e44873,41.035567,21.337528,noise,11
2026-02-26T20:38:47+01:00,87f82783-853b-417d-8964-b5cf11e44873,41.035567,21.337528,noise_dba,24
2026-02-26T20:38:47+01:00,87f82783-853b-417d-8964-b5cf11e44873,41.035567,21.337528,pm10,93
2026-02-26T20:38:47+01:00,87f82783-853b-417d-8964-b5cf11e44873,41.035567,21.337528,pm25,56
2026-02-26T20:38:47+01:00,87f82783-853b-417d-8964-b5cf11e44873,41.035567,21.337528,pressure,954
2026-02-26T20:38:47+01:00,87f82783-853b-417d-8964-b5cf11e44873,41.035567,21.337528,temperature,10
2026-02-26T20:54:18+01:00,87f82783-853b-417d-8964-b5cf11e44873,41.035567,21.337528,gasResistance,185440
2026-02-26T20:54:18+01:00,87f82783-853b-417d-8964-b5cf11e44873,41.035567,21.337528,humidity,49
2026-02-26T20:54:18+01:00,87f82783-853b-417d-8964-b5cf11e44873,41.035567,21.337528,noise,12
2026-02-26T20:54:18+01:00,87f82783-853b-417d-8964-b5cf11e44873,41.035567,21.337528,noise_dba,25
2026-02-26T20:54:18+01:00,87f82783-853b-417d-8964-b5cf11e44873,41.035567,21.337528,pm10,64
2026-02-26T20:54:18+01:00,87f82783-853b-417d-8964-b5cf11e44873,41.035567,21.337528,pm25,38
2026-02-26T20:54:18+01:00,87f82783-853b-417d-8964-b5cf11e44873,41.035567,21.337528,pressure,954
2026-02-26T20:54:18+01:00,87f82783-853b-417d-8964-b5cf11e44873,41.035567,21.337528,temperature,10
2026-02-26T21:09:50+01:00,87f82783-853b-417d-8964-b5cf11e44873,41.035567,21.337528,gasResistance,185416
2026-02-26T21:09:50+01:00,87f82783-853b-417d-8964-b5cf11e44873,41.035567,21.337528,humidity,50
2026-02-26T21:09:50+01:00,87f82783-853b-417d-8964-b5cf11e44873,41.035567,21.337528,noise,11
2026-02-26T21:09:50+01:00,87f82783-853b-417d-8964-b5cf11e44873,41.035567,21.337528,noise_dba,24
2026-02-26T21:09:50+01:00,87f82783-853b-417d-8964-b5cf11e44873,41.035567,21.337528,pm10,88
2026-02-26T21:09:50+01:00,87f82783-853b-417d-8964-b5cf11e44873,41.035567,21.337528,pm25,47
2026-02-26T21:09:50+01:00,87f82783-853b-417d-8964-b5cf11e44873,41.035567,21.337528,pressure,954
2026-02-26T21:09:50+01:00,87f82783-853b-417d-8964-b5cf11e44873,41.035567,21.337528,temperature,10
2026-02-26T21:25:21+01:00,87f82783-853b-417d-8964-b5cf11e44873,41.035567,21.337528,gasResistance,185644
2026-02-26T21:25:21+01:00,87f82783-853b-417d-8964-b5cf11e44873,41.035567,21.337528,humidity,50
2026-02-26T21:25:21+01:00,87f82783-853b-417d-8964-b5cf11e44873,41.035567,21.337528,noise,11
2026-02-26T21:25:21+01:00,87f82783-853b-417d-8964-b5cf11e44873,41.035567,21.337528,noise_dba,24
2026-02-26T21:25:21+01:00,87f82783-853b-417d-8964-b5cf11e44873,41.035567,21.337528,pm10,60
2026-02-26T21:25:21+01:00,87f82783-853b-417d-8964-b5cf11e44873,41.035567,21.337528,pm25,36
2026-02-26T21:25:21+01:00,87f82783-853b-417d-8964-b5cf11e44873,41.035567,21.337528,pressure,954
2026-02-26T21:25:21+01:00,87f82783-853b-417d-8964-b5cf11e44873,41.035567,21.337528,temperature,9
2026-02-26T21:40:54+01:00,87f82783-853b-417d-8964-b5cf11e44873,41.035567,21.337528,gasResistance,186040
2026-02-26T21:40:54+01:00,87f82783-853b-417d-8964-b5cf11e44873,41.035567,21.337528,humidity,51
2026-02-26T21:40:54+01:00,87f82783-853b-417d-8964-b5cf11e44873,41.035567,21.337528,noise,11
2026-02-26T21:40:54+01:00,87f82783-853b-417d-8964-b5cf11e44873,41.035567,21.337528,noise_dba,24
2026-02-26T21:40:54+01:00,87f82783-853b-417d-8964-b5cf11e44873,41.035567,21.337528,pm10,38
2026-02-26T21:40:54+01:00,87f82783-853b-417d-8964-b5cf11e44873,41.035567,21.337528,pm25,23
2026-02-26T21:40:54+01:00,87f82783-853b-417d-8964-b5cf11e44873,41.035567,21.337528,pressure,954
2026-02-26T21:40:54+01:00,87f82783-853b-417d-8964-b5cf11e44873,41.035567,21.337528,temperature,9
2026-02-26T21:56:25+01:00,87f82783-853b-417d-8964-b5cf11e44873,41.035567,21.337528,gasResistance,188792
2026-02-26T21:56:25+01:00,87f82783-853b-417d-8964-b5cf11e44873,41.035567,21.337528,humidity,51
2026-02-26T21:56:25+01:00,87f82783-853b-417d-8964-b5cf11e44873,41.035567,21.337528,noise,11
2026-02-26T21:56:25+01:00,87f82783-853b-417d-8964-b5cf11e44873,41.035567,21.337528,noise_dba,24
2026-02-26T21:56:25+01:00,87f82783-853b-417d-8964-b5cf11e44873,41.035567,21.337528,pm10,53
2026-02-26T21:56:25+01:00,87f82783-853b-417d-8964-b5cf11e44873,41.035567,21.337528,pm25,33
2026-02-26T21:56:25+01:00,87f82783-853b-417d-8964-b5cf11e44873,41.035567,21.337528,pressure,954
2026-02-26T21:56:25+01:00,87f82783-853b-417d-8964-b5cf11e44873,41.035567,21.337528,temperature,9
2026-02-26T22:11:57+01:00,87f82783-853b-417d-8964-b5cf11e44873,41.035567,21.337528,gasResistance,192071
2026-02-26T22:11:57+01:00,87f82783-853b-417d-8964-b5cf11e44873,41.035567,21.337528,humidity,52
2026-02-26T22:11:57+01:00,87f82783-853b-417d-8964-b5cf11e44873,41.035567,21.337528,noise,11
2026-02-26T22:11:57+01:00,87f82783-853b-417d-8964-b5cf11e44873,41.035567,21.337528,noise_dba,24
2026-02-26T22:11:57+01:00,87f82783-853b-417d-8964-b5cf11e44873,41.035567,21.337528,pm10,43
2026-02-26T22:11:57+01:00,87f82783-853b-417d-8964-b5cf11e44873,41.035567,21.337528,pm25,26
2026-02-26T22:11:57+01:00,87f82783-853b-417d-8964-b5cf11e44873,41.035567,21.337528,pressure,954
2026-02-26T22:11:57+01:00,87f82783-853b-417d-8964-b5cf11e44873,41.035567,21.337528,temperature,9
2026-02-26T22:27:29+01:00,87f82783-853b-417d-8964-b5cf11e44873,41.035567,21.337528,gasResistance,196043
2026-02-26T22:27:29+01:00,87f82783-853b-417d-8964-b5cf11e44873,41.035567,21.337528,humidity,52
2026-02-26T22:27:29+01:00,87f82783-853b-417d-8964-b5cf11e44873,41.035567,21.337528,noise,11
2026-02-26T22:27:29+01:00,87f82783-853b-417d-8964-b5cf11e44873,41.035567,21.337528,noise_dba,24
2026-02-26T22:27:29+01:00,87f82783-853b-417d-8964-b5cf11e44873,41.035567,21.337528,pm10,46
2026-02-26T22:27:29+01:00,87f82783-853b-417d-8964-b5cf11e44873,41.035567,21.337528,pm25,28
2026-02-26T22:27:29+01:00,87f82783-853b-417d-8964-b5cf11e44873,41.035567,21.337528,pressure,955
2026-02-26T22:27:29+01:00,87f82783-853b-417d-8964-b5cf11e44873,41.035567,21.337528,temperature,8
2026-02-26T22:43:01+01:00,87f82783-853b-417d-8964-b5cf11e44873,41.035567,21.337528,gasResistance,199341
2026-02-26T22:43:01+01:00,87f82783-853b-417d-8964-b5cf11e44873,41.035567,21.337528,humidity,53
2026-02-26T22:43:01+01:00,87f82783-853b-417d-8964-b5cf11e44873,41.035567,21.337528,noise,11
2026-02-26T22:43:01+01:00,87f82783-853b-417d-8964-b5cf11e44873,41.035567,21.337528,noise_dba,24
2026-02-26T22:43:01+01:00,87f82783-853b-417d-8964-b5cf11e44873,41.035567,21.337528,pm10,40
2026-02-26T22:43:01+01:00,87f82783-853b-417d-8964-b5cf11e44873,41.035567,21.337528,pm25,24
2026-02-26T22:43:01+01:00,87f82783-853b-417d-8964-b5cf11e44873,41.035567,21.337528,pressure,955
2026-02-26T22:43:01+01:00,87f82783-853b-417d-8964-b5cf11e44873,41.035567,21.337528,temperature,8
2026-02-26T22:58:33+01:00,87f82783-853b-417d-8964-b5cf11e44873,41.035567,21.337528,gasResistance,201153
2026-02-26T22:58:33+01:00,87f82783-853b-417d-8964-b5cf11e44873,41.035567,21.337528,humidity,53
2026-02-26T22:58:33+01:00,87f82783-853b-417d-8964-b5cf11e44873,41.035567,21.337528,noise,11
2026-02-26T22:58:33+01:00,87f82783-853b-417d-8964-b5cf11e44873,41.035567,21.337528,noise_dba,24
2026-02-26T22:58:33+01:00,87f82783-853b-417d-8964-b5cf11e44873,41.035567,21.337528,pm10,37
2026-02-26T22:58:33+01:00,87f82783-853b-417d-8964-b5cf11e44873,41.035567,21.337528,pm25,23
2026-02-26T22:58:33+01:00,87f82783-853b-417d-8964-b5cf11e44873,41.035567,21.337528,pressure,955
2026-02-26T22:58:33+01:00,87f82783-853b-417d-8964-b5cf11e44873,41.035567,21.337528,temperature,8
2026-02-26T23:14:05+01:00,87f82783-853b-417d-8964-b5cf11e44873,41.035567,21.337528,gasResistance,202875
2026-02-26T23:14:05+01:00,87f82783-853b-417d-8964-b5cf11e44873,41.035567,21.337528,humidity,53
2026-02-26T23:14:05+01:00,87f82783-853b-417d-8964-b5cf11e44873,41.035567,21.337528,noise,11
2026-02-26T23:14:05+01:00,87f82783-853b-417d-8964-b5cf11e44873,41.035567,21.337528,noise_dba,24
2026-02-26T23:14:05+01:00,87f82783-853b-417d-8964-b5cf11e44873,41.035567,21.337528,pm10,63
2026-02-26T23:14:05+01:00,87f82783-853b-417d-8964-b5cf11e44873,41.035567,21.337528,pm25,31
2026-02-26T23:14:05+01:00,87f82783-853b-417d-8964-b5cf11e44873,41.035567,21.337528,pressure,955
2026-02-26T23:14:05+01:00,87f82783-853b-417d-8964-b5cf11e44873,41.035567,21.337528,temperature,8
2026-02-26T23:29:36+01:00,87f82783-853b-417d-8964-b5cf11e44873,41.035567,21.337528,gasResistance,204501
2026-02-26T23:29:36+01:00,87f82783-853b-417d-8964-b5cf11e44873,41.035567,21.337528,humidity,53
2026-02-26T23:29:36+01:00,87f82783-853b-417d-8964-b5cf11e44873,41.035567,21.337528,noise,11
2026-02-26T23:29:36+01:00,87f82783-853b-417d-8964-b5cf11e44873,41.035567,21.337528,noise_dba,24
2026-02-26T23:29:36+01:00,87f82783-853b-417d-8964-b5cf11e44873,41.035567,21.337528,pm10,48
2026-02-26T23:29:36+01:00,87f82783-853b-417d-8964-b5cf11e44873,41.035567,21.337528,pm25,29
2026-02-26T23:29:36+01:00,87f82783-853b-417d-8964-b5cf11e44873,41.035567,21.337528,pressure,955
2026-02-26T23:29:36+01:00,87f82783-853b-417d-8964-b5cf11e44873,41.035567,21.337528,temperature,8
2026-02-26T23:45:09+01:00,87f82783-853b-417d-8964-b5cf11e44873,41.035567,21.337528,gasResistance,206281
2026-02-26T23:45:09+01:00,87f82783-853b-417d-8964-b5cf11e44873,41.035567,21.337528,humidity,54
2026-02-26T23:45:09+01:00,87f82783-853b-417d-8964-b5cf11e44873,41.035567,21.337528,noise,11
2026-02-26T23:45:09+01:00,87f82783-853b-417d-8964-b5cf11e44873,41.035567,21.337528,noise_dba,24
2026-02-26T23:45:09+01:00,87f82783-853b-417d-8964-b5cf11e44873,41.035567,21.337528,pm10,51
2026-02-26T23:45:09+01:00,87f82783-853b-417d-8964-b5cf11e44873,41.035567,21.337528,pm25,29
2026-02-26T23:45:09+01:00,87f82783-853b-417d-8964-b5cf11e44873,41.035567,21.337528,pressure,955
2026-02-26T23:45:09+01:00,87f82783-853b-417d-8964-b5cf11e44873,41.035567,21.337528,temperature,8
2026-02-27T00:00:31+01:00,87f82783-853b-417d-8964-b5cf11e44873,41.035567,21.337528,gasResistance,212762
2026-02-27T00:00:31+01:00,87f82783-853b-417d-8964-b5cf11e44873,41.035567,21.337528,humidity,54
2026-02-27T00:00:31+01:00,87f82783-853b-417d-8964-b5cf11e44873,41.035567,21.337528,noise,11
2026-02-27T00:00:31+01:00,87f82783-853b-417d-8964-b5cf11e44873,41.035567,21.337528,noise_dba,24
2026-02-27T00:00:31+01:00,87f82783-853b-417d-8964-b5cf11e44873,41.035567,21.337528,pressure,955
2026-02-27T00:00:31+01:00,87f82783-853b-417d-8964-b5cf11e44873,41.035567,21.337528,temperature,8
2026-02-27T00:16:03+01:00,87f82783-853b-417d-8964-b5cf11e44873,41.035567,21.337528,gasResistance,217504
2026-02-27T00:16:03+01:00,87f82783-853b-417d-8964-b5cf11e44873,41.035567,21.337528,humidity,54
2026-02-27T00:16:03+01:00,87f82783-853b-417d-8964-b5cf11e44873,41.035567,21.337528,pm10,48
2026-02-27T00:16:03+01:00,87f82783-853b-417d-8964-b5cf11e44873,41.035567,21.337528,pm25,25
2026-02-27T00:16:03+01:00,87f82783-853b-417d-8964-b5cf11e44873,41.035567,21.337528,pressure,955
2026-02-27T00:16:03+01:00,87f82783-853b-417d-8964-b5cf11e44873,41.035567,21.337528,temperature,7
2026-02-27T00:31:35+01:00,87f82783-853b-417d-8964-b5cf11e44873,41.035567,21.337528,gasResistance,215526
2026-02-27T00:31:35+01:00,87f82783-853b-417d-8964-b5cf11e44873,41.035567,21.337528,humidity,55
2026-02-27T00:31:35+01:00,87f82783-853b-417d-8964-b5cf11e44873,41.035567,21.337528,pm10,54
2026-02-27T00:31:35+01:00,87f82783-853b-417d-8964-b5cf11e44873,41.035567,21.337528,pm25,30
2026-02-27T00:31:35+01:00,87f82783-853b-417d-8964-b5cf11e44873,41.035567,21.337528,pressure,955
2026-02-27T00:31:35+01:00,87f82783-853b-417d-8964-b5cf11e44873,41.035567,21.337528,temperature,7
2026-02-27T00:47:06+01:00,87f82783-853b-417d-8964-b5cf11e44873,41.035567,21.337528,gasResistance,215666
2026-02-27T00:47:06+01:00,87f82783-853b-417d-8964-b5cf11e44873,41.035567,21.337528,humidity,55
2026-02-27T00:47:06+01:00,87f82783-853b-417d-8964-b5cf11e44873,41.035567,21.337528,pm10,65
2026-02-27T00:47:06+01:00,87f82783-853b-417d-8964-b5cf11e44873,41.035567,21.337528,pm25,37
2026-02-27T00:47:06+01:00,87f82783-853b-417d-8964-b5cf11e44873,41.035567,21.337528,pressure,955
2026-02-27T00:47:06+01:00,87f82783-853b-417d-8964-b5cf11e44873,41.035567,21.337528,temperature,7
2026-02-27T01:02:37+01:00,87f82783-853b-417d-8964-b5cf11e44873,41.035567,21.337528,gasResistance,214135
2026-02-27T01:02:37+01:00,87f82783-853b-417d-8964-b5cf11e44873,41.035567,21.337528,humidity,55
2026-02-27T01:02:37+01:00,87f82783-853b-417d-8964-b5cf11e44873,41.035567,21.337528,pm10,67
2026-02-27T01:02:37+01:00,87f82783-853b-417d-8964-b5cf11e44873,41.035567,21.337528,pm25,34
2026-02-27T01:02:37+01:00,87f82783-853b-417d-8964-b5cf11e44873,41.035567,21.337528,pressure,955
2026-02-27T01:02:37+01:00,87f82783-853b-417d-8964-b5cf11e44873,41.035567,21.337528,temperature,7
2026-02-27T01:18:09+01:00,87f82783-853b-417d-8964-b5cf11e44873,41.035567,21.337528,gasResistance,217504
2026-02-27T01:18:09+01:00,87f82783-853b-417d-8964-b5cf11e44873,41.035567,21.337528,humidity,55
2026-02-27T01:18:09+01:00,87f82783-853b-417d-8964-b5cf11e44873,41.035567,21.337528,pm10,38
2026-02-27T01:18:09+01:00,87f82783-853b-417d-8964-b5cf11e44873,41.035567,21.337528,pm25,21
2026-02-27T01:18:09+01:00,87f82783-853b-417d-8964-b5cf11e44873,41.035567,21.337528,pressure,954
2026-02-27T01:18:09+01:00,87f82783-853b-417d-8964-b5cf11e44873,41.035567,21.337528,temperature,7
2026-02-27T01:33:40+01:00,87f82783-853b-417d-8964-b5cf11e44873,41.035567,21.337528,gasResistance,223361
2026-02-27T01:33:40+01:00,87f82783-853b-417d-8964-b5cf11e44873,41.035567,21.337528,humidity,56
2026-02-27T01:33:40+01:00,87f82783-853b-417d-8964-b5cf11e44873,41.035567,21.337528,pm10,30
2026-02-27T01:33:40+01:00,87f82783-853b-417d-8964-b5cf11e44873,41.035567,21.337528,pm25,18
2026-02-27T01:33:40+01:00,87f82783-853b-417d-8964-b5cf11e44873,41.035567,21.337528,pressure,954
2026-02-27T01:33:40+01:00,87f82783-853b-417d-8964-b5cf11e44873,41.035567,21.337528,temperature,7
2026-02-27T01:49:13+01:00,87f82783-853b-417d-8964-b5cf11e44873,41.035567,21.337528,gasResistance,227965
2026-02-27T01:49:13+01:00,87f82783-853b-417d-8964-b5cf11e44873,41.035567,21.337528,humidity,56
2026-02-27T01:49:13+01:00,87f82783-853b-417d-8964-b5cf11e44873,41.035567,21.337528,pm10,24
2026-02-27T01:49:13+01:00,87f82783-853b-417d-8964-b5cf11e44873,41.035567,21.337528,pm25,12
2026-02-27T01:49:13+01:00,87f82783-853b-417d-8964-b5cf11e44873,41.035567,21.337528,pressure,954
2026-02-27T01:49:13+01:00,87f82783-853b-417d-8964-b5cf11e44873,41.035567,21.337528,temperature,7
2026-02-27T02:04:44+01:00,87f82783-853b-417d-8964-b5cf11e44873,41.035567,21.337528,gasResistance,230819
2026-02-27T02:04:44+01:00,87f82783-853b-417d-8964-b5cf11e44873,41.035567,21.337528,humidity,56
2026-02-27T02:04:44+01:00,87f82783-853b-417d-8964-b5cf11e44873,41.035567,21.337528,pm10,39
2026-02-27T02:04:44+01:00,87f82783-853b-417d-8964-b5cf11e44873,41.035567,21.337528,pm25,20
2026-02-27T02:04:44+01:00,87f82783-853b-417d-8964-b5cf11e44873,41.035567,21.337528,pressure,954
2026-02-27T02:04:44+01:00,87f82783-853b-417d-8964-b5cf11e44873,41.035567,21.337528,temperature,7
2026-02-27T02:20:16+01:00,87f82783-853b-417d-8964-b5cf11e44873,41.035567,21.337528,gasResistance,224722
2026-02-27T02:20:16+01:00,87f82783-853b-417d-8964-b5cf11e44873,41.035567,21.337528,humidity,57
2026-02-27T02:20:16+01:00,87f82783-853b-417d-8964-b5cf11e44873,41.035567,21.337528,pm10,51
2026-02-27T02:20:16+01:00,87f82783-853b-417d-8964-b5cf11e44873,41.035567,21.337528,pm25,31
2026-02-27T02:20:16+01:00,87f82783-853b-417d-8964-b5cf11e44873,41.035567,21.337528,pressure,954
2026-02-27T02:20:16+01:00,87f82783-853b-417d-8964-b5cf11e44873,41.035567,21.337528,temperature,7
2026-02-27T02:35:47+01:00,87f82783-853b-417d-8964-b5cf11e44873,41.035567,21.337528,gasResistance,218219
2026-02-27T02:35:47+01:00,87f82783-853b-417d-8964-b5cf11e44873,41.035567,21.337528,humidity,57
2026-02-27T02:35:47+01:00,87f82783-853b-417d-8964-b5cf11e44873,41.035567,21.337528,pm10,56
2026-02-27T02:35:47+01:00,87f82783-853b-417d-8964-b5cf11e44873,41.035567,21.337528,pm25,30
2026-02-27T02:35:47+01:00,87f82783-853b-417d-8964-b5cf11e44873,41.035567,21.337528,pressure,954
2026-02-27T02:35:47+01:00,87f82783-853b-417d-8964-b5cf11e44873,41.035567,21.337528,temperature,6
2026-02-27T02:51:18+01:00,87f82783-853b-417d-8964-b5cf11e44873,41.035567,21.337528,gasResistance,220393
2026-02-27T02:51:18+01:00,87f82783-853b-417d-8964-b5cf11e44873,41.035567,21.337528,humidity,57
2026-02-27T02:51:18+01:00,87f82783-853b-417d-8964-b5cf11e44873,41.035567,21.337528,pm10,38
2026-02-27T02:51:18+01:00,87f82783-853b-417d-8964-b5cf11e44873,41.035567,21.337528,pm25,20
2026-02-27T02:51:18+01:00,87f82783-853b-417d-8964-b5cf11e44873,41.035567,21.337528,pressure,954
2026-02-27T02:51:18+01:00,87f82783-853b-417d-8964-b5cf11e44873,41.035567,21.337528,temperature,6
2026-02-27T03:06:51+01:00,87f82783-853b-417d-8964-b5cf11e44873,41.035567,21.337528,gasResistance,230179
2026-02-27T03:06:51+01:00,87f82783-853b-417d-8964-b5cf11e44873,41.035567,21.337528,humidity,57
2026-02-27T03:06:51+01:00,87f82783-853b-417d-8964-b5cf11e44873,41.035567,21.337528,pm10,14
2026-02-27T03:06:51+01:00,87f82783-853b-417d-8964-b5cf11e44873,41.035567,21.337528,pm25,8
2026-02-27T03:06:51+01:00,87f82783-853b-417d-8964-b5cf11e44873,41.035567,21.337528,pressure,954
2026-02-27T03:06:51+01:00,87f82783-853b-417d-8964-b5cf11e44873,41.035567,21.337528,temperature,6
2026-02-27T03:22:22+01:00,87f82783-853b-417d-8964-b5cf11e44873,41.035567,21.337528,gasResistance,237766
2026-02-27T03:22:22+01:00,87f82783-853b-417d-8964-b5cf11e44873,41.035567,21.337528,humidity,57
2026-02-27T03:22:22+01:00,87f82783-853b-417d-8964-b5cf11e44873,41.035567,21.337528,pm10,30
2026-02-27T03:22:22+01:00,87f82783-853b-417d-8964-b5cf11e44873,41.035567,21.337528,pm25,18
2026-02-27T03:22:22+01:00,87f82783-853b-417d-8964-b5cf11e44873,41.035567,21.337528,pressure,954
2026-02-27T03:22:22+01:00,87f82783-853b-417d-8964-b5cf11e44873,41.035567,21.337528,temperature,6
2026-02-27T03:37:55+01:00,87f82783-853b-417d-8964-b5cf11e44873,41.035567,21.337528,gasResistance,245144
2026-02-27T03:37:55+01:00,87f82783-853b-417d-8964-b5cf11e44873,41.035567,21.337528,humidity,57
2026-02-27T03:37:55+01:00,87f82783-853b-417d-8964-b5cf11e44873,41.035567,21.337528,pm10,25
2026-02-27T03:37:55+01:00,87f82783-853b-417d-8964-b5cf11e44873,41.035567,21.337528,pm25,11
2026-02-27T03:37:55+01:00,87f82783-853b-417d-8964-b5cf11e44873,41.035567,21.337528,pressure,954
2026-02-27T03:37:55+01:00,87f82783-853b-417d-8964-b5cf11e44873,41.035567,21.337528,temperature,6
2026-02-27T03:53:27+01:00,87f82783-853b-417d-8964-b5cf11e44873,41.035567,21.337528,gasResistance,250511
2026-02-27T03:53:27+01:00,87f82783-853b-417d-8964-b5cf11e44873,41.035567,21.337528,humidity,57
2026-02-27T03:53:27+01:00,87f82783-853b-417d-8964-b5cf11e44873,41.035567,21.337528,pm10,20
2026-02-27T03:53:27+01:00,87f82783-853b-417d-8964-b5cf11e44873,41.035567,21.337528,pm25,10
2026-02-27T03:53:27+01:00,87f82783-853b-417d-8964-b5cf11e44873,41.035567,21.337528,pressure,954
2026-02-27T03:53:27+01:00,87f82783-853b-417d-8964-b5cf11e44873,41.035567,21.337528,temperature,6
2026-02-27T04:08:59+01:00,87f82783-853b-417d-8964-b5cf11e44873,41.035567,21.337528,gasResistance,250322
2026-02-27T04:08:59+01:00,87f82783-853b-417d-8964-b5cf11e44873,41.035567,21.337528,humidity,58
2026-02-27T04:08:59+01:00,87f82783-853b-417d-8964-b5cf11e44873,41.035567,21.337528,pm10,22
2026-02-27T04:08:59+01:00,87f82783-853b-417d-8964-b5cf11e44873,41.035567,21.337528,pm25,11
2026-02-27T04:08:59+01:00,87f82783-853b-417d-8964-b5cf11e44873,41.035567,21.337528,pressure,954
2026-02-27T04:08:59+01:00,87f82783-853b-417d-8964-b5cf11e44873,41.035567,21.337528,temperature,6
2026-02-27T04:24:30+01:00,87f82783-853b-417d-8964-b5cf11e44873,41.035567,21.337528,gasResistance,249945
2026-02-27T04:24:30+01:00,87f82783-853b-417d-8964-b5cf11e44873,41.035567,21.337528,humidity,58
2026-02-27T04:24:30+01:00,87f82783-853b-417d-8964-b5cf11e44873,41.035567,21.337528,pm10,28
2026-02-27T04:24:30+01:00,87f82783-853b-417d-8964-b5cf11e44873,41.035567,21.337528,pm25,15
2026-02-27T04:24:30+01:00,87f82783-853b-417d-8964-b5cf11e44873,41.035567,21.337528,pressure,954
2026-02-27T04:24:30+01:00,87f82783-853b-417d-8964-b5cf11e44873,41.035567,21.337528,temperature,6
2026-02-27T04:40:02+01:00,87f82783-853b-417d-8964-b5cf11e44873,41.035567,21.337528,gasResistance,250701
2026-02-27T04:40:02+01:00,87f82783-853b-417d-8964-b5cf11e44873,41.035567,21.337528,humidity,58
2026-02-27T04:40:02+01:00,87f82783-853b-417d-8964-b5cf11e44873,41.035567,21.337528,noise,11
2026-02-27T04:40:02+01:00,87f82783-853b-417d-8964-b5cf11e44873,41.035567,21.337528,noise_dba,24
2026-02-27T04:40:02+01:00,87f82783-853b-417d-8964-b5cf11e44873,41.035567,21.337528,pm10,27
2026-02-27T04:40:02+01:00,87f82783-853b-417d-8964-b5cf11e44873,41.035567,21.337528,pm25,14
2026-02-27T04:40:02+01:00,87f82783-853b-417d-8964-b5cf11e44873,41.035567,21.337528,pressure,954
2026-02-27T04:40:02+01:00,87f82783-853b-417d-8964-b5cf11e44873,41.035567,21.337528,temperature,6
2026-02-27T04:55:33+01:00,87f82783-853b-417d-8964-b5cf11e44873,41.035567,21.337528,gasResistance,255922
2026-02-27T04:55:33+01:00,87f82783-853b-417d-8964-b5cf11e44873,41.035567,21.337528,humidity,58
2026-02-27T04:55:33+01:00,87f82783-853b-417d-8964-b5cf11e44873,41.035567,21.337528,noise,11
2026-02-27T04:55:33+01:00,87f82783-853b-417d-8964-b5cf11e44873,41.035567,21.337528,noise_dba,24
2026-02-27T04:55:33+01:00,87f82783-853b-417d-8964-b5cf11e44873,41.035567,21.337528,pm10,18
2026-02-27T04:55:33+01:00,87f82783-853b-417d-8964-b5cf11e44873,41.035567,21.337528,pm25,10
2026-02-27T04:55:33+01:00,87f82783-853b-417d-8964-b5cf11e44873,41.035567,21.337528,pressure,954
2026-02-27T04:55:33+01:00,87f82783-853b-417d-8964-b5cf11e44873,41.035567,21.337528,temperature,5
2026-02-27T05:11:05+01:00,87f82783-853b-417d-8964-b5cf11e44873,41.035567,21.337528,gasResistance,261571
2026-02-27T05:11:05+01:00,87f82783-853b-417d-8964-b5cf11e44873,41.035567,21.337528,humidity,59
2026-02-27T05:11:05+01:00,87f82783-853b-417d-8964-b5cf11e44873,41.035567,21.337528,pm10,13
2026-02-27T05:11:05+01:00,87f82783-853b-417d-8964-b5cf11e44873,41.035567,21.337528,pm25,7
2026-02-27T05:11:05+01:00,87f82783-853b-417d-8964-b5cf11e44873,41.035567,21.337528,pressure,954
2026-02-27T05:11:05+01:00,87f82783-853b-417d-8964-b5cf11e44873,41.035567,21.337528,temperature,5
2026-02-27T05:26:36+01:00,87f82783-853b-417d-8964-b5cf11e44873,41.035567,21.337528,gasResistance,263231
2026-02-27T05:26:36+01:00,87f82783-853b-417d-8964-b5cf11e44873,41.035567,21.337528,humidity,59
2026-02-27T05:26:36+01:00,87f82783-853b-417d-8964-b5cf11e44873,41.035567,21.337528,noise,11
2026-02-27T05:26:36+01:00,87f82783-853b-417d-8964-b5cf11e44873,41.035567,21.337528,noise_dba,24
2026-02-27T05:26:36+01:00,87f82783-853b-417d-8964-b5cf11e44873,41.035567,21.337528,pm10,18
2026-02-27T05:26:36+01:00,87f82783-853b-417d-8964-b5cf11e44873,41.035567,21.337528,pm25,11
2026-02-27T05:26:36+01:00,87f82783-853b-417d-8964-b5cf11e44873,41.035567,21.337528,pressure,954
2026-02-27T05:26:36+01:00,87f82783-853b-417d-8964-b5cf11e44873,41.035567,21.337528,temperature,5
2026-02-27T05:42:08+01:00,87f82783-853b-417d-8964-b5cf11e44873,41.035567,21.337528,gasResistance,261984
2026-02-27T05:42:08+01:00,87f82783-853b-417d-8964-b5cf11e44873,41.035567,21.337528,humidity,59
2026-02-27T05:42:08+01:00,87f82783-853b-417d-8964-b5cf11e44873,41.035567,21.337528,pm10,40
2026-02-27T05:42:08+01:00,87f82783-853b-417d-8964-b5cf11e44873,41.035567,21.337528,pm25,22
2026-02-27T05:42:08+01:00,87f82783-853b-417d-8964-b5cf11e44873,41.035567,21.337528,pressure,954
2026-02-27T05:42:08+01:00,87f82783-853b-417d-8964-b5cf11e44873,41.035567,21.337528,temperature,5
2026-02-27T05:57:39+01:00,87f82783-853b-417d-8964-b5cf11e44873,41.035567,21.337528,gasResistance,259322
2026-02-27T05:57:39+01:00,87f82783-853b-417d-8964-b5cf11e44873,41.035567,21.337528,humidity,59
2026-02-27T05:57:39+01:00,87f82783-853b-417d-8964-b5cf11e44873,41.035567,21.337528,pm10,47
2026-02-27T05:57:39+01:00,87f82783-853b-417d-8964-b5cf11e44873,41.035567,21.337528,pm25,25
2026-02-27T05:57:39+01:00,87f82783-853b-417d-8964-b5cf11e44873,41.035567,21.337528,pressure,954
2026-02-27T05:57:39+01:00,87f82783-853b-417d-8964-b5cf11e44873,41.035567,21.337528,temperature,5
2026-02-27T06:13:10+01:00,87f82783-853b-417d-8964-b5cf11e44873,41.035567,21.337528,gasResistance,259119
2026-02-27T06:13:10+01:00,87f82783-853b-417d-8964-b5cf11e44873,41.035567,21.337528,humidity,59
2026-02-27T06:13:10+01:00,87f82783-853b-417d-8964-b5cf11e44873,41.035567,21.337528,noise,11
2026-02-27T06:13:10+01:00,87f82783-853b-417d-8964-b5cf11e44873,41.035567,21.337528,noise_dba,24
2026-02-27T06:13:10+01:00,87f82783-853b-417d-8964-b5cf11e44873,41.035567,21.337528,pm10,40
2026-02-27T06:13:10+01:00,87f82783-853b-417d-8964-b5cf11e44873,41.035567,21.337528,pm25,22
2026-02-27T06:13:10+01:00,87f82783-853b-417d-8964-b5cf11e44873,41.035567,21.337528,pressure,954
2026-02-27T06:13:10+01:00,87f82783-853b-417d-8964-b5cf11e44873,41.035567,21.337528,temperature,5
2026-02-27T06:28:42+01:00,87f82783-853b-417d-8964-b5cf11e44873,41.035567,21.337528,gasResistance,260339
2026-02-27T06:28:42+01:00,87f82783-853b-417d-8964-b5cf11e44873,41.035567,21.337528,humidity,60
2026-02-27T06:28:42+01:00,87f82783-853b-417d-8964-b5cf11e44873,41.035567,21.337528,noise,11
2026-02-27T06:28:42+01:00,87f82783-853b-417d-8964-b5cf11e44873,41.035567,21.337528,noise_dba,24
2026-02-27T06:28:42+01:00,87f82783-853b-417d-8964-b5cf11e44873,41.035567,21.337528,pm10,30
2026-02-27T06:28:42+01:00,87f82783-853b-417d-8964-b5cf11e44873,41.035567,21.337528,pm25,17
2026-02-27T06:28:42+01:00,87f82783-853b-417d-8964-b5cf11e44873,41.035567,21.337528,pressure,954
2026-02-27T06:28:42+01:00,87f82783-853b-417d-8964-b5cf11e44873,41.035567,21.337528,temperature,5
2026-02-27T06:44:13+01:00,87f82783-853b-417d-8964-b5cf11e44873,41.035567,21.337528,gasResistance,257711
2026-02-27T06:44:13+01:00,87f82783-853b-417d-8964-b5cf11e44873,41.035567,21.337528,humidity,59
2026-02-27T06:44:13+01:00,87f82783-853b-417d-8964-b5cf11e44873,41.035567,21.337528,noise,11
2026-02-27T06:44:13+01:00,87f82783-853b-417d-8964-b5cf11e44873,41.035567,21.337528,noise_dba,24
2026-02-27T06:44:13+01:00,87f82783-853b-417d-8964-b5cf11e44873,41.035567,21.337528,pm10,108
2026-02-27T06:44:13+01:00,87f82783-853b-417d-8964-b5cf11e44873,41.035567,21.337528,pm25,51
2026-02-27T06:44:13+01:00,87f82783-853b-417d-8964-b5cf11e44873,41.035567,21.337528,pressure,954
2026-02-27T06:44:13+01:00,87f82783-853b-417d-8964-b5cf11e44873,41.035567,21.337528,temperature,5
2026-02-27T06:59:44+01:00,87f82783-853b-417d-8964-b5cf11e44873,41.035567,21.337528,gasResistance,255134
2026-02-27T06:59:44+01:00,87f82783-853b-417d-8964-b5cf11e44873,41.035567,21.337528,humidity,60
2026-02-27T06:59:44+01:00,87f82783-853b-417d-8964-b5cf11e44873,41.035567,21.337528,noise,11
2026-02-27T06:59:44+01:00,87f82783-853b-417d-8964-b5cf11e44873,41.035567,21.337528,noise_dba,24
2026-02-27T06:59:44+01:00,87f82783-853b-417d-8964-b5cf11e44873,41.035567,21.337528,pm10,41
2026-02-27T06:59:44+01:00,87f82783-853b-417d-8964-b5cf11e44873,41.035567,21.337528,pm25,23
2026-02-27T06:59:44+01:00,87f82783-853b-417d-8964-b5cf11e44873,41.035567,21.337528,pressure,954
2026-02-27T06:59:44+01:00,87f82783-853b-417d-8964-b5cf11e44873,41.035567,21.337528,temperature,5
2026-02-27T07:15:16+01:00,87f82783-853b-417d-8964-b5cf11e44873,41.035567,21.337528,gasResistance,250322
2026-02-27T07:15:16+01:00,87f82783-853b-417d-8964-b5cf11e44873,41.035567,21.337528,humidity,60
2026-02-27T07:15:16+01:00,87f82783-853b-417d-8964-b5cf11e44873,41.035567,21.337528,noise,11
2026-02-27T07:15:16+01:00,87f82783-853b-417d-8964-b5cf11e44873,41.035567,21.337528,noise_dba,24
2026-02-27T07:15:16+01:00,87f82783-853b-417d-8964-b5cf11e44873,41.035567,21.337528,pm10,54
2026-02-27T07:15:16+01:00,87f82783-853b-417d-8964-b5cf11e44873,41.035567,21.337528,pm25,32
2026-02-27T07:15:16+01:00,87f82783-853b-417d-8964-b5cf11e44873,41.035567,21.337528,pressure,954
2026-02-27T07:15:16+01:00,87f82783-853b-417d-8964-b5cf11e44873,41.035567,21.337528,temperature,5
2026-02-27T07:30:48+01:00,87f82783-853b-417d-8964-b5cf11e44873,41.035567,21.337528,gasResistance,250322
2026-02-27T07:30:48+01:00,87f82783-853b-417d-8964-b5cf11e44873,41.035567,21.337528,humidity,60
2026-02-27T07:30:48+01:00,87f82783-853b-417d-8964-b5cf11e44873,41.035567,21.337528,noise,11
2026-02-27T07:30:48+01:00,87f82783-853b-417d-8964-b5cf11e44873,41.035567,21.337528,noise_dba,24
2026-02-27T07:30:48+01:00,87f82783-853b-417d-8964-b5cf11e44873,41.035567,21.337528,pm10,41
2026-02-27T07:30:48+01:00,87f82783-853b-417d-8964-b5cf11e44873,41.035567,21.337528,pm25,23
2026-02-27T07:30:48+01:00,87f82783-853b-417d-8964-b5cf11e44873,41.035567,21.337528,pressure,954
2026-02-27T07:30:48+01:00,87f82783-853b-417d-8964-b5cf11e44873,41.035567,21.337528,temperature,5
2026-02-27T07:46:20+01:00,87f82783-853b-417d-8964-b5cf11e44873,41.035567,21.337528,gasResistance,245871
2026-02-27T07:46:20+01:00,87f82783-853b-417d-8964-b5cf11e44873,41.035567,21.337528,humidity,60
2026-02-27T07:46:20+01:00,87f82783-853b-417d-8964-b5cf11e44873,41.035567,21.337528,noise,11
2026-02-27T07:46:20+01:00,87f82783-853b-417d-8964-b5cf11e44873,41.035567,21.337528,noise_dba,24
2026-02-27T07:46:20+01:00,87f82783-853b-417d-8964-b5cf11e44873,41.035567,21.337528,pm10,68
2026-02-27T07:46:20+01:00,87f82783-853b-417d-8964-b5cf11e44873,41.035567,21.337528,pm25,37
2026-02-27T07:46:20+01:00,87f82783-853b-417d-8964-b5cf11e44873,41.035567,21.337528,pressure,954
2026-02-27T07:46:20+01:00,87f82783-853b-417d-8964-b5cf11e44873,41.035567,21.337528,temperature,5
2026-02-27T08:01:51+01:00,87f82783-853b-417d-8964-b5cf11e44873,41.035567,21.337528,gasResistance,245325
2026-02-27T08:01:51+01:00,87f82783-853b-417d-8964-b5cf11e44873,41.035567,21.337528,humidity,60
2026-02-27T08:01:51+01:00,87f82783-853b-417d-8964-b5cf11e44873,41.035567,21.337528,noise,11
2026-02-27T08:01:51+01:00,87f82783-853b-417d-8964-b5cf11e44873,41.035567,21.337528,noise_dba,24
2026-02-27T08:01:51+01:00,87f82783-853b-417d-8964-b5cf11e44873,41.035567,21.337528,pm10,53
2026-02-27T08:01:51+01:00,87f82783-853b-417d-8964-b5cf11e44873,41.035567,21.337528,pm25,28
2026-02-27T08:01:51+01:00,87f82783-853b-417d-8964-b5cf11e44873,41.035567,21.337528,pressure,954
2026-02-27T08:01:51+01:00,87f82783-853b-417d-8964-b5cf11e44873,41.035567,21.337528,temperature,5
2026-02-27T08:17:23+01:00,87f82783-853b-417d-8964-b5cf11e44873,41.035567,21.337528,gasResistance,244602
2026-02-27T08:17:23+01:00,87f82783-853b-417d-8964-b5cf11e44873,41.035567,21.337528,humidity,60
2026-02-27T08:17:23+01:00,87f82783-853b-417d-8964-b5cf11e44873,41.035567,21.337528,noise,13
2026-02-27T08:17:23+01:00,87f82783-853b-417d-8964-b5cf11e44873,41.035567,21.337528,noise_dba,27
2026-02-27T08:17:23+01:00,87f82783-853b-417d-8964-b5cf11e44873,41.035567,21.337528,pm10,41
2026-02-27T08:17:23+01:00,87f82783-853b-417d-8964-b5cf11e44873,41.035567,21.337528,pm25,21
2026-02-27T08:17:23+01:00,87f82783-853b-417d-8964-b5cf11e44873,41.035567,21.337528,pressure,954
2026-02-27T08:17:23+01:00,87f82783-853b-417d-8964-b5cf11e44873,41.035567,21.337528,temperature,6
2026-02-27T08:32:54+01:00,87f82783-853b-417d-8964-b5cf11e44873,41.035567,21.337528,gasResistance,246236
2026-02-27T08:32:54+01:00,87f82783-853b-417d-8964-b5cf11e44873,41.035567,21.337528,humidity,59
2026-02-27T08:32:54+01:00,87f82783-853b-417d-8964-b5cf11e44873,41.035567,21.337528,noise,12
2026-02-27T08:32:54+01:00,87f82783-853b-417d-8964-b5cf11e44873,41.035567,21.337528,noise_dba,25
2026-02-27T08:32:54+01:00,87f82783-853b-417d-8964-b5cf11e44873,41.035567,21.337528,pm10,46
2026-02-27T08:32:54+01:00,87f82783-853b-417d-8964-b5cf11e44873,41.035567,21.337528,pm25,23
2026-02-27T08:32:54+01:00,87f82783-853b-417d-8964-b5cf11e44873,41.035567,21.337528,pressure,954
2026-02-27T08:32:54+01:00,87f82783-853b-417d-8964-b5cf11e44873,41.035567,21.337528,temperature,6
2026-02-27T08:48:25+01:00,87f82783-853b-417d-8964-b5cf11e44873,41.035567,21.337528,gasResistance,250322
2026-02-27T08:48:25+01:00,87f82783-853b-417d-8964-b5cf11e44873,41.035567,21.337528,humidity,59
2026-02-27T08:48:25+01:00,87f82783-853b-417d-8964-b5cf11e44873,41.035567,21.337528,noise,11
2026-02-27T08:48:25+01:00,87f82783-853b-417d-8964-b5cf11e44873,41.035567,21.337528,noise_dba,24
2026-02-27T08:48:25+01:00,87f82783-853b-417d-8964-b5cf11e44873,41.035567,21.337528,pm10,20
2026-02-27T08:48:25+01:00,87f82783-853b-417d-8964-b5cf11e44873,41.035567,21.337528,pm25,11
2026-02-27T08:48:25+01:00,87f82783-853b-417d-8964-b5cf11e44873,41.035567,21.337528,pressure,954
2026-02-27T08:48:25+01:00,87f82783-853b-417d-8964-b5cf11e44873,41.035567,21.337528,temperature,7
2026-02-27T09:03:57+01:00,87f82783-853b-417d-8964-b5cf11e44873,41.035567,21.337528,gasResistance,257311
2026-02-27T09:03:57+01:00,87f82783-853b-417d-8964-b5cf11e44873,41.035567,21.337528,humidity,56
2026-02-27T09:03:57+01:00,87f82783-853b-417d-8964-b5cf11e44873,41.035567,21.337528,noise,13
2026-02-27T09:03:57+01:00,87f82783-853b-417d-8964-b5cf11e44873,41.035567,21.337528,noise_dba,27
2026-02-27T09:03:57+01:00,87f82783-853b-417d-8964-b5cf11e44873,41.035567,21.337528,pm10,36
2026-02-27T09:03:57+01:00,87f82783-853b-417d-8964-b5cf11e44873,41.035567,21.337528,pm25,19
2026-02-27T09:03:57+01:00,87f82783-853b-417d-8964-b5cf11e44873,41.035567,21.337528,pressure,954
2026-02-27T09:03:57+01:00,87f82783-853b-417d-8964-b5cf11e44873,41.035567,21.337528,temperature,7
2026-02-27T09:19:28+01:00,87f82783-853b-417d-8964-b5cf11e44873,41.035567,21.337528,gasResistance,260339
2026-02-27T09:19:28+01:00,87f82783-853b-417d-8964-b5cf11e44873,41.035567,21.337528,humidity,56
2026-02-27T09:19:28+01:00,87f82783-853b-417d-8964-b5cf11e44873,41.035567,21.337528,noise,12
2026-02-27T09:19:28+01:00,87f82783-853b-417d-8964-b5cf11e44873,41.035567,21.337528,noise_dba,25
2026-02-27T09:19:28+01:00,87f82783-853b-417d-8964-b5cf11e44873,41.035567,21.337528,pm10,9
2026-02-27T09:19:28+01:00,87f82783-853b-417d-8964-b5cf11e44873,41.035567,21.337528,pm25,6
2026-02-27T09:19:28+01:00,87f82783-853b-417d-8964-b5cf11e44873,41.035567,21.337528,pressure,954
2026-02-27T09:19:28+01:00,87f82783-853b-417d-8964-b5cf11e44873,41.035567,21.337528,temperature,7
2026-02-27T09:35:00+01:00,87f82783-853b-417d-8964-b5cf11e44873,41.035567,21.337528,gasResistance,261984
2026-02-27T09:35:00+01:00,87f82783-853b-417d-8964-b5cf11e44873,41.035567,21.337528,humidity,56
2026-02-27T09:35:00+01:00,87f82783-853b-417d-8964-b5cf11e44873,41.035567,21.337528,noise,11
2026-02-27T09:35:00+01:00,87f82783-853b-417d-8964-b5cf11e44873,41.035567,21.337528,noise_dba,24
2026-02-27T09:35:00+01:00,87f82783-853b-417d-8964-b5cf11e44873,41.035567,21.337528,pm10,10
2026-02-27T09:35:00+01:00,87f82783-853b-417d-8964-b5cf11e44873,41.035567,21.337528,pm25,6
2026-02-27T09:35:00+01:00,87f82783-853b-417d-8964-b5cf11e44873,41.035567,21.337528,pressure,954
2026-02-27T09:35:00+01:00,87f82783-853b-417d-8964-b5cf11e44873,41.035567,21.337528,temperature,8
2026-02-27T09:50:31+01:00,87f82783-853b-417d-8964-b5cf11e44873,41.035567,21.337528,gasResistance,260954
2026-02-27T09:50:31+01:00,87f82783-853b-417d-8964-b5cf11e44873,41.035567,21.337528,humidity,55
2026-02-27T09:50:31+01:00,87f82783-853b-417d-8964-b5cf11e44873,41.035567,21.337528,noise,11
2026-02-27T09:50:31+01:00,87f82783-853b-417d-8964-b5cf11e44873,41.035567,21.337528,noise_dba,24
2026-02-27T09:50:31+01:00,87f82783-853b-417d-8964-b5cf11e44873,41.035567,21.337528,pm10,12
2026-02-27T09:50:31+01:00,87f82783-853b-417d-8964-b5cf11e44873,41.035567,21.337528,pm25,7
2026-02-27T09:50:31+01:00,87f82783-853b-417d-8964-b5cf11e44873,41.035567,21.337528,pressure,954
2026-02-27T09:50:31+01:00,87f82783-853b-417d-8964-b5cf11e44873,41.035567,21.337528,temperature,8
2026-02-27T10:06:03+01:00,87f82783-853b-417d-8964-b5cf11e44873,41.035567,21.337528,gasResistance,264279
2026-02-27T10:06:03+01:00,87f82783-853b-417d-8964-b5cf11e44873,41.035567,21.337528,humidity,53
2026-02-27T10:06:03+01:00,87f82783-853b-417d-8964-b5cf11e44873,41.035567,21.337528,noise,12
2026-02-27T10:06:03+01:00,87f82783-853b-417d-8964-b5cf11e44873,41.035567,21.337528,noise_dba,25
2026-02-27T10:06:03+01:00,87f82783-853b-417d-8964-b5cf11e44873,41.035567,21.337528,pm10,15
2026-02-27T10:06:03+01:00,87f82783-853b-417d-8964-b5cf11e44873,41.035567,21.337528,pm25,6
2026-02-27T10:06:03+01:00,87f82783-853b-417d-8964-b5cf11e44873,41.035567,21.337528,pressure,954
2026-02-27T10:06:03+01:00,87f82783-853b-417d-8964-b5cf11e44873,41.035567,21.337528,temperature,9
2026-02-27T10:21:34+01:00,87f82783-853b-417d-8964-b5cf11e44873,41.035567,21.337528,gasResistance,263649
2026-02-27T10:21:34+01:00,87f82783-853b-417d-8964-b5cf11e44873,41.035567,21.337528,humidity,51
2026-02-27T10:21:34+01:00,87f82783-853b-417d-8964-b5cf11e44873,41.035567,21.337528,noise,11
2026-02-27T10:21:34+01:00,87f82783-853b-417d-8964-b5cf11e44873,41.035567,21.337528,noise_dba,24
2026-02-27T10:21:34+01:00,87f82783-853b-417d-8964-b5cf11e44873,41.035567,21.337528,pm10,10
2026-02-27T10:21:34+01:00,87f82783-853b-417d-8964-b5cf11e44873,41.035567,21.337528,pm25,5
2026-02-27T10:21:34+01:00,87f82783-853b-417d-8964-b5cf11e44873,41.035567,21.337528,pressure,954
2026-02-27T10:21:34+01:00,87f82783-853b-417d-8964-b5cf11e44873,41.035567,21.337528,temperature,9
2026-02-27T10:37:05+01:00,87f82783-853b-417d-8964-b5cf11e44873,41.035567,21.337528,gasResistance,266187
2026-02-27T10:37:05+01:00,87f82783-853b-417d-8964-b5cf11e44873,41.035567,21.337528,humidity,49
2026-02-27T10:37:05+01:00,87f82783-853b-417d-8964-b5cf11e44873,41.035567,21.337528,noise,11
2026-02-27T10:37:05+01:00,87f82783-853b-417d-8964-b5cf11e44873,41.035567,21.337528,noise_dba,24
2026-02-27T10:37:05+01:00,87f82783-853b-417d-8964-b5cf11e44873,41.035567,21.337528,pm10,14
2026-02-27T10:37:05+01:00,87f82783-853b-417d-8964-b5cf11e44873,41.035567,21.337528,pm25,6
2026-02-27T10:37:05+01:00,87f82783-853b-417d-8964-b5cf11e44873,41.035567,21.337528,pressure,954
2026-02-27T10:37:05+01:00,87f82783-853b-417d-8964-b5cf11e44873,41.035567,21.337528,temperature,10
2026-02-27T10:52:37+01:00,87f82783-853b-417d-8964-b5cf11e44873,41.035567,21.337528,gasResistance,268993
2026-02-27T10:52:37+01:00,87f82783-853b-417d-8964-b5cf11e44873,41.035567,21.337528,humidity,47
2026-02-27T10:52:37+01:00,87f82783-853b-417d-8964-b5cf11e44873,41.035567,21.337528,noise,11
2026-02-27T10:52:37+01:00,87f82783-853b-417d-8964-b5cf11e44873,41.035567,21.337528,noise_dba,24
2026-02-27T10:52:37+01:00,87f82783-853b-417d-8964-b5cf11e44873,41.035567,21.337528,pm10,6
2026-02-27T10:52:37+01:00,87f82783-853b-417d-8964-b5cf11e44873,41.035567,21.337528,pm25,4
2026-02-27T10:52:37+01:00,87f82783-853b-417d-8964-b5cf11e44873,41.035567,21.337528,pressure,954
2026-02-27T10:52:37+01:00,87f82783-853b-417d-8964-b5cf11e44873,41.035567,21.337528,temperature,11
2026-02-27T11:08:08+01:00,87f82783-853b-417d-8964-b5cf11e44873,41.035567,21.337528,gasResistance,266615
2026-02-27T11:08:08+01:00,87f82783-853b-417d-8964-b5cf11e44873,41.035567,21.337528,humidity,46
2026-02-27T11:08:08+01:00,87f82783-853b-417d-8964-b5cf11e44873,41.035567,21.337528,noise,11
2026-02-27T11:08:08+01:00,87f82783-853b-417d-8964-b5cf11e44873,41.035567,21.337528,noise_dba,24
2026-02-27T11:08:08+01:00,87f82783-853b-417d-8964-b5cf11e44873,41.035567,21.337528,pm10,7
2026-02-27T11:08:08+01:00,87f82783-853b-417d-8964-b5cf11e44873,41.035567,21.337528,pm25,4
2026-02-27T11:08:08+01:00,87f82783-853b-417d-8964-b5cf11e44873,41.035567,21.337528,pressure,954
2026-02-27T11:08:08+01:00,87f82783-853b-417d-8964-b5cf11e44873,41.035567,21.337528,temperature,11
2026-02-27T11:23:41+01:00,87f82783-853b-417d-8964-b5cf11e44873,41.035567,21.337528,gasResistance,268993
2026-02-27T11:23:41+01:00,87f82783-853b-417d-8964-b5cf11e44873,41.035567,21.337528,humidity,44
2026-02-27T11:23:41+01:00,87f82783-853b-417d-8964-b5cf11e44873,41.035567,21.337528,noise,11
2026-02-27T11:23:41+01:00,87f82783-853b-417d-8964-b5cf11e44873,41.035567,21.337528,noise_dba,24
2026-02-27T11:23:41+01:00,87f82783-853b-417d-8964-b5cf11e44873,41.035567,21.337528,pm10,10
2026-02-27T11:23:41+01:00,87f82783-853b-417d-8964-b5cf11e44873,41.035567,21.337528,pm25,5
2026-02-27T11:23:41+01:00,87f82783-853b-417d-8964-b5cf11e44873,41.035567,21.337528,pressure,953
2026-02-27T11:23:41+01:00,87f82783-853b-417d-8964-b5cf11e44873,41.035567,21.337528,temperature,12
2026-02-27T11:39:13+01:00,87f82783-853b-417d-8964-b5cf11e44873,41.035567,21.337528,gasResistance,268993
2026-02-27T11:39:13+01:00,87f82783-853b-417d-8964-b5cf11e44873,41.035567,21.337528,humidity,43
2026-02-27T11:39:13+01:00,87f82783-853b-417d-8964-b5cf11e44873,41.035567,21.337528,noise,11
2026-02-27T11:39:13+01:00,87f82783-853b-417d-8964-b5cf11e44873,41.035567,21.337528,noise_dba,24
2026-02-27T11:39:13+01:00,87f82783-853b-417d-8964-b5cf11e44873,41.035567,21.337528,pm10,8
2026-02-27T11:39:13+01:00,87f82783-853b-417d-8964-b5cf11e44873,41.035567,21.337528,pm25,4
2026-02-27T11:39:13+01:00,87f82783-853b-417d-8964-b5cf11e44873,41.035567,21.337528,pressure,953
2026-02-27T11:39:13+01:00,87f82783-853b-417d-8964-b5cf11e44873,41.035567,21.337528,temperature,12
2026-02-27T11:54:44+01:00,87f82783-853b-417d-8964-b5cf11e44873,41.035567,21.337528,gasResistance,265124
2026-02-27T11:54:44+01:00,87f82783-853b-417d-8964-b5cf11e44873,41.035567,21.337528,humidity,43
2026-02-27T11:54:44+01:00,87f82783-853b-417d-8964-b5cf11e44873,41.035567,21.337528,noise,11
2026-02-27T11:54:44+01:00,87f82783-853b-417d-8964-b5cf11e44873,41.035567,21.337528,noise_dba,24
2026-02-27T11:54:44+01:00,87f82783-853b-417d-8964-b5cf11e44873,41.035567,21.337528,pm10,6
2026-02-27T11:54:44+01:00,87f82783-853b-417d-8964-b5cf11e44873,41.035567,21.337528,pm25,4
2026-02-27T11:54:44+01:00,87f82783-853b-417d-8964-b5cf11e44873,41.035567,21.337528,pressure,953
2026-02-27T11:54:44+01:00,87f82783-853b-417d-8964-b5cf11e44873,41.035567,21.337528,temperature,13
2026-02-27T12:10:15+01:00,87f82783-853b-417d-8964-b5cf11e44873,41.035567,21.337528,gasResistance,262606
2026-02-27T12:10:15+01:00,87f82783-853b-417d-8964-b5cf11e44873,41.035567,21.337528,humidity,41
2026-02-27T12:10:15+01:00,87f82783-853b-417d-8964-b5cf11e44873,41.035567,21.337528,noise,12
2026-02-27T12:10:15+01:00,87f82783-853b-417d-8964-b5cf11e44873,41.035567,21.337528,noise_dba,25
2026-02-27T12:10:15+01:00,87f82783-853b-417d-8964-b5cf11e44873,41.035567,21.337528,pm10,8
2026-02-27T12:10:15+01:00,87f82783-853b-417d-8964-b5cf11e44873,41.035567,21.337528,pm25,4
2026-02-27T12:10:15+01:00,87f82783-853b-417d-8964-b5cf11e44873,41.035567,21.337528,pressure,953
2026-02-27T12:10:15+01:00,87f82783-853b-417d-8964-b5cf11e44873,41.035567,21.337528,temperature,13
2026-02-27T12:25:48+01:00,87f82783-853b-417d-8964-b5cf11e44873,41.035567,21.337528,gasResistance,257311
2026-02-27T12:25:48+01:00,87f82783-853b-417d-8964-b5cf11e44873,41.035567,21.337528,humidity,41
2026-02-27T12:25:48+01:00,87f82783-853b-417d-8964-b5cf11e44873,41.035567,21.337528,noise,12
2026-02-27T12:25:48+01:00,87f82783-853b-417d-8964-b5cf11e44873,41.035567,21.337528,noise_dba,25
2026-02-27T12:25:48+01:00,87f82783-853b-417d-8964-b5cf11e44873,41.035567,21.337528,pm10,6
2026-02-27T12:25:48+01:00,87f82783-853b-417d-8964-b5cf11e44873,41.035567,21.337528,pm25,4
2026-02-27T12:25:48+01:00,87f82783-853b-417d-8964-b5cf11e44873,41.035567,21.337528,pressure,953
2026-02-27T12:25:48+01:00,87f82783-853b-417d-8964-b5cf11e44873,41.035567,21.337528,temperature,14
2026-02-27T12:41:21+01:00,87f82783-853b-417d-8964-b5cf11e44873,41.035567,21.337528,gasResistance,247521
2026-02-27T12:41:21+01:00,87f82783-853b-417d-8964-b5cf11e44873,41.035567,21.337528,humidity,40
2026-02-27T12:41:21+01:00,87f82783-853b-417d-8964-b5cf11e44873,41.035567,21.337528,noise,11
2026-02-27T12:41:21+01:00,87f82783-853b-417d-8964-b5cf11e44873,41.035567,21.337528,noise_dba,24
2026-02-27T12:41:21+01:00,87f82783-853b-417d-8964-b5cf11e44873,41.035567,21.337528,pm10,5
2026-02-27T12:41:21+01:00,87f82783-853b-417d-8964-b5cf11e44873,41.035567,21.337528,pm25,3
2026-02-27T12:41:21+01:00,87f82783-853b-417d-8964-b5cf11e44873,41.035567,21.337528,pressure,952
2026-02-27T12:41:21+01:00,87f82783-853b-417d-8964-b5cf11e44873,41.035567,21.337528,temperature,15
2026-02-27T12:56:54+01:00,87f82783-853b-417d-8964-b5cf11e44873,41.035567,21.337528,gasResistance,246053
2026-02-27T12:56:54+01:00,87f82783-853b-417d-8964-b5cf11e44873,41.035567,21.337528,humidity,38
2026-02-27T12:56:54+01:00,87f82783-853b-417d-8964-b5cf11e44873,41.035567,21.337528,noise,11
2026-02-27T12:56:54+01:00,87f82783-853b-417d-8964-b5cf11e44873,41.035567,21.337528,noise_dba,24
2026-02-27T12:56:54+01:00,87f82783-853b-417d-8964-b5cf11e44873,41.035567,21.337528,pm10,8
2026-02-27T12:56:54+01:00,87f82783-853b-417d-8964-b5cf11e44873,41.035567,21.337528,pm25,4
2026-02-27T12:56:54+01:00,87f82783-853b-417d-8964-b5cf11e44873,41.035567,21.337528,pressure,952
2026-02-27T12:56:54+01:00,87f82783-853b-417d-8964-b5cf11e44873,41.035567,21.337528,temperature,15
2026-02-27T13:12:25+01:00,87f82783-853b-417d-8964-b5cf11e44873,41.035567,21.337528,gasResistance,244782
2026-02-27T13:12:25+01:00,87f82783-853b-417d-8964-b5cf11e44873,41.035567,21.337528,humidity,36
2026-02-27T13:12:25+01:00,87f82783-853b-417d-8964-b5cf11e44873,41.035567,21.337528,noise,11
2026-02-27T13:12:25+01:00,87f82783-853b-417d-8964-b5cf11e44873,41.035567,21.337528,noise_dba,24
2026-02-27T13:12:25+01:00,87f82783-853b-417d-8964-b5cf11e44873,41.035567,21.337528,pm10,5
2026-02-27T13:12:25+01:00,87f82783-853b-417d-8964-b5cf11e44873,41.035567,21.337528,pm25,3
2026-02-27T13:12:25+01:00,87f82783-853b-417d-8964-b5cf11e44873,41.035567,21.337528,pressure,952
2026-02-27T13:12:25+01:00,87f82783-853b-417d-8964-b5cf11e44873,41.035567,21.337528,temperature,16
2026-02-27T13:27:57+01:00,87f82783-853b-417d-8964-b5cf11e44873,41.035567,21.337528,gasResistance,248821
2026-02-27T13:27:57+01:00,87f82783-853b-417d-8964-b5cf11e44873,41.035567,21.337528,humidity,33
2026-02-27T13:27:57+01:00,87f82783-853b-417d-8964-b5cf11e44873,41.035567,21.337528,noise,11
2026-02-27T13:27:57+01:00,87f82783-853b-417d-8964-b5cf11e44873,41.035567,21.337528,noise_dba,24
2026-02-27T13:27:57+01:00,87f82783-853b-417d-8964-b5cf11e44873,41.035567,21.337528,pm10,2
2026-02-27T13:27:57+01:00,87f82783-853b-417d-8964-b5cf11e44873,41.035567,21.337528,pm25,1
2026-02-27T13:27:57+01:00,87f82783-853b-417d-8964-b5cf11e44873,41.035567,21.337528,pressure,952
2026-02-27T13:27:57+01:00,87f82783-853b-417d-8964-b5cf11e44873,41.035567,21.337528,temperature,17
2026-02-27T13:43:30+01:00,87f82783-853b-417d-8964-b5cf11e44873,41.035567,21.337528,gasResistance,255134
2026-02-27T13:43:30+01:00,87f82783-853b-417d-8964-b5cf11e44873,41.035567,21.337528,humidity,32
2026-02-27T13:43:30+01:00,87f82783-853b-417d-8964-b5cf11e44873,41.035567,21.337528,noise,11
2026-02-27T13:43:30+01:00,87f82783-853b-417d-8964-b5cf11e44873,41.035567,21.337528,noise_dba,24
2026-02-27T13:43:30+01:00,87f82783-853b-417d-8964-b5cf11e44873,41.035567,21.337528,pm10,22
2026-02-27T13:43:30+01:00,87f82783-853b-417d-8964-b5cf11e44873,41.035567,21.337528,pm25,10
2026-02-27T13:43:30+01:00,87f82783-853b-417d-8964-b5cf11e44873,41.035567,21.337528,pressure,951
2026-02-27T13:43:30+01:00,87f82783-853b-417d-8964-b5cf11e44873,41.035567,21.337528,temperature,17
2026-02-27T13:59:02+01:00,87f82783-853b-417d-8964-b5cf11e44873,41.035567,21.337528,gasResistance,260135
2026-02-27T13:59:02+01:00,87f82783-853b-417d-8964-b5cf11e44873,41.035567,21.337528,humidity,29
2026-02-27T13:59:02+01:00,87f82783-853b-417d-8964-b5cf11e44873,41.035567,21.337528,noise,12
2026-02-27T13:59:02+01:00,87f82783-853b-417d-8964-b5cf11e44873,41.035567,21.337528,noise_dba,25
2026-02-27T13:59:02+01:00,87f82783-853b-417d-8964-b5cf11e44873,41.035567,21.337528,pm10,94
2026-02-27T13:59:02+01:00,87f82783-853b-417d-8964-b5cf11e44873,41.035567,21.337528,pm25,42
2026-02-27T13:59:02+01:00,87f82783-853b-417d-8964-b5cf11e44873,41.035567,21.337528,pressure,951
2026-02-27T13:59:02+01:00,87f82783-853b-417d-8964-b5cf11e44873,41.035567,21.337528,temperature,17
2026-02-27T14:14:33+01:00,87f82783-853b-417d-8964-b5cf11e44873,41.035567,21.337528,gasResistance,262398
2026-02-27T14:14:33+01:00,87f82783-853b-417d-8964-b5cf11e44873,41.035567,21.337528,humidity,27
2026-02-27T14:14:33+01:00,87f82783-853b-417d-8964-b5cf11e44873,41.035567,21.337528,noise,11
2026-02-27T14:14:33+01:00,87f82783-853b-417d-8964-b5cf11e44873,41.035567,21.337528,noise_dba,24
2026-02-27T14:14:33+01:00,87f82783-853b-417d-8964-b5cf11e44873,41.035567,21.337528,pm10,9
2026-02-27T14:14:33+01:00,87f82783-853b-417d-8964-b5cf11e44873,41.035567,21.337528,pm25,4
2026-02-27T14:14:33+01:00,87f82783-853b-417d-8964-b5cf11e44873,41.035567,21.337528,pressure,951
2026-02-27T14:14:33+01:00,87f82783-853b-417d-8964-b5cf11e44873,41.035567,21.337528,temperature,18
2026-02-27T14:30:04+01:00,87f82783-853b-417d-8964-b5cf11e44873,41.035567,21.337528,gasResistance,267475
2026-02-27T14:30:04+01:00,87f82783-853b-417d-8964-b5cf11e44873,41.035567,21.337528,humidity,27
2026-02-27T14:30:04+01:00,87f82783-853b-417d-8964-b5cf11e44873,41.035567,21.337528,noise,12
2026-02-27T14:30:04+01:00,87f82783-853b-417d-8964-b5cf11e44873,41.035567,21.337528,noise_dba,25
2026-02-27T14:30:04+01:00,87f82783-853b-417d-8964-b5cf11e44873,41.035567,21.337528,pm10,9
2026-02-27T14:30:04+01:00,87f82783-853b-417d-8964-b5cf11e44873,41.035567,21.337528,pm25,5
2026-02-27T14:30:04+01:00,87f82783-853b-417d-8964-b5cf11e44873,41.035567,21.337528,pressure,951
2026-02-27T14:30:04+01:00,87f82783-853b-417d-8964-b5cf11e44873,41.035567,21.337528,temperature,18
2026-02-27T14:45:36+01:00,87f82783-853b-417d-8964-b5cf11e44873,41.035567,21.337528,gasResistance,276387
2026-02-27T14:45:36+01:00,87f82783-853b-417d-8964-b5cf11e44873,41.035567,21.337528,humidity,23
2026-02-27T14:45:36+01:00,87f82783-853b-417d-8964-b5cf11e44873,41.035567,21.337528,noise,13
2026-02-27T14:45:36+01:00,87f82783-853b-417d-8964-b5cf11e44873,41.035567,21.337528,noise_dba,27
2026-02-27T14:45:36+01:00,87f82783-853b-417d-8964-b5cf11e44873,41.035567,21.337528,pm10,14
2026-02-27T14:45:36+01:00,87f82783-853b-417d-8964-b5cf11e44873,41.035567,21.337528,pm25,6
2026-02-27T14:45:36+01:00,87f82783-853b-417d-8964-b5cf11e44873,41.035567,21.337528,pressure,951
2026-02-27T14:45:36+01:00,87f82783-853b-417d-8964-b5cf11e44873,41.035567,21.337528,temperature,18
2026-02-27T15:01:07+01:00,87f82783-853b-417d-8964-b5cf11e44873,41.035567,21.337528,gasResistance,278008
2026-02-27T15:01:07+01:00,87f82783-853b-417d-8964-b5cf11e44873,41.035567,21.337528,humidity,25
2026-02-27T15:01:07+01:00,87f82783-853b-417d-8964-b5cf11e44873,41.035567,21.337528,noise,14
2026-02-27T15:01:07+01:00,87f82783-853b-417d-8964-b5cf11e44873,41.035567,21.337528,noise_dba,28
2026-02-27T15:01:07+01:00,87f82783-853b-417d-8964-b5cf11e44873,41.035567,21.337528,pm10,6
2026-02-27T15:01:07+01:00,87f82783-853b-417d-8964-b5cf11e44873,41.035567,21.337528,pm25,2
2026-02-27T15:01:07+01:00,87f82783-853b-417d-8964-b5cf11e44873,41.035567,21.337528,pressure,951
2026-02-27T15:01:07+01:00,87f82783-853b-417d-8964-b5cf11e44873,41.035567,21.337528,temperature,19
2026-02-27T15:16:38+01:00,87f82783-853b-417d-8964-b5cf11e44873,41.035567,21.337528,gasResistance,284931
2026-02-27T15:16:38+01:00,87f82783-853b-417d-8964-b5cf11e44873,41.035567,21.337528,humidity,24
2026-02-27T15:16:38+01:00,87f82783-853b-417d-8964-b5cf11e44873,41.035567,21.337528,noise,14
2026-02-27T15:16:38+01:00,87f82783-853b-417d-8964-b5cf11e44873,41.035567,21.337528,noise_dba,28
2026-02-27T15:16:38+01:00,87f82783-853b-417d-8964-b5cf11e44873,41.035567,21.337528,pm10,6
2026-02-27T15:16:38+01:00,87f82783-853b-417d-8964-b5cf11e44873,41.035567,21.337528,pm25,3
2026-02-27T15:16:38+01:00,87f82783-853b-417d-8964-b5cf11e44873,41.035567,21.337528,pressure,950
2026-02-27T15:16:38+01:00,87f82783-853b-417d-8964-b5cf11e44873,41.035567,21.337528,temperature,19
2026-02-27T15:32:10+01:00,87f82783-853b-417d-8964-b5cf11e44873,41.035567,21.337528,gasResistance,293760
2026-02-27T15:32:10+01:00,87f82783-853b-417d-8964-b5cf11e44873,41.035567,21.337528,humidity,22
2026-02-27T15:32:10+01:00,87f82783-853b-417d-8964-b5cf11e44873,41.035567,21.337528,noise,13
2026-02-27T15:32:10+01:00,87f82783-853b-417d-8964-b5cf11e44873,41.035567,21.337528,noise_dba,27
2026-02-27T15:32:10+01:00,87f82783-853b-417d-8964-b5cf11e44873,41.035567,21.337528,pm10,16
2026-02-27T15:32:10+01:00,87f82783-853b-417d-8964-b5cf11e44873,41.035567,21.337528,pm25,10
2026-02-27T15:32:10+01:00,87f82783-853b-417d-8964-b5cf11e44873,41.035567,21.337528,pressure,950
2026-02-27T15:32:10+01:00,87f82783-853b-417d-8964-b5cf11e44873,41.035567,21.337528,temperature,19
2026-02-27T15:47:42+01:00,87f82783-853b-417d-8964-b5cf11e44873,41.035567,21.337528,gasResistance,297181
2026-02-27T15:47:42+01:00,87f82783-853b-417d-8964-b5cf11e44873,41.035567,21.337528,humidity,23
2026-02-27T15:47:42+01:00,87f82783-853b-417d-8964-b5cf11e44873,41.035567,21.337528,noise,11
2026-02-27T15:47:42+01:00,87f82783-853b-417d-8964-b5cf11e44873,41.035567,21.337528,noise_dba,24
2026-02-27T15:47:42+01:00,87f82783-853b-417d-8964-b5cf11e44873,41.035567,21.337528,pm10,7
2026-02-27T15:47:42+01:00,87f82783-853b-417d-8964-b5cf11e44873,41.035567,21.337528,pm25,4
2026-02-27T15:47:42+01:00,87f82783-853b-417d-8964-b5cf11e44873,41.035567,21.337528,pressure,950
2026-02-27T15:47:42+01:00,87f82783-853b-417d-8964-b5cf11e44873,41.035567,21.337528,temperature,19
2026-02-27T16:03:14+01:00,87f82783-853b-417d-8964-b5cf11e44873,41.035567,21.337528,gasResistance,300138
2026-02-27T16:03:14+01:00,87f82783-853b-417d-8964-b5cf11e44873,41.035567,21.337528,humidity,23
2026-02-27T16:03:14+01:00,87f82783-853b-417d-8964-b5cf11e44873,41.035567,21.337528,noise,12
2026-02-27T16:03:14+01:00,87f82783-853b-417d-8964-b5cf11e44873,41.035567,21.337528,noise_dba,25
2026-02-27T16:03:14+01:00,87f82783-853b-417d-8964-b5cf11e44873,41.035567,21.337528,pm10,12
2026-02-27T16:03:14+01:00,87f82783-853b-417d-8964-b5cf11e44873,41.035567,21.337528,pm25,6
2026-02-27T16:03:14+01:00,87f82783-853b-417d-8964-b5cf11e44873,41.035567,21.337528,pressure,950
2026-02-27T16:03:14+01:00,87f82783-853b-417d-8964-b5cf11e44873,41.035567,21.337528,temperature,19
2026-02-27T16:18:45+01:00,87f82783-853b-417d-8964-b5cf11e44873,41.035567,21.337528,gasResistance,298518
2026-02-27T16:18:45+01:00,87f82783-853b-417d-8964-b5cf11e44873,41.035567,21.337528,humidity,25
2026-02-27T16:18:45+01:00,87f82783-853b-417d-8964-b5cf11e44873,41.035567,21.337528,noise,12
2026-02-27T16:18:45+01:00,87f82783-853b-417d-8964-b5cf11e44873,41.035567,21.337528,noise_dba,25
2026-02-27T16:18:45+01:00,87f82783-853b-417d-8964-b5cf11e44873,41.035567,21.337528,pm10,8
2026-02-27T16:18:45+01:00,87f82783-853b-417d-8964-b5cf11e44873,41.035567,21.337528,pm25,4
2026-02-27T16:18:45+01:00,87f82783-853b-417d-8964-b5cf11e44873,41.035567,21.337528,pressure,950
2026-02-27T16:18:45+01:00,87f82783-853b-417d-8964-b5cf11e44873,41.035567,21.337528,temperature,19
2026-02-27T16:34:17+01:00,87f82783-853b-417d-8964-b5cf11e44873,41.035567,21.337528,gasResistance,296915
2026-02-27T16:34:17+01:00,87f82783-853b-417d-8964-b5cf11e44873,41.035567,21.337528,humidity,25
2026-02-27T16:34:17+01:00,87f82783-853b-417d-8964-b5cf11e44873,41.035567,21.337528,noise,11
2026-02-27T16:34:17+01:00,87f82783-853b-417d-8964-b5cf11e44873,41.035567,21.337528,noise_dba,24
2026-02-27T16:34:17+01:00,87f82783-853b-417d-8964-b5cf11e44873,41.035567,21.337528,pm10,4
2026-02-27T16:34:17+01:00,87f82783-853b-417d-8964-b5cf11e44873,41.035567,21.337528,pm25,2
2026-02-27T16:34:17+01:00,87f82783-853b-417d-8964-b5cf11e44873,41.035567,21.337528,pressure,950
2026-02-27T16:34:17+01:00,87f82783-853b-417d-8964-b5cf11e44873,41.035567,21.337528,temperature,18
2026-02-27T16:49:48+01:00,87f82783-853b-417d-8964-b5cf11e44873,41.035567,21.337528,gasResistance,296384
2026-02-27T16:49:48+01:00,87f82783-853b-417d-8964-b5cf11e44873,41.035567,21.337528,humidity,27
2026-02-27T16:49:48+01:00,87f82783-853b-417d-8964-b5cf11e44873,41.035567,21.337528,noise,11
2026-02-27T16:49:48+01:00,87f82783-853b-417d-8964-b5cf11e44873,41.035567,21.337528,noise_dba,24
2026-02-27T16:49:48+01:00,87f82783-853b-417d-8964-b5cf11e44873,41.035567,21.337528,pm10,15
2026-02-27T16:49:48+01:00,87f82783-853b-417d-8964-b5cf11e44873,41.035567,21.337528,pm25,9
2026-02-27T16:49:48+01:00,87f82783-853b-417d-8964-b5cf11e44873,41.035567,21.337528,pressure,950
2026-02-27T16:49:48+01:00,87f82783-853b-417d-8964-b5cf11e44873,41.035567,21.337528,temperature,18
2026-02-27T17:05:20+01:00,87f82783-853b-417d-8964-b5cf11e44873,41.035567,21.337528,gasResistance,285667
2026-02-27T17:05:20+01:00,87f82783-853b-417d-8964-b5cf11e44873,41.035567,21.337528,humidity,28
2026-02-27T17:05:20+01:00,87f82783-853b-417d-8964-b5cf11e44873,41.035567,21.337528,noise,11
2026-02-27T17:05:20+01:00,87f82783-853b-417d-8964-b5cf11e44873,41.035567,21.337528,noise_dba,24
2026-02-27T17:05:20+01:00,87f82783-853b-417d-8964-b5cf11e44873,41.035567,21.337528,pm10,83
2026-02-27T17:05:20+01:00,87f82783-853b-417d-8964-b5cf11e44873,41.035567,21.337528,pm25,51
2026-02-27T17:05:20+01:00,87f82783-853b-417d-8964-b5cf11e44873,41.035567,21.337528,pressure,950
2026-02-27T17:05:20+01:00,87f82783-853b-417d-8964-b5cf11e44873,41.035567,21.337528,temperature,18
2026-02-27T17:20:51+01:00,87f82783-853b-417d-8964-b5cf11e44873,41.035567,21.337528,gasResistance,268557
2026-02-27T17:20:51+01:00,87f82783-853b-417d-8964-b5cf11e44873,41.035567,21.337528,humidity,30
2026-02-27T17:20:51+01:00,87f82783-853b-417d-8964-b5cf11e44873,41.035567,21.337528,noise,11
2026-02-27T17:20:51+01:00,87f82783-853b-417d-8964-b5cf11e44873,41.035567,21.337528,noise_dba,24
2026-02-27T17:20:51+01:00,87f82783-853b-417d-8964-b5cf11e44873,41.035567,21.337528,pm10,88
2026-02-27T17:20:51+01:00,87f82783-853b-417d-8964-b5cf11e44873,41.035567,21.337528,pm25,60
2026-02-27T17:20:51+01:00,87f82783-853b-417d-8964-b5cf11e44873,41.035567,21.337528,pressure,950
2026-02-27T17:20:51+01:00,87f82783-853b-417d-8964-b5cf11e44873,41.035567,21.337528,temperature,17
2026-02-27T17:36:24+01:00,87f82783-853b-417d-8964-b5cf11e44873,41.035567,21.337528,gasResistance,246418
2026-02-27T17:36:24+01:00,87f82783-853b-417d-8964-b5cf11e44873,41.035567,21.337528,humidity,33
2026-02-27T17:36:24+01:00,87f82783-853b-417d-8964-b5cf11e44873,41.035567,21.337528,noise,12
2026-02-27T17:36:24+01:00,87f82783-853b-417d-8964-b5cf11e44873,41.035567,21.337528,noise_dba,25
2026-02-27T17:36:24+01:00,87f82783-853b-417d-8964-b5cf11e44873,41.035567,21.337528,pm10,76
2026-02-27T17:36:24+01:00,87f82783-853b-417d-8964-b5cf11e44873,41.035567,21.337528,pm25,48
2026-02-27T17:36:24+01:00,87f82783-853b-417d-8964-b5cf11e44873,41.035567,21.337528,pressure,950
2026-02-27T17:36:24+01:00,87f82783-853b-417d-8964-b5cf11e44873,41.035567,21.337528,temperature,16
2026-02-27T17:51:55+01:00,87f82783-853b-417d-8964-b5cf11e44873,41.035567,21.337528,gasResistance,226409
2026-02-27T17:51:55+01:00,87f82783-853b-417d-8964-b5cf11e44873,41.035567,21.337528,humidity,34
2026-02-27T17:51:55+01:00,87f82783-853b-417d-8964-b5cf11e44873,41.035567,21.337528,noise,12
2026-02-27T17:51:55+01:00,87f82783-853b-417d-8964-b5cf11e44873,41.035567,21.337528,noise_dba,25
2026-02-27T17:51:55+01:00,87f82783-853b-417d-8964-b5cf11e44873,41.035567,21.337528,pm10,129
2026-02-27T17:51:55+01:00,87f82783-853b-417d-8964-b5cf11e44873,41.035567,21.337528,pm25,80
2026-02-27T17:51:55+01:00,87f82783-853b-417d-8964-b5cf11e44873,41.035567,21.337528,pressure,950
2026-02-27T17:51:55+01:00,87f82783-853b-417d-8964-b5cf11e44873,41.035567,21.337528,temperature,16
2026-02-27T18:07:27+01:00,87f82783-853b-417d-8964-b5cf11e44873,41.035567,21.337528,gasResistance,208878
2026-02-27T18:07:27+01:00,87f82783-853b-417d-8964-b5cf11e44873,41.035567,21.337528,humidity,36
2026-02-27T18:07:27+01:00,87f82783-853b-417d-8964-b5cf11e44873,41.035567,21.337528,noise,12
2026-02-27T18:07:27+01:00,87f82783-853b-417d-8964-b5cf11e44873,41.035567,21.337528,noise_dba,25
2026-02-27T18:07:27+01:00,87f82783-853b-417d-8964-b5cf11e44873,41.035567,21.337528,pm10,126
2026-02-27T18:07:27+01:00,87f82783-853b-417d-8964-b5cf11e44873,41.035567,21.337528,pm25,80
2026-02-27T18:07:27+01:00,87f82783-853b-417d-8964-b5cf11e44873,41.035567,21.337528,pressure,950
2026-02-27T18:07:27+01:00,87f82783-853b-417d-8964-b5cf11e44873,41.035567,21.337528,temperature,15
2026-02-27T18:23:00+01:00,87f82783-853b-417d-8964-b5cf11e44873,41.035567,21.337528,gasResistance,197560
2026-02-27T18:23:00+01:00,87f82783-853b-417d-8964-b5cf11e44873,41.035567,21.337528,humidity,37
2026-02-27T18:23:00+01:00,87f82783-853b-417d-8964-b5cf11e44873,41.035567,21.337528,noise,12
2026-02-27T18:23:00+01:00,87f82783-853b-417d-8964-b5cf11e44873,41.035567,21.337528,noise_dba,25
2026-02-27T18:23:00+01:00,87f82783-853b-417d-8964-b5cf11e44873,41.035567,21.337528,pm10,103
2026-02-27T18:23:00+01:00,87f82783-853b-417d-8964-b5cf11e44873,41.035567,21.337528,pm25,63
2026-02-27T18:23:00+01:00,87f82783-853b-417d-8964-b5cf11e44873,41.035567,21.337528,pressure,950
2026-02-27T18:23:00+01:00,87f82783-853b-417d-8964-b5cf11e44873,41.035567,21.337528,temperature,15
2026-02-27T18:38:31+01:00,87f82783-853b-417d-8964-b5cf11e44873,41.035567,21.337528,gasResistance,196740
2026-02-27T18:38:31+01:00,87f82783-853b-417d-8964-b5cf11e44873,41.035567,21.337528,humidity,37
2026-02-27T18:38:31+01:00,87f82783-853b-417d-8964-b5cf11e44873,41.035567,21.337528,noise,11
2026-02-27T18:38:31+01:00,87f82783-853b-417d-8964-b5cf11e44873,41.035567,21.337528,noise_dba,24
2026-02-27T18:38:31+01:00,87f82783-853b-417d-8964-b5cf11e44873,41.035567,21.337528,pm10,61
2026-02-27T18:38:31+01:00,87f82783-853b-417d-8964-b5cf11e44873,41.035567,21.337528,pm25,42
2026-02-27T18:38:31+01:00,87f82783-853b-417d-8964-b5cf11e44873,41.035567,21.337528,pressure,950
2026-02-27T18:38:31+01:00,87f82783-853b-417d-8964-b5cf11e44873,41.035567,21.337528,temperature,14
2026-02-27T18:54:03+01:00,87f82783-853b-417d-8964-b5cf11e44873,41.035567,21.337528,gasResistance,194093
2026-02-27T18:54:03+01:00,87f82783-853b-417d-8964-b5cf11e44873,41.035567,21.337528,humidity,39
2026-02-27T18:54:03+01:00,87f82783-853b-417d-8964-b5cf11e44873,41.035567,21.337528,noise,12
2026-02-27T18:54:03+01:00,87f82783-853b-417d-8964-b5cf11e44873,41.035567,21.337528,noise_dba,25
2026-02-27T18:54:03+01:00,87f82783-853b-417d-8964-b5cf11e44873,41.035567,21.337528,pm10,67
2026-02-27T18:54:03+01:00,87f82783-853b-417d-8964-b5cf11e44873,41.035567,21.337528,pm25,45
2026-02-27T18:54:03+01:00,87f82783-853b-417d-8964-b5cf11e44873,41.035567,21.337528,pressure,950
2026-02-27T18:54:03+01:00,87f82783-853b-417d-8964-b5cf11e44873,41.035567,21.337528,temperature,14
2026-02-27T19:09:34+01:00,87f82783-853b-417d-8964-b5cf11e44873,41.035567,21.337528,gasResistance,188471
2026-02-27T19:09:34+01:00,87f82783-853b-417d-8964-b5cf11e44873,41.035567,21.337528,humidity,40
2026-02-27T19:09:34+01:00,87f82783-853b-417d-8964-b5cf11e44873,41.035567,21.337528,noise,11
2026-02-27T19:09:34+01:00,87f82783-853b-417d-8964-b5cf11e44873,41.035567,21.337528,noise_dba,24
2026-02-27T19:09:34+01:00,87f82783-853b-417d-8964-b5cf11e44873,41.035567,21.337528,pm10,150
2026-02-27T19:09:34+01:00,87f82783-853b-417d-8964-b5cf11e44873,41.035567,21.337528,pm25,84
2026-02-27T19:09:34+01:00,87f82783-853b-417d-8964-b5cf11e44873,41.035567,21.337528,pressure,950
2026-02-27T19:09:34+01:00,87f82783-853b-417d-8964-b5cf11e44873,41.035567,21.337528,temperature,14
2026-02-27T19:25:06+01:00,87f82783-853b-417d-8964-b5cf11e44873,41.035567,21.337528,gasResistance,185440
2026-02-27T19:25:06+01:00,87f82783-853b-417d-8964-b5cf11e44873,41.035567,21.337528,humidity,40
2026-02-27T19:25:06+01:00,87f82783-853b-417d-8964-b5cf11e44873,41.035567,21.337528,noise,11
2026-02-27T19:25:06+01:00,87f82783-853b-417d-8964-b5cf11e44873,41.035567,21.337528,noise_dba,24
2026-02-27T19:25:06+01:00,87f82783-853b-417d-8964-b5cf11e44873,41.035567,21.337528,pm10,96
2026-02-27T19:25:06+01:00,87f82783-853b-417d-8964-b5cf11e44873,41.035567,21.337528,pm25,64
2026-02-27T19:25:06+01:00,87f82783-853b-417d-8964-b5cf11e44873,41.035567,21.337528,pressure,950
2026-02-27T19:25:06+01:00,87f82783-853b-417d-8964-b5cf11e44873,41.035567,21.337528,temperature,13
2026-02-27T19:40:39+01:00,87f82783-853b-417d-8964-b5cf11e44873,41.035567,21.337528,gasResistance,176148
2026-02-27T19:40:39+01:00,87f82783-853b-417d-8964-b5cf11e44873,41.035567,21.337528,humidity,42
2026-02-27T19:40:39+01:00,87f82783-853b-417d-8964-b5cf11e44873,41.035567,21.337528,noise,11
2026-02-27T19:40:39+01:00,87f82783-853b-417d-8964-b5cf11e44873,41.035567,21.337528,noise_dba,24
2026-02-27T19:40:39+01:00,87f82783-853b-417d-8964-b5cf11e44873,41.035567,21.337528,pm10,102
2026-02-27T19:40:39+01:00,87f82783-853b-417d-8964-b5cf11e44873,41.035567,21.337528,pm25,62
2026-02-27T19:40:39+01:00,87f82783-853b-417d-8964-b5cf11e44873,41.035567,21.337528,pressure,950
2026-02-27T19:40:39+01:00,87f82783-853b-417d-8964-b5cf11e44873,41.035567,21.337528,temperature,13
2026-02-27T19:56:11+01:00,87f82783-853b-417d-8964-b5cf11e44873,41.035567,21.337528,gasResistance,175598
2026-02-27T19:56:11+01:00,87f82783-853b-417d-8964-b5cf11e44873,41.035567,21.337528,humidity,42
2026-02-27T19:56:11+01:00,87f82783-853b-417d-8964-b5cf11e44873,41.035567,21.337528,noise,11
2026-02-27T19:56:11+01:00,87f82783-853b-417d-8964-b5cf11e44873,41.035567,21.337528,noise_dba,24
2026-02-27T19:56:11+01:00,87f82783-853b-417d-8964-b5cf11e44873,41.035567,21.337528,pm10,61
2026-02-27T19:56:11+01:00,87f82783-853b-417d-8964-b5cf11e44873,41.035567,21.337528,pm25,39
2026-02-27T19:56:11+01:00,87f82783-853b-417d-8964-b5cf11e44873,41.035567,21.337528,pressure,951
2026-02-27T19:56:11+01:00,87f82783-853b-417d-8964-b5cf11e44873,41.035567,21.337528,temperature,13
2026-02-27T20:11:42+01:00,87f82783-853b-417d-8964-b5cf11e44873,41.035567,21.337528,gasResistance,173077
2026-02-27T20:11:42+01:00,87f82783-853b-417d-8964-b5cf11e44873,41.035567,21.337528,humidity,43
2026-02-27T20:11:42+01:00,87f82783-853b-417d-8964-b5cf11e44873,41.035567,21.337528,noise,12
2026-02-27T20:11:42+01:00,87f82783-853b-417d-8964-b5cf11e44873,41.035567,21.337528,noise_dba,25
2026-02-27T20:11:42+01:00,87f82783-853b-417d-8964-b5cf11e44873,41.035567,21.337528,pm10,75
2026-02-27T20:11:42+01:00,87f82783-853b-417d-8964-b5cf11e44873,41.035567,21.337528,pm25,51
2026-02-27T20:11:42+01:00,87f82783-853b-417d-8964-b5cf11e44873,41.035567,21.337528,pressure,951
2026-02-27T20:11:42+01:00,87f82783-853b-417d-8964-b5cf11e44873,41.035567,21.337528,temperature,12
2026-02-27T20:27:14+01:00,87f82783-853b-417d-8964-b5cf11e44873,41.035567,21.337528,gasResistance,169940
2026-02-27T20:27:14+01:00,87f82783-853b-417d-8964-b5cf11e44873,41.035567,21.337528,humidity,44
2026-02-27T20:27:14+01:00,87f82783-853b-417d-8964-b5cf11e44873,41.035567,21.337528,noise,12
2026-02-27T20:27:14+01:00,87f82783-853b-417d-8964-b5cf11e44873,41.035567,21.337528,noise_dba,25
2026-02-27T20:27:14+01:00,87f82783-853b-417d-8964-b5cf11e44873,41.035567,21.337528,pm10,61
2026-02-27T20:27:14+01:00,87f82783-853b-417d-8964-b5cf11e44873,41.035567,21.337528,pm25,35
2026-02-27T20:27:14+01:00,87f82783-853b-417d-8964-b5cf11e44873,41.035567,21.337528,pressure,951
2026-02-27T20:27:14+01:00,87f82783-853b-417d-8964-b5cf11e44873,41.035567,21.337528,temperature,12
2026-02-27T20:42:46+01:00,87f82783-853b-417d-8964-b5cf11e44873,41.035567,21.337528,gasResistance,170973
2026-02-27T20:42:46+01:00,87f82783-853b-417d-8964-b5cf11e44873,41.035567,21.337528,humidity,44
2026-02-27T20:42:46+01:00,87f82783-853b-417d-8964-b5cf11e44873,41.035567,21.337528,noise,11
2026-02-27T20:42:46+01:00,87f82783-853b-417d-8964-b5cf11e44873,41.035567,21.337528,noise_dba,24
2026-02-27T20:42:46+01:00,87f82783-853b-417d-8964-b5cf11e44873,41.035567,21.337528,pm10,67
2026-02-27T20:42:46+01:00,87f82783-853b-417d-8964-b5cf11e44873,41.035567,21.337528,pm25,42
2026-02-27T20:42:46+01:00,87f82783-853b-417d-8964-b5cf11e44873,41.035567,21.337528,pressure,951
2026-02-27T20:42:46+01:00,87f82783-853b-417d-8964-b5cf11e44873,41.035567,21.337528,temperature,12
2026-02-27T20:58:17+01:00,87f82783-853b-417d-8964-b5cf11e44873,41.035567,21.337528,gasResistance,172370
2026-02-27T20:58:17+01:00,87f82783-853b-417d-8964-b5cf11e44873,41.035567,21.337528,humidity,44
2026-02-27T20:58:17+01:00,87f82783-853b-417d-8964-b5cf11e44873,41.035567,21.337528,noise,11
2026-02-27T20:58:17+01:00,87f82783-853b-417d-8964-b5cf11e44873,41.035567,21.337528,noise_dba,24
2026-02-27T20:58:17+01:00,87f82783-853b-417d-8964-b5cf11e44873,41.035567,21.337528,pm10,77
2026-02-27T20:58:17+01:00,87f82783-853b-417d-8964-b5cf11e44873,41.035567,21.337528,pm25,42
2026-02-27T20:58:17+01:00,87f82783-853b-417d-8964-b5cf11e44873,41.035567,21.337528,pressure,951
2026-02-27T20:58:17+01:00,87f82783-853b-417d-8964-b5cf11e44873,41.035567,21.337528,temperature,12
2026-02-27T21:13:49+01:00,87f82783-853b-417d-8964-b5cf11e44873,41.035567,21.337528,gasResistance,170111
2026-02-27T21:13:49+01:00,87f82783-853b-417d-8964-b5cf11e44873,41.035567,21.337528,humidity,46
2026-02-27T21:13:49+01:00,87f82783-853b-417d-8964-b5cf11e44873,41.035567,21.337528,noise,11
2026-02-27T21:13:49+01:00,87f82783-853b-417d-8964-b5cf11e44873,41.035567,21.337528,noise_dba,24
2026-02-27T21:13:49+01:00,87f82783-853b-417d-8964-b5cf11e44873,41.035567,21.337528,pm10,73
2026-02-27T21:13:49+01:00,87f82783-853b-417d-8964-b5cf11e44873,41.035567,21.337528,pm25,43
2026-02-27T21:13:49+01:00,87f82783-853b-417d-8964-b5cf11e44873,41.035567,21.337528,pressure,951
2026-02-27T21:13:49+01:00,87f82783-853b-417d-8964-b5cf11e44873,41.035567,21.337528,temperature,11
2026-02-27T21:29:20+01:00,87f82783-853b-417d-8964-b5cf11e44873,41.035567,21.337528,gasResistance,168919
2026-02-27T21:29:20+01:00,87f82783-853b-417d-8964-b5cf11e44873,41.035567,21.337528,humidity,47
2026-02-27T21:29:20+01:00,87f82783-853b-417d-8964-b5cf11e44873,41.035567,21.337528,noise,11
2026-02-27T21:29:20+01:00,87f82783-853b-417d-8964-b5cf11e44873,41.035567,21.337528,noise_dba,24
2026-02-27T21:29:20+01:00,87f82783-853b-417d-8964-b5cf11e44873,41.035567,21.337528,pm10,80
2026-02-27T21:29:20+01:00,87f82783-853b-417d-8964-b5cf11e44873,41.035567,21.337528,pm25,47
2026-02-27T21:29:20+01:00,87f82783-853b-417d-8964-b5cf11e44873,41.035567,21.337528,pressure,951
2026-02-27T21:29:20+01:00,87f82783-853b-417d-8964-b5cf11e44873,41.035567,21.337528,temperature,11
2026-02-27T21:44:52+01:00,87f82783-853b-417d-8964-b5cf11e44873,41.035567,21.337528,gasResistance,166914
2026-02-27T21:44:52+01:00,87f82783-853b-417d-8964-b5cf11e44873,41.035567,21.337528,humidity,48
2026-02-27T21:44:52+01:00,87f82783-853b-417d-8964-b5cf11e44873,41.035567,21.337528,noise,11
2026-02-27T21:44:52+01:00,87f82783-853b-417d-8964-b5cf11e44873,41.035567,21.337528,noise_dba,24
2026-02-27T21:44:52+01:00,87f82783-853b-417d-8964-b5cf11e44873,41.035567,21.337528,pm10,73
2026-02-27T21:44:52+01:00,87f82783-853b-417d-8964-b5cf11e44873,41.035567,21.337528,pm25,43
2026-02-27T21:44:52+01:00,87f82783-853b-417d-8964-b5cf11e44873,41.035567,21.337528,pressure,951
2026-02-27T21:44:52+01:00,87f82783-853b-417d-8964-b5cf11e44873,41.035567,21.337528,temperature,11
2026-02-27T22:00:24+01:00,87f82783-853b-417d-8964-b5cf11e44873,41.035567,21.337528,gasResistance,163835
2026-02-27T22:00:24+01:00,87f82783-853b-417d-8964-b5cf11e44873,41.035567,21.337528,humidity,48
2026-02-27T22:00:24+01:00,87f82783-853b-417d-8964-b5cf11e44873,41.035567,21.337528,noise,11
2026-02-27T22:00:24+01:00,87f82783-853b-417d-8964-b5cf11e44873,41.035567,21.337528,noise_dba,24
2026-02-27T22:00:24+01:00,87f82783-853b-417d-8964-b5cf11e44873,41.035567,21.337528,pm10,54
2026-02-27T22:00:24+01:00,87f82783-853b-417d-8964-b5cf11e44873,41.035567,21.337528,pm25,32
2026-02-27T22:00:24+01:00,87f82783-853b-417d-8964-b5cf11e44873,41.035567,21.337528,pressure,951
2026-02-27T22:00:24+01:00,87f82783-853b-417d-8964-b5cf11e44873,41.035567,21.337528,temperature,11
2026-02-27T22:15:56+01:00,87f82783-853b-417d-8964-b5cf11e44873,41.035567,21.337528,gasResistance,164474
2026-02-27T22:15:56+01:00,87f82783-853b-417d-8964-b5cf11e44873,41.035567,21.337528,humidity,48
2026-02-27T22:15:56+01:00,87f82783-853b-417d-8964-b5cf11e44873,41.035567,21.337528,noise,11
2026-02-27T22:15:56+01:00,87f82783-853b-417d-8964-b5cf11e44873,41.035567,21.337528,noise_dba,24
2026-02-27T22:15:56+01:00,87f82783-853b-417d-8964-b5cf11e44873,41.035567,21.337528,pm10,48
2026-02-27T22:15:56+01:00,87f82783-853b-417d-8964-b5cf11e44873,41.035567,21.337528,pm25,28
2026-02-27T22:15:56+01:00,87f82783-853b-417d-8964-b5cf11e44873,41.035567,21.337528,pressure,951
2026-02-27T22:15:56+01:00,87f82783-853b-417d-8964-b5cf11e44873,41.035567,21.337528,temperature,11
2026-02-27T22:31:28+01:00,87f82783-853b-417d-8964-b5cf11e44873,41.035567,21.337528,gasResistance,165766
2026-02-27T22:31:28+01:00,87f82783-853b-417d-8964-b5cf11e44873,41.035567,21.337528,humidity,49
2026-02-27T22:31:28+01:00,87f82783-853b-417d-8964-b5cf11e44873,41.035567,21.337528,noise,11
2026-02-27T22:31:28+01:00,87f82783-853b-417d-8964-b5cf11e44873,41.035567,21.337528,noise_dba,24
2026-02-27T22:31:28+01:00,87f82783-853b-417d-8964-b5cf11e44873,41.035567,21.337528,pm10,71
2026-02-27T22:31:28+01:00,87f82783-853b-417d-8964-b5cf11e44873,41.035567,21.337528,pm25,40
2026-02-27T22:31:28+01:00,87f82783-853b-417d-8964-b5cf11e44873,41.035567,21.337528,pressure,951
2026-02-27T22:31:28+01:00,87f82783-853b-417d-8964-b5cf11e44873,41.035567,21.337528,temperature,10
2026-02-27T22:47:00+01:00,87f82783-853b-417d-8964-b5cf11e44873,41.035567,21.337528,gasResistance,164956
2026-02-27T22:47:00+01:00,87f82783-853b-417d-8964-b5cf11e44873,41.035567,21.337528,humidity,50
2026-02-27T22:47:00+01:00,87f82783-853b-417d-8964-b5cf11e44873,41.035567,21.337528,noise,11
2026-02-27T22:47:00+01:00,87f82783-853b-417d-8964-b5cf11e44873,41.035567,21.337528,noise_dba,24
2026-02-27T22:47:00+01:00,87f82783-853b-417d-8964-b5cf11e44873,41.035567,21.337528,pm10,83
2026-02-27T22:47:00+01:00,87f82783-853b-417d-8964-b5cf11e44873,41.035567,21.337528,pm25,52
2026-02-27T22:47:00+01:00,87f82783-853b-417d-8964-b5cf11e44873,41.035567,21.337528,pressure,952
2026-02-27T22:47:00+01:00,87f82783-853b-417d-8964-b5cf11e44873,41.035567,21.337528,temperature,10
2026-02-27T23:02:34+01:00,87f82783-853b-417d-8964-b5cf11e44873,41.035567,21.337528,gasResistance,164154
2026-02-27T23:02:34+01:00,87f82783-853b-417d-8964-b5cf11e44873,41.035567,21.337528,humidity,51
2026-02-27T23:02:34+01:00,87f82783-853b-417d-8964-b5cf11e44873,41.035567,21.337528,noise,11
2026-02-27T23:02:34+01:00,87f82783-853b-417d-8964-b5cf11e44873,41.035567,21.337528,noise_dba,24
2026-02-27T23:02:34+01:00,87f82783-853b-417d-8964-b5cf11e44873,41.035567,21.337528,pm10,42
2026-02-27T23:02:34+01:00,87f82783-853b-417d-8964-b5cf11e44873,41.035567,21.337528,pm25,25
2026-02-27T23:02:34+01:00,87f82783-853b-417d-8964-b5cf11e44873,41.035567,21.337528,pressure,952
2026-02-27T23:02:34+01:00,87f82783-853b-417d-8964-b5cf11e44873,41.035567,21.337528,temperature,10
2026-02-27T23:18:06+01:00,87f82783-853b-417d-8964-b5cf11e44873,41.035567,21.337528,gasResistance,167577
2026-02-27T23:18:06+01:00,87f82783-853b-417d-8964-b5cf11e44873,41.035567,21.337528,humidity,51
2026-02-27T23:18:06+01:00,87f82783-853b-417d-8964-b5cf11e44873,41.035567,21.337528,noise,11
2026-02-27T23:18:06+01:00,87f82783-853b-417d-8964-b5cf11e44873,41.035567,21.337528,noise_dba,24
2026-02-27T23:18:06+01:00,87f82783-853b-417d-8964-b5cf11e44873,41.035567,21.337528,pm10,28
2026-02-27T23:18:06+01:00,87f82783-853b-417d-8964-b5cf11e44873,41.035567,21.337528,pm25,14
2026-02-27T23:18:06+01:00,87f82783-853b-417d-8964-b5cf11e44873,41.035567,21.337528,pressure,952
2026-02-27T23:18:06+01:00,87f82783-853b-417d-8964-b5cf11e44873,41.035567,21.337528,temperature,10
2026-02-27T23:33:37+01:00,87f82783-853b-417d-8964-b5cf11e44873,41.035567,21.337528,gasResistance,173790
2026-02-27T23:33:37+01:00,87f82783-853b-417d-8964-b5cf11e44873,41.035567,21.337528,humidity,51
2026-02-27T23:33:37+01:00,87f82783-853b-417d-8964-b5cf11e44873,41.035567,21.337528,noise,11
2026-02-27T23:33:37+01:00,87f82783-853b-417d-8964-b5cf11e44873,41.035567,21.337528,noise_dba,24
2026-02-27T23:33:37+01:00,87f82783-853b-417d-8964-b5cf11e44873,41.035567,21.337528,pm10,32
2026-02-27T23:33:37+01:00,87f82783-853b-417d-8964-b5cf11e44873,41.035567,21.337528,pm25,19
2026-02-27T23:33:37+01:00,87f82783-853b-417d-8964-b5cf11e44873,41.035567,21.337528,pressure,952
2026-02-27T23:33:37+01:00,87f82783-853b-417d-8964-b5cf11e44873,41.035567,21.337528,temperature,9
2026-02-27T23:49:09+01:00,87f82783-853b-417d-8964-b5cf11e44873,41.035567,21.337528,gasResistance,177819
2026-02-27T23:49:09+01:00,87f82783-853b-417d-8964-b5cf11e44873,41.035567,21.337528,humidity,51
2026-02-27T23:49:09+01:00,87f82783-853b-417d-8964-b5cf11e44873,41.035567,21.337528,noise,11
2026-02-27T23:49:09+01:00,87f82783-853b-417d-8964-b5cf11e44873,41.035567,21.337528,noise_dba,24
2026-02-27T23:49:09+01:00,87f82783-853b-417d-8964-b5cf11e44873,41.035567,21.337528,pm10,34
2026-02-27T23:49:09+01:00,87f82783-853b-417d-8964-b5cf11e44873,41.035567,21.337528,pm25,17
2026-02-27T23:49:09+01:00,87f82783-853b-417d-8964-b5cf11e44873,41.035567,21.337528,pressure,952
2026-02-27T23:49:09+01:00,87f82783-853b-417d-8964-b5cf11e44873,41.035567,21.337528,temperature,9
2026-02-28T00:04:40+01:00,87f82783-853b-417d-8964-b5cf11e44873,41.035567,21.337528,gasResistance,182039
2026-02-28T00:04:40+01:00,87f82783-853b-417d-8964-b5cf11e44873,41.035567,21.337528,humidity,51
2026-02-28T00:04:40+01:00,87f82783-853b-417d-8964-b5cf11e44873,41.035567,21.337528,pm10,29
2026-02-28T00:04:40+01:00,87f82783-853b-417d-8964-b5cf11e44873,41.035567,21.337528,pm25,17
2026-02-28T00:04:40+01:00,87f82783-853b-417d-8964-b5cf11e44873,41.035567,21.337528,pressure,952
2026-02-28T00:04:40+01:00,87f82783-853b-417d-8964-b5cf11e44873,41.035567,21.337528,temperature,9
2026-02-28T00:20:12+01:00,87f82783-853b-417d-8964-b5cf11e44873,41.035567,21.337528,gasResistance,183824
2026-02-28T00:20:12+01:00,87f82783-853b-417d-8964-b5cf11e44873,41.035567,21.337528,humidity,52
2026-02-28T00:20:12+01:00,87f82783-853b-417d-8964-b5cf11e44873,41.035567,21.337528,noise,11
2026-02-28T00:20:12+01:00,87f82783-853b-417d-8964-b5cf11e44873,41.035567,21.337528,noise_dba,24
2026-02-28T00:20:12+01:00,87f82783-853b-417d-8964-b5cf11e44873,41.035567,21.337528,pm10,52
2026-02-28T00:20:12+01:00,87f82783-853b-417d-8964-b5cf11e44873,41.035567,21.337528,pm25,30
2026-02-28T00:20:12+01:00,87f82783-853b-417d-8964-b5cf11e44873,41.035567,21.337528,pressure,952
2026-02-28T00:20:12+01:00,87f82783-853b-417d-8964-b5cf11e44873,41.035567,21.337528,temperature,9
2026-02-28T00:35:43+01:00,87f82783-853b-417d-8964-b5cf11e44873,41.035567,21.337528,gasResistance,183824
2026-02-28T00:35:43+01:00,87f82783-853b-417d-8964-b5cf11e44873,41.035567,21.337528,humidity,53
2026-02-28T00:35:43+01:00,87f82783-853b-417d-8964-b5cf11e44873,41.035567,21.337528,noise,11
2026-02-28T00:35:43+01:00,87f82783-853b-417d-8964-b5cf11e44873,41.035567,21.337528,noise_dba,24
2026-02-28T00:35:43+01:00,87f82783-853b-417d-8964-b5cf11e44873,41.035567,21.337528,pm10,45
2026-02-28T00:35:43+01:00,87f82783-853b-417d-8964-b5cf11e44873,41.035567,21.337528,pm25,24
2026-02-28T00:35:43+01:00,87f82783-853b-417d-8964-b5cf11e44873,41.035567,21.337528,pressure,952
2026-02-28T00:35:43+01:00,87f82783-853b-417d-8964-b5cf11e44873,41.035567,21.337528,temperature,9
2026-02-28T00:51:15+01:00,87f82783-853b-417d-8964-b5cf11e44873,41.035567,21.337528,gasResistance,185728
2026-02-28T00:51:15+01:00,87f82783-853b-417d-8964-b5cf11e44873,41.035567,21.337528,humidity,53
2026-02-28T00:51:15+01:00,87f82783-853b-417d-8964-b5cf11e44873,41.035567,21.337528,noise,11
2026-02-28T00:51:15+01:00,87f82783-853b-417d-8964-b5cf11e44873,41.035567,21.337528,noise_dba,24
2026-02-28T00:51:15+01:00,87f82783-853b-417d-8964-b5cf11e44873,41.035567,21.337528,pm10,30
2026-02-28T00:51:15+01:00,87f82783-853b-417d-8964-b5cf11e44873,41.035567,21.337528,pm25,18
2026-02-28T00:51:15+01:00,87f82783-853b-417d-8964-b5cf11e44873,41.035567,21.337528,pressure,952
2026-02-28T00:51:15+01:00,87f82783-853b-417d-8964-b5cf11e44873,41.035567,21.337528,temperature,9
2026-02-28T01:06:47+01:00,87f82783-853b-417d-8964-b5cf11e44873,41.035567,21.337528,gasResistance,189981
2026-02-28T01:06:47+01:00,87f82783-853b-417d-8964-b5cf11e44873,41.035567,21.337528,humidity,53
2026-02-28T01:06:47+01:00,87f82783-853b-417d-8964-b5cf11e44873,41.035567,21.337528,pm10,47
2026-02-28T01:06:47+01:00,87f82783-853b-417d-8964-b5cf11e44873,41.035567,21.337528,pm25,24
2026-02-28T01:06:47+01:00,87f82783-853b-417d-8964-b5cf11e44873,41.035567,21.337528,pressure,952
2026-02-28T01:06:47+01:00,87f82783-853b-417d-8964-b5cf11e44873,41.035567,21.337528,temperature,8
2026-02-28T01:22:19+01:00,87f82783-853b-417d-8964-b5cf11e44873,41.035567,21.337528,gasResistance,192852
2026-02-28T01:22:19+01:00,87f82783-853b-417d-8964-b5cf11e44873,41.035567,21.337528,humidity,54
2026-02-28T01:22:19+01:00,87f82783-853b-417d-8964-b5cf11e44873,41.035567,21.337528,pm10,30
2026-02-28T01:22:19+01:00,87f82783-853b-417d-8964-b5cf11e44873,41.035567,21.337528,pm25,18
2026-02-28T01:22:19+01:00,87f82783-853b-417d-8964-b5cf11e44873,41.035567,21.337528,pressure,952
2026-02-28T01:22:19+01:00,87f82783-853b-417d-8964-b5cf11e44873,41.035567,21.337528,temperature,8
2026-02-28T01:37:50+01:00,87f82783-853b-417d-8964-b5cf11e44873,41.035567,21.337528,gasResistance,198506
2026-02-28T01:37:50+01:00,87f82783-853b-417d-8964-b5cf11e44873,41.035567,21.337528,humidity,54
2026-02-28T01:37:50+01:00,87f82783-853b-417d-8964-b5cf11e44873,41.035567,21.337528,pm10,29
2026-02-28T01:37:50+01:00,87f82783-853b-417d-8964-b5cf11e44873,41.035567,21.337528,pm25,15
2026-02-28T01:37:50+01:00,87f82783-853b-417d-8964-b5cf11e44873,41.035567,21.337528,pressure,952
2026-02-28T01:37:50+01:00,87f82783-853b-417d-8964-b5cf11e44873,41.035567,21.337528,temperature,8
2026-02-28T01:53:22+01:00,87f82783-853b-417d-8964-b5cf11e44873,41.035567,21.337528,gasResistance,203248
2026-02-28T01:53:22+01:00,87f82783-853b-417d-8964-b5cf11e44873,41.035567,21.337528,humidity,55
2026-02-28T01:53:22+01:00,87f82783-853b-417d-8964-b5cf11e44873,41.035567,21.337528,noise,11
2026-02-28T01:53:22+01:00,87f82783-853b-417d-8964-b5cf11e44873,41.035567,21.337528,noise_dba,24
2026-02-28T01:53:22+01:00,87f82783-853b-417d-8964-b5cf11e44873,41.035567,21.337528,pm10,22
2026-02-28T01:53:22+01:00,87f82783-853b-417d-8964-b5cf11e44873,41.035567,21.337528,pm25,11
2026-02-28T01:53:22+01:00,87f82783-853b-417d-8964-b5cf11e44873,41.035567,21.337528,pressure,952
2026-02-28T01:53:22+01:00,87f82783-853b-417d-8964-b5cf11e44873,41.035567,21.337528,temperature,8
2026-02-28T02:08:54+01:00,87f82783-853b-417d-8964-b5cf11e44873,41.035567,21.337528,gasResistance,206924
2026-02-28T02:08:54+01:00,87f82783-853b-417d-8964-b5cf11e44873,41.035567,21.337528,humidity,55
2026-02-28T02:08:54+01:00,87f82783-853b-417d-8964-b5cf11e44873,41.035567,21.337528,pm10,32
2026-02-28T02:08:54+01:00,87f82783-853b-417d-8964-b5cf11e44873,41.035567,21.337528,pm25,17
2026-02-28T02:08:54+01:00,87f82783-853b-417d-8964-b5cf11e44873,41.035567,21.337528,pressure,952
2026-02-28T02:08:54+01:00,87f82783-853b-417d-8964-b5cf11e44873,41.035567,21.337528,temperature,8
2026-02-28T02:24:26+01:00,87f82783-853b-417d-8964-b5cf11e44873,41.035567,21.337528,gasResistance,210068
2026-02-28T02:24:26+01:00,87f82783-853b-417d-8964-b5cf11e44873,41.035567,21.337528,humidity,55
2026-02-28T02:24:26+01:00,87f82783-853b-417d-8964-b5cf11e44873,41.035567,21.337528,pm10,29
2026-02-28T02:24:26+01:00,87f82783-853b-417d-8964-b5cf11e44873,41.035567,21.337528,pm25,17
2026-02-28T02:24:26+01:00,87f82783-853b-417d-8964-b5cf11e44873,41.035567,21.337528,pressure,952
2026-02-28T02:24:26+01:00,87f82783-853b-417d-8964-b5cf11e44873,41.035567,21.337528,temperature,8
2026-02-28T02:39:57+01:00,87f82783-853b-417d-8964-b5cf11e44873,41.035567,21.337528,gasResistance,215666
2026-02-28T02:39:57+01:00,87f82783-853b-417d-8964-b5cf11e44873,41.035567,21.337528,humidity,56
2026-02-28T02:39:57+01:00,87f82783-853b-417d-8964-b5cf11e44873,41.035567,21.337528,pm10,15
2026-02-28T02:39:57+01:00,87f82783-853b-417d-8964-b5cf11e44873,41.035567,21.337528,pm25,9
2026-02-28T02:39:57+01:00,87f82783-853b-417d-8964-b5cf11e44873,41.035567,21.337528,pressure,952
2026-02-28T02:39:57+01:00,87f82783-853b-417d-8964-b5cf11e44873,41.035567,21.337528,temperature,7
2026-02-28T02:55:28+01:00,87f82783-853b-417d-8964-b5cf11e44873,41.035567,21.337528,gasResistance,220687
2026-02-28T02:55:28+01:00,87f82783-853b-417d-8964-b5cf11e44873,41.035567,21.337528,humidity,56
2026-02-28T02:55:28+01:00,87f82783-853b-417d-8964-b5cf11e44873,41.035567,21.337528,noise,11
2026-02-28T02:55:28+01:00,87f82783-853b-417d-8964-b5cf11e44873,41.035567,21.337528,noise_dba,24
2026-02-28T02:55:28+01:00,87f82783-853b-417d-8964-b5cf11e44873,41.035567,21.337528,pm10,8
2026-02-28T02:55:28+01:00,87f82783-853b-417d-8964-b5cf11e44873,41.035567,21.337528,pm25,5
2026-02-28T02:55:28+01:00,87f82783-853b-417d-8964-b5cf11e44873,41.035567,21.337528,pressure,951
2026-02-28T02:55:28+01:00,87f82783-853b-417d-8964-b5cf11e44873,41.035567,21.337528,temperature,7
2026-02-28T03:11:00+01:00,87f82783-853b-417d-8964-b5cf11e44873,41.035567,21.337528,gasResistance,228435
2026-02-28T03:11:00+01:00,87f82783-853b-417d-8964-b5cf11e44873,41.035567,21.337528,humidity,57
2026-02-28T03:11:00+01:00,87f82783-853b-417d-8964-b5cf11e44873,41.035567,21.337528,noise,11
2026-02-28T03:11:00+01:00,87f82783-853b-417d-8964-b5cf11e44873,41.035567,21.337528,noise_dba,24
2026-02-28T03:11:00+01:00,87f82783-853b-417d-8964-b5cf11e44873,41.035567,21.337528,pm10,10
2026-02-28T03:11:00+01:00,87f82783-853b-417d-8964-b5cf11e44873,41.035567,21.337528,pm25,6
2026-02-28T03:11:00+01:00,87f82783-853b-417d-8964-b5cf11e44873,41.035567,21.337528,pressure,951
2026-02-28T03:11:00+01:00,87f82783-853b-417d-8964-b5cf11e44873,41.035567,21.337528,temperature,7
2026-02-28T03:26:31+01:00,87f82783-853b-417d-8964-b5cf11e44873,41.035567,21.337528,gasResistance,234406
2026-02-28T03:26:31+01:00,87f82783-853b-417d-8964-b5cf11e44873,41.035567,21.337528,humidity,57
2026-02-28T03:26:31+01:00,87f82783-853b-417d-8964-b5cf11e44873,41.035567,21.337528,pm10,9
2026-02-28T03:26:31+01:00,87f82783-853b-417d-8964-b5cf11e44873,41.035567,21.337528,pm25,5
2026-02-28T03:26:31+01:00,87f82783-853b-417d-8964-b5cf11e44873,41.035567,21.337528,pressure,951
2026-02-28T03:26:31+01:00,87f82783-853b-417d-8964-b5cf11e44873,41.035567,21.337528,temperature,7
2026-02-28T03:42:03+01:00,87f82783-853b-417d-8964-b5cf11e44873,41.035567,21.337528,gasResistance,236917
2026-02-28T03:42:03+01:00,87f82783-853b-417d-8964-b5cf11e44873,41.035567,21.337528,humidity,57
2026-02-28T03:42:03+01:00,87f82783-853b-417d-8964-b5cf11e44873,41.035567,21.337528,noise,11
2026-02-28T03:42:03+01:00,87f82783-853b-417d-8964-b5cf11e44873,41.035567,21.337528,noise_dba,24
2026-02-28T03:42:03+01:00,87f82783-853b-417d-8964-b5cf11e44873,41.035567,21.337528,pm10,10
2026-02-28T03:42:03+01:00,87f82783-853b-417d-8964-b5cf11e44873,41.035567,21.337528,pm25,5
2026-02-28T03:42:03+01:00,87f82783-853b-417d-8964-b5cf11e44873,41.035567,21.337528,pressure,951
2026-02-28T03:42:03+01:00,87f82783-853b-417d-8964-b5cf11e44873,41.035567,21.337528,temperature,7
2026-02-28T03:57:34+01:00,87f82783-853b-417d-8964-b5cf11e44873,41.035567,21.337528,gasResistance,238965
2026-02-28T03:57:34+01:00,87f82783-853b-417d-8964-b5cf11e44873,41.035567,21.337528,humidity,57
2026-02-28T03:57:34+01:00,87f82783-853b-417d-8964-b5cf11e44873,41.035567,21.337528,noise,11
2026-02-28T03:57:34+01:00,87f82783-853b-417d-8964-b5cf11e44873,41.035567,21.337528,noise_dba,24
2026-02-28T03:57:34+01:00,87f82783-853b-417d-8964-b5cf11e44873,41.035567,21.337528,pm10,19
2026-02-28T03:57:34+01:00,87f82783-853b-417d-8964-b5cf11e44873,41.035567,21.337528,pm25,9
2026-02-28T03:57:34+01:00,87f82783-853b-417d-8964-b5cf11e44873,41.035567,21.337528,pressure,951
2026-02-28T03:57:34+01:00,87f82783-853b-417d-8964-b5cf11e44873,41.035567,21.337528,temperature,7
2026-02-28T04:13:06+01:00,87f82783-853b-417d-8964-b5cf11e44873,41.035567,21.337528,gasResistance,240175
2026-02-28T04:13:06+01:00,87f82783-853b-417d-8964-b5cf11e44873,41.035567,21.337528,humidity,57
2026-02-28T04:13:06+01:00,87f82783-853b-417d-8964-b5cf11e44873,41.035567,21.337528,pm10,21
2026-02-28T04:13:06+01:00,87f82783-853b-417d-8964-b5cf11e44873,41.035567,21.337528,pm25,10
2026-02-28T04:13:06+01:00,87f82783-853b-417d-8964-b5cf11e44873,41.035567,21.337528,pressure,951
2026-02-28T04:13:06+01:00,87f82783-853b-417d-8964-b5cf11e44873,41.035567,21.337528,temperature,7
2026-02-28T04:28:38+01:00,87f82783-853b-417d-8964-b5cf11e44873,41.035567,21.337528,gasResistance,241399
2026-02-28T04:28:38+01:00,87f82783-853b-417d-8964-b5cf11e44873,41.035567,21.337528,humidity,58
2026-02-28T04:28:38+01:00,87f82783-853b-417d-8964-b5cf11e44873,41.035567,21.337528,pm10,16
2026-02-28T04:28:38+01:00,87f82783-853b-417d-8964-b5cf11e44873,41.035567,21.337528,pm25,8
2026-02-28T04:28:38+01:00,87f82783-853b-417d-8964-b5cf11e44873,41.035567,21.337528,pressure,951
2026-02-28T04:28:38+01:00,87f82783-853b-417d-8964-b5cf11e44873,41.035567,21.337528,temperature,6
2026-02-28T04:44:09+01:00,87f82783-853b-417d-8964-b5cf11e44873,41.035567,21.337528,gasResistance,241399
2026-02-28T04:44:09+01:00,87f82783-853b-417d-8964-b5cf11e44873,41.035567,21.337528,humidity,58
2026-02-28T04:44:09+01:00,87f82783-853b-417d-8964-b5cf11e44873,41.035567,21.337528,pm10,19
2026-02-28T04:44:09+01:00,87f82783-853b-417d-8964-b5cf11e44873,41.035567,21.337528,pm25,12
2026-02-28T04:44:09+01:00,87f82783-853b-417d-8964-b5cf11e44873,41.035567,21.337528,pressure,951
2026-02-28T04:44:09+01:00,87f82783-853b-417d-8964-b5cf11e44873,41.035567,21.337528,temperature,6
2026-02-28T04:59:41+01:00,87f82783-853b-417d-8964-b5cf11e44873,41.035567,21.337528,gasResistance,242634
2026-02-28T04:59:41+01:00,87f82783-853b-417d-8964-b5cf11e44873,41.035567,21.337528,humidity,58
2026-02-28T04:59:41+01:00,87f82783-853b-417d-8964-b5cf11e44873,41.035567,21.337528,noise,11
2026-02-28T04:59:41+01:00,87f82783-853b-417d-8964-b5cf11e44873,41.035567,21.337528,noise_dba,24
2026-02-28T04:59:41+01:00,87f82783-853b-417d-8964-b5cf11e44873,41.035567,21.337528,pm10,14
2026-02-28T04:59:41+01:00,87f82783-853b-417d-8964-b5cf11e44873,41.035567,21.337528,pm25,7
2026-02-28T04:59:41+01:00,87f82783-853b-417d-8964-b5cf11e44873,41.035567,21.337528,pressure,952
2026-02-28T04:59:41+01:00,87f82783-853b-417d-8964-b5cf11e44873,41.035567,21.337528,temperature,6
2026-02-28T05:15:12+01:00,87f82783-853b-417d-8964-b5cf11e44873,41.035567,21.337528,gasResistance,243883
2026-02-28T05:15:12+01:00,87f82783-853b-417d-8964-b5cf11e44873,41.035567,21.337528,humidity,58
2026-02-28T05:15:12+01:00,87f82783-853b-417d-8964-b5cf11e44873,41.035567,21.337528,pm10,19
2026-02-28T05:15:12+01:00,87f82783-853b-417d-8964-b5cf11e44873,41.035567,21.337528,pm25,9
2026-02-28T05:15:12+01:00,87f82783-853b-417d-8964-b5cf11e44873,41.035567,21.337528,pressure,952
2026-02-28T05:15:12+01:00,87f82783-853b-417d-8964-b5cf11e44873,41.035567,21.337528,temperature,6
2026-02-28T05:30:44+01:00,87f82783-853b-417d-8964-b5cf11e44873,41.035567,21.337528,gasResistance,246053
2026-02-28T05:30:44+01:00,87f82783-853b-417d-8964-b5cf11e44873,41.035567,21.337528,humidity,59
2026-02-28T05:30:44+01:00,87f82783-853b-417d-8964-b5cf11e44873,41.035567,21.337528,noise,11
2026-02-28T05:30:44+01:00,87f82783-853b-417d-8964-b5cf11e44873,41.035567,21.337528,noise_dba,24
2026-02-28T05:30:44+01:00,87f82783-853b-417d-8964-b5cf11e44873,41.035567,21.337528,pm10,25
2026-02-28T05:30:44+01:00,87f82783-853b-417d-8964-b5cf11e44873,41.035567,21.337528,pm25,12
2026-02-28T05:30:44+01:00,87f82783-853b-417d-8964-b5cf11e44873,41.035567,21.337528,pressure,952
2026-02-28T05:30:44+01:00,87f82783-853b-417d-8964-b5cf11e44873,41.035567,21.337528,temperature,6
2026-02-28T05:46:15+01:00,87f82783-853b-417d-8964-b5cf11e44873,41.035567,21.337528,gasResistance,244782
2026-02-28T05:46:15+01:00,87f82783-853b-417d-8964-b5cf11e44873,41.035567,21.337528,humidity,59
2026-02-28T05:46:15+01:00,87f82783-853b-417d-8964-b5cf11e44873,41.035567,21.337528,pm10,23
2026-02-28T05:46:15+01:00,87f82783-853b-417d-8964-b5cf11e44873,41.035567,21.337528,pm25,12
2026-02-28T05:46:15+01:00,87f82783-853b-417d-8964-b5cf11e44873,41.035567,21.337528,pressure,952
2026-02-28T05:46:15+01:00,87f82783-853b-417d-8964-b5cf11e44873,41.035567,21.337528,temperature,6
2026-02-28T06:01:47+01:00,87f82783-853b-417d-8964-b5cf11e44873,41.035567,21.337528,gasResistance,245871
2026-02-28T06:01:47+01:00,87f82783-853b-417d-8964-b5cf11e44873,41.035567,21.337528,humidity,60
2026-02-28T06:01:47+01:00,87f82783-853b-417d-8964-b5cf11e44873,41.035567,21.337528,noise,11
2026-02-28T06:01:47+01:00,87f82783-853b-417d-8964-b5cf11e44873,41.035567,21.337528,noise_dba,24
2026-02-28T06:01:47+01:00,87f82783-853b-417d-8964-b5cf11e44873,41.035567,21.337528,pm10,11
2026-02-28T06:01:47+01:00,87f82783-853b-417d-8964-b5cf11e44873,41.035567,21.337528,pm25,7
2026-02-28T06:01:47+01:00,87f82783-853b-417d-8964-b5cf11e44873,41.035567,21.337528,pressure,952
2026-02-28T06:01:47+01:00,87f82783-853b-417d-8964-b5cf11e44873,41.035567,21.337528,temperature,6
2026-02-28T06:17:20+01:00,87f82783-853b-417d-8964-b5cf11e44873,41.035567,21.337528,gasResistance,246053
2026-02-28T06:17:20+01:00,87f82783-853b-417d-8964-b5cf11e44873,41.035567,21.337528,humidity,60
2026-02-28T06:17:20+01:00,87f82783-853b-417d-8964-b5cf11e44873,41.035567,21.337528,noise,11
2026-02-28T06:17:20+01:00,87f82783-853b-417d-8964-b5cf11e44873,41.035567,21.337528,noise_dba,24
2026-02-28T06:17:20+01:00,87f82783-853b-417d-8964-b5cf11e44873,41.035567,21.337528,pm10,19
2026-02-28T06:17:20+01:00,87f82783-853b-417d-8964-b5cf11e44873,41.035567,21.337528,pm25,9
2026-02-28T06:17:20+01:00,87f82783-853b-417d-8964-b5cf11e44873,41.035567,21.337528,pressure,952
2026-02-28T06:17:20+01:00,87f82783-853b-417d-8964-b5cf11e44873,41.035567,21.337528,temperature,6
2026-02-28T06:32:53+01:00,87f82783-853b-417d-8964-b5cf11e44873,41.035567,21.337528,gasResistance,245689
2026-02-28T06:32:53+01:00,87f82783-853b-417d-8964-b5cf11e44873,41.035567,21.337528,humidity,60
2026-02-28T06:32:53+01:00,87f82783-853b-417d-8964-b5cf11e44873,41.035567,21.337528,noise,11
2026-02-28T06:32:53+01:00,87f82783-853b-417d-8964-b5cf11e44873,41.035567,21.337528,noise_dba,24
2026-02-28T06:32:53+01:00,87f82783-853b-417d-8964-b5cf11e44873,41.035567,21.337528,pm10,36
2026-02-28T06:32:53+01:00,87f82783-853b-417d-8964-b5cf11e44873,41.035567,21.337528,pm25,16
2026-02-28T06:32:53+01:00,87f82783-853b-417d-8964-b5cf11e44873,41.035567,21.337528,pressure,952
2026-02-28T06:32:53+01:00,87f82783-853b-417d-8964-b5cf11e44873,41.035567,21.337528,temperature,6
2026-02-28T06:48:24+01:00,87f82783-853b-417d-8964-b5cf11e44873,41.035567,21.337528,gasResistance,239655
2026-02-28T06:48:24+01:00,87f82783-853b-417d-8964-b5cf11e44873,41.035567,21.337528,humidity,61
2026-02-28T06:48:24+01:00,87f82783-853b-417d-8964-b5cf11e44873,41.035567,21.337528,noise,12
2026-02-28T06:48:24+01:00,87f82783-853b-417d-8964-b5cf11e44873,41.035567,21.337528,noise_dba,25
2026-02-28T06:48:24+01:00,87f82783-853b-417d-8964-b5cf11e44873,41.035567,21.337528,pm10,34
2026-02-28T06:48:24+01:00,87f82783-853b-417d-8964-b5cf11e44873,41.035567,21.337528,pm25,17
2026-02-28T06:48:24+01:00,87f82783-853b-417d-8964-b5cf11e44873,41.035567,21.337528,pressure,952
2026-02-28T06:48:24+01:00,87f82783-853b-417d-8964-b5cf11e44873,41.035567,21.337528,temperature,6
2026-02-28T07:03:56+01:00,87f82783-853b-417d-8964-b5cf11e44873,41.035567,21.337528,gasResistance,240349
2026-02-28T07:03:56+01:00,87f82783-853b-417d-8964-b5cf11e44873,41.035567,21.337528,humidity,61
2026-02-28T07:03:56+01:00,87f82783-853b-417d-8964-b5cf11e44873,41.035567,21.337528,noise,12
2026-02-28T07:03:56+01:00,87f82783-853b-417d-8964-b5cf11e44873,41.035567,21.337528,noise_dba,25
2026-02-28T07:03:56+01:00,87f82783-853b-417d-8964-b5cf11e44873,41.035567,21.337528,pm10,81
2026-02-28T07:03:56+01:00,87f82783-853b-417d-8964-b5cf11e44873,41.035567,21.337528,pm25,47
2026-02-28T07:03:56+01:00,87f82783-853b-417d-8964-b5cf11e44873,41.035567,21.337528,pressure,952
2026-02-28T07:03:56+01:00,87f82783-853b-417d-8964-b5cf11e44873,41.035567,21.337528,temperature,6
2026-02-28T07:19:27+01:00,87f82783-853b-417d-8964-b5cf11e44873,41.035567,21.337528,gasResistance,236579
2026-02-28T07:19:27+01:00,87f82783-853b-417d-8964-b5cf11e44873,41.035567,21.337528,humidity,62
2026-02-28T07:19:27+01:00,87f82783-853b-417d-8964-b5cf11e44873,41.035567,21.337528,noise,11
2026-02-28T07:19:27+01:00,87f82783-853b-417d-8964-b5cf11e44873,41.035567,21.337528,noise_dba,24
2026-02-28T07:19:27+01:00,87f82783-853b-417d-8964-b5cf11e44873,41.035567,21.337528,pm10,52
2026-02-28T07:19:27+01:00,87f82783-853b-417d-8964-b5cf11e44873,41.035567,21.337528,pm25,24
2026-02-28T07:19:27+01:00,87f82783-853b-417d-8964-b5cf11e44873,41.035567,21.337528,pressure,952
2026-02-28T07:19:27+01:00,87f82783-853b-417d-8964-b5cf11e44873,41.035567,21.337528,temperature,6
2026-02-28T07:34:59+01:00,87f82783-853b-417d-8964-b5cf11e44873,41.035567,21.337528,gasResistance,228593
2026-02-28T07:34:59+01:00,87f82783-853b-417d-8964-b5cf11e44873,41.035567,21.337528,humidity,63
2026-02-28T07:34:59+01:00,87f82783-853b-417d-8964-b5cf11e44873,41.035567,21.337528,noise,12
2026-02-28T07:34:59+01:00,87f82783-853b-417d-8964-b5cf11e44873,41.035567,21.337528,noise_dba,25
2026-02-28T07:34:59+01:00,87f82783-853b-417d-8964-b5cf11e44873,41.035567,21.337528,pm10,45
2026-02-28T07:34:59+01:00,87f82783-853b-417d-8964-b5cf11e44873,41.035567,21.337528,pm25,22
2026-02-28T07:34:59+01:00,87f82783-853b-417d-8964-b5cf11e44873,41.035567,21.337528,pressure,952
2026-02-28T07:34:59+01:00,87f82783-853b-417d-8964-b5cf11e44873,41.035567,21.337528,temperature,6
2026-02-28T07:50:30+01:00,87f82783-853b-417d-8964-b5cf11e44873,41.035567,21.337528,gasResistance,223813
2026-02-28T07:50:30+01:00,87f82783-853b-417d-8964-b5cf11e44873,41.035567,21.337528,humidity,63
2026-02-28T07:50:30+01:00,87f82783-853b-417d-8964-b5cf11e44873,41.035567,21.337528,noise,11
2026-02-28T07:50:30+01:00,87f82783-853b-417d-8964-b5cf11e44873,41.035567,21.337528,noise_dba,24
2026-02-28T07:50:30+01:00,87f82783-853b-417d-8964-b5cf11e44873,41.035567,21.337528,pm10,29
2026-02-28T07:50:30+01:00,87f82783-853b-417d-8964-b5cf11e44873,41.035567,21.337528,pm25,18
2026-02-28T07:50:30+01:00,87f82783-853b-417d-8964-b5cf11e44873,41.035567,21.337528,pressure,953
2026-02-28T07:50:30+01:00,87f82783-853b-417d-8964-b5cf11e44873,41.035567,21.337528,temperature,6
2026-02-28T08:06:01+01:00,87f82783-853b-417d-8964-b5cf11e44873,41.035567,21.337528,gasResistance,226409
2026-02-28T08:06:01+01:00,87f82783-853b-417d-8964-b5cf11e44873,41.035567,21.337528,humidity,64
2026-02-28T08:06:01+01:00,87f82783-853b-417d-8964-b5cf11e44873,41.035567,21.337528,noise,12
2026-02-28T08:06:01+01:00,87f82783-853b-417d-8964-b5cf11e44873,41.035567,21.337528,noise_dba,25
2026-02-28T08:06:01+01:00,87f82783-853b-417d-8964-b5cf11e44873,41.035567,21.337528,pm10,24
2026-02-28T08:06:01+01:00,87f82783-853b-417d-8964-b5cf11e44873,41.035567,21.337528,pm25,12
2026-02-28T08:06:01+01:00,87f82783-853b-417d-8964-b5cf11e44873,41.035567,21.337528,pressure,953
2026-02-28T08:06:01+01:00,87f82783-853b-417d-8964-b5cf11e44873,41.035567,21.337528,temperature,6
2026-02-28T08:21:34+01:00,87f82783-853b-417d-8964-b5cf11e44873,41.035567,21.337528,gasResistance,228435
2026-02-28T08:21:34+01:00,87f82783-853b-417d-8964-b5cf11e44873,41.035567,21.337528,humidity,64
2026-02-28T08:21:34+01:00,87f82783-853b-417d-8964-b5cf11e44873,41.035567,21.337528,noise,12
2026-02-28T08:21:34+01:00,87f82783-853b-417d-8964-b5cf11e44873,41.035567,21.337528,noise_dba,25
2026-02-28T08:21:34+01:00,87f82783-853b-417d-8964-b5cf11e44873,41.035567,21.337528,pm10,17
2026-02-28T08:21:34+01:00,87f82783-853b-417d-8964-b5cf11e44873,41.035567,21.337528,pm25,12
2026-02-28T08:21:34+01:00,87f82783-853b-417d-8964-b5cf11e44873,41.035567,21.337528,pressure,953
2026-02-28T08:21:34+01:00,87f82783-853b-417d-8964-b5cf11e44873,41.035567,21.337528,temperature,7
2026-02-28T08:37:05+01:00,87f82783-853b-417d-8964-b5cf11e44873,41.035567,21.337528,gasResistance,229383
2026-02-28T08:37:05+01:00,87f82783-853b-417d-8964-b5cf11e44873,41.035567,21.337528,humidity,63
2026-02-28T08:37:05+01:00,87f82783-853b-417d-8964-b5cf11e44873,41.035567,21.337528,noise,11
2026-02-28T08:37:05+01:00,87f82783-853b-417d-8964-b5cf11e44873,41.035567,21.337528,noise_dba,24
2026-02-28T08:37:05+01:00,87f82783-853b-417d-8964-b5cf11e44873,41.035567,21.337528,pm10,17
2026-02-28T08:37:05+01:00,87f82783-853b-417d-8964-b5cf11e44873,41.035567,21.337528,pm25,10
2026-02-28T08:37:05+01:00,87f82783-853b-417d-8964-b5cf11e44873,41.035567,21.337528,pressure,953
2026-02-28T08:37:05+01:00,87f82783-853b-417d-8964-b5cf11e44873,41.035567,21.337528,temperature,7
2026-02-28T08:52:37+01:00,87f82783-853b-417d-8964-b5cf11e44873,41.035567,21.337528,gasResistance,230659
2026-02-28T08:52:37+01:00,87f82783-853b-417d-8964-b5cf11e44873,41.035567,21.337528,humidity,63
2026-02-28T08:52:37+01:00,87f82783-853b-417d-8964-b5cf11e44873,41.035567,21.337528,noise,11
2026-02-28T08:52:37+01:00,87f82783-853b-417d-8964-b5cf11e44873,41.035567,21.337528,noise_dba,24
2026-02-28T08:52:37+01:00,87f82783-853b-417d-8964-b5cf11e44873,41.035567,21.337528,pm10,21
2026-02-28T08:52:37+01:00,87f82783-853b-417d-8964-b5cf11e44873,41.035567,21.337528,pm25,13
2026-02-28T08:52:37+01:00,87f82783-853b-417d-8964-b5cf11e44873,41.035567,21.337528,pressure,953
2026-02-28T08:52:37+01:00,87f82783-853b-417d-8964-b5cf11e44873,41.035567,21.337528,temperature,8
2026-02-28T09:08:08+01:00,87f82783-853b-417d-8964-b5cf11e44873,41.035567,21.337528,gasResistance,228278
2026-02-28T09:08:08+01:00,87f82783-853b-417d-8964-b5cf11e44873,41.035567,21.337528,humidity,62
2026-02-28T09:08:08+01:00,87f82783-853b-417d-8964-b5cf11e44873,41.035567,21.337528,noise,11
2026-02-28T09:08:08+01:00,87f82783-853b-417d-8964-b5cf11e44873,41.035567,21.337528,noise_dba,24
2026-02-28T09:08:08+01:00,87f82783-853b-417d-8964-b5cf11e44873,41.035567,21.337528,pm10,12
2026-02-28T09:08:08+01:00,87f82783-853b-417d-8964-b5cf11e44873,41.035567,21.337528,pm25,8
2026-02-28T09:08:08+01:00,87f82783-853b-417d-8964-b5cf11e44873,41.035567,21.337528,pressure,953
2026-02-28T09:08:08+01:00,87f82783-853b-417d-8964-b5cf11e44873,41.035567,21.337528,temperature,8
2026-02-28T09:23:40+01:00,87f82783-853b-417d-8964-b5cf11e44873,41.035567,21.337528,gasResistance,224418
2026-02-28T09:23:40+01:00,87f82783-853b-417d-8964-b5cf11e44873,41.035567,21.337528,humidity,61
2026-02-28T09:23:40+01:00,87f82783-853b-417d-8964-b5cf11e44873,41.035567,21.337528,noise,12
2026-02-28T09:23:40+01:00,87f82783-853b-417d-8964-b5cf11e44873,41.035567,21.337528,noise_dba,25
2026-02-28T09:23:40+01:00,87f82783-853b-417d-8964-b5cf11e44873,41.035567,21.337528,pm10,14
2026-02-28T09:23:40+01:00,87f82783-853b-417d-8964-b5cf11e44873,41.035567,21.337528,pm25,7
2026-02-28T09:23:40+01:00,87f82783-853b-417d-8964-b5cf11e44873,41.035567,21.337528,pressure,953
2026-02-28T09:23:40+01:00,87f82783-853b-417d-8964-b5cf11e44873,41.035567,21.337528,temperature,9
2026-02-28T09:39:12+01:00,87f82783-853b-417d-8964-b5cf11e44873,41.035567,21.337528,gasResistance,224875
2026-02-28T09:39:12+01:00,87f82783-853b-417d-8964-b5cf11e44873,41.035567,21.337528,humidity,60
2026-02-28T09:39:12+01:00,87f82783-853b-417d-8964-b5cf11e44873,41.035567,21.337528,noise,12
2026-02-28T09:39:12+01:00,87f82783-853b-417d-8964-b5cf11e44873,41.035567,21.337528,noise_dba,25
2026-02-28T09:39:12+01:00,87f82783-853b-417d-8964-b5cf11e44873,41.035567,21.337528,pm10,12
2026-02-28T09:39:12+01:00,87f82783-853b-417d-8964-b5cf11e44873,41.035567,21.337528,pm25,8
2026-02-28T09:39:12+01:00,87f82783-853b-417d-8964-b5cf11e44873,41.035567,21.337528,pressure,953
2026-02-28T09:39:12+01:00,87f82783-853b-417d-8964-b5cf11e44873,41.035567,21.337528,temperature,10
2026-02-28T09:54:43+01:00,87f82783-853b-417d-8964-b5cf11e44873,41.035567,21.337528,gasResistance,220687
2026-02-28T09:54:43+01:00,87f82783-853b-417d-8964-b5cf11e44873,41.035567,21.337528,humidity,59
2026-02-28T09:54:43+01:00,87f82783-853b-417d-8964-b5cf11e44873,41.035567,21.337528,noise,11
2026-02-28T09:54:43+01:00,87f82783-853b-417d-8964-b5cf11e44873,41.035567,21.337528,noise_dba,24
2026-02-28T09:54:43+01:00,87f82783-853b-417d-8964-b5cf11e44873,41.035567,21.337528,pm10,10
2026-02-28T09:54:43+01:00,87f82783-853b-417d-8964-b5cf11e44873,41.035567,21.337528,pm25,7
2026-02-28T09:54:43+01:00,87f82783-853b-417d-8964-b5cf11e44873,41.035567,21.337528,pressure,953
2026-02-28T09:54:43+01:00,87f82783-853b-417d-8964-b5cf11e44873,41.035567,21.337528,temperature,10
2026-02-28T10:10:15+01:00,87f82783-853b-417d-8964-b5cf11e44873,41.035567,21.337528,gasResistance,222016
2026-02-28T10:10:15+01:00,87f82783-853b-417d-8964-b5cf11e44873,41.035567,21.337528,humidity,57
2026-02-28T10:10:15+01:00,87f82783-853b-417d-8964-b5cf11e44873,41.035567,21.337528,noise,11
2026-02-28T10:10:15+01:00,87f82783-853b-417d-8964-b5cf11e44873,41.035567,21.337528,noise_dba,24
2026-02-28T10:10:15+01:00,87f82783-853b-417d-8964-b5cf11e44873,41.035567,21.337528,pm10,11
2026-02-28T10:10:15+01:00,87f82783-853b-417d-8964-b5cf11e44873,41.035567,21.337528,pm25,6
2026-02-28T10:10:15+01:00,87f82783-853b-417d-8964-b5cf11e44873,41.035567,21.337528,pressure,953
2026-02-28T10:10:15+01:00,87f82783-853b-417d-8964-b5cf11e44873,41.035567,21.337528,temperature,11
2026-02-28T10:25:46+01:00,87f82783-853b-417d-8964-b5cf11e44873,41.035567,21.337528,gasResistance,219664
2026-02-28T10:25:46+01:00,87f82783-853b-417d-8964-b5cf11e44873,41.035567,21.337528,humidity,56
2026-02-28T10:25:46+01:00,87f82783-853b-417d-8964-b5cf11e44873,41.035567,21.337528,noise,11
2026-02-28T10:25:46+01:00,87f82783-853b-417d-8964-b5cf11e44873,41.035567,21.337528,noise_dba,24
2026-02-28T10:25:46+01:00,87f82783-853b-417d-8964-b5cf11e44873,41.035567,21.337528,pm10,14
2026-02-28T10:25:46+01:00,87f82783-853b-417d-8964-b5cf11e44873,41.035567,21.337528,pm25,8
2026-02-28T10:25:46+01:00,87f82783-853b-417d-8964-b5cf11e44873,41.035567,21.337528,pressure,953
2026-02-28T10:25:46+01:00,87f82783-853b-417d-8964-b5cf11e44873,41.035567,21.337528,temperature,11
2026-02-28T10:41:18+01:00,87f82783-853b-417d-8964-b5cf11e44873,41.035567,21.337528,gasResistance,220834
2026-02-28T10:41:18+01:00,87f82783-853b-417d-8964-b5cf11e44873,41.035567,21.337528,humidity,54
2026-02-28T10:41:18+01:00,87f82783-853b-417d-8964-b5cf11e44873,41.035567,21.337528,noise,11
2026-02-28T10:41:18+01:00,87f82783-853b-417d-8964-b5cf11e44873,41.035567,21.337528,noise_dba,24
2026-02-28T10:41:18+01:00,87f82783-853b-417d-8964-b5cf11e44873,41.035567,21.337528,pm10,91
2026-02-28T10:41:18+01:00,87f82783-853b-417d-8964-b5cf11e44873,41.035567,21.337528,pm25,44
2026-02-28T10:41:18+01:00,87f82783-853b-417d-8964-b5cf11e44873,41.035567,21.337528,pressure,952
2026-02-28T10:41:18+01:00,87f82783-853b-417d-8964-b5cf11e44873,41.035567,21.337528,temperature,12
2026-02-28T10:56:49+01:00,87f82783-853b-417d-8964-b5cf11e44873,41.035567,21.337528,gasResistance,219809
2026-02-28T10:56:49+01:00,87f82783-853b-417d-8964-b5cf11e44873,41.035567,21.337528,humidity,52
2026-02-28T10:56:49+01:00,87f82783-853b-417d-8964-b5cf11e44873,41.035567,21.337528,noise,11
2026-02-28T10:56:49+01:00,87f82783-853b-417d-8964-b5cf11e44873,41.035567,21.337528,noise_dba,24
2026-02-28T10:56:49+01:00,87f82783-853b-417d-8964-b5cf11e44873,41.035567,21.337528,pm10,48
2026-02-28T10:56:49+01:00,87f82783-853b-417d-8964-b5cf11e44873,41.035567,21.337528,pm25,26
2026-02-28T10:56:49+01:00,87f82783-853b-417d-8964-b5cf11e44873,41.035567,21.337528,pressure,952
2026-02-28T10:56:49+01:00,87f82783-853b-417d-8964-b5cf11e44873,41.035567,21.337528,temperature,12
2026-02-28T11:12:21+01:00,87f82783-853b-417d-8964-b5cf11e44873,41.035567,21.337528,gasResistance,214689
2026-02-28T11:12:21+01:00,87f82783-853b-417d-8964-b5cf11e44873,41.035567,21.337528,humidity,50
2026-02-28T11:12:21+01:00,87f82783-853b-417d-8964-b5cf11e44873,41.035567,21.337528,noise,12
2026-02-28T11:12:21+01:00,87f82783-853b-417d-8964-b5cf11e44873,41.035567,21.337528,noise_dba,25
2026-02-28T11:12:21+01:00,87f82783-853b-417d-8964-b5cf11e44873,41.035567,21.337528,pm10,12
2026-02-28T11:12:21+01:00,87f82783-853b-417d-8964-b5cf11e44873,41.035567,21.337528,pm25,7
2026-02-28T11:12:21+01:00,87f82783-853b-417d-8964-b5cf11e44873,41.035567,21.337528,pressure,952
2026-02-28T11:12:21+01:00,87f82783-853b-417d-8964-b5cf11e44873,41.035567,21.337528,temperature,13
2026-02-28T11:27:52+01:00,87f82783-853b-417d-8964-b5cf11e44873,41.035567,21.337528,gasResistance,217219
2026-02-28T11:27:52+01:00,87f82783-853b-417d-8964-b5cf11e44873,41.035567,21.337528,humidity,49
2026-02-28T11:27:52+01:00,87f82783-853b-417d-8964-b5cf11e44873,41.035567,21.337528,noise,14
2026-02-28T11:27:52+01:00,87f82783-853b-417d-8964-b5cf11e44873,41.035567,21.337528,noise_dba,28
2026-02-28T11:27:52+01:00,87f82783-853b-417d-8964-b5cf11e44873,41.035567,21.337528,pm10,9
2026-02-28T11:27:52+01:00,87f82783-853b-417d-8964-b5cf11e44873,41.035567,21.337528,pm25,6
2026-02-28T11:27:52+01:00,87f82783-853b-417d-8964-b5cf11e44873,41.035567,21.337528,pressure,952
2026-02-28T11:27:52+01:00,87f82783-853b-417d-8964-b5cf11e44873,41.035567,21.337528,temperature,13
2026-02-28T11:43:25+01:00,87f82783-853b-417d-8964-b5cf11e44873,41.035567,21.337528,gasResistance,217790
2026-02-28T11:43:25+01:00,87f82783-853b-417d-8964-b5cf11e44873,41.035567,21.337528,humidity,47
2026-02-28T11:43:25+01:00,87f82783-853b-417d-8964-b5cf11e44873,41.035567,21.337528,noise,12
2026-02-28T11:43:25+01:00,87f82783-853b-417d-8964-b5cf11e44873,41.035567,21.337528,noise_dba,25
2026-02-28T11:43:25+01:00,87f82783-853b-417d-8964-b5cf11e44873,41.035567,21.337528,pm10,6
2026-02-28T11:43:25+01:00,87f82783-853b-417d-8964-b5cf11e44873,41.035567,21.337528,pm25,3
2026-02-28T11:43:25+01:00,87f82783-853b-417d-8964-b5cf11e44873,41.035567,21.337528,pressure,952
2026-02-28T11:43:25+01:00,87f82783-853b-417d-8964-b5cf11e44873,41.035567,21.337528,temperature,14
2026-02-28T11:58:56+01:00,87f82783-853b-417d-8964-b5cf11e44873,41.035567,21.337528,gasResistance,216088
2026-02-28T11:58:56+01:00,87f82783-853b-417d-8964-b5cf11e44873,41.035567,21.337528,humidity,47
2026-02-28T11:58:56+01:00,87f82783-853b-417d-8964-b5cf11e44873,41.035567,21.337528,noise,11
2026-02-28T11:58:56+01:00,87f82783-853b-417d-8964-b5cf11e44873,41.035567,21.337528,noise_dba,24
2026-02-28T11:58:56+01:00,87f82783-853b-417d-8964-b5cf11e44873,41.035567,21.337528,pm10,13
2026-02-28T11:58:56+01:00,87f82783-853b-417d-8964-b5cf11e44873,41.035567,21.337528,pm25,8
2026-02-28T11:58:56+01:00,87f82783-853b-417d-8964-b5cf11e44873,41.035567,21.337528,pressure,952
2026-02-28T11:58:56+01:00,87f82783-853b-417d-8964-b5cf11e44873,41.035567,21.337528,temperature,14
2026-02-28T12:14:27+01:00,87f82783-853b-417d-8964-b5cf11e44873,41.035567,21.337528,gasResistance,210601
2026-02-28T12:14:27+01:00,87f82783-853b-417d-8964-b5cf11e44873,41.035567,21.337528,humidity,46
2026-02-28T12:14:27+01:00,87f82783-853b-417d-8964-b5cf11e44873,41.035567,21.337528,noise,12
2026-02-28T12:14:27+01:00,87f82783-853b-417d-8964-b5cf11e44873,41.035567,21.337528,noise_dba,25
2026-02-28T12:14:27+01:00,87f82783-853b-417d-8964-b5cf11e44873,41.035567,21.337528,pm10,54
2026-02-28T12:14:27+01:00,87f82783-853b-417d-8964-b5cf11e44873,41.035567,21.337528,pm25,31
2026-02-28T12:14:27+01:00,87f82783-853b-417d-8964-b5cf11e44873,41.035567,21.337528,pressure,952
2026-02-28T12:14:27+01:00,87f82783-853b-417d-8964-b5cf11e44873,41.035567,21.337528,temperature,15
2026-02-28T12:29:59+01:00,87f82783-853b-417d-8964-b5cf11e44873,41.035567,21.337528,gasResistance,201153
2026-02-28T12:29:59+01:00,87f82783-853b-417d-8964-b5cf11e44873,41.035567,21.337528,humidity,44
2026-02-28T12:29:59+01:00,87f82783-853b-417d-8964-b5cf11e44873,41.035567,21.337528,noise,12
2026-02-28T12:29:59+01:00,87f82783-853b-417d-8964-b5cf11e44873,41.035567,21.337528,noise_dba,25
2026-02-28T12:29:59+01:00,87f82783-853b-417d-8964-b5cf11e44873,41.035567,21.337528,pm10,10
2026-02-28T12:29:59+01:00,87f82783-853b-417d-8964-b5cf11e44873,41.035567,21.337528,pm25,5
2026-02-28T12:29:59+01:00,87f82783-853b-417d-8964-b5cf11e44873,41.035567,21.337528,pressure,952
2026-02-28T12:29:59+01:00,87f82783-853b-417d-8964-b5cf11e44873,41.035567,21.337528,temperature,15
2026-02-28T12:45:30+01:00,87f82783-853b-417d-8964-b5cf11e44873,41.035567,21.337528,gasResistance,198982
2026-02-28T12:45:30+01:00,87f82783-853b-417d-8964-b5cf11e44873,41.035567,21.337528,humidity,43
2026-02-28T12:45:30+01:00,87f82783-853b-417d-8964-b5cf11e44873,41.035567,21.337528,noise,11
2026-02-28T12:45:30+01:00,87f82783-853b-417d-8964-b5cf11e44873,41.035567,21.337528,noise_dba,24
2026-02-28T12:45:30+01:00,87f82783-853b-417d-8964-b5cf11e44873,41.035567,21.337528,pm10,15
2026-02-28T12:45:30+01:00,87f82783-853b-417d-8964-b5cf11e44873,41.035567,21.337528,pm25,9
2026-02-28T12:45:30+01:00,87f82783-853b-417d-8964-b5cf11e44873,41.035567,21.337528,pressure,951
2026-02-28T12:45:30+01:00,87f82783-853b-417d-8964-b5cf11e44873,41.035567,21.337528,temperature,16
2026-02-28T13:01:02+01:00,87f82783-853b-417d-8964-b5cf11e44873,41.035567,21.337528,gasResistance,196624
2026-02-28T13:01:02+01:00,87f82783-853b-417d-8964-b5cf11e44873,41.035567,21.337528,humidity,43
2026-02-28T13:01:02+01:00,87f82783-853b-417d-8964-b5cf11e44873,41.035567,21.337528,noise,11
2026-02-28T13:01:02+01:00,87f82783-853b-417d-8964-b5cf11e44873,41.035567,21.337528,noise_dba,24
2026-02-28T13:01:02+01:00,87f82783-853b-417d-8964-b5cf11e44873,41.035567,21.337528,pm10,76
2026-02-28T13:01:02+01:00,87f82783-853b-417d-8964-b5cf11e44873,41.035567,21.337528,pm25,39
2026-02-28T13:01:02+01:00,87f82783-853b-417d-8964-b5cf11e44873,41.035567,21.337528,pressure,951
2026-02-28T13:01:02+01:00,87f82783-853b-417d-8964-b5cf11e44873,41.035567,21.337528,temperature,16
2026-02-28T13:16:33+01:00,87f82783-853b-417d-8964-b5cf11e44873,41.035567,21.337528,gasResistance,198269
2026-02-28T13:16:33+01:00,87f82783-853b-417d-8964-b5cf11e44873,41.035567,21.337528,humidity,42
2026-02-28T13:16:33+01:00,87f82783-853b-417d-8964-b5cf11e44873,41.035567,21.337528,noise,12
2026-02-28T13:16:33+01:00,87f82783-853b-417d-8964-b5cf11e44873,41.035567,21.337528,noise_dba,25
2026-02-28T13:16:33+01:00,87f82783-853b-417d-8964-b5cf11e44873,41.035567,21.337528,pm10,8
2026-02-28T13:16:33+01:00,87f82783-853b-417d-8964-b5cf11e44873,41.035567,21.337528,pm25,5
2026-02-28T13:16:33+01:00,87f82783-853b-417d-8964-b5cf11e44873,41.035567,21.337528,pressure,951
2026-02-28T13:16:33+01:00,87f82783-853b-417d-8964-b5cf11e44873,41.035567,21.337528,temperature,16
2026-02-28T13:32:04+01:00,87f82783-853b-417d-8964-b5cf11e44873,41.035567,21.337528,gasResistance,201275
2026-02-28T13:32:04+01:00,87f82783-853b-417d-8964-b5cf11e44873,41.035567,21.337528,humidity,41
2026-02-28T13:32:04+01:00,87f82783-853b-417d-8964-b5cf11e44873,41.035567,21.337528,noise,11
2026-02-28T13:32:04+01:00,87f82783-853b-417d-8964-b5cf11e44873,41.035567,21.337528,noise_dba,24
2026-02-28T13:32:04+01:00,87f82783-853b-417d-8964-b5cf11e44873,41.035567,21.337528,pm10,13
2026-02-28T13:32:04+01:00,87f82783-853b-417d-8964-b5cf11e44873,41.035567,21.337528,pm25,6
2026-02-28T13:32:04+01:00,87f82783-853b-417d-8964-b5cf11e44873,41.035567,21.337528,pressure,951
2026-02-28T13:32:04+01:00,87f82783-853b-417d-8964-b5cf11e44873,41.035567,21.337528,temperature,17
2026-02-28T13:47:36+01:00,87f82783-853b-417d-8964-b5cf11e44873,41.035567,21.337528,gasResistance,202011
2026-02-28T13:47:36+01:00,87f82783-853b-417d-8964-b5cf11e44873,41.035567,21.337528,humidity,41
2026-02-28T13:47:36+01:00,87f82783-853b-417d-8964-b5cf11e44873,41.035567,21.337528,noise,11
2026-02-28T13:47:36+01:00,87f82783-853b-417d-8964-b5cf11e44873,41.035567,21.337528,noise_dba,24
2026-02-28T13:47:36+01:00,87f82783-853b-417d-8964-b5cf11e44873,41.035567,21.337528,pm10,13
2026-02-28T13:47:36+01:00,87f82783-853b-417d-8964-b5cf11e44873,41.035567,21.337528,pm25,7
2026-02-28T13:47:36+01:00,87f82783-853b-417d-8964-b5cf11e44873,41.035567,21.337528,pressure,951
2026-02-28T13:47:36+01:00,87f82783-853b-417d-8964-b5cf11e44873,41.035567,21.337528,temperature,17
2026-02-28T14:03:08+01:00,87f82783-853b-417d-8964-b5cf11e44873,41.035567,21.337528,gasResistance,206024
2026-02-28T14:03:08+01:00,87f82783-853b-417d-8964-b5cf11e44873,41.035567,21.337528,humidity,40
2026-02-28T14:03:08+01:00,87f82783-853b-417d-8964-b5cf11e44873,41.035567,21.337528,noise,11
2026-02-28T14:03:08+01:00,87f82783-853b-417d-8964-b5cf11e44873,41.035567,21.337528,noise_dba,24
2026-02-28T14:03:08+01:00,87f82783-853b-417d-8964-b5cf11e44873,41.035567,21.337528,pm10,9
2026-02-28T14:03:08+01:00,87f82783-853b-417d-8964-b5cf11e44873,41.035567,21.337528,pm25,5
2026-02-28T14:03:08+01:00,87f82783-853b-417d-8964-b5cf11e44873,41.035567,21.337528,pressure,951
2026-02-28T14:03:08+01:00,87f82783-853b-417d-8964-b5cf11e44873,41.035567,21.337528,temperature,17
2026-02-28T14:18:40+01:00,87f82783-853b-417d-8964-b5cf11e44873,41.035567,21.337528,gasResistance,207831
2026-02-28T14:18:40+01:00,87f82783-853b-417d-8964-b5cf11e44873,41.035567,21.337528,humidity,39
2026-02-28T14:18:40+01:00,87f82783-853b-417d-8964-b5cf11e44873,41.035567,21.337528,noise,11
2026-02-28T14:18:40+01:00,87f82783-853b-417d-8964-b5cf11e44873,41.035567,21.337528,noise_dba,24
2026-02-28T14:18:40+01:00,87f82783-853b-417d-8964-b5cf11e44873,41.035567,21.337528,pm10,6
2026-02-28T14:18:40+01:00,87f82783-853b-417d-8964-b5cf11e44873,41.035567,21.337528,pm25,4
2026-02-28T14:18:40+01:00,87f82783-853b-417d-8964-b5cf11e44873,41.035567,21.337528,pressure,951
2026-02-28T14:18:40+01:00,87f82783-853b-417d-8964-b5cf11e44873,41.035567,21.337528,temperature,17
2026-02-28T14:34:11+01:00,87f82783-853b-417d-8964-b5cf11e44873,41.035567,21.337528,gasResistance,206666
2026-02-28T14:34:11+01:00,87f82783-853b-417d-8964-b5cf11e44873,41.035567,21.337528,humidity,39
2026-02-28T14:34:11+01:00,87f82783-853b-417d-8964-b5cf11e44873,41.035567,21.337528,noise,11
2026-02-28T14:34:11+01:00,87f82783-853b-417d-8964-b5cf11e44873,41.035567,21.337528,noise_dba,24
2026-02-28T14:34:11+01:00,87f82783-853b-417d-8964-b5cf11e44873,41.035567,21.337528,pm10,11
2026-02-28T14:34:11+01:00,87f82783-853b-417d-8964-b5cf11e44873,41.035567,21.337528,pm25,7
2026-02-28T14:34:11+01:00,87f82783-853b-417d-8964-b5cf11e44873,41.035567,21.337528,pressure,950
2026-02-28T14:34:11+01:00,87f82783-853b-417d-8964-b5cf11e44873,41.035567,21.337528,temperature,17
2026-02-28T14:49:43+01:00,87f82783-853b-417d-8964-b5cf11e44873,41.035567,21.337528,gasResistance,207312
2026-02-28T14:49:43+01:00,87f82783-853b-417d-8964-b5cf11e44873,41.035567,21.337528,humidity,37
2026-02-28T14:49:43+01:00,87f82783-853b-417d-8964-b5cf11e44873,41.035567,21.337528,noise,12
2026-02-28T14:49:43+01:00,87f82783-853b-417d-8964-b5cf11e44873,41.035567,21.337528,noise_dba,25
2026-02-28T14:49:43+01:00,87f82783-853b-417d-8964-b5cf11e44873,41.035567,21.337528,pm10,11
2026-02-28T14:49:43+01:00,87f82783-853b-417d-8964-b5cf11e44873,41.035567,21.337528,pm25,6
2026-02-28T14:49:43+01:00,87f82783-853b-417d-8964-b5cf11e44873,41.035567,21.337528,pressure,950
2026-02-28T14:49:43+01:00,87f82783-853b-417d-8964-b5cf11e44873,41.035567,21.337528,temperature,18
2026-02-28T15:05:14+01:00,87f82783-853b-417d-8964-b5cf11e44873,41.035567,21.337528,gasResistance,211541
2026-02-28T15:05:14+01:00,87f82783-853b-417d-8964-b5cf11e44873,41.035567,21.337528,humidity,37
2026-02-28T15:05:14+01:00,87f82783-853b-417d-8964-b5cf11e44873,41.035567,21.337528,noise,12
2026-02-28T15:05:14+01:00,87f82783-853b-417d-8964-b5cf11e44873,41.035567,21.337528,noise_dba,25
2026-02-28T15:05:14+01:00,87f82783-853b-417d-8964-b5cf11e44873,41.035567,21.337528,pm10,8
2026-02-28T15:05:14+01:00,87f82783-853b-417d-8964-b5cf11e44873,41.035567,21.337528,pm25,4
2026-02-28T15:05:14+01:00,87f82783-853b-417d-8964-b5cf11e44873,41.035567,21.337528,pressure,950
2026-02-28T15:05:14+01:00,87f82783-853b-417d-8964-b5cf11e44873,41.035567,21.337528,temperature,18
2026-02-28T15:20:46+01:00,87f82783-853b-417d-8964-b5cf11e44873,41.035567,21.337528,gasResistance,215526
2026-02-28T15:20:46+01:00,87f82783-853b-417d-8964-b5cf11e44873,41.035567,21.337528,humidity,35
2026-02-28T15:20:46+01:00,87f82783-853b-417d-8964-b5cf11e44873,41.035567,21.337528,noise,12
2026-02-28T15:20:46+01:00,87f82783-853b-417d-8964-b5cf11e44873,41.035567,21.337528,noise_dba,25
2026-02-28T15:20:46+01:00,87f82783-853b-417d-8964-b5cf11e44873,41.035567,21.337528,pm10,8
2026-02-28T15:20:46+01:00,87f82783-853b-417d-8964-b5cf11e44873,41.035567,21.337528,pm25,4
2026-02-28T15:20:46+01:00,87f82783-853b-417d-8964-b5cf11e44873,41.035567,21.337528,pressure,950
2026-02-28T15:20:46+01:00,87f82783-853b-417d-8964-b5cf11e44873,41.035567,21.337528,temperature,18
2026-02-28T15:36:19+01:00,87f82783-853b-417d-8964-b5cf11e44873,41.035567,21.337528,gasResistance,212490
2026-02-28T15:36:19+01:00,87f82783-853b-417d-8964-b5cf11e44873,41.035567,21.337528,humidity,36
2026-02-28T15:36:19+01:00,87f82783-853b-417d-8964-b5cf11e44873,41.035567,21.337528,noise,12
2026-02-28T15:36:19+01:00,87f82783-853b-417d-8964-b5cf11e44873,41.035567,21.337528,noise_dba,25
2026-02-28T15:36:19+01:00,87f82783-853b-417d-8964-b5cf11e44873,41.035567,21.337528,pm10,6
2026-02-28T15:36:19+01:00,87f82783-853b-417d-8964-b5cf11e44873,41.035567,21.337528,pm25,4
2026-02-28T15:36:19+01:00,87f82783-853b-417d-8964-b5cf11e44873,41.035567,21.337528,pressure,950
2026-02-28T15:36:19+01:00,87f82783-853b-417d-8964-b5cf11e44873,41.035567,21.337528,temperature,18
2026-02-28T15:51:51+01:00,87f82783-853b-417d-8964-b5cf11e44873,41.035567,21.337528,gasResistance,210869
2026-02-28T15:51:51+01:00,87f82783-853b-417d-8964-b5cf11e44873,41.035567,21.337528,humidity,36
2026-02-28T15:51:51+01:00,87f82783-853b-417d-8964-b5cf11e44873,41.035567,21.337528,noise,13
2026-02-28T15:51:51+01:00,87f82783-853b-417d-8964-b5cf11e44873,41.035567,21.337528,noise_dba,27
2026-02-28T15:51:51+01:00,87f82783-853b-417d-8964-b5cf11e44873,41.035567,21.337528,pm10,8
2026-02-28T15:51:51+01:00,87f82783-853b-417d-8964-b5cf11e44873,41.035567,21.337528,pm25,4
2026-02-28T15:51:51+01:00,87f82783-853b-417d-8964-b5cf11e44873,41.035567,21.337528,pressure,950
2026-02-28T15:51:51+01:00,87f82783-853b-417d-8964-b5cf11e44873,41.035567,21.337528,temperature,18
2026-02-28T16:07:22+01:00,87f82783-853b-417d-8964-b5cf11e44873,41.035567,21.337528,gasResistance,214273
2026-02-28T16:07:22+01:00,87f82783-853b-417d-8964-b5cf11e44873,41.035567,21.337528,humidity,36
2026-02-28T16:07:22+01:00,87f82783-853b-417d-8964-b5cf11e44873,41.035567,21.337528,noise,12
2026-02-28T16:07:22+01:00,87f82783-853b-417d-8964-b5cf11e44873,41.035567,21.337528,noise_dba,25
2026-02-28T16:07:22+01:00,87f82783-853b-417d-8964-b5cf11e44873,41.035567,21.337528,pm10,10
2026-02-28T16:07:22+01:00,87f82783-853b-417d-8964-b5cf11e44873,41.035567,21.337528,pm25,6
2026-02-28T16:07:22+01:00,87f82783-853b-417d-8964-b5cf11e44873,41.035567,21.337528,pressure,950
2026-02-28T16:07:22+01:00,87f82783-853b-417d-8964-b5cf11e44873,41.035567,21.337528,temperature,18
2026-02-28T16:22:54+01:00,87f82783-853b-417d-8964-b5cf11e44873,41.035567,21.337528,gasResistance,214273
2026-02-28T16:22:54+01:00,87f82783-853b-417d-8964-b5cf11e44873,41.035567,21.337528,humidity,37
2026-02-28T16:22:54+01:00,87f82783-853b-417d-8964-b5cf11e44873,41.035567,21.337528,noise,12
2026-02-28T16:22:54+01:00,87f82783-853b-417d-8964-b5cf11e44873,41.035567,21.337528,noise_dba,25
2026-02-28T16:22:54+01:00,87f82783-853b-417d-8964-b5cf11e44873,41.035567,21.337528,pm10,9
2026-02-28T16:22:54+01:00,87f82783-853b-417d-8964-b5cf11e44873,41.035567,21.337528,pm25,5
2026-02-28T16:22:54+01:00,87f82783-853b-417d-8964-b5cf11e44873,41.035567,21.337528,pressure,950
2026-02-28T16:22:54+01:00,87f82783-853b-417d-8964-b5cf11e44873,41.035567,21.337528,temperature,18
2026-02-28T16:38:25+01:00,87f82783-853b-417d-8964-b5cf11e44873,41.035567,21.337528,gasResistance,212082
2026-02-28T16:38:25+01:00,87f82783-853b-417d-8964-b5cf11e44873,41.035567,21.337528,humidity,39
2026-02-28T16:38:25+01:00,87f82783-853b-417d-8964-b5cf11e44873,41.035567,21.337528,noise,12
2026-02-28T16:38:25+01:00,87f82783-853b-417d-8964-b5cf11e44873,41.035567,21.337528,noise_dba,25
2026-02-28T16:38:25+01:00,87f82783-853b-417d-8964-b5cf11e44873,41.035567,21.337528,pm10,11
2026-02-28T16:38:25+01:00,87f82783-853b-417d-8964-b5cf11e44873,41.035567,21.337528,pm25,6
2026-02-28T16:38:25+01:00,87f82783-853b-417d-8964-b5cf11e44873,41.035567,21.337528,pressure,950
2026-02-28T16:38:25+01:00,87f82783-853b-417d-8964-b5cf11e44873,41.035567,21.337528,temperature,17
2026-02-28T16:53:57+01:00,87f82783-853b-417d-8964-b5cf11e44873,41.035567,21.337528,gasResistance,215526
2026-02-28T16:53:57+01:00,87f82783-853b-417d-8964-b5cf11e44873,41.035567,21.337528,humidity,41
2026-02-28T16:53:57+01:00,87f82783-853b-417d-8964-b5cf11e44873,41.035567,21.337528,noise,12
2026-02-28T16:53:57+01:00,87f82783-853b-417d-8964-b5cf11e44873,41.035567,21.337528,noise_dba,25
2026-02-28T16:53:57+01:00,87f82783-853b-417d-8964-b5cf11e44873,41.035567,21.337528,pm10,13
2026-02-28T16:53:57+01:00,87f82783-853b-417d-8964-b5cf11e44873,41.035567,21.337528,pm25,8
2026-02-28T16:53:57+01:00,87f82783-853b-417d-8964-b5cf11e44873,41.035567,21.337528,pressure,950
2026-02-28T16:53:57+01:00,87f82783-853b-417d-8964-b5cf11e44873,41.035567,21.337528,temperature,17
2026-02-28T17:09:28+01:00,87f82783-853b-417d-8964-b5cf11e44873,41.035567,21.337528,gasResistance,217933
2026-02-28T17:09:28+01:00,87f82783-853b-417d-8964-b5cf11e44873,41.035567,21.337528,humidity,42
2026-02-28T17:09:28+01:00,87f82783-853b-417d-8964-b5cf11e44873,41.035567,21.337528,noise,11
2026-02-28T17:09:28+01:00,87f82783-853b-417d-8964-b5cf11e44873,41.035567,21.337528,noise_dba,24
2026-02-28T17:09:28+01:00,87f82783-853b-417d-8964-b5cf11e44873,41.035567,21.337528,pm10,20
2026-02-28T17:09:28+01:00,87f82783-853b-417d-8964-b5cf11e44873,41.035567,21.337528,pm25,11
2026-02-28T17:09:28+01:00,87f82783-853b-417d-8964-b5cf11e44873,41.035567,21.337528,pressure,950
2026-02-28T17:09:28+01:00,87f82783-853b-417d-8964-b5cf11e44873,41.035567,21.337528,temperature,16
2026-02-28T17:25:00+01:00,87f82783-853b-417d-8964-b5cf11e44873,41.035567,21.337528,gasResistance,215386
2026-02-28T17:25:00+01:00,87f82783-853b-417d-8964-b5cf11e44873,41.035567,21.337528,humidity,44
2026-02-28T17:25:00+01:00,87f82783-853b-417d-8964-b5cf11e44873,41.035567,21.337528,noise,11
2026-02-28T17:25:00+01:00,87f82783-853b-417d-8964-b5cf11e44873,41.035567,21.337528,noise_dba,24
2026-02-28T17:25:00+01:00,87f82783-853b-417d-8964-b5cf11e44873,41.035567,21.337528,pm10,24
2026-02-28T17:25:00+01:00,87f82783-853b-417d-8964-b5cf11e44873,41.035567,21.337528,pm25,15
2026-02-28T17:25:00+01:00,87f82783-853b-417d-8964-b5cf11e44873,41.035567,21.337528,pressure,950
2026-02-28T17:25:00+01:00,87f82783-853b-417d-8964-b5cf11e44873,41.035567,21.337528,temperature,16
2026-02-28T17:40:31+01:00,87f82783-853b-417d-8964-b5cf11e44873,41.035567,21.337528,gasResistance,212626
2026-02-28T17:40:31+01:00,87f82783-853b-417d-8964-b5cf11e44873,41.035567,21.337528,humidity,46
2026-02-28T17:40:31+01:00,87f82783-853b-417d-8964-b5cf11e44873,41.035567,21.337528,noise,12
2026-02-28T17:40:31+01:00,87f82783-853b-417d-8964-b5cf11e44873,41.035567,21.337528,noise_dba,25
2026-02-28T17:40:31+01:00,87f82783-853b-417d-8964-b5cf11e44873,41.035567,21.337528,pm10,37
2026-02-28T17:40:31+01:00,87f82783-853b-417d-8964-b5cf11e44873,41.035567,21.337528,pm25,21
2026-02-28T17:40:31+01:00,87f82783-853b-417d-8964-b5cf11e44873,41.035567,21.337528,pressure,950
2026-02-28T17:40:31+01:00,87f82783-853b-417d-8964-b5cf11e44873,41.035567,21.337528,temperature,15
2026-02-28T17:56:03+01:00,87f82783-853b-417d-8964-b5cf11e44873,41.035567,21.337528,gasResistance,209935
2026-02-28T17:56:03+01:00,87f82783-853b-417d-8964-b5cf11e44873,41.035567,21.337528,humidity,46
2026-02-28T17:56:03+01:00,87f82783-853b-417d-8964-b5cf11e44873,41.035567,21.337528,noise,11
2026-02-28T17:56:03+01:00,87f82783-853b-417d-8964-b5cf11e44873,41.035567,21.337528,noise_dba,24
2026-02-28T17:56:03+01:00,87f82783-853b-417d-8964-b5cf11e44873,41.035567,21.337528,pm10,17
2026-02-28T17:56:03+01:00,87f82783-853b-417d-8964-b5cf11e44873,41.035567,21.337528,pm25,13
2026-02-28T17:56:03+01:00,87f82783-853b-417d-8964-b5cf11e44873,41.035567,21.337528,pressure,951
2026-02-28T17:56:03+01:00,87f82783-853b-417d-8964-b5cf11e44873,41.035567,21.337528,temperature,15
2026-02-28T18:11:39+01:00,87f82783-853b-417d-8964-b5cf11e44873,41.035567,21.337528,gasResistance,214135
2026-02-28T18:11:39+01:00,87f82783-853b-417d-8964-b5cf11e44873,41.035567,21.337528,humidity,49
2026-02-28T18:11:39+01:00,87f82783-853b-417d-8964-b5cf11e44873,41.035567,21.337528,noise,12
2026-02-28T18:11:39+01:00,87f82783-853b-417d-8964-b5cf11e44873,41.035567,21.337528,noise_dba,25
2026-02-28T18:11:39+01:00,87f82783-853b-417d-8964-b5cf11e44873,41.035567,21.337528,pm10,20
2026-02-28T18:11:39+01:00,87f82783-853b-417d-8964-b5cf11e44873,41.035567,21.337528,pm25,13
2026-02-28T18:11:39+01:00,87f82783-853b-417d-8964-b5cf11e44873,41.035567,21.337528,pressure,951
2026-02-28T18:11:39+01:00,87f82783-853b-417d-8964-b5cf11e44873,41.035567,21.337528,temperature,14
2026-02-28T18:27:11+01:00,87f82783-853b-417d-8964-b5cf11e44873,41.035567,21.337528,gasResistance,211676
2026-02-28T18:27:11+01:00,87f82783-853b-417d-8964-b5cf11e44873,41.035567,21.337528,humidity,49
2026-02-28T18:27:11+01:00,87f82783-853b-417d-8964-b5cf11e44873,41.035567,21.337528,noise,11
2026-02-28T18:27:11+01:00,87f82783-853b-417d-8964-b5cf11e44873,41.035567,21.337528,noise_dba,24
2026-02-28T18:27:11+01:00,87f82783-853b-417d-8964-b5cf11e44873,41.035567,21.337528,pm10,40
2026-02-28T18:27:11+01:00,87f82783-853b-417d-8964-b5cf11e44873,41.035567,21.337528,pm25,24
2026-02-28T18:27:11+01:00,87f82783-853b-417d-8964-b5cf11e44873,41.035567,21.337528,pressure,951
2026-02-28T18:27:11+01:00,87f82783-853b-417d-8964-b5cf11e44873,41.035567,21.337528,temperature,14
2026-02-28T18:42:43+01:00,87f82783-853b-417d-8964-b5cf11e44873,41.035567,21.337528,gasResistance,198863
2026-02-28T18:42:43+01:00,87f82783-853b-417d-8964-b5cf11e44873,41.035567,21.337528,humidity,50
2026-02-28T18:42:43+01:00,87f82783-853b-417d-8964-b5cf11e44873,41.035567,21.337528,noise,11
2026-02-28T18:42:43+01:00,87f82783-853b-417d-8964-b5cf11e44873,41.035567,21.337528,noise_dba,24
2026-02-28T18:42:43+01:00,87f82783-853b-417d-8964-b5cf11e44873,41.035567,21.337528,pm10,63
2026-02-28T18:42:43+01:00,87f82783-853b-417d-8964-b5cf11e44873,41.035567,21.337528,pm25,40
2026-02-28T18:42:43+01:00,87f82783-853b-417d-8964-b5cf11e44873,41.035567,21.337528,pressure,951
2026-02-28T18:42:43+01:00,87f82783-853b-417d-8964-b5cf11e44873,41.035567,21.337528,temperature,13
2026-02-28T18:58:15+01:00,87f82783-853b-417d-8964-b5cf11e44873,41.035567,21.337528,gasResistance,186563
2026-02-28T18:58:15+01:00,87f82783-853b-417d-8964-b5cf11e44873,41.035567,21.337528,humidity,50
2026-02-28T18:58:15+01:00,87f82783-853b-417d-8964-b5cf11e44873,41.035567,21.337528,noise,11
2026-02-28T18:58:15+01:00,87f82783-853b-417d-8964-b5cf11e44873,41.035567,21.337528,noise_dba,24
2026-02-28T18:58:15+01:00,87f82783-853b-417d-8964-b5cf11e44873,41.035567,21.337528,pm10,149
2026-02-28T18:58:15+01:00,87f82783-853b-417d-8964-b5cf11e44873,41.035567,21.337528,pm25,72
2026-02-28T18:58:15+01:00,87f82783-853b-417d-8964-b5cf11e44873,41.035567,21.337528,pressure,951
2026-02-28T18:58:15+01:00,87f82783-853b-417d-8964-b5cf11e44873,41.035567,21.337528,temperature,13
2026-02-28T19:13:46+01:00,87f82783-853b-417d-8964-b5cf11e44873,41.035567,21.337528,gasResistance,182235
2026-02-28T19:13:46+01:00,87f82783-853b-417d-8964-b5cf11e44873,41.035567,21.337528,humidity,50
2026-02-28T19:13:46+01:00,87f82783-853b-417d-8964-b5cf11e44873,41.035567,21.337528,noise,11
2026-02-28T19:13:46+01:00,87f82783-853b-417d-8964-b5cf11e44873,41.035567,21.337528,noise_dba,24
2026-02-28T19:13:46+01:00,87f82783-853b-417d-8964-b5cf11e44873,41.035567,21.337528,pm10,65
2026-02-28T19:13:46+01:00,87f82783-853b-417d-8964-b5cf11e44873,41.035567,21.337528,pm25,39
2026-02-28T19:13:46+01:00,87f82783-853b-417d-8964-b5cf11e44873,41.035567,21.337528,pressure,951
2026-02-28T19:13:46+01:00,87f82783-853b-417d-8964-b5cf11e44873,41.035567,21.337528,temperature,13
2026-02-28T19:29:18+01:00,87f82783-853b-417d-8964-b5cf11e44873,41.035567,21.337528,gasResistance,173790
2026-02-28T19:29:18+01:00,87f82783-853b-417d-8964-b5cf11e44873,41.035567,21.337528,humidity,50
2026-02-28T19:29:18+01:00,87f82783-853b-417d-8964-b5cf11e44873,41.035567,21.337528,noise,11
2026-02-28T19:29:18+01:00,87f82783-853b-417d-8964-b5cf11e44873,41.035567,21.337528,noise_dba,24
2026-02-28T19:29:18+01:00,87f82783-853b-417d-8964-b5cf11e44873,41.035567,21.337528,pm10,105
2026-02-28T19:29:18+01:00,87f82783-853b-417d-8964-b5cf11e44873,41.035567,21.337528,pm25,70
2026-02-28T19:29:18+01:00,87f82783-853b-417d-8964-b5cf11e44873,41.035567,21.337528,pressure,951
2026-02-28T19:29:18+01:00,87f82783-853b-417d-8964-b5cf11e44873,41.035567,21.337528,temperature,12
2026-02-28T19:44:49+01:00,87f82783-853b-417d-8964-b5cf11e44873,41.035567,21.337528,gasResistance,171146
2026-02-28T19:44:49+01:00,87f82783-853b-417d-8964-b5cf11e44873,41.035567,21.337528,humidity,51
2026-02-28T19:44:49+01:00,87f82783-853b-417d-8964-b5cf11e44873,41.035567,21.337528,noise,12
2026-02-28T19:44:49+01:00,87f82783-853b-417d-8964-b5cf11e44873,41.035567,21.337528,noise_dba,25
2026-02-28T19:44:49+01:00,87f82783-853b-417d-8964-b5cf11e44873,41.035567,21.337528,pm10,61
2026-02-28T19:44:49+01:00,87f82783-853b-417d-8964-b5cf11e44873,41.035567,21.337528,pm25,40
2026-02-28T19:44:49+01:00,87f82783-853b-417d-8964-b5cf11e44873,41.035567,21.337528,pressure,951
2026-02-28T19:44:49+01:00,87f82783-853b-417d-8964-b5cf11e44873,41.035567,21.337528,temperature,12
2026-02-28T20:00:21+01:00,87f82783-853b-417d-8964-b5cf11e44873,41.035567,21.337528,gasResistance,167245
2026-02-28T20:00:21+01:00,87f82783-853b-417d-8964-b5cf11e44873,41.035567,21.337528,humidity,52
2026-02-28T20:00:21+01:00,87f82783-853b-417d-8964-b5cf11e44873,41.035567,21.337528,noise,11
2026-02-28T20:00:21+01:00,87f82783-853b-417d-8964-b5cf11e44873,41.035567,21.337528,noise_dba,24
2026-02-28T20:00:21+01:00,87f82783-853b-417d-8964-b5cf11e44873,41.035567,21.337528,pm10,94
2026-02-28T20:00:21+01:00,87f82783-853b-417d-8964-b5cf11e44873,41.035567,21.337528,pm25,60
2026-02-28T20:00:21+01:00,87f82783-853b-417d-8964-b5cf11e44873,41.035567,21.337528,pressure,951
2026-02-28T20:00:21+01:00,87f82783-853b-417d-8964-b5cf11e44873,41.035567,21.337528,temperature,12
2026-02-28T20:15:52+01:00,87f82783-853b-417d-8964-b5cf11e44873,41.035567,21.337528,gasResistance,164634
2026-02-28T20:15:52+01:00,87f82783-853b-417d-8964-b5cf11e44873,41.035567,21.337528,humidity,53
2026-02-28T20:15:52+01:00,87f82783-853b-417d-8964-b5cf11e44873,41.035567,21.337528,noise,12
2026-02-28T20:15:52+01:00,87f82783-853b-417d-8964-b5cf11e44873,41.035567,21.337528,noise_dba,25
2026-02-28T20:15:52+01:00,87f82783-853b-417d-8964-b5cf11e44873,41.035567,21.337528,pm10,50
2026-02-28T20:15:52+01:00,87f82783-853b-417d-8964-b5cf11e44873,41.035567,21.337528,pm25,32
2026-02-28T20:15:52+01:00,87f82783-853b-417d-8964-b5cf11e44873,41.035567,21.337528,pressure,951
2026-02-28T20:15:52+01:00,87f82783-853b-417d-8964-b5cf11e44873,41.035567,21.337528,temperature,11
2026-02-28T20:31:23+01:00,87f82783-853b-417d-8964-b5cf11e44873,41.035567,21.337528,gasResistance,162104
2026-02-28T20:31:23+01:00,87f82783-853b-417d-8964-b5cf11e44873,41.035567,21.337528,humidity,53
2026-02-28T20:31:23+01:00,87f82783-853b-417d-8964-b5cf11e44873,41.035567,21.337528,noise,11
2026-02-28T20:31:23+01:00,87f82783-853b-417d-8964-b5cf11e44873,41.035567,21.337528,noise_dba,24
2026-02-28T20:31:23+01:00,87f82783-853b-417d-8964-b5cf11e44873,41.035567,21.337528,pm10,75
2026-02-28T20:31:23+01:00,87f82783-853b-417d-8964-b5cf11e44873,41.035567,21.337528,pm25,50
2026-02-28T20:31:23+01:00,87f82783-853b-417d-8964-b5cf11e44873,41.035567,21.337528,pressure,952
2026-02-28T20:31:23+01:00,87f82783-853b-417d-8964-b5cf11e44873,41.035567,21.337528,temperature,11
2026-02-28T20:46:55+01:00,87f82783-853b-417d-8964-b5cf11e44873,41.035567,21.337528,gasResistance,164956
2026-02-28T20:46:55+01:00,87f82783-853b-417d-8964-b5cf11e44873,41.035567,21.337528,humidity,53
2026-02-28T20:46:55+01:00,87f82783-853b-417d-8964-b5cf11e44873,41.035567,21.337528,noise,11
2026-02-28T20:46:55+01:00,87f82783-853b-417d-8964-b5cf11e44873,41.035567,21.337528,noise_dba,24
2026-02-28T20:46:55+01:00,87f82783-853b-417d-8964-b5cf11e44873,41.035567,21.337528,pm10,43
2026-02-28T20:46:55+01:00,87f82783-853b-417d-8964-b5cf11e44873,41.035567,21.337528,pm25,27
2026-02-28T20:46:55+01:00,87f82783-853b-417d-8964-b5cf11e44873,41.035567,21.337528,pressure,952
2026-02-28T20:46:55+01:00,87f82783-853b-417d-8964-b5cf11e44873,41.035567,21.337528,temperature,10
2026-02-28T21:02:26+01:00,87f82783-853b-417d-8964-b5cf11e44873,41.035567,21.337528,gasResistance,167245
2026-02-28T21:02:26+01:00,87f82783-853b-417d-8964-b5cf11e44873,41.035567,21.337528,humidity,54
2026-02-28T21:02:26+01:00,87f82783-853b-417d-8964-b5cf11e44873,41.035567,21.337528,noise,11
2026-02-28T21:02:26+01:00,87f82783-853b-417d-8964-b5cf11e44873,41.035567,21.337528,noise_dba,24
2026-02-28T21:02:26+01:00,87f82783-853b-417d-8964-b5cf11e44873,41.035567,21.337528,pm10,78
2026-02-28T21:02:26+01:00,87f82783-853b-417d-8964-b5cf11e44873,41.035567,21.337528,pm25,46
2026-02-28T21:02:26+01:00,87f82783-853b-417d-8964-b5cf11e44873,41.035567,21.337528,pressure,952
2026-02-28T21:02:26+01:00,87f82783-853b-417d-8964-b5cf11e44873,41.035567,21.337528,temperature,10
2026-02-28T21:17:58+01:00,87f82783-853b-417d-8964-b5cf11e44873,41.035567,21.337528,gasResistance,169428
2026-02-28T21:17:58+01:00,87f82783-853b-417d-8964-b5cf11e44873,41.035567,21.337528,humidity,54
2026-02-28T21:17:58+01:00,87f82783-853b-417d-8964-b5cf11e44873,41.035567,21.337528,noise,11
2026-02-28T21:17:58+01:00,87f82783-853b-417d-8964-b5cf11e44873,41.035567,21.337528,noise_dba,24
2026-02-28T21:17:58+01:00,87f82783-853b-417d-8964-b5cf11e44873,41.035567,21.337528,pm10,44
2026-02-28T21:17:58+01:00,87f82783-853b-417d-8964-b5cf11e44873,41.035567,21.337528,pm25,29
2026-02-28T21:17:58+01:00,87f82783-853b-417d-8964-b5cf11e44873,41.035567,21.337528,pressure,952
2026-02-28T21:17:58+01:00,87f82783-853b-417d-8964-b5cf11e44873,41.035567,21.337528,temperature,10
2026-02-28T21:33:29+01:00,87f82783-853b-417d-8964-b5cf11e44873,41.035567,21.337528,gasResistance,171146
2026-02-28T21:33:29+01:00,87f82783-853b-417d-8964-b5cf11e44873,41.035567,21.337528,humidity,55
2026-02-28T21:33:29+01:00,87f82783-853b-417d-8964-b5cf11e44873,41.035567,21.337528,noise,11
2026-02-28T21:33:29+01:00,87f82783-853b-417d-8964-b5cf11e44873,41.035567,21.337528,noise_dba,24
2026-02-28T21:33:29+01:00,87f82783-853b-417d-8964-b5cf11e44873,41.035567,21.337528,pm10,32
2026-02-28T21:33:29+01:00,87f82783-853b-417d-8964-b5cf11e44873,41.035567,21.337528,pm25,18
2026-02-28T21:33:29+01:00,87f82783-853b-417d-8964-b5cf11e44873,41.035567,21.337528,pressure,952
2026-02-28T21:33:29+01:00,87f82783-853b-417d-8964-b5cf11e44873,41.035567,21.337528,temperature,10
2026-02-28T21:49:00+01:00,87f82783-853b-417d-8964-b5cf11e44873,41.035567,21.337528,gasResistance,172723
2026-02-28T21:49:00+01:00,87f82783-853b-417d-8964-b5cf11e44873,41.035567,21.337528,humidity,56
2026-02-28T21:49:00+01:00,87f82783-853b-417d-8964-b5cf11e44873,41.035567,21.337528,noise,11
2026-02-28T21:49:00+01:00,87f82783-853b-417d-8964-b5cf11e44873,41.035567,21.337528,noise_dba,24
2026-02-28T21:49:00+01:00,87f82783-853b-417d-8964-b5cf11e44873,41.035567,21.337528,pm10,25
2026-02-28T21:49:00+01:00,87f82783-853b-417d-8964-b5cf11e44873,41.035567,21.337528,pm25,16
2026-02-28T21:49:00+01:00,87f82783-853b-417d-8964-b5cf11e44873,41.035567,21.337528,pressure,952
2026-02-28T21:49:00+01:00,87f82783-853b-417d-8964-b5cf11e44873,41.035567,21.337528,temperature,9
2026-02-28T22:04:31+01:00,87f82783-853b-417d-8964-b5cf11e44873,41.035567,21.337528,gasResistance,175598
2026-02-28T22:04:31+01:00,87f82783-853b-417d-8964-b5cf11e44873,41.035567,21.337528,humidity,56
2026-02-28T22:04:31+01:00,87f82783-853b-417d-8964-b5cf11e44873,41.035567,21.337528,noise,11
2026-02-28T22:04:31+01:00,87f82783-853b-417d-8964-b5cf11e44873,41.035567,21.337528,noise_dba,24
2026-02-28T22:04:31+01:00,87f82783-853b-417d-8964-b5cf11e44873,41.035567,21.337528,pm10,28
2026-02-28T22:04:31+01:00,87f82783-853b-417d-8964-b5cf11e44873,41.035567,21.337528,pm25,15
2026-02-28T22:04:31+01:00,87f82783-853b-417d-8964-b5cf11e44873,41.035567,21.337528,pressure,952
2026-02-28T22:04:31+01:00,87f82783-853b-417d-8964-b5cf11e44873,41.035567,21.337528,temperature,9
2026-02-28T22:20:04+01:00,87f82783-853b-417d-8964-b5cf11e44873,41.035567,21.337528,gasResistance,178761
2026-02-28T22:20:04+01:00,87f82783-853b-417d-8964-b5cf11e44873,41.035567,21.337528,humidity,56
2026-02-28T22:20:04+01:00,87f82783-853b-417d-8964-b5cf11e44873,41.035567,21.337528,noise,12
2026-02-28T22:20:04+01:00,87f82783-853b-417d-8964-b5cf11e44873,41.035567,21.337528,noise_dba,25
2026-02-28T22:20:04+01:00,87f82783-853b-417d-8964-b5cf11e44873,41.035567,21.337528,pm10,70
2026-02-28T22:20:04+01:00,87f82783-853b-417d-8964-b5cf11e44873,41.035567,21.337528,pm25,38
2026-02-28T22:20:04+01:00,87f82783-853b-417d-8964-b5cf11e44873,41.035567,21.337528,pressure,952
2026-02-28T22:20:04+01:00,87f82783-853b-417d-8964-b5cf11e44873,41.035567,21.337528,temperature,9
2026-02-28T22:35:35+01:00,87f82783-853b-417d-8964-b5cf11e44873,41.035567,21.337528,gasResistance,177632
2026-02-28T22:35:35+01:00,87f82783-853b-417d-8964-b5cf11e44873,41.035567,21.337528,humidity,56
2026-02-28T22:35:35+01:00,87f82783-853b-417d-8964-b5cf11e44873,41.035567,21.337528,noise,11
2026-02-28T22:35:35+01:00,87f82783-853b-417d-8964-b5cf11e44873,41.035567,21.337528,noise_dba,24
2026-02-28T22:35:35+01:00,87f82783-853b-417d-8964-b5cf11e44873,41.035567,21.337528,pm10,81
2026-02-28T22:35:35+01:00,87f82783-853b-417d-8964-b5cf11e44873,41.035567,21.337528,pm25,44
2026-02-28T22:35:35+01:00,87f82783-853b-417d-8964-b5cf11e44873,41.035567,21.337528,pressure,952
2026-02-28T22:35:35+01:00,87f82783-853b-417d-8964-b5cf11e44873,41.035567,21.337528,temperature,9
2026-02-28T22:51:07+01:00,87f82783-853b-417d-8964-b5cf11e44873,41.035567,21.337528,gasResistance,175965
2026-02-28T22:51:07+01:00,87f82783-853b-417d-8964-b5cf11e44873,41.035567,21.337528,humidity,57
2026-02-28T22:51:07+01:00,87f82783-853b-417d-8964-b5cf11e44873,41.035567,21.337528,noise,11
2026-02-28T22:51:07+01:00,87f82783-853b-417d-8964-b5cf11e44873,41.035567,21.337528,noise_dba,24
2026-02-28T22:51:07+01:00,87f82783-853b-417d-8964-b5cf11e44873,41.035567,21.337528,pm10,96
2026-02-28T22:51:07+01:00,87f82783-853b-417d-8964-b5cf11e44873,41.035567,21.337528,pm25,51
2026-02-28T22:51:07+01:00,87f82783-853b-417d-8964-b5cf11e44873,41.035567,21.337528,pressure,952
2026-02-28T22:51:07+01:00,87f82783-853b-417d-8964-b5cf11e44873,41.035567,21.337528,temperature,9
2026-02-28T23:06:38+01:00,87f82783-853b-417d-8964-b5cf11e44873,41.035567,21.337528,gasResistance,176702
2026-02-28T23:06:38+01:00,87f82783-853b-417d-8964-b5cf11e44873,41.035567,21.337528,humidity,58
2026-02-28T23:06:38+01:00,87f82783-853b-417d-8964-b5cf11e44873,41.035567,21.337528,noise,11
2026-02-28T23:06:38+01:00,87f82783-853b-417d-8964-b5cf11e44873,41.035567,21.337528,noise_dba,24
2026-02-28T23:06:38+01:00,87f82783-853b-417d-8964-b5cf11e44873,41.035567,21.337528,pm10,59
2026-02-28T23:06:38+01:00,87f82783-853b-417d-8964-b5cf11e44873,41.035567,21.337528,pm25,31
2026-02-28T23:06:38+01:00,87f82783-853b-417d-8964-b5cf11e44873,41.035567,21.337528,pressure,952
2026-02-28T23:06:38+01:00,87f82783-853b-417d-8964-b5cf11e44873,41.035567,21.337528,temperature,9
2026-02-28T23:22:09+01:00,87f82783-853b-417d-8964-b5cf11e44873,41.035567,21.337528,gasResistance,181647
2026-02-28T23:22:09+01:00,87f82783-853b-417d-8964-b5cf11e44873,41.035567,21.337528,humidity,58
2026-02-28T23:22:09+01:00,87f82783-853b-417d-8964-b5cf11e44873,41.035567,21.337528,noise,11
2026-02-28T23:22:09+01:00,87f82783-853b-417d-8964-b5cf11e44873,41.035567,21.337528,noise_dba,24
2026-02-28T23:22:09+01:00,87f82783-853b-417d-8964-b5cf11e44873,41.035567,21.337528,pm10,24
2026-02-28T23:22:09+01:00,87f82783-853b-417d-8964-b5cf11e44873,41.035567,21.337528,pm25,12
2026-02-28T23:22:09+01:00,87f82783-853b-417d-8964-b5cf11e44873,41.035567,21.337528,pressure,952
2026-02-28T23:22:09+01:00,87f82783-853b-417d-8964-b5cf11e44873,41.035567,21.337528,temperature,8
2026-02-28T23:37:41+01:00,87f82783-853b-417d-8964-b5cf11e44873,41.035567,21.337528,gasResistance,185936
2026-02-28T23:37:41+01:00,87f82783-853b-417d-8964-b5cf11e44873,41.035567,21.337528,humidity,58
2026-02-28T23:37:41+01:00,87f82783-853b-417d-8964-b5cf11e44873,41.035567,21.337528,noise,11
2026-02-28T23:37:41+01:00,87f82783-853b-417d-8964-b5cf11e44873,41.035567,21.337528,noise_dba,24
2026-02-28T23:37:41+01:00,87f82783-853b-417d-8964-b5cf11e44873,41.035567,21.337528,pm10,97
2026-02-28T23:37:41+01:00,87f82783-853b-417d-8964-b5cf11e44873,41.035567,21.337528,pm25,51
2026-02-28T23:37:41+01:00,87f82783-853b-417d-8964-b5cf11e44873,41.035567,21.337528,pressure,952
2026-02-28T23:37:41+01:00,87f82783-853b-417d-8964-b5cf11e44873,41.035567,21.337528,temperature,8
2026-02-28T23:53:12+01:00,87f82783-853b-417d-8964-b5cf11e44873,41.035567,21.337528,gasResistance,186144
2026-02-28T23:53:12+01:00,87f82783-853b-417d-8964-b5cf11e44873,41.035567,21.337528,humidity,58
2026-02-28T23:53:12+01:00,87f82783-853b-417d-8964-b5cf11e44873,41.035567,21.337528,noise,11
2026-02-28T23:53:12+01:00,87f82783-853b-417d-8964-b5cf11e44873,41.035567,21.337528,noise_dba,24
2026-02-28T23:53:12+01:00,87f82783-853b-417d-8964-b5cf11e44873,41.035567,21.337528,pm10,51
2026-02-28T23:53:12+01:00,87f82783-853b-417d-8964-b5cf11e44873,41.035567,21.337528,pm25,29
2026-02-28T23:53:12+01:00,87f82783-853b-417d-8964-b5cf11e44873,41.035567,21.337528,pressure,953
2026-02-28T23:53:12+01:00,87f82783-853b-417d-8964-b5cf11e44873,41.035567,21.337528,temperature,8
2026-03-01T00:08:44+01:00,87f82783-853b-417d-8964-b5cf11e44873,41.035567,21.337528,gasResistance,187830
2026-03-01T00:08:44+01:00,87f82783-853b-417d-8964-b5cf11e44873,41.035567,21.337528,humidity,59
2026-03-01T00:08:44+01:00,87f82783-853b-417d-8964-b5cf11e44873,41.035567,21.337528,noise,11
2026-03-01T00:08:44+01:00,87f82783-853b-417d-8964-b5cf11e44873,41.035567,21.337528,noise_dba,24
2026-03-01T00:08:44+01:00,87f82783-853b-417d-8964-b5cf11e44873,41.035567,21.337528,pm10,46
2026-03-01T00:08:44+01:00,87f82783-853b-417d-8964-b5cf11e44873,41.035567,21.337528,pm25,28
2026-03-01T00:08:44+01:00,87f82783-853b-417d-8964-b5cf11e44873,41.035567,21.337528,pressure,953
2026-03-01T00:08:44+01:00,87f82783-853b-417d-8964-b5cf11e44873,41.035567,21.337528,temperature,8
2026-03-01T00:24:15+01:00,87f82783-853b-417d-8964-b5cf11e44873,41.035567,21.337528,gasResistance,186353
2026-03-01T00:24:15+01:00,87f82783-853b-417d-8964-b5cf11e44873,41.035567,21.337528,humidity,59
2026-03-01T00:24:15+01:00,87f82783-853b-417d-8964-b5cf11e44873,41.035567,21.337528,pm10,70
2026-03-01T00:24:15+01:00,87f82783-853b-417d-8964-b5cf11e44873,41.035567,21.337528,pm25,38
2026-03-01T00:24:15+01:00,87f82783-853b-417d-8964-b5cf11e44873,41.035567,21.337528,pressure,953
2026-03-01T00:24:15+01:00,87f82783-853b-417d-8964-b5cf11e44873,41.035567,21.337528,temperature,8
2026-03-01T00:39:47+01:00,87f82783-853b-417d-8964-b5cf11e44873,41.035567,21.337528,gasResistance,185728
2026-03-01T00:39:47+01:00,87f82783-853b-417d-8964-b5cf11e44873,41.035567,21.337528,humidity,59
2026-03-01T00:39:47+01:00,87f82783-853b-417d-8964-b5cf11e44873,41.035567,21.337528,noise,11
2026-03-01T00:39:47+01:00,87f82783-853b-417d-8964-b5cf11e44873,41.035567,21.337528,noise_dba,24
2026-03-01T00:39:47+01:00,87f82783-853b-417d-8964-b5cf11e44873,41.035567,21.337528,pm10,42
2026-03-01T00:39:47+01:00,87f82783-853b-417d-8964-b5cf11e44873,41.035567,21.337528,pm25,25
2026-03-01T00:39:47+01:00,87f82783-853b-417d-8964-b5cf11e44873,41.035567,21.337528,pressure,953
2026-03-01T00:39:47+01:00,87f82783-853b-417d-8964-b5cf11e44873,41.035567,21.337528,temperature,8
2026-03-01T00:55:20+01:00,87f82783-853b-417d-8964-b5cf11e44873,41.035567,21.337528,gasResistance,185644
2026-03-01T00:55:20+01:00,87f82783-853b-417d-8964-b5cf11e44873,41.035567,21.337528,humidity,60
2026-03-01T00:55:20+01:00,87f82783-853b-417d-8964-b5cf11e44873,41.035567,21.337528,noise,11
2026-03-01T00:55:20+01:00,87f82783-853b-417d-8964-b5cf11e44873,41.035567,21.337528,noise_dba,24
2026-03-01T00:55:20+01:00,87f82783-853b-417d-8964-b5cf11e44873,41.035567,21.337528,pm10,61
2026-03-01T00:55:20+01:00,87f82783-853b-417d-8964-b5cf11e44873,41.035567,21.337528,pm25,31
2026-03-01T00:55:20+01:00,87f82783-853b-417d-8964-b5cf11e44873,41.035567,21.337528,pressure,953
2026-03-01T00:55:20+01:00,87f82783-853b-417d-8964-b5cf11e44873,41.035567,21.337528,temperature,7
2026-03-01T01:10:51+01:00,87f82783-853b-417d-8964-b5cf11e44873,41.035567,21.337528,gasResistance,185520
2026-03-01T01:10:51+01:00,87f82783-853b-417d-8964-b5cf11e44873,41.035567,21.337528,humidity,60
2026-03-01T01:10:51+01:00,87f82783-853b-417d-8964-b5cf11e44873,41.035567,21.337528,pm10,42
2026-03-01T01:10:51+01:00,87f82783-853b-417d-8964-b5cf11e44873,41.035567,21.337528,pm25,23
2026-03-01T01:10:51+01:00,87f82783-853b-417d-8964-b5cf11e44873,41.035567,21.337528,pressure,953
2026-03-01T01:10:51+01:00,87f82783-853b-417d-8964-b5cf11e44873,41.035567,21.337528,temperature,7
2026-03-01T01:26:23+01:00,87f82783-853b-417d-8964-b5cf11e44873,41.035567,21.337528,gasResistance,191075
2026-03-01T01:26:23+01:00,87f82783-853b-417d-8964-b5cf11e44873,41.035567,21.337528,humidity,60
2026-03-01T01:26:23+01:00,87f82783-853b-417d-8964-b5cf11e44873,41.035567,21.337528,pm10,25
2026-03-01T01:26:23+01:00,87f82783-853b-417d-8964-b5cf11e44873,41.035567,21.337528,pm25,14
2026-03-01T01:26:23+01:00,87f82783-853b-417d-8964-b5cf11e44873,41.035567,21.337528,pressure,953
2026-03-01T01:26:23+01:00,87f82783-853b-417d-8964-b5cf11e44873,41.035567,21.337528,temperature,7
2026-03-01T01:41:54+01:00,87f82783-853b-417d-8964-b5cf11e44873,41.035567,21.337528,gasResistance,194093
2026-03-01T01:41:54+01:00,87f82783-853b-417d-8964-b5cf11e44873,41.035567,21.337528,humidity,60
2026-03-01T01:41:54+01:00,87f82783-853b-417d-8964-b5cf11e44873,41.035567,21.337528,pm10,30
2026-03-01T01:41:54+01:00,87f82783-853b-417d-8964-b5cf11e44873,41.035567,21.337528,pm25,16
2026-03-01T01:41:54+01:00,87f82783-853b-417d-8964-b5cf11e44873,41.035567,21.337528,pressure,953
2026-03-01T01:41:54+01:00,87f82783-853b-417d-8964-b5cf11e44873,41.035567,21.337528,temperature,7
2026-03-01T01:57:27+01:00,87f82783-853b-417d-8964-b5cf11e44873,41.035567,21.337528,gasResistance,198269
2026-03-01T01:57:27+01:00,87f82783-853b-417d-8964-b5cf11e44873,41.035567,21.337528,humidity,60
2026-03-01T01:57:27+01:00,87f82783-853b-417d-8964-b5cf11e44873,41.035567,21.337528,pm10,35
2026-03-01T01:57:27+01:00,87f82783-853b-417d-8964-b5cf11e44873,41.035567,21.337528,pm25,18
2026-03-01T01:57:27+01:00,87f82783-853b-417d-8964-b5cf11e44873,41.035567,21.337528,pressure,953
2026-03-01T01:57:27+01:00,87f82783-853b-417d-8964-b5cf11e44873,41.035567,21.337528,temperature,7
2026-03-01T02:12:58+01:00,87f82783-853b-417d-8964-b5cf11e44873,41.035567,21.337528,gasResistance,201888
2026-03-01T02:12:58+01:00,87f82783-853b-417d-8964-b5cf11e44873,41.035567,21.337528,humidity,61
2026-03-01T02:12:58+01:00,87f82783-853b-417d-8964-b5cf11e44873,41.035567,21.337528,pm10,24
2026-03-01T02:12:58+01:00,87f82783-853b-417d-8964-b5cf11e44873,41.035567,21.337528,pm25,15
2026-03-01T02:12:58+01:00,87f82783-853b-417d-8964-b5cf11e44873,41.035567,21.337528,pressure,953
2026-03-01T02:12:58+01:00,87f82783-853b-417d-8964-b5cf11e44873,41.035567,21.337528,temperature,7
2026-03-01T02:28:29+01:00,87f82783-853b-417d-8964-b5cf11e44873,41.035567,21.337528,gasResistance,206024
2026-03-01T02:28:29+01:00,87f82783-853b-417d-8964-b5cf11e44873,41.035567,21.337528,humidity,61
2026-03-01T02:28:29+01:00,87f82783-853b-417d-8964-b5cf11e44873,41.035567,21.337528,pm10,18
2026-03-01T02:28:29+01:00,87f82783-853b-417d-8964-b5cf11e44873,41.035567,21.337528,pm25,11
2026-03-01T02:28:29+01:00,87f82783-853b-417d-8964-b5cf11e44873,41.035567,21.337528,pressure,953
2026-03-01T02:28:29+01:00,87f82783-853b-417d-8964-b5cf11e44873,41.035567,21.337528,temperature,7
2026-03-01T02:44:01+01:00,87f82783-853b-417d-8964-b5cf11e44873,41.035567,21.337528,gasResistance,212354
2026-03-01T02:44:01+01:00,87f82783-853b-417d-8964-b5cf11e44873,41.035567,21.337528,humidity,61
2026-03-01T02:44:01+01:00,87f82783-853b-417d-8964-b5cf11e44873,41.035567,21.337528,pm10,20
2026-03-01T02:44:01+01:00,87f82783-853b-417d-8964-b5cf11e44873,41.035567,21.337528,pm25,12
2026-03-01T02:44:01+01:00,87f82783-853b-417d-8964-b5cf11e44873,41.035567,21.337528,pressure,953
2026-03-01T02:44:01+01:00,87f82783-853b-417d-8964-b5cf11e44873,41.035567,21.337528,temperature,7
2026-03-01T02:59:32+01:00,87f82783-853b-417d-8964-b5cf11e44873,41.035567,21.337528,gasResistance,214551
2026-03-01T02:59:32+01:00,87f82783-853b-417d-8964-b5cf11e44873,41.035567,21.337528,humidity,61
2026-03-01T02:59:32+01:00,87f82783-853b-417d-8964-b5cf11e44873,41.035567,21.337528,pm10,48
2026-03-01T02:59:32+01:00,87f82783-853b-417d-8964-b5cf11e44873,41.035567,21.337528,pm25,27
2026-03-01T02:59:32+01:00,87f82783-853b-417d-8964-b5cf11e44873,41.035567,21.337528,pressure,953
2026-03-01T02:59:32+01:00,87f82783-853b-417d-8964-b5cf11e44873,41.035567,21.337528,temperature,7
2026-03-01T03:15:04+01:00,87f82783-853b-417d-8964-b5cf11e44873,41.035567,21.337528,gasResistance,213172
2026-03-01T03:15:04+01:00,87f82783-853b-417d-8964-b5cf11e44873,41.035567,21.337528,humidity,61
2026-03-01T03:15:04+01:00,87f82783-853b-417d-8964-b5cf11e44873,41.035567,21.337528,pm10,30
2026-03-01T03:15:04+01:00,87f82783-853b-417d-8964-b5cf11e44873,41.035567,21.337528,pm25,18
2026-03-01T03:15:04+01:00,87f82783-853b-417d-8964-b5cf11e44873,41.035567,21.337528,pressure,953
2026-03-01T03:15:04+01:00,87f82783-853b-417d-8964-b5cf11e44873,41.035567,21.337528,temperature,7
2026-03-01T03:30:35+01:00,87f82783-853b-417d-8964-b5cf11e44873,41.035567,21.337528,gasResistance,217362
2026-03-01T03:30:35+01:00,87f82783-853b-417d-8964-b5cf11e44873,41.035567,21.337528,humidity,61
2026-03-01T03:30:35+01:00,87f82783-853b-417d-8964-b5cf11e44873,41.035567,21.337528,pm10,18
2026-03-01T03:30:35+01:00,87f82783-853b-417d-8964-b5cf11e44873,41.035567,21.337528,pm25,10
2026-03-01T03:30:35+01:00,87f82783-853b-417d-8964-b5cf11e44873,41.035567,21.337528,pressure,953
2026-03-01T03:30:35+01:00,87f82783-853b-417d-8964-b5cf11e44873,41.035567,21.337528,temperature,6
2026-03-01T03:46:07+01:00,87f82783-853b-417d-8964-b5cf11e44873,41.035567,21.337528,gasResistance,223813
2026-03-01T03:46:07+01:00,87f82783-853b-417d-8964-b5cf11e44873,41.035567,21.337528,humidity,61
2026-03-01T03:46:07+01:00,87f82783-853b-417d-8964-b5cf11e44873,41.035567,21.337528,pm10,16
2026-03-01T03:46:07+01:00,87f82783-853b-417d-8964-b5cf11e44873,41.035567,21.337528,pm25,10
2026-03-01T03:46:07+01:00,87f82783-853b-417d-8964-b5cf11e44873,41.035567,21.337528,pressure,953
2026-03-01T03:46:07+01:00,87f82783-853b-417d-8964-b5cf11e44873,41.035567,21.337528,temperature,6
2026-03-01T04:01:38+01:00,87f82783-853b-417d-8964-b5cf11e44873,41.035567,21.337528,gasResistance,224722
2026-03-01T04:01:38+01:00,87f82783-853b-417d-8964-b5cf11e44873,41.035567,21.337528,humidity,62
2026-03-01T04:01:38+01:00,87f82783-853b-417d-8964-b5cf11e44873,41.035567,21.337528,pm10,16
2026-03-01T04:01:38+01:00,87f82783-853b-417d-8964-b5cf11e44873,41.035567,21.337528,pm25,10
2026-03-01T04:01:38+01:00,87f82783-853b-417d-8964-b5cf11e44873,41.035567,21.337528,pressure,953
2026-03-01T04:01:38+01:00,87f82783-853b-417d-8964-b5cf11e44873,41.035567,21.337528,temperature,6
2026-03-01T04:17:10+01:00,87f82783-853b-417d-8964-b5cf11e44873,41.035567,21.337528,gasResistance,227965
2026-03-01T04:17:10+01:00,87f82783-853b-417d-8964-b5cf11e44873,41.035567,21.337528,humidity,62
2026-03-01T04:17:10+01:00,87f82783-853b-417d-8964-b5cf11e44873,41.035567,21.337528,noise,11
2026-03-01T04:17:10+01:00,87f82783-853b-417d-8964-b5cf11e44873,41.035567,21.337528,noise_dba,24
2026-03-01T04:17:10+01:00,87f82783-853b-417d-8964-b5cf11e44873,41.035567,21.337528,pm10,13
2026-03-01T04:17:10+01:00,87f82783-853b-417d-8964-b5cf11e44873,41.035567,21.337528,pm25,8
2026-03-01T04:17:10+01:00,87f82783-853b-417d-8964-b5cf11e44873,41.035567,21.337528,pressure,953
2026-03-01T04:17:10+01:00,87f82783-853b-417d-8964-b5cf11e44873,41.035567,21.337528,temperature,6
2026-03-01T04:32:41+01:00,87f82783-853b-417d-8964-b5cf11e44873,41.035567,21.337528,gasResistance,230819
2026-03-01T04:32:41+01:00,87f82783-853b-417d-8964-b5cf11e44873,41.035567,21.337528,humidity,62
2026-03-01T04:32:41+01:00,87f82783-853b-417d-8964-b5cf11e44873,41.035567,21.337528,pm10,15
2026-03-01T04:32:41+01:00,87f82783-853b-417d-8964-b5cf11e44873,41.035567,21.337528,pm25,9
2026-03-01T04:32:41+01:00,87f82783-853b-417d-8964-b5cf11e44873,41.035567,21.337528,pressure,953
2026-03-01T04:32:41+01:00,87f82783-853b-417d-8964-b5cf11e44873,41.035567,21.337528,temperature,6
2026-03-01T04:48:12+01:00,87f82783-853b-417d-8964-b5cf11e44873,41.035567,21.337528,gasResistance,232273
2026-03-01T04:48:12+01:00,87f82783-853b-417d-8964-b5cf11e44873,41.035567,21.337528,humidity,62
2026-03-01T04:48:12+01:00,87f82783-853b-417d-8964-b5cf11e44873,41.035567,21.337528,pm10,22
2026-03-01T04:48:12+01:00,87f82783-853b-417d-8964-b5cf11e44873,41.035567,21.337528,pm25,13
2026-03-01T04:48:12+01:00,87f82783-853b-417d-8964-b5cf11e44873,41.035567,21.337528,pressure,953
2026-03-01T04:48:12+01:00,87f82783-853b-417d-8964-b5cf11e44873,41.035567,21.337528,temperature,6
2026-03-01T05:03:44+01:00,87f82783-853b-417d-8964-b5cf11e44873,41.035567,21.337528,gasResistance,237596
2026-03-01T05:03:44+01:00,87f82783-853b-417d-8964-b5cf11e44873,41.035567,21.337528,humidity,63
2026-03-01T05:03:44+01:00,87f82783-853b-417d-8964-b5cf11e44873,41.035567,21.337528,pm10,19
2026-03-01T05:03:44+01:00,87f82783-853b-417d-8964-b5cf11e44873,41.035567,21.337528,pm25,8
2026-03-01T05:03:44+01:00,87f82783-853b-417d-8964-b5cf11e44873,41.035567,21.337528,pressure,953
2026-03-01T05:03:44+01:00,87f82783-853b-417d-8964-b5cf11e44873,41.035567,21.337528,temperature,6
2026-03-01T05:19:16+01:00,87f82783-853b-417d-8964-b5cf11e44873,41.035567,21.337528,gasResistance,240175
2026-03-01T05:19:16+01:00,87f82783-853b-417d-8964-b5cf11e44873,41.035567,21.337528,humidity,63
2026-03-01T05:19:16+01:00,87f82783-853b-417d-8964-b5cf11e44873,41.035567,21.337528,pm10,9
2026-03-01T05:19:16+01:00,87f82783-853b-417d-8964-b5cf11e44873,41.035567,21.337528,pm25,5
2026-03-01T05:19:16+01:00,87f82783-853b-417d-8964-b5cf11e44873,41.035567,21.337528,pressure,953
2026-03-01T05:19:16+01:00,87f82783-853b-417d-8964-b5cf11e44873,41.035567,21.337528,temperature,6
2026-03-01T05:34:48+01:00,87f82783-853b-417d-8964-b5cf11e44873,41.035567,21.337528,gasResistance,244062
2026-03-01T05:34:48+01:00,87f82783-853b-417d-8964-b5cf11e44873,41.035567,21.337528,humidity,62
2026-03-01T05:34:48+01:00,87f82783-853b-417d-8964-b5cf11e44873,41.035567,21.337528,pm10,15
2026-03-01T05:34:48+01:00,87f82783-853b-417d-8964-b5cf11e44873,41.035567,21.337528,pm25,8
2026-03-01T05:34:48+01:00,87f82783-853b-417d-8964-b5cf11e44873,41.035567,21.337528,pressure,953
2026-03-01T05:34:48+01:00,87f82783-853b-417d-8964-b5cf11e44873,41.035567,21.337528,temperature,6
2026-03-01T05:50:19+01:00,87f82783-853b-417d-8964-b5cf11e44873,41.035567,21.337528,gasResistance,245871
2026-03-01T05:50:19+01:00,87f82783-853b-417d-8964-b5cf11e44873,41.035567,21.337528,humidity,62
2026-03-01T05:50:19+01:00,87f82783-853b-417d-8964-b5cf11e44873,41.035567,21.337528,pm10,10
2026-03-01T05:50:19+01:00,87f82783-853b-417d-8964-b5cf11e44873,41.035567,21.337528,pm25,6
2026-03-01T05:50:19+01:00,87f82783-853b-417d-8964-b5cf11e44873,41.035567,21.337528,pressure,953
2026-03-01T05:50:19+01:00,87f82783-853b-417d-8964-b5cf11e44873,41.035567,21.337528,temperature,5
2026-03-01T06:05:51+01:00,87f82783-853b-417d-8964-b5cf11e44873,41.035567,21.337528,gasResistance,246236
2026-03-01T06:05:51+01:00,87f82783-853b-417d-8964-b5cf11e44873,41.035567,21.337528,humidity,62
2026-03-01T06:05:51+01:00,87f82783-853b-417d-8964-b5cf11e44873,41.035567,21.337528,noise,11
2026-03-01T06:05:51+01:00,87f82783-853b-417d-8964-b5cf11e44873,41.035567,21.337528,noise_dba,24
2026-03-01T06:05:51+01:00,87f82783-853b-417d-8964-b5cf11e44873,41.035567,21.337528,pm10,16
2026-03-01T06:05:51+01:00,87f82783-853b-417d-8964-b5cf11e44873,41.035567,21.337528,pm25,10
2026-03-01T06:05:51+01:00,87f82783-853b-417d-8964-b5cf11e44873,41.035567,21.337528,pressure,954
2026-03-01T06:05:51+01:00,87f82783-853b-417d-8964-b5cf11e44873,41.035567,21.337528,temperature,5
2026-03-01T06:21:22+01:00,87f82783-853b-417d-8964-b5cf11e44873,41.035567,21.337528,gasResistance,247153
2026-03-01T06:21:22+01:00,87f82783-853b-417d-8964-b5cf11e44873,41.035567,21.337528,humidity,63
2026-03-01T06:21:22+01:00,87f82783-853b-417d-8964-b5cf11e44873,41.035567,21.337528,noise,11
2026-03-01T06:21:22+01:00,87f82783-853b-417d-8964-b5cf11e44873,41.035567,21.337528,noise_dba,24
2026-03-01T06:21:22+01:00,87f82783-853b-417d-8964-b5cf11e44873,41.035567,21.337528,pm10,36
2026-03-01T06:21:22+01:00,87f82783-853b-417d-8964-b5cf11e44873,41.035567,21.337528,pm25,19
2026-03-01T06:21:22+01:00,87f82783-853b-417d-8964-b5cf11e44873,41.035567,21.337528,pressure,954
2026-03-01T06:21:22+01:00,87f82783-853b-417d-8964-b5cf11e44873,41.035567,21.337528,temperature,5
2026-03-01T06:36:54+01:00,87f82783-853b-417d-8964-b5cf11e44873,41.035567,21.337528,gasResistance,247891
2026-03-01T06:36:54+01:00,87f82783-853b-417d-8964-b5cf11e44873,41.035567,21.337528,humidity,63
2026-03-01T06:36:54+01:00,87f82783-853b-417d-8964-b5cf11e44873,41.035567,21.337528,noise,12
2026-03-01T06:36:54+01:00,87f82783-853b-417d-8964-b5cf11e44873,41.035567,21.337528,noise_dba,25
2026-03-01T06:36:54+01:00,87f82783-853b-417d-8964-b5cf11e44873,41.035567,21.337528,pm10,20
2026-03-01T06:36:54+01:00,87f82783-853b-417d-8964-b5cf11e44873,41.035567,21.337528,pm25,11
2026-03-01T06:36:54+01:00,87f82783-853b-417d-8964-b5cf11e44873,41.035567,21.337528,pressure,954
2026-03-01T06:36:54+01:00,87f82783-853b-417d-8964-b5cf11e44873,41.035567,21.337528,temperature,5
2026-03-01T06:52:25+01:00,87f82783-853b-417d-8964-b5cf11e44873,41.035567,21.337528,gasResistance,246602
2026-03-01T06:52:25+01:00,87f82783-853b-417d-8964-b5cf11e44873,41.035567,21.337528,humidity,64
2026-03-01T06:52:25+01:00,87f82783-853b-417d-8964-b5cf11e44873,41.035567,21.337528,noise,11
2026-03-01T06:52:25+01:00,87f82783-853b-417d-8964-b5cf11e44873,41.035567,21.337528,noise_dba,24
2026-03-01T06:52:25+01:00,87f82783-853b-417d-8964-b5cf11e44873,41.035567,21.337528,pm10,13
2026-03-01T06:52:25+01:00,87f82783-853b-417d-8964-b5cf11e44873,41.035567,21.337528,pm25,8
2026-03-01T06:52:25+01:00,87f82783-853b-417d-8964-b5cf11e44873,41.035567,21.337528,pressure,954
2026-03-01T06:52:25+01:00,87f82783-853b-417d-8964-b5cf11e44873,41.035567,21.337528,temperature,5
2026-03-01T07:07:56+01:00,87f82783-853b-417d-8964-b5cf11e44873,41.035567,21.337528,gasResistance,247891
2026-03-01T07:07:56+01:00,87f82783-853b-417d-8964-b5cf11e44873,41.035567,21.337528,humidity,63
2026-03-01T07:07:56+01:00,87f82783-853b-417d-8964-b5cf11e44873,41.035567,21.337528,noise,11
2026-03-01T07:07:56+01:00,87f82783-853b-417d-8964-b5cf11e44873,41.035567,21.337528,noise_dba,24
2026-03-01T07:07:56+01:00,87f82783-853b-417d-8964-b5cf11e44873,41.035567,21.337528,pm10,12
2026-03-01T07:07:56+01:00,87f82783-853b-417d-8964-b5cf11e44873,41.035567,21.337528,pm25,8
2026-03-01T07:07:56+01:00,87f82783-853b-417d-8964-b5cf11e44873,41.035567,21.337528,pressure,954
2026-03-01T07:07:56+01:00,87f82783-853b-417d-8964-b5cf11e44873,41.035567,21.337528,temperature,5
2026-03-01T07:23:27+01:00,87f82783-853b-417d-8964-b5cf11e44873,41.035567,21.337528,gasResistance,246602
2026-03-01T07:23:27+01:00,87f82783-853b-417d-8964-b5cf11e44873,41.035567,21.337528,humidity,63
2026-03-01T07:23:27+01:00,87f82783-853b-417d-8964-b5cf11e44873,41.035567,21.337528,noise,11
2026-03-01T07:23:27+01:00,87f82783-853b-417d-8964-b5cf11e44873,41.035567,21.337528,noise_dba,24
2026-03-01T07:23:27+01:00,87f82783-853b-417d-8964-b5cf11e44873,41.035567,21.337528,pm10,30
2026-03-01T07:23:27+01:00,87f82783-853b-417d-8964-b5cf11e44873,41.035567,21.337528,pm25,17
2026-03-01T07:23:27+01:00,87f82783-853b-417d-8964-b5cf11e44873,41.035567,21.337528,pressure,954
2026-03-01T07:23:27+01:00,87f82783-853b-417d-8964-b5cf11e44873,41.035567,21.337528,temperature,5
2026-03-01T07:38:59+01:00,87f82783-853b-417d-8964-b5cf11e44873,41.035567,21.337528,gasResistance,241750
2026-03-01T07:38:59+01:00,87f82783-853b-417d-8964-b5cf11e44873,41.035567,21.337528,humidity,63
2026-03-01T07:38:59+01:00,87f82783-853b-417d-8964-b5cf11e44873,41.035567,21.337528,noise,11
2026-03-01T07:38:59+01:00,87f82783-853b-417d-8964-b5cf11e44873,41.035567,21.337528,noise_dba,24
2026-03-01T07:38:59+01:00,87f82783-853b-417d-8964-b5cf11e44873,41.035567,21.337528,pm10,54
2026-03-01T07:38:59+01:00,87f82783-853b-417d-8964-b5cf11e44873,41.035567,21.337528,pm25,29
2026-03-01T07:38:59+01:00,87f82783-853b-417d-8964-b5cf11e44873,41.035567,21.337528,pressure,954
2026-03-01T07:38:59+01:00,87f82783-853b-417d-8964-b5cf11e44873,41.035567,21.337528,temperature,6
2026-03-01T07:54:30+01:00,87f82783-853b-417d-8964-b5cf11e44873,41.035567,21.337528,gasResistance,242457
2026-03-01T07:54:30+01:00,87f82783-853b-417d-8964-b5cf11e44873,41.035567,21.337528,humidity,63
2026-03-01T07:54:30+01:00,87f82783-853b-417d-8964-b5cf11e44873,41.035567,21.337528,noise,11
2026-03-01T07:54:30+01:00,87f82783-853b-417d-8964-b5cf11e44873,41.035567,21.337528,noise_dba,24
2026-03-01T07:54:30+01:00,87f82783-853b-417d-8964-b5cf11e44873,41.035567,21.337528,pm10,38
2026-03-01T07:54:30+01:00,87f82783-853b-417d-8964-b5cf11e44873,41.035567,21.337528,pm25,22
2026-03-01T07:54:30+01:00,87f82783-853b-417d-8964-b5cf11e44873,41.035567,21.337528,pressure,954
2026-03-01T07:54:30+01:00,87f82783-853b-417d-8964-b5cf11e44873,41.035567,21.337528,temperature,6
2026-03-01T08:10:02+01:00,87f82783-853b-417d-8964-b5cf11e44873,41.035567,21.337528,gasResistance,244602
2026-03-01T08:10:02+01:00,87f82783-853b-417d-8964-b5cf11e44873,41.035567,21.337528,humidity,64
2026-03-01T08:10:02+01:00,87f82783-853b-417d-8964-b5cf11e44873,41.035567,21.337528,noise,11
2026-03-01T08:10:02+01:00,87f82783-853b-417d-8964-b5cf11e44873,41.035567,21.337528,noise_dba,24
2026-03-01T08:10:02+01:00,87f82783-853b-417d-8964-b5cf11e44873,41.035567,21.337528,pm10,33
2026-03-01T08:10:02+01:00,87f82783-853b-417d-8964-b5cf11e44873,41.035567,21.337528,pm25,20
2026-03-01T08:10:02+01:00,87f82783-853b-417d-8964-b5cf11e44873,41.035567,21.337528,pressure,954
2026-03-01T08:10:02+01:00,87f82783-853b-417d-8964-b5cf11e44873,41.035567,21.337528,temperature,6
2026-03-01T08:25:33+01:00,87f82783-853b-417d-8964-b5cf11e44873,41.035567,21.337528,gasResistance,240873
2026-03-01T08:25:33+01:00,87f82783-853b-417d-8964-b5cf11e44873,41.035567,21.337528,humidity,65
2026-03-01T08:25:33+01:00,87f82783-853b-417d-8964-b5cf11e44873,41.035567,21.337528,noise,11
2026-03-01T08:25:33+01:00,87f82783-853b-417d-8964-b5cf11e44873,41.035567,21.337528,noise_dba,24
2026-03-01T08:25:33+01:00,87f82783-853b-417d-8964-b5cf11e44873,41.035567,21.337528,pm10,47
2026-03-01T08:25:33+01:00,87f82783-853b-417d-8964-b5cf11e44873,41.035567,21.337528,pm25,26
2026-03-01T08:25:33+01:00,87f82783-853b-417d-8964-b5cf11e44873,41.035567,21.337528,pressure,954
2026-03-01T08:25:33+01:00,87f82783-853b-417d-8964-b5cf11e44873,41.035567,21.337528,temperature,6
2026-03-01T08:41:05+01:00,87f82783-853b-417d-8964-b5cf11e44873,41.035567,21.337528,gasResistance,238107
2026-03-01T08:41:05+01:00,87f82783-853b-417d-8964-b5cf11e44873,41.035567,21.337528,humidity,64
2026-03-01T08:41:05+01:00,87f82783-853b-417d-8964-b5cf11e44873,41.035567,21.337528,noise,11
2026-03-01T08:41:05+01:00,87f82783-853b-417d-8964-b5cf11e44873,41.035567,21.337528,noise_dba,24
2026-03-01T08:41:05+01:00,87f82783-853b-417d-8964-b5cf11e44873,41.035567,21.337528,pm10,18
2026-03-01T08:41:05+01:00,87f82783-853b-417d-8964-b5cf11e44873,41.035567,21.337528,pm25,12
2026-03-01T08:41:05+01:00,87f82783-853b-417d-8964-b5cf11e44873,41.035567,21.337528,pressure,955
2026-03-01T08:41:05+01:00,87f82783-853b-417d-8964-b5cf11e44873,41.035567,21.337528,temperature,7
2026-03-01T08:56:36+01:00,87f82783-853b-417d-8964-b5cf11e44873,41.035567,21.337528,gasResistance,235739
2026-03-01T08:56:36+01:00,87f82783-853b-417d-8964-b5cf11e44873,41.035567,21.337528,humidity,64
2026-03-01T08:56:36+01:00,87f82783-853b-417d-8964-b5cf11e44873,41.035567,21.337528,noise,11
2026-03-01T08:56:36+01:00,87f82783-853b-417d-8964-b5cf11e44873,41.035567,21.337528,noise_dba,24
2026-03-01T08:56:36+01:00,87f82783-853b-417d-8964-b5cf11e44873,41.035567,21.337528,pm10,19
2026-03-01T08:56:36+01:00,87f82783-853b-417d-8964-b5cf11e44873,41.035567,21.337528,pm25,12
2026-03-01T08:56:36+01:00,87f82783-853b-417d-8964-b5cf11e44873,41.035567,21.337528,pressure,955
2026-03-01T08:56:36+01:00,87f82783-853b-417d-8964-b5cf11e44873,41.035567,21.337528,temperature,7
2026-03-01T09:12:08+01:00,87f82783-853b-417d-8964-b5cf11e44873,41.035567,21.337528,gasResistance,231141
2026-03-01T09:12:08+01:00,87f82783-853b-417d-8964-b5cf11e44873,41.035567,21.337528,humidity,64
2026-03-01T09:12:08+01:00,87f82783-853b-417d-8964-b5cf11e44873,41.035567,21.337528,noise,11
2026-03-01T09:12:08+01:00,87f82783-853b-417d-8964-b5cf11e44873,41.035567,21.337528,noise_dba,24
2026-03-01T09:12:08+01:00,87f82783-853b-417d-8964-b5cf11e44873,41.035567,21.337528,pm10,17
2026-03-01T09:12:08+01:00,87f82783-853b-417d-8964-b5cf11e44873,41.035567,21.337528,pm25,11
2026-03-01T09:12:08+01:00,87f82783-853b-417d-8964-b5cf11e44873,41.035567,21.337528,pressure,954
2026-03-01T09:12:08+01:00,87f82783-853b-417d-8964-b5cf11e44873,41.035567,21.337528,temperature,8
2026-03-01T09:27:39+01:00,87f82783-853b-417d-8964-b5cf11e44873,41.035567,21.337528,gasResistance,226718
2026-03-01T09:27:39+01:00,87f82783-853b-417d-8964-b5cf11e44873,41.035567,21.337528,humidity,63
2026-03-01T09:27:39+01:00,87f82783-853b-417d-8964-b5cf11e44873,41.035567,21.337528,noise,13
2026-03-01T09:27:39+01:00,87f82783-853b-417d-8964-b5cf11e44873,41.035567,21.337528,noise_dba,27
2026-03-01T09:27:39+01:00,87f82783-853b-417d-8964-b5cf11e44873,41.035567,21.337528,pm10,14
2026-03-01T09:27:39+01:00,87f82783-853b-417d-8964-b5cf11e44873,41.035567,21.337528,pm25,10
2026-03-01T09:27:39+01:00,87f82783-853b-417d-8964-b5cf11e44873,41.035567,21.337528,pressure,954
2026-03-01T09:27:39+01:00,87f82783-853b-417d-8964-b5cf11e44873,41.035567,21.337528,temperature,8
2026-03-01T09:43:10+01:00,87f82783-853b-417d-8964-b5cf11e44873,41.035567,21.337528,gasResistance,222462
2026-03-01T09:43:10+01:00,87f82783-853b-417d-8964-b5cf11e44873,41.035567,21.337528,humidity,62
2026-03-01T09:43:10+01:00,87f82783-853b-417d-8964-b5cf11e44873,41.035567,21.337528,noise,12
2026-03-01T09:43:10+01:00,87f82783-853b-417d-8964-b5cf11e44873,41.035567,21.337528,noise_dba,25
2026-03-01T09:43:10+01:00,87f82783-853b-417d-8964-b5cf11e44873,41.035567,21.337528,pm10,22
2026-03-01T09:43:10+01:00,87f82783-853b-417d-8964-b5cf11e44873,41.035567,21.337528,pm25,14
2026-03-01T09:43:10+01:00,87f82783-853b-417d-8964-b5cf11e44873,41.035567,21.337528,pressure,954
2026-03-01T09:43:10+01:00,87f82783-853b-417d-8964-b5cf11e44873,41.035567,21.337528,temperature,9
2026-03-01T09:58:42+01:00,87f82783-853b-417d-8964-b5cf11e44873,41.035567,21.337528,gasResistance,222313
2026-03-01T09:58:42+01:00,87f82783-853b-417d-8964-b5cf11e44873,41.035567,21.337528,humidity,60
2026-03-01T09:58:42+01:00,87f82783-853b-417d-8964-b5cf11e44873,41.035567,21.337528,noise,11
2026-03-01T09:58:42+01:00,87f82783-853b-417d-8964-b5cf11e44873,41.035567,21.337528,noise_dba,24
2026-03-01T09:58:42+01:00,87f82783-853b-417d-8964-b5cf11e44873,41.035567,21.337528,pm10,19
2026-03-01T09:58:42+01:00,87f82783-853b-417d-8964-b5cf11e44873,41.035567,21.337528,pm25,13
2026-03-01T09:58:42+01:00,87f82783-853b-417d-8964-b5cf11e44873,41.035567,21.337528,pressure,954
2026-03-01T09:58:42+01:00,87f82783-853b-417d-8964-b5cf11e44873,41.035567,21.337528,temperature,9
2026-03-01T10:14:13+01:00,87f82783-853b-417d-8964-b5cf11e44873,41.035567,21.337528,gasResistance,225027
2026-03-01T10:14:13+01:00,87f82783-853b-417d-8964-b5cf11e44873,41.035567,21.337528,humidity,58
2026-03-01T10:14:13+01:00,87f82783-853b-417d-8964-b5cf11e44873,41.035567,21.337528,noise,11
2026-03-01T10:14:13+01:00,87f82783-853b-417d-8964-b5cf11e44873,41.035567,21.337528,noise_dba,24
2026-03-01T10:14:13+01:00,87f82783-853b-417d-8964-b5cf11e44873,41.035567,21.337528,pm10,17
2026-03-01T10:14:13+01:00,87f82783-853b-417d-8964-b5cf11e44873,41.035567,21.337528,pm25,11
2026-03-01T10:14:13+01:00,87f82783-853b-417d-8964-b5cf11e44873,41.035567,21.337528,pressure,954
2026-03-01T10:14:13+01:00,87f82783-853b-417d-8964-b5cf11e44873,41.035567,21.337528,temperature,10
2026-03-01T10:29:45+01:00,87f82783-853b-417d-8964-b5cf11e44873,41.035567,21.337528,gasResistance,220834
2026-03-01T10:29:45+01:00,87f82783-853b-417d-8964-b5cf11e44873,41.035567,21.337528,humidity,57
2026-03-01T10:29:45+01:00,87f82783-853b-417d-8964-b5cf11e44873,41.035567,21.337528,noise,11
2026-03-01T10:29:45+01:00,87f82783-853b-417d-8964-b5cf11e44873,41.035567,21.337528,noise_dba,24
2026-03-01T10:29:45+01:00,87f82783-853b-417d-8964-b5cf11e44873,41.035567,21.337528,pm10,13
2026-03-01T10:29:45+01:00,87f82783-853b-417d-8964-b5cf11e44873,41.035567,21.337528,pm25,9
2026-03-01T10:29:45+01:00,87f82783-853b-417d-8964-b5cf11e44873,41.035567,21.337528,pressure,954
2026-03-01T10:29:45+01:00,87f82783-853b-417d-8964-b5cf11e44873,41.035567,21.337528,temperature,11
2026-03-01T10:45:16+01:00,87f82783-853b-417d-8964-b5cf11e44873,41.035567,21.337528,gasResistance,219955
2026-03-01T10:45:16+01:00,87f82783-853b-417d-8964-b5cf11e44873,41.035567,21.337528,humidity,55
2026-03-01T10:45:16+01:00,87f82783-853b-417d-8964-b5cf11e44873,41.035567,21.337528,noise,11
2026-03-01T10:45:16+01:00,87f82783-853b-417d-8964-b5cf11e44873,41.035567,21.337528,noise_dba,24
2026-03-01T10:45:16+01:00,87f82783-853b-417d-8964-b5cf11e44873,41.035567,21.337528,pm10,32
2026-03-01T10:45:16+01:00,87f82783-853b-417d-8964-b5cf11e44873,41.035567,21.337528,pm25,18
2026-03-01T10:45:16+01:00,87f82783-853b-417d-8964-b5cf11e44873,41.035567,21.337528,pressure,954
2026-03-01T10:45:16+01:00,87f82783-853b-417d-8964-b5cf11e44873,41.035567,21.337528,temperature,11
2026-03-01T11:00:48+01:00,87f82783-853b-417d-8964-b5cf11e44873,41.035567,21.337528,gasResistance,218795
2026-03-01T11:00:48+01:00,87f82783-853b-417d-8964-b5cf11e44873,41.035567,21.337528,humidity,52
2026-03-01T11:00:48+01:00,87f82783-853b-417d-8964-b5cf11e44873,41.035567,21.337528,noise,12
2026-03-01T11:00:48+01:00,87f82783-853b-417d-8964-b5cf11e44873,41.035567,21.337528,noise_dba,25
2026-03-01T11:00:48+01:00,87f82783-853b-417d-8964-b5cf11e44873,41.035567,21.337528,pm10,13
2026-03-01T11:00:48+01:00,87f82783-853b-417d-8964-b5cf11e44873,41.035567,21.337528,pm25,8
2026-03-01T11:00:48+01:00,87f82783-853b-417d-8964-b5cf11e44873,41.035567,21.337528,pressure,954
2026-03-01T11:00:48+01:00,87f82783-853b-417d-8964-b5cf11e44873,41.035567,21.337528,temperature,12
2026-03-01T11:16:19+01:00,87f82783-853b-417d-8964-b5cf11e44873,41.035567,21.337528,gasResistance,220101
2026-03-01T11:16:19+01:00,87f82783-853b-417d-8964-b5cf11e44873,41.035567,21.337528,humidity,50
2026-03-01T11:16:19+01:00,87f82783-853b-417d-8964-b5cf11e44873,41.035567,21.337528,noise,12
2026-03-01T11:16:19+01:00,87f82783-853b-417d-8964-b5cf11e44873,41.035567,21.337528,noise_dba,25
2026-03-01T11:16:19+01:00,87f82783-853b-417d-8964-b5cf11e44873,41.035567,21.337528,pm10,10
2026-03-01T11:16:19+01:00,87f82783-853b-417d-8964-b5cf11e44873,41.035567,21.337528,pm25,6
2026-03-01T11:16:19+01:00,87f82783-853b-417d-8964-b5cf11e44873,41.035567,21.337528,pressure,954
2026-03-01T11:16:19+01:00,87f82783-853b-417d-8964-b5cf11e44873,41.035567,21.337528,temperature,12
2026-03-01T11:31:50+01:00,87f82783-853b-417d-8964-b5cf11e44873,41.035567,21.337528,gasResistance,218076
2026-03-01T11:31:50+01:00,87f82783-853b-417d-8964-b5cf11e44873,41.035567,21.337528,humidity,50
2026-03-01T11:31:50+01:00,87f82783-853b-417d-8964-b5cf11e44873,41.035567,21.337528,noise,14
2026-03-01T11:31:50+01:00,87f82783-853b-417d-8964-b5cf11e44873,41.035567,21.337528,noise_dba,28
2026-03-01T11:31:50+01:00,87f82783-853b-417d-8964-b5cf11e44873,41.035567,21.337528,pm10,12
2026-03-01T11:31:50+01:00,87f82783-853b-417d-8964-b5cf11e44873,41.035567,21.337528,pm25,7
2026-03-01T11:31:50+01:00,87f82783-853b-417d-8964-b5cf11e44873,41.035567,21.337528,pressure,954
2026-03-01T11:31:50+01:00,87f82783-853b-417d-8964-b5cf11e44873,41.035567,21.337528,temperature,13
2026-03-01T11:47:22+01:00,87f82783-853b-417d-8964-b5cf11e44873,41.035567,21.337528,gasResistance,213035
2026-03-01T11:47:22+01:00,87f82783-853b-417d-8964-b5cf11e44873,41.035567,21.337528,humidity,46
2026-03-01T11:47:22+01:00,87f82783-853b-417d-8964-b5cf11e44873,41.035567,21.337528,noise,11
2026-03-01T11:47:22+01:00,87f82783-853b-417d-8964-b5cf11e44873,41.035567,21.337528,noise_dba,24
2026-03-01T11:47:22+01:00,87f82783-853b-417d-8964-b5cf11e44873,41.035567,21.337528,pm10,8
2026-03-01T11:47:22+01:00,87f82783-853b-417d-8964-b5cf11e44873,41.035567,21.337528,pm25,5
2026-03-01T11:47:22+01:00,87f82783-853b-417d-8964-b5cf11e44873,41.035567,21.337528,pressure,954
2026-03-01T11:47:22+01:00,87f82783-853b-417d-8964-b5cf11e44873,41.035567,21.337528,temperature,13
2026-03-01T12:02:53+01:00,87f82783-853b-417d-8964-b5cf11e44873,41.035567,21.337528,gasResistance,215526
2026-03-01T12:02:53+01:00,87f82783-853b-417d-8964-b5cf11e44873,41.035567,21.337528,humidity,45
2026-03-01T12:02:53+01:00,87f82783-853b-417d-8964-b5cf11e44873,41.035567,21.337528,noise,11
2026-03-01T12:02:53+01:00,87f82783-853b-417d-8964-b5cf11e44873,41.035567,21.337528,noise_dba,24
2026-03-01T12:02:53+01:00,87f82783-853b-417d-8964-b5cf11e44873,41.035567,21.337528,pm10,17
2026-03-01T12:02:53+01:00,87f82783-853b-417d-8964-b5cf11e44873,41.035567,21.337528,pm25,8
2026-03-01T12:02:53+01:00,87f82783-853b-417d-8964-b5cf11e44873,41.035567,21.337528,pressure,954
2026-03-01T12:02:53+01:00,87f82783-853b-417d-8964-b5cf11e44873,41.035567,21.337528,temperature,14
2026-03-01T12:18:25+01:00,87f82783-853b-417d-8964-b5cf11e44873,41.035567,21.337528,gasResistance,216369
2026-03-01T12:18:25+01:00,87f82783-853b-417d-8964-b5cf11e44873,41.035567,21.337528,humidity,43
2026-03-01T12:18:25+01:00,87f82783-853b-417d-8964-b5cf11e44873,41.035567,21.337528,noise,11
2026-03-01T12:18:25+01:00,87f82783-853b-417d-8964-b5cf11e44873,41.035567,21.337528,noise_dba,24
2026-03-01T12:18:25+01:00,87f82783-853b-417d-8964-b5cf11e44873,41.035567,21.337528,pm10,9
2026-03-01T12:18:25+01:00,87f82783-853b-417d-8964-b5cf11e44873,41.035567,21.337528,pm25,5
2026-03-01T12:18:25+01:00,87f82783-853b-417d-8964-b5cf11e44873,41.035567,21.337528,pressure,953
2026-03-01T12:18:25+01:00,87f82783-853b-417d-8964-b5cf11e44873,41.035567,21.337528,temperature,14
2026-03-01T12:33:58+01:00,87f82783-853b-417d-8964-b5cf11e44873,41.035567,21.337528,gasResistance,217504
2026-03-01T12:33:58+01:00,87f82783-853b-417d-8964-b5cf11e44873,41.035567,21.337528,humidity,41
2026-03-01T12:33:58+01:00,87f82783-853b-417d-8964-b5cf11e44873,41.035567,21.337528,noise,11
2026-03-01T12:33:58+01:00,87f82783-853b-417d-8964-b5cf11e44873,41.035567,21.337528,noise_dba,24
2026-03-01T12:33:58+01:00,87f82783-853b-417d-8964-b5cf11e44873,41.035567,21.337528,pm10,7
2026-03-01T12:33:58+01:00,87f82783-853b-417d-8964-b5cf11e44873,41.035567,21.337528,pm25,5
2026-03-01T12:33:58+01:00,87f82783-853b-417d-8964-b5cf11e44873,41.035567,21.337528,pressure,953
2026-03-01T12:33:58+01:00,87f82783-853b-417d-8964-b5cf11e44873,41.035567,21.337528,temperature,15
2026-03-01T12:49:30+01:00,87f82783-853b-417d-8964-b5cf11e44873,41.035567,21.337528,gasResistance,222462
2026-03-01T12:49:30+01:00,87f82783-853b-417d-8964-b5cf11e44873,41.035567,21.337528,humidity,39
2026-03-01T12:49:30+01:00,87f82783-853b-417d-8964-b5cf11e44873,41.035567,21.337528,noise,11
2026-03-01T12:49:30+01:00,87f82783-853b-417d-8964-b5cf11e44873,41.035567,21.337528,noise_dba,24
2026-03-01T12:49:30+01:00,87f82783-853b-417d-8964-b5cf11e44873,41.035567,21.337528,pm10,5
2026-03-01T12:49:30+01:00,87f82783-853b-417d-8964-b5cf11e44873,41.035567,21.337528,pm25,4
2026-03-01T12:49:30+01:00,87f82783-853b-417d-8964-b5cf11e44873,41.035567,21.337528,pressure,953
2026-03-01T12:49:30+01:00,87f82783-853b-417d-8964-b5cf11e44873,41.035567,21.337528,temperature,15
2026-03-01T13:05:05+01:00,87f82783-853b-417d-8964-b5cf11e44873,41.035567,21.337528,gasResistance,222761
2026-03-01T13:05:05+01:00,87f82783-853b-417d-8964-b5cf11e44873,41.035567,21.337528,humidity,38
2026-03-01T13:05:05+01:00,87f82783-853b-417d-8964-b5cf11e44873,41.035567,21.337528,noise,11
2026-03-01T13:05:05+01:00,87f82783-853b-417d-8964-b5cf11e44873,41.035567,21.337528,noise_dba,24
2026-03-01T13:05:05+01:00,87f82783-853b-417d-8964-b5cf11e44873,41.035567,21.337528,pm10,7
2026-03-01T13:05:05+01:00,87f82783-853b-417d-8964-b5cf11e44873,41.035567,21.337528,pm25,4
2026-03-01T13:05:05+01:00,87f82783-853b-417d-8964-b5cf11e44873,41.035567,21.337528,pressure,953
2026-03-01T13:05:05+01:00,87f82783-853b-417d-8964-b5cf11e44873,41.035567,21.337528,temperature,16
2026-03-01T13:20:37+01:00,87f82783-853b-417d-8964-b5cf11e44873,41.035567,21.337528,gasResistance,223813
2026-03-01T13:20:37+01:00,87f82783-853b-417d-8964-b5cf11e44873,41.035567,21.337528,humidity,37
2026-03-01T13:20:37+01:00,87f82783-853b-417d-8964-b5cf11e44873,41.035567,21.337528,noise,11
2026-03-01T13:20:37+01:00,87f82783-853b-417d-8964-b5cf11e44873,41.035567,21.337528,noise_dba,24
2026-03-01T13:20:37+01:00,87f82783-853b-417d-8964-b5cf11e44873,41.035567,21.337528,pm10,4
2026-03-01T13:20:37+01:00,87f82783-853b-417d-8964-b5cf11e44873,41.035567,21.337528,pm25,3
2026-03-01T13:20:37+01:00,87f82783-853b-417d-8964-b5cf11e44873,41.035567,21.337528,pressure,953
2026-03-01T13:20:37+01:00,87f82783-853b-417d-8964-b5cf11e44873,41.035567,21.337528,temperature,16
2026-03-01T13:36:08+01:00,87f82783-853b-417d-8964-b5cf11e44873,41.035567,21.337528,gasResistance,223964
2026-03-01T13:36:08+01:00,87f82783-853b-417d-8964-b5cf11e44873,41.035567,21.337528,humidity,37
2026-03-01T13:36:08+01:00,87f82783-853b-417d-8964-b5cf11e44873,41.035567,21.337528,noise,12
2026-03-01T13:36:08+01:00,87f82783-853b-417d-8964-b5cf11e44873,41.035567,21.337528,noise_dba,25
2026-03-01T13:36:08+01:00,87f82783-853b-417d-8964-b5cf11e44873,41.035567,21.337528,pm10,8
2026-03-01T13:36:08+01:00,87f82783-853b-417d-8964-b5cf11e44873,41.035567,21.337528,pm25,5
2026-03-01T13:36:08+01:00,87f82783-853b-417d-8964-b5cf11e44873,41.035567,21.337528,pressure,953
2026-03-01T13:36:08+01:00,87f82783-853b-417d-8964-b5cf11e44873,41.035567,21.337528,temperature,17
2026-03-01T13:51:40+01:00,87f82783-853b-417d-8964-b5cf11e44873,41.035567,21.337528,gasResistance,223511
2026-03-01T13:51:40+01:00,87f82783-853b-417d-8964-b5cf11e44873,41.035567,21.337528,humidity,34
2026-03-01T13:51:40+01:00,87f82783-853b-417d-8964-b5cf11e44873,41.035567,21.337528,noise,12
2026-03-01T13:51:40+01:00,87f82783-853b-417d-8964-b5cf11e44873,41.035567,21.337528,noise_dba,25
2026-03-01T13:51:40+01:00,87f82783-853b-417d-8964-b5cf11e44873,41.035567,21.337528,pm10,7
2026-03-01T13:51:40+01:00,87f82783-853b-417d-8964-b5cf11e44873,41.035567,21.337528,pm25,3
2026-03-01T13:51:40+01:00,87f82783-853b-417d-8964-b5cf11e44873,41.035567,21.337528,pressure,952
2026-03-01T13:51:40+01:00,87f82783-853b-417d-8964-b5cf11e44873,41.035567,21.337528,temperature,17
2026-03-01T14:07:11+01:00,87f82783-853b-417d-8964-b5cf11e44873,41.035567,21.337528,gasResistance,228908
2026-03-01T14:07:11+01:00,87f82783-853b-417d-8964-b5cf11e44873,41.035567,21.337528,humidity,33
2026-03-01T14:07:11+01:00,87f82783-853b-417d-8964-b5cf11e44873,41.035567,21.337528,noise,11
2026-03-01T14:07:11+01:00,87f82783-853b-417d-8964-b5cf11e44873,41.035567,21.337528,noise_dba,24
2026-03-01T14:07:11+01:00,87f82783-853b-417d-8964-b5cf11e44873,41.035567,21.337528,pm10,3
2026-03-01T14:07:11+01:00,87f82783-853b-417d-8964-b5cf11e44873,41.035567,21.337528,pm25,2
2026-03-01T14:07:11+01:00,87f82783-853b-417d-8964-b5cf11e44873,41.035567,21.337528,pressure,952
2026-03-01T14:07:11+01:00,87f82783-853b-417d-8964-b5cf11e44873,41.035567,21.337528,temperature,18
2026-03-01T14:22:43+01:00,87f82783-853b-417d-8964-b5cf11e44873,41.035567,21.337528,gasResistance,230819
2026-03-01T14:22:43+01:00,87f82783-853b-417d-8964-b5cf11e44873,41.035567,21.337528,humidity,32
2026-03-01T14:22:43+01:00,87f82783-853b-417d-8964-b5cf11e44873,41.035567,21.337528,noise,11
2026-03-01T14:22:43+01:00,87f82783-853b-417d-8964-b5cf11e44873,41.035567,21.337528,noise_dba,24
2026-03-01T14:22:43+01:00,87f82783-853b-417d-8964-b5cf11e44873,41.035567,21.337528,pm10,8
2026-03-01T14:22:43+01:00,87f82783-853b-417d-8964-b5cf11e44873,41.035567,21.337528,pm25,3
2026-03-01T14:22:43+01:00,87f82783-853b-417d-8964-b5cf11e44873,41.035567,21.337528,pressure,952
2026-03-01T14:22:43+01:00,87f82783-853b-417d-8964-b5cf11e44873,41.035567,21.337528,temperature,18
2026-03-01T14:38:14+01:00,87f82783-853b-417d-8964-b5cf11e44873,41.035567,21.337528,gasResistance,235739
2026-03-01T14:38:14+01:00,87f82783-853b-417d-8964-b5cf11e44873,41.035567,21.337528,humidity,30
2026-03-01T14:38:14+01:00,87f82783-853b-417d-8964-b5cf11e44873,41.035567,21.337528,noise,11
2026-03-01T14:38:14+01:00,87f82783-853b-417d-8964-b5cf11e44873,41.035567,21.337528,noise_dba,24
2026-03-01T14:38:14+01:00,87f82783-853b-417d-8964-b5cf11e44873,41.035567,21.337528,pm10,3
2026-03-01T14:38:14+01:00,87f82783-853b-417d-8964-b5cf11e44873,41.035567,21.337528,pm25,2
2026-03-01T14:38:14+01:00,87f82783-853b-417d-8964-b5cf11e44873,41.035567,21.337528,pressure,952
2026-03-01T14:38:14+01:00,87f82783-853b-417d-8964-b5cf11e44873,41.035567,21.337528,temperature,18
2026-03-01T14:53:46+01:00,87f82783-853b-417d-8964-b5cf11e44873,41.035567,21.337528,gasResistance,240698
2026-03-01T14:53:46+01:00,87f82783-853b-417d-8964-b5cf11e44873,41.035567,21.337528,humidity,28
2026-03-01T14:53:46+01:00,87f82783-853b-417d-8964-b5cf11e44873,41.035567,21.337528,noise,11
2026-03-01T14:53:46+01:00,87f82783-853b-417d-8964-b5cf11e44873,41.035567,21.337528,noise_dba,24
2026-03-01T14:53:46+01:00,87f82783-853b-417d-8964-b5cf11e44873,41.035567,21.337528,pm10,3
2026-03-01T14:53:46+01:00,87f82783-853b-417d-8964-b5cf11e44873,41.035567,21.337528,pm25,2
2026-03-01T14:53:46+01:00,87f82783-853b-417d-8964-b5cf11e44873,41.035567,21.337528,pressure,952
2026-03-01T14:53:46+01:00,87f82783-853b-417d-8964-b5cf11e44873,41.035567,21.337528,temperature,18
2026-03-01T15:09:17+01:00,87f82783-853b-417d-8964-b5cf11e44873,41.035567,21.337528,gasResistance,258312
2026-03-01T15:09:17+01:00,87f82783-853b-417d-8964-b5cf11e44873,41.035567,21.337528,humidity,23
2026-03-01T15:09:17+01:00,87f82783-853b-417d-8964-b5cf11e44873,41.035567,21.337528,noise,12
2026-03-01T15:09:17+01:00,87f82783-853b-417d-8964-b5cf11e44873,41.035567,21.337528,noise_dba,25
2026-03-01T15:09:17+01:00,87f82783-853b-417d-8964-b5cf11e44873,41.035567,21.337528,pm10,4
2026-03-01T15:09:17+01:00,87f82783-853b-417d-8964-b5cf11e44873,41.035567,21.337528,pm25,2
2026-03-01T15:09:17+01:00,87f82783-853b-417d-8964-b5cf11e44873,41.035567,21.337528,pressure,952
2026-03-01T15:09:17+01:00,87f82783-853b-417d-8964-b5cf11e44873,41.035567,21.337528,temperature,19
2026-03-01T15:24:49+01:00,87f82783-853b-417d-8964-b5cf11e44873,41.035567,21.337528,gasResistance,265548
2026-03-01T15:24:49+01:00,87f82783-853b-417d-8964-b5cf11e44873,41.035567,21.337528,humidity,28
2026-03-01T15:24:49+01:00,87f82783-853b-417d-8964-b5cf11e44873,41.035567,21.337528,noise,11
2026-03-01T15:24:49+01:00,87f82783-853b-417d-8964-b5cf11e44873,41.035567,21.337528,noise_dba,24
2026-03-01T15:24:49+01:00,87f82783-853b-417d-8964-b5cf11e44873,41.035567,21.337528,pm10,6
2026-03-01T15:24:49+01:00,87f82783-853b-417d-8964-b5cf11e44873,41.035567,21.337528,pm25,4
2026-03-01T15:24:49+01:00,87f82783-853b-417d-8964-b5cf11e44873,41.035567,21.337528,pressure,952
2026-03-01T15:24:49+01:00,87f82783-853b-417d-8964-b5cf11e44873,41.035567,21.337528,temperature,19
2026-03-01T15:40:20+01:00,87f82783-853b-417d-8964-b5cf11e44873,41.035567,21.337528,gasResistance,256119
2026-03-01T15:40:20+01:00,87f82783-853b-417d-8964-b5cf11e44873,41.035567,21.337528,humidity,29
2026-03-01T15:40:20+01:00,87f82783-853b-417d-8964-b5cf11e44873,41.035567,21.337528,noise,12
2026-03-01T15:40:20+01:00,87f82783-853b-417d-8964-b5cf11e44873,41.035567,21.337528,noise_dba,25
2026-03-01T15:40:20+01:00,87f82783-853b-417d-8964-b5cf11e44873,41.035567,21.337528,pm10,7
2026-03-01T15:40:20+01:00,87f82783-853b-417d-8964-b5cf11e44873,41.035567,21.337528,pm25,4
2026-03-01T15:40:20+01:00,87f82783-853b-417d-8964-b5cf11e44873,41.035567,21.337528,pressure,952
2026-03-01T15:40:20+01:00,87f82783-853b-417d-8964-b5cf11e44873,41.035567,21.337528,temperature,19
2026-03-01T15:55:51+01:00,87f82783-853b-417d-8964-b5cf11e44873,41.035567,21.337528,gasResistance,248077
2026-03-01T15:55:51+01:00,87f82783-853b-417d-8964-b5cf11e44873,41.035567,21.337528,humidity,30
2026-03-01T15:55:51+01:00,87f82783-853b-417d-8964-b5cf11e44873,41.035567,21.337528,noise,13
2026-03-01T15:55:51+01:00,87f82783-853b-417d-8964-b5cf11e44873,41.035567,21.337528,noise_dba,27
2026-03-01T15:55:51+01:00,87f82783-853b-417d-8964-b5cf11e44873,41.035567,21.337528,pm10,12
2026-03-01T15:55:51+01:00,87f82783-853b-417d-8964-b5cf11e44873,41.035567,21.337528,pm25,9
2026-03-01T15:55:51+01:00,87f82783-853b-417d-8964-b5cf11e44873,41.035567,21.337528,pressure,952
2026-03-01T15:55:51+01:00,87f82783-853b-417d-8964-b5cf11e44873,41.035567,21.337528,temperature,19
2026-03-01T16:11:23+01:00,87f82783-853b-417d-8964-b5cf11e44873,41.035567,21.337528,gasResistance,249569
2026-03-01T16:11:23+01:00,87f82783-853b-417d-8964-b5cf11e44873,41.035567,21.337528,humidity,30
2026-03-01T16:11:23+01:00,87f82783-853b-417d-8964-b5cf11e44873,41.035567,21.337528,noise,11
2026-03-01T16:11:23+01:00,87f82783-853b-417d-8964-b5cf11e44873,41.035567,21.337528,noise_dba,24
2026-03-01T16:11:23+01:00,87f82783-853b-417d-8964-b5cf11e44873,41.035567,21.337528,pm10,22
2026-03-01T16:11:23+01:00,87f82783-853b-417d-8964-b5cf11e44873,41.035567,21.337528,pm25,16
2026-03-01T16:11:23+01:00,87f82783-853b-417d-8964-b5cf11e44873,41.035567,21.337528,pressure,952
2026-03-01T16:11:23+01:00,87f82783-853b-417d-8964-b5cf11e44873,41.035567,21.337528,temperature,19
2026-03-01T16:26:54+01:00,87f82783-853b-417d-8964-b5cf11e44873,41.035567,21.337528,gasResistance,251842
2026-03-01T16:26:54+01:00,87f82783-853b-417d-8964-b5cf11e44873,41.035567,21.337528,humidity,29
2026-03-01T16:26:54+01:00,87f82783-853b-417d-8964-b5cf11e44873,41.035567,21.337528,noise,11
2026-03-01T16:26:54+01:00,87f82783-853b-417d-8964-b5cf11e44873,41.035567,21.337528,noise_dba,24
2026-03-01T16:26:54+01:00,87f82783-853b-417d-8964-b5cf11e44873,41.035567,21.337528,pm10,16
2026-03-01T16:26:54+01:00,87f82783-853b-417d-8964-b5cf11e44873,41.035567,21.337528,pm25,13
2026-03-01T16:26:54+01:00,87f82783-853b-417d-8964-b5cf11e44873,41.035567,21.337528,pressure,952
2026-03-01T16:26:54+01:00,87f82783-853b-417d-8964-b5cf11e44873,41.035567,21.337528,temperature,18
2026-03-01T16:42:26+01:00,87f82783-853b-417d-8964-b5cf11e44873,41.035567,21.337528,gasResistance,260748
2026-03-01T16:42:26+01:00,87f82783-853b-417d-8964-b5cf11e44873,41.035567,21.337528,humidity,30
2026-03-01T16:42:26+01:00,87f82783-853b-417d-8964-b5cf11e44873,41.035567,21.337528,noise,12
2026-03-01T16:42:26+01:00,87f82783-853b-417d-8964-b5cf11e44873,41.035567,21.337528,noise_dba,25
2026-03-01T16:42:26+01:00,87f82783-853b-417d-8964-b5cf11e44873,41.035567,21.337528,pm10,56
2026-03-01T16:42:26+01:00,87f82783-853b-417d-8964-b5cf11e44873,41.035567,21.337528,pm25,35
2026-03-01T16:42:26+01:00,87f82783-853b-417d-8964-b5cf11e44873,41.035567,21.337528,pressure,952
2026-03-01T16:42:26+01:00,87f82783-853b-417d-8964-b5cf11e44873,41.035567,21.337528,temperature,18
2026-03-01T16:57:57+01:00,87f82783-853b-417d-8964-b5cf11e44873,41.035567,21.337528,gasResistance,260954
2026-03-01T16:57:57+01:00,87f82783-853b-417d-8964-b5cf11e44873,41.035567,21.337528,humidity,32
2026-03-01T16:57:57+01:00,87f82783-853b-417d-8964-b5cf11e44873,41.035567,21.337528,noise,13
2026-03-01T16:57:57+01:00,87f82783-853b-417d-8964-b5cf11e44873,41.035567,21.337528,noise_dba,27
2026-03-01T16:57:57+01:00,87f82783-853b-417d-8964-b5cf11e44873,41.035567,21.337528,pm10,17
2026-03-01T16:57:57+01:00,87f82783-853b-417d-8964-b5cf11e44873,41.035567,21.337528,pm25,12
2026-03-01T16:57:57+01:00,87f82783-853b-417d-8964-b5cf11e44873,41.035567,21.337528,pressure,952
2026-03-01T16:57:57+01:00,87f82783-853b-417d-8964-b5cf11e44873,41.035567,21.337528,temperature,17
2026-03-01T17:13:30+01:00,87f82783-853b-417d-8964-b5cf11e44873,41.035567,21.337528,gasResistance,256515
2026-03-01T17:13:30+01:00,87f82783-853b-417d-8964-b5cf11e44873,41.035567,21.337528,humidity,33
2026-03-01T17:13:30+01:00,87f82783-853b-417d-8964-b5cf11e44873,41.035567,21.337528,noise,11
2026-03-01T17:13:30+01:00,87f82783-853b-417d-8964-b5cf11e44873,41.035567,21.337528,noise_dba,24
2026-03-01T17:13:30+01:00,87f82783-853b-417d-8964-b5cf11e44873,41.035567,21.337528,pm10,19
2026-03-01T17:13:30+01:00,87f82783-853b-417d-8964-b5cf11e44873,41.035567,21.337528,pm25,13
2026-03-01T17:13:30+01:00,87f82783-853b-417d-8964-b5cf11e44873,41.035567,21.337528,pressure,952
2026-03-01T17:13:30+01:00,87f82783-853b-417d-8964-b5cf11e44873,41.035567,21.337528,temperature,17
2026-03-01T17:29:01+01:00,87f82783-853b-417d-8964-b5cf11e44873,41.035567,21.337528,gasResistance,251461
2026-03-01T17:29:01+01:00,87f82783-853b-417d-8964-b5cf11e44873,41.035567,21.337528,humidity,35
2026-03-01T17:29:01+01:00,87f82783-853b-417d-8964-b5cf11e44873,41.035567,21.337528,noise,12
2026-03-01T17:29:01+01:00,87f82783-853b-417d-8964-b5cf11e44873,41.035567,21.337528,noise_dba,25
2026-03-01T17:29:01+01:00,87f82783-853b-417d-8964-b5cf11e44873,41.035567,21.337528,pm10,46
2026-03-01T17:29:01+01:00,87f82783-853b-417d-8964-b5cf11e44873,41.035567,21.337528,pm25,31
2026-03-01T17:29:01+01:00,87f82783-853b-417d-8964-b5cf11e44873,41.035567,21.337528,pressure,952
2026-03-01T17:29:01+01:00,87f82783-853b-417d-8964-b5cf11e44873,41.035567,21.337528,temperature,16
2026-03-01T17:44:32+01:00,87f82783-853b-417d-8964-b5cf11e44873,41.035567,21.337528,gasResistance,233746
2026-03-01T17:44:32+01:00,87f82783-853b-417d-8964-b5cf11e44873,41.035567,21.337528,humidity,39
2026-03-01T17:44:32+01:00,87f82783-853b-417d-8964-b5cf11e44873,41.035567,21.337528,noise,13
2026-03-01T17:44:32+01:00,87f82783-853b-417d-8964-b5cf11e44873,41.035567,21.337528,noise_dba,27
2026-03-01T17:44:32+01:00,87f82783-853b-417d-8964-b5cf11e44873,41.035567,21.337528,pm10,87
2026-03-01T17:44:32+01:00,87f82783-853b-417d-8964-b5cf11e44873,41.035567,21.337528,pm25,45
2026-03-01T17:44:32+01:00,87f82783-853b-417d-8964-b5cf11e44873,41.035567,21.337528,pressure,952
2026-03-01T17:44:32+01:00,87f82783-853b-417d-8964-b5cf11e44873,41.035567,21.337528,temperature,16
2026-03-01T18:00:04+01:00,87f82783-853b-417d-8964-b5cf11e44873,41.035567,21.337528,gasResistance,214273
2026-03-01T18:00:04+01:00,87f82783-853b-417d-8964-b5cf11e44873,41.035567,21.337528,humidity,41
2026-03-01T18:00:04+01:00,87f82783-853b-417d-8964-b5cf11e44873,41.035567,21.337528,noise,13
2026-03-01T18:00:04+01:00,87f82783-853b-417d-8964-b5cf11e44873,41.035567,21.337528,noise_dba,27
2026-03-01T18:00:04+01:00,87f82783-853b-417d-8964-b5cf11e44873,41.035567,21.337528,pm10,73
2026-03-01T18:00:04+01:00,87f82783-853b-417d-8964-b5cf11e44873,41.035567,21.337528,pm25,47
2026-03-01T18:00:04+01:00,87f82783-853b-417d-8964-b5cf11e44873,41.035567,21.337528,pressure,952
2026-03-01T18:00:04+01:00,87f82783-853b-417d-8964-b5cf11e44873,41.035567,21.337528,temperature,15
2026-03-01T18:15:35+01:00,87f82783-853b-417d-8964-b5cf11e44873,41.035567,21.337528,gasResistance,203998
2026-03-01T18:15:35+01:00,87f82783-853b-417d-8964-b5cf11e44873,41.035567,21.337528,humidity,41
2026-03-01T18:15:35+01:00,87f82783-853b-417d-8964-b5cf11e44873,41.035567,21.337528,noise,12
2026-03-01T18:15:35+01:00,87f82783-853b-417d-8964-b5cf11e44873,41.035567,21.337528,noise_dba,25
2026-03-01T18:15:35+01:00,87f82783-853b-417d-8964-b5cf11e44873,41.035567,21.337528,pm10,64
2026-03-01T18:15:35+01:00,87f82783-853b-417d-8964-b5cf11e44873,41.035567,21.337528,pm25,38
2026-03-01T18:15:35+01:00,87f82783-853b-417d-8964-b5cf11e44873,41.035567,21.337528,pressure,952
2026-03-01T18:15:35+01:00,87f82783-853b-417d-8964-b5cf11e44873,41.035567,21.337528,temperature,15
2026-03-01T18:31:07+01:00,87f82783-853b-417d-8964-b5cf11e44873,41.035567,21.337528,gasResistance,205260
2026-03-01T18:31:07+01:00,87f82783-853b-417d-8964-b5cf11e44873,41.035567,21.337528,humidity,43
2026-03-01T18:31:07+01:00,87f82783-853b-417d-8964-b5cf11e44873,41.035567,21.337528,noise,11
2026-03-01T18:31:07+01:00,87f82783-853b-417d-8964-b5cf11e44873,41.035567,21.337528,noise_dba,24
2026-03-01T18:31:07+01:00,87f82783-853b-417d-8964-b5cf11e44873,41.035567,21.337528,pm10,40
2026-03-01T18:31:07+01:00,87f82783-853b-417d-8964-b5cf11e44873,41.035567,21.337528,pm25,26
2026-03-01T18:31:07+01:00,87f82783-853b-417d-8964-b5cf11e44873,41.035567,21.337528,pressure,952
2026-03-01T18:31:07+01:00,87f82783-853b-417d-8964-b5cf11e44873,41.035567,21.337528,temperature,14
2026-03-01T18:46:39+01:00,87f82783-853b-417d-8964-b5cf11e44873,41.035567,21.337528,gasResistance,202627
2026-03-01T18:46:39+01:00,87f82783-853b-417d-8964-b5cf11e44873,41.035567,21.337528,humidity,44
2026-03-01T18:46:39+01:00,87f82783-853b-417d-8964-b5cf11e44873,41.035567,21.337528,noise,11
2026-03-01T18:46:39+01:00,87f82783-853b-417d-8964-b5cf11e44873,41.035567,21.337528,noise_dba,24
2026-03-01T18:46:39+01:00,87f82783-853b-417d-8964-b5cf11e44873,41.035567,21.337528,pm10,66
2026-03-01T18:46:39+01:00,87f82783-853b-417d-8964-b5cf11e44873,41.035567,21.337528,pm25,36
2026-03-01T18:46:39+01:00,87f82783-853b-417d-8964-b5cf11e44873,41.035567,21.337528,pressure,952
2026-03-01T18:46:39+01:00,87f82783-853b-417d-8964-b5cf11e44873,41.035567,21.337528,temperature,13
2026-03-01T19:02:10+01:00,87f82783-853b-417d-8964-b5cf11e44873,41.035567,21.337528,gasResistance,202134
2026-03-01T19:02:10+01:00,87f82783-853b-417d-8964-b5cf11e44873,41.035567,21.337528,humidity,46
2026-03-01T19:02:10+01:00,87f82783-853b-417d-8964-b5cf11e44873,41.035567,21.337528,noise,11
2026-03-01T19:02:10+01:00,87f82783-853b-417d-8964-b5cf11e44873,41.035567,21.337528,noise_dba,24
2026-03-01T19:02:10+01:00,87f82783-853b-417d-8964-b5cf11e44873,41.035567,21.337528,pm10,56
2026-03-01T19:02:10+01:00,87f82783-853b-417d-8964-b5cf11e44873,41.035567,21.337528,pm25,30
2026-03-01T19:02:10+01:00,87f82783-853b-417d-8964-b5cf11e44873,41.035567,21.337528,pressure,952
2026-03-01T19:02:10+01:00,87f82783-853b-417d-8964-b5cf11e44873,41.035567,21.337528,temperature,13
2026-03-01T19:17:42+01:00,87f82783-853b-417d-8964-b5cf11e44873,41.035567,21.337528,gasResistance,199460
2026-03-01T19:17:42+01:00,87f82783-853b-417d-8964-b5cf11e44873,41.035567,21.337528,humidity,47
2026-03-01T19:17:42+01:00,87f82783-853b-417d-8964-b5cf11e44873,41.035567,21.337528,noise,11
2026-03-01T19:17:42+01:00,87f82783-853b-417d-8964-b5cf11e44873,41.035567,21.337528,noise_dba,24
2026-03-01T19:17:42+01:00,87f82783-853b-417d-8964-b5cf11e44873,41.035567,21.337528,pm10,50
2026-03-01T19:17:42+01:00,87f82783-853b-417d-8964-b5cf11e44873,41.035567,21.337528,pm25,29
2026-03-01T19:17:42+01:00,87f82783-853b-417d-8964-b5cf11e44873,41.035567,21.337528,pressure,952
2026-03-01T19:17:42+01:00,87f82783-853b-417d-8964-b5cf11e44873,41.035567,21.337528,temperature,12
2026-03-01T19:33:15+01:00,87f82783-853b-417d-8964-b5cf11e44873,41.035567,21.337528,gasResistance,196740
2026-03-01T19:33:15+01:00,87f82783-853b-417d-8964-b5cf11e44873,41.035567,21.337528,humidity,47
2026-03-01T19:33:15+01:00,87f82783-853b-417d-8964-b5cf11e44873,41.035567,21.337528,noise,12
2026-03-01T19:33:15+01:00,87f82783-853b-417d-8964-b5cf11e44873,41.035567,21.337528,noise_dba,25
2026-03-01T19:33:15+01:00,87f82783-853b-417d-8964-b5cf11e44873,41.035567,21.337528,pm10,72
2026-03-01T19:33:15+01:00,87f82783-853b-417d-8964-b5cf11e44873,41.035567,21.337528,pm25,44
2026-03-01T19:33:15+01:00,87f82783-853b-417d-8964-b5cf11e44873,41.035567,21.337528,pressure,952
2026-03-01T19:33:15+01:00,87f82783-853b-417d-8964-b5cf11e44873,41.035567,21.337528,temperature,12
2026-03-01T19:48:47+01:00,87f82783-853b-417d-8964-b5cf11e44873,41.035567,21.337528,gasResistance,193753
2026-03-01T19:48:47+01:00,87f82783-853b-417d-8964-b5cf11e44873,41.035567,21.337528,humidity,47
2026-03-01T19:48:47+01:00,87f82783-853b-417d-8964-b5cf11e44873,41.035567,21.337528,noise,11
2026-03-01T19:48:47+01:00,87f82783-853b-417d-8964-b5cf11e44873,41.035567,21.337528,noise_dba,24
2026-03-01T19:48:47+01:00,87f82783-853b-417d-8964-b5cf11e44873,41.035567,21.337528,pm10,18
2026-03-01T19:48:47+01:00,87f82783-853b-417d-8964-b5cf11e44873,41.035567,21.337528,pm25,12
2026-03-01T19:48:47+01:00,87f82783-853b-417d-8964-b5cf11e44873,41.035567,21.337528,pressure,952
2026-03-01T19:48:47+01:00,87f82783-853b-417d-8964-b5cf11e44873,41.035567,21.337528,temperature,12
2026-03-01T20:04:20+01:00,87f82783-853b-417d-8964-b5cf11e44873,41.035567,21.337528,gasResistance,193640
2026-03-01T20:04:20+01:00,87f82783-853b-417d-8964-b5cf11e44873,41.035567,21.337528,humidity,48
2026-03-01T20:04:20+01:00,87f82783-853b-417d-8964-b5cf11e44873,41.035567,21.337528,noise,11
2026-03-01T20:04:20+01:00,87f82783-853b-417d-8964-b5cf11e44873,41.035567,21.337528,noise_dba,24
2026-03-01T20:04:20+01:00,87f82783-853b-417d-8964-b5cf11e44873,41.035567,21.337528,pm10,43
2026-03-01T20:04:20+01:00,87f82783-853b-417d-8964-b5cf11e44873,41.035567,21.337528,pm25,30
2026-03-01T20:04:20+01:00,87f82783-853b-417d-8964-b5cf11e44873,41.035567,21.337528,pressure,952
2026-03-01T20:04:20+01:00,87f82783-853b-417d-8964-b5cf11e44873,41.035567,21.337528,temperature,11
2026-03-01T20:19:53+01:00,87f82783-853b-417d-8964-b5cf11e44873,41.035567,21.337528,gasResistance,194207
2026-03-01T20:19:53+01:00,87f82783-853b-417d-8964-b5cf11e44873,41.035567,21.337528,humidity,49
2026-03-01T20:19:53+01:00,87f82783-853b-417d-8964-b5cf11e44873,41.035567,21.337528,noise,11
2026-03-01T20:19:53+01:00,87f82783-853b-417d-8964-b5cf11e44873,41.035567,21.337528,noise_dba,24
2026-03-01T20:19:53+01:00,87f82783-853b-417d-8964-b5cf11e44873,41.035567,21.337528,pm10,134
2026-03-01T20:19:53+01:00,87f82783-853b-417d-8964-b5cf11e44873,41.035567,21.337528,pm25,81
2026-03-01T20:19:53+01:00,87f82783-853b-417d-8964-b5cf11e44873,41.035567,21.337528,pressure,953
2026-03-01T20:19:53+01:00,87f82783-853b-417d-8964-b5cf11e44873,41.035567,21.337528,temperature,11
2026-03-01T20:35:24+01:00,87f82783-853b-417d-8964-b5cf11e44873,41.035567,21.337528,gasResistance,186040
2026-03-01T20:35:24+01:00,87f82783-853b-417d-8964-b5cf11e44873,41.035567,21.337528,humidity,49
2026-03-01T20:35:24+01:00,87f82783-853b-417d-8964-b5cf11e44873,41.035567,21.337528,noise,11
2026-03-01T20:35:24+01:00,87f82783-853b-417d-8964-b5cf11e44873,41.035567,21.337528,noise_dba,24
2026-03-01T20:35:24+01:00,87f82783-853b-417d-8964-b5cf11e44873,41.035567,21.337528,pm10,76
2026-03-01T20:35:24+01:00,87f82783-853b-417d-8964-b5cf11e44873,41.035567,21.337528,pm25,49
2026-03-01T20:35:24+01:00,87f82783-853b-417d-8964-b5cf11e44873,41.035567,21.337528,pressure,953
2026-03-01T20:35:24+01:00,87f82783-853b-417d-8964-b5cf11e44873,41.035567,21.337528,temperature,11
2026-03-01T20:50:56+01:00,87f82783-853b-417d-8964-b5cf11e44873,41.035567,21.337528,gasResistance,186249
2026-03-01T20:50:56+01:00,87f82783-853b-417d-8964-b5cf11e44873,41.035567,21.337528,humidity,49
2026-03-01T20:50:56+01:00,87f82783-853b-417d-8964-b5cf11e44873,41.035567,21.337528,noise,11
2026-03-01T20:50:56+01:00,87f82783-853b-417d-8964-b5cf11e44873,41.035567,21.337528,noise_dba,24
2026-03-01T20:50:56+01:00,87f82783-853b-417d-8964-b5cf11e44873,41.035567,21.337528,pm10,61
2026-03-01T20:50:56+01:00,87f82783-853b-417d-8964-b5cf11e44873,41.035567,21.337528,pm25,36
2026-03-01T20:50:56+01:00,87f82783-853b-417d-8964-b5cf11e44873,41.035567,21.337528,pressure,953
2026-03-01T20:50:56+01:00,87f82783-853b-417d-8964-b5cf11e44873,41.035567,21.337528,temperature,11
2026-03-01T21:06:28+01:00,87f82783-853b-417d-8964-b5cf11e44873,41.035567,21.337528,gasResistance,186563
2026-03-01T21:06:28+01:00,87f82783-853b-417d-8964-b5cf11e44873,41.035567,21.337528,humidity,49
2026-03-01T21:06:28+01:00,87f82783-853b-417d-8964-b5cf11e44873,41.035567,21.337528,noise,11
2026-03-01T21:06:28+01:00,87f82783-853b-417d-8964-b5cf11e44873,41.035567,21.337528,noise_dba,24
2026-03-01T21:06:28+01:00,87f82783-853b-417d-8964-b5cf11e44873,41.035567,21.337528,pm10,62
2026-03-01T21:06:28+01:00,87f82783-853b-417d-8964-b5cf11e44873,41.035567,21.337528,pm25,39
2026-03-01T21:06:28+01:00,87f82783-853b-417d-8964-b5cf11e44873,41.035567,21.337528,pressure,953
2026-03-01T21:06:28+01:00,87f82783-853b-417d-8964-b5cf11e44873,41.035567,21.337528,temperature,10
2026-03-01T21:22:00+01:00,87f82783-853b-417d-8964-b5cf11e44873,41.035567,21.337528,gasResistance,187724
2026-03-01T21:22:00+01:00,87f82783-853b-417d-8964-b5cf11e44873,41.035567,21.337528,humidity,49
2026-03-01T21:22:00+01:00,87f82783-853b-417d-8964-b5cf11e44873,41.035567,21.337528,noise,11
2026-03-01T21:22:00+01:00,87f82783-853b-417d-8964-b5cf11e44873,41.035567,21.337528,noise_dba,24
2026-03-01T21:22:00+01:00,87f82783-853b-417d-8964-b5cf11e44873,41.035567,21.337528,pm10,123
2026-03-01T21:22:00+01:00,87f82783-853b-417d-8964-b5cf11e44873,41.035567,21.337528,pm25,68
2026-03-01T21:22:00+01:00,87f82783-853b-417d-8964-b5cf11e44873,41.035567,21.337528,pressure,953
2026-03-01T21:22:00+01:00,87f82783-853b-417d-8964-b5cf11e44873,41.035567,21.337528,temperature,10
2026-03-01T21:37:32+01:00,87f82783-853b-417d-8964-b5cf11e44873,41.035567,21.337528,gasResistance,186144
2026-03-01T21:37:32+01:00,87f82783-853b-417d-8964-b5cf11e44873,41.035567,21.337528,humidity,49
2026-03-01T21:37:32+01:00,87f82783-853b-417d-8964-b5cf11e44873,41.035567,21.337528,noise,11
2026-03-01T21:37:32+01:00,87f82783-853b-417d-8964-b5cf11e44873,41.035567,21.337528,noise_dba,24
2026-03-01T21:37:32+01:00,87f82783-853b-417d-8964-b5cf11e44873,41.035567,21.337528,pm10,66
2026-03-01T21:37:32+01:00,87f82783-853b-417d-8964-b5cf11e44873,41.035567,21.337528,pm25,43
2026-03-01T21:37:32+01:00,87f82783-853b-417d-8964-b5cf11e44873,41.035567,21.337528,pressure,953
2026-03-01T21:37:32+01:00,87f82783-853b-417d-8964-b5cf11e44873,41.035567,21.337528,temperature,10
2026-03-01T21:53:03+01:00,87f82783-853b-417d-8964-b5cf11e44873,41.035567,21.337528,gasResistance,190090
2026-03-01T21:53:03+01:00,87f82783-853b-417d-8964-b5cf11e44873,41.035567,21.337528,humidity,50
2026-03-01T21:53:03+01:00,87f82783-853b-417d-8964-b5cf11e44873,41.035567,21.337528,noise,11
2026-03-01T21:53:03+01:00,87f82783-853b-417d-8964-b5cf11e44873,41.035567,21.337528,noise_dba,24
2026-03-01T21:53:03+01:00,87f82783-853b-417d-8964-b5cf11e44873,41.035567,21.337528,pm10,73
2026-03-01T21:53:03+01:00,87f82783-853b-417d-8964-b5cf11e44873,41.035567,21.337528,pm25,40
2026-03-01T21:53:03+01:00,87f82783-853b-417d-8964-b5cf11e44873,41.035567,21.337528,pressure,953
2026-03-01T21:53:03+01:00,87f82783-853b-417d-8964-b5cf11e44873,41.035567,21.337528,temperature,10
2026-03-01T22:08:36+01:00,87f82783-853b-417d-8964-b5cf11e44873,41.035567,21.337528,gasResistance,189764
2026-03-01T22:08:36+01:00,87f82783-853b-417d-8964-b5cf11e44873,41.035567,21.337528,humidity,50
2026-03-01T22:08:36+01:00,87f82783-853b-417d-8964-b5cf11e44873,41.035567,21.337528,noise,11
2026-03-01T22:08:36+01:00,87f82783-853b-417d-8964-b5cf11e44873,41.035567,21.337528,noise_dba,24
2026-03-01T22:08:36+01:00,87f82783-853b-417d-8964-b5cf11e44873,41.035567,21.337528,pm10,65
2026-03-01T22:08:36+01:00,87f82783-853b-417d-8964-b5cf11e44873,41.035567,21.337528,pm25,35
2026-03-01T22:08:36+01:00,87f82783-853b-417d-8964-b5cf11e44873,41.035567,21.337528,pressure,953
2026-03-01T22:08:36+01:00,87f82783-853b-417d-8964-b5cf11e44873,41.035567,21.337528,temperature,10
2026-03-01T22:24:08+01:00,87f82783-853b-417d-8964-b5cf11e44873,41.035567,21.337528,gasResistance,193414
2026-03-01T22:24:08+01:00,87f82783-853b-417d-8964-b5cf11e44873,41.035567,21.337528,humidity,51
2026-03-01T22:24:08+01:00,87f82783-853b-417d-8964-b5cf11e44873,41.035567,21.337528,noise,11
2026-03-01T22:24:08+01:00,87f82783-853b-417d-8964-b5cf11e44873,41.035567,21.337528,noise_dba,24
2026-03-01T22:24:08+01:00,87f82783-853b-417d-8964-b5cf11e44873,41.035567,21.337528,pm10,43
2026-03-01T22:24:08+01:00,87f82783-853b-417d-8964-b5cf11e44873,41.035567,21.337528,pm25,23
2026-03-01T22:24:08+01:00,87f82783-853b-417d-8964-b5cf11e44873,41.035567,21.337528,pressure,953
2026-03-01T22:24:08+01:00,87f82783-853b-417d-8964-b5cf11e44873,41.035567,21.337528,temperature,10
2026-03-01T22:39:40+01:00,87f82783-853b-417d-8964-b5cf11e44873,41.035567,21.337528,gasResistance,195006
2026-03-01T22:39:40+01:00,87f82783-853b-417d-8964-b5cf11e44873,41.035567,21.337528,humidity,51
2026-03-01T22:39:40+01:00,87f82783-853b-417d-8964-b5cf11e44873,41.035567,21.337528,noise,11
2026-03-01T22:39:40+01:00,87f82783-853b-417d-8964-b5cf11e44873,41.035567,21.337528,noise_dba,24
2026-03-01T22:39:40+01:00,87f82783-853b-417d-8964-b5cf11e44873,41.035567,21.337528,pm10,74
2026-03-01T22:39:40+01:00,87f82783-853b-417d-8964-b5cf11e44873,41.035567,21.337528,pm25,38
2026-03-01T22:39:40+01:00,87f82783-853b-417d-8964-b5cf11e44873,41.035567,21.337528,pressure,953
2026-03-01T22:39:40+01:00,87f82783-853b-417d-8964-b5cf11e44873,41.035567,21.337528,temperature,9
2026-03-01T22:55:12+01:00,87f82783-853b-417d-8964-b5cf11e44873,41.035567,21.337528,gasResistance,196159
2026-03-01T22:55:12+01:00,87f82783-853b-417d-8964-b5cf11e44873,41.035567,21.337528,humidity,51
2026-03-01T22:55:12+01:00,87f82783-853b-417d-8964-b5cf11e44873,41.035567,21.337528,noise,11
2026-03-01T22:55:12+01:00,87f82783-853b-417d-8964-b5cf11e44873,41.035567,21.337528,noise_dba,24
2026-03-01T22:55:12+01:00,87f82783-853b-417d-8964-b5cf11e44873,41.035567,21.337528,pm10,59
2026-03-01T22:55:12+01:00,87f82783-853b-417d-8964-b5cf11e44873,41.035567,21.337528,pm25,32
2026-03-01T22:55:12+01:00,87f82783-853b-417d-8964-b5cf11e44873,41.035567,21.337528,pressure,953
2026-03-01T22:55:12+01:00,87f82783-853b-417d-8964-b5cf11e44873,41.035567,21.337528,temperature,9
2026-03-01T23:10:43+01:00,87f82783-853b-417d-8964-b5cf11e44873,41.035567,21.337528,gasResistance,198387
2026-03-01T23:10:43+01:00,87f82783-853b-417d-8964-b5cf11e44873,41.035567,21.337528,humidity,51
2026-03-01T23:10:43+01:00,87f82783-853b-417d-8964-b5cf11e44873,41.035567,21.337528,noise,11
2026-03-01T23:10:43+01:00,87f82783-853b-417d-8964-b5cf11e44873,41.035567,21.337528,noise_dba,24
2026-03-01T23:10:43+01:00,87f82783-853b-417d-8964-b5cf11e44873,41.035567,21.337528,pm10,61
2026-03-01T23:10:43+01:00,87f82783-853b-417d-8964-b5cf11e44873,41.035567,21.337528,pm25,33
2026-03-01T23:10:43+01:00,87f82783-853b-417d-8964-b5cf11e44873,41.035567,21.337528,pressure,953
2026-03-01T23:10:43+01:00,87f82783-853b-417d-8964-b5cf11e44873,41.035567,21.337528,temperature,9
2026-03-01T23:26:14+01:00,87f82783-853b-417d-8964-b5cf11e44873,41.035567,21.337528,gasResistance,203373
2026-03-01T23:26:14+01:00,87f82783-853b-417d-8964-b5cf11e44873,41.035567,21.337528,humidity,52
2026-03-01T23:26:14+01:00,87f82783-853b-417d-8964-b5cf11e44873,41.035567,21.337528,noise,11
2026-03-01T23:26:14+01:00,87f82783-853b-417d-8964-b5cf11e44873,41.035567,21.337528,noise_dba,24
2026-03-01T23:26:14+01:00,87f82783-853b-417d-8964-b5cf11e44873,41.035567,21.337528,pm10,73
2026-03-01T23:26:14+01:00,87f82783-853b-417d-8964-b5cf11e44873,41.035567,21.337528,pm25,41
2026-03-01T23:26:14+01:00,87f82783-853b-417d-8964-b5cf11e44873,41.035567,21.337528,pressure,953
2026-03-01T23:26:14+01:00,87f82783-853b-417d-8964-b5cf11e44873,41.035567,21.337528,temperature,9
2026-03-01T23:41:46+01:00,87f82783-853b-417d-8964-b5cf11e44873,41.035567,21.337528,gasResistance,204123
2026-03-01T23:41:46+01:00,87f82783-853b-417d-8964-b5cf11e44873,41.035567,21.337528,humidity,52
2026-03-01T23:41:46+01:00,87f82783-853b-417d-8964-b5cf11e44873,41.035567,21.337528,noise,11
2026-03-01T23:41:46+01:00,87f82783-853b-417d-8964-b5cf11e44873,41.035567,21.337528,noise_dba,24
2026-03-01T23:41:46+01:00,87f82783-853b-417d-8964-b5cf11e44873,41.035567,21.337528,pm10,53
2026-03-01T23:41:46+01:00,87f82783-853b-417d-8964-b5cf11e44873,41.035567,21.337528,pm25,28
2026-03-01T23:41:46+01:00,87f82783-853b-417d-8964-b5cf11e44873,41.035567,21.337528,pressure,953
2026-03-01T23:41:46+01:00,87f82783-853b-417d-8964-b5cf11e44873,41.035567,21.337528,temperature,9
2026-03-01T23:57:18+01:00,87f82783-853b-417d-8964-b5cf11e44873,41.035567,21.337528,gasResistance,202134
2026-03-01T23:57:18+01:00,87f82783-853b-417d-8964-b5cf11e44873,41.035567,21.337528,humidity,52
2026-03-01T23:57:18+01:00,87f82783-853b-417d-8964-b5cf11e44873,41.035567,21.337528,pm10,73
2026-03-01T23:57:18+01:00,87f82783-853b-417d-8964-b5cf11e44873,41.035567,21.337528,pm25,39
2026-03-01T23:57:18+01:00,87f82783-853b-417d-8964-b5cf11e44873,41.035567,21.337528,pressure,953
2026-03-01T23:57:18+01:00,87f82783-853b-417d-8964-b5cf11e44873,41.035567,21.337528,temperature,9
2026-03-02T00:12:50+01:00,87f82783-853b-417d-8964-b5cf11e44873,41.035567,21.337528,gasResistance,202257
2026-03-02T00:12:50+01:00,87f82783-853b-417d-8964-b5cf11e44873,41.035567,21.337528,humidity,52
2026-03-02T00:12:50+01:00,87f82783-853b-417d-8964-b5cf11e44873,41.035567,21.337528,noise,11
2026-03-02T00:12:50+01:00,87f82783-853b-417d-8964-b5cf11e44873,41.035567,21.337528,noise_dba,24
2026-03-02T00:12:50+01:00,87f82783-853b-417d-8964-b5cf11e44873,41.035567,21.337528,pm10,59
2026-03-02T00:12:50+01:00,87f82783-853b-417d-8964-b5cf11e44873,41.035567,21.337528,pm25,33
2026-03-02T00:12:50+01:00,87f82783-853b-417d-8964-b5cf11e44873,41.035567,21.337528,pressure,953
2026-03-02T00:12:50+01:00,87f82783-853b-417d-8964-b5cf11e44873,41.035567,21.337528,temperature,8
2026-03-02T00:28:21+01:00,87f82783-853b-417d-8964-b5cf11e44873,41.035567,21.337528,gasResistance,205897
2026-03-02T00:28:21+01:00,87f82783-853b-417d-8964-b5cf11e44873,41.035567,21.337528,humidity,52
2026-03-02T00:28:21+01:00,87f82783-853b-417d-8964-b5cf11e44873,41.035567,21.337528,noise,11
2026-03-02T00:28:21+01:00,87f82783-853b-417d-8964-b5cf11e44873,41.035567,21.337528,noise_dba,24
2026-03-02T00:28:21+01:00,87f82783-853b-417d-8964-b5cf11e44873,41.035567,21.337528,pm10,94
2026-03-02T00:28:21+01:00,87f82783-853b-417d-8964-b5cf11e44873,41.035567,21.337528,pm25,52
2026-03-02T00:28:21+01:00,87f82783-853b-417d-8964-b5cf11e44873,41.035567,21.337528,pressure,953
2026-03-02T00:28:21+01:00,87f82783-853b-417d-8964-b5cf11e44873,41.035567,21.337528,temperature,8
2026-03-02T00:43:52+01:00,87f82783-853b-417d-8964-b5cf11e44873,41.035567,21.337528,gasResistance,207312
2026-03-02T00:43:52+01:00,87f82783-853b-417d-8964-b5cf11e44873,41.035567,21.337528,humidity,52
2026-03-02T00:43:52+01:00,87f82783-853b-417d-8964-b5cf11e44873,41.035567,21.337528,noise,11
2026-03-02T00:43:52+01:00,87f82783-853b-417d-8964-b5cf11e44873,41.035567,21.337528,noise_dba,24
2026-03-02T00:43:52+01:00,87f82783-853b-417d-8964-b5cf11e44873,41.035567,21.337528,pm10,113
2026-03-02T00:43:52+01:00,87f82783-853b-417d-8964-b5cf11e44873,41.035567,21.337528,pm25,56
2026-03-02T00:43:52+01:00,87f82783-853b-417d-8964-b5cf11e44873,41.035567,21.337528,pressure,953
2026-03-02T00:43:52+01:00,87f82783-853b-417d-8964-b5cf11e44873,41.035567,21.337528,temperature,8
2026-03-02T00:59:24+01:00,87f82783-853b-417d-8964-b5cf11e44873,41.035567,21.337528,gasResistance,210869
2026-03-02T00:59:24+01:00,87f82783-853b-417d-8964-b5cf11e44873,41.035567,21.337528,humidity,52
2026-03-02T00:59:24+01:00,87f82783-853b-417d-8964-b5cf11e44873,41.035567,21.337528,noise,11
2026-03-02T00:59:24+01:00,87f82783-853b-417d-8964-b5cf11e44873,41.035567,21.337528,noise_dba,24
2026-03-02T00:59:24+01:00,87f82783-853b-417d-8964-b5cf11e44873,41.035567,21.337528,pm10,71
2026-03-02T00:59:24+01:00,87f82783-853b-417d-8964-b5cf11e44873,41.035567,21.337528,pm25,32
2026-03-02T00:59:24+01:00,87f82783-853b-417d-8964-b5cf11e44873,41.035567,21.337528,pressure,953
2026-03-02T00:59:24+01:00,87f82783-853b-417d-8964-b5cf11e44873,41.035567,21.337528,temperature,8
