timestamp,sensorId,lat,lon,type,value
2026-01-05T01:01:01+01:00,87f82783-853b-417d-8964-b5cf11e44873,41.035567,21.337528,gasResistance,232762
2026-01-05T01:01:01+01:00,87f82783-853b-417d-8964-b5cf11e44873,41.035567,21.337528,humidity,52
2026-01-05T01:01:01+01:00,87f82783-853b-417d-8964-b5cf11e44873,41.035567,21.337528,pm10,6
2026-01-05T01:01:01+01:00,87f82783-853b-417d-8964-b5cf11e44873,41.035567,21.337528,pm25,2
2026-01-05T01:01:01+01:00,87f82783-853b-417d-8964-b5cf11e44873,41.035567,21.337528,pressure,940
2026-01-05T01:01:01+01:00,87f82783-853b-417d-8964-b5cf11e44873,41.035567,21.337528,temperature,12
2026-01-05T01:16:33+01:00,87f82783-853b-417d-8964-b5cf11e44873,41.035567,21.337528,gasResistance,237426
2026-01-05T01:16:33+01:00,87f82783-853b-417d-8964-b5cf11e44873,41.035567,21.337528,humidity,51
2026-01-05T01:16:33+01:00,87f82783-853b-417d-8964-b5cf11e44873,41.035567,21.337528,pm10,4
2026-01-05T01:16:33+01:00,87f82783-853b-417d-8964-b5cf11e44873,41.035567,21.337528,pm25,2
2026-01-05T01:16:33+01:00,87f82783-853b-417d-8964-b5cf11e44873,41.035567,21.337528,pressure,940
2026-01-05T01:16:33+01:00,87f82783-853b-417d-8964-b5cf11e44873,41.035567,21.337528,temperature,12
2026-01-05T01:32:04+01:00,87f82783-853b-417d-8964-b5cf11e44873,41.035567,21.337528,gasResistance,239482
2026-01-05T01:32:04+01:00,87f82783-853b-417d-8964-b5cf11e44873,41.035567,21.337528,humidity,50
2026-01-05T01:32:04+01:00,87f82783-853b-417d-8964-b5cf11e44873,41.035567,21.337528,pm10,5
2026-01-05T01:32:04+01:00,87f82783-853b-417d-8964-b5cf11e44873,41.035567,21.337528,pm25,1
2026-01-05T01:32:04+01:00,87f82783-853b-417d-8964-b5cf11e44873,41.035567,21.337528,pressure,940
2026-01-05T01:32:04+01:00,87f82783-853b-417d-8964-b5cf11e44873,41.035567,21.337528,temperature,12
2026-01-05T01:47:35+01:00,87f82783-853b-417d-8964-b5cf11e44873,41.035567,21.337528,gasResistance,247521
2026-01-05T01:47:35+01:00,87f82783-853b-417d-8964-b5cf11e44873,41.035567,21.337528,humidity,50
2026-01-05T01:47:35+01:00,87f82783-853b-417d-8964-b5cf11e44873,41.035567,21.337528,pm10,3
2026-01-05T01:47:35+01:00,87f82783-853b-417d-8964-b5cf11e44873,41.035567,21.337528,pm25,2
2026-01-05T01:47:35+01:00,87f82783-853b-417d-8964-b5cf11e44873,41.035567,21.337528,pressure,940
2026-01-05T01:47:35+01:00,87f82783-853b-417d-8964-b5cf11e44873,41.035567,21.337528,temperature,12
2026-01-05T02:03:07+01:00,87f82783-853b-417d-8964-b5cf11e44873,41.035567,21.337528,gasResistance,249194
2026-01-05T02:03:07+01:00,87f82783-853b-417d-8964-b5cf11e44873,41.035567,21.337528,humidity,51
2026-01-05T02:03:07+01:00,87f82783-853b-417d-8964-b5cf11e44873,41.035567,21.337528,noise,11
2026-01-05T02:03:07+01:00,87f82783-853b-417d-8964-b5cf11e44873,41.035567,21.337528,noise_dba,24
2026-01-05T02:03:07+01:00,87f82783-853b-417d-8964-b5cf11e44873,41.035567,21.337528,pm10,4
2026-01-05T02:03:07+01:00,87f82783-853b-417d-8964-b5cf11e44873,41.035567,21.337528,pm25,1
2026-01-05T02:03:07+01:00,87f82783-853b-417d-8964-b5cf11e44873,41.035567,21.337528,pressure,940
2026-01-05T02:03:07+01:00,87f82783-853b-417d-8964-b5cf11e44873,41.035567,21.337528,temperature,12
2026-01-05T02:18:38+01:00,87f82783-853b-417d-8964-b5cf11e44873,41.035567,21.337528,gasResistance,252609
2026-01-05T02:18:38+01:00,87f82783-853b-417d-8964-b5cf11e44873,41.035567,21.337528,humidity,51
2026-01-05T02:18:38+01:00,87f82783-853b-417d-8964-b5cf11e44873,41.035567,21.337528,pm10,5
2026-01-05T02:18:38+01:00,87f82783-853b-417d-8964-b5cf11e44873,41.035567,21.337528,pm25,2
2026-01-05T02:18:38+01:00,87f82783-853b-417d-8964-b5cf11e44873,41.035567,21.337528,pressure,940
2026-01-05T02:18:38+01:00,87f82783-853b-417d-8964-b5cf11e44873,41.035567,21.337528,temperature,12
2026-01-05T02:34:09+01:00,87f82783-853b-417d-8964-b5cf11e44873,41.035567,21.337528,gasResistance,254352
2026-01-05T02:34:09+01:00,87f82783-853b-417d-8964-b5cf11e44873,41.035567,21.337528,humidity,52
2026-01-05T02:34:09+01:00,87f82783-853b-417d-8964-b5cf11e44873,41.035567,21.337528,pm10,16
2026-01-05T02:34:09+01:00,87f82783-853b-417d-8964-b5cf11e44873,41.035567,21.337528,pm25,4
2026-01-05T02:34:09+01:00,87f82783-853b-417d-8964-b5cf11e44873,41.035567,21.337528,pressure,940
2026-01-05T02:34:09+01:00,87f82783-853b-417d-8964-b5cf11e44873,41.035567,21.337528,temperature,12
2026-01-05T02:49:41+01:00,87f82783-853b-417d-8964-b5cf11e44873,41.035567,21.337528,gasResistance,257111
2026-01-05T02:49:41+01:00,87f82783-853b-417d-8964-b5cf11e44873,41.035567,21.337528,humidity,54
2026-01-05T02:49:41+01:00,87f82783-853b-417d-8964-b5cf11e44873,41.035567,21.337528,noise,11
2026-01-05T02:49:41+01:00,87f82783-853b-417d-8964-b5cf11e44873,41.035567,21.337528,noise_dba,24
2026-01-05T02:49:41+01:00,87f82783-853b-417d-8964-b5cf11e44873,41.035567,21.337528,pm10,6
2026-01-05T02:49:41+01:00,87f82783-853b-417d-8964-b5cf11e44873,41.035567,21.337528,pm25,1
2026-01-05T02:49:41+01:00,87f82783-853b-417d-8964-b5cf11e44873,41.035567,21.337528,pressure,940
2026-01-05T02:49:41+01:00,87f82783-853b-417d-8964-b5cf11e44873,41.035567,21.337528,temperature,12
2026-01-05T03:05:12+01:00,87f82783-853b-417d-8964-b5cf11e44873,41.035567,21.337528,gasResistance,254352
2026-01-05T03:05:12+01:00,87f82783-853b-417d-8964-b5cf11e44873,41.035567,21.337528,humidity,54
2026-01-05T03:05:12+01:00,87f82783-853b-417d-8964-b5cf11e44873,41.035567,21.337528,pm10,6
2026-01-05T03:05:12+01:00,87f82783-853b-417d-8964-b5cf11e44873,41.035567,21.337528,pm25,1
2026-01-05T03:05:12+01:00,87f82783-853b-417d-8964-b5cf11e44873,41.035567,21.337528,pressure,940
2026-01-05T03:05:12+01:00,87f82783-853b-417d-8964-b5cf11e44873,41.035567,21.337528,temperature,12
2026-01-05T03:20:43+01:00,87f82783-853b-417d-8964-b5cf11e44873,41.035567,21.337528,gasResistance,252995
2026-01-05T03:20:43+01:00,87f82783-853b-417d-8964-b5cf11e44873,41.035567,21.337528,humidity,55
2026-01-05T03:20:43+01:00,87f82783-853b-417d-8964-b5cf11e44873,41.035567,21.337528,pm10,4
2026-01-05T03:20:43+01:00,87f82783-853b-417d-8964-b5cf11e44873,41.035567,21.337528,pm25,1
2026-01-05T03:20:43+01:00,87f82783-853b-417d-8964-b5cf11e44873,41.035567,21.337528,pressure,940
2026-01-05T03:20:43+01:00,87f82783-853b-417d-8964-b5cf11e44873,41.035567,21.337528,temperature,12
2026-01-05T03:36:15+01:00,87f82783-853b-417d-8964-b5cf11e44873,41.035567,21.337528,gasResistance,249945
2026-01-05T03:36:15+01:00,87f82783-853b-417d-8964-b5cf11e44873,41.035567,21.337528,humidity,58
2026-01-05T03:36:15+01:00,87f82783-853b-417d-8964-b5cf11e44873,41.035567,21.337528,pm10,5
2026-01-05T03:36:15+01:00,87f82783-853b-417d-8964-b5cf11e44873,41.035567,21.337528,pm25,1
2026-01-05T03:36:15+01:00,87f82783-853b-417d-8964-b5cf11e44873,41.035567,21.337528,pressure,940
2026-01-05T03:36:15+01:00,87f82783-853b-417d-8964-b5cf11e44873,41.035567,21.337528,temperature,12
2026-01-05T03:51:46+01:00,87f82783-853b-417d-8964-b5cf11e44873,41.035567,21.337528,gasResistance,244963
2026-01-05T03:51:46+01:00,87f82783-853b-417d-8964-b5cf11e44873,41.035567,21.337528,humidity,58
2026-01-05T03:51:46+01:00,87f82783-853b-417d-8964-b5cf11e44873,41.035567,21.337528,pm10,6
2026-01-05T03:51:46+01:00,87f82783-853b-417d-8964-b5cf11e44873,41.035567,21.337528,pm25,1
2026-01-05T03:51:46+01:00,87f82783-853b-417d-8964-b5cf11e44873,41.035567,21.337528,pressure,940
2026-01-05T03:51:46+01:00,87f82783-853b-417d-8964-b5cf11e44873,41.035567,21.337528,temperature,12
2026-01-05T04:07:18+01:00,87f82783-853b-417d-8964-b5cf11e44873,41.035567,21.337528,gasResistance,239482
2026-01-05T04:07:18+01:00,87f82783-853b-417d-8964-b5cf11e44873,41.035567,21.337528,humidity,59
2026-01-05T04:07:18+01:00,87f82783-853b-417d-8964-b5cf11e44873,41.035567,21.337528,pm10,8
2026-01-05T04:07:18+01:00,87f82783-853b-417d-8964-b5cf11e44873,41.035567,21.337528,pm25,1
2026-01-05T04:07:18+01:00,87f82783-853b-417d-8964-b5cf11e44873,41.035567,21.337528,pressure,939
2026-01-05T04:07:18+01:00,87f82783-853b-417d-8964-b5cf11e44873,41.035567,21.337528,temperature,12
2026-01-05T04:22:49+01:00,87f82783-853b-417d-8964-b5cf11e44873,41.035567,21.337528,gasResistance,238449
2026-01-05T04:22:49+01:00,87f82783-853b-417d-8964-b5cf11e44873,41.035567,21.337528,humidity,60
2026-01-05T04:22:49+01:00,87f82783-853b-417d-8964-b5cf11e44873,41.035567,21.337528,pm10,9
2026-01-05T04:22:49+01:00,87f82783-853b-417d-8964-b5cf11e44873,41.035567,21.337528,pm25,1
2026-01-05T04:22:49+01:00,87f82783-853b-417d-8964-b5cf11e44873,41.035567,21.337528,pressure,939
2026-01-05T04:22:49+01:00,87f82783-853b-417d-8964-b5cf11e44873,41.035567,21.337528,temperature,12
2026-01-05T04:38:21+01:00,87f82783-853b-417d-8964-b5cf11e44873,41.035567,21.337528,gasResistance,231302
2026-01-05T04:38:21+01:00,87f82783-853b-417d-8964-b5cf11e44873,41.035567,21.337528,humidity,61
2026-01-05T04:38:21+01:00,87f82783-853b-417d-8964-b5cf11e44873,41.035567,21.337528,pm10,3
2026-01-05T04:38:21+01:00,87f82783-853b-417d-8964-b5cf11e44873,41.035567,21.337528,pm25,1
2026-01-05T04:38:21+01:00,87f82783-853b-417d-8964-b5cf11e44873,41.035567,21.337528,pressure,939
2026-01-05T04:38:21+01:00,87f82783-853b-417d-8964-b5cf11e44873,41.035567,21.337528,temperature,12
2026-01-05T04:53:52+01:00,87f82783-853b-417d-8964-b5cf11e44873,41.035567,21.337528,gasResistance,224418
2026-01-05T04:53:52+01:00,87f82783-853b-417d-8964-b5cf11e44873,41.035567,21.337528,humidity,62
2026-01-05T04:53:52+01:00,87f82783-853b-417d-8964-b5cf11e44873,41.035567,21.337528,pm10,1
2026-01-05T04:53:52+01:00,87f82783-853b-417d-8964-b5cf11e44873,41.035567,21.337528,pm25,0
2026-01-05T04:53:52+01:00,87f82783-853b-417d-8964-b5cf11e44873,41.035567,21.337528,pressure,939
2026-01-05T04:53:52+01:00,87f82783-853b-417d-8964-b5cf11e44873,41.035567,21.337528,temperature,12
2026-01-05T05:09:23+01:00,87f82783-853b-417d-8964-b5cf11e44873,41.035567,21.337528,gasResistance,220101
2026-01-05T05:09:23+01:00,87f82783-853b-417d-8964-b5cf11e44873,41.035567,21.337528,humidity,63
2026-01-05T05:09:23+01:00,87f82783-853b-417d-8964-b5cf11e44873,41.035567,21.337528,pm10,5
2026-01-05T05:09:23+01:00,87f82783-853b-417d-8964-b5cf11e44873,41.035567,21.337528,pm25,1
2026-01-05T05:09:23+01:00,87f82783-853b-417d-8964-b5cf11e44873,41.035567,21.337528,pressure,939
2026-01-05T05:09:23+01:00,87f82783-853b-417d-8964-b5cf11e44873,41.035567,21.337528,temperature,12
2026-01-05T05:24:55+01:00,87f82783-853b-417d-8964-b5cf11e44873,41.035567,21.337528,gasResistance,215947
2026-01-05T05:24:55+01:00,87f82783-853b-417d-8964-b5cf11e44873,41.035567,21.337528,humidity,63
2026-01-05T05:24:55+01:00,87f82783-853b-417d-8964-b5cf11e44873,41.035567,21.337528,pm10,5
2026-01-05T05:24:55+01:00,87f82783-853b-417d-8964-b5cf11e44873,41.035567,21.337528,pm25,2
2026-01-05T05:24:55+01:00,87f82783-853b-417d-8964-b5cf11e44873,41.035567,21.337528,pressure,939
2026-01-05T05:24:55+01:00,87f82783-853b-417d-8964-b5cf11e44873,41.035567,21.337528,temperature,12
2026-01-05T05:40:26+01:00,87f82783-853b-417d-8964-b5cf11e44873,41.035567,21.337528,gasResistance,211676
2026-01-05T05:40:26+01:00,87f82783-853b-417d-8964-b5cf11e44873,41.035567,21.337528,humidity,64
2026-01-05T05:40:26+01:00,87f82783-853b-417d-8964-b5cf11e44873,41.035567,21.337528,pm10,5
2026-01-05T05:40:26+01:00,87f82783-853b-417d-8964-b5cf11e44873,41.035567,21.337528,pm25,2
2026-01-05T05:40:26+01:00,87f82783-853b-417d-8964-b5cf11e44873,41.035567,21.337528,pressure,940
2026-01-05T05:40:26+01:00,87f82783-853b-417d-8964-b5cf11e44873,41.035567,21.337528,temperature,12
2026-01-05T05:55:58+01:00,87f82783-853b-417d-8964-b5cf11e44873,41.035567,21.337528,gasResistance,204123
2026-01-05T05:55:58+01:00,87f82783-853b-417d-8964-b5cf11e44873,41.035567,21.337528,humidity,66
2026-01-05T05:55:58+01:00,87f82783-853b-417d-8964-b5cf11e44873,41.035567,21.337528,pm10,10
2026-01-05T05:55:58+01:00,87f82783-853b-417d-8964-b5cf11e44873,41.035567,21.337528,pm25,4
2026-01-05T05:55:58+01:00,87f82783-853b-417d-8964-b5cf11e44873,41.035567,21.337528,pressure,940
2026-01-05T05:55:58+01:00,87f82783-853b-417d-8964-b5cf11e44873,41.035567,21.337528,temperature,12
2026-01-05T06:11:29+01:00,87f82783-853b-417d-8964-b5cf11e44873,41.035567,21.337528,gasResistance,200062
2026-01-05T06:11:29+01:00,87f82783-853b-417d-8964-b5cf11e44873,41.035567,21.337528,humidity,67
2026-01-05T06:11:29+01:00,87f82783-853b-417d-8964-b5cf11e44873,41.035567,21.337528,noise,11
2026-01-05T06:11:29+01:00,87f82783-853b-417d-8964-b5cf11e44873,41.035567,21.337528,noise_dba,24
2026-01-05T06:11:29+01:00,87f82783-853b-417d-8964-b5cf11e44873,41.035567,21.337528,pm10,3
2026-01-05T06:11:29+01:00,87f82783-853b-417d-8964-b5cf11e44873,41.035567,21.337528,pm25,1
2026-01-05T06:11:29+01:00,87f82783-853b-417d-8964-b5cf11e44873,41.035567,21.337528,pressure,940
2026-01-05T06:11:29+01:00,87f82783-853b-417d-8964-b5cf11e44873,41.035567,21.337528,temperature,11
2026-01-05T06:27:01+01:00,87f82783-853b-417d-8964-b5cf11e44873,41.035567,21.337528,gasResistance,193640
2026-01-05T06:27:01+01:00,87f82783-853b-417d-8964-b5cf11e44873,41.035567,21.337528,humidity,68
2026-01-05T06:27:01+01:00,87f82783-853b-417d-8964-b5cf11e44873,41.035567,21.337528,pm10,4
2026-01-05T06:27:01+01:00,87f82783-853b-417d-8964-b5cf11e44873,41.035567,21.337528,pm25,1
2026-01-05T06:27:01+01:00,87f82783-853b-417d-8964-b5cf11e44873,41.035567,21.337528,pressure,940
2026-01-05T06:27:01+01:00,87f82783-853b-417d-8964-b5cf11e44873,41.035567,21.337528,temperature,11
2026-01-05T06:42:32+01:00,87f82783-853b-417d-8964-b5cf11e44873,41.035567,21.337528,gasResistance,186458
2026-01-05T06:42:32+01:00,87f82783-853b-417d-8964-b5cf11e44873,41.035567,21.337528,humidity,69
2026-01-05T06:42:32+01:00,87f82783-853b-417d-8964-b5cf11e44873,41.035567,21.337528,pm10,9
2026-01-05T06:42:32+01:00,87f82783-853b-417d-8964-b5cf11e44873,41.035567,21.337528,pm25,3
2026-01-05T06:42:32+01:00,87f82783-853b-417d-8964-b5cf11e44873,41.035567,21.337528,pressure,940
2026-01-05T06:42:32+01:00,87f82783-853b-417d-8964-b5cf11e44873,41.035567,21.337528,temperature,11
2026-01-05T06:58:03+01:00,87f82783-853b-417d-8964-b5cf11e44873,41.035567,21.337528,gasResistance,179521
2026-01-05T06:58:03+01:00,87f82783-853b-417d-8964-b5cf11e44873,41.035567,21.337528,humidity,70
2026-01-05T06:58:03+01:00,87f82783-853b-417d-8964-b5cf11e44873,41.035567,21.337528,noise,11
2026-01-05T06:58:03+01:00,87f82783-853b-417d-8964-b5cf11e44873,41.035567,21.337528,noise_dba,24
2026-01-05T06:58:03+01:00,87f82783-853b-417d-8964-b5cf11e44873,41.035567,21.337528,pm10,60
2026-01-05T06:58:03+01:00,87f82783-853b-417d-8964-b5cf11e44873,41.035567,21.337528,pm25,27
2026-01-05T06:58:03+01:00,87f82783-853b-417d-8964-b5cf11e44873,41.035567,21.337528,pressure,940
2026-01-05T06:58:03+01:00,87f82783-853b-417d-8964-b5cf11e44873,41.035567,21.337528,temperature,11
2026-01-05T07:13:34+01:00,87f82783-853b-417d-8964-b5cf11e44873,41.035567,21.337528,gasResistance,170627
2026-01-05T07:13:34+01:00,87f82783-853b-417d-8964-b5cf11e44873,41.035567,21.337528,humidity,71
2026-01-05T07:13:34+01:00,87f82783-853b-417d-8964-b5cf11e44873,41.035567,21.337528,pm10,99
2026-01-05T07:13:34+01:00,87f82783-853b-417d-8964-b5cf11e44873,41.035567,21.337528,pm25,47
2026-01-05T07:13:34+01:00,87f82783-853b-417d-8964-b5cf11e44873,41.035567,21.337528,pressure,940
2026-01-05T07:13:34+01:00,87f82783-853b-417d-8964-b5cf11e44873,41.035567,21.337528,temperature,11
2026-01-05T07:29:06+01:00,87f82783-853b-417d-8964-b5cf11e44873,41.035567,21.337528,gasResistance,164314
2026-01-05T07:29:06+01:00,87f82783-853b-417d-8964-b5cf11e44873,41.035567,21.337528,humidity,71
2026-01-05T07:29:06+01:00,87f82783-853b-417d-8964-b5cf11e44873,41.035567,21.337528,pm10,57
2026-01-05T07:29:06+01:00,87f82783-853b-417d-8964-b5cf11e44873,41.035567,21.337528,pm25,28
2026-01-05T07:29:06+01:00,87f82783-853b-417d-8964-b5cf11e44873,41.035567,21.337528,pressure,940
2026-01-05T07:29:06+01:00,87f82783-853b-417d-8964-b5cf11e44873,41.035567,21.337528,temperature,11
2026-01-05T07:44:38+01:00,87f82783-853b-417d-8964-b5cf11e44873,41.035567,21.337528,gasResistance,161329
2026-01-05T07:44:38+01:00,87f82783-853b-417d-8964-b5cf11e44873,41.035567,21.337528,humidity,71
2026-01-05T07:44:38+01:00,87f82783-853b-417d-8964-b5cf11e44873,41.035567,21.337528,pm10,31
2026-01-05T07:44:38+01:00,87f82783-853b-417d-8964-b5cf11e44873,41.035567,21.337528,pm25,15
2026-01-05T07:44:38+01:00,87f82783-853b-417d-8964-b5cf11e44873,41.035567,21.337528,pressure,940
2026-01-05T07:44:38+01:00,87f82783-853b-417d-8964-b5cf11e44873,41.035567,21.337528,temperature,11
2026-01-05T08:00:11+01:00,87f82783-853b-417d-8964-b5cf11e44873,41.035567,21.337528,gasResistance,152027
2026-01-05T08:00:11+01:00,87f82783-853b-417d-8964-b5cf11e44873,41.035567,21.337528,humidity,71
2026-01-05T08:00:11+01:00,87f82783-853b-417d-8964-b5cf11e44873,41.035567,21.337528,noise,11
2026-01-05T08:00:11+01:00,87f82783-853b-417d-8964-b5cf11e44873,41.035567,21.337528,noise_dba,24
2026-01-05T08:00:11+01:00,87f82783-853b-417d-8964-b5cf11e44873,41.035567,21.337528,pm10,74
2026-01-05T08:00:11+01:00,87f82783-853b-417d-8964-b5cf11e44873,41.035567,21.337528,pm25,44
2026-01-05T08:00:11+01:00,87f82783-853b-417d-8964-b5cf11e44873,41.035567,21.337528,pressure,940
2026-01-05T08:00:11+01:00,87f82783-853b-417d-8964-b5cf11e44873,41.035567,21.337528,temperature,11
2026-01-05T08:15:44+01:00,87f82783-853b-417d-8964-b5cf11e44873,41.035567,21.337528,gasResistance,148548
2026-01-05T08:15:44+01:00,87f82783-853b-417d-8964-b5cf11e44873,41.035567,21.337528,humidity,70
2026-01-05T08:15:44+01:00,87f82783-853b-417d-8964-b5cf11e44873,41.035567,21.337528,pm10,25
2026-01-05T08:15:44+01:00,87f82783-853b-417d-8964-b5cf11e44873,41.035567,21.337528,pm25,16
2026-01-05T08:15:44+01:00,87f82783-853b-417d-8964-b5cf11e44873,41.035567,21.337528,pressure,941
2026-01-05T08:15:44+01:00,87f82783-853b-417d-8964-b5cf11e44873,41.035567,21.337528,temperature,12
2026-01-05T08:31:17+01:00,87f82783-853b-417d-8964-b5cf11e44873,41.035567,21.337528,gasResistance,147251
2026-01-05T08:31:17+01:00,87f82783-853b-417d-8964-b5cf11e44873,41.035567,21.337528,humidity,70
2026-01-05T08:31:17+01:00,87f82783-853b-417d-8964-b5cf11e44873,41.035567,21.337528,noise,11
2026-01-05T08:31:17+01:00,87f82783-853b-417d-8964-b5cf11e44873,41.035567,21.337528,noise_dba,24
2026-01-05T08:31:17+01:00,87f82783-853b-417d-8964-b5cf11e44873,41.035567,21.337528,pm10,15
2026-01-05T08:31:17+01:00,87f82783-853b-417d-8964-b5cf11e44873,41.035567,21.337528,pm25,8
2026-01-05T08:31:17+01:00,87f82783-853b-417d-8964-b5cf11e44873,41.035567,21.337528,pressure,941
2026-01-05T08:31:17+01:00,87f82783-853b-417d-8964-b5cf11e44873,41.035567,21.337528,temperature,12
2026-01-05T08:46:50+01:00,87f82783-853b-417d-8964-b5cf11e44873,41.035567,21.337528,gasResistance,141926
2026-01-05T08:46:50+01:00,87f82783-853b-417d-8964-b5cf11e44873,41.035567,21.337528,humidity,70
2026-01-05T08:46:50+01:00,87f82783-853b-417d-8964-b5cf11e44873,41.035567,21.337528,noise,11
2026-01-05T08:46:50+01:00,87f82783-853b-417d-8964-b5cf11e44873,41.035567,21.337528,noise_dba,24
2026-01-05T08:46:50+01:00,87f82783-853b-417d-8964-b5cf11e44873,41.035567,21.337528,pm10,14
2026-01-05T08:46:50+01:00,87f82783-853b-417d-8964-b5cf11e44873,41.035567,21.337528,pm25,9
2026-01-05T08:46:50+01:00,87f82783-853b-417d-8964-b5cf11e44873,41.035567,21.337528,pressure,941
2026-01-05T08:46:50+01:00,87f82783-853b-417d-8964-b5cf11e44873,41.035567,21.337528,temperature,12
2026-01-05T09:02:23+01:00,87f82783-853b-417d-8964-b5cf11e44873,41.035567,21.337528,gasResistance,138661
2026-01-05T09:02:23+01:00,87f82783-853b-417d-8964-b5cf11e44873,41.035567,21.337528,humidity,71
2026-01-05T09:02:23+01:00,87f82783-853b-417d-8964-b5cf11e44873,41.035567,21.337528,pm10,59
2026-01-05T09:02:23+01:00,87f82783-853b-417d-8964-b5cf11e44873,41.035567,21.337528,pm25,35
2026-01-05T09:02:23+01:00,87f82783-853b-417d-8964-b5cf11e44873,41.035567,21.337528,pressure,941
2026-01-05T09:02:23+01:00,87f82783-853b-417d-8964-b5cf11e44873,41.035567,21.337528,temperature,12
2026-01-05T09:17:56+01:00,87f82783-853b-417d-8964-b5cf11e44873,41.035567,21.337528,gasResistance,134677
2026-01-05T09:17:56+01:00,87f82783-853b-417d-8964-b5cf11e44873,41.035567,21.337528,humidity,70
2026-01-05T09:17:56+01:00,87f82783-853b-417d-8964-b5cf11e44873,41.035567,21.337528,pm10,94
2026-01-05T09:17:56+01:00,87f82783-853b-417d-8964-b5cf11e44873,41.035567,21.337528,pm25,53
2026-01-05T09:17:56+01:00,87f82783-853b-417d-8964-b5cf11e44873,41.035567,21.337528,pressure,941
2026-01-05T09:17:56+01:00,87f82783-853b-417d-8964-b5cf11e44873,41.035567,21.337528,temperature,12
2026-01-05T09:33:29+01:00,87f82783-853b-417d-8964-b5cf11e44873,41.035567,21.337528,gasResistance,130108
2026-01-05T09:33:29+01:00,87f82783-853b-417d-8964-b5cf11e44873,41.035567,21.337528,humidity,71
2026-01-05T09:33:29+01:00,87f82783-853b-417d-8964-b5cf11e44873,41.035567,21.337528,pm10,50
2026-01-05T09:33:29+01:00,87f82783-853b-417d-8964-b5cf11e44873,41.035567,21.337528,pm25,31
2026-01-05T09:33:29+01:00,87f82783-853b-417d-8964-b5cf11e44873,41.035567,21.337528,pressure,941
2026-01-05T09:33:29+01:00,87f82783-853b-417d-8964-b5cf11e44873,41.035567,21.337528,temperature,12
2026-01-05T09:49:02+01:00,87f82783-853b-417d-8964-b5cf11e44873,41.035567,21.337528,gasResistance,125465
2026-01-05T09:49:02+01:00,87f82783-853b-417d-8964-b5cf11e44873,41.035567,21.337528,humidity,70
2026-01-05T09:49:02+01:00,87f82783-853b-417d-8964-b5cf11e44873,41.035567,21.337528,pm10,52
2026-01-05T09:49:02+01:00,87f82783-853b-417d-8964-b5cf11e44873,41.035567,21.337528,pm25,35
2026-01-05T09:49:02+01:00,87f82783-853b-417d-8964-b5cf11e44873,41.035567,21.337528,pressure,941
2026-01-05T09:49:02+01:00,87f82783-853b-417d-8964-b5cf11e44873,41.035567,21.337528,temperature,12
2026-01-05T10:04:35+01:00,87f82783-853b-417d-8964-b5cf11e44873,41.035567,21.337528,gasResistance,124815
2026-01-05T10:04:35+01:00,87f82783-853b-417d-8964-b5cf11e44873,41.035567,21.337528,humidity,71
2026-01-05T10:04:35+01:00,87f82783-853b-417d-8964-b5cf11e44873,41.035567,21.337528,pm10,70
2026-01-05T10:04:35+01:00,87f82783-853b-417d-8964-b5cf11e44873,41.035567,21.337528,pm25,43
2026-01-05T10:04:35+01:00,87f82783-853b-417d-8964-b5cf11e44873,41.035567,21.337528,pressure,941
2026-01-05T10:04:35+01:00,87f82783-853b-417d-8964-b5cf11e44873,41.035567,21.337528,temperature,13
2026-01-05T10:20:08+01:00,87f82783-853b-417d-8964-b5cf11e44873,41.035567,21.337528,gasResistance,123626
2026-01-05T10:20:08+01:00,87f82783-853b-417d-8964-b5cf11e44873,41.035567,21.337528,humidity,72
2026-01-05T10:20:08+01:00,87f82783-853b-417d-8964-b5cf11e44873,41.035567,21.337528,pm10,45
2026-01-05T10:20:08+01:00,87f82783-853b-417d-8964-b5cf11e44873,41.035567,21.337528,pm25,28
2026-01-05T10:20:08+01:00,87f82783-853b-417d-8964-b5cf11e44873,41.035567,21.337528,pressure,941
2026-01-05T10:20:08+01:00,87f82783-853b-417d-8964-b5cf11e44873,41.035567,21.337528,temperature,13
2026-01-05T10:35:44+01:00,87f82783-853b-417d-8964-b5cf11e44873,41.035567,21.337528,gasResistance,123899
2026-01-05T10:35:44+01:00,87f82783-853b-417d-8964-b5cf11e44873,41.035567,21.337528,humidity,71
2026-01-05T10:35:44+01:00,87f82783-853b-417d-8964-b5cf11e44873,41.035567,21.337528,pm10,47
2026-01-05T10:35:44+01:00,87f82783-853b-417d-8964-b5cf11e44873,41.035567,21.337528,pm25,33
2026-01-05T10:35:44+01:00,87f82783-853b-417d-8964-b5cf11e44873,41.035567,21.337528,pressure,941
2026-01-05T10:35:44+01:00,87f82783-853b-417d-8964-b5cf11e44873,41.035567,21.337528,temperature,13
2026-01-05T10:51:17+01:00,87f82783-853b-417d-8964-b5cf11e44873,41.035567,21.337528,gasResistance,120795
2026-01-05T10:51:17+01:00,87f82783-853b-417d-8964-b5cf11e44873,41.035567,21.337528,humidity,72
2026-01-05T10:51:17+01:00,87f82783-853b-417d-8964-b5cf11e44873,41.035567,21.337528,noise,11
2026-01-05T10:51:17+01:00,87f82783-853b-417d-8964-b5cf11e44873,41.035567,21.337528,noise_dba,24
2026-01-05T10:51:17+01:00,87f82783-853b-417d-8964-b5cf11e44873,41.035567,21.337528,pm10,24
2026-01-05T10:51:17+01:00,87f82783-853b-417d-8964-b5cf11e44873,41.035567,21.337528,pm25,13
2026-01-05T10:51:17+01:00,87f82783-853b-417d-8964-b5cf11e44873,41.035567,21.337528,pressure,941
2026-01-05T10:51:17+01:00,87f82783-853b-417d-8964-b5cf11e44873,41.035567,21.337528,temperature,13
2026-01-05T11:06:50+01:00,87f82783-853b-417d-8964-b5cf11e44873,41.035567,21.337528,gasResistance,120450
2026-01-05T11:06:50+01:00,87f82783-853b-417d-8964-b5cf11e44873,41.035567,21.337528,humidity,70
2026-01-05T11:06:50+01:00,87f82783-853b-417d-8964-b5cf11e44873,41.035567,21.337528,pm10,14
2026-01-05T11:06:50+01:00,87f82783-853b-417d-8964-b5cf11e44873,41.035567,21.337528,pm25,8
2026-01-05T11:06:50+01:00,87f82783-853b-417d-8964-b5cf11e44873,41.035567,21.337528,pressure,941
2026-01-05T11:06:50+01:00,87f82783-853b-417d-8964-b5cf11e44873,41.035567,21.337528,temperature,13
2026-01-05T11:22:23+01:00,87f82783-853b-417d-8964-b5cf11e44873,41.035567,21.337528,gasResistance,123990
2026-01-05T11:22:23+01:00,87f82783-853b-417d-8964-b5cf11e44873,41.035567,21.337528,humidity,66
2026-01-05T11:22:23+01:00,87f82783-853b-417d-8964-b5cf11e44873,41.035567,21.337528,noise,11
2026-01-05T11:22:23+01:00,87f82783-853b-417d-8964-b5cf11e44873,41.035567,21.337528,noise_dba,24
2026-01-05T11:22:23+01:00,87f82783-853b-417d-8964-b5cf11e44873,41.035567,21.337528,pm10,127
2026-01-05T11:22:23+01:00,87f82783-853b-417d-8964-b5cf11e44873,41.035567,21.337528,pm25,91
2026-01-05T11:22:23+01:00,87f82783-853b-417d-8964-b5cf11e44873,41.035567,21.337528,pressure,941
2026-01-05T11:22:23+01:00,87f82783-853b-417d-8964-b5cf11e44873,41.035567,21.337528,temperature,13
2026-01-05T11:37:56+01:00,87f82783-853b-417d-8964-b5cf11e44873,41.035567,21.337528,gasResistance,129608
2026-01-05T11:37:56+01:00,87f82783-853b-417d-8964-b5cf11e44873,41.035567,21.337528,humidity,65
2026-01-05T11:37:56+01:00,87f82783-853b-417d-8964-b5cf11e44873,41.035567,21.337528,noise,11
2026-01-05T11:37:56+01:00,87f82783-853b-417d-8964-b5cf11e44873,41.035567,21.337528,noise_dba,24
2026-01-05T11:37:56+01:00,87f82783-853b-417d-8964-b5cf11e44873,41.035567,21.337528,pm10,18
2026-01-05T11:37:56+01:00,87f82783-853b-417d-8964-b5cf11e44873,41.035567,21.337528,pm25,12
2026-01-05T11:37:56+01:00,87f82783-853b-417d-8964-b5cf11e44873,41.035567,21.337528,pressure,941
2026-01-05T11:37:56+01:00,87f82783-853b-417d-8964-b5cf11e44873,41.035567,21.337528,temperature,13
2026-01-05T11:53:29+01:00,87f82783-853b-417d-8964-b5cf11e44873,41.035567,21.337528,gasResistance,134569
2026-01-05T11:53:29+01:00,87f82783-853b-417d-8964-b5cf11e44873,41.035567,21.337528,humidity,64
2026-01-05T11:53:29+01:00,87f82783-853b-417d-8964-b5cf11e44873,41.035567,21.337528,noise,11
2026-01-05T11:53:29+01:00,87f82783-853b-417d-8964-b5cf11e44873,41.035567,21.337528,noise_dba,24
2026-01-05T11:53:29+01:00,87f82783-853b-417d-8964-b5cf11e44873,41.035567,21.337528,pm10,31
2026-01-05T11:53:29+01:00,87f82783-853b-417d-8964-b5cf11e44873,41.035567,21.337528,pm25,15
2026-01-05T11:53:29+01:00,87f82783-853b-417d-8964-b5cf11e44873,41.035567,21.337528,pressure,941
2026-01-05T11:53:29+01:00,87f82783-853b-417d-8964-b5cf11e44873,41.035567,21.337528,temperature,13
2026-01-05T12:09:02+01:00,87f82783-853b-417d-8964-b5cf11e44873,41.035567,21.337528,gasResistance,138661
2026-01-05T12:09:02+01:00,87f82783-853b-417d-8964-b5cf11e44873,41.035567,21.337528,humidity,64
2026-01-05T12:09:02+01:00,87f82783-853b-417d-8964-b5cf11e44873,41.035567,21.337528,noise,11
2026-01-05T12:09:02+01:00,87f82783-853b-417d-8964-b5cf11e44873,41.035567,21.337528,noise_dba,24
2026-01-05T12:09:02+01:00,87f82783-853b-417d-8964-b5cf11e44873,41.035567,21.337528,pm10,47
2026-01-05T12:09:02+01:00,87f82783-853b-417d-8964-b5cf11e44873,41.035567,21.337528,pm25,27
2026-01-05T12:09:02+01:00,87f82783-853b-417d-8964-b5cf11e44873,41.035567,21.337528,pressure,940
2026-01-05T12:09:02+01:00,87f82783-853b-417d-8964-b5cf11e44873,41.035567,21.337528,temperature,13
2026-01-05T12:24:35+01:00,87f82783-853b-417d-8964-b5cf11e44873,41.035567,21.337528,gasResistance,142405
2026-01-05T12:24:35+01:00,87f82783-853b-417d-8964-b5cf11e44873,41.035567,21.337528,humidity,63
2026-01-05T12:24:35+01:00,87f82783-853b-417d-8964-b5cf11e44873,41.035567,21.337528,noise,11
2026-01-05T12:24:35+01:00,87f82783-853b-417d-8964-b5cf11e44873,41.035567,21.337528,noise_dba,24
2026-01-05T12:24:35+01:00,87f82783-853b-417d-8964-b5cf11e44873,41.035567,21.337528,pm10,17
2026-01-05T12:24:35+01:00,87f82783-853b-417d-8964-b5cf11e44873,41.035567,21.337528,pm25,9
2026-01-05T12:24:35+01:00,87f82783-853b-417d-8964-b5cf11e44873,41.035567,21.337528,pressure,940
2026-01-05T12:24:35+01:00,87f82783-853b-417d-8964-b5cf11e44873,41.035567,21.337528,temperature,13
2026-01-05T12:40:09+01:00,87f82783-853b-417d-8964-b5cf11e44873,41.035567,21.337528,gasResistance,144726
2026-01-05T12:40:09+01:00,87f82783-853b-417d-8964-b5cf11e44873,41.035567,21.337528,humidity,62
2026-01-05T12:40:09+01:00,87f82783-853b-417d-8964-b5cf11e44873,41.035567,21.337528,noise,12
2026-01-05T12:40:09+01:00,87f82783-853b-417d-8964-b5cf11e44873,41.035567,21.337528,noise_dba,25
2026-01-05T12:40:09+01:00,87f82783-853b-417d-8964-b5cf11e44873,41.035567,21.337528,pm10,15
2026-01-05T12:40:09+01:00,87f82783-853b-417d-8964-b5cf11e44873,41.035567,21.337528,pm25,10
2026-01-05T12:40:09+01:00,87f82783-853b-417d-8964-b5cf11e44873,41.035567,21.337528,pressure,940
2026-01-05T12:40:09+01:00,87f82783-853b-417d-8964-b5cf11e44873,41.035567,21.337528,temperature,13
2026-01-05T12:55:42+01:00,87f82783-853b-417d-8964-b5cf11e44873,41.035567,21.337528,gasResistance,145725
2026-01-05T12:55:42+01:00,87f82783-853b-417d-8964-b5cf11e44873,41.035567,21.337528,humidity,62
2026-01-05T12:55:42+01:00,87f82783-853b-417d-8964-b5cf11e44873,41.035567,21.337528,noise,11
2026-01-05T12:55:42+01:00,87f82783-853b-417d-8964-b5cf11e44873,41.035567,21.337528,noise_dba,24
2026-01-05T12:55:42+01:00,87f82783-853b-417d-8964-b5cf11e44873,41.035567,21.337528,pm10,26
2026-01-05T12:55:42+01:00,87f82783-853b-417d-8964-b5cf11e44873,41.035567,21.337528,pm25,6
2026-01-05T12:55:42+01:00,87f82783-853b-417d-8964-b5cf11e44873,41.035567,21.337528,pressure,940
2026-01-05T12:55:42+01:00,87f82783-853b-417d-8964-b5cf11e44873,41.035567,21.337528,temperature,13
2026-01-05T13:11:15+01:00,87f82783-853b-417d-8964-b5cf11e44873,41.035567,21.337528,gasResistance,148026
2026-01-05T13:11:15+01:00,87f82783-853b-417d-8964-b5cf11e44873,41.035567,21.337528,humidity,62
2026-01-05T13:11:15+01:00,87f82783-853b-417d-8964-b5cf11e44873,41.035567,21.337528,noise,11
2026-01-05T13:11:15+01:00,87f82783-853b-417d-8964-b5cf11e44873,41.035567,21.337528,noise_dba,24
2026-01-05T13:11:15+01:00,87f82783-853b-417d-8964-b5cf11e44873,41.035567,21.337528,pm10,25
2026-01-05T13:11:15+01:00,87f82783-853b-417d-8964-b5cf11e44873,41.035567,21.337528,pm25,16
2026-01-05T13:11:15+01:00,87f82783-853b-417d-8964-b5cf11e44873,41.035567,21.337528,pressure,940
2026-01-05T13:11:15+01:00,87f82783-853b-417d-8964-b5cf11e44873,41.035567,21.337528,temperature,13
2026-01-05T13:26:48+01:00,87f82783-853b-417d-8964-b5cf11e44873,41.035567,21.337528,gasResistance,149469
2026-01-05T13:26:48+01:00,87f82783-853b-417d-8964-b5cf11e44873,41.035567,21.337528,humidity,62
2026-01-05T13:26:48+01:00,87f82783-853b-417d-8964-b5cf11e44873,41.035567,21.337528,noise,11
2026-01-05T13:26:48+01:00,87f82783-853b-417d-8964-b5cf11e44873,41.035567,21.337528,noise_dba,24
2026-01-05T13:26:48+01:00,87f82783-853b-417d-8964-b5cf11e44873,41.035567,21.337528,pm10,28
2026-01-05T13:26:48+01:00,87f82783-853b-417d-8964-b5cf11e44873,41.035567,21.337528,pm25,16
2026-01-05T13:26:48+01:00,87f82783-853b-417d-8964-b5cf11e44873,41.035567,21.337528,pressure,940
2026-01-05T13:26:48+01:00,87f82783-853b-417d-8964-b5cf11e44873,41.035567,21.337528,temperature,13
2026-01-05T13:42:21+01:00,87f82783-853b-417d-8964-b5cf11e44873,41.035567,21.337528,gasResistance,151754
2026-01-05T13:42:21+01:00,87f82783-853b-417d-8964-b5cf11e44873,41.035567,21.337528,humidity,61
2026-01-05T13:42:21+01:00,87f82783-853b-417d-8964-b5cf11e44873,41.035567,21.337528,noise,11
2026-01-05T13:42:21+01:00,87f82783-853b-417d-8964-b5cf11e44873,41.035567,21.337528,noise_dba,24
2026-01-05T13:42:21+01:00,87f82783-853b-417d-8964-b5cf11e44873,41.035567,21.337528,pm10,39
2026-01-05T13:42:21+01:00,87f82783-853b-417d-8964-b5cf11e44873,41.035567,21.337528,pm25,24
2026-01-05T13:42:21+01:00,87f82783-853b-417d-8964-b5cf11e44873,41.035567,21.337528,pressure,939
2026-01-05T13:42:21+01:00,87f82783-853b-417d-8964-b5cf11e44873,41.035567,21.337528,temperature,13
2026-01-05T13:57:55+01:00,87f82783-853b-417d-8964-b5cf11e44873,41.035567,21.337528,gasResistance,153270
2026-01-05T13:57:55+01:00,87f82783-853b-417d-8964-b5cf11e44873,41.035567,21.337528,humidity,61
2026-01-05T13:57:55+01:00,87f82783-853b-417d-8964-b5cf11e44873,41.035567,21.337528,noise,11
2026-01-05T13:57:55+01:00,87f82783-853b-417d-8964-b5cf11e44873,41.035567,21.337528,noise_dba,24
2026-01-05T13:57:55+01:00,87f82783-853b-417d-8964-b5cf11e44873,41.035567,21.337528,pm10,24
2026-01-05T13:57:55+01:00,87f82783-853b-417d-8964-b5cf11e44873,41.035567,21.337528,pm25,11
2026-01-05T13:57:55+01:00,87f82783-853b-417d-8964-b5cf11e44873,41.035567,21.337528,pressure,939
2026-01-05T13:57:55+01:00,87f82783-853b-417d-8964-b5cf11e44873,41.035567,21.337528,temperature,13
2026-01-05T14:13:28+01:00,87f82783-853b-417d-8964-b5cf11e44873,41.035567,21.337528,gasResistance,153409
2026-01-05T14:13:28+01:00,87f82783-853b-417d-8964-b5cf11e44873,41.035567,21.337528,humidity,62
2026-01-05T14:13:28+01:00,87f82783-853b-417d-8964-b5cf11e44873,41.035567,21.337528,noise,11
2026-01-05T14:13:28+01:00,87f82783-853b-417d-8964-b5cf11e44873,41.035567,21.337528,noise_dba,24
2026-01-05T14:13:28+01:00,87f82783-853b-417d-8964-b5cf11e44873,41.035567,21.337528,pm10,11
2026-01-05T14:13:28+01:00,87f82783-853b-417d-8964-b5cf11e44873,41.035567,21.337528,pm25,6
2026-01-05T14:13:28+01:00,87f82783-853b-417d-8964-b5cf11e44873,41.035567,21.337528,pressure,939
2026-01-05T14:13:28+01:00,87f82783-853b-417d-8964-b5cf11e44873,41.035567,21.337528,temperature,13
2026-01-05T14:29:01+01:00,87f82783-853b-417d-8964-b5cf11e44873,41.035567,21.337528,gasResistance,153549
2026-01-05T14:29:01+01:00,87f82783-853b-417d-8964-b5cf11e44873,41.035567,21.337528,humidity,63
2026-01-05T14:29:01+01:00,87f82783-853b-417d-8964-b5cf11e44873,41.035567,21.337528,noise,12
2026-01-05T14:29:01+01:00,87f82783-853b-417d-8964-b5cf11e44873,41.035567,21.337528,noise_dba,25
2026-01-05T14:29:01+01:00,87f82783-853b-417d-8964-b5cf11e44873,41.035567,21.337528,pm10,14
2026-01-05T14:29:01+01:00,87f82783-853b-417d-8964-b5cf11e44873,41.035567,21.337528,pm25,7
2026-01-05T14:29:01+01:00,87f82783-853b-417d-8964-b5cf11e44873,41.035567,21.337528,pressure,939
2026-01-05T14:29:01+01:00,87f82783-853b-417d-8964-b5cf11e44873,41.035567,21.337528,temperature,13
2026-01-05T14:44:34+01:00,87f82783-853b-417d-8964-b5cf11e44873,41.035567,21.337528,gasResistance,153409
2026-01-05T14:44:34+01:00,87f82783-853b-417d-8964-b5cf11e44873,41.035567,21.337528,humidity,62
2026-01-05T14:44:34+01:00,87f82783-853b-417d-8964-b5cf11e44873,41.035567,21.337528,noise,11
2026-01-05T14:44:34+01:00,87f82783-853b-417d-8964-b5cf11e44873,41.035567,21.337528,noise_dba,24
2026-01-05T14:44:34+01:00,87f82783-853b-417d-8964-b5cf11e44873,41.035567,21.337528,pm10,18
2026-01-05T14:44:34+01:00,87f82783-853b-417d-8964-b5cf11e44873,41.035567,21.337528,pm25,10
2026-01-05T14:44:34+01:00,87f82783-853b-417d-8964-b5cf11e44873,41.035567,21.337528,pressure,939
2026-01-05T14:44:34+01:00,87f82783-853b-417d-8964-b5cf11e44873,41.035567,21.337528,temperature,13
2026-01-05T15:00:07+01:00,87f82783-853b-417d-8964-b5cf11e44873,41.035567,21.337528,gasResistance,156685
2026-01-05T15:00:07+01:00,87f82783-853b-417d-8964-b5cf11e44873,41.035567,21.337528,humidity,62
2026-01-05T15:00:07+01:00,87f82783-853b-417d-8964-b5cf11e44873,41.035567,21.337528,noise,11
2026-01-05T15:00:07+01:00,87f82783-853b-417d-8964-b5cf11e44873,41.035567,21.337528,noise_dba,24
2026-01-05T15:00:07+01:00,87f82783-853b-417d-8964-b5cf11e44873,41.035567,21.337528,pm10,16
2026-01-05T15:00:07+01:00,87f82783-853b-417d-8964-b5cf11e44873,41.035567,21.337528,pm25,9
2026-01-05T15:00:07+01:00,87f82783-853b-417d-8964-b5cf11e44873,41.035567,21.337528,pressure,939
2026-01-05T15:00:07+01:00,87f82783-853b-417d-8964-b5cf11e44873,41.035567,21.337528,temperature,13
2026-01-05T15:15:40+01:00,87f82783-853b-417d-8964-b5cf11e44873,41.035567,21.337528,gasResistance,157563
2026-01-05T15:15:40+01:00,87f82783-853b-417d-8964-b5cf11e44873,41.035567,21.337528,humidity,61
2026-01-05T15:15:40+01:00,87f82783-853b-417d-8964-b5cf11e44873,41.035567,21.337528,noise,11
2026-01-05T15:15:40+01:00,87f82783-853b-417d-8964-b5cf11e44873,41.035567,21.337528,noise_dba,24
2026-01-05T15:15:40+01:00,87f82783-853b-417d-8964-b5cf11e44873,41.035567,21.337528,pm10,14
2026-01-05T15:15:40+01:00,87f82783-853b-417d-8964-b5cf11e44873,41.035567,21.337528,pm25,8
2026-01-05T15:15:40+01:00,87f82783-853b-417d-8964-b5cf11e44873,41.035567,21.337528,pressure,939
2026-01-05T15:15:40+01:00,87f82783-853b-417d-8964-b5cf11e44873,41.035567,21.337528,temperature,13
2026-01-05T15:31:13+01:00,87f82783-853b-417d-8964-b5cf11e44873,41.035567,21.337528,gasResistance,160104
2026-01-05T15:31:13+01:00,87f82783-853b-417d-8964-b5cf11e44873,41.035567,21.337528,humidity,61
2026-01-05T15:31:13+01:00,87f82783-853b-417d-8964-b5cf11e44873,41.035567,21.337528,noise,11
2026-01-05T15:31:13+01:00,87f82783-853b-417d-8964-b5cf11e44873,41.035567,21.337528,noise_dba,24
2026-01-05T15:31:13+01:00,87f82783-853b-417d-8964-b5cf11e44873,41.035567,21.337528,pm10,29
2026-01-05T15:31:13+01:00,87f82783-853b-417d-8964-b5cf11e44873,41.035567,21.337528,pm25,14
2026-01-05T15:31:13+01:00,87f82783-853b-417d-8964-b5cf11e44873,41.035567,21.337528,pressure,939
2026-01-05T15:31:13+01:00,87f82783-853b-417d-8964-b5cf11e44873,41.035567,21.337528,temperature,13
2026-01-05T15:46:46+01:00,87f82783-853b-417d-8964-b5cf11e44873,41.035567,21.337528,gasResistance,159953
2026-01-05T15:46:46+01:00,87f82783-853b-417d-8964-b5cf11e44873,41.035567,21.337528,humidity,62
2026-01-05T15:46:46+01:00,87f82783-853b-417d-8964-b5cf11e44873,41.035567,21.337528,noise,11
2026-01-05T15:46:46+01:00,87f82783-853b-417d-8964-b5cf11e44873,41.035567,21.337528,noise_dba,24
2026-01-05T15:46:46+01:00,87f82783-853b-417d-8964-b5cf11e44873,41.035567,21.337528,pm10,12
2026-01-05T15:46:46+01:00,87f82783-853b-417d-8964-b5cf11e44873,41.035567,21.337528,pm25,6
2026-01-05T15:46:46+01:00,87f82783-853b-417d-8964-b5cf11e44873,41.035567,21.337528,pressure,939
2026-01-05T15:46:46+01:00,87f82783-853b-417d-8964-b5cf11e44873,41.035567,21.337528,temperature,13
2026-01-05T16:02:19+01:00,87f82783-853b-417d-8964-b5cf11e44873,41.035567,21.337528,gasResistance,160104
2026-01-05T16:02:19+01:00,87f82783-853b-417d-8964-b5cf11e44873,41.035567,21.337528,humidity,62
2026-01-05T16:02:19+01:00,87f82783-853b-417d-8964-b5cf11e44873,41.035567,21.337528,noise,11
2026-01-05T16:02:19+01:00,87f82783-853b-417d-8964-b5cf11e44873,41.035567,21.337528,noise_dba,24
2026-01-05T16:02:19+01:00,87f82783-853b-417d-8964-b5cf11e44873,41.035567,21.337528,pm10,15
2026-01-05T16:02:19+01:00,87f82783-853b-417d-8964-b5cf11e44873,41.035567,21.337528,pm25,8
2026-01-05T16:02:19+01:00,87f82783-853b-417d-8964-b5cf11e44873,41.035567,21.337528,pressure,939
2026-01-05T16:02:19+01:00,87f82783-853b-417d-8964-b5cf11e44873,41.035567,21.337528,temperature,13
2026-01-05T16:17:52+01:00,87f82783-853b-417d-8964-b5cf11e44873,41.035567,21.337528,gasResistance,160867
2026-01-05T16:17:52+01:00,87f82783-853b-417d-8964-b5cf11e44873,41.035567,21.337528,humidity,62
2026-01-05T16:17:52+01:00,87f82783-853b-417d-8964-b5cf11e44873,41.035567,21.337528,noise,11
2026-01-05T16:17:52+01:00,87f82783-853b-417d-8964-b5cf11e44873,41.035567,21.337528,noise_dba,24
2026-01-05T16:17:52+01:00,87f82783-853b-417d-8964-b5cf11e44873,41.035567,21.337528,pm10,23
2026-01-05T16:17:52+01:00,87f82783-853b-417d-8964-b5cf11e44873,41.035567,21.337528,pm25,11
2026-01-05T16:17:52+01:00,87f82783-853b-417d-8964-b5cf11e44873,41.035567,21.337528,pressure,939
2026-01-05T16:17:52+01:00,87f82783-853b-417d-8964-b5cf11e44873,41.035567,21.337528,temperature,13
2026-01-05T16:33:25+01:00,87f82783-853b-417d-8964-b5cf11e44873,41.035567,21.337528,gasResistance,161021
2026-01-05T16:33:25+01:00,87f82783-853b-417d-8964-b5cf11e44873,41.035567,21.337528,humidity,62
2026-01-05T16:33:25+01:00,87f82783-853b-417d-8964-b5cf11e44873,41.035567,21.337528,noise,13
2026-01-05T16:33:25+01:00,87f82783-853b-417d-8964-b5cf11e44873,41.035567,21.337528,noise_dba,27
2026-01-05T16:33:25+01:00,87f82783-853b-417d-8964-b5cf11e44873,41.035567,21.337528,pm10,26
2026-01-05T16:33:25+01:00,87f82783-853b-417d-8964-b5cf11e44873,41.035567,21.337528,pm25,14
2026-01-05T16:33:25+01:00,87f82783-853b-417d-8964-b5cf11e44873,41.035567,21.337528,pressure,939
2026-01-05T16:33:25+01:00,87f82783-853b-417d-8964-b5cf11e44873,41.035567,21.337528,temperature,12
2026-01-05T16:48:58+01:00,87f82783-853b-417d-8964-b5cf11e44873,41.035567,21.337528,gasResistance,163676
2026-01-05T16:48:58+01:00,87f82783-853b-417d-8964-b5cf11e44873,41.035567,21.337528,humidity,61
2026-01-05T16:48:58+01:00,87f82783-853b-417d-8964-b5cf11e44873,41.035567,21.337528,noise,11
2026-01-05T16:48:58+01:00,87f82783-853b-417d-8964-b5cf11e44873,41.035567,21.337528,noise_dba,24
2026-01-05T16:48:58+01:00,87f82783-853b-417d-8964-b5cf11e44873,41.035567,21.337528,pm10,18
2026-01-05T16:48:58+01:00,87f82783-853b-417d-8964-b5cf11e44873,41.035567,21.337528,pm25,8
2026-01-05T16:48:58+01:00,87f82783-853b-417d-8964-b5cf11e44873,41.035567,21.337528,pressure,939
2026-01-05T16:48:58+01:00,87f82783-853b-417d-8964-b5cf11e44873,41.035567,21.337528,temperature,12
2026-01-05T17:04:31+01:00,87f82783-853b-417d-8964-b5cf11e44873,41.035567,21.337528,gasResistance,165766
2026-01-05T17:04:31+01:00,87f82783-853b-417d-8964-b5cf11e44873,41.035567,21.337528,humidity,61
2026-01-05T17:04:31+01:00,87f82783-853b-417d-8964-b5cf11e44873,41.035567,21.337528,noise,11
2026-01-05T17:04:31+01:00,87f82783-853b-417d-8964-b5cf11e44873,41.035567,21.337528,noise_dba,24
2026-01-05T17:04:31+01:00,87f82783-853b-417d-8964-b5cf11e44873,41.035567,21.337528,pm10,18
2026-01-05T17:04:31+01:00,87f82783-853b-417d-8964-b5cf11e44873,41.035567,21.337528,pm25,12
2026-01-05T17:04:31+01:00,87f82783-853b-417d-8964-b5cf11e44873,41.035567,21.337528,pressure,939
2026-01-05T17:04:31+01:00,87f82783-853b-417d-8964-b5cf11e44873,41.035567,21.337528,temperature,12
2026-01-05T17:20:05+01:00,87f82783-853b-417d-8964-b5cf11e44873,41.035567,21.337528,gasResistance,166420
2026-01-05T17:20:05+01:00,87f82783-853b-417d-8964-b5cf11e44873,41.035567,21.337528,humidity,61
2026-01-05T17:20:05+01:00,87f82783-853b-417d-8964-b5cf11e44873,41.035567,21.337528,pm10,27
2026-01-05T17:20:05+01:00,87f82783-853b-417d-8964-b5cf11e44873,41.035567,21.337528,pm25,13
2026-01-05T17:20:05+01:00,87f82783-853b-417d-8964-b5cf11e44873,41.035567,21.337528,pressure,939
2026-01-05T17:20:05+01:00,87f82783-853b-417d-8964-b5cf11e44873,41.035567,21.337528,temperature,12
2026-01-05T17:35:38+01:00,87f82783-853b-417d-8964-b5cf11e44873,41.035567,21.337528,gasResistance,166256
2026-01-05T17:35:38+01:00,87f82783-853b-417d-8964-b5cf11e44873,41.035567,21.337528,humidity,61
2026-01-05T17:35:38+01:00,87f82783-853b-417d-8964-b5cf11e44873,41.035567,21.337528,pm10,42
2026-01-05T17:35:38+01:00,87f82783-853b-417d-8964-b5cf11e44873,41.035567,21.337528,pm25,17
2026-01-05T17:35:38+01:00,87f82783-853b-417d-8964-b5cf11e44873,41.035567,21.337528,pressure,939
2026-01-05T17:35:38+01:00,87f82783-853b-417d-8964-b5cf11e44873,41.035567,21.337528,temperature,12
2026-01-05T17:51:11+01:00,87f82783-853b-417d-8964-b5cf11e44873,41.035567,21.337528,gasResistance,167910
2026-01-05T17:51:11+01:00,87f82783-853b-417d-8964-b5cf11e44873,41.035567,21.337528,humidity,60
2026-01-05T17:51:11+01:00,87f82783-853b-417d-8964-b5cf11e44873,41.035567,21.337528,pm10,33
2026-01-05T17:51:11+01:00,87f82783-853b-417d-8964-b5cf11e44873,41.035567,21.337528,pm25,16
2026-01-05T17:51:11+01:00,87f82783-853b-417d-8964-b5cf11e44873,41.035567,21.337528,pressure,939
2026-01-05T17:51:11+01:00,87f82783-853b-417d-8964-b5cf11e44873,41.035567,21.337528,temperature,12
2026-01-05T18:06:44+01:00,87f82783-853b-417d-8964-b5cf11e44873,41.035567,21.337528,gasResistance,168245
2026-01-05T18:06:44+01:00,87f82783-853b-417d-8964-b5cf11e44873,41.035567,21.337528,humidity,60
2026-01-05T18:06:44+01:00,87f82783-853b-417d-8964-b5cf11e44873,41.035567,21.337528,noise,11
2026-01-05T18:06:44+01:00,87f82783-853b-417d-8964-b5cf11e44873,41.035567,21.337528,noise_dba,24
2026-01-05T18:06:44+01:00,87f82783-853b-417d-8964-b5cf11e44873,41.035567,21.337528,pm10,21
2026-01-05T18:06:44+01:00,87f82783-853b-417d-8964-b5cf11e44873,41.035567,21.337528,pm25,10
2026-01-05T18:06:44+01:00,87f82783-853b-417d-8964-b5cf11e44873,41.035567,21.337528,pressure,939
2026-01-05T18:06:44+01:00,87f82783-853b-417d-8964-b5cf11e44873,41.035567,21.337528,temperature,12
2026-01-05T18:22:17+01:00,87f82783-853b-417d-8964-b5cf11e44873,41.035567,21.337528,gasResistance,168919
2026-01-05T18:22:17+01:00,87f82783-853b-417d-8964-b5cf11e44873,41.035567,21.337528,humidity,59
2026-01-05T18:22:17+01:00,87f82783-853b-417d-8964-b5cf11e44873,41.035567,21.337528,noise,11
2026-01-05T18:22:17+01:00,87f82783-853b-417d-8964-b5cf11e44873,41.035567,21.337528,noise_dba,24
2026-01-05T18:22:17+01:00,87f82783-853b-417d-8964-b5cf11e44873,41.035567,21.337528,pm10,50
2026-01-05T18:22:17+01:00,87f82783-853b-417d-8964-b5cf11e44873,41.035567,21.337528,pm25,36
2026-01-05T18:22:17+01:00,87f82783-853b-417d-8964-b5cf11e44873,41.035567,21.337528,pressure,939
2026-01-05T18:22:17+01:00,87f82783-853b-417d-8964-b5cf11e44873,41.035567,21.337528,temperature,12
2026-01-05T18:37:50+01:00,87f82783-853b-417d-8964-b5cf11e44873,41.035567,21.337528,gasResistance,166749
2026-01-05T18:37:50+01:00,87f82783-853b-417d-8964-b5cf11e44873,41.035567,21.337528,humidity,59
2026-01-05T18:37:50+01:00,87f82783-853b-417d-8964-b5cf11e44873,41.035567,21.337528,noise,11
2026-01-05T18:37:50+01:00,87f82783-853b-417d-8964-b5cf11e44873,41.035567,21.337528,noise_dba,24
2026-01-05T18:37:50+01:00,87f82783-853b-417d-8964-b5cf11e44873,41.035567,21.337528,pm10,142
2026-01-05T18:37:50+01:00,87f82783-853b-417d-8964-b5cf11e44873,41.035567,21.337528,pm25,70
2026-01-05T18:37:50+01:00,87f82783-853b-417d-8964-b5cf11e44873,41.035567,21.337528,pressure,939
2026-01-05T18:37:50+01:00,87f82783-853b-417d-8964-b5cf11e44873,41.035567,21.337528,temperature,12
2026-01-05T18:53:23+01:00,87f82783-853b-417d-8964-b5cf11e44873,41.035567,21.337528,gasResistance,166749
2026-01-05T18:53:23+01:00,87f82783-853b-417d-8964-b5cf11e44873,41.035567,21.337528,humidity,58
2026-01-05T18:53:23+01:00,87f82783-853b-417d-8964-b5cf11e44873,41.035567,21.337528,noise,11
2026-01-05T18:53:23+01:00,87f82783-853b-417d-8964-b5cf11e44873,41.035567,21.337528,noise_dba,24
2026-01-05T18:53:23+01:00,87f82783-853b-417d-8964-b5cf11e44873,41.035567,21.337528,pm10,35
2026-01-05T18:53:23+01:00,87f82783-853b-417d-8964-b5cf11e44873,41.035567,21.337528,pm25,22
2026-01-05T18:53:23+01:00,87f82783-853b-417d-8964-b5cf11e44873,41.035567,21.337528,pressure,939
2026-01-05T18:53:23+01:00,87f82783-853b-417d-8964-b5cf11e44873,41.035567,21.337528,temperature,12
2026-01-05T19:08:56+01:00,87f82783-853b-417d-8964-b5cf11e44873,41.035567,21.337528,gasResistance,168919
2026-01-05T19:08:56+01:00,87f82783-853b-417d-8964-b5cf11e44873,41.035567,21.337528,humidity,57
2026-01-05T19:08:56+01:00,87f82783-853b-417d-8964-b5cf11e44873,41.035567,21.337528,noise,11
2026-01-05T19:08:56+01:00,87f82783-853b-417d-8964-b5cf11e44873,41.035567,21.337528,noise_dba,24
2026-01-05T19:08:56+01:00,87f82783-853b-417d-8964-b5cf11e44873,41.035567,21.337528,pm10,20
2026-01-05T19:08:56+01:00,87f82783-853b-417d-8964-b5cf11e44873,41.035567,21.337528,pm25,11
2026-01-05T19:08:56+01:00,87f82783-853b-417d-8964-b5cf11e44873,41.035567,21.337528,pressure,939
2026-01-05T19:08:56+01:00,87f82783-853b-417d-8964-b5cf11e44873,41.035567,21.337528,temperature,12
2026-01-05T19:24:29+01:00,87f82783-853b-417d-8964-b5cf11e44873,41.035567,21.337528,gasResistance,167245
2026-01-05T19:24:29+01:00,87f82783-853b-417d-8964-b5cf11e44873,41.035567,21.337528,humidity,57
2026-01-05T19:24:29+01:00,87f82783-853b-417d-8964-b5cf11e44873,41.035567,21.337528,noise,12
2026-01-05T19:24:29+01:00,87f82783-853b-417d-8964-b5cf11e44873,41.035567,21.337528,noise_dba,25
2026-01-05T19:24:29+01:00,87f82783-853b-417d-8964-b5cf11e44873,41.035567,21.337528,pm10,40
2026-01-05T19:24:29+01:00,87f82783-853b-417d-8964-b5cf11e44873,41.035567,21.337528,pm25,19
2026-01-05T19:24:29+01:00,87f82783-853b-417d-8964-b5cf11e44873,41.035567,21.337528,pressure,939
2026-01-05T19:24:29+01:00,87f82783-853b-417d-8964-b5cf11e44873,41.035567,21.337528,temperature,12
2026-01-05T19:40:02+01:00,87f82783-853b-417d-8964-b5cf11e44873,41.035567,21.337528,gasResistance,165117
2026-01-05T19:40:02+01:00,87f82783-853b-417d-8964-b5cf11e44873,41.035567,21.337528,humidity,57
2026-01-05T19:40:02+01:00,87f82783-853b-417d-8964-b5cf11e44873,41.035567,21.337528,noise,12
2026-01-05T19:40:02+01:00,87f82783-853b-417d-8964-b5cf11e44873,41.035567,21.337528,noise_dba,25
2026-01-05T19:40:02+01:00,87f82783-853b-417d-8964-b5cf11e44873,41.035567,21.337528,pm10,45
2026-01-05T19:40:02+01:00,87f82783-853b-417d-8964-b5cf11e44873,41.035567,21.337528,pm25,24
2026-01-05T19:40:02+01:00,87f82783-853b-417d-8964-b5cf11e44873,41.035567,21.337528,pressure,939
2026-01-05T19:40:02+01:00,87f82783-853b-417d-8964-b5cf11e44873,41.035567,21.337528,temperature,12
2026-01-05T19:55:35+01:00,87f82783-853b-417d-8964-b5cf11e44873,41.035567,21.337528,gasResistance,160409
2026-01-05T19:55:35+01:00,87f82783-853b-417d-8964-b5cf11e44873,41.035567,21.337528,humidity,57
2026-01-05T19:55:35+01:00,87f82783-853b-417d-8964-b5cf11e44873,41.035567,21.337528,noise,12
2026-01-05T19:55:35+01:00,87f82783-853b-417d-8964-b5cf11e44873,41.035567,21.337528,noise_dba,25
2026-01-05T19:55:35+01:00,87f82783-853b-417d-8964-b5cf11e44873,41.035567,21.337528,pm10,122
2026-01-05T19:55:35+01:00,87f82783-853b-417d-8964-b5cf11e44873,41.035567,21.337528,pm25,56
2026-01-05T19:55:35+01:00,87f82783-853b-417d-8964-b5cf11e44873,41.035567,21.337528,pressure,938
2026-01-05T19:55:35+01:00,87f82783-853b-417d-8964-b5cf11e44873,41.035567,21.337528,temperature,12
2026-01-05T20:11:08+01:00,87f82783-853b-417d-8964-b5cf11e44873,41.035567,21.337528,gasResistance,156395
2026-01-05T20:11:08+01:00,87f82783-853b-417d-8964-b5cf11e44873,41.035567,21.337528,humidity,56
2026-01-05T20:11:08+01:00,87f82783-853b-417d-8964-b5cf11e44873,41.035567,21.337528,noise,11
2026-01-05T20:11:08+01:00,87f82783-853b-417d-8964-b5cf11e44873,41.035567,21.337528,noise_dba,24
2026-01-05T20:11:08+01:00,87f82783-853b-417d-8964-b5cf11e44873,41.035567,21.337528,pm10,36
2026-01-05T20:11:08+01:00,87f82783-853b-417d-8964-b5cf11e44873,41.035567,21.337528,pm25,19
2026-01-05T20:11:08+01:00,87f82783-853b-417d-8964-b5cf11e44873,41.035567,21.337528,pressure,938
2026-01-05T20:11:08+01:00,87f82783-853b-417d-8964-b5cf11e44873,41.035567,21.337528,temperature,12
2026-01-05T20:26:41+01:00,87f82783-853b-417d-8964-b5cf11e44873,41.035567,21.337528,gasResistance,156250
2026-01-05T20:26:41+01:00,87f82783-853b-417d-8964-b5cf11e44873,41.035567,21.337528,humidity,56
2026-01-05T20:26:41+01:00,87f82783-853b-417d-8964-b5cf11e44873,41.035567,21.337528,noise,12
2026-01-05T20:26:41+01:00,87f82783-853b-417d-8964-b5cf11e44873,41.035567,21.337528,noise_dba,25
2026-01-05T20:26:41+01:00,87f82783-853b-417d-8964-b5cf11e44873,41.035567,21.337528,pm10,56
2026-01-05T20:26:41+01:00,87f82783-853b-417d-8964-b5cf11e44873,41.035567,21.337528,pm25,31
2026-01-05T20:26:41+01:00,87f82783-853b-417d-8964-b5cf11e44873,41.035567,21.337528,pressure,938
2026-01-05T20:26:41+01:00,87f82783-853b-417d-8964-b5cf11e44873,41.035567,21.337528,temperature,12
2026-01-05T20:42:14+01:00,87f82783-853b-417d-8964-b5cf11e44873,41.035567,21.337528,gasResistance,154675
2026-01-05T20:42:14+01:00,87f82783-853b-417d-8964-b5cf11e44873,41.035567,21.337528,humidity,57
2026-01-05T20:42:14+01:00,87f82783-853b-417d-8964-b5cf11e44873,41.035567,21.337528,noise,13
2026-01-05T20:42:14+01:00,87f82783-853b-417d-8964-b5cf11e44873,41.035567,21.337528,noise_dba,27
2026-01-05T20:42:14+01:00,87f82783-853b-417d-8964-b5cf11e44873,41.035567,21.337528,pm10,43
2026-01-05T20:42:14+01:00,87f82783-853b-417d-8964-b5cf11e44873,41.035567,21.337528,pm25,28
2026-01-05T20:42:14+01:00,87f82783-853b-417d-8964-b5cf11e44873,41.035567,21.337528,pressure,938
2026-01-05T20:42:14+01:00,87f82783-853b-417d-8964-b5cf11e44873,41.035567,21.337528,temperature,12
2026-01-05T20:57:47+01:00,87f82783-853b-417d-8964-b5cf11e44873,41.035567,21.337528,gasResistance,152577
2026-01-05T20:57:47+01:00,87f82783-853b-417d-8964-b5cf11e44873,41.035567,21.337528,humidity,56
2026-01-05T20:57:47+01:00,87f82783-853b-417d-8964-b5cf11e44873,41.035567,21.337528,noise,12
2026-01-05T20:57:47+01:00,87f82783-853b-417d-8964-b5cf11e44873,41.035567,21.337528,noise_dba,25
2026-01-05T20:57:47+01:00,87f82783-853b-417d-8964-b5cf11e44873,41.035567,21.337528,pm10,85
2026-01-05T20:57:47+01:00,87f82783-853b-417d-8964-b5cf11e44873,41.035567,21.337528,pm25,45
2026-01-05T20:57:47+01:00,87f82783-853b-417d-8964-b5cf11e44873,41.035567,21.337528,pressure,938
2026-01-05T20:57:47+01:00,87f82783-853b-417d-8964-b5cf11e44873,41.035567,21.337528,temperature,12
2026-01-05T21:13:20+01:00,87f82783-853b-417d-8964-b5cf11e44873,41.035567,21.337528,gasResistance,150670
2026-01-05T21:13:20+01:00,87f82783-853b-417d-8964-b5cf11e44873,41.035567,21.337528,humidity,57
2026-01-05T21:13:20+01:00,87f82783-853b-417d-8964-b5cf11e44873,41.035567,21.337528,noise,14
2026-01-05T21:13:20+01:00,87f82783-853b-417d-8964-b5cf11e44873,41.035567,21.337528,noise_dba,28
2026-01-05T21:13:20+01:00,87f82783-853b-417d-8964-b5cf11e44873,41.035567,21.337528,pm10,65
2026-01-05T21:13:20+01:00,87f82783-853b-417d-8964-b5cf11e44873,41.035567,21.337528,pm25,38
2026-01-05T21:13:20+01:00,87f82783-853b-417d-8964-b5cf11e44873,41.035567,21.337528,pressure,938
2026-01-05T21:13:20+01:00,87f82783-853b-417d-8964-b5cf11e44873,41.035567,21.337528,temperature,12
2026-01-05T21:28:54+01:00,87f82783-853b-417d-8964-b5cf11e44873,41.035567,21.337528,gasResistance,152715
2026-01-05T21:28:54+01:00,87f82783-853b-417d-8964-b5cf11e44873,41.035567,21.337528,humidity,57
2026-01-05T21:28:54+01:00,87f82783-853b-417d-8964-b5cf11e44873,41.035567,21.337528,noise,12
2026-01-05T21:28:54+01:00,87f82783-853b-417d-8964-b5cf11e44873,41.035567,21.337528,noise_dba,25
2026-01-05T21:28:54+01:00,87f82783-853b-417d-8964-b5cf11e44873,41.035567,21.337528,pm10,115
2026-01-05T21:28:54+01:00,87f82783-853b-417d-8964-b5cf11e44873,41.035567,21.337528,pm25,56
2026-01-05T21:28:54+01:00,87f82783-853b-417d-8964-b5cf11e44873,41.035567,21.337528,pressure,938
2026-01-05T21:28:54+01:00,87f82783-853b-417d-8964-b5cf11e44873,41.035567,21.337528,temperature,12
2026-01-05T21:44:27+01:00,87f82783-853b-417d-8964-b5cf11e44873,41.035567,21.337528,gasResistance,153409
2026-01-05T21:44:27+01:00,87f82783-853b-417d-8964-b5cf11e44873,41.035567,21.337528,humidity,57
2026-01-05T21:44:27+01:00,87f82783-853b-417d-8964-b5cf11e44873,41.035567,21.337528,noise,14
2026-01-05T21:44:27+01:00,87f82783-853b-417d-8964-b5cf11e44873,41.035567,21.337528,noise_dba,28
2026-01-05T21:44:27+01:00,87f82783-853b-417d-8964-b5cf11e44873,41.035567,21.337528,pm10,29
2026-01-05T21:44:27+01:00,87f82783-853b-417d-8964-b5cf11e44873,41.035567,21.337528,pm25,17
2026-01-05T21:44:27+01:00,87f82783-853b-417d-8964-b5cf11e44873,41.035567,21.337528,pressure,938
2026-01-05T21:44:27+01:00,87f82783-853b-417d-8964-b5cf11e44873,41.035567,21.337528,temperature,12
2026-01-05T22:00:00+01:00,87f82783-853b-417d-8964-b5cf11e44873,41.035567,21.337528,gasResistance,157269
2026-01-05T22:00:00+01:00,87f82783-853b-417d-8964-b5cf11e44873,41.035567,21.337528,humidity,57
2026-01-05T22:00:00+01:00,87f82783-853b-417d-8964-b5cf11e44873,41.035567,21.337528,noise,13
2026-01-05T22:00:00+01:00,87f82783-853b-417d-8964-b5cf11e44873,41.035567,21.337528,noise_dba,27
2026-01-05T22:00:00+01:00,87f82783-853b-417d-8964-b5cf11e44873,41.035567,21.337528,pm10,28
2026-01-05T22:00:00+01:00,87f82783-853b-417d-8964-b5cf11e44873,41.035567,21.337528,pm25,14
2026-01-05T22:00:00+01:00,87f82783-853b-417d-8964-b5cf11e44873,41.035567,21.337528,pressure,938
2026-01-05T22:00:00+01:00,87f82783-853b-417d-8964-b5cf11e44873,41.035567,21.337528,temperature,12
2026-01-05T22:15:33+01:00,87f82783-853b-417d-8964-b5cf11e44873,41.035567,21.337528,gasResistance,158451
2026-01-05T22:15:33+01:00,87f82783-853b-417d-8964-b5cf11e44873,41.035567,21.337528,humidity,57
2026-01-05T22:15:33+01:00,87f82783-853b-417d-8964-b5cf11e44873,41.035567,21.337528,noise,13
2026-01-05T22:15:33+01:00,87f82783-853b-417d-8964-b5cf11e44873,41.035567,21.337528,noise_dba,27
2026-01-05T22:15:33+01:00,87f82783-853b-417d-8964-b5cf11e44873,41.035567,21.337528,pm10,32
2026-01-05T22:15:33+01:00,87f82783-853b-417d-8964-b5cf11e44873,41.035567,21.337528,pm25,17
2026-01-05T22:15:33+01:00,87f82783-853b-417d-8964-b5cf11e44873,41.035567,21.337528,pressure,938
2026-01-05T22:15:33+01:00,87f82783-853b-417d-8964-b5cf11e44873,41.035567,21.337528,temperature,12
2026-01-05T22:31:06+01:00,87f82783-853b-417d-8964-b5cf11e44873,41.035567,21.337528,gasResistance,158006
2026-01-05T22:31:06+01:00,87f82783-853b-417d-8964-b5cf11e44873,41.035567,21.337528,humidity,58
2026-01-05T22:31:06+01:00,87f82783-853b-417d-8964-b5cf11e44873,41.035567,21.337528,noise,12
2026-01-05T22:31:06+01:00,87f82783-853b-417d-8964-b5cf11e44873,41.035567,21.337528,noise_dba,25
2026-01-05T22:31:06+01:00,87f82783-853b-417d-8964-b5cf11e44873,41.035567,21.337528,pm10,24
2026-01-05T22:31:06+01:00,87f82783-853b-417d-8964-b5cf11e44873,41.035567,21.337528,pm25,14
2026-01-05T22:31:06+01:00,87f82783-853b-417d-8964-b5cf11e44873,41.035567,21.337528,pressure,938
2026-01-05T22:31:06+01:00,87f82783-853b-417d-8964-b5cf11e44873,41.035567,21.337528,temperature,12
2026-01-05T22:46:39+01:00,87f82783-853b-417d-8964-b5cf11e44873,41.035567,21.337528,gasResistance,162260
2026-01-05T22:46:39+01:00,87f82783-853b-417d-8964-b5cf11e44873,41.035567,21.337528,humidity,58
2026-01-05T22:46:39+01:00,87f82783-853b-417d-8964-b5cf11e44873,41.035567,21.337528,noise,13
2026-01-05T22:46:39+01:00,87f82783-853b-417d-8964-b5cf11e44873,41.035567,21.337528,noise_dba,27
2026-01-05T22:46:39+01:00,87f82783-853b-417d-8964-b5cf11e44873,41.035567,21.337528,pm10,18
2026-01-05T22:46:39+01:00,87f82783-853b-417d-8964-b5cf11e44873,41.035567,21.337528,pm25,10
2026-01-05T22:46:39+01:00,87f82783-853b-417d-8964-b5cf11e44873,41.035567,21.337528,pressure,938
2026-01-05T22:46:39+01:00,87f82783-853b-417d-8964-b5cf11e44873,41.035567,21.337528,temperature,12
2026-01-05T23:02:12+01:00,87f82783-853b-417d-8964-b5cf11e44873,41.035567,21.337528,gasResistance,163201
2026-01-05T23:02:12+01:00,87f82783-853b-417d-8964-b5cf11e44873,41.035567,21.337528,humidity,58
2026-01-05T23:02:12+01:00,87f82783-853b-417d-8964-b5cf11e44873,41.035567,21.337528,noise,13
2026-01-05T23:02:12+01:00,87f82783-853b-417d-8964-b5cf11e44873,41.035567,21.337528,noise_dba,27
2026-01-05T23:02:12+01:00,87f82783-853b-417d-8964-b5cf11e44873,41.035567,21.337528,pm10,19
2026-01-05T23:02:12+01:00,87f82783-853b-417d-8964-b5cf11e44873,41.035567,21.337528,pm25,12
2026-01-05T23:02:12+01:00,87f82783-853b-417d-8964-b5cf11e44873,41.035567,21.337528,pressure,938
2026-01-05T23:02:12+01:00,87f82783-853b-417d-8964-b5cf11e44873,41.035567,21.337528,temperature,11
2026-01-05T23:17:45+01:00,87f82783-853b-417d-8964-b5cf11e44873,41.035567,21.337528,gasResistance,165604
2026-01-05T23:17:45+01:00,87f82783-853b-417d-8964-b5cf11e44873,41.035567,21.337528,humidity,58
2026-01-05T23:17:45+01:00,87f82783-853b-417d-8964-b5cf11e44873,41.035567,21.337528,noise,16
2026-01-05T23:17:45+01:00,87f82783-853b-417d-8964-b5cf11e44873,41.035567,21.337528,noise_dba,30
2026-01-05T23:17:45+01:00,87f82783-853b-417d-8964-b5cf11e44873,41.035567,21.337528,pm10,20
2026-01-05T23:17:45+01:00,87f82783-853b-417d-8964-b5cf11e44873,41.035567,21.337528,pm25,9
2026-01-05T23:17:45+01:00,87f82783-853b-417d-8964-b5cf11e44873,41.035567,21.337528,pressure,938
2026-01-05T23:17:45+01:00,87f82783-853b-417d-8964-b5cf11e44873,41.035567,21.337528,temperature,11
2026-01-05T23:33:19+01:00,87f82783-853b-417d-8964-b5cf11e44873,41.035567,21.337528,gasResistance,165441
2026-01-05T23:33:19+01:00,87f82783-853b-417d-8964-b5cf11e44873,41.035567,21.337528,humidity,59
2026-01-05T23:33:19+01:00,87f82783-853b-417d-8964-b5cf11e44873,41.035567,21.337528,noise,13
2026-01-05T23:33:19+01:00,87f82783-853b-417d-8964-b5cf11e44873,41.035567,21.337528,noise_dba,27
2026-01-05T23:33:19+01:00,87f82783-853b-417d-8964-b5cf11e44873,41.035567,21.337528,pm10,18
2026-01-05T23:33:19+01:00,87f82783-853b-417d-8964-b5cf11e44873,41.035567,21.337528,pm25,11
2026-01-05T23:33:19+01:00,87f82783-853b-417d-8964-b5cf11e44873,41.035567,21.337528,pressure,938
2026-01-05T23:33:19+01:00,87f82783-853b-417d-8964-b5cf11e44873,41.035567,21.337528,temperature,11
2026-01-05T23:48:52+01:00,87f82783-853b-417d-8964-b5cf11e44873,41.035567,21.337528,gasResistance,163835
2026-01-05T23:48:52+01:00,87f82783-853b-417d-8964-b5cf11e44873,41.035567,21.337528,humidity,59
2026-01-05T23:48:52+01:00,87f82783-853b-417d-8964-b5cf11e44873,41.035567,21.337528,noise,12
2026-01-05T23:48:52+01:00,87f82783-853b-417d-8964-b5cf11e44873,41.035567,21.337528,noise_dba,25
2026-01-05T23:48:52+01:00,87f82783-853b-417d-8964-b5cf11e44873,41.035567,21.337528,pm10,31
2026-01-05T23:48:52+01:00,87f82783-853b-417d-8964-b5cf11e44873,41.035567,21.337528,pm25,19
2026-01-05T23:48:52+01:00,87f82783-853b-417d-8964-b5cf11e44873,41.035567,21.337528,pressure,938
2026-01-05T23:48:52+01:00,87f82783-853b-417d-8964-b5cf11e44873,41.035567,21.337528,temperature,11
2026-01-06T00:04:25+01:00,87f82783-853b-417d-8964-b5cf11e44873,41.035567,21.337528,gasResistance,162886
2026-01-06T00:04:25+01:00,87f82783-853b-417d-8964-b5cf11e44873,41.035567,21.337528,humidity,60
2026-01-06T00:04:25+01:00,87f82783-853b-417d-8964-b5cf11e44873,41.035567,21.337528,noise,12
2026-01-06T00:04:25+01:00,87f82783-853b-417d-8964-b5cf11e44873,41.035567,21.337528,noise_dba,25
2026-01-06T00:04:25+01:00,87f82783-853b-417d-8964-b5cf11e44873,41.035567,21.337528,pm10,28
2026-01-06T00:04:25+01:00,87f82783-853b-417d-8964-b5cf11e44873,41.035567,21.337528,pm25,16
2026-01-06T00:04:25+01:00,87f82783-853b-417d-8964-b5cf11e44873,41.035567,21.337528,pressure,938
2026-01-06T00:04:25+01:00,87f82783-853b-417d-8964-b5cf11e44873,41.035567,21.337528,temperature,11
2026-01-06T00:19:58+01:00,87f82783-853b-417d-8964-b5cf11e44873,41.035567,21.337528,gasResistance,161483
2026-01-06T00:19:58+01:00,87f82783-853b-417d-8964-b5cf11e44873,41.035567,21.337528,humidity,60
2026-01-06T00:19:58+01:00,87f82783-853b-417d-8964-b5cf11e44873,41.035567,21.337528,noise,12
2026-01-06T00:19:58+01:00,87f82783-853b-417d-8964-b5cf11e44873,41.035567,21.337528,noise_dba,25
2026-01-06T00:19:58+01:00,87f82783-853b-417d-8964-b5cf11e44873,41.035567,21.337528,pm10,32
2026-01-06T00:19:58+01:00,87f82783-853b-417d-8964-b5cf11e44873,41.035567,21.337528,pm25,18
2026-01-06T00:19:58+01:00,87f82783-853b-417d-8964-b5cf11e44873,41.035567,21.337528,pressure,938
2026-01-06T00:19:58+01:00,87f82783-853b-417d-8964-b5cf11e44873,41.035567,21.337528,temperature,11
2026-01-06T00:35:31+01:00,87f82783-853b-417d-8964-b5cf11e44873,41.035567,21.337528,gasResistance,161175
2026-01-06T00:35:31+01:00,87f82783-853b-417d-8964-b5cf11e44873,41.035567,21.337528,humidity,60
2026-01-06T00:35:31+01:00,87f82783-853b-417d-8964-b5cf11e44873,41.035567,21.337528,noise,12
2026-01-06T00:35:31+01:00,87f82783-853b-417d-8964-b5cf11e44873,41.035567,21.337528,noise_dba,25
2026-01-06T00:35:31+01:00,87f82783-853b-417d-8964-b5cf11e44873,41.035567,21.337528,pm10,18
2026-01-06T00:35:31+01:00,87f82783-853b-417d-8964-b5cf11e44873,41.035567,21.337528,pm25,12
2026-01-06T00:35:31+01:00,87f82783-853b-417d-8964-b5cf11e44873,41.035567,21.337528,pressure,938
2026-01-06T00:35:31+01:00,87f82783-853b-417d-8964-b5cf11e44873,41.035567,21.337528,temperature,11
2026-01-06T00:51:04+01:00,87f82783-853b-417d-8964-b5cf11e44873,41.035567,21.337528,gasResistance,162572
2026-01-06T00:51:04+01:00,87f82783-853b-417d-8964-b5cf11e44873,41.035567,21.337528,humidity,60
2026-01-06T00:51:04+01:00,87f82783-853b-417d-8964-b5cf11e44873,41.035567,21.337528,noise,12
2026-01-06T00:51:04+01:00,87f82783-853b-417d-8964-b5cf11e44873,41.035567,21.337528,noise_dba,25
2026-01-06T00:51:04+01:00,87f82783-853b-417d-8964-b5cf11e44873,41.035567,21.337528,pm10,16
2026-01-06T00:51:04+01:00,87f82783-853b-417d-8964-b5cf11e44873,41.035567,21.337528,pm25,8
2026-01-06T00:51:04+01:00,87f82783-853b-417d-8964-b5cf11e44873,41.035567,21.337528,pressure,938
2026-01-06T00:51:04+01:00,87f82783-853b-417d-8964-b5cf11e44873,41.035567,21.337528,temperature,11
2026-01-06T01:06:37+01:00,87f82783-853b-417d-8964-b5cf11e44873,41.035567,21.337528,gasResistance,164956
2026-01-06T01:06:37+01:00,87f82783-853b-417d-8964-b5cf11e44873,41.035567,21.337528,humidity,61
2026-01-06T01:06:37+01:00,87f82783-853b-417d-8964-b5cf11e44873,41.035567,21.337528,noise,12
2026-01-06T01:06:37+01:00,87f82783-853b-417d-8964-b5cf11e44873,41.035567,21.337528,noise_dba,25
2026-01-06T01:06:37+01:00,87f82783-853b-417d-8964-b5cf11e44873,41.035567,21.337528,pm10,9
2026-01-06T01:06:37+01:00,87f82783-853b-417d-8964-b5cf11e44873,41.035567,21.337528,pm25,5
2026-01-06T01:06:37+01:00,87f82783-853b-417d-8964-b5cf11e44873,41.035567,21.337528,pressure,938
2026-01-06T01:06:37+01:00,87f82783-853b-417d-8964-b5cf11e44873,41.035567,21.337528,temperature,11
2026-01-06T01:22:10+01:00,87f82783-853b-417d-8964-b5cf11e44873,41.035567,21.337528,gasResistance,162886
2026-01-06T01:22:10+01:00,87f82783-853b-417d-8964-b5cf11e44873,41.035567,21.337528,humidity,61
2026-01-06T01:22:10+01:00,87f82783-853b-417d-8964-b5cf11e44873,41.035567,21.337528,noise,13
2026-01-06T01:22:10+01:00,87f82783-853b-417d-8964-b5cf11e44873,41.035567,21.337528,noise_dba,27
2026-01-06T01:22:10+01:00,87f82783-853b-417d-8964-b5cf11e44873,41.035567,21.337528,pm10,12
2026-01-06T01:22:10+01:00,87f82783-853b-417d-8964-b5cf11e44873,41.035567,21.337528,pm25,5
2026-01-06T01:22:10+01:00,87f82783-853b-417d-8964-b5cf11e44873,41.035567,21.337528,pressure,938
2026-01-06T01:22:10+01:00,87f82783-853b-417d-8964-b5cf11e44873,41.035567,21.337528,temperature,11
2026-01-06T01:37:43+01:00,87f82783-853b-417d-8964-b5cf11e44873,41.035567,21.337528,gasResistance,162886
2026-01-06T01:37:43+01:00,87f82783-853b-417d-8964-b5cf11e44873,41.035567,21.337528,humidity,62
2026-01-06T01:37:43+01:00,87f82783-853b-417d-8964-b5cf11e44873,41.035567,21.337528,noise,13
2026-01-06T01:37:43+01:00,87f82783-853b-417d-8964-b5cf11e44873,41.035567,21.337528,noise_dba,27
2026-01-06T01:37:43+01:00,87f82783-853b-417d-8964-b5cf11e44873,41.035567,21.337528,pm10,8
2026-01-06T01:37:43+01:00,87f82783-853b-417d-8964-b5cf11e44873,41.035567,21.337528,pm25,4
2026-01-06T01:37:43+01:00,87f82783-853b-417d-8964-b5cf11e44873,41.035567,21.337528,pressure,938
2026-01-06T01:37:43+01:00,87f82783-853b-417d-8964-b5cf11e44873,41.035567,21.337528,temperature,11
2026-01-06T01:53:16+01:00,87f82783-853b-417d-8964-b5cf11e44873,41.035567,21.337528,gasResistance,162886
2026-01-06T01:53:16+01:00,87f82783-853b-417d-8964-b5cf11e44873,41.035567,21.337528,humidity,63
2026-01-06T01:53:16+01:00,87f82783-853b-417d-8964-b5cf11e44873,41.035567,21.337528,noise,14
2026-01-06T01:53:16+01:00,87f82783-853b-417d-8964-b5cf11e44873,41.035567,21.337528,noise_dba,28
2026-01-06T01:53:16+01:00,87f82783-853b-417d-8964-b5cf11e44873,41.035567,21.337528,pm10,17
2026-01-06T01:53:16+01:00,87f82783-853b-417d-8964-b5cf11e44873,41.035567,21.337528,pm25,5
2026-01-06T01:53:16+01:00,87f82783-853b-417d-8964-b5cf11e44873,41.035567,21.337528,pressure,938
2026-01-06T01:53:16+01:00,87f82783-853b-417d-8964-b5cf11e44873,41.035567,21.337528,temperature,12
2026-01-06T02:08:49+01:00,87f82783-853b-417d-8964-b5cf11e44873,41.035567,21.337528,gasResistance,161175
2026-01-06T02:08:49+01:00,87f82783-853b-417d-8964-b5cf11e44873,41.035567,21.337528,humidity,63
2026-01-06T02:08:49+01:00,87f82783-853b-417d-8964-b5cf11e44873,41.035567,21.337528,noise,13
2026-01-06T02:08:49+01:00,87f82783-853b-417d-8964-b5cf11e44873,41.035567,21.337528,noise_dba,27
2026-01-06T02:08:49+01:00,87f82783-853b-417d-8964-b5cf11e44873,41.035567,21.337528,pm10,16
2026-01-06T02:08:49+01:00,87f82783-853b-417d-8964-b5cf11e44873,41.035567,21.337528,pm25,12
2026-01-06T02:08:49+01:00,87f82783-853b-417d-8964-b5cf11e44873,41.035567,21.337528,pressure,937
2026-01-06T02:08:49+01:00,87f82783-853b-417d-8964-b5cf11e44873,41.035567,21.337528,temperature,11
2026-01-06T02:24:22+01:00,87f82783-853b-417d-8964-b5cf11e44873,41.035567,21.337528,gasResistance,159348
2026-01-06T02:24:22+01:00,87f82783-853b-417d-8964-b5cf11e44873,41.035567,21.337528,humidity,64
2026-01-06T02:24:22+01:00,87f82783-853b-417d-8964-b5cf11e44873,41.035567,21.337528,noise,12
2026-01-06T02:24:22+01:00,87f82783-853b-417d-8964-b5cf11e44873,41.035567,21.337528,noise_dba,25
2026-01-06T02:24:22+01:00,87f82783-853b-417d-8964-b5cf11e44873,41.035567,21.337528,pm10,11
2026-01-06T02:24:22+01:00,87f82783-853b-417d-8964-b5cf11e44873,41.035567,21.337528,pm25,5
2026-01-06T02:24:22+01:00,87f82783-853b-417d-8964-b5cf11e44873,41.035567,21.337528,pressure,937
2026-01-06T02:24:22+01:00,87f82783-853b-417d-8964-b5cf11e44873,41.035567,21.337528,temperature,11
2026-01-06T02:39:55+01:00,87f82783-853b-417d-8964-b5cf11e44873,41.035567,21.337528,gasResistance,158749
2026-01-06T02:39:55+01:00,87f82783-853b-417d-8964-b5cf11e44873,41.035567,21.337528,humidity,65
2026-01-06T02:39:55+01:00,87f82783-853b-417d-8964-b5cf11e44873,41.035567,21.337528,noise,13
2026-01-06T02:39:55+01:00,87f82783-853b-417d-8964-b5cf11e44873,41.035567,21.337528,noise_dba,27
2026-01-06T02:39:55+01:00,87f82783-853b-417d-8964-b5cf11e44873,41.035567,21.337528,pm10,17
2026-01-06T02:39:55+01:00,87f82783-853b-417d-8964-b5cf11e44873,41.035567,21.337528,pm25,11
2026-01-06T02:39:55+01:00,87f82783-853b-417d-8964-b5cf11e44873,41.035567,21.337528,pressure,937
2026-01-06T02:39:55+01:00,87f82783-853b-417d-8964-b5cf11e44873,41.035567,21.337528,temperature,11
2026-01-06T02:55:28+01:00,87f82783-853b-417d-8964-b5cf11e44873,41.035567,21.337528,gasResistance,157858
2026-01-06T02:55:28+01:00,87f82783-853b-417d-8964-b5cf11e44873,41.035567,21.337528,humidity,64
2026-01-06T02:55:28+01:00,87f82783-853b-417d-8964-b5cf11e44873,41.035567,21.337528,noise,12
2026-01-06T02:55:28+01:00,87f82783-853b-417d-8964-b5cf11e44873,41.035567,21.337528,noise_dba,25
2026-01-06T02:55:28+01:00,87f82783-853b-417d-8964-b5cf11e44873,41.035567,21.337528,pm10,10
2026-01-06T02:55:28+01:00,87f82783-853b-417d-8964-b5cf11e44873,41.035567,21.337528,pm25,6
2026-01-06T02:55:28+01:00,87f82783-853b-417d-8964-b5cf11e44873,41.035567,21.337528,pressure,937
2026-01-06T02:55:28+01:00,87f82783-853b-417d-8964-b5cf11e44873,41.035567,21.337528,temperature,11
2026-01-06T03:11:01+01:00,87f82783-853b-417d-8964-b5cf11e44873,41.035567,21.337528,gasResistance,159048
2026-01-06T03:11:01+01:00,87f82783-853b-417d-8964-b5cf11e44873,41.035567,21.337528,humidity,65
2026-01-06T03:11:01+01:00,87f82783-853b-417d-8964-b5cf11e44873,41.035567,21.337528,noise,12
2026-01-06T03:11:01+01:00,87f82783-853b-417d-8964-b5cf11e44873,41.035567,21.337528,noise_dba,25
2026-01-06T03:11:01+01:00,87f82783-853b-417d-8964-b5cf11e44873,41.035567,21.337528,pm10,8
2026-01-06T03:11:01+01:00,87f82783-853b-417d-8964-b5cf11e44873,41.035567,21.337528,pm25,6
2026-01-06T03:11:01+01:00,87f82783-853b-417d-8964-b5cf11e44873,41.035567,21.337528,pressure,937
2026-01-06T03:11:01+01:00,87f82783-853b-417d-8964-b5cf11e44873,41.035567,21.337528,temperature,11
2026-01-06T03:26:34+01:00,87f82783-853b-417d-8964-b5cf11e44873,41.035567,21.337528,gasResistance,160409
2026-01-06T03:26:34+01:00,87f82783-853b-417d-8964-b5cf11e44873,41.035567,21.337528,humidity,64
2026-01-06T03:26:34+01:00,87f82783-853b-417d-8964-b5cf11e44873,41.035567,21.337528,noise,12
2026-01-06T03:26:34+01:00,87f82783-853b-417d-8964-b5cf11e44873,41.035567,21.337528,noise_dba,25
2026-01-06T03:26:34+01:00,87f82783-853b-417d-8964-b5cf11e44873,41.035567,21.337528,pm10,32
2026-01-06T03:26:34+01:00,87f82783-853b-417d-8964-b5cf11e44873,41.035567,21.337528,pm25,20
2026-01-06T03:26:34+01:00,87f82783-853b-417d-8964-b5cf11e44873,41.035567,21.337528,pressure,937
2026-01-06T03:26:34+01:00,87f82783-853b-417d-8964-b5cf11e44873,41.035567,21.337528,temperature,11
2026-01-06T03:42:07+01:00,87f82783-853b-417d-8964-b5cf11e44873,41.035567,21.337528,gasResistance,156685
2026-01-06T03:42:07+01:00,87f82783-853b-417d-8964-b5cf11e44873,41.035567,21.337528,humidity,64
2026-01-06T03:42:07+01:00,87f82783-853b-417d-8964-b5cf11e44873,41.035567,21.337528,noise,12
2026-01-06T03:42:07+01:00,87f82783-853b-417d-8964-b5cf11e44873,41.035567,21.337528,noise_dba,25
2026-01-06T03:42:07+01:00,87f82783-853b-417d-8964-b5cf11e44873,41.035567,21.337528,pm10,21
2026-01-06T03:42:07+01:00,87f82783-853b-417d-8964-b5cf11e44873,41.035567,21.337528,pm25,14
2026-01-06T03:42:07+01:00,87f82783-853b-417d-8964-b5cf11e44873,41.035567,21.337528,pressure,937
2026-01-06T03:42:07+01:00,87f82783-853b-417d-8964-b5cf11e44873,41.035567,21.337528,temperature,11
2026-01-06T03:57:40+01:00,87f82783-853b-417d-8964-b5cf11e44873,41.035567,21.337528,gasResistance,153549
2026-01-06T03:57:40+01:00,87f82783-853b-417d-8964-b5cf11e44873,41.035567,21.337528,humidity,66
2026-01-06T03:57:40+01:00,87f82783-853b-417d-8964-b5cf11e44873,41.035567,21.337528,noise,12
2026-01-06T03:57:40+01:00,87f82783-853b-417d-8964-b5cf11e44873,41.035567,21.337528,noise_dba,25
2026-01-06T03:57:40+01:00,87f82783-853b-417d-8964-b5cf11e44873,41.035567,21.337528,pm10,14
2026-01-06T03:57:40+01:00,87f82783-853b-417d-8964-b5cf11e44873,41.035567,21.337528,pm25,9
2026-01-06T03:57:40+01:00,87f82783-853b-417d-8964-b5cf11e44873,41.035567,21.337528,pressure,937
2026-01-06T03:57:40+01:00,87f82783-853b-417d-8964-b5cf11e44873,41.035567,21.337528,temperature,11
2026-01-06T04:13:14+01:00,87f82783-853b-417d-8964-b5cf11e44873,41.035567,21.337528,gasResistance,155817
2026-01-06T04:13:14+01:00,87f82783-853b-417d-8964-b5cf11e44873,41.035567,21.337528,humidity,66
2026-01-06T04:13:14+01:00,87f82783-853b-417d-8964-b5cf11e44873,41.035567,21.337528,noise,12
2026-01-06T04:13:14+01:00,87f82783-853b-417d-8964-b5cf11e44873,41.035567,21.337528,noise_dba,25
2026-01-06T04:13:14+01:00,87f82783-853b-417d-8964-b5cf11e44873,41.035567,21.337528,pm10,24
2026-01-06T04:13:14+01:00,87f82783-853b-417d-8964-b5cf11e44873,41.035567,21.337528,pm25,13
2026-01-06T04:13:14+01:00,87f82783-853b-417d-8964-b5cf11e44873,41.035567,21.337528,pressure,937
2026-01-06T04:13:14+01:00,87f82783-853b-417d-8964-b5cf11e44873,41.035567,21.337528,temperature,11
2026-01-06T04:28:47+01:00,87f82783-853b-417d-8964-b5cf11e44873,41.035567,21.337528,gasResistance,151481
2026-01-06T04:28:47+01:00,87f82783-853b-417d-8964-b5cf11e44873,41.035567,21.337528,humidity,67
2026-01-06T04:28:47+01:00,87f82783-853b-417d-8964-b5cf11e44873,41.035567,21.337528,noise,11
2026-01-06T04:28:47+01:00,87f82783-853b-417d-8964-b5cf11e44873,41.035567,21.337528,noise_dba,24
2026-01-06T04:28:47+01:00,87f82783-853b-417d-8964-b5cf11e44873,41.035567,21.337528,pm10,49
2026-01-06T04:28:47+01:00,87f82783-853b-417d-8964-b5cf11e44873,41.035567,21.337528,pm25,32
2026-01-06T04:28:47+01:00,87f82783-853b-417d-8964-b5cf11e44873,41.035567,21.337528,pressure,937
2026-01-06T04:28:47+01:00,87f82783-853b-417d-8964-b5cf11e44873,41.035567,21.337528,temperature,11
2026-01-06T04:44:20+01:00,87f82783-853b-417d-8964-b5cf11e44873,41.035567,21.337528,gasResistance,148156
2026-01-06T04:44:20+01:00,87f82783-853b-417d-8964-b5cf11e44873,41.035567,21.337528,humidity,66
2026-01-06T04:44:20+01:00,87f82783-853b-417d-8964-b5cf11e44873,41.035567,21.337528,pm10,21
2026-01-06T04:44:20+01:00,87f82783-853b-417d-8964-b5cf11e44873,41.035567,21.337528,pm25,12
2026-01-06T04:44:20+01:00,87f82783-853b-417d-8964-b5cf11e44873,41.035567,21.337528,pressure,937
2026-01-06T04:44:20+01:00,87f82783-853b-417d-8964-b5cf11e44873,41.035567,21.337528,temperature,11
2026-01-06T04:59:53+01:00,87f82783-853b-417d-8964-b5cf11e44873,41.035567,21.337528,gasResistance,151345
2026-01-06T04:59:53+01:00,87f82783-853b-417d-8964-b5cf11e44873,41.035567,21.337528,humidity,67
2026-01-06T04:59:53+01:00,87f82783-853b-417d-8964-b5cf11e44873,41.035567,21.337528,noise,11
2026-01-06T04:59:53+01:00,87f82783-853b-417d-8964-b5cf11e44873,41.035567,21.337528,noise_dba,24
2026-01-06T04:59:53+01:00,87f82783-853b-417d-8964-b5cf11e44873,41.035567,21.337528,pm10,8
2026-01-06T04:59:53+01:00,87f82783-853b-417d-8964-b5cf11e44873,41.035567,21.337528,pm25,5
2026-01-06T04:59:53+01:00,87f82783-853b-417d-8964-b5cf11e44873,41.035567,21.337528,pressure,937
2026-01-06T04:59:53+01:00,87f82783-853b-417d-8964-b5cf11e44873,41.035567,21.337528,temperature,11
2026-01-06T05:15:26+01:00,87f82783-853b-417d-8964-b5cf11e44873,41.035567,21.337528,gasResistance,153409
2026-01-06T05:15:26+01:00,87f82783-853b-417d-8964-b5cf11e44873,41.035567,21.337528,humidity,66
2026-01-06T05:15:26+01:00,87f82783-853b-417d-8964-b5cf11e44873,41.035567,21.337528,pm10,8
2026-01-06T05:15:26+01:00,87f82783-853b-417d-8964-b5cf11e44873,41.035567,21.337528,pm25,4
2026-01-06T05:15:26+01:00,87f82783-853b-417d-8964-b5cf11e44873,41.035567,21.337528,pressure,937
2026-01-06T05:15:26+01:00,87f82783-853b-417d-8964-b5cf11e44873,41.035567,21.337528,temperature,11
2026-01-06T05:30:59+01:00,87f82783-853b-417d-8964-b5cf11e44873,41.035567,21.337528,gasResistance,152301
2026-01-06T05:30:59+01:00,87f82783-853b-417d-8964-b5cf11e44873,41.035567,21.337528,humidity,64
2026-01-06T05:30:59+01:00,87f82783-853b-417d-8964-b5cf11e44873,41.035567,21.337528,pm10,7
2026-01-06T05:30:59+01:00,87f82783-853b-417d-8964-b5cf11e44873,41.035567,21.337528,pm25,4
2026-01-06T05:30:59+01:00,87f82783-853b-417d-8964-b5cf11e44873,41.035567,21.337528,pressure,937
2026-01-06T05:30:59+01:00,87f82783-853b-417d-8964-b5cf11e44873,41.035567,21.337528,temperature,11
2026-01-06T05:46:32+01:00,87f82783-853b-417d-8964-b5cf11e44873,41.035567,21.337528,gasResistance,153969
2026-01-06T05:46:32+01:00,87f82783-853b-417d-8964-b5cf11e44873,41.035567,21.337528,humidity,64
2026-01-06T05:46:32+01:00,87f82783-853b-417d-8964-b5cf11e44873,41.035567,21.337528,pm10,5
2026-01-06T05:46:32+01:00,87f82783-853b-417d-8964-b5cf11e44873,41.035567,21.337528,pm25,3
2026-01-06T05:46:32+01:00,87f82783-853b-417d-8964-b5cf11e44873,41.035567,21.337528,pressure,937
2026-01-06T05:46:32+01:00,87f82783-853b-417d-8964-b5cf11e44873,41.035567,21.337528,temperature,12
2026-01-06T06:02:05+01:00,87f82783-853b-417d-8964-b5cf11e44873,41.035567,21.337528,gasResistance,152992
2026-01-06T06:02:05+01:00,87f82783-853b-417d-8964-b5cf11e44873,41.035567,21.337528,humidity,64
2026-01-06T06:02:05+01:00,87f82783-853b-417d-8964-b5cf11e44873,41.035567,21.337528,pm10,21
2026-01-06T06:02:05+01:00,87f82783-853b-417d-8964-b5cf11e44873,41.035567,21.337528,pm25,10
2026-01-06T06:02:05+01:00,87f82783-853b-417d-8964-b5cf11e44873,41.035567,21.337528,pressure,937
2026-01-06T06:02:05+01:00,87f82783-853b-417d-8964-b5cf11e44873,41.035567,21.337528,temperature,12
2026-01-06T06:17:38+01:00,87f82783-853b-417d-8964-b5cf11e44873,41.035567,21.337528,gasResistance,152853
2026-01-06T06:17:38+01:00,87f82783-853b-417d-8964-b5cf11e44873,41.035567,21.337528,humidity,64
2026-01-06T06:17:38+01:00,87f82783-853b-417d-8964-b5cf11e44873,41.035567,21.337528,pm10,24
2026-01-06T06:17:38+01:00,87f82783-853b-417d-8964-b5cf11e44873,41.035567,21.337528,pm25,11
2026-01-06T06:17:38+01:00,87f82783-853b-417d-8964-b5cf11e44873,41.035567,21.337528,pressure,937
2026-01-06T06:17:38+01:00,87f82783-853b-417d-8964-b5cf11e44873,41.035567,21.337528,temperature,12
2026-01-06T06:33:11+01:00,87f82783-853b-417d-8964-b5cf11e44873,41.035567,21.337528,gasResistance,153829
2026-01-06T06:33:11+01:00,87f82783-853b-417d-8964-b5cf11e44873,41.035567,21.337528,humidity,64
2026-01-06T06:33:11+01:00,87f82783-853b-417d-8964-b5cf11e44873,41.035567,21.337528,pm10,27
2026-01-06T06:33:11+01:00,87f82783-853b-417d-8964-b5cf11e44873,41.035567,21.337528,pm25,14
2026-01-06T06:33:11+01:00,87f82783-853b-417d-8964-b5cf11e44873,41.035567,21.337528,pressure,937
2026-01-06T06:33:11+01:00,87f82783-853b-417d-8964-b5cf11e44873,41.035567,21.337528,temperature,12
2026-01-06T06:48:44+01:00,87f82783-853b-417d-8964-b5cf11e44873,41.035567,21.337528,gasResistance,148548
2026-01-06T06:48:44+01:00,87f82783-853b-417d-8964-b5cf11e44873,41.035567,21.337528,humidity,64
2026-01-06T06:48:44+01:00,87f82783-853b-417d-8964-b5cf11e44873,41.035567,21.337528,pm10,33
2026-01-06T06:48:44+01:00,87f82783-853b-417d-8964-b5cf11e44873,41.035567,21.337528,pm25,22
2026-01-06T06:48:44+01:00,87f82783-853b-417d-8964-b5cf11e44873,41.035567,21.337528,pressure,937
2026-01-06T06:48:44+01:00,87f82783-853b-417d-8964-b5cf11e44873,41.035567,21.337528,temperature,12
2026-01-06T07:04:17+01:00,87f82783-853b-417d-8964-b5cf11e44873,41.035567,21.337528,gasResistance,145725
2026-01-06T07:04:17+01:00,87f82783-853b-417d-8964-b5cf11e44873,41.035567,21.337528,humidity,65
2026-01-06T07:04:17+01:00,87f82783-853b-417d-8964-b5cf11e44873,41.035567,21.337528,pm10,6
2026-01-06T07:04:17+01:00,87f82783-853b-417d-8964-b5cf11e44873,41.035567,21.337528,pm25,3
2026-01-06T07:04:17+01:00,87f82783-853b-417d-8964-b5cf11e44873,41.035567,21.337528,pressure,937
2026-01-06T07:04:17+01:00,87f82783-853b-417d-8964-b5cf11e44873,41.035567,21.337528,temperature,12
2026-01-06T07:19:50+01:00,87f82783-853b-417d-8964-b5cf11e44873,41.035567,21.337528,gasResistance,150535
2026-01-06T07:19:50+01:00,87f82783-853b-417d-8964-b5cf11e44873,41.035567,21.337528,humidity,65
2026-01-06T07:19:50+01:00,87f82783-853b-417d-8964-b5cf11e44873,41.035567,21.337528,pm10,6
2026-01-06T07:19:50+01:00,87f82783-853b-417d-8964-b5cf11e44873,41.035567,21.337528,pm25,2
2026-01-06T07:19:50+01:00,87f82783-853b-417d-8964-b5cf11e44873,41.035567,21.337528,pressure,937
2026-01-06T07:19:50+01:00,87f82783-853b-417d-8964-b5cf11e44873,41.035567,21.337528,temperature,12
2026-01-06T07:35:23+01:00,87f82783-853b-417d-8964-b5cf11e44873,41.035567,21.337528,gasResistance,151890
2026-01-06T07:35:23+01:00,87f82783-853b-417d-8964-b5cf11e44873,41.035567,21.337528,humidity,65
2026-01-06T07:35:23+01:00,87f82783-853b-417d-8964-b5cf11e44873,41.035567,21.337528,pm10,8
2026-01-06T07:35:23+01:00,87f82783-853b-417d-8964-b5cf11e44873,41.035567,21.337528,pm25,5
2026-01-06T07:35:23+01:00,87f82783-853b-417d-8964-b5cf11e44873,41.035567,21.337528,pressure,937
2026-01-06T07:35:23+01:00,87f82783-853b-417d-8964-b5cf11e44873,41.035567,21.337528,temperature,12
2026-01-06T07:50:56+01:00,87f82783-853b-417d-8964-b5cf11e44873,41.035567,21.337528,gasResistance,153969
2026-01-06T07:50:56+01:00,87f82783-853b-417d-8964-b5cf11e44873,41.035567,21.337528,humidity,65
2026-01-06T07:50:56+01:00,87f82783-853b-417d-8964-b5cf11e44873,41.035567,21.337528,pm10,6
2026-01-06T07:50:56+01:00,87f82783-853b-417d-8964-b5cf11e44873,41.035567,21.337528,pm25,4
2026-01-06T07:50:56+01:00,87f82783-853b-417d-8964-b5cf11e44873,41.035567,21.337528,pressure,937
2026-01-06T07:50:56+01:00,87f82783-853b-417d-8964-b5cf11e44873,41.035567,21.337528,temperature,12
2026-01-06T08:06:29+01:00,87f82783-853b-417d-8964-b5cf11e44873,41.035567,21.337528,gasResistance,153549
2026-01-06T08:06:29+01:00,87f82783-853b-417d-8964-b5cf11e44873,41.035567,21.337528,humidity,65
2026-01-06T08:06:29+01:00,87f82783-853b-417d-8964-b5cf11e44873,41.035567,21.337528,pm10,12
2026-01-06T08:06:29+01:00,87f82783-853b-417d-8964-b5cf11e44873,41.035567,21.337528,pm25,5
2026-01-06T08:06:29+01:00,87f82783-853b-417d-8964-b5cf11e44873,41.035567,21.337528,pressure,937
2026-01-06T08:06:29+01:00,87f82783-853b-417d-8964-b5cf11e44873,41.035567,21.337528,temperature,12
2026-01-06T08:22:02+01:00,87f82783-853b-417d-8964-b5cf11e44873,41.035567,21.337528,gasResistance,153549
2026-01-06T08:22:02+01:00,87f82783-853b-417d-8964-b5cf11e44873,41.035567,21.337528,humidity,65
2026-01-06T08:22:02+01:00,87f82783-853b-417d-8964-b5cf11e44873,41.035567,21.337528,noise,11
2026-01-06T08:22:02+01:00,87f82783-853b-417d-8964-b5cf11e44873,41.035567,21.337528,noise_dba,24
2026-01-06T08:22:02+01:00,87f82783-853b-417d-8964-b5cf11e44873,41.035567,21.337528,pm10,9
2026-01-06T08:22:02+01:00,87f82783-853b-417d-8964-b5cf11e44873,41.035567,21.337528,pm25,4
2026-01-06T08:22:02+01:00,87f82783-853b-417d-8964-b5cf11e44873,41.035567,21.337528,pressure,937
2026-01-06T08:22:02+01:00,87f82783-853b-417d-8964-b5cf11e44873,41.035567,21.337528,temperature,12
2026-01-06T08:37:35+01:00,87f82783-853b-417d-8964-b5cf11e44873,41.035567,21.337528,gasResistance,152301
2026-01-06T08:37:35+01:00,87f82783-853b-417d-8964-b5cf11e44873,41.035567,21.337528,humidity,65
2026-01-06T08:37:35+01:00,87f82783-853b-417d-8964-b5cf11e44873,41.035567,21.337528,pm10,15
2026-01-06T08:37:35+01:00,87f82783-853b-417d-8964-b5cf11e44873,41.035567,21.337528,pm25,8
2026-01-06T08:37:35+01:00,87f82783-853b-417d-8964-b5cf11e44873,41.035567,21.337528,pressure,937
2026-01-06T08:37:35+01:00,87f82783-853b-417d-8964-b5cf11e44873,41.035567,21.337528,temperature,12
2026-01-06T08:53:08+01:00,87f82783-853b-417d-8964-b5cf11e44873,41.035567,21.337528,gasResistance,152301
2026-01-06T08:53:08+01:00,87f82783-853b-417d-8964-b5cf11e44873,41.035567,21.337528,humidity,66
2026-01-06T08:53:08+01:00,87f82783-853b-417d-8964-b5cf11e44873,41.035567,21.337528,noise,11
2026-01-06T08:53:08+01:00,87f82783-853b-417d-8964-b5cf11e44873,41.035567,21.337528,noise_dba,24
2026-01-06T08:53:08+01:00,87f82783-853b-417d-8964-b5cf11e44873,41.035567,21.337528,pm10,51
2026-01-06T08:53:08+01:00,87f82783-853b-417d-8964-b5cf11e44873,41.035567,21.337528,pm25,24
2026-01-06T08:53:08+01:00,87f82783-853b-417d-8964-b5cf11e44873,41.035567,21.337528,pressure,937
2026-01-06T08:53:08+01:00,87f82783-853b-417d-8964-b5cf11e44873,41.035567,21.337528,temperature,12
2026-01-06T09:08:41+01:00,87f82783-853b-417d-8964-b5cf11e44873,41.035567,21.337528,gasResistance,150535
2026-01-06T09:08:41+01:00,87f82783-853b-417d-8964-b5cf11e44873,41.035567,21.337528,humidity,66
2026-01-06T09:08:41+01:00,87f82783-853b-417d-8964-b5cf11e44873,41.035567,21.337528,pm10,13
2026-01-06T09:08:41+01:00,87f82783-853b-417d-8964-b5cf11e44873,41.035567,21.337528,pm25,9
2026-01-06T09:08:41+01:00,87f82783-853b-417d-8964-b5cf11e44873,41.035567,21.337528,pressure,937
2026-01-06T09:08:41+01:00,87f82783-853b-417d-8964-b5cf11e44873,41.035567,21.337528,temperature,12
2026-01-06T09:24:14+01:00,87f82783-853b-417d-8964-b5cf11e44873,41.035567,21.337528,gasResistance,149204
2026-01-06T09:24:14+01:00,87f82783-853b-417d-8964-b5cf11e44873,41.035567,21.337528,humidity,66
2026-01-06T09:24:14+01:00,87f82783-853b-417d-8964-b5cf11e44873,41.035567,21.337528,pm10,11
2026-01-06T09:24:14+01:00,87f82783-853b-417d-8964-b5cf11e44873,41.035567,21.337528,pm25,7
2026-01-06T09:24:14+01:00,87f82783-853b-417d-8964-b5cf11e44873,41.035567,21.337528,pressure,937
2026-01-06T09:24:14+01:00,87f82783-853b-417d-8964-b5cf11e44873,41.035567,21.337528,temperature,12
2026-01-06T09:39:47+01:00,87f82783-853b-417d-8964-b5cf11e44873,41.035567,21.337528,gasResistance,146867
2026-01-06T09:39:47+01:00,87f82783-853b-417d-8964-b5cf11e44873,41.035567,21.337528,humidity,66
2026-01-06T09:39:47+01:00,87f82783-853b-417d-8964-b5cf11e44873,41.035567,21.337528,noise,11
2026-01-06T09:39:47+01:00,87f82783-853b-417d-8964-b5cf11e44873,41.035567,21.337528,noise_dba,24
2026-01-06T09:39:47+01:00,87f82783-853b-417d-8964-b5cf11e44873,41.035567,21.337528,pm10,21
2026-01-06T09:39:47+01:00,87f82783-853b-417d-8964-b5cf11e44873,41.035567,21.337528,pm25,12
2026-01-06T09:39:47+01:00,87f82783-853b-417d-8964-b5cf11e44873,41.035567,21.337528,pressure,938
2026-01-06T09:39:47+01:00,87f82783-853b-417d-8964-b5cf11e44873,41.035567,21.337528,temperature,12
2026-01-06T09:55:20+01:00,87f82783-853b-417d-8964-b5cf11e44873,41.035567,21.337528,gasResistance,145725
2026-01-06T09:55:20+01:00,87f82783-853b-417d-8964-b5cf11e44873,41.035567,21.337528,humidity,66
2026-01-06T09:55:20+01:00,87f82783-853b-417d-8964-b5cf11e44873,41.035567,21.337528,pm10,10
2026-01-06T09:55:20+01:00,87f82783-853b-417d-8964-b5cf11e44873,41.035567,21.337528,pm25,5
2026-01-06T09:55:20+01:00,87f82783-853b-417d-8964-b5cf11e44873,41.035567,21.337528,pressure,938
2026-01-06T09:55:20+01:00,87f82783-853b-417d-8964-b5cf11e44873,41.035567,21.337528,temperature,13
2026-01-06T10:10:54+01:00,87f82783-853b-417d-8964-b5cf11e44873,41.035567,21.337528,gasResistance,144231
2026-01-06T10:10:54+01:00,87f82783-853b-417d-8964-b5cf11e44873,41.035567,21.337528,humidity,66
2026-01-06T10:10:54+01:00,87f82783-853b-417d-8964-b5cf11e44873,41.035567,21.337528,pm10,14
2026-01-06T10:10:54+01:00,87f82783-853b-417d-8964-b5cf11e44873,41.035567,21.337528,pm25,9
2026-01-06T10:10:54+01:00,87f82783-853b-417d-8964-b5cf11e44873,41.035567,21.337528,pressure,938
2026-01-06T10:10:54+01:00,87f82783-853b-417d-8964-b5cf11e44873,41.035567,21.337528,temperature,13
2026-01-06T10:26:27+01:00,87f82783-853b-417d-8964-b5cf11e44873,41.035567,21.337528,gasResistance,144478
2026-01-06T10:26:27+01:00,87f82783-853b-417d-8964-b5cf11e44873,41.035567,21.337528,humidity,66
2026-01-06T10:26:27+01:00,87f82783-853b-417d-8964-b5cf11e44873,41.035567,21.337528,pm10,10
2026-01-06T10:26:27+01:00,87f82783-853b-417d-8964-b5cf11e44873,41.035567,21.337528,pm25,6
2026-01-06T10:26:27+01:00,87f82783-853b-417d-8964-b5cf11e44873,41.035567,21.337528,pressure,938
2026-01-06T10:26:27+01:00,87f82783-853b-417d-8964-b5cf11e44873,41.035567,21.337528,temperature,13
2026-01-06T10:42:00+01:00,87f82783-853b-417d-8964-b5cf11e44873,41.035567,21.337528,gasResistance,141807
2026-01-06T10:42:00+01:00,87f82783-853b-417d-8964-b5cf11e44873,41.035567,21.337528,humidity,69
2026-01-06T10:42:00+01:00,87f82783-853b-417d-8964-b5cf11e44873,41.035567,21.337528,noise,11
2026-01-06T10:42:00+01:00,87f82783-853b-417d-8964-b5cf11e44873,41.035567,21.337528,noise_dba,24
2026-01-06T10:42:00+01:00,87f82783-853b-417d-8964-b5cf11e44873,41.035567,21.337528,pm10,30
2026-01-06T10:42:00+01:00,87f82783-853b-417d-8964-b5cf11e44873,41.035567,21.337528,pm25,17
2026-01-06T10:42:00+01:00,87f82783-853b-417d-8964-b5cf11e44873,41.035567,21.337528,pressure,938
2026-01-06T10:42:00+01:00,87f82783-853b-417d-8964-b5cf11e44873,41.035567,21.337528,temperature,13
2026-01-06T10:57:33+01:00,87f82783-853b-417d-8964-b5cf11e44873,41.035567,21.337528,gasResistance,135870
2026-01-06T10:57:33+01:00,87f82783-853b-417d-8964-b5cf11e44873,41.035567,21.337528,humidity,70
2026-01-06T10:57:33+01:00,87f82783-853b-417d-8964-b5cf11e44873,41.035567,21.337528,noise,12
2026-01-06T10:57:33+01:00,87f82783-853b-417d-8964-b5cf11e44873,41.035567,21.337528,noise_dba,25
2026-01-06T10:57:33+01:00,87f82783-853b-417d-8964-b5cf11e44873,41.035567,21.337528,pm10,28
2026-01-06T10:57:33+01:00,87f82783-853b-417d-8964-b5cf11e44873,41.035567,21.337528,pm25,18
2026-01-06T10:57:33+01:00,87f82783-853b-417d-8964-b5cf11e44873,41.035567,21.337528,pressure,938
2026-01-06T10:57:33+01:00,87f82783-853b-417d-8964-b5cf11e44873,41.035567,21.337528,temperature,13
2026-01-06T11:13:06+01:00,87f82783-853b-417d-8964-b5cf11e44873,41.035567,21.337528,gasResistance,128915
2026-01-06T11:13:06+01:00,87f82783-853b-417d-8964-b5cf11e44873,41.035567,21.337528,humidity,71
2026-01-06T11:13:06+01:00,87f82783-853b-417d-8964-b5cf11e44873,41.035567,21.337528,noise,11
2026-01-06T11:13:06+01:00,87f82783-853b-417d-8964-b5cf11e44873,41.035567,21.337528,noise_dba,24
2026-01-06T11:13:06+01:00,87f82783-853b-417d-8964-b5cf11e44873,41.035567,21.337528,pm10,35
2026-01-06T11:13:06+01:00,87f82783-853b-417d-8964-b5cf11e44873,41.035567,21.337528,pm25,22
2026-01-06T11:13:06+01:00,87f82783-853b-417d-8964-b5cf11e44873,41.035567,21.337528,pressure,938
2026-01-06T11:13:06+01:00,87f82783-853b-417d-8964-b5cf11e44873,41.035567,21.337528,temperature,12
2026-01-06T11:28:39+01:00,87f82783-853b-417d-8964-b5cf11e44873,41.035567,21.337528,gasResistance,127167
2026-01-06T11:28:39+01:00,87f82783-853b-417d-8964-b5cf11e44873,41.035567,21.337528,humidity,71
2026-01-06T11:28:39+01:00,87f82783-853b-417d-8964-b5cf11e44873,41.035567,21.337528,noise,11
2026-01-06T11:28:39+01:00,87f82783-853b-417d-8964-b5cf11e44873,41.035567,21.337528,noise_dba,24
2026-01-06T11:28:39+01:00,87f82783-853b-417d-8964-b5cf11e44873,41.035567,21.337528,pm10,26
2026-01-06T11:28:39+01:00,87f82783-853b-417d-8964-b5cf11e44873,41.035567,21.337528,pm25,15
2026-01-06T11:28:39+01:00,87f82783-853b-417d-8964-b5cf11e44873,41.035567,21.337528,pressure,938
2026-01-06T11:28:39+01:00,87f82783-853b-417d-8964-b5cf11e44873,41.035567,21.337528,temperature,12
2026-01-06T11:44:12+01:00,87f82783-853b-417d-8964-b5cf11e44873,41.035567,21.337528,gasResistance,125000
2026-01-06T11:44:12+01:00,87f82783-853b-417d-8964-b5cf11e44873,41.035567,21.337528,humidity,71
2026-01-06T11:44:12+01:00,87f82783-853b-417d-8964-b5cf11e44873,41.035567,21.337528,noise,11
2026-01-06T11:44:12+01:00,87f82783-853b-417d-8964-b5cf11e44873,41.035567,21.337528,noise_dba,24
2026-01-06T11:44:12+01:00,87f82783-853b-417d-8964-b5cf11e44873,41.035567,21.337528,pm10,34
2026-01-06T11:44:12+01:00,87f82783-853b-417d-8964-b5cf11e44873,41.035567,21.337528,pm25,22
2026-01-06T11:44:12+01:00,87f82783-853b-417d-8964-b5cf11e44873,41.035567,21.337528,pressure,937
2026-01-06T11:44:12+01:00,87f82783-853b-417d-8964-b5cf11e44873,41.035567,21.337528,temperature,12
2026-01-06T11:59:45+01:00,87f82783-853b-417d-8964-b5cf11e44873,41.035567,21.337528,gasResistance,125093
2026-01-06T11:59:45+01:00,87f82783-853b-417d-8964-b5cf11e44873,41.035567,21.337528,humidity,71
2026-01-06T11:59:45+01:00,87f82783-853b-417d-8964-b5cf11e44873,41.035567,21.337528,noise,11
2026-01-06T11:59:45+01:00,87f82783-853b-417d-8964-b5cf11e44873,41.035567,21.337528,noise_dba,24
2026-01-06T11:59:45+01:00,87f82783-853b-417d-8964-b5cf11e44873,41.035567,21.337528,pm10,39
2026-01-06T11:59:45+01:00,87f82783-853b-417d-8964-b5cf11e44873,41.035567,21.337528,pm25,23
2026-01-06T11:59:45+01:00,87f82783-853b-417d-8964-b5cf11e44873,41.035567,21.337528,pressure,937
2026-01-06T11:59:45+01:00,87f82783-853b-417d-8964-b5cf11e44873,41.035567,21.337528,temperature,12
2026-01-06T12:15:18+01:00,87f82783-853b-417d-8964-b5cf11e44873,41.035567,21.337528,gasResistance,124907
2026-01-06T12:15:18+01:00,87f82783-853b-417d-8964-b5cf11e44873,41.035567,21.337528,humidity,72
2026-01-06T12:15:18+01:00,87f82783-853b-417d-8964-b5cf11e44873,41.035567,21.337528,noise,11
2026-01-06T12:15:18+01:00,87f82783-853b-417d-8964-b5cf11e44873,41.035567,21.337528,noise_dba,24
2026-01-06T12:15:18+01:00,87f82783-853b-417d-8964-b5cf11e44873,41.035567,21.337528,pm10,23
2026-01-06T12:15:18+01:00,87f82783-853b-417d-8964-b5cf11e44873,41.035567,21.337528,pm25,13
2026-01-06T12:15:18+01:00,87f82783-853b-417d-8964-b5cf11e44873,41.035567,21.337528,pressure,937
2026-01-06T12:15:18+01:00,87f82783-853b-417d-8964-b5cf11e44873,41.035567,21.337528,temperature,12
2026-01-06T12:30:51+01:00,87f82783-853b-417d-8964-b5cf11e44873,41.035567,21.337528,gasResistance,124355
2026-01-06T12:30:51+01:00,87f82783-853b-417d-8964-b5cf11e44873,41.035567,21.337528,humidity,72
2026-01-06T12:30:51+01:00,87f82783-853b-417d-8964-b5cf11e44873,41.035567,21.337528,noise,11
2026-01-06T12:30:51+01:00,87f82783-853b-417d-8964-b5cf11e44873,41.035567,21.337528,noise_dba,24
2026-01-06T12:30:51+01:00,87f82783-853b-417d-8964-b5cf11e44873,41.035567,21.337528,pm10,30
2026-01-06T12:30:51+01:00,87f82783-853b-417d-8964-b5cf11e44873,41.035567,21.337528,pm25,19
2026-01-06T12:30:51+01:00,87f82783-853b-417d-8964-b5cf11e44873,41.035567,21.337528,pressure,937
2026-01-06T12:30:51+01:00,87f82783-853b-417d-8964-b5cf11e44873,41.035567,21.337528,temperature,13
2026-01-06T12:46:23+01:00,87f82783-853b-417d-8964-b5cf11e44873,41.035567,21.337528,gasResistance,122906
2026-01-06T12:46:23+01:00,87f82783-853b-417d-8964-b5cf11e44873,41.035567,21.337528,humidity,72
2026-01-06T12:46:23+01:00,87f82783-853b-417d-8964-b5cf11e44873,41.035567,21.337528,noise,11
2026-01-06T12:46:23+01:00,87f82783-853b-417d-8964-b5cf11e44873,41.035567,21.337528,noise_dba,24
2026-01-06T12:46:23+01:00,87f82783-853b-417d-8964-b5cf11e44873,41.035567,21.337528,pm10,26
2026-01-06T12:46:23+01:00,87f82783-853b-417d-8964-b5cf11e44873,41.035567,21.337528,pm25,14
2026-01-06T12:46:23+01:00,87f82783-853b-417d-8964-b5cf11e44873,41.035567,21.337528,pressure,937
2026-01-06T12:46:23+01:00,87f82783-853b-417d-8964-b5cf11e44873,41.035567,21.337528,temperature,13
2026-01-06T13:01:56+01:00,87f82783-853b-417d-8964-b5cf11e44873,41.035567,21.337528,gasResistance,122194
2026-01-06T13:01:56+01:00,87f82783-853b-417d-8964-b5cf11e44873,41.035567,21.337528,humidity,72
2026-01-06T13:01:56+01:00,87f82783-853b-417d-8964-b5cf11e44873,41.035567,21.337528,noise,11
2026-01-06T13:01:56+01:00,87f82783-853b-417d-8964-b5cf11e44873,41.035567,21.337528,noise_dba,24
2026-01-06T13:01:56+01:00,87f82783-853b-417d-8964-b5cf11e44873,41.035567,21.337528,pm10,28
2026-01-06T13:01:56+01:00,87f82783-853b-417d-8964-b5cf11e44873,41.035567,21.337528,pm25,17
2026-01-06T13:01:56+01:00,87f82783-853b-417d-8964-b5cf11e44873,41.035567,21.337528,pressure,937
2026-01-06T13:01:56+01:00,87f82783-853b-417d-8964-b5cf11e44873,41.035567,21.337528,temperature,13
2026-01-06T13:17:29+01:00,87f82783-853b-417d-8964-b5cf11e44873,41.035567,21.337528,gasResistance,121665
2026-01-06T13:17:29+01:00,87f82783-853b-417d-8964-b5cf11e44873,41.035567,21.337528,humidity,72
2026-01-06T13:17:29+01:00,87f82783-853b-417d-8964-b5cf11e44873,41.035567,21.337528,noise,12
2026-01-06T13:17:29+01:00,87f82783-853b-417d-8964-b5cf11e44873,41.035567,21.337528,noise_dba,25
2026-01-06T13:17:29+01:00,87f82783-853b-417d-8964-b5cf11e44873,41.035567,21.337528,pm10,21
2026-01-06T13:17:29+01:00,87f82783-853b-417d-8964-b5cf11e44873,41.035567,21.337528,pm25,12
2026-01-06T13:17:29+01:00,87f82783-853b-417d-8964-b5cf11e44873,41.035567,21.337528,pressure,936
2026-01-06T13:17:29+01:00,87f82783-853b-417d-8964-b5cf11e44873,41.035567,21.337528,temperature,13
2026-01-06T13:33:02+01:00,87f82783-853b-417d-8964-b5cf11e44873,41.035567,21.337528,gasResistance,122194
2026-01-06T13:33:02+01:00,87f82783-853b-417d-8964-b5cf11e44873,41.035567,21.337528,humidity,71
2026-01-06T13:33:02+01:00,87f82783-853b-417d-8964-b5cf11e44873,41.035567,21.337528,noise,11
2026-01-06T13:33:02+01:00,87f82783-853b-417d-8964-b5cf11e44873,41.035567,21.337528,noise_dba,24
2026-01-06T13:33:02+01:00,87f82783-853b-417d-8964-b5cf11e44873,41.035567,21.337528,pm10,32
2026-01-06T13:33:02+01:00,87f82783-853b-417d-8964-b5cf11e44873,41.035567,21.337528,pm25,17
2026-01-06T13:33:02+01:00,87f82783-853b-417d-8964-b5cf11e44873,41.035567,21.337528,pressure,936
2026-01-06T13:33:02+01:00,87f82783-853b-417d-8964-b5cf11e44873,41.035567,21.337528,temperature,13
2026-01-06T13:48:35+01:00,87f82783-853b-417d-8964-b5cf11e44873,41.035567,21.337528,gasResistance,122194
2026-01-06T13:48:35+01:00,87f82783-853b-417d-8964-b5cf11e44873,41.035567,21.337528,humidity,72
2026-01-06T13:48:35+01:00,87f82783-853b-417d-8964-b5cf11e44873,41.035567,21.337528,noise,12
2026-01-06T13:48:35+01:00,87f82783-853b-417d-8964-b5cf11e44873,41.035567,21.337528,noise_dba,25
2026-01-06T13:48:35+01:00,87f82783-853b-417d-8964-b5cf11e44873,41.035567,21.337528,pm10,60
2026-01-06T13:48:35+01:00,87f82783-853b-417d-8964-b5cf11e44873,41.035567,21.337528,pm25,34
2026-01-06T13:48:35+01:00,87f82783-853b-417d-8964-b5cf11e44873,41.035567,21.337528,pressure,936
2026-01-06T13:48:35+01:00,87f82783-853b-417d-8964-b5cf11e44873,41.035567,21.337528,temperature,13
2026-01-06T14:04:08+01:00,87f82783-853b-417d-8964-b5cf11e44873,41.035567,21.337528,gasResistance,122106
2026-01-06T14:04:08+01:00,87f82783-853b-417d-8964-b5cf11e44873,41.035567,21.337528,humidity,72
2026-01-06T14:04:08+01:00,87f82783-853b-417d-8964-b5cf11e44873,41.035567,21.337528,noise,11
2026-01-06T14:04:08+01:00,87f82783-853b-417d-8964-b5cf11e44873,41.035567,21.337528,noise_dba,24
2026-01-06T14:04:08+01:00,87f82783-853b-417d-8964-b5cf11e44873,41.035567,21.337528,pm10,19
2026-01-06T14:04:08+01:00,87f82783-853b-417d-8964-b5cf11e44873,41.035567,21.337528,pm25,12
2026-01-06T14:04:08+01:00,87f82783-853b-417d-8964-b5cf11e44873,41.035567,21.337528,pressure,936
2026-01-06T14:04:08+01:00,87f82783-853b-417d-8964-b5cf11e44873,41.035567,21.337528,temperature,13
2026-01-06T14:19:42+01:00,87f82783-853b-417d-8964-b5cf11e44873,41.035567,21.337528,gasResistance,122371
2026-01-06T14:19:42+01:00,87f82783-853b-417d-8964-b5cf11e44873,41.035567,21.337528,humidity,73
2026-01-06T14:19:42+01:00,87f82783-853b-417d-8964-b5cf11e44873,41.035567,21.337528,noise,12
2026-01-06T14:19:42+01:00,87f82783-853b-417d-8964-b5cf11e44873,41.035567,21.337528,noise_dba,25
2026-01-06T14:19:42+01:00,87f82783-853b-417d-8964-b5cf11e44873,41.035567,21.337528,pm10,39
2026-01-06T14:19:42+01:00,87f82783-853b-417d-8964-b5cf11e44873,41.035567,21.337528,pm25,22
2026-01-06T14:19:42+01:00,87f82783-853b-417d-8964-b5cf11e44873,41.035567,21.337528,pressure,936
2026-01-06T14:19:42+01:00,87f82783-853b-417d-8964-b5cf11e44873,41.035567,21.337528,temperature,13
2026-01-06T14:35:15+01:00,87f82783-853b-417d-8964-b5cf11e44873,41.035567,21.337528,gasResistance,120278
2026-01-06T14:35:15+01:00,87f82783-853b-417d-8964-b5cf11e44873,41.035567,21.337528,humidity,73
2026-01-06T14:35:15+01:00,87f82783-853b-417d-8964-b5cf11e44873,41.035567,21.337528,noise,11
2026-01-06T14:35:15+01:00,87f82783-853b-417d-8964-b5cf11e44873,41.035567,21.337528,noise_dba,24
2026-01-06T14:35:15+01:00,87f82783-853b-417d-8964-b5cf11e44873,41.035567,21.337528,pm10,41
2026-01-06T14:35:15+01:00,87f82783-853b-417d-8964-b5cf11e44873,41.035567,21.337528,pm25,23
2026-01-06T14:35:15+01:00,87f82783-853b-417d-8964-b5cf11e44873,41.035567,21.337528,pressure,936
2026-01-06T14:35:15+01:00,87f82783-853b-417d-8964-b5cf11e44873,41.035567,21.337528,temperature,13
2026-01-06T14:50:48+01:00,87f82783-853b-417d-8964-b5cf11e44873,41.035567,21.337528,gasResistance,119851
2026-01-06T14:50:48+01:00,87f82783-853b-417d-8964-b5cf11e44873,41.035567,21.337528,humidity,73
2026-01-06T14:50:48+01:00,87f82783-853b-417d-8964-b5cf11e44873,41.035567,21.337528,noise,12
2026-01-06T14:50:48+01:00,87f82783-853b-417d-8964-b5cf11e44873,41.035567,21.337528,noise_dba,25
2026-01-06T14:50:48+01:00,87f82783-853b-417d-8964-b5cf11e44873,41.035567,21.337528,pm10,102
2026-01-06T14:50:48+01:00,87f82783-853b-417d-8964-b5cf11e44873,41.035567,21.337528,pm25,84
2026-01-06T14:50:48+01:00,87f82783-853b-417d-8964-b5cf11e44873,41.035567,21.337528,pressure,936
2026-01-06T14:50:48+01:00,87f82783-853b-417d-8964-b5cf11e44873,41.035567,21.337528,temperature,13
2026-01-06T15:06:21+01:00,87f82783-853b-417d-8964-b5cf11e44873,41.035567,21.337528,gasResistance,116701
2026-01-06T15:06:21+01:00,87f82783-853b-417d-8964-b5cf11e44873,41.035567,21.337528,humidity,74
2026-01-06T15:06:21+01:00,87f82783-853b-417d-8964-b5cf11e44873,41.035567,21.337528,noise,12
2026-01-06T15:06:21+01:00,87f82783-853b-417d-8964-b5cf11e44873,41.035567,21.337528,noise_dba,25
2026-01-06T15:06:21+01:00,87f82783-853b-417d-8964-b5cf11e44873,41.035567,21.337528,pm10,47
2026-01-06T15:06:21+01:00,87f82783-853b-417d-8964-b5cf11e44873,41.035567,21.337528,pm25,33
2026-01-06T15:06:21+01:00,87f82783-853b-417d-8964-b5cf11e44873,41.035567,21.337528,pressure,936
2026-01-06T15:06:21+01:00,87f82783-853b-417d-8964-b5cf11e44873,41.035567,21.337528,temperature,13
2026-01-06T15:21:54+01:00,87f82783-853b-417d-8964-b5cf11e44873,41.035567,21.337528,gasResistance,114796
2026-01-06T15:21:54+01:00,87f82783-853b-417d-8964-b5cf11e44873,41.035567,21.337528,humidity,74
2026-01-06T15:21:54+01:00,87f82783-853b-417d-8964-b5cf11e44873,41.035567,21.337528,noise,12
2026-01-06T15:21:54+01:00,87f82783-853b-417d-8964-b5cf11e44873,41.035567,21.337528,noise_dba,25
2026-01-06T15:21:54+01:00,87f82783-853b-417d-8964-b5cf11e44873,41.035567,21.337528,pm10,36
2026-01-06T15:21:54+01:00,87f82783-853b-417d-8964-b5cf11e44873,41.035567,21.337528,pm25,19
2026-01-06T15:21:54+01:00,87f82783-853b-417d-8964-b5cf11e44873,41.035567,21.337528,pressure,936
2026-01-06T15:21:54+01:00,87f82783-853b-417d-8964-b5cf11e44873,41.035567,21.337528,temperature,13
2026-01-06T15:37:27+01:00,87f82783-853b-417d-8964-b5cf11e44873,41.035567,21.337528,gasResistance,113636
2026-01-06T15:37:27+01:00,87f82783-853b-417d-8964-b5cf11e44873,41.035567,21.337528,humidity,73
2026-01-06T15:37:27+01:00,87f82783-853b-417d-8964-b5cf11e44873,41.035567,21.337528,noise,13
2026-01-06T15:37:27+01:00,87f82783-853b-417d-8964-b5cf11e44873,41.035567,21.337528,noise_dba,27
2026-01-06T15:37:27+01:00,87f82783-853b-417d-8964-b5cf11e44873,41.035567,21.337528,pm10,34
2026-01-06T15:37:27+01:00,87f82783-853b-417d-8964-b5cf11e44873,41.035567,21.337528,pm25,21
2026-01-06T15:37:27+01:00,87f82783-853b-417d-8964-b5cf11e44873,41.035567,21.337528,pressure,937
2026-01-06T15:37:27+01:00,87f82783-853b-417d-8964-b5cf11e44873,41.035567,21.337528,temperature,13
2026-01-06T15:53:00+01:00,87f82783-853b-417d-8964-b5cf11e44873,41.035567,21.337528,gasResistance,111977
2026-01-06T15:53:00+01:00,87f82783-853b-417d-8964-b5cf11e44873,41.035567,21.337528,humidity,74
2026-01-06T15:53:00+01:00,87f82783-853b-417d-8964-b5cf11e44873,41.035567,21.337528,noise,13
2026-01-06T15:53:00+01:00,87f82783-853b-417d-8964-b5cf11e44873,41.035567,21.337528,noise_dba,27
2026-01-06T15:53:00+01:00,87f82783-853b-417d-8964-b5cf11e44873,41.035567,21.337528,pm10,65
2026-01-06T15:53:00+01:00,87f82783-853b-417d-8964-b5cf11e44873,41.035567,21.337528,pm25,44
2026-01-06T15:53:00+01:00,87f82783-853b-417d-8964-b5cf11e44873,41.035567,21.337528,pressure,937
2026-01-06T15:53:00+01:00,87f82783-853b-417d-8964-b5cf11e44873,41.035567,21.337528,temperature,13
2026-01-06T16:08:33+01:00,87f82783-853b-417d-8964-b5cf11e44873,41.035567,21.337528,gasResistance,109436
2026-01-06T16:08:33+01:00,87f82783-853b-417d-8964-b5cf11e44873,41.035567,21.337528,humidity,74
2026-01-06T16:08:33+01:00,87f82783-853b-417d-8964-b5cf11e44873,41.035567,21.337528,noise,13
2026-01-06T16:08:33+01:00,87f82783-853b-417d-8964-b5cf11e44873,41.035567,21.337528,noise_dba,27
2026-01-06T16:08:33+01:00,87f82783-853b-417d-8964-b5cf11e44873,41.035567,21.337528,pm10,61
2026-01-06T16:08:33+01:00,87f82783-853b-417d-8964-b5cf11e44873,41.035567,21.337528,pm25,40
2026-01-06T16:08:33+01:00,87f82783-853b-417d-8964-b5cf11e44873,41.035567,21.337528,pressure,937
2026-01-06T16:08:33+01:00,87f82783-853b-417d-8964-b5cf11e44873,41.035567,21.337528,temperature,13
2026-01-06T16:24:06+01:00,87f82783-853b-417d-8964-b5cf11e44873,41.035567,21.337528,gasResistance,106333
2026-01-06T16:24:06+01:00,87f82783-853b-417d-8964-b5cf11e44873,41.035567,21.337528,humidity,74
2026-01-06T16:24:06+01:00,87f82783-853b-417d-8964-b5cf11e44873,41.035567,21.337528,noise,13
2026-01-06T16:24:06+01:00,87f82783-853b-417d-8964-b5cf11e44873,41.035567,21.337528,noise_dba,27
2026-01-06T16:24:06+01:00,87f82783-853b-417d-8964-b5cf11e44873,41.035567,21.337528,pm10,71
2026-01-06T16:24:06+01:00,87f82783-853b-417d-8964-b5cf11e44873,41.035567,21.337528,pm25,39
2026-01-06T16:24:06+01:00,87f82783-853b-417d-8964-b5cf11e44873,41.035567,21.337528,pressure,937
2026-01-06T16:24:06+01:00,87f82783-853b-417d-8964-b5cf11e44873,41.035567,21.337528,temperature,13
2026-01-06T16:39:39+01:00,87f82783-853b-417d-8964-b5cf11e44873,41.035567,21.337528,gasResistance,106199
2026-01-06T16:39:39+01:00,87f82783-853b-417d-8964-b5cf11e44873,41.035567,21.337528,humidity,75
2026-01-06T16:39:39+01:00,87f82783-853b-417d-8964-b5cf11e44873,41.035567,21.337528,noise,13
2026-01-06T16:39:39+01:00,87f82783-853b-417d-8964-b5cf11e44873,41.035567,21.337528,noise_dba,27
2026-01-06T16:39:39+01:00,87f82783-853b-417d-8964-b5cf11e44873,41.035567,21.337528,pm10,31
2026-01-06T16:39:39+01:00,87f82783-853b-417d-8964-b5cf11e44873,41.035567,21.337528,pm25,21
2026-01-06T16:39:39+01:00,87f82783-853b-417d-8964-b5cf11e44873,41.035567,21.337528,pressure,937
2026-01-06T16:39:39+01:00,87f82783-853b-417d-8964-b5cf11e44873,41.035567,21.337528,temperature,13
2026-01-06T16:55:12+01:00,87f82783-853b-417d-8964-b5cf11e44873,41.035567,21.337528,gasResistance,107896
2026-01-06T16:55:12+01:00,87f82783-853b-417d-8964-b5cf11e44873,41.035567,21.337528,humidity,75
2026-01-06T16:55:12+01:00,87f82783-853b-417d-8964-b5cf11e44873,41.035567,21.337528,noise,12
2026-01-06T16:55:12+01:00,87f82783-853b-417d-8964-b5cf11e44873,41.035567,21.337528,noise_dba,25
2026-01-06T16:55:12+01:00,87f82783-853b-417d-8964-b5cf11e44873,41.035567,21.337528,pm10,15
2026-01-06T16:55:12+01:00,87f82783-853b-417d-8964-b5cf11e44873,41.035567,21.337528,pm25,9
2026-01-06T16:55:12+01:00,87f82783-853b-417d-8964-b5cf11e44873,41.035567,21.337528,pressure,937
2026-01-06T16:55:12+01:00,87f82783-853b-417d-8964-b5cf11e44873,41.035567,21.337528,temperature,13
2026-01-06T17:10:46+01:00,87f82783-853b-417d-8964-b5cf11e44873,41.035567,21.337528,gasResistance,110366
2026-01-06T17:10:46+01:00,87f82783-853b-417d-8964-b5cf11e44873,41.035567,21.337528,humidity,74
2026-01-06T17:10:46+01:00,87f82783-853b-417d-8964-b5cf11e44873,41.035567,21.337528,noise,12
2026-01-06T17:10:46+01:00,87f82783-853b-417d-8964-b5cf11e44873,41.035567,21.337528,noise_dba,25
2026-01-06T17:10:46+01:00,87f82783-853b-417d-8964-b5cf11e44873,41.035567,21.337528,pm10,7
2026-01-06T17:10:46+01:00,87f82783-853b-417d-8964-b5cf11e44873,41.035567,21.337528,pm25,4
2026-01-06T17:10:46+01:00,87f82783-853b-417d-8964-b5cf11e44873,41.035567,21.337528,pressure,936
2026-01-06T17:10:46+01:00,87f82783-853b-417d-8964-b5cf11e44873,41.035567,21.337528,temperature,13
2026-01-06T17:26:20+01:00,87f82783-853b-417d-8964-b5cf11e44873,41.035567,21.337528,gasResistance,116139
2026-01-06T17:26:20+01:00,87f82783-853b-417d-8964-b5cf11e44873,41.035567,21.337528,humidity,73
2026-01-06T17:26:20+01:00,87f82783-853b-417d-8964-b5cf11e44873,41.035567,21.337528,noise,13
2026-01-06T17:26:20+01:00,87f82783-853b-417d-8964-b5cf11e44873,41.035567,21.337528,noise_dba,27
2026-01-06T17:26:20+01:00,87f82783-853b-417d-8964-b5cf11e44873,41.035567,21.337528,pm10,8
2026-01-06T17:26:20+01:00,87f82783-853b-417d-8964-b5cf11e44873,41.035567,21.337528,pm25,4
2026-01-06T17:26:20+01:00,87f82783-853b-417d-8964-b5cf11e44873,41.035567,21.337528,pressure,936
2026-01-06T17:26:20+01:00,87f82783-853b-417d-8964-b5cf11e44873,41.035567,21.337528,temperature,13
2026-01-06T17:41:53+01:00,87f82783-853b-417d-8964-b5cf11e44873,41.035567,21.337528,gasResistance,118338
2026-01-06T17:41:53+01:00,87f82783-853b-417d-8964-b5cf11e44873,41.035567,21.337528,humidity,76
2026-01-06T17:41:53+01:00,87f82783-853b-417d-8964-b5cf11e44873,41.035567,21.337528,noise,12
2026-01-06T17:41:53+01:00,87f82783-853b-417d-8964-b5cf11e44873,41.035567,21.337528,noise_dba,25
2026-01-06T17:41:53+01:00,87f82783-853b-417d-8964-b5cf11e44873,41.035567,21.337528,pm10,11
2026-01-06T17:41:53+01:00,87f82783-853b-417d-8964-b5cf11e44873,41.035567,21.337528,pm25,5
2026-01-06T17:41:53+01:00,87f82783-853b-417d-8964-b5cf11e44873,41.035567,21.337528,pressure,936
2026-01-06T17:41:53+01:00,87f82783-853b-417d-8964-b5cf11e44873,41.035567,21.337528,temperature,12
2026-01-06T17:57:26+01:00,87f82783-853b-417d-8964-b5cf11e44873,41.035567,21.337528,gasResistance,118007
2026-01-06T17:57:26+01:00,87f82783-853b-417d-8964-b5cf11e44873,41.035567,21.337528,humidity,77
2026-01-06T17:57:26+01:00,87f82783-853b-417d-8964-b5cf11e44873,41.035567,21.337528,noise,12
2026-01-06T17:57:26+01:00,87f82783-853b-417d-8964-b5cf11e44873,41.035567,21.337528,noise_dba,25
2026-01-06T17:57:26+01:00,87f82783-853b-417d-8964-b5cf11e44873,41.035567,21.337528,pm10,8
2026-01-06T17:57:26+01:00,87f82783-853b-417d-8964-b5cf11e44873,41.035567,21.337528,pm25,5
2026-01-06T17:57:26+01:00,87f82783-853b-417d-8964-b5cf11e44873,41.035567,21.337528,pressure,936
2026-01-06T17:57:26+01:00,87f82783-853b-417d-8964-b5cf11e44873,41.035567,21.337528,temperature,12
2026-01-06T18:12:59+01:00,87f82783-853b-417d-8964-b5cf11e44873,41.035567,21.337528,gasResistance,119596
2026-01-06T18:12:59+01:00,87f82783-853b-417d-8964-b5cf11e44873,41.035567,21.337528,humidity,73
2026-01-06T18:12:59+01:00,87f82783-853b-417d-8964-b5cf11e44873,41.035567,21.337528,noise,12
2026-01-06T18:12:59+01:00,87f82783-853b-417d-8964-b5cf11e44873,41.035567,21.337528,noise_dba,25
2026-01-06T18:12:59+01:00,87f82783-853b-417d-8964-b5cf11e44873,41.035567,21.337528,pm10,5
2026-01-06T18:12:59+01:00,87f82783-853b-417d-8964-b5cf11e44873,41.035567,21.337528,pm25,3
2026-01-06T18:12:59+01:00,87f82783-853b-417d-8964-b5cf11e44873,41.035567,21.337528,pressure,936
2026-01-06T18:12:59+01:00,87f82783-853b-417d-8964-b5cf11e44873,41.035567,21.337528,temperature,12
2026-01-06T18:28:32+01:00,87f82783-853b-417d-8964-b5cf11e44873,41.035567,21.337528,gasResistance,122371
2026-01-06T18:28:32+01:00,87f82783-853b-417d-8964-b5cf11e44873,41.035567,21.337528,humidity,75
2026-01-06T18:28:32+01:00,87f82783-853b-417d-8964-b5cf11e44873,41.035567,21.337528,noise,11
2026-01-06T18:28:32+01:00,87f82783-853b-417d-8964-b5cf11e44873,41.035567,21.337528,noise_dba,24
2026-01-06T18:28:32+01:00,87f82783-853b-417d-8964-b5cf11e44873,41.035567,21.337528,pm10,10
2026-01-06T18:28:32+01:00,87f82783-853b-417d-8964-b5cf11e44873,41.035567,21.337528,pm25,4
2026-01-06T18:28:32+01:00,87f82783-853b-417d-8964-b5cf11e44873,41.035567,21.337528,pressure,936
2026-01-06T18:28:32+01:00,87f82783-853b-417d-8964-b5cf11e44873,41.035567,21.337528,temperature,12
2026-01-06T18:44:05+01:00,87f82783-853b-417d-8964-b5cf11e44873,41.035567,21.337528,gasResistance,124355
2026-01-06T18:44:05+01:00,87f82783-853b-417d-8964-b5cf11e44873,41.035567,21.337528,humidity,73
2026-01-06T18:44:05+01:00,87f82783-853b-417d-8964-b5cf11e44873,41.035567,21.337528,noise,11
2026-01-06T18:44:05+01:00,87f82783-853b-417d-8964-b5cf11e44873,41.035567,21.337528,noise_dba,24
2026-01-06T18:44:05+01:00,87f82783-853b-417d-8964-b5cf11e44873,41.035567,21.337528,pm10,14
2026-01-06T18:44:05+01:00,87f82783-853b-417d-8964-b5cf11e44873,41.035567,21.337528,pm25,9
2026-01-06T18:44:05+01:00,87f82783-853b-417d-8964-b5cf11e44873,41.035567,21.337528,pressure,937
2026-01-06T18:44:05+01:00,87f82783-853b-417d-8964-b5cf11e44873,41.035567,21.337528,temperature,12
2026-01-06T18:59:38+01:00,87f82783-853b-417d-8964-b5cf11e44873,41.035567,21.337528,gasResistance,128620
2026-01-06T18:59:38+01:00,87f82783-853b-417d-8964-b5cf11e44873,41.035567,21.337528,humidity,74
2026-01-06T18:59:38+01:00,87f82783-853b-417d-8964-b5cf11e44873,41.035567,21.337528,noise,12
2026-01-06T18:59:38+01:00,87f82783-853b-417d-8964-b5cf11e44873,41.035567,21.337528,noise_dba,25
2026-01-06T18:59:38+01:00,87f82783-853b-417d-8964-b5cf11e44873,41.035567,21.337528,pm10,2
2026-01-06T18:59:38+01:00,87f82783-853b-417d-8964-b5cf11e44873,41.035567,21.337528,pm25,2
2026-01-06T18:59:38+01:00,87f82783-853b-417d-8964-b5cf11e44873,41.035567,21.337528,pressure,937
2026-01-06T18:59:38+01:00,87f82783-853b-417d-8964-b5cf11e44873,41.035567,21.337528,temperature,12
2026-01-06T19:15:11+01:00,87f82783-853b-417d-8964-b5cf11e44873,41.035567,21.337528,gasResistance,127262
2026-01-06T19:15:11+01:00,87f82783-853b-417d-8964-b5cf11e44873,41.035567,21.337528,humidity,74
2026-01-06T19:15:11+01:00,87f82783-853b-417d-8964-b5cf11e44873,41.035567,21.337528,noise,12
2026-01-06T19:15:11+01:00,87f82783-853b-417d-8964-b5cf11e44873,41.035567,21.337528,noise_dba,25
2026-01-06T19:15:11+01:00,87f82783-853b-417d-8964-b5cf11e44873,41.035567,21.337528,pm10,32
2026-01-06T19:15:11+01:00,87f82783-853b-417d-8964-b5cf11e44873,41.035567,21.337528,pm25,17
2026-01-06T19:15:11+01:00,87f82783-853b-417d-8964-b5cf11e44873,41.035567,21.337528,pressure,937
2026-01-06T19:15:11+01:00,87f82783-853b-417d-8964-b5cf11e44873,41.035567,21.337528,temperature,12
2026-01-06T19:30:44+01:00,87f82783-853b-417d-8964-b5cf11e44873,41.035567,21.337528,gasResistance,132042
2026-01-06T19:30:44+01:00,87f82783-853b-417d-8964-b5cf11e44873,41.035567,21.337528,humidity,70
2026-01-06T19:30:44+01:00,87f82783-853b-417d-8964-b5cf11e44873,41.035567,21.337528,noise,12
2026-01-06T19:30:44+01:00,87f82783-853b-417d-8964-b5cf11e44873,41.035567,21.337528,noise_dba,25
2026-01-06T19:30:44+01:00,87f82783-853b-417d-8964-b5cf11e44873,41.035567,21.337528,pm10,37
2026-01-06T19:30:44+01:00,87f82783-853b-417d-8964-b5cf11e44873,41.035567,21.337528,pm25,23
2026-01-06T19:30:44+01:00,87f82783-853b-417d-8964-b5cf11e44873,41.035567,21.337528,pressure,937
2026-01-06T19:30:44+01:00,87f82783-853b-417d-8964-b5cf11e44873,41.035567,21.337528,temperature,12
2026-01-06T19:46:17+01:00,87f82783-853b-417d-8964-b5cf11e44873,41.035567,21.337528,gasResistance,135979
2026-01-06T19:46:17+01:00,87f82783-853b-417d-8964-b5cf11e44873,41.035567,21.337528,humidity,70
2026-01-06T19:46:17+01:00,87f82783-853b-417d-8964-b5cf11e44873,41.035567,21.337528,noise,12
2026-01-06T19:46:17+01:00,87f82783-853b-417d-8964-b5cf11e44873,41.035567,21.337528,noise_dba,25
2026-01-06T19:46:17+01:00,87f82783-853b-417d-8964-b5cf11e44873,41.035567,21.337528,pm10,26
2026-01-06T19:46:17+01:00,87f82783-853b-417d-8964-b5cf11e44873,41.035567,21.337528,pm25,18
2026-01-06T19:46:17+01:00,87f82783-853b-417d-8964-b5cf11e44873,41.035567,21.337528,pressure,937
2026-01-06T19:46:17+01:00,87f82783-853b-417d-8964-b5cf11e44873,41.035567,21.337528,temperature,12
2026-01-06T20:01:50+01:00,87f82783-853b-417d-8964-b5cf11e44873,41.035567,21.337528,gasResistance,135760
2026-01-06T20:01:50+01:00,87f82783-853b-417d-8964-b5cf11e44873,41.035567,21.337528,humidity,71
2026-01-06T20:01:50+01:00,87f82783-853b-417d-8964-b5cf11e44873,41.035567,21.337528,noise,12
2026-01-06T20:01:50+01:00,87f82783-853b-417d-8964-b5cf11e44873,41.035567,21.337528,noise_dba,25
2026-01-06T20:01:50+01:00,87f82783-853b-417d-8964-b5cf11e44873,41.035567,21.337528,pm10,35
2026-01-06T20:01:50+01:00,87f82783-853b-417d-8964-b5cf11e44873,41.035567,21.337528,pm25,24
2026-01-06T20:01:50+01:00,87f82783-853b-417d-8964-b5cf11e44873,41.035567,21.337528,pressure,937
2026-01-06T20:01:50+01:00,87f82783-853b-417d-8964-b5cf11e44873,41.035567,21.337528,temperature,12
2026-01-06T20:17:23+01:00,87f82783-853b-417d-8964-b5cf11e44873,41.035567,21.337528,gasResistance,130108
2026-01-06T20:17:23+01:00,87f82783-853b-417d-8964-b5cf11e44873,41.035567,21.337528,humidity,73
2026-01-06T20:17:23+01:00,87f82783-853b-417d-8964-b5cf11e44873,41.035567,21.337528,noise,11
2026-01-06T20:17:23+01:00,87f82783-853b-417d-8964-b5cf11e44873,41.035567,21.337528,noise_dba,24
2026-01-06T20:17:23+01:00,87f82783-853b-417d-8964-b5cf11e44873,41.035567,21.337528,pm10,47
2026-01-06T20:17:23+01:00,87f82783-853b-417d-8964-b5cf11e44873,41.035567,21.337528,pm25,32
2026-01-06T20:17:23+01:00,87f82783-853b-417d-8964-b5cf11e44873,41.035567,21.337528,pressure,937
2026-01-06T20:17:23+01:00,87f82783-853b-417d-8964-b5cf11e44873,41.035567,21.337528,temperature,12
2026-01-06T20:32:57+01:00,87f82783-853b-417d-8964-b5cf11e44873,41.035567,21.337528,gasResistance,126215
2026-01-06T20:32:57+01:00,87f82783-853b-417d-8964-b5cf11e44873,41.035567,21.337528,humidity,74
2026-01-06T20:32:57+01:00,87f82783-853b-417d-8964-b5cf11e44873,41.035567,21.337528,noise,11
2026-01-06T20:32:57+01:00,87f82783-853b-417d-8964-b5cf11e44873,41.035567,21.337528,noise_dba,24
2026-01-06T20:32:57+01:00,87f82783-853b-417d-8964-b5cf11e44873,41.035567,21.337528,pm10,117
2026-01-06T20:32:57+01:00,87f82783-853b-417d-8964-b5cf11e44873,41.035567,21.337528,pm25,85
2026-01-06T20:32:57+01:00,87f82783-853b-417d-8964-b5cf11e44873,41.035567,21.337528,pressure,938
2026-01-06T20:32:57+01:00,87f82783-853b-417d-8964-b5cf11e44873,41.035567,21.337528,temperature,12
2026-01-06T20:48:22+01:00,87f82783-853b-417d-8964-b5cf11e44873,41.035567,21.337528,gasResistance,120278
2026-01-06T20:48:22+01:00,87f82783-853b-417d-8964-b5cf11e44873,41.035567,21.337528,humidity,74
2026-01-06T20:48:22+01:00,87f82783-853b-417d-8964-b5cf11e44873,41.035567,21.337528,noise,11
2026-01-06T20:48:22+01:00,87f82783-853b-417d-8964-b5cf11e44873,41.035567,21.337528,noise_dba,24
2026-01-06T20:48:22+01:00,87f82783-853b-417d-8964-b5cf11e44873,41.035567,21.337528,pressure,938
2026-01-06T20:48:22+01:00,87f82783-853b-417d-8964-b5cf11e44873,41.035567,21.337528,temperature,12
2026-01-06T21:03:56+01:00,87f82783-853b-417d-8964-b5cf11e44873,41.035567,21.337528,gasResistance,115661
2026-01-06T21:03:56+01:00,87f82783-853b-417d-8964-b5cf11e44873,41.035567,21.337528,humidity,74
2026-01-06T21:03:56+01:00,87f82783-853b-417d-8964-b5cf11e44873,41.035567,21.337528,noise,12
2026-01-06T21:03:56+01:00,87f82783-853b-417d-8964-b5cf11e44873,41.035567,21.337528,noise_dba,25
2026-01-06T21:03:56+01:00,87f82783-853b-417d-8964-b5cf11e44873,41.035567,21.337528,pm10,135
2026-01-06T21:03:56+01:00,87f82783-853b-417d-8964-b5cf11e44873,41.035567,21.337528,pm25,94
2026-01-06T21:03:56+01:00,87f82783-853b-417d-8964-b5cf11e44873,41.035567,21.337528,pressure,938
2026-01-06T21:03:56+01:00,87f82783-853b-417d-8964-b5cf11e44873,41.035567,21.337528,temperature,12
2026-01-06T21:19:29+01:00,87f82783-853b-417d-8964-b5cf11e44873,41.035567,21.337528,gasResistance,114175
2026-01-06T21:19:29+01:00,87f82783-853b-417d-8964-b5cf11e44873,41.035567,21.337528,humidity,74
2026-01-06T21:19:29+01:00,87f82783-853b-417d-8964-b5cf11e44873,41.035567,21.337528,noise,12
2026-01-06T21:19:29+01:00,87f82783-853b-417d-8964-b5cf11e44873,41.035567,21.337528,noise_dba,25
2026-01-06T21:19:29+01:00,87f82783-853b-417d-8964-b5cf11e44873,41.035567,21.337528,pm10,98
2026-01-06T21:19:29+01:00,87f82783-853b-417d-8964-b5cf11e44873,41.035567,21.337528,pm25,64
2026-01-06T21:19:29+01:00,87f82783-853b-417d-8964-b5cf11e44873,41.035567,21.337528,pressure,938
2026-01-06T21:19:29+01:00,87f82783-853b-417d-8964-b5cf11e44873,41.035567,21.337528,temperature,12
2026-01-06T21:35:03+01:00,87f82783-853b-417d-8964-b5cf11e44873,41.035567,21.337528,gasResistance,114175
2026-01-06T21:35:03+01:00,87f82783-853b-417d-8964-b5cf11e44873,41.035567,21.337528,humidity,74
2026-01-06T21:35:03+01:00,87f82783-853b-417d-8964-b5cf11e44873,41.035567,21.337528,noise,12
2026-01-06T21:35:03+01:00,87f82783-853b-417d-8964-b5cf11e44873,41.035567,21.337528,noise_dba,25
2026-01-06T21:35:03+01:00,87f82783-853b-417d-8964-b5cf11e44873,41.035567,21.337528,pm10,119
2026-01-06T21:35:03+01:00,87f82783-853b-417d-8964-b5cf11e44873,41.035567,21.337528,pm25,76
2026-01-06T21:35:03+01:00,87f82783-853b-417d-8964-b5cf11e44873,41.035567,21.337528,pressure,938
2026-01-06T21:35:03+01:00,87f82783-853b-417d-8964-b5cf11e44873,41.035567,21.337528,temperature,12
2026-01-06T21:50:36+01:00,87f82783-853b-417d-8964-b5cf11e44873,41.035567,21.337528,gasResistance,115979
2026-01-06T21:50:36+01:00,87f82783-853b-417d-8964-b5cf11e44873,41.035567,21.337528,humidity,75
2026-01-06T21:50:36+01:00,87f82783-853b-417d-8964-b5cf11e44873,41.035567,21.337528,noise,12
2026-01-06T21:50:36+01:00,87f82783-853b-417d-8964-b5cf11e44873,41.035567,21.337528,noise_dba,25
2026-01-06T21:50:36+01:00,87f82783-853b-417d-8964-b5cf11e44873,41.035567,21.337528,pm10,61
2026-01-06T21:50:36+01:00,87f82783-853b-417d-8964-b5cf11e44873,41.035567,21.337528,pm25,35
2026-01-06T21:50:36+01:00,87f82783-853b-417d-8964-b5cf11e44873,41.035567,21.337528,pressure,938
2026-01-06T21:50:36+01:00,87f82783-853b-417d-8964-b5cf11e44873,41.035567,21.337528,temperature,12
2026-01-06T22:06:10+01:00,87f82783-853b-417d-8964-b5cf11e44873,41.035567,21.337528,gasResistance,116059
2026-01-06T22:06:10+01:00,87f82783-853b-417d-8964-b5cf11e44873,41.035567,21.337528,humidity,74
2026-01-06T22:06:10+01:00,87f82783-853b-417d-8964-b5cf11e44873,41.035567,21.337528,pm10,68
2026-01-06T22:06:10+01:00,87f82783-853b-417d-8964-b5cf11e44873,41.035567,21.337528,pm25,43
2026-01-06T22:06:10+01:00,87f82783-853b-417d-8964-b5cf11e44873,41.035567,21.337528,pressure,938
2026-01-06T22:06:10+01:00,87f82783-853b-417d-8964-b5cf11e44873,41.035567,21.337528,temperature,11
2026-01-06T22:21:43+01:00,87f82783-853b-417d-8964-b5cf11e44873,41.035567,21.337528,gasResistance,117596
2026-01-06T22:21:43+01:00,87f82783-853b-417d-8964-b5cf11e44873,41.035567,21.337528,humidity,74
2026-01-06T22:21:43+01:00,87f82783-853b-417d-8964-b5cf11e44873,41.035567,21.337528,pm10,146
2026-01-06T22:21:43+01:00,87f82783-853b-417d-8964-b5cf11e44873,41.035567,21.337528,pm25,85
2026-01-06T22:21:43+01:00,87f82783-853b-417d-8964-b5cf11e44873,41.035567,21.337528,pressure,938
2026-01-06T22:21:43+01:00,87f82783-853b-417d-8964-b5cf11e44873,41.035567,21.337528,temperature,11
2026-01-06T22:37:24+01:00,87f82783-853b-417d-8964-b5cf11e44873,41.035567,21.337528,gasResistance,119427
2026-01-06T22:37:24+01:00,87f82783-853b-417d-8964-b5cf11e44873,41.035567,21.337528,humidity,74
2026-01-06T22:37:24+01:00,87f82783-853b-417d-8964-b5cf11e44873,41.035567,21.337528,pm10,67
2026-01-06T22:37:24+01:00,87f82783-853b-417d-8964-b5cf11e44873,41.035567,21.337528,pm25,39
2026-01-06T22:37:24+01:00,87f82783-853b-417d-8964-b5cf11e44873,41.035567,21.337528,pressure,938
2026-01-06T22:37:24+01:00,87f82783-853b-417d-8964-b5cf11e44873,41.035567,21.337528,temperature,11
2026-01-06T22:52:57+01:00,87f82783-853b-417d-8964-b5cf11e44873,41.035567,21.337528,gasResistance,122017
2026-01-06T22:52:57+01:00,87f82783-853b-417d-8964-b5cf11e44873,41.035567,21.337528,humidity,73
2026-01-06T22:52:57+01:00,87f82783-853b-417d-8964-b5cf11e44873,41.035567,21.337528,pm10,41
2026-01-06T22:52:57+01:00,87f82783-853b-417d-8964-b5cf11e44873,41.035567,21.337528,pm25,19
2026-01-06T22:52:57+01:00,87f82783-853b-417d-8964-b5cf11e44873,41.035567,21.337528,pressure,938
2026-01-06T22:52:57+01:00,87f82783-853b-417d-8964-b5cf11e44873,41.035567,21.337528,temperature,11
2026-01-06T23:08:30+01:00,87f82783-853b-417d-8964-b5cf11e44873,41.035567,21.337528,gasResistance,124723
2026-01-06T23:08:30+01:00,87f82783-853b-417d-8964-b5cf11e44873,41.035567,21.337528,humidity,74
2026-01-06T23:08:30+01:00,87f82783-853b-417d-8964-b5cf11e44873,41.035567,21.337528,pm10,24
2026-01-06T23:08:30+01:00,87f82783-853b-417d-8964-b5cf11e44873,41.035567,21.337528,pm25,12
2026-01-06T23:08:30+01:00,87f82783-853b-417d-8964-b5cf11e44873,41.035567,21.337528,pressure,937
2026-01-06T23:08:30+01:00,87f82783-853b-417d-8964-b5cf11e44873,41.035567,21.337528,temperature,11
2026-01-06T23:24:04+01:00,87f82783-853b-417d-8964-b5cf11e44873,41.035567,21.337528,gasResistance,126689
2026-01-06T23:24:04+01:00,87f82783-853b-417d-8964-b5cf11e44873,41.035567,21.337528,humidity,74
2026-01-06T23:24:04+01:00,87f82783-853b-417d-8964-b5cf11e44873,41.035567,21.337528,pm10,63
2026-01-06T23:24:04+01:00,87f82783-853b-417d-8964-b5cf11e44873,41.035567,21.337528,pm25,36
2026-01-06T23:24:04+01:00,87f82783-853b-417d-8964-b5cf11e44873,41.035567,21.337528,pressure,937
2026-01-06T23:24:04+01:00,87f82783-853b-417d-8964-b5cf11e44873,41.035567,21.337528,temperature,11
2026-01-06T23:39:37+01:00,87f82783-853b-417d-8964-b5cf11e44873,41.035567,21.337528,gasResistance,128327
2026-01-06T23:39:37+01:00,87f82783-853b-417d-8964-b5cf11e44873,41.035567,21.337528,humidity,74
2026-01-06T23:39:37+01:00,87f82783-853b-417d-8964-b5cf11e44873,41.035567,21.337528,pm10,14
2026-01-06T23:39:37+01:00,87f82783-853b-417d-8964-b5cf11e44873,41.035567,21.337528,pm25,9
2026-01-06T23:39:37+01:00,87f82783-853b-417d-8964-b5cf11e44873,41.035567,21.337528,pressure,937
2026-01-06T23:39:37+01:00,87f82783-853b-417d-8964-b5cf11e44873,41.035567,21.337528,temperature,11
2026-01-06T23:55:10+01:00,87f82783-853b-417d-8964-b5cf11e44873,41.035567,21.337528,gasResistance,129509
2026-01-06T23:55:10+01:00,87f82783-853b-417d-8964-b5cf11e44873,41.035567,21.337528,humidity,74
2026-01-06T23:55:10+01:00,87f82783-853b-417d-8964-b5cf11e44873,41.035567,21.337528,pm10,54
2026-01-06T23:55:10+01:00,87f82783-853b-417d-8964-b5cf11e44873,41.035567,21.337528,pm25,36
2026-01-06T23:55:10+01:00,87f82783-853b-417d-8964-b5cf11e44873,41.035567,21.337528,pressure,937
2026-01-06T23:55:10+01:00,87f82783-853b-417d-8964-b5cf11e44873,41.035567,21.337528,temperature,11
2026-01-07T00:10:43+01:00,87f82783-853b-417d-8964-b5cf11e44873,41.035567,21.337528,gasResistance,126784
2026-01-07T00:10:43+01:00,87f82783-853b-417d-8964-b5cf11e44873,41.035567,21.337528,humidity,75
2026-01-07T00:10:43+01:00,87f82783-853b-417d-8964-b5cf11e44873,41.035567,21.337528,pm10,21
2026-01-07T00:10:43+01:00,87f82783-853b-417d-8964-b5cf11e44873,41.035567,21.337528,pm25,14
2026-01-07T00:10:43+01:00,87f82783-853b-417d-8964-b5cf11e44873,41.035567,21.337528,pressure,937
2026-01-07T00:10:43+01:00,87f82783-853b-417d-8964-b5cf11e44873,41.035567,21.337528,temperature,11
2026-01-07T00:26:16+01:00,87f82783-853b-417d-8964-b5cf11e44873,41.035567,21.337528,gasResistance,127455
2026-01-07T00:26:16+01:00,87f82783-853b-417d-8964-b5cf11e44873,41.035567,21.337528,humidity,75
2026-01-07T00:26:16+01:00,87f82783-853b-417d-8964-b5cf11e44873,41.035567,21.337528,noise,11
2026-01-07T00:26:16+01:00,87f82783-853b-417d-8964-b5cf11e44873,41.035567,21.337528,noise_dba,24
2026-01-07T00:26:16+01:00,87f82783-853b-417d-8964-b5cf11e44873,41.035567,21.337528,pm10,50
2026-01-07T00:26:16+01:00,87f82783-853b-417d-8964-b5cf11e44873,41.035567,21.337528,pm25,30
2026-01-07T00:26:16+01:00,87f82783-853b-417d-8964-b5cf11e44873,41.035567,21.337528,pressure,937
2026-01-07T00:26:16+01:00,87f82783-853b-417d-8964-b5cf11e44873,41.035567,21.337528,temperature,11
2026-01-07T00:41:49+01:00,87f82783-853b-417d-8964-b5cf11e44873,41.035567,21.337528,gasResistance,123626
2026-01-07T00:41:49+01:00,87f82783-853b-417d-8964-b5cf11e44873,41.035567,21.337528,humidity,75
2026-01-07T00:41:49+01:00,87f82783-853b-417d-8964-b5cf11e44873,41.035567,21.337528,noise,11
2026-01-07T00:41:49+01:00,87f82783-853b-417d-8964-b5cf11e44873,41.035567,21.337528,noise_dba,24
2026-01-07T00:41:49+01:00,87f82783-853b-417d-8964-b5cf11e44873,41.035567,21.337528,pm10,54
2026-01-07T00:41:49+01:00,87f82783-853b-417d-8964-b5cf11e44873,41.035567,21.337528,pm25,31
2026-01-07T00:41:49+01:00,87f82783-853b-417d-8964-b5cf11e44873,41.035567,21.337528,pressure,937
2026-01-07T00:41:49+01:00,87f82783-853b-417d-8964-b5cf11e44873,41.035567,21.337528,temperature,11
2026-01-07T00:57:22+01:00,87f82783-853b-417d-8964-b5cf11e44873,41.035567,21.337528,gasResistance,122906
2026-01-07T00:57:22+01:00,87f82783-853b-417d-8964-b5cf11e44873,41.035567,21.337528,humidity,75
2026-01-07T00:57:22+01:00,87f82783-853b-417d-8964-b5cf11e44873,41.035567,21.337528,noise,11
2026-01-07T00:57:22+01:00,87f82783-853b-417d-8964-b5cf11e44873,41.035567,21.337528,noise_dba,24
2026-01-07T00:57:22+01:00,87f82783-853b-417d-8964-b5cf11e44873,41.035567,21.337528,pm10,35
2026-01-07T00:57:22+01:00,87f82783-853b-417d-8964-b5cf11e44873,41.035567,21.337528,pm25,20
2026-01-07T00:57:22+01:00,87f82783-853b-417d-8964-b5cf11e44873,41.035567,21.337528,pressure,937
2026-01-07T00:57:22+01:00,87f82783-853b-417d-8964-b5cf11e44873,41.035567,21.337528,temperature,11
2026-01-07T01:12:55+01:00,87f82783-853b-417d-8964-b5cf11e44873,41.035567,21.337528,gasResistance,121753
2026-01-07T01:12:55+01:00,87f82783-853b-417d-8964-b5cf11e44873,41.035567,21.337528,humidity,76
2026-01-07T01:12:55+01:00,87f82783-853b-417d-8964-b5cf11e44873,41.035567,21.337528,noise,11
2026-01-07T01:12:55+01:00,87f82783-853b-417d-8964-b5cf11e44873,41.035567,21.337528,noise_dba,24
2026-01-07T01:12:55+01:00,87f82783-853b-417d-8964-b5cf11e44873,41.035567,21.337528,pm10,41
2026-01-07T01:12:55+01:00,87f82783-853b-417d-8964-b5cf11e44873,41.035567,21.337528,pm25,24
2026-01-07T01:12:55+01:00,87f82783-853b-417d-8964-b5cf11e44873,41.035567,21.337528,pressure,937
2026-01-07T01:12:55+01:00,87f82783-853b-417d-8964-b5cf11e44873,41.035567,21.337528,temperature,11
2026-01-07T01:28:28+01:00,87f82783-853b-417d-8964-b5cf11e44873,41.035567,21.337528,gasResistance,124264
2026-01-07T01:28:28+01:00,87f82783-853b-417d-8964-b5cf11e44873,41.035567,21.337528,humidity,76
2026-01-07T01:28:28+01:00,87f82783-853b-417d-8964-b5cf11e44873,41.035567,21.337528,noise,11
2026-01-07T01:28:28+01:00,87f82783-853b-417d-8964-b5cf11e44873,41.035567,21.337528,noise_dba,24
2026-01-07T01:28:28+01:00,87f82783-853b-417d-8964-b5cf11e44873,41.035567,21.337528,pm10,40
2026-01-07T01:28:28+01:00,87f82783-853b-417d-8964-b5cf11e44873,41.035567,21.337528,pm25,24
2026-01-07T01:28:28+01:00,87f82783-853b-417d-8964-b5cf11e44873,41.035567,21.337528,pressure,937
2026-01-07T01:28:28+01:00,87f82783-853b-417d-8964-b5cf11e44873,41.035567,21.337528,temperature,11
2026-01-07T01:44:01+01:00,87f82783-853b-417d-8964-b5cf11e44873,41.035567,21.337528,gasResistance,122727
2026-01-07T01:44:01+01:00,87f82783-853b-417d-8964-b5cf11e44873,41.035567,21.337528,humidity,76
2026-01-07T01:44:01+01:00,87f82783-853b-417d-8964-b5cf11e44873,41.035567,21.337528,noise,11
2026-01-07T01:44:01+01:00,87f82783-853b-417d-8964-b5cf11e44873,41.035567,21.337528,noise_dba,24
2026-01-07T01:44:01+01:00,87f82783-853b-417d-8964-b5cf11e44873,41.035567,21.337528,pm10,51
2026-01-07T01:44:01+01:00,87f82783-853b-417d-8964-b5cf11e44873,41.035567,21.337528,pm25,32
2026-01-07T01:44:01+01:00,87f82783-853b-417d-8964-b5cf11e44873,41.035567,21.337528,pressure,937
2026-01-07T01:44:01+01:00,87f82783-853b-417d-8964-b5cf11e44873,41.035567,21.337528,temperature,11
2026-01-07T01:59:34+01:00,87f82783-853b-417d-8964-b5cf11e44873,41.035567,21.337528,gasResistance,122549
2026-01-07T01:59:34+01:00,87f82783-853b-417d-8964-b5cf11e44873,41.035567,21.337528,humidity,77
2026-01-07T01:59:34+01:00,87f82783-853b-417d-8964-b5cf11e44873,41.035567,21.337528,noise,11
2026-01-07T01:59:34+01:00,87f82783-853b-417d-8964-b5cf11e44873,41.035567,21.337528,noise_dba,24
2026-01-07T01:59:34+01:00,87f82783-853b-417d-8964-b5cf11e44873,41.035567,21.337528,pm10,143
2026-01-07T01:59:34+01:00,87f82783-853b-417d-8964-b5cf11e44873,41.035567,21.337528,pm25,57
2026-01-07T01:59:34+01:00,87f82783-853b-417d-8964-b5cf11e44873,41.035567,21.337528,pressure,937
2026-01-07T01:59:34+01:00,87f82783-853b-417d-8964-b5cf11e44873,41.035567,21.337528,temperature,11
2026-01-07T02:15:07+01:00,87f82783-853b-417d-8964-b5cf11e44873,41.035567,21.337528,gasResistance,123265
2026-01-07T02:15:07+01:00,87f82783-853b-417d-8964-b5cf11e44873,41.035567,21.337528,humidity,77
2026-01-07T02:15:07+01:00,87f82783-853b-417d-8964-b5cf11e44873,41.035567,21.337528,pm10,30
2026-01-07T02:15:07+01:00,87f82783-853b-417d-8964-b5cf11e44873,41.035567,21.337528,pm25,17
2026-01-07T02:15:07+01:00,87f82783-853b-417d-8964-b5cf11e44873,41.035567,21.337528,pressure,937
2026-01-07T02:15:07+01:00,87f82783-853b-417d-8964-b5cf11e44873,41.035567,21.337528,temperature,11
2026-01-07T02:30:40+01:00,87f82783-853b-417d-8964-b5cf11e44873,41.035567,21.337528,gasResistance,124081
2026-01-07T02:30:40+01:00,87f82783-853b-417d-8964-b5cf11e44873,41.035567,21.337528,humidity,77
2026-01-07T02:30:40+01:00,87f82783-853b-417d-8964-b5cf11e44873,41.035567,21.337528,noise,11
2026-01-07T02:30:40+01:00,87f82783-853b-417d-8964-b5cf11e44873,41.035567,21.337528,noise_dba,24
2026-01-07T02:30:40+01:00,87f82783-853b-417d-8964-b5cf11e44873,41.035567,21.337528,pm10,31
2026-01-07T02:30:40+01:00,87f82783-853b-417d-8964-b5cf11e44873,41.035567,21.337528,pm25,16
2026-01-07T02:30:40+01:00,87f82783-853b-417d-8964-b5cf11e44873,41.035567,21.337528,pressure,937
2026-01-07T02:30:40+01:00,87f82783-853b-417d-8964-b5cf11e44873,41.035567,21.337528,temperature,10
2026-01-07T02:46:14+01:00,87f82783-853b-417d-8964-b5cf11e44873,41.035567,21.337528,gasResistance,126310
2026-01-07T02:46:14+01:00,87f82783-853b-417d-8964-b5cf11e44873,41.035567,21.337528,humidity,77
2026-01-07T02:46:14+01:00,87f82783-853b-417d-8964-b5cf11e44873,41.035567,21.337528,noise,11
2026-01-07T02:46:14+01:00,87f82783-853b-417d-8964-b5cf11e44873,41.035567,21.337528,noise_dba,24
2026-01-07T02:46:14+01:00,87f82783-853b-417d-8964-b5cf11e44873,41.035567,21.337528,pm10,11
2026-01-07T02:46:14+01:00,87f82783-853b-417d-8964-b5cf11e44873,41.035567,21.337528,pm25,9
2026-01-07T02:46:14+01:00,87f82783-853b-417d-8964-b5cf11e44873,41.035567,21.337528,pressure,937
2026-01-07T02:46:14+01:00,87f82783-853b-417d-8964-b5cf11e44873,41.035567,21.337528,temperature,10
2026-01-07T03:01:47+01:00,87f82783-853b-417d-8964-b5cf11e44873,41.035567,21.337528,gasResistance,123355
2026-01-07T03:01:47+01:00,87f82783-853b-417d-8964-b5cf11e44873,41.035567,21.337528,humidity,78
2026-01-07T03:01:47+01:00,87f82783-853b-417d-8964-b5cf11e44873,41.035567,21.337528,noise,11
2026-01-07T03:01:47+01:00,87f82783-853b-417d-8964-b5cf11e44873,41.035567,21.337528,noise_dba,24
2026-01-07T03:01:47+01:00,87f82783-853b-417d-8964-b5cf11e44873,41.035567,21.337528,pm10,23
2026-01-07T03:01:47+01:00,87f82783-853b-417d-8964-b5cf11e44873,41.035567,21.337528,pm25,14
2026-01-07T03:01:47+01:00,87f82783-853b-417d-8964-b5cf11e44873,41.035567,21.337528,pressure,937
2026-01-07T03:01:47+01:00,87f82783-853b-417d-8964-b5cf11e44873,41.035567,21.337528,temperature,10
2026-01-07T03:17:20+01:00,87f82783-853b-417d-8964-b5cf11e44873,41.035567,21.337528,gasResistance,126784
2026-01-07T03:17:20+01:00,87f82783-853b-417d-8964-b5cf11e44873,41.035567,21.337528,humidity,76
2026-01-07T03:17:20+01:00,87f82783-853b-417d-8964-b5cf11e44873,41.035567,21.337528,noise,11
2026-01-07T03:17:20+01:00,87f82783-853b-417d-8964-b5cf11e44873,41.035567,21.337528,noise_dba,24
2026-01-07T03:17:20+01:00,87f82783-853b-417d-8964-b5cf11e44873,41.035567,21.337528,pm10,5
2026-01-07T03:17:20+01:00,87f82783-853b-417d-8964-b5cf11e44873,41.035567,21.337528,pm25,3
2026-01-07T03:17:20+01:00,87f82783-853b-417d-8964-b5cf11e44873,41.035567,21.337528,pressure,937
2026-01-07T03:17:20+01:00,87f82783-853b-417d-8964-b5cf11e44873,41.035567,21.337528,temperature,10
2026-01-07T03:32:53+01:00,87f82783-853b-417d-8964-b5cf11e44873,41.035567,21.337528,gasResistance,129310
2026-01-07T03:32:53+01:00,87f82783-853b-417d-8964-b5cf11e44873,41.035567,21.337528,humidity,76
2026-01-07T03:32:53+01:00,87f82783-853b-417d-8964-b5cf11e44873,41.035567,21.337528,noise,11
2026-01-07T03:32:53+01:00,87f82783-853b-417d-8964-b5cf11e44873,41.035567,21.337528,noise_dba,24
2026-01-07T03:32:53+01:00,87f82783-853b-417d-8964-b5cf11e44873,41.035567,21.337528,pm10,34
2026-01-07T03:32:53+01:00,87f82783-853b-417d-8964-b5cf11e44873,41.035567,21.337528,pm25,16
2026-01-07T03:32:53+01:00,87f82783-853b-417d-8964-b5cf11e44873,41.035567,21.337528,pressure,936
2026-01-07T03:32:53+01:00,87f82783-853b-417d-8964-b5cf11e44873,41.035567,21.337528,temperature,11
2026-01-07T03:48:26+01:00,87f82783-853b-417d-8964-b5cf11e44873,41.035567,21.337528,gasResistance,130309
2026-01-07T03:48:26+01:00,87f82783-853b-417d-8964-b5cf11e44873,41.035567,21.337528,humidity,75
2026-01-07T03:48:26+01:00,87f82783-853b-417d-8964-b5cf11e44873,41.035567,21.337528,noise,11
2026-01-07T03:48:26+01:00,87f82783-853b-417d-8964-b5cf11e44873,41.035567,21.337528,noise_dba,24
2026-01-07T03:48:26+01:00,87f82783-853b-417d-8964-b5cf11e44873,41.035567,21.337528,pm10,8
2026-01-07T03:48:26+01:00,87f82783-853b-417d-8964-b5cf11e44873,41.035567,21.337528,pm25,3
2026-01-07T03:48:26+01:00,87f82783-853b-417d-8964-b5cf11e44873,41.035567,21.337528,pressure,936
2026-01-07T03:48:26+01:00,87f82783-853b-417d-8964-b5cf11e44873,41.035567,21.337528,temperature,11
2026-01-07T04:03:59+01:00,87f82783-853b-417d-8964-b5cf11e44873,41.035567,21.337528,gasResistance,128425
2026-01-07T04:03:59+01:00,87f82783-853b-417d-8964-b5cf11e44873,41.035567,21.337528,humidity,75
2026-01-07T04:03:59+01:00,87f82783-853b-417d-8964-b5cf11e44873,41.035567,21.337528,noise,11
2026-01-07T04:03:59+01:00,87f82783-853b-417d-8964-b5cf11e44873,41.035567,21.337528,noise_dba,24
2026-01-07T04:03:59+01:00,87f82783-853b-417d-8964-b5cf11e44873,41.035567,21.337528,pm10,32
2026-01-07T04:03:59+01:00,87f82783-853b-417d-8964-b5cf11e44873,41.035567,21.337528,pm25,18
2026-01-07T04:03:59+01:00,87f82783-853b-417d-8964-b5cf11e44873,41.035567,21.337528,pressure,936
2026-01-07T04:03:59+01:00,87f82783-853b-417d-8964-b5cf11e44873,41.035567,21.337528,temperature,11
2026-01-07T04:19:32+01:00,87f82783-853b-417d-8964-b5cf11e44873,41.035567,21.337528,gasResistance,129608
2026-01-07T04:19:32+01:00,87f82783-853b-417d-8964-b5cf11e44873,41.035567,21.337528,humidity,75
2026-01-07T04:19:32+01:00,87f82783-853b-417d-8964-b5cf11e44873,41.035567,21.337528,noise,11
2026-01-07T04:19:32+01:00,87f82783-853b-417d-8964-b5cf11e44873,41.035567,21.337528,noise_dba,24
2026-01-07T04:19:32+01:00,87f82783-853b-417d-8964-b5cf11e44873,41.035567,21.337528,pm10,66
2026-01-07T04:19:32+01:00,87f82783-853b-417d-8964-b5cf11e44873,41.035567,21.337528,pm25,38
2026-01-07T04:19:32+01:00,87f82783-853b-417d-8964-b5cf11e44873,41.035567,21.337528,pressure,936
2026-01-07T04:19:32+01:00,87f82783-853b-417d-8964-b5cf11e44873,41.035567,21.337528,temperature,11
2026-01-07T04:35:05+01:00,87f82783-853b-417d-8964-b5cf11e44873,41.035567,21.337528,gasResistance,126880
2026-01-07T04:35:05+01:00,87f82783-853b-417d-8964-b5cf11e44873,41.035567,21.337528,humidity,76
2026-01-07T04:35:05+01:00,87f82783-853b-417d-8964-b5cf11e44873,41.035567,21.337528,noise,11
2026-01-07T04:35:05+01:00,87f82783-853b-417d-8964-b5cf11e44873,41.035567,21.337528,noise_dba,24
2026-01-07T04:35:05+01:00,87f82783-853b-417d-8964-b5cf11e44873,41.035567,21.337528,pm10,32
2026-01-07T04:35:05+01:00,87f82783-853b-417d-8964-b5cf11e44873,41.035567,21.337528,pm25,19
2026-01-07T04:35:05+01:00,87f82783-853b-417d-8964-b5cf11e44873,41.035567,21.337528,pressure,936
2026-01-07T04:35:05+01:00,87f82783-853b-417d-8964-b5cf11e44873,41.035567,21.337528,temperature,11
2026-01-07T04:50:38+01:00,87f82783-853b-417d-8964-b5cf11e44873,41.035567,21.337528,gasResistance,128035
2026-01-07T04:50:38+01:00,87f82783-853b-417d-8964-b5cf11e44873,41.035567,21.337528,humidity,76
2026-01-07T04:50:38+01:00,87f82783-853b-417d-8964-b5cf11e44873,41.035567,21.337528,noise,11
2026-01-07T04:50:38+01:00,87f82783-853b-417d-8964-b5cf11e44873,41.035567,21.337528,noise_dba,24
2026-01-07T04:50:38+01:00,87f82783-853b-417d-8964-b5cf11e44873,41.035567,21.337528,pm10,21
2026-01-07T04:50:38+01:00,87f82783-853b-417d-8964-b5cf11e44873,41.035567,21.337528,pm25,10
2026-01-07T04:50:38+01:00,87f82783-853b-417d-8964-b5cf11e44873,41.035567,21.337528,pressure,936
2026-01-07T04:50:38+01:00,87f82783-853b-417d-8964-b5cf11e44873,41.035567,21.337528,temperature,11
2026-01-07T05:06:16+01:00,87f82783-853b-417d-8964-b5cf11e44873,41.035567,21.337528,gasResistance,125933
2026-01-07T05:06:16+01:00,87f82783-853b-417d-8964-b5cf11e44873,41.035567,21.337528,humidity,76
2026-01-07T05:06:16+01:00,87f82783-853b-417d-8964-b5cf11e44873,41.035567,21.337528,noise,11
2026-01-07T05:06:16+01:00,87f82783-853b-417d-8964-b5cf11e44873,41.035567,21.337528,noise_dba,24
2026-01-07T05:06:16+01:00,87f82783-853b-417d-8964-b5cf11e44873,41.035567,21.337528,pm10,22
2026-01-07T05:06:16+01:00,87f82783-853b-417d-8964-b5cf11e44873,41.035567,21.337528,pm25,13
2026-01-07T05:06:16+01:00,87f82783-853b-417d-8964-b5cf11e44873,41.035567,21.337528,pressure,936
2026-01-07T05:06:16+01:00,87f82783-853b-417d-8964-b5cf11e44873,41.035567,21.337528,temperature,11
2026-01-07T05:21:49+01:00,87f82783-853b-417d-8964-b5cf11e44873,41.035567,21.337528,gasResistance,127071
2026-01-07T05:21:49+01:00,87f82783-853b-417d-8964-b5cf11e44873,41.035567,21.337528,humidity,76
2026-01-07T05:21:49+01:00,87f82783-853b-417d-8964-b5cf11e44873,41.035567,21.337528,noise,11
2026-01-07T05:21:49+01:00,87f82783-853b-417d-8964-b5cf11e44873,41.035567,21.337528,noise_dba,24
2026-01-07T05:21:49+01:00,87f82783-853b-417d-8964-b5cf11e44873,41.035567,21.337528,pm10,48
2026-01-07T05:21:49+01:00,87f82783-853b-417d-8964-b5cf11e44873,41.035567,21.337528,pm25,26
2026-01-07T05:21:49+01:00,87f82783-853b-417d-8964-b5cf11e44873,41.035567,21.337528,pressure,936
2026-01-07T05:21:49+01:00,87f82783-853b-417d-8964-b5cf11e44873,41.035567,21.337528,temperature,11
2026-01-07T05:37:22+01:00,87f82783-853b-417d-8964-b5cf11e44873,41.035567,21.337528,gasResistance,129608
2026-01-07T05:37:22+01:00,87f82783-853b-417d-8964-b5cf11e44873,41.035567,21.337528,humidity,74
2026-01-07T05:37:22+01:00,87f82783-853b-417d-8964-b5cf11e44873,41.035567,21.337528,pm10,7
2026-01-07T05:37:22+01:00,87f82783-853b-417d-8964-b5cf11e44873,41.035567,21.337528,pm25,3
2026-01-07T05:37:22+01:00,87f82783-853b-417d-8964-b5cf11e44873,41.035567,21.337528,pressure,936
2026-01-07T05:37:22+01:00,87f82783-853b-417d-8964-b5cf11e44873,41.035567,21.337528,temperature,11
2026-01-07T05:52:55+01:00,87f82783-853b-417d-8964-b5cf11e44873,41.035567,21.337528,gasResistance,135108
2026-01-07T05:52:55+01:00,87f82783-853b-417d-8964-b5cf11e44873,41.035567,21.337528,humidity,74
2026-01-07T05:52:55+01:00,87f82783-853b-417d-8964-b5cf11e44873,41.035567,21.337528,pm10,9
2026-01-07T05:52:55+01:00,87f82783-853b-417d-8964-b5cf11e44873,41.035567,21.337528,pm25,5
2026-01-07T05:52:55+01:00,87f82783-853b-417d-8964-b5cf11e44873,41.035567,21.337528,pressure,936
2026-01-07T05:52:55+01:00,87f82783-853b-417d-8964-b5cf11e44873,41.035567,21.337528,temperature,11
2026-01-07T06:08:28+01:00,87f82783-853b-417d-8964-b5cf11e44873,41.035567,21.337528,gasResistance,134677
2026-01-07T06:08:28+01:00,87f82783-853b-417d-8964-b5cf11e44873,41.035567,21.337528,humidity,74
2026-01-07T06:08:28+01:00,87f82783-853b-417d-8964-b5cf11e44873,41.035567,21.337528,pm10,9
2026-01-07T06:08:28+01:00,87f82783-853b-417d-8964-b5cf11e44873,41.035567,21.337528,pm25,6
2026-01-07T06:08:28+01:00,87f82783-853b-417d-8964-b5cf11e44873,41.035567,21.337528,pressure,936
2026-01-07T06:08:28+01:00,87f82783-853b-417d-8964-b5cf11e44873,41.035567,21.337528,temperature,11
2026-01-07T06:24:01+01:00,87f82783-853b-417d-8964-b5cf11e44873,41.035567,21.337528,gasResistance,133189
2026-01-07T06:24:01+01:00,87f82783-853b-417d-8964-b5cf11e44873,41.035567,21.337528,humidity,75
2026-01-07T06:24:01+01:00,87f82783-853b-417d-8964-b5cf11e44873,41.035567,21.337528,pm10,4
2026-01-07T06:24:01+01:00,87f82783-853b-417d-8964-b5cf11e44873,41.035567,21.337528,pm25,2
2026-01-07T06:24:01+01:00,87f82783-853b-417d-8964-b5cf11e44873,41.035567,21.337528,pressure,936
2026-01-07T06:24:01+01:00,87f82783-853b-417d-8964-b5cf11e44873,41.035567,21.337528,temperature,11
2026-01-07T06:39:34+01:00,87f82783-853b-417d-8964-b5cf11e44873,41.035567,21.337528,gasResistance,135760
2026-01-07T06:39:34+01:00,87f82783-853b-417d-8964-b5cf11e44873,41.035567,21.337528,humidity,75
2026-01-07T06:39:34+01:00,87f82783-853b-417d-8964-b5cf11e44873,41.035567,21.337528,pm10,7
2026-01-07T06:39:34+01:00,87f82783-853b-417d-8964-b5cf11e44873,41.035567,21.337528,pm25,4
2026-01-07T06:39:34+01:00,87f82783-853b-417d-8964-b5cf11e44873,41.035567,21.337528,pressure,936
2026-01-07T06:39:34+01:00,87f82783-853b-417d-8964-b5cf11e44873,41.035567,21.337528,temperature,11
2026-01-07T06:55:07+01:00,87f82783-853b-417d-8964-b5cf11e44873,41.035567,21.337528,gasResistance,135760
2026-01-07T06:55:07+01:00,87f82783-853b-417d-8964-b5cf11e44873,41.035567,21.337528,humidity,75
2026-01-07T06:55:07+01:00,87f82783-853b-417d-8964-b5cf11e44873,41.035567,21.337528,pm10,6
2026-01-07T06:55:07+01:00,87f82783-853b-417d-8964-b5cf11e44873,41.035567,21.337528,pm25,3
2026-01-07T06:55:07+01:00,87f82783-853b-417d-8964-b5cf11e44873,41.035567,21.337528,pressure,936
2026-01-07T06:55:07+01:00,87f82783-853b-417d-8964-b5cf11e44873,41.035567,21.337528,temperature,11
2026-01-07T07:10:40+01:00,87f82783-853b-417d-8964-b5cf11e44873,41.035567,21.337528,gasResistance,133294
2026-01-07T07:10:40+01:00,87f82783-853b-417d-8964-b5cf11e44873,41.035567,21.337528,humidity,75
2026-01-07T07:10:40+01:00,87f82783-853b-417d-8964-b5cf11e44873,41.035567,21.337528,pm10,23
2026-01-07T07:10:40+01:00,87f82783-853b-417d-8964-b5cf11e44873,41.035567,21.337528,pm25,11
2026-01-07T07:10:40+01:00,87f82783-853b-417d-8964-b5cf11e44873,41.035567,21.337528,pressure,936
2026-01-07T07:10:40+01:00,87f82783-853b-417d-8964-b5cf11e44873,41.035567,21.337528,temperature,11
2026-01-07T07:26:13+01:00,87f82783-853b-417d-8964-b5cf11e44873,41.035567,21.337528,gasResistance,131733
2026-01-07T07:26:13+01:00,87f82783-853b-417d-8964-b5cf11e44873,41.035567,21.337528,humidity,74
2026-01-07T07:26:13+01:00,87f82783-853b-417d-8964-b5cf11e44873,41.035567,21.337528,pm10,77
2026-01-07T07:26:13+01:00,87f82783-853b-417d-8964-b5cf11e44873,41.035567,21.337528,pm25,38
2026-01-07T07:26:13+01:00,87f82783-853b-417d-8964-b5cf11e44873,41.035567,21.337528,pressure,936
2026-01-07T07:26:13+01:00,87f82783-853b-417d-8964-b5cf11e44873,41.035567,21.337528,temperature,11
2026-01-07T07:41:46+01:00,87f82783-853b-417d-8964-b5cf11e44873,41.035567,21.337528,gasResistance,130510
2026-01-07T07:41:46+01:00,87f82783-853b-417d-8964-b5cf11e44873,41.035567,21.337528,humidity,73
2026-01-07T07:41:46+01:00,87f82783-853b-417d-8964-b5cf11e44873,41.035567,21.337528,pm10,45
2026-01-07T07:41:46+01:00,87f82783-853b-417d-8964-b5cf11e44873,41.035567,21.337528,pm25,26
2026-01-07T07:41:46+01:00,87f82783-853b-417d-8964-b5cf11e44873,41.035567,21.337528,pressure,936
2026-01-07T07:41:46+01:00,87f82783-853b-417d-8964-b5cf11e44873,41.035567,21.337528,temperature,11
2026-01-07T07:57:19+01:00,87f82783-853b-417d-8964-b5cf11e44873,41.035567,21.337528,gasResistance,130208
2026-01-07T07:57:19+01:00,87f82783-853b-417d-8964-b5cf11e44873,41.035567,21.337528,humidity,72
2026-01-07T07:57:19+01:00,87f82783-853b-417d-8964-b5cf11e44873,41.035567,21.337528,pm10,32
2026-01-07T07:57:19+01:00,87f82783-853b-417d-8964-b5cf11e44873,41.035567,21.337528,pm25,19
2026-01-07T07:57:19+01:00,87f82783-853b-417d-8964-b5cf11e44873,41.035567,21.337528,pressure,936
2026-01-07T07:57:19+01:00,87f82783-853b-417d-8964-b5cf11e44873,41.035567,21.337528,temperature,11
2026-01-07T08:12:52+01:00,87f82783-853b-417d-8964-b5cf11e44873,41.035567,21.337528,gasResistance,131528
2026-01-07T08:12:52+01:00,87f82783-853b-417d-8964-b5cf11e44873,41.035567,21.337528,humidity,73
2026-01-07T08:12:52+01:00,87f82783-853b-417d-8964-b5cf11e44873,41.035567,21.337528,noise,11
2026-01-07T08:12:52+01:00,87f82783-853b-417d-8964-b5cf11e44873,41.035567,21.337528,noise_dba,24
2026-01-07T08:12:52+01:00,87f82783-853b-417d-8964-b5cf11e44873,41.035567,21.337528,pm10,38
2026-01-07T08:12:52+01:00,87f82783-853b-417d-8964-b5cf11e44873,41.035567,21.337528,pm25,27
2026-01-07T08:12:52+01:00,87f82783-853b-417d-8964-b5cf11e44873,41.035567,21.337528,pressure,936
2026-01-07T08:12:52+01:00,87f82783-853b-417d-8964-b5cf11e44873,41.035567,21.337528,temperature,11
2026-01-07T08:28:25+01:00,87f82783-853b-417d-8964-b5cf11e44873,41.035567,21.337528,gasResistance,129211
2026-01-07T08:28:25+01:00,87f82783-853b-417d-8964-b5cf11e44873,41.035567,21.337528,humidity,74
2026-01-07T08:28:25+01:00,87f82783-853b-417d-8964-b5cf11e44873,41.035567,21.337528,pm10,47
2026-01-07T08:28:25+01:00,87f82783-853b-417d-8964-b5cf11e44873,41.035567,21.337528,pm25,28
2026-01-07T08:28:25+01:00,87f82783-853b-417d-8964-b5cf11e44873,41.035567,21.337528,pressure,936
2026-01-07T08:28:25+01:00,87f82783-853b-417d-8964-b5cf11e44873,41.035567,21.337528,temperature,11
2026-01-07T08:43:58+01:00,87f82783-853b-417d-8964-b5cf11e44873,41.035567,21.337528,gasResistance,126975
2026-01-07T08:43:58+01:00,87f82783-853b-417d-8964-b5cf11e44873,41.035567,21.337528,humidity,74
2026-01-07T08:43:58+01:00,87f82783-853b-417d-8964-b5cf11e44873,41.035567,21.337528,pm10,27
2026-01-07T08:43:58+01:00,87f82783-853b-417d-8964-b5cf11e44873,41.035567,21.337528,pm25,18
2026-01-07T08:43:58+01:00,87f82783-853b-417d-8964-b5cf11e44873,41.035567,21.337528,pressure,936
2026-01-07T08:43:58+01:00,87f82783-853b-417d-8964-b5cf11e44873,41.035567,21.337528,temperature,11
2026-01-07T08:59:31+01:00,87f82783-853b-417d-8964-b5cf11e44873,41.035567,21.337528,gasResistance,127938
2026-01-07T08:59:31+01:00,87f82783-853b-417d-8964-b5cf11e44873,41.035567,21.337528,humidity,74
2026-01-07T08:59:31+01:00,87f82783-853b-417d-8964-b5cf11e44873,41.035567,21.337528,pm10,87
2026-01-07T08:59:31+01:00,87f82783-853b-417d-8964-b5cf11e44873,41.035567,21.337528,pm25,56
2026-01-07T08:59:31+01:00,87f82783-853b-417d-8964-b5cf11e44873,41.035567,21.337528,pressure,936
2026-01-07T08:59:31+01:00,87f82783-853b-417d-8964-b5cf11e44873,41.035567,21.337528,temperature,11
2026-01-07T09:15:04+01:00,87f82783-853b-417d-8964-b5cf11e44873,41.035567,21.337528,gasResistance,124264
2026-01-07T09:15:04+01:00,87f82783-853b-417d-8964-b5cf11e44873,41.035567,21.337528,humidity,75
2026-01-07T09:15:04+01:00,87f82783-853b-417d-8964-b5cf11e44873,41.035567,21.337528,pm10,39
2026-01-07T09:15:04+01:00,87f82783-853b-417d-8964-b5cf11e44873,41.035567,21.337528,pm25,27
2026-01-07T09:15:04+01:00,87f82783-853b-417d-8964-b5cf11e44873,41.035567,21.337528,pressure,937
2026-01-07T09:15:04+01:00,87f82783-853b-417d-8964-b5cf11e44873,41.035567,21.337528,temperature,11
2026-01-07T09:30:37+01:00,87f82783-853b-417d-8964-b5cf11e44873,41.035567,21.337528,gasResistance,123446
2026-01-07T09:30:37+01:00,87f82783-853b-417d-8964-b5cf11e44873,41.035567,21.337528,humidity,74
2026-01-07T09:30:37+01:00,87f82783-853b-417d-8964-b5cf11e44873,41.035567,21.337528,pm10,28
2026-01-07T09:30:37+01:00,87f82783-853b-417d-8964-b5cf11e44873,41.035567,21.337528,pm25,18
2026-01-07T09:30:37+01:00,87f82783-853b-417d-8964-b5cf11e44873,41.035567,21.337528,pressure,937
2026-01-07T09:30:37+01:00,87f82783-853b-417d-8964-b5cf11e44873,41.035567,21.337528,temperature,12
2026-01-07T09:46:10+01:00,87f82783-853b-417d-8964-b5cf11e44873,41.035567,21.337528,gasResistance,126404
2026-01-07T09:46:10+01:00,87f82783-853b-417d-8964-b5cf11e44873,41.035567,21.337528,humidity,72
2026-01-07T09:46:10+01:00,87f82783-853b-417d-8964-b5cf11e44873,41.035567,21.337528,pm10,12
2026-01-07T09:46:10+01:00,87f82783-853b-417d-8964-b5cf11e44873,41.035567,21.337528,pm25,7
2026-01-07T09:46:10+01:00,87f82783-853b-417d-8964-b5cf11e44873,41.035567,21.337528,pressure,937
2026-01-07T09:46:10+01:00,87f82783-853b-417d-8964-b5cf11e44873,41.035567,21.337528,temperature,12
2026-01-07T10:01:43+01:00,87f82783-853b-417d-8964-b5cf11e44873,41.035567,21.337528,gasResistance,128915
2026-01-07T10:01:43+01:00,87f82783-853b-417d-8964-b5cf11e44873,41.035567,21.337528,humidity,72
2026-01-07T10:01:43+01:00,87f82783-853b-417d-8964-b5cf11e44873,41.035567,21.337528,noise,11
2026-01-07T10:01:43+01:00,87f82783-853b-417d-8964-b5cf11e44873,41.035567,21.337528,noise_dba,24
2026-01-07T10:01:43+01:00,87f82783-853b-417d-8964-b5cf11e44873,41.035567,21.337528,pm10,22
2026-01-07T10:01:43+01:00,87f82783-853b-417d-8964-b5cf11e44873,41.035567,21.337528,pm25,12
2026-01-07T10:01:43+01:00,87f82783-853b-417d-8964-b5cf11e44873,41.035567,21.337528,pressure,937
2026-01-07T10:01:43+01:00,87f82783-853b-417d-8964-b5cf11e44873,41.035567,21.337528,temperature,12
2026-01-07T10:17:16+01:00,87f82783-853b-417d-8964-b5cf11e44873,41.035567,21.337528,gasResistance,126784
2026-01-07T10:17:16+01:00,87f82783-853b-417d-8964-b5cf11e44873,41.035567,21.337528,humidity,74
2026-01-07T10:17:16+01:00,87f82783-853b-417d-8964-b5cf11e44873,41.035567,21.337528,noise,11
2026-01-07T10:17:16+01:00,87f82783-853b-417d-8964-b5cf11e44873,41.035567,21.337528,noise_dba,24
2026-01-07T10:17:16+01:00,87f82783-853b-417d-8964-b5cf11e44873,41.035567,21.337528,pm10,43
2026-01-07T10:17:16+01:00,87f82783-853b-417d-8964-b5cf11e44873,41.035567,21.337528,pm25,27
2026-01-07T10:17:16+01:00,87f82783-853b-417d-8964-b5cf11e44873,41.035567,21.337528,pressure,937
2026-01-07T10:17:16+01:00,87f82783-853b-417d-8964-b5cf11e44873,41.035567,21.337528,temperature,12
2026-01-07T10:32:49+01:00,87f82783-853b-417d-8964-b5cf11e44873,41.035567,21.337528,gasResistance,122727
2026-01-07T10:32:49+01:00,87f82783-853b-417d-8964-b5cf11e44873,41.035567,21.337528,humidity,76
2026-01-07T10:32:49+01:00,87f82783-853b-417d-8964-b5cf11e44873,41.035567,21.337528,noise,11
2026-01-07T10:32:49+01:00,87f82783-853b-417d-8964-b5cf11e44873,41.035567,21.337528,noise_dba,24
2026-01-07T10:32:49+01:00,87f82783-853b-417d-8964-b5cf11e44873,41.035567,21.337528,pm10,19
2026-01-07T10:32:49+01:00,87f82783-853b-417d-8964-b5cf11e44873,41.035567,21.337528,pm25,13
2026-01-07T10:32:49+01:00,87f82783-853b-417d-8964-b5cf11e44873,41.035567,21.337528,pressure,937
2026-01-07T10:32:49+01:00,87f82783-853b-417d-8964-b5cf11e44873,41.035567,21.337528,temperature,12
2026-01-07T10:48:22+01:00,87f82783-853b-417d-8964-b5cf11e44873,41.035567,21.337528,gasResistance,120107
2026-01-07T10:48:22+01:00,87f82783-853b-417d-8964-b5cf11e44873,41.035567,21.337528,humidity,74
2026-01-07T10:48:22+01:00,87f82783-853b-417d-8964-b5cf11e44873,41.035567,21.337528,pm10,21
2026-01-07T10:48:22+01:00,87f82783-853b-417d-8964-b5cf11e44873,41.035567,21.337528,pm25,15
2026-01-07T10:48:22+01:00,87f82783-853b-417d-8964-b5cf11e44873,41.035567,21.337528,pressure,937
2026-01-07T10:48:22+01:00,87f82783-853b-417d-8964-b5cf11e44873,41.035567,21.337528,temperature,12
2026-01-07T11:03:55+01:00,87f82783-853b-417d-8964-b5cf11e44873,41.035567,21.337528,gasResistance,121578
2026-01-07T11:03:55+01:00,87f82783-853b-417d-8964-b5cf11e44873,41.035567,21.337528,humidity,74
2026-01-07T11:03:55+01:00,87f82783-853b-417d-8964-b5cf11e44873,41.035567,21.337528,noise,11
2026-01-07T11:03:55+01:00,87f82783-853b-417d-8964-b5cf11e44873,41.035567,21.337528,noise_dba,24
2026-01-07T11:03:55+01:00,87f82783-853b-417d-8964-b5cf11e44873,41.035567,21.337528,pm10,35
2026-01-07T11:03:55+01:00,87f82783-853b-417d-8964-b5cf11e44873,41.035567,21.337528,pm25,24
2026-01-07T11:03:55+01:00,87f82783-853b-417d-8964-b5cf11e44873,41.035567,21.337528,pressure,937
2026-01-07T11:03:55+01:00,87f82783-853b-417d-8964-b5cf11e44873,41.035567,21.337528,temperature,12
2026-01-07T11:19:28+01:00,87f82783-853b-417d-8964-b5cf11e44873,41.035567,21.337528,gasResistance,120450
2026-01-07T11:19:28+01:00,87f82783-853b-417d-8964-b5cf11e44873,41.035567,21.337528,humidity,75
2026-01-07T11:19:28+01:00,87f82783-853b-417d-8964-b5cf11e44873,41.035567,21.337528,noise,11
2026-01-07T11:19:28+01:00,87f82783-853b-417d-8964-b5cf11e44873,41.035567,21.337528,noise_dba,24
2026-01-07T11:19:28+01:00,87f82783-853b-417d-8964-b5cf11e44873,41.035567,21.337528,pm10,57
2026-01-07T11:19:28+01:00,87f82783-853b-417d-8964-b5cf11e44873,41.035567,21.337528,pm25,42
2026-01-07T11:19:28+01:00,87f82783-853b-417d-8964-b5cf11e44873,41.035567,21.337528,pressure,936
2026-01-07T11:19:28+01:00,87f82783-853b-417d-8964-b5cf11e44873,41.035567,21.337528,temperature,12
2026-01-07T11:35:01+01:00,87f82783-853b-417d-8964-b5cf11e44873,41.035567,21.337528,gasResistance,119511
2026-01-07T11:35:01+01:00,87f82783-853b-417d-8964-b5cf11e44873,41.035567,21.337528,humidity,74
2026-01-07T11:35:01+01:00,87f82783-853b-417d-8964-b5cf11e44873,41.035567,21.337528,noise,11
2026-01-07T11:35:01+01:00,87f82783-853b-417d-8964-b5cf11e44873,41.035567,21.337528,noise_dba,24
2026-01-07T11:35:01+01:00,87f82783-853b-417d-8964-b5cf11e44873,41.035567,21.337528,pm10,27
2026-01-07T11:35:01+01:00,87f82783-853b-417d-8964-b5cf11e44873,41.035567,21.337528,pm25,18
2026-01-07T11:35:01+01:00,87f82783-853b-417d-8964-b5cf11e44873,41.035567,21.337528,pressure,936
2026-01-07T11:35:01+01:00,87f82783-853b-417d-8964-b5cf11e44873,41.035567,21.337528,temperature,12
2026-01-07T11:50:35+01:00,87f82783-853b-417d-8964-b5cf11e44873,41.035567,21.337528,gasResistance,119258
2026-01-07T11:50:35+01:00,87f82783-853b-417d-8964-b5cf11e44873,41.035567,21.337528,humidity,74
2026-01-07T11:50:35+01:00,87f82783-853b-417d-8964-b5cf11e44873,41.035567,21.337528,noise,11
2026-01-07T11:50:35+01:00,87f82783-853b-417d-8964-b5cf11e44873,41.035567,21.337528,noise_dba,24
2026-01-07T11:50:35+01:00,87f82783-853b-417d-8964-b5cf11e44873,41.035567,21.337528,pm10,20
2026-01-07T11:50:35+01:00,87f82783-853b-417d-8964-b5cf11e44873,41.035567,21.337528,pm25,14
2026-01-07T11:50:35+01:00,87f82783-853b-417d-8964-b5cf11e44873,41.035567,21.337528,pressure,936
2026-01-07T11:50:35+01:00,87f82783-853b-417d-8964-b5cf11e44873,41.035567,21.337528,temperature,12
2026-01-07T12:06:08+01:00,87f82783-853b-417d-8964-b5cf11e44873,41.035567,21.337528,gasResistance,118338
2026-01-07T12:06:08+01:00,87f82783-853b-417d-8964-b5cf11e44873,41.035567,21.337528,humidity,76
2026-01-07T12:06:08+01:00,87f82783-853b-417d-8964-b5cf11e44873,41.035567,21.337528,pm10,31
2026-01-07T12:06:08+01:00,87f82783-853b-417d-8964-b5cf11e44873,41.035567,21.337528,pm25,17
2026-01-07T12:06:08+01:00,87f82783-853b-417d-8964-b5cf11e44873,41.035567,21.337528,pressure,936
2026-01-07T12:06:08+01:00,87f82783-853b-417d-8964-b5cf11e44873,41.035567,21.337528,temperature,12
2026-01-07T12:21:41+01:00,87f82783-853b-417d-8964-b5cf11e44873,41.035567,21.337528,gasResistance,117025
2026-01-07T12:21:41+01:00,87f82783-853b-417d-8964-b5cf11e44873,41.035567,21.337528,humidity,76
2026-01-07T12:21:41+01:00,87f82783-853b-417d-8964-b5cf11e44873,41.035567,21.337528,noise,11
2026-01-07T12:21:41+01:00,87f82783-853b-417d-8964-b5cf11e44873,41.035567,21.337528,noise_dba,24
2026-01-07T12:21:41+01:00,87f82783-853b-417d-8964-b5cf11e44873,41.035567,21.337528,pm10,18
2026-01-07T12:21:41+01:00,87f82783-853b-417d-8964-b5cf11e44873,41.035567,21.337528,pm25,12
2026-01-07T12:21:41+01:00,87f82783-853b-417d-8964-b5cf11e44873,41.035567,21.337528,pressure,935
2026-01-07T12:21:41+01:00,87f82783-853b-417d-8964-b5cf11e44873,41.035567,21.337528,temperature,12
2026-01-07T12:37:14+01:00,87f82783-853b-417d-8964-b5cf11e44873,41.035567,21.337528,gasResistance,116863
2026-01-07T12:37:14+01:00,87f82783-853b-417d-8964-b5cf11e44873,41.035567,21.337528,humidity,76
2026-01-07T12:37:14+01:00,87f82783-853b-417d-8964-b5cf11e44873,41.035567,21.337528,noise,11
2026-01-07T12:37:14+01:00,87f82783-853b-417d-8964-b5cf11e44873,41.035567,21.337528,noise_dba,24
2026-01-07T12:37:14+01:00,87f82783-853b-417d-8964-b5cf11e44873,41.035567,21.337528,pm10,9
2026-01-07T12:37:14+01:00,87f82783-853b-417d-8964-b5cf11e44873,41.035567,21.337528,pm25,6
2026-01-07T12:37:14+01:00,87f82783-853b-417d-8964-b5cf11e44873,41.035567,21.337528,pressure,935
2026-01-07T12:37:14+01:00,87f82783-853b-417d-8964-b5cf11e44873,41.035567,21.337528,temperature,12
2026-01-07T12:52:47+01:00,87f82783-853b-417d-8964-b5cf11e44873,41.035567,21.337528,gasResistance,115979
2026-01-07T12:52:47+01:00,87f82783-853b-417d-8964-b5cf11e44873,41.035567,21.337528,humidity,76
2026-01-07T12:52:47+01:00,87f82783-853b-417d-8964-b5cf11e44873,41.035567,21.337528,pm10,9
2026-01-07T12:52:47+01:00,87f82783-853b-417d-8964-b5cf11e44873,41.035567,21.337528,pm25,5
2026-01-07T12:52:47+01:00,87f82783-853b-417d-8964-b5cf11e44873,41.035567,21.337528,pressure,935
2026-01-07T12:52:47+01:00,87f82783-853b-417d-8964-b5cf11e44873,41.035567,21.337528,temperature,12
2026-01-07T13:08:20+01:00,87f82783-853b-417d-8964-b5cf11e44873,41.035567,21.337528,gasResistance,115424
2026-01-07T13:08:20+01:00,87f82783-853b-417d-8964-b5cf11e44873,41.035567,21.337528,humidity,77
2026-01-07T13:08:20+01:00,87f82783-853b-417d-8964-b5cf11e44873,41.035567,21.337528,pm10,8
2026-01-07T13:08:20+01:00,87f82783-853b-417d-8964-b5cf11e44873,41.035567,21.337528,pm25,6
2026-01-07T13:08:20+01:00,87f82783-853b-417d-8964-b5cf11e44873,41.035567,21.337528,pressure,935
2026-01-07T13:08:20+01:00,87f82783-853b-417d-8964-b5cf11e44873,41.035567,21.337528,temperature,12
2026-01-07T13:23:53+01:00,87f82783-853b-417d-8964-b5cf11e44873,41.035567,21.337528,gasResistance,114175
2026-01-07T13:23:53+01:00,87f82783-853b-417d-8964-b5cf11e44873,41.035567,21.337528,humidity,77
2026-01-07T13:23:53+01:00,87f82783-853b-417d-8964-b5cf11e44873,41.035567,21.337528,pm10,20
2026-01-07T13:23:53+01:00,87f82783-853b-417d-8964-b5cf11e44873,41.035567,21.337528,pm25,13
2026-01-07T13:23:53+01:00,87f82783-853b-417d-8964-b5cf11e44873,41.035567,21.337528,pressure,934
2026-01-07T13:23:53+01:00,87f82783-853b-417d-8964-b5cf11e44873,41.035567,21.337528,temperature,12
2026-01-07T13:39:26+01:00,87f82783-853b-417d-8964-b5cf11e44873,41.035567,21.337528,gasResistance,112876
2026-01-07T13:39:26+01:00,87f82783-853b-417d-8964-b5cf11e44873,41.035567,21.337528,humidity,77
2026-01-07T13:39:26+01:00,87f82783-853b-417d-8964-b5cf11e44873,41.035567,21.337528,noise,11
2026-01-07T13:39:26+01:00,87f82783-853b-417d-8964-b5cf11e44873,41.035567,21.337528,noise_dba,24
2026-01-07T13:39:26+01:00,87f82783-853b-417d-8964-b5cf11e44873,41.035567,21.337528,pm10,19
2026-01-07T13:39:26+01:00,87f82783-853b-417d-8964-b5cf11e44873,41.035567,21.337528,pm25,13
2026-01-07T13:39:26+01:00,87f82783-853b-417d-8964-b5cf11e44873,41.035567,21.337528,pressure,934
2026-01-07T13:39:26+01:00,87f82783-853b-417d-8964-b5cf11e44873,41.035567,21.337528,temperature,12
2026-01-07T14:11:17+01:00,87f82783-853b-417d-8964-b5cf11e44873,41.035567,21.337528,gasResistance,0
2026-01-07T14:11:17+01:00,87f82783-853b-417d-8964-b5cf11e44873,41.035567,21.337528,humidity,77
2026-01-07T14:11:17+01:00,87f82783-853b-417d-8964-b5cf11e44873,41.035567,21.337528,pm10,17
2026-01-07T14:11:17+01:00,87f82783-853b-417d-8964-b5cf11e44873,41.035567,21.337528,pm25,10
2026-01-07T14:11:17+01:00,87f82783-853b-417d-8964-b5cf11e44873,41.035567,21.337528,pressure,933
2026-01-07T14:11:17+01:00,87f82783-853b-417d-8964-b5cf11e44873,41.035567,21.337528,temperature,12
2026-01-07T14:26:48+01:00,87f82783-853b-417d-8964-b5cf11e44873,41.035567,21.337528,gasResistance,96374
2026-01-07T14:26:48+01:00,87f82783-853b-417d-8964-b5cf11e44873,41.035567,21.337528,humidity,78
2026-01-07T14:26:48+01:00,87f82783-853b-417d-8964-b5cf11e44873,41.035567,21.337528,pm10,23
2026-01-07T14:26:48+01:00,87f82783-853b-417d-8964-b5cf11e44873,41.035567,21.337528,pm25,15
2026-01-07T14:26:48+01:00,87f82783-853b-417d-8964-b5cf11e44873,41.035567,21.337528,pressure,933
2026-01-07T14:26:48+01:00,87f82783-853b-417d-8964-b5cf11e44873,41.035567,21.337528,temperature,12
2026-01-07T14:42:20+01:00,87f82783-853b-417d-8964-b5cf11e44873,41.035567,21.337528,gasResistance,102025
2026-01-07T14:42:20+01:00,87f82783-853b-417d-8964-b5cf11e44873,41.035567,21.337528,humidity,79
2026-01-07T14:42:20+01:00,87f82783-853b-417d-8964-b5cf11e44873,41.035567,21.337528,pm10,24
2026-01-07T14:42:20+01:00,87f82783-853b-417d-8964-b5cf11e44873,41.035567,21.337528,pm25,17
2026-01-07T14:42:20+01:00,87f82783-853b-417d-8964-b5cf11e44873,41.035567,21.337528,pressure,933
2026-01-07T14:42:20+01:00,87f82783-853b-417d-8964-b5cf11e44873,41.035567,21.337528,temperature,12
2026-01-07T14:57:52+01:00,87f82783-853b-417d-8964-b5cf11e44873,41.035567,21.337528,gasResistance,103148
2026-01-07T14:57:52+01:00,87f82783-853b-417d-8964-b5cf11e44873,41.035567,21.337528,humidity,79
2026-01-07T14:57:52+01:00,87f82783-853b-417d-8964-b5cf11e44873,41.035567,21.337528,noise,11
2026-01-07T14:57:52+01:00,87f82783-853b-417d-8964-b5cf11e44873,41.035567,21.337528,noise_dba,24
2026-01-07T14:57:52+01:00,87f82783-853b-417d-8964-b5cf11e44873,41.035567,21.337528,pm10,32
2026-01-07T14:57:52+01:00,87f82783-853b-417d-8964-b5cf11e44873,41.035567,21.337528,pm25,21
2026-01-07T14:57:52+01:00,87f82783-853b-417d-8964-b5cf11e44873,41.035567,21.337528,pressure,933
2026-01-07T14:57:52+01:00,87f82783-853b-417d-8964-b5cf11e44873,41.035567,21.337528,temperature,12
2026-01-07T15:13:23+01:00,87f82783-853b-417d-8964-b5cf11e44873,41.035567,21.337528,gasResistance,104879
2026-01-07T15:13:23+01:00,87f82783-853b-417d-8964-b5cf11e44873,41.035567,21.337528,humidity,80
2026-01-07T15:13:23+01:00,87f82783-853b-417d-8964-b5cf11e44873,41.035567,21.337528,noise,12
2026-01-07T15:13:23+01:00,87f82783-853b-417d-8964-b5cf11e44873,41.035567,21.337528,noise_dba,25
2026-01-07T15:13:23+01:00,87f82783-853b-417d-8964-b5cf11e44873,41.035567,21.337528,pm10,27
2026-01-07T15:13:23+01:00,87f82783-853b-417d-8964-b5cf11e44873,41.035567,21.337528,pm25,18
2026-01-07T15:13:23+01:00,87f82783-853b-417d-8964-b5cf11e44873,41.035567,21.337528,pressure,933
2026-01-07T15:13:23+01:00,87f82783-853b-417d-8964-b5cf11e44873,41.035567,21.337528,temperature,12
2026-01-07T15:28:54+01:00,87f82783-853b-417d-8964-b5cf11e44873,41.035567,21.337528,gasResistance,104038
2026-01-07T15:28:54+01:00,87f82783-853b-417d-8964-b5cf11e44873,41.035567,21.337528,humidity,81
2026-01-07T15:28:54+01:00,87f82783-853b-417d-8964-b5cf11e44873,41.035567,21.337528,noise,12
2026-01-07T15:28:54+01:00,87f82783-853b-417d-8964-b5cf11e44873,41.035567,21.337528,noise_dba,25
2026-01-07T15:28:54+01:00,87f82783-853b-417d-8964-b5cf11e44873,41.035567,21.337528,pm10,37
2026-01-07T15:28:54+01:00,87f82783-853b-417d-8964-b5cf11e44873,41.035567,21.337528,pm25,26
2026-01-07T15:28:54+01:00,87f82783-853b-417d-8964-b5cf11e44873,41.035567,21.337528,pressure,933
2026-01-07T15:28:54+01:00,87f82783-853b-417d-8964-b5cf11e44873,41.035567,21.337528,temperature,11
2026-01-07T15:44:26+01:00,87f82783-853b-417d-8964-b5cf11e44873,41.035567,21.337528,gasResistance,102584
2026-01-07T15:44:26+01:00,87f82783-853b-417d-8964-b5cf11e44873,41.035567,21.337528,humidity,81
2026-01-07T15:44:26+01:00,87f82783-853b-417d-8964-b5cf11e44873,41.035567,21.337528,noise,12
2026-01-07T15:44:26+01:00,87f82783-853b-417d-8964-b5cf11e44873,41.035567,21.337528,noise_dba,25
2026-01-07T15:44:26+01:00,87f82783-853b-417d-8964-b5cf11e44873,41.035567,21.337528,pm10,102
2026-01-07T15:44:26+01:00,87f82783-853b-417d-8964-b5cf11e44873,41.035567,21.337528,pm25,69
2026-01-07T15:44:26+01:00,87f82783-853b-417d-8964-b5cf11e44873,41.035567,21.337528,pressure,933
2026-01-07T15:44:26+01:00,87f82783-853b-417d-8964-b5cf11e44873,41.035567,21.337528,temperature,11
2026-01-07T15:59:57+01:00,87f82783-853b-417d-8964-b5cf11e44873,41.035567,21.337528,gasResistance,101412
2026-01-07T15:59:57+01:00,87f82783-853b-417d-8964-b5cf11e44873,41.035567,21.337528,humidity,81
2026-01-07T15:59:57+01:00,87f82783-853b-417d-8964-b5cf11e44873,41.035567,21.337528,noise,13
2026-01-07T15:59:57+01:00,87f82783-853b-417d-8964-b5cf11e44873,41.035567,21.337528,noise_dba,27
2026-01-07T15:59:57+01:00,87f82783-853b-417d-8964-b5cf11e44873,41.035567,21.337528,pm10,136
2026-01-07T15:59:57+01:00,87f82783-853b-417d-8964-b5cf11e44873,41.035567,21.337528,pm25,81
2026-01-07T15:59:57+01:00,87f82783-853b-417d-8964-b5cf11e44873,41.035567,21.337528,pressure,933
2026-01-07T15:59:57+01:00,87f82783-853b-417d-8964-b5cf11e44873,41.035567,21.337528,temperature,11
2026-01-07T16:15:29+01:00,87f82783-853b-417d-8964-b5cf11e44873,41.035567,21.337528,gasResistance,102896
2026-01-07T16:15:29+01:00,87f82783-853b-417d-8964-b5cf11e44873,41.035567,21.337528,humidity,81
2026-01-07T16:15:29+01:00,87f82783-853b-417d-8964-b5cf11e44873,41.035567,21.337528,noise,14
2026-01-07T16:15:29+01:00,87f82783-853b-417d-8964-b5cf11e44873,41.035567,21.337528,noise_dba,28
2026-01-07T16:15:29+01:00,87f82783-853b-417d-8964-b5cf11e44873,41.035567,21.337528,pm10,21
2026-01-07T16:15:29+01:00,87f82783-853b-417d-8964-b5cf11e44873,41.035567,21.337528,pm25,11
2026-01-07T16:15:29+01:00,87f82783-853b-417d-8964-b5cf11e44873,41.035567,21.337528,pressure,933
2026-01-07T16:15:29+01:00,87f82783-853b-417d-8964-b5cf11e44873,41.035567,21.337528,temperature,11
2026-01-07T16:31:00+01:00,87f82783-853b-417d-8964-b5cf11e44873,41.035567,21.337528,gasResistance,105140
2026-01-07T16:31:00+01:00,87f82783-853b-417d-8964-b5cf11e44873,41.035567,21.337528,humidity,80
2026-01-07T16:31:00+01:00,87f82783-853b-417d-8964-b5cf11e44873,41.035567,21.337528,noise,12
2026-01-07T16:31:00+01:00,87f82783-853b-417d-8964-b5cf11e44873,41.035567,21.337528,noise_dba,25
2026-01-07T16:31:00+01:00,87f82783-853b-417d-8964-b5cf11e44873,41.035567,21.337528,pm10,46
2026-01-07T16:31:00+01:00,87f82783-853b-417d-8964-b5cf11e44873,41.035567,21.337528,pm25,30
2026-01-07T16:31:00+01:00,87f82783-853b-417d-8964-b5cf11e44873,41.035567,21.337528,pressure,933
2026-01-07T16:31:00+01:00,87f82783-853b-417d-8964-b5cf11e44873,41.035567,21.337528,temperature,11
2026-01-07T16:46:31+01:00,87f82783-853b-417d-8964-b5cf11e44873,41.035567,21.337528,gasResistance,104167
2026-01-07T16:46:31+01:00,87f82783-853b-417d-8964-b5cf11e44873,41.035567,21.337528,humidity,80
2026-01-07T16:46:31+01:00,87f82783-853b-417d-8964-b5cf11e44873,41.035567,21.337528,noise,11
2026-01-07T16:46:31+01:00,87f82783-853b-417d-8964-b5cf11e44873,41.035567,21.337528,noise_dba,24
2026-01-07T16:46:31+01:00,87f82783-853b-417d-8964-b5cf11e44873,41.035567,21.337528,pm10,81
2026-01-07T16:46:31+01:00,87f82783-853b-417d-8964-b5cf11e44873,41.035567,21.337528,pm25,55
2026-01-07T16:46:31+01:00,87f82783-853b-417d-8964-b5cf11e44873,41.035567,21.337528,pressure,933
2026-01-07T16:46:31+01:00,87f82783-853b-417d-8964-b5cf11e44873,41.035567,21.337528,temperature,11
2026-01-07T17:02:04+01:00,87f82783-853b-417d-8964-b5cf11e44873,41.035567,21.337528,gasResistance,103211
2026-01-07T17:02:04+01:00,87f82783-853b-417d-8964-b5cf11e44873,41.035567,21.337528,humidity,81
2026-01-07T17:02:04+01:00,87f82783-853b-417d-8964-b5cf11e44873,41.035567,21.337528,pm10,24
2026-01-07T17:02:04+01:00,87f82783-853b-417d-8964-b5cf11e44873,41.035567,21.337528,pm25,13
2026-01-07T17:02:04+01:00,87f82783-853b-417d-8964-b5cf11e44873,41.035567,21.337528,pressure,933
2026-01-07T17:02:04+01:00,87f82783-853b-417d-8964-b5cf11e44873,41.035567,21.337528,temperature,11
2026-01-07T17:17:35+01:00,87f82783-853b-417d-8964-b5cf11e44873,41.035567,21.337528,gasResistance,104489
2026-01-07T17:17:35+01:00,87f82783-853b-417d-8964-b5cf11e44873,41.035567,21.337528,humidity,81
2026-01-07T17:17:35+01:00,87f82783-853b-417d-8964-b5cf11e44873,41.035567,21.337528,noise,11
2026-01-07T17:17:35+01:00,87f82783-853b-417d-8964-b5cf11e44873,41.035567,21.337528,noise_dba,24
2026-01-07T17:17:35+01:00,87f82783-853b-417d-8964-b5cf11e44873,41.035567,21.337528,pm10,33
2026-01-07T17:17:35+01:00,87f82783-853b-417d-8964-b5cf11e44873,41.035567,21.337528,pm25,18
2026-01-07T17:17:35+01:00,87f82783-853b-417d-8964-b5cf11e44873,41.035567,21.337528,pressure,932
2026-01-07T17:17:35+01:00,87f82783-853b-417d-8964-b5cf11e44873,41.035567,21.337528,temperature,11
2026-01-07T17:33:07+01:00,87f82783-853b-417d-8964-b5cf11e44873,41.035567,21.337528,gasResistance,106266
2026-01-07T17:33:07+01:00,87f82783-853b-417d-8964-b5cf11e44873,41.035567,21.337528,humidity,80
2026-01-07T17:33:07+01:00,87f82783-853b-417d-8964-b5cf11e44873,41.035567,21.337528,noise,13
2026-01-07T17:33:07+01:00,87f82783-853b-417d-8964-b5cf11e44873,41.035567,21.337528,noise_dba,27
2026-01-07T17:33:07+01:00,87f82783-853b-417d-8964-b5cf11e44873,41.035567,21.337528,pm10,24
2026-01-07T17:33:07+01:00,87f82783-853b-417d-8964-b5cf11e44873,41.035567,21.337528,pm25,15
2026-01-07T17:33:07+01:00,87f82783-853b-417d-8964-b5cf11e44873,41.035567,21.337528,pressure,932
2026-01-07T17:33:07+01:00,87f82783-853b-417d-8964-b5cf11e44873,41.035567,21.337528,temperature,11
2026-01-07T17:48:39+01:00,87f82783-853b-417d-8964-b5cf11e44873,41.035567,21.337528,gasResistance,110728
2026-01-07T17:48:39+01:00,87f82783-853b-417d-8964-b5cf11e44873,41.035567,21.337528,humidity,79
2026-01-07T17:48:39+01:00,87f82783-853b-417d-8964-b5cf11e44873,41.035567,21.337528,noise,12
2026-01-07T17:48:39+01:00,87f82783-853b-417d-8964-b5cf11e44873,41.035567,21.337528,noise_dba,25
2026-01-07T17:48:39+01:00,87f82783-853b-417d-8964-b5cf11e44873,41.035567,21.337528,pm10,16
2026-01-07T17:48:39+01:00,87f82783-853b-417d-8964-b5cf11e44873,41.035567,21.337528,pm25,11
2026-01-07T17:48:39+01:00,87f82783-853b-417d-8964-b5cf11e44873,41.035567,21.337528,pressure,932
2026-01-07T17:48:39+01:00,87f82783-853b-417d-8964-b5cf11e44873,41.035567,21.337528,temperature,11
2026-01-07T18:04:12+01:00,87f82783-853b-417d-8964-b5cf11e44873,41.035567,21.337528,gasResistance,111903
2026-01-07T18:04:12+01:00,87f82783-853b-417d-8964-b5cf11e44873,41.035567,21.337528,humidity,79
2026-01-07T18:04:12+01:00,87f82783-853b-417d-8964-b5cf11e44873,41.035567,21.337528,noise,12
2026-01-07T18:04:12+01:00,87f82783-853b-417d-8964-b5cf11e44873,41.035567,21.337528,noise_dba,25
2026-01-07T18:04:12+01:00,87f82783-853b-417d-8964-b5cf11e44873,41.035567,21.337528,pm10,23
2026-01-07T18:04:12+01:00,87f82783-853b-417d-8964-b5cf11e44873,41.035567,21.337528,pm25,16
2026-01-07T18:04:12+01:00,87f82783-853b-417d-8964-b5cf11e44873,41.035567,21.337528,pressure,932
2026-01-07T18:04:12+01:00,87f82783-853b-417d-8964-b5cf11e44873,41.035567,21.337528,temperature,11
2026-01-07T18:19:43+01:00,87f82783-853b-417d-8964-b5cf11e44873,41.035567,21.337528,gasResistance,112650
2026-01-07T18:19:43+01:00,87f82783-853b-417d-8964-b5cf11e44873,41.035567,21.337528,humidity,79
2026-01-07T18:19:43+01:00,87f82783-853b-417d-8964-b5cf11e44873,41.035567,21.337528,noise,13
2026-01-07T18:19:43+01:00,87f82783-853b-417d-8964-b5cf11e44873,41.035567,21.337528,noise_dba,27
2026-01-07T18:19:43+01:00,87f82783-853b-417d-8964-b5cf11e44873,41.035567,21.337528,pm10,57
2026-01-07T18:19:43+01:00,87f82783-853b-417d-8964-b5cf11e44873,41.035567,21.337528,pm25,42
2026-01-07T18:19:43+01:00,87f82783-853b-417d-8964-b5cf11e44873,41.035567,21.337528,pressure,932
2026-01-07T18:19:43+01:00,87f82783-853b-417d-8964-b5cf11e44873,41.035567,21.337528,temperature,11
2026-01-07T18:35:14+01:00,87f82783-853b-417d-8964-b5cf11e44873,41.035567,21.337528,gasResistance,115345
2026-01-07T18:35:14+01:00,87f82783-853b-417d-8964-b5cf11e44873,41.035567,21.337528,humidity,76
2026-01-07T18:35:14+01:00,87f82783-853b-417d-8964-b5cf11e44873,41.035567,21.337528,noise,13
2026-01-07T18:35:14+01:00,87f82783-853b-417d-8964-b5cf11e44873,41.035567,21.337528,noise_dba,27
2026-01-07T18:35:14+01:00,87f82783-853b-417d-8964-b5cf11e44873,41.035567,21.337528,pm10,30
2026-01-07T18:35:14+01:00,87f82783-853b-417d-8964-b5cf11e44873,41.035567,21.337528,pm25,20
2026-01-07T18:35:14+01:00,87f82783-853b-417d-8964-b5cf11e44873,41.035567,21.337528,pressure,932
2026-01-07T18:35:14+01:00,87f82783-853b-417d-8964-b5cf11e44873,41.035567,21.337528,temperature,11
2026-01-07T18:50:46+01:00,87f82783-853b-417d-8964-b5cf11e44873,41.035567,21.337528,gasResistance,121141
2026-01-07T18:50:46+01:00,87f82783-853b-417d-8964-b5cf11e44873,41.035567,21.337528,humidity,74
2026-01-07T18:50:46+01:00,87f82783-853b-417d-8964-b5cf11e44873,41.035567,21.337528,noise,13
2026-01-07T18:50:46+01:00,87f82783-853b-417d-8964-b5cf11e44873,41.035567,21.337528,noise_dba,27
2026-01-07T18:50:46+01:00,87f82783-853b-417d-8964-b5cf11e44873,41.035567,21.337528,pm10,38
2026-01-07T18:50:46+01:00,87f82783-853b-417d-8964-b5cf11e44873,41.035567,21.337528,pm25,23
2026-01-07T18:50:46+01:00,87f82783-853b-417d-8964-b5cf11e44873,41.035567,21.337528,pressure,932
2026-01-07T18:50:46+01:00,87f82783-853b-417d-8964-b5cf11e44873,41.035567,21.337528,temperature,11
2026-01-07T19:06:17+01:00,87f82783-853b-417d-8964-b5cf11e44873,41.035567,21.337528,gasResistance,127167
2026-01-07T19:06:17+01:00,87f82783-853b-417d-8964-b5cf11e44873,41.035567,21.337528,humidity,73
2026-01-07T19:06:17+01:00,87f82783-853b-417d-8964-b5cf11e44873,41.035567,21.337528,noise,11
2026-01-07T19:06:17+01:00,87f82783-853b-417d-8964-b5cf11e44873,41.035567,21.337528,noise_dba,24
2026-01-07T19:06:17+01:00,87f82783-853b-417d-8964-b5cf11e44873,41.035567,21.337528,pm10,39
2026-01-07T19:06:17+01:00,87f82783-853b-417d-8964-b5cf11e44873,41.035567,21.337528,pm25,22
2026-01-07T19:06:17+01:00,87f82783-853b-417d-8964-b5cf11e44873,41.035567,21.337528,pressure,932
2026-01-07T19:06:17+01:00,87f82783-853b-417d-8964-b5cf11e44873,41.035567,21.337528,temperature,11
2026-01-07T19:21:48+01:00,87f82783-853b-417d-8964-b5cf11e44873,41.035567,21.337528,gasResistance,133399
2026-01-07T19:21:48+01:00,87f82783-853b-417d-8964-b5cf11e44873,41.035567,21.337528,humidity,74
2026-01-07T19:21:48+01:00,87f82783-853b-417d-8964-b5cf11e44873,41.035567,21.337528,noise,11
2026-01-07T19:21:48+01:00,87f82783-853b-417d-8964-b5cf11e44873,41.035567,21.337528,noise_dba,24
2026-01-07T19:21:48+01:00,87f82783-853b-417d-8964-b5cf11e44873,41.035567,21.337528,pm10,18
2026-01-07T19:21:48+01:00,87f82783-853b-417d-8964-b5cf11e44873,41.035567,21.337528,pm25,13
2026-01-07T19:21:48+01:00,87f82783-853b-417d-8964-b5cf11e44873,41.035567,21.337528,pressure,932
2026-01-07T19:21:48+01:00,87f82783-853b-417d-8964-b5cf11e44873,41.035567,21.337528,temperature,10
2026-01-07T19:37:20+01:00,87f82783-853b-417d-8964-b5cf11e44873,41.035567,21.337528,gasResistance,137307
2026-01-07T19:37:20+01:00,87f82783-853b-417d-8964-b5cf11e44873,41.035567,21.337528,humidity,74
2026-01-07T19:37:20+01:00,87f82783-853b-417d-8964-b5cf11e44873,41.035567,21.337528,noise,12
2026-01-07T19:37:20+01:00,87f82783-853b-417d-8964-b5cf11e44873,41.035567,21.337528,noise_dba,25
2026-01-07T19:37:20+01:00,87f82783-853b-417d-8964-b5cf11e44873,41.035567,21.337528,pm10,102
2026-01-07T19:37:20+01:00,87f82783-853b-417d-8964-b5cf11e44873,41.035567,21.337528,pm25,57
2026-01-07T19:37:20+01:00,87f82783-853b-417d-8964-b5cf11e44873,41.035567,21.337528,pressure,931
2026-01-07T19:37:20+01:00,87f82783-853b-417d-8964-b5cf11e44873,41.035567,21.337528,temperature,10
2026-01-07T19:52:51+01:00,87f82783-853b-417d-8964-b5cf11e44873,41.035567,21.337528,gasResistance,139463
2026-01-07T19:52:51+01:00,87f82783-853b-417d-8964-b5cf11e44873,41.035567,21.337528,humidity,73
2026-01-07T19:52:51+01:00,87f82783-853b-417d-8964-b5cf11e44873,41.035567,21.337528,noise,12
2026-01-07T19:52:51+01:00,87f82783-853b-417d-8964-b5cf11e44873,41.035567,21.337528,noise_dba,25
2026-01-07T19:52:51+01:00,87f82783-853b-417d-8964-b5cf11e44873,41.035567,21.337528,pm10,7
2026-01-07T19:52:51+01:00,87f82783-853b-417d-8964-b5cf11e44873,41.035567,21.337528,pm25,4
2026-01-07T19:52:51+01:00,87f82783-853b-417d-8964-b5cf11e44873,41.035567,21.337528,pressure,931
2026-01-07T19:52:51+01:00,87f82783-853b-417d-8964-b5cf11e44873,41.035567,21.337528,temperature,10
2026-01-07T20:08:22+01:00,87f82783-853b-417d-8964-b5cf11e44873,41.035567,21.337528,gasResistance,144354
2026-01-07T20:08:22+01:00,87f82783-853b-417d-8964-b5cf11e44873,41.035567,21.337528,humidity,72
2026-01-07T20:08:22+01:00,87f82783-853b-417d-8964-b5cf11e44873,41.035567,21.337528,noise,11
2026-01-07T20:08:22+01:00,87f82783-853b-417d-8964-b5cf11e44873,41.035567,21.337528,noise_dba,24
2026-01-07T20:08:22+01:00,87f82783-853b-417d-8964-b5cf11e44873,41.035567,21.337528,pm10,12
2026-01-07T20:08:22+01:00,87f82783-853b-417d-8964-b5cf11e44873,41.035567,21.337528,pm25,7
2026-01-07T20:08:22+01:00,87f82783-853b-417d-8964-b5cf11e44873,41.035567,21.337528,pressure,931
2026-01-07T20:08:22+01:00,87f82783-853b-417d-8964-b5cf11e44873,41.035567,21.337528,temperature,10
2026-01-07T20:23:54+01:00,87f82783-853b-417d-8964-b5cf11e44873,41.035567,21.337528,gasResistance,148286
2026-01-07T20:23:54+01:00,87f82783-853b-417d-8964-b5cf11e44873,41.035567,21.337528,humidity,70
2026-01-07T20:23:54+01:00,87f82783-853b-417d-8964-b5cf11e44873,41.035567,21.337528,pm10,10
2026-01-07T20:23:54+01:00,87f82783-853b-417d-8964-b5cf11e44873,41.035567,21.337528,pm25,5
2026-01-07T20:23:54+01:00,87f82783-853b-417d-8964-b5cf11e44873,41.035567,21.337528,pressure,931
2026-01-07T20:23:54+01:00,87f82783-853b-417d-8964-b5cf11e44873,41.035567,21.337528,temperature,10
2026-01-07T20:39:25+01:00,87f82783-853b-417d-8964-b5cf11e44873,41.035567,21.337528,gasResistance,151481
2026-01-07T20:39:25+01:00,87f82783-853b-417d-8964-b5cf11e44873,41.035567,21.337528,humidity,72
2026-01-07T20:39:25+01:00,87f82783-853b-417d-8964-b5cf11e44873,41.035567,21.337528,noise,11
2026-01-07T20:39:25+01:00,87f82783-853b-417d-8964-b5cf11e44873,41.035567,21.337528,noise_dba,24
2026-01-07T20:39:25+01:00,87f82783-853b-417d-8964-b5cf11e44873,41.035567,21.337528,pm10,18
2026-01-07T20:39:25+01:00,87f82783-853b-417d-8964-b5cf11e44873,41.035567,21.337528,pm25,9
2026-01-07T20:39:25+01:00,87f82783-853b-417d-8964-b5cf11e44873,41.035567,21.337528,pressure,930
2026-01-07T20:39:25+01:00,87f82783-853b-417d-8964-b5cf11e44873,41.035567,21.337528,temperature,10
2026-01-07T20:54:56+01:00,87f82783-853b-417d-8964-b5cf11e44873,41.035567,21.337528,gasResistance,148678
2026-01-07T20:54:56+01:00,87f82783-853b-417d-8964-b5cf11e44873,41.035567,21.337528,humidity,74
2026-01-07T20:54:56+01:00,87f82783-853b-417d-8964-b5cf11e44873,41.035567,21.337528,noise,11
2026-01-07T20:54:56+01:00,87f82783-853b-417d-8964-b5cf11e44873,41.035567,21.337528,noise_dba,24
2026-01-07T20:54:56+01:00,87f82783-853b-417d-8964-b5cf11e44873,41.035567,21.337528,pm10,28
2026-01-07T20:54:56+01:00,87f82783-853b-417d-8964-b5cf11e44873,41.035567,21.337528,pm25,17
2026-01-07T20:54:56+01:00,87f82783-853b-417d-8964-b5cf11e44873,41.035567,21.337528,pressure,930
2026-01-07T20:54:56+01:00,87f82783-853b-417d-8964-b5cf11e44873,41.035567,21.337528,temperature,10
2026-01-07T21:10:27+01:00,87f82783-853b-417d-8964-b5cf11e44873,41.035567,21.337528,gasResistance,140391
2026-01-07T21:10:27+01:00,87f82783-853b-417d-8964-b5cf11e44873,41.035567,21.337528,humidity,76
2026-01-07T21:10:27+01:00,87f82783-853b-417d-8964-b5cf11e44873,41.035567,21.337528,noise,11
2026-01-07T21:10:27+01:00,87f82783-853b-417d-8964-b5cf11e44873,41.035567,21.337528,noise_dba,24
2026-01-07T21:10:27+01:00,87f82783-853b-417d-8964-b5cf11e44873,41.035567,21.337528,pm10,26
2026-01-07T21:10:27+01:00,87f82783-853b-417d-8964-b5cf11e44873,41.035567,21.337528,pm25,17
2026-01-07T21:10:27+01:00,87f82783-853b-417d-8964-b5cf11e44873,41.035567,21.337528,pressure,930
2026-01-07T21:10:27+01:00,87f82783-853b-417d-8964-b5cf11e44873,41.035567,21.337528,temperature,10
2026-01-07T21:25:58+01:00,87f82783-853b-417d-8964-b5cf11e44873,41.035567,21.337528,gasResistance,135870
2026-01-07T21:25:58+01:00,87f82783-853b-417d-8964-b5cf11e44873,41.035567,21.337528,humidity,76
2026-01-07T21:25:58+01:00,87f82783-853b-417d-8964-b5cf11e44873,41.035567,21.337528,noise,12
2026-01-07T21:25:58+01:00,87f82783-853b-417d-8964-b5cf11e44873,41.035567,21.337528,noise_dba,25
2026-01-07T21:25:58+01:00,87f82783-853b-417d-8964-b5cf11e44873,41.035567,21.337528,pm10,48
2026-01-07T21:25:58+01:00,87f82783-853b-417d-8964-b5cf11e44873,41.035567,21.337528,pm25,31
2026-01-07T21:25:58+01:00,87f82783-853b-417d-8964-b5cf11e44873,41.035567,21.337528,pressure,930
2026-01-07T21:25:58+01:00,87f82783-853b-417d-8964-b5cf11e44873,41.035567,21.337528,temperature,10
2026-01-07T21:41:30+01:00,87f82783-853b-417d-8964-b5cf11e44873,41.035567,21.337528,gasResistance,132769
2026-01-07T21:41:30+01:00,87f82783-853b-417d-8964-b5cf11e44873,41.035567,21.337528,humidity,77
2026-01-07T21:41:30+01:00,87f82783-853b-417d-8964-b5cf11e44873,41.035567,21.337528,noise,11
2026-01-07T21:41:30+01:00,87f82783-853b-417d-8964-b5cf11e44873,41.035567,21.337528,noise_dba,24
2026-01-07T21:41:30+01:00,87f82783-853b-417d-8964-b5cf11e44873,41.035567,21.337528,pm10,63
2026-01-07T21:41:30+01:00,87f82783-853b-417d-8964-b5cf11e44873,41.035567,21.337528,pm25,40
2026-01-07T21:41:30+01:00,87f82783-853b-417d-8964-b5cf11e44873,41.035567,21.337528,pressure,930
2026-01-07T21:41:30+01:00,87f82783-853b-417d-8964-b5cf11e44873,41.035567,21.337528,temperature,10
2026-01-07T21:57:02+01:00,87f82783-853b-417d-8964-b5cf11e44873,41.035567,21.337528,gasResistance,133929
2026-01-07T21:57:02+01:00,87f82783-853b-417d-8964-b5cf11e44873,41.035567,21.337528,humidity,76
2026-01-07T21:57:02+01:00,87f82783-853b-417d-8964-b5cf11e44873,41.035567,21.337528,noise,11
2026-01-07T21:57:02+01:00,87f82783-853b-417d-8964-b5cf11e44873,41.035567,21.337528,noise_dba,24
2026-01-07T21:57:02+01:00,87f82783-853b-417d-8964-b5cf11e44873,41.035567,21.337528,pm10,40
2026-01-07T21:57:02+01:00,87f82783-853b-417d-8964-b5cf11e44873,41.035567,21.337528,pm25,22
2026-01-07T21:57:02+01:00,87f82783-853b-417d-8964-b5cf11e44873,41.035567,21.337528,pressure,930
2026-01-07T21:57:02+01:00,87f82783-853b-417d-8964-b5cf11e44873,41.035567,21.337528,temperature,10
2026-01-07T22:12:33+01:00,87f82783-853b-417d-8964-b5cf11e44873,41.035567,21.337528,gasResistance,135651
2026-01-07T22:12:33+01:00,87f82783-853b-417d-8964-b5cf11e44873,41.035567,21.337528,humidity,76
2026-01-07T22:12:33+01:00,87f82783-853b-417d-8964-b5cf11e44873,41.035567,21.337528,noise,11
2026-01-07T22:12:33+01:00,87f82783-853b-417d-8964-b5cf11e44873,41.035567,21.337528,noise_dba,24
2026-01-07T22:12:33+01:00,87f82783-853b-417d-8964-b5cf11e44873,41.035567,21.337528,pm10,30
2026-01-07T22:12:33+01:00,87f82783-853b-417d-8964-b5cf11e44873,41.035567,21.337528,pm25,17
2026-01-07T22:12:33+01:00,87f82783-853b-417d-8964-b5cf11e44873,41.035567,21.337528,pressure,930
2026-01-07T22:12:33+01:00,87f82783-853b-417d-8964-b5cf11e44873,41.035567,21.337528,temperature,10
2026-01-07T22:28:04+01:00,87f82783-853b-417d-8964-b5cf11e44873,41.035567,21.337528,gasResistance,134892
2026-01-07T22:28:04+01:00,87f82783-853b-417d-8964-b5cf11e44873,41.035567,21.337528,humidity,77
2026-01-07T22:28:04+01:00,87f82783-853b-417d-8964-b5cf11e44873,41.035567,21.337528,noise,11
2026-01-07T22:28:04+01:00,87f82783-853b-417d-8964-b5cf11e44873,41.035567,21.337528,noise_dba,24
2026-01-07T22:28:04+01:00,87f82783-853b-417d-8964-b5cf11e44873,41.035567,21.337528,pm10,103
2026-01-07T22:28:04+01:00,87f82783-853b-417d-8964-b5cf11e44873,41.035567,21.337528,pm25,73
2026-01-07T22:28:04+01:00,87f82783-853b-417d-8964-b5cf11e44873,41.035567,21.337528,pressure,930
2026-01-07T22:28:04+01:00,87f82783-853b-417d-8964-b5cf11e44873,41.035567,21.337528,temperature,10
2026-01-07T22:43:37+01:00,87f82783-853b-417d-8964-b5cf11e44873,41.035567,21.337528,gasResistance,131836
2026-01-07T22:43:37+01:00,87f82783-853b-417d-8964-b5cf11e44873,41.035567,21.337528,humidity,78
2026-01-07T22:43:37+01:00,87f82783-853b-417d-8964-b5cf11e44873,41.035567,21.337528,noise,11
2026-01-07T22:43:37+01:00,87f82783-853b-417d-8964-b5cf11e44873,41.035567,21.337528,noise_dba,24
2026-01-07T22:43:37+01:00,87f82783-853b-417d-8964-b5cf11e44873,41.035567,21.337528,pm10,96
2026-01-07T22:43:37+01:00,87f82783-853b-417d-8964-b5cf11e44873,41.035567,21.337528,pm25,56
2026-01-07T22:43:37+01:00,87f82783-853b-417d-8964-b5cf11e44873,41.035567,21.337528,pressure,930
2026-01-07T22:43:37+01:00,87f82783-853b-417d-8964-b5cf11e44873,41.035567,21.337528,temperature,10
2026-01-07T22:59:08+01:00,87f82783-853b-417d-8964-b5cf11e44873,41.035567,21.337528,gasResistance,126975
2026-01-07T22:59:08+01:00,87f82783-853b-417d-8964-b5cf11e44873,41.035567,21.337528,humidity,79
2026-01-07T22:59:08+01:00,87f82783-853b-417d-8964-b5cf11e44873,41.035567,21.337528,pm10,117
2026-01-07T22:59:08+01:00,87f82783-853b-417d-8964-b5cf11e44873,41.035567,21.337528,pm25,63
2026-01-07T22:59:08+01:00,87f82783-853b-417d-8964-b5cf11e44873,41.035567,21.337528,pressure,929
2026-01-07T22:59:08+01:00,87f82783-853b-417d-8964-b5cf11e44873,41.035567,21.337528,temperature,10
2026-01-07T23:14:39+01:00,87f82783-853b-417d-8964-b5cf11e44873,41.035567,21.337528,gasResistance,125745
2026-01-07T23:14:39+01:00,87f82783-853b-417d-8964-b5cf11e44873,41.035567,21.337528,humidity,78
2026-01-07T23:14:39+01:00,87f82783-853b-417d-8964-b5cf11e44873,41.035567,21.337528,pm10,30
2026-01-07T23:14:39+01:00,87f82783-853b-417d-8964-b5cf11e44873,41.035567,21.337528,pm25,19
2026-01-07T23:14:39+01:00,87f82783-853b-417d-8964-b5cf11e44873,41.035567,21.337528,pressure,929
2026-01-07T23:14:39+01:00,87f82783-853b-417d-8964-b5cf11e44873,41.035567,21.337528,temperature,10
2026-01-07T23:30:11+01:00,87f82783-853b-417d-8964-b5cf11e44873,41.035567,21.337528,gasResistance,126975
2026-01-07T23:30:11+01:00,87f82783-853b-417d-8964-b5cf11e44873,41.035567,21.337528,humidity,78
2026-01-07T23:30:11+01:00,87f82783-853b-417d-8964-b5cf11e44873,41.035567,21.337528,pm10,32
2026-01-07T23:30:11+01:00,87f82783-853b-417d-8964-b5cf11e44873,41.035567,21.337528,pm25,19
2026-01-07T23:30:11+01:00,87f82783-853b-417d-8964-b5cf11e44873,41.035567,21.337528,pressure,929
2026-01-07T23:30:11+01:00,87f82783-853b-417d-8964-b5cf11e44873,41.035567,21.337528,temperature,10
2026-01-07T23:45:43+01:00,87f82783-853b-417d-8964-b5cf11e44873,41.035567,21.337528,gasResistance,127358
2026-01-07T23:45:43+01:00,87f82783-853b-417d-8964-b5cf11e44873,41.035567,21.337528,humidity,78
2026-01-07T23:45:43+01:00,87f82783-853b-417d-8964-b5cf11e44873,41.035567,21.337528,pm10,60
2026-01-07T23:45:43+01:00,87f82783-853b-417d-8964-b5cf11e44873,41.035567,21.337528,pm25,33
2026-01-07T23:45:43+01:00,87f82783-853b-417d-8964-b5cf11e44873,41.035567,21.337528,pressure,928
2026-01-07T23:45:43+01:00,87f82783-853b-417d-8964-b5cf11e44873,41.035567,21.337528,temperature,10
2026-01-08T00:01:14+01:00,87f82783-853b-417d-8964-b5cf11e44873,41.035567,21.337528,gasResistance,128522
2026-01-08T00:01:14+01:00,87f82783-853b-417d-8964-b5cf11e44873,41.035567,21.337528,humidity,78
2026-01-08T00:01:14+01:00,87f82783-853b-417d-8964-b5cf11e44873,41.035567,21.337528,pm10,33
2026-01-08T00:01:14+01:00,87f82783-853b-417d-8964-b5cf11e44873,41.035567,21.337528,pm25,23
2026-01-08T00:01:14+01:00,87f82783-853b-417d-8964-b5cf11e44873,41.035567,21.337528,pressure,928
2026-01-08T00:01:14+01:00,87f82783-853b-417d-8964-b5cf11e44873,41.035567,21.337528,temperature,10
2026-01-08T00:16:45+01:00,87f82783-853b-417d-8964-b5cf11e44873,41.035567,21.337528,gasResistance,128522
2026-01-08T00:16:45+01:00,87f82783-853b-417d-8964-b5cf11e44873,41.035567,21.337528,humidity,79
2026-01-08T00:16:45+01:00,87f82783-853b-417d-8964-b5cf11e44873,41.035567,21.337528,pm10,17
2026-01-08T00:16:45+01:00,87f82783-853b-417d-8964-b5cf11e44873,41.035567,21.337528,pm25,10
2026-01-08T00:16:45+01:00,87f82783-853b-417d-8964-b5cf11e44873,41.035567,21.337528,pressure,928
2026-01-08T00:16:45+01:00,87f82783-853b-417d-8964-b5cf11e44873,41.035567,21.337528,temperature,10
2026-01-08T00:32:17+01:00,87f82783-853b-417d-8964-b5cf11e44873,41.035567,21.337528,gasResistance,127455
2026-01-08T00:32:17+01:00,87f82783-853b-417d-8964-b5cf11e44873,41.035567,21.337528,humidity,79
2026-01-08T00:32:17+01:00,87f82783-853b-417d-8964-b5cf11e44873,41.035567,21.337528,noise,11
2026-01-08T00:32:17+01:00,87f82783-853b-417d-8964-b5cf11e44873,41.035567,21.337528,noise_dba,24
2026-01-08T00:32:17+01:00,87f82783-853b-417d-8964-b5cf11e44873,41.035567,21.337528,pm10,73
2026-01-08T00:32:17+01:00,87f82783-853b-417d-8964-b5cf11e44873,41.035567,21.337528,pm25,57
2026-01-08T00:32:17+01:00,87f82783-853b-417d-8964-b5cf11e44873,41.035567,21.337528,pressure,928
2026-01-08T00:32:17+01:00,87f82783-853b-417d-8964-b5cf11e44873,41.035567,21.337528,temperature,10
2026-01-08T00:47:48+01:00,87f82783-853b-417d-8964-b5cf11e44873,41.035567,21.337528,gasResistance,127841
2026-01-08T00:47:48+01:00,87f82783-853b-417d-8964-b5cf11e44873,41.035567,21.337528,humidity,78
2026-01-08T00:47:48+01:00,87f82783-853b-417d-8964-b5cf11e44873,41.035567,21.337528,noise,11
2026-01-08T00:47:48+01:00,87f82783-853b-417d-8964-b5cf11e44873,41.035567,21.337528,noise_dba,24
2026-01-08T00:47:48+01:00,87f82783-853b-417d-8964-b5cf11e44873,41.035567,21.337528,pm10,15
2026-01-08T00:47:48+01:00,87f82783-853b-417d-8964-b5cf11e44873,41.035567,21.337528,pm25,14
2026-01-08T00:47:48+01:00,87f82783-853b-417d-8964-b5cf11e44873,41.035567,21.337528,pressure,928
2026-01-08T00:47:48+01:00,87f82783-853b-417d-8964-b5cf11e44873,41.035567,21.337528,temperature,10
2026-01-08T01:03:19+01:00,87f82783-853b-417d-8964-b5cf11e44873,41.035567,21.337528,gasResistance,134569
2026-01-08T01:03:19+01:00,87f82783-853b-417d-8964-b5cf11e44873,41.035567,21.337528,humidity,75
2026-01-08T01:03:19+01:00,87f82783-853b-417d-8964-b5cf11e44873,41.035567,21.337528,pm10,7
2026-01-08T01:03:19+01:00,87f82783-853b-417d-8964-b5cf11e44873,41.035567,21.337528,pm25,4
2026-01-08T01:03:19+01:00,87f82783-853b-417d-8964-b5cf11e44873,41.035567,21.337528,pressure,928
2026-01-08T01:03:19+01:00,87f82783-853b-417d-8964-b5cf11e44873,41.035567,21.337528,temperature,10
2026-01-08T01:18:51+01:00,87f82783-853b-417d-8964-b5cf11e44873,41.035567,21.337528,gasResistance,138320
2026-01-08T01:18:51+01:00,87f82783-853b-417d-8964-b5cf11e44873,41.035567,21.337528,humidity,76
2026-01-08T01:18:51+01:00,87f82783-853b-417d-8964-b5cf11e44873,41.035567,21.337528,pm10,24
2026-01-08T01:18:51+01:00,87f82783-853b-417d-8964-b5cf11e44873,41.035567,21.337528,pm25,14
2026-01-08T01:18:51+01:00,87f82783-853b-417d-8964-b5cf11e44873,41.035567,21.337528,pressure,928
2026-01-08T01:18:51+01:00,87f82783-853b-417d-8964-b5cf11e44873,41.035567,21.337528,temperature,10
2026-01-08T01:34:22+01:00,87f82783-853b-417d-8964-b5cf11e44873,41.035567,21.337528,gasResistance,137531
2026-01-08T01:34:22+01:00,87f82783-853b-417d-8964-b5cf11e44873,41.035567,21.337528,humidity,77
2026-01-08T01:34:22+01:00,87f82783-853b-417d-8964-b5cf11e44873,41.035567,21.337528,pm10,42
2026-01-08T01:34:22+01:00,87f82783-853b-417d-8964-b5cf11e44873,41.035567,21.337528,pm25,22
2026-01-08T01:34:22+01:00,87f82783-853b-417d-8964-b5cf11e44873,41.035567,21.337528,pressure,928
2026-01-08T01:34:22+01:00,87f82783-853b-417d-8964-b5cf11e44873,41.035567,21.337528,temperature,10
2026-01-08T01:49:55+01:00,87f82783-853b-417d-8964-b5cf11e44873,41.035567,21.337528,gasResistance,133822
2026-01-08T01:49:55+01:00,87f82783-853b-417d-8964-b5cf11e44873,41.035567,21.337528,humidity,77
2026-01-08T01:49:55+01:00,87f82783-853b-417d-8964-b5cf11e44873,41.035567,21.337528,pm10,45
2026-01-08T01:49:55+01:00,87f82783-853b-417d-8964-b5cf11e44873,41.035567,21.337528,pm25,25
2026-01-08T01:49:55+01:00,87f82783-853b-417d-8964-b5cf11e44873,41.035567,21.337528,pressure,928
2026-01-08T01:49:55+01:00,87f82783-853b-417d-8964-b5cf11e44873,41.035567,21.337528,temperature,10
2026-01-08T02:05:26+01:00,87f82783-853b-417d-8964-b5cf11e44873,41.035567,21.337528,gasResistance,131733
2026-01-08T02:05:26+01:00,87f82783-853b-417d-8964-b5cf11e44873,41.035567,21.337528,humidity,78
2026-01-08T02:05:26+01:00,87f82783-853b-417d-8964-b5cf11e44873,41.035567,21.337528,pm10,67
2026-01-08T02:05:26+01:00,87f82783-853b-417d-8964-b5cf11e44873,41.035567,21.337528,pm25,37
2026-01-08T02:05:26+01:00,87f82783-853b-417d-8964-b5cf11e44873,41.035567,21.337528,pressure,928
2026-01-08T02:05:26+01:00,87f82783-853b-417d-8964-b5cf11e44873,41.035567,21.337528,temperature,10
2026-01-08T02:20:58+01:00,87f82783-853b-417d-8964-b5cf11e44873,41.035567,21.337528,gasResistance,132146
2026-01-08T02:20:58+01:00,87f82783-853b-417d-8964-b5cf11e44873,41.035567,21.337528,humidity,77
2026-01-08T02:20:58+01:00,87f82783-853b-417d-8964-b5cf11e44873,41.035567,21.337528,pm10,35
2026-01-08T02:20:58+01:00,87f82783-853b-417d-8964-b5cf11e44873,41.035567,21.337528,pm25,21
2026-01-08T02:20:58+01:00,87f82783-853b-417d-8964-b5cf11e44873,41.035567,21.337528,pressure,928
2026-01-08T02:20:58+01:00,87f82783-853b-417d-8964-b5cf11e44873,41.035567,21.337528,temperature,9
2026-01-08T02:36:30+01:00,87f82783-853b-417d-8964-b5cf11e44873,41.035567,21.337528,gasResistance,134569
2026-01-08T02:36:30+01:00,87f82783-853b-417d-8964-b5cf11e44873,41.035567,21.337528,humidity,77
2026-01-08T02:36:30+01:00,87f82783-853b-417d-8964-b5cf11e44873,41.035567,21.337528,pm10,17
2026-01-08T02:36:30+01:00,87f82783-853b-417d-8964-b5cf11e44873,41.035567,21.337528,pm25,10
2026-01-08T02:36:30+01:00,87f82783-853b-417d-8964-b5cf11e44873,41.035567,21.337528,pressure,928
2026-01-08T02:36:30+01:00,87f82783-853b-417d-8964-b5cf11e44873,41.035567,21.337528,temperature,9
2026-01-08T02:52:01+01:00,87f82783-853b-417d-8964-b5cf11e44873,41.035567,21.337528,gasResistance,140625
2026-01-08T02:52:01+01:00,87f82783-853b-417d-8964-b5cf11e44873,41.035567,21.337528,humidity,74
2026-01-08T02:52:01+01:00,87f82783-853b-417d-8964-b5cf11e44873,41.035567,21.337528,pm10,6
2026-01-08T02:52:01+01:00,87f82783-853b-417d-8964-b5cf11e44873,41.035567,21.337528,pm25,3
2026-01-08T02:52:01+01:00,87f82783-853b-417d-8964-b5cf11e44873,41.035567,21.337528,pressure,928
2026-01-08T02:52:01+01:00,87f82783-853b-417d-8964-b5cf11e44873,41.035567,21.337528,temperature,9
2026-01-08T03:07:34+01:00,87f82783-853b-417d-8964-b5cf11e44873,41.035567,21.337528,gasResistance,146612
2026-01-08T03:07:34+01:00,87f82783-853b-417d-8964-b5cf11e44873,41.035567,21.337528,humidity,73
2026-01-08T03:07:34+01:00,87f82783-853b-417d-8964-b5cf11e44873,41.035567,21.337528,pm10,7
2026-01-08T03:07:34+01:00,87f82783-853b-417d-8964-b5cf11e44873,41.035567,21.337528,pm25,3
2026-01-08T03:07:34+01:00,87f82783-853b-417d-8964-b5cf11e44873,41.035567,21.337528,pressure,928
2026-01-08T03:07:34+01:00,87f82783-853b-417d-8964-b5cf11e44873,41.035567,21.337528,temperature,9
2026-01-08T03:23:05+01:00,87f82783-853b-417d-8964-b5cf11e44873,41.035567,21.337528,gasResistance,151074
2026-01-08T03:23:05+01:00,87f82783-853b-417d-8964-b5cf11e44873,41.035567,21.337528,humidity,74
2026-01-08T03:23:05+01:00,87f82783-853b-417d-8964-b5cf11e44873,41.035567,21.337528,pm10,1
2026-01-08T03:23:05+01:00,87f82783-853b-417d-8964-b5cf11e44873,41.035567,21.337528,pm25,1
2026-01-08T03:23:05+01:00,87f82783-853b-417d-8964-b5cf11e44873,41.035567,21.337528,pressure,928
2026-01-08T03:23:05+01:00,87f82783-853b-417d-8964-b5cf11e44873,41.035567,21.337528,temperature,9
2026-01-08T03:38:37+01:00,87f82783-853b-417d-8964-b5cf11e44873,41.035567,21.337528,gasResistance,161021
2026-01-08T03:38:37+01:00,87f82783-853b-417d-8964-b5cf11e44873,41.035567,21.337528,humidity,70
2026-01-08T03:38:37+01:00,87f82783-853b-417d-8964-b5cf11e44873,41.035567,21.337528,pm10,1
2026-01-08T03:38:37+01:00,87f82783-853b-417d-8964-b5cf11e44873,41.035567,21.337528,pm25,0
2026-01-08T03:38:37+01:00,87f82783-853b-417d-8964-b5cf11e44873,41.035567,21.337528,pressure,928
2026-01-08T03:38:37+01:00,87f82783-853b-417d-8964-b5cf11e44873,41.035567,21.337528,temperature,9
2026-01-08T03:54:09+01:00,87f82783-853b-417d-8964-b5cf11e44873,41.035567,21.337528,gasResistance,166256
2026-01-08T03:54:09+01:00,87f82783-853b-417d-8964-b5cf11e44873,41.035567,21.337528,humidity,72
2026-01-08T03:54:09+01:00,87f82783-853b-417d-8964-b5cf11e44873,41.035567,21.337528,noise,11
2026-01-08T03:54:09+01:00,87f82783-853b-417d-8964-b5cf11e44873,41.035567,21.337528,noise_dba,24
2026-01-08T03:54:09+01:00,87f82783-853b-417d-8964-b5cf11e44873,41.035567,21.337528,pm10,4
2026-01-08T03:54:09+01:00,87f82783-853b-417d-8964-b5cf11e44873,41.035567,21.337528,pm25,2
2026-01-08T03:54:09+01:00,87f82783-853b-417d-8964-b5cf11e44873,41.035567,21.337528,pressure,928
2026-01-08T03:54:09+01:00,87f82783-853b-417d-8964-b5cf11e44873,41.035567,21.337528,temperature,9
2026-01-08T04:09:41+01:00,87f82783-853b-417d-8964-b5cf11e44873,41.035567,21.337528,gasResistance,169258
2026-01-08T04:09:41+01:00,87f82783-853b-417d-8964-b5cf11e44873,41.035567,21.337528,humidity,70
2026-01-08T04:09:41+01:00,87f82783-853b-417d-8964-b5cf11e44873,41.035567,21.337528,pm10,2
2026-01-08T04:09:41+01:00,87f82783-853b-417d-8964-b5cf11e44873,41.035567,21.337528,pm25,1
2026-01-08T04:09:41+01:00,87f82783-853b-417d-8964-b5cf11e44873,41.035567,21.337528,pressure,928
2026-01-08T04:09:41+01:00,87f82783-853b-417d-8964-b5cf11e44873,41.035567,21.337528,temperature,9
2026-01-08T04:25:12+01:00,87f82783-853b-417d-8964-b5cf11e44873,41.035567,21.337528,gasResistance,177632
2026-01-08T04:25:12+01:00,87f82783-853b-417d-8964-b5cf11e44873,41.035567,21.337528,humidity,69
2026-01-08T04:25:12+01:00,87f82783-853b-417d-8964-b5cf11e44873,41.035567,21.337528,pm10,2
2026-01-08T04:25:12+01:00,87f82783-853b-417d-8964-b5cf11e44873,41.035567,21.337528,pm25,1
2026-01-08T04:25:12+01:00,87f82783-853b-417d-8964-b5cf11e44873,41.035567,21.337528,pressure,928
2026-01-08T04:25:12+01:00,87f82783-853b-417d-8964-b5cf11e44873,41.035567,21.337528,temperature,9
2026-01-08T04:40:43+01:00,87f82783-853b-417d-8964-b5cf11e44873,41.035567,21.337528,gasResistance,178571
2026-01-08T04:40:43+01:00,87f82783-853b-417d-8964-b5cf11e44873,41.035567,21.337528,humidity,71
2026-01-08T04:40:43+01:00,87f82783-853b-417d-8964-b5cf11e44873,41.035567,21.337528,pm10,3
2026-01-08T04:40:43+01:00,87f82783-853b-417d-8964-b5cf11e44873,41.035567,21.337528,pm25,1
2026-01-08T04:40:43+01:00,87f82783-853b-417d-8964-b5cf11e44873,41.035567,21.337528,pressure,928
2026-01-08T04:40:43+01:00,87f82783-853b-417d-8964-b5cf11e44873,41.035567,21.337528,temperature,9
2026-01-08T04:56:15+01:00,87f82783-853b-417d-8964-b5cf11e44873,41.035567,21.337528,gasResistance,180096
2026-01-08T04:56:15+01:00,87f82783-853b-417d-8964-b5cf11e44873,41.035567,21.337528,humidity,68
2026-01-08T04:56:15+01:00,87f82783-853b-417d-8964-b5cf11e44873,41.035567,21.337528,pm10,59
2026-01-08T04:56:15+01:00,87f82783-853b-417d-8964-b5cf11e44873,41.035567,21.337528,pm25,22
2026-01-08T04:56:15+01:00,87f82783-853b-417d-8964-b5cf11e44873,41.035567,21.337528,pressure,928
2026-01-08T04:56:15+01:00,87f82783-853b-417d-8964-b5cf11e44873,41.035567,21.337528,temperature,9
2026-01-08T05:11:46+01:00,87f82783-853b-417d-8964-b5cf11e44873,41.035567,21.337528,gasResistance,184024
2026-01-08T05:11:46+01:00,87f82783-853b-417d-8964-b5cf11e44873,41.035567,21.337528,humidity,69
2026-01-08T05:11:46+01:00,87f82783-853b-417d-8964-b5cf11e44873,41.035567,21.337528,pm10,10
2026-01-08T05:11:46+01:00,87f82783-853b-417d-8964-b5cf11e44873,41.035567,21.337528,pm25,5
2026-01-08T05:11:46+01:00,87f82783-853b-417d-8964-b5cf11e44873,41.035567,21.337528,pressure,928
2026-01-08T05:11:46+01:00,87f82783-853b-417d-8964-b5cf11e44873,41.035567,21.337528,temperature,9
2026-01-08T05:27:18+01:00,87f82783-853b-417d-8964-b5cf11e44873,41.035567,21.337528,gasResistance,185236
2026-01-08T05:27:18+01:00,87f82783-853b-417d-8964-b5cf11e44873,41.035567,21.337528,humidity,68
2026-01-08T05:27:18+01:00,87f82783-853b-417d-8964-b5cf11e44873,41.035567,21.337528,pm10,16
2026-01-08T05:27:18+01:00,87f82783-853b-417d-8964-b5cf11e44873,41.035567,21.337528,pm25,8
2026-01-08T05:27:18+01:00,87f82783-853b-417d-8964-b5cf11e44873,41.035567,21.337528,pressure,928
2026-01-08T05:27:18+01:00,87f82783-853b-417d-8964-b5cf11e44873,41.035567,21.337528,temperature,9
2026-01-08T05:42:49+01:00,87f82783-853b-417d-8964-b5cf11e44873,41.035567,21.337528,gasResistance,188364
2026-01-08T05:42:49+01:00,87f82783-853b-417d-8964-b5cf11e44873,41.035567,21.337528,humidity,65
2026-01-08T05:42:49+01:00,87f82783-853b-417d-8964-b5cf11e44873,41.035567,21.337528,pm10,2
2026-01-08T05:42:49+01:00,87f82783-853b-417d-8964-b5cf11e44873,41.035567,21.337528,pm25,1
2026-01-08T05:42:49+01:00,87f82783-853b-417d-8964-b5cf11e44873,41.035567,21.337528,pressure,928
2026-01-08T05:42:49+01:00,87f82783-853b-417d-8964-b5cf11e44873,41.035567,21.337528,temperature,9
2026-01-08T05:58:20+01:00,87f82783-853b-417d-8964-b5cf11e44873,41.035567,21.337528,gasResistance,191517
2026-01-08T05:58:20+01:00,87f82783-853b-417d-8964-b5cf11e44873,41.035567,21.337528,humidity,67
2026-01-08T05:58:20+01:00,87f82783-853b-417d-8964-b5cf11e44873,41.035567,21.337528,pm10,94
2026-01-08T05:58:20+01:00,87f82783-853b-417d-8964-b5cf11e44873,41.035567,21.337528,pm25,64
2026-01-08T05:58:20+01:00,87f82783-853b-417d-8964-b5cf11e44873,41.035567,21.337528,pressure,928
2026-01-08T05:58:20+01:00,87f82783-853b-417d-8964-b5cf11e44873,41.035567,21.337528,temperature,9
2026-01-08T06:13:51+01:00,87f82783-853b-417d-8964-b5cf11e44873,41.035567,21.337528,gasResistance,192964
2026-01-08T06:13:51+01:00,87f82783-853b-417d-8964-b5cf11e44873,41.035567,21.337528,humidity,66
2026-01-08T06:13:51+01:00,87f82783-853b-417d-8964-b5cf11e44873,41.035567,21.337528,pm10,5
2026-01-08T06:13:51+01:00,87f82783-853b-417d-8964-b5cf11e44873,41.035567,21.337528,pm25,3
2026-01-08T06:13:51+01:00,87f82783-853b-417d-8964-b5cf11e44873,41.035567,21.337528,pressure,928
2026-01-08T06:13:51+01:00,87f82783-853b-417d-8964-b5cf11e44873,41.035567,21.337528,temperature,8
2026-01-08T06:29:23+01:00,87f82783-853b-417d-8964-b5cf11e44873,41.035567,21.337528,gasResistance,198150
2026-01-08T06:29:23+01:00,87f82783-853b-417d-8964-b5cf11e44873,41.035567,21.337528,humidity,67
2026-01-08T06:29:23+01:00,87f82783-853b-417d-8964-b5cf11e44873,41.035567,21.337528,pm10,12
2026-01-08T06:29:23+01:00,87f82783-853b-417d-8964-b5cf11e44873,41.035567,21.337528,pm25,8
2026-01-08T06:29:23+01:00,87f82783-853b-417d-8964-b5cf11e44873,41.035567,21.337528,pressure,928
2026-01-08T06:29:23+01:00,87f82783-853b-417d-8964-b5cf11e44873,41.035567,21.337528,temperature,8
2026-01-08T06:44:54+01:00,87f82783-853b-417d-8964-b5cf11e44873,41.035567,21.337528,gasResistance,199941
2026-01-08T06:44:54+01:00,87f82783-853b-417d-8964-b5cf11e44873,41.035567,21.337528,humidity,67
2026-01-08T06:44:54+01:00,87f82783-853b-417d-8964-b5cf11e44873,41.035567,21.337528,pm10,18
2026-01-08T06:44:54+01:00,87f82783-853b-417d-8964-b5cf11e44873,41.035567,21.337528,pm25,10
2026-01-08T06:44:54+01:00,87f82783-853b-417d-8964-b5cf11e44873,41.035567,21.337528,pressure,928
2026-01-08T06:44:54+01:00,87f82783-853b-417d-8964-b5cf11e44873,41.035567,21.337528,temperature,8
2026-01-08T07:00:25+01:00,87f82783-853b-417d-8964-b5cf11e44873,41.035567,21.337528,gasResistance,200303
2026-01-08T07:00:25+01:00,87f82783-853b-417d-8964-b5cf11e44873,41.035567,21.337528,humidity,69
2026-01-08T07:00:25+01:00,87f82783-853b-417d-8964-b5cf11e44873,41.035567,21.337528,pm10,87
2026-01-08T07:00:25+01:00,87f82783-853b-417d-8964-b5cf11e44873,41.035567,21.337528,pm25,45
2026-01-08T07:00:25+01:00,87f82783-853b-417d-8964-b5cf11e44873,41.035567,21.337528,pressure,928
2026-01-08T07:00:25+01:00,87f82783-853b-417d-8964-b5cf11e44873,41.035567,21.337528,temperature,8
2026-01-08T07:15:57+01:00,87f82783-853b-417d-8964-b5cf11e44873,41.035567,21.337528,gasResistance,193189
2026-01-08T07:15:57+01:00,87f82783-853b-417d-8964-b5cf11e44873,41.035567,21.337528,humidity,70
2026-01-08T07:15:57+01:00,87f82783-853b-417d-8964-b5cf11e44873,41.035567,21.337528,pm10,21
2026-01-08T07:15:57+01:00,87f82783-853b-417d-8964-b5cf11e44873,41.035567,21.337528,pm25,9
2026-01-08T07:15:57+01:00,87f82783-853b-417d-8964-b5cf11e44873,41.035567,21.337528,pressure,928
2026-01-08T07:15:57+01:00,87f82783-853b-417d-8964-b5cf11e44873,41.035567,21.337528,temperature,8
2026-01-08T07:31:28+01:00,87f82783-853b-417d-8964-b5cf11e44873,41.035567,21.337528,gasResistance,201153
2026-01-08T07:31:28+01:00,87f82783-853b-417d-8964-b5cf11e44873,41.035567,21.337528,humidity,61
2026-01-08T07:31:28+01:00,87f82783-853b-417d-8964-b5cf11e44873,41.035567,21.337528,pm10,30
2026-01-08T07:31:28+01:00,87f82783-853b-417d-8964-b5cf11e44873,41.035567,21.337528,pm25,20
2026-01-08T07:31:28+01:00,87f82783-853b-417d-8964-b5cf11e44873,41.035567,21.337528,pressure,928
2026-01-08T07:31:28+01:00,87f82783-853b-417d-8964-b5cf11e44873,41.035567,21.337528,temperature,8
2026-01-08T07:46:59+01:00,87f82783-853b-417d-8964-b5cf11e44873,41.035567,21.337528,gasResistance,215107
2026-01-08T07:46:59+01:00,87f82783-853b-417d-8964-b5cf11e44873,41.035567,21.337528,humidity,61
2026-01-08T07:46:59+01:00,87f82783-853b-417d-8964-b5cf11e44873,41.035567,21.337528,pm10,7
2026-01-08T07:46:59+01:00,87f82783-853b-417d-8964-b5cf11e44873,41.035567,21.337528,pm25,6
2026-01-08T07:46:59+01:00,87f82783-853b-417d-8964-b5cf11e44873,41.035567,21.337528,pressure,928
2026-01-08T07:46:59+01:00,87f82783-853b-417d-8964-b5cf11e44873,41.035567,21.337528,temperature,8
2026-01-08T08:29:13+01:00,87f82783-853b-417d-8964-b5cf11e44873,41.035567,21.337528,gasResistance,0
2026-01-08T08:29:13+01:00,87f82783-853b-417d-8964-b5cf11e44873,41.035567,21.337528,humidity,61
2026-01-08T08:29:13+01:00,87f82783-853b-417d-8964-b5cf11e44873,41.035567,21.337528,pm10,28
2026-01-08T08:29:13+01:00,87f82783-853b-417d-8964-b5cf11e44873,41.035567,21.337528,pm25,14
2026-01-08T08:29:13+01:00,87f82783-853b-417d-8964-b5cf11e44873,41.035567,21.337528,pressure,929
2026-01-08T08:29:13+01:00,87f82783-853b-417d-8964-b5cf11e44873,41.035567,21.337528,temperature,8
2026-01-08T08:44:45+01:00,87f82783-853b-417d-8964-b5cf11e44873,41.035567,21.337528,gasResistance,196275
2026-01-08T08:44:45+01:00,87f82783-853b-417d-8964-b5cf11e44873,41.035567,21.337528,humidity,54
2026-01-08T08:44:45+01:00,87f82783-853b-417d-8964-b5cf11e44873,41.035567,21.337528,pm10,9
2026-01-08T08:44:45+01:00,87f82783-853b-417d-8964-b5cf11e44873,41.035567,21.337528,pm25,5
2026-01-08T08:44:45+01:00,87f82783-853b-417d-8964-b5cf11e44873,41.035567,21.337528,pressure,929
2026-01-08T08:44:45+01:00,87f82783-853b-417d-8964-b5cf11e44873,41.035567,21.337528,temperature,8
2026-01-08T09:00:16+01:00,87f82783-853b-417d-8964-b5cf11e44873,41.035567,21.337528,gasResistance,217933
2026-01-08T09:00:16+01:00,87f82783-853b-417d-8964-b5cf11e44873,41.035567,21.337528,humidity,52
2026-01-08T09:00:16+01:00,87f82783-853b-417d-8964-b5cf11e44873,41.035567,21.337528,pm10,18
2026-01-08T09:00:16+01:00,87f82783-853b-417d-8964-b5cf11e44873,41.035567,21.337528,pm25,10
2026-01-08T09:00:16+01:00,87f82783-853b-417d-8964-b5cf11e44873,41.035567,21.337528,pressure,929
2026-01-08T09:00:16+01:00,87f82783-853b-417d-8964-b5cf11e44873,41.035567,21.337528,temperature,8
2026-01-08T09:15:47+01:00,87f82783-853b-417d-8964-b5cf11e44873,41.035567,21.337528,gasResistance,230980
2026-01-08T09:15:47+01:00,87f82783-853b-417d-8964-b5cf11e44873,41.035567,21.337528,humidity,51
2026-01-08T09:15:47+01:00,87f82783-853b-417d-8964-b5cf11e44873,41.035567,21.337528,pm10,21
2026-01-08T09:15:47+01:00,87f82783-853b-417d-8964-b5cf11e44873,41.035567,21.337528,pm25,15
2026-01-08T09:15:47+01:00,87f82783-853b-417d-8964-b5cf11e44873,41.035567,21.337528,pressure,929
2026-01-08T09:15:47+01:00,87f82783-853b-417d-8964-b5cf11e44873,41.035567,21.337528,temperature,8
2026-01-08T09:31:18+01:00,87f82783-853b-417d-8964-b5cf11e44873,41.035567,21.337528,gasResistance,241223
2026-01-08T09:31:18+01:00,87f82783-853b-417d-8964-b5cf11e44873,41.035567,21.337528,humidity,53
2026-01-08T09:31:18+01:00,87f82783-853b-417d-8964-b5cf11e44873,41.035567,21.337528,pm10,8
2026-01-08T09:31:18+01:00,87f82783-853b-417d-8964-b5cf11e44873,41.035567,21.337528,pm25,5
2026-01-08T09:31:18+01:00,87f82783-853b-417d-8964-b5cf11e44873,41.035567,21.337528,pressure,929
2026-01-08T09:31:18+01:00,87f82783-853b-417d-8964-b5cf11e44873,41.035567,21.337528,temperature,8
2026-01-08T09:46:50+01:00,87f82783-853b-417d-8964-b5cf11e44873,41.035567,21.337528,gasResistance,245325
2026-01-08T09:46:50+01:00,87f82783-853b-417d-8964-b5cf11e44873,41.035567,21.337528,humidity,54
2026-01-08T09:46:50+01:00,87f82783-853b-417d-8964-b5cf11e44873,41.035567,21.337528,pm10,52
2026-01-08T09:46:50+01:00,87f82783-853b-417d-8964-b5cf11e44873,41.035567,21.337528,pm25,25
2026-01-08T09:46:50+01:00,87f82783-853b-417d-8964-b5cf11e44873,41.035567,21.337528,pressure,929
2026-01-08T09:46:50+01:00,87f82783-853b-417d-8964-b5cf11e44873,41.035567,21.337528,temperature,8
2026-01-08T10:02:21+01:00,87f82783-853b-417d-8964-b5cf11e44873,41.035567,21.337528,gasResistance,246418
2026-01-08T10:02:21+01:00,87f82783-853b-417d-8964-b5cf11e44873,41.035567,21.337528,humidity,53
2026-01-08T10:02:21+01:00,87f82783-853b-417d-8964-b5cf11e44873,41.035567,21.337528,pm10,12
2026-01-08T10:02:21+01:00,87f82783-853b-417d-8964-b5cf11e44873,41.035567,21.337528,pm25,7
2026-01-08T10:02:21+01:00,87f82783-853b-417d-8964-b5cf11e44873,41.035567,21.337528,pressure,930
2026-01-08T10:02:21+01:00,87f82783-853b-417d-8964-b5cf11e44873,41.035567,21.337528,temperature,8
2026-01-08T10:17:52+01:00,87f82783-853b-417d-8964-b5cf11e44873,41.035567,21.337528,gasResistance,246969
2026-01-08T10:17:52+01:00,87f82783-853b-417d-8964-b5cf11e44873,41.035567,21.337528,humidity,54
2026-01-08T10:17:52+01:00,87f82783-853b-417d-8964-b5cf11e44873,41.035567,21.337528,pm10,7
2026-01-08T10:17:52+01:00,87f82783-853b-417d-8964-b5cf11e44873,41.035567,21.337528,pm25,4
2026-01-08T10:17:52+01:00,87f82783-853b-417d-8964-b5cf11e44873,41.035567,21.337528,pressure,930
2026-01-08T10:17:52+01:00,87f82783-853b-417d-8964-b5cf11e44873,41.035567,21.337528,temperature,8
2026-01-08T10:33:23+01:00,87f82783-853b-417d-8964-b5cf11e44873,41.035567,21.337528,gasResistance,247337
2026-01-08T10:33:23+01:00,87f82783-853b-417d-8964-b5cf11e44873,41.035567,21.337528,humidity,56
2026-01-08T10:33:23+01:00,87f82783-853b-417d-8964-b5cf11e44873,41.035567,21.337528,pm10,8
2026-01-08T10:33:23+01:00,87f82783-853b-417d-8964-b5cf11e44873,41.035567,21.337528,pm25,5
2026-01-08T10:33:23+01:00,87f82783-853b-417d-8964-b5cf11e44873,41.035567,21.337528,pressure,930
2026-01-08T10:33:23+01:00,87f82783-853b-417d-8964-b5cf11e44873,41.035567,21.337528,temperature,8
2026-01-08T10:48:55+01:00,87f82783-853b-417d-8964-b5cf11e44873,41.035567,21.337528,gasResistance,248077
2026-01-08T10:48:55+01:00,87f82783-853b-417d-8964-b5cf11e44873,41.035567,21.337528,humidity,54
2026-01-08T10:48:55+01:00,87f82783-853b-417d-8964-b5cf11e44873,41.035567,21.337528,pm10,18
2026-01-08T10:48:55+01:00,87f82783-853b-417d-8964-b5cf11e44873,41.035567,21.337528,pm25,9
2026-01-08T10:48:55+01:00,87f82783-853b-417d-8964-b5cf11e44873,41.035567,21.337528,pressure,930
2026-01-08T10:48:55+01:00,87f82783-853b-417d-8964-b5cf11e44873,41.035567,21.337528,temperature,9
2026-01-08T11:04:26+01:00,87f82783-853b-417d-8964-b5cf11e44873,41.035567,21.337528,gasResistance,253769
2026-01-08T11:04:26+01:00,87f82783-853b-417d-8964-b5cf11e44873,41.035567,21.337528,humidity,52
2026-01-08T11:04:26+01:00,87f82783-853b-417d-8964-b5cf11e44873,41.035567,21.337528,pm10,7
2026-01-08T11:04:26+01:00,87f82783-853b-417d-8964-b5cf11e44873,41.035567,21.337528,pm25,6
2026-01-08T11:04:26+01:00,87f82783-853b-417d-8964-b5cf11e44873,41.035567,21.337528,pressure,930
2026-01-08T11:04:26+01:00,87f82783-853b-417d-8964-b5cf11e44873,41.035567,21.337528,temperature,9
2026-01-08T11:19:57+01:00,87f82783-853b-417d-8964-b5cf11e44873,41.035567,21.337528,gasResistance,262606
2026-01-08T11:19:57+01:00,87f82783-853b-417d-8964-b5cf11e44873,41.035567,21.337528,humidity,47
2026-01-08T11:19:57+01:00,87f82783-853b-417d-8964-b5cf11e44873,41.035567,21.337528,pm10,26
2026-01-08T11:19:57+01:00,87f82783-853b-417d-8964-b5cf11e44873,41.035567,21.337528,pm25,12
2026-01-08T11:19:57+01:00,87f82783-853b-417d-8964-b5cf11e44873,41.035567,21.337528,pressure,930
2026-01-08T11:19:57+01:00,87f82783-853b-417d-8964-b5cf11e44873,41.035567,21.337528,temperature,9
2026-01-08T11:35:29+01:00,87f82783-853b-417d-8964-b5cf11e44873,41.035567,21.337528,gasResistance,269429
2026-01-08T11:35:29+01:00,87f82783-853b-417d-8964-b5cf11e44873,41.035567,21.337528,humidity,44
2026-01-08T11:35:29+01:00,87f82783-853b-417d-8964-b5cf11e44873,41.035567,21.337528,noise,11
2026-01-08T11:35:29+01:00,87f82783-853b-417d-8964-b5cf11e44873,41.035567,21.337528,noise_dba,24
2026-01-08T11:35:29+01:00,87f82783-853b-417d-8964-b5cf11e44873,41.035567,21.337528,pm10,15
2026-01-08T11:35:29+01:00,87f82783-853b-417d-8964-b5cf11e44873,41.035567,21.337528,pm25,6
2026-01-08T11:35:29+01:00,87f82783-853b-417d-8964-b5cf11e44873,41.035567,21.337528,pressure,930
2026-01-08T11:35:29+01:00,87f82783-853b-417d-8964-b5cf11e44873,41.035567,21.337528,temperature,10
2026-01-08T11:51:00+01:00,87f82783-853b-417d-8964-b5cf11e44873,41.035567,21.337528,gasResistance,276157
2026-01-08T11:51:00+01:00,87f82783-853b-417d-8964-b5cf11e44873,41.035567,21.337528,humidity,40
2026-01-08T11:51:00+01:00,87f82783-853b-417d-8964-b5cf11e44873,41.035567,21.337528,noise,11
2026-01-08T11:51:00+01:00,87f82783-853b-417d-8964-b5cf11e44873,41.035567,21.337528,noise_dba,24
2026-01-08T11:51:00+01:00,87f82783-853b-417d-8964-b5cf11e44873,41.035567,21.337528,pm10,4
2026-01-08T11:51:00+01:00,87f82783-853b-417d-8964-b5cf11e44873,41.035567,21.337528,pm25,2
2026-01-08T11:51:00+01:00,87f82783-853b-417d-8964-b5cf11e44873,41.035567,21.337528,pressure,930
2026-01-08T11:51:00+01:00,87f82783-853b-417d-8964-b5cf11e44873,41.035567,21.337528,temperature,10
2026-01-08T12:06:31+01:00,87f82783-853b-417d-8964-b5cf11e44873,41.035567,21.337528,gasResistance,284931
2026-01-08T12:06:31+01:00,87f82783-853b-417d-8964-b5cf11e44873,41.035567,21.337528,humidity,39
2026-01-08T12:06:31+01:00,87f82783-853b-417d-8964-b5cf11e44873,41.035567,21.337528,noise,11
2026-01-08T12:06:31+01:00,87f82783-853b-417d-8964-b5cf11e44873,41.035567,21.337528,noise_dba,24
2026-01-08T12:06:31+01:00,87f82783-853b-417d-8964-b5cf11e44873,41.035567,21.337528,pm10,4
2026-01-08T12:06:31+01:00,87f82783-853b-417d-8964-b5cf11e44873,41.035567,21.337528,pm25,2
2026-01-08T12:06:31+01:00,87f82783-853b-417d-8964-b5cf11e44873,41.035567,21.337528,pressure,931
2026-01-08T12:06:31+01:00,87f82783-853b-417d-8964-b5cf11e44873,41.035567,21.337528,temperature,10
2026-01-08T12:22:02+01:00,87f82783-853b-417d-8964-b5cf11e44873,41.035567,21.337528,gasResistance,289910
2026-01-08T12:22:02+01:00,87f82783-853b-417d-8964-b5cf11e44873,41.035567,21.337528,humidity,36
2026-01-08T12:22:02+01:00,87f82783-853b-417d-8964-b5cf11e44873,41.035567,21.337528,noise,11
2026-01-08T12:22:02+01:00,87f82783-853b-417d-8964-b5cf11e44873,41.035567,21.337528,noise_dba,24
2026-01-08T12:22:02+01:00,87f82783-853b-417d-8964-b5cf11e44873,41.035567,21.337528,pm10,5
2026-01-08T12:22:02+01:00,87f82783-853b-417d-8964-b5cf11e44873,41.035567,21.337528,pm25,2
2026-01-08T12:22:02+01:00,87f82783-853b-417d-8964-b5cf11e44873,41.035567,21.337528,pressure,931
2026-01-08T12:22:02+01:00,87f82783-853b-417d-8964-b5cf11e44873,41.035567,21.337528,temperature,10
2026-01-08T12:37:34+01:00,87f82783-853b-417d-8964-b5cf11e44873,41.035567,21.337528,gasResistance,295329
2026-01-08T12:37:34+01:00,87f82783-853b-417d-8964-b5cf11e44873,41.035567,21.337528,humidity,36
2026-01-08T12:37:34+01:00,87f82783-853b-417d-8964-b5cf11e44873,41.035567,21.337528,pm10,8
2026-01-08T12:37:34+01:00,87f82783-853b-417d-8964-b5cf11e44873,41.035567,21.337528,pm25,3
2026-01-08T12:37:34+01:00,87f82783-853b-417d-8964-b5cf11e44873,41.035567,21.337528,pressure,931
2026-01-08T12:37:34+01:00,87f82783-853b-417d-8964-b5cf11e44873,41.035567,21.337528,temperature,11
2026-01-08T12:53:05+01:00,87f82783-853b-417d-8964-b5cf11e44873,41.035567,21.337528,gasResistance,297447
2026-01-08T12:53:05+01:00,87f82783-853b-417d-8964-b5cf11e44873,41.035567,21.337528,humidity,37
2026-01-08T12:53:05+01:00,87f82783-853b-417d-8964-b5cf11e44873,41.035567,21.337528,pm10,8
2026-01-08T12:53:05+01:00,87f82783-853b-417d-8964-b5cf11e44873,41.035567,21.337528,pm25,4
2026-01-08T12:53:05+01:00,87f82783-853b-417d-8964-b5cf11e44873,41.035567,21.337528,pressure,931
2026-01-08T12:53:05+01:00,87f82783-853b-417d-8964-b5cf11e44873,41.035567,21.337528,temperature,11
2026-01-08T13:08:37+01:00,87f82783-853b-417d-8964-b5cf11e44873,41.035567,21.337528,gasResistance,301228
2026-01-08T13:08:37+01:00,87f82783-853b-417d-8964-b5cf11e44873,41.035567,21.337528,humidity,34
2026-01-08T13:08:37+01:00,87f82783-853b-417d-8964-b5cf11e44873,41.035567,21.337528,pm10,6
2026-01-08T13:08:37+01:00,87f82783-853b-417d-8964-b5cf11e44873,41.035567,21.337528,pm25,5
2026-01-08T13:08:37+01:00,87f82783-853b-417d-8964-b5cf11e44873,41.035567,21.337528,pressure,931
2026-01-08T13:08:37+01:00,87f82783-853b-417d-8964-b5cf11e44873,41.035567,21.337528,temperature,11
2026-01-08T13:24:08+01:00,87f82783-853b-417d-8964-b5cf11e44873,41.035567,21.337528,gasResistance,301228
2026-01-08T13:24:08+01:00,87f82783-853b-417d-8964-b5cf11e44873,41.035567,21.337528,humidity,39
2026-01-08T13:24:08+01:00,87f82783-853b-417d-8964-b5cf11e44873,41.035567,21.337528,pm10,31
2026-01-08T13:24:08+01:00,87f82783-853b-417d-8964-b5cf11e44873,41.035567,21.337528,pm25,17
2026-01-08T13:24:08+01:00,87f82783-853b-417d-8964-b5cf11e44873,41.035567,21.337528,pressure,931
2026-01-08T13:24:08+01:00,87f82783-853b-417d-8964-b5cf11e44873,41.035567,21.337528,temperature,11
2026-01-08T13:39:39+01:00,87f82783-853b-417d-8964-b5cf11e44873,41.035567,21.337528,gasResistance,287898
2026-01-08T13:39:39+01:00,87f82783-853b-417d-8964-b5cf11e44873,41.035567,21.337528,humidity,44
2026-01-08T13:39:39+01:00,87f82783-853b-417d-8964-b5cf11e44873,41.035567,21.337528,noise,11
2026-01-08T13:39:39+01:00,87f82783-853b-417d-8964-b5cf11e44873,41.035567,21.337528,noise_dba,24
2026-01-08T13:39:39+01:00,87f82783-853b-417d-8964-b5cf11e44873,41.035567,21.337528,pm10,17
2026-01-08T13:39:39+01:00,87f82783-853b-417d-8964-b5cf11e44873,41.035567,21.337528,pm25,8
2026-01-08T13:39:39+01:00,87f82783-853b-417d-8964-b5cf11e44873,41.035567,21.337528,pressure,932
2026-01-08T13:39:39+01:00,87f82783-853b-417d-8964-b5cf11e44873,41.035567,21.337528,temperature,11
2026-01-08T13:55:11+01:00,87f82783-853b-417d-8964-b5cf11e44873,41.035567,21.337528,gasResistance,285176
2026-01-08T13:55:11+01:00,87f82783-853b-417d-8964-b5cf11e44873,41.035567,21.337528,humidity,45
2026-01-08T13:55:11+01:00,87f82783-853b-417d-8964-b5cf11e44873,41.035567,21.337528,pm10,46
2026-01-08T13:55:11+01:00,87f82783-853b-417d-8964-b5cf11e44873,41.035567,21.337528,pm25,26
2026-01-08T13:55:11+01:00,87f82783-853b-417d-8964-b5cf11e44873,41.035567,21.337528,pressure,932
2026-01-08T13:55:11+01:00,87f82783-853b-417d-8964-b5cf11e44873,41.035567,21.337528,temperature,10
2026-01-08T14:10:42+01:00,87f82783-853b-417d-8964-b5cf11e44873,41.035567,21.337528,gasResistance,286902
2026-01-08T14:10:42+01:00,87f82783-853b-417d-8964-b5cf11e44873,41.035567,21.337528,humidity,45
2026-01-08T14:10:42+01:00,87f82783-853b-417d-8964-b5cf11e44873,41.035567,21.337528,pm10,25
2026-01-08T14:10:42+01:00,87f82783-853b-417d-8964-b5cf11e44873,41.035567,21.337528,pm25,10
2026-01-08T14:10:42+01:00,87f82783-853b-417d-8964-b5cf11e44873,41.035567,21.337528,pressure,932
2026-01-08T14:10:42+01:00,87f82783-853b-417d-8964-b5cf11e44873,41.035567,21.337528,temperature,10
2026-01-08T14:26:13+01:00,87f82783-853b-417d-8964-b5cf11e44873,41.035567,21.337528,gasResistance,285667
2026-01-08T14:26:13+01:00,87f82783-853b-417d-8964-b5cf11e44873,41.035567,21.337528,humidity,46
2026-01-08T14:26:13+01:00,87f82783-853b-417d-8964-b5cf11e44873,41.035567,21.337528,pm10,18
2026-01-08T14:26:13+01:00,87f82783-853b-417d-8964-b5cf11e44873,41.035567,21.337528,pm25,10
2026-01-08T14:26:13+01:00,87f82783-853b-417d-8964-b5cf11e44873,41.035567,21.337528,pressure,932
2026-01-08T14:26:13+01:00,87f82783-853b-417d-8964-b5cf11e44873,41.035567,21.337528,temperature,10
2026-01-08T14:41:44+01:00,87f82783-853b-417d-8964-b5cf11e44873,41.035567,21.337528,gasResistance,284199
2026-01-08T14:41:44+01:00,87f82783-853b-417d-8964-b5cf11e44873,41.035567,21.337528,humidity,50
2026-01-08T14:41:44+01:00,87f82783-853b-417d-8964-b5cf11e44873,41.035567,21.337528,pm10,16
2026-01-08T14:41:44+01:00,87f82783-853b-417d-8964-b5cf11e44873,41.035567,21.337528,pm25,8
2026-01-08T14:41:44+01:00,87f82783-853b-417d-8964-b5cf11e44873,41.035567,21.337528,pressure,932
2026-01-08T14:41:44+01:00,87f82783-853b-417d-8964-b5cf11e44873,41.035567,21.337528,temperature,10
2026-01-08T17:35:46+01:00,87f82783-853b-417d-8964-b5cf11e44873,41.035567,21.337528,gasResistance,0
2026-01-08T17:35:46+01:00,87f82783-853b-417d-8964-b5cf11e44873,41.035567,21.337528,humidity,51
2026-01-08T17:35:46+01:00,87f82783-853b-417d-8964-b5cf11e44873,41.035567,21.337528,pm10,12
2026-01-08T17:35:46+01:00,87f82783-853b-417d-8964-b5cf11e44873,41.035567,21.337528,pm25,6
2026-01-08T17:35:46+01:00,87f82783-853b-417d-8964-b5cf11e44873,41.035567,21.337528,pressure,934
2026-01-08T17:35:46+01:00,87f82783-853b-417d-8964-b5cf11e44873,41.035567,21.337528,temperature,6
2026-01-08T17:51:18+01:00,87f82783-853b-417d-8964-b5cf11e44873,41.035567,21.337528,gasResistance,205897
2026-01-08T17:51:18+01:00,87f82783-853b-417d-8964-b5cf11e44873,41.035567,21.337528,humidity,51
2026-01-08T17:51:18+01:00,87f82783-853b-417d-8964-b5cf11e44873,41.035567,21.337528,pm10,19
2026-01-08T17:51:18+01:00,87f82783-853b-417d-8964-b5cf11e44873,41.035567,21.337528,pm25,9
2026-01-08T17:51:18+01:00,87f82783-853b-417d-8964-b5cf11e44873,41.035567,21.337528,pressure,934
2026-01-08T17:51:18+01:00,87f82783-853b-417d-8964-b5cf11e44873,41.035567,21.337528,temperature,6
2026-01-08T18:06:49+01:00,87f82783-853b-417d-8964-b5cf11e44873,41.035567,21.337528,gasResistance,230819
2026-01-08T18:06:49+01:00,87f82783-853b-417d-8964-b5cf11e44873,41.035567,21.337528,humidity,51
2026-01-08T18:06:49+01:00,87f82783-853b-417d-8964-b5cf11e44873,41.035567,21.337528,pm10,30
2026-01-08T18:06:49+01:00,87f82783-853b-417d-8964-b5cf11e44873,41.035567,21.337528,pm25,21
2026-01-08T18:06:49+01:00,87f82783-853b-417d-8964-b5cf11e44873,41.035567,21.337528,pressure,934
2026-01-08T18:06:49+01:00,87f82783-853b-417d-8964-b5cf11e44873,41.035567,21.337528,temperature,6
2026-01-08T18:22:21+01:00,87f82783-853b-417d-8964-b5cf11e44873,41.035567,21.337528,gasResistance,248634
2026-01-08T18:22:21+01:00,87f82783-853b-417d-8964-b5cf11e44873,41.035567,21.337528,humidity,50
2026-01-08T18:22:21+01:00,87f82783-853b-417d-8964-b5cf11e44873,41.035567,21.337528,pm10,27
2026-01-08T18:22:21+01:00,87f82783-853b-417d-8964-b5cf11e44873,41.035567,21.337528,pm25,13
2026-01-08T18:22:21+01:00,87f82783-853b-417d-8964-b5cf11e44873,41.035567,21.337528,pressure,935
2026-01-08T18:22:21+01:00,87f82783-853b-417d-8964-b5cf11e44873,41.035567,21.337528,temperature,6
2026-01-08T18:37:52+01:00,87f82783-853b-417d-8964-b5cf11e44873,41.035567,21.337528,gasResistance,271191
2026-01-08T18:37:52+01:00,87f82783-853b-417d-8964-b5cf11e44873,41.035567,21.337528,humidity,46
2026-01-08T18:37:52+01:00,87f82783-853b-417d-8964-b5cf11e44873,41.035567,21.337528,pm10,16
2026-01-08T18:37:52+01:00,87f82783-853b-417d-8964-b5cf11e44873,41.035567,21.337528,pm25,8
2026-01-08T18:37:52+01:00,87f82783-853b-417d-8964-b5cf11e44873,41.035567,21.337528,pressure,935
2026-01-08T18:37:52+01:00,87f82783-853b-417d-8964-b5cf11e44873,41.035567,21.337528,temperature,6
2026-01-08T18:53:23+01:00,87f82783-853b-417d-8964-b5cf11e44873,41.035567,21.337528,gasResistance,295067
2026-01-08T18:53:23+01:00,87f82783-853b-417d-8964-b5cf11e44873,41.035567,21.337528,humidity,44
2026-01-08T18:53:23+01:00,87f82783-853b-417d-8964-b5cf11e44873,41.035567,21.337528,noise,11
2026-01-08T18:53:23+01:00,87f82783-853b-417d-8964-b5cf11e44873,41.035567,21.337528,noise_dba,24
2026-01-08T18:53:23+01:00,87f82783-853b-417d-8964-b5cf11e44873,41.035567,21.337528,pm10,51
2026-01-08T18:53:23+01:00,87f82783-853b-417d-8964-b5cf11e44873,41.035567,21.337528,pm25,31
2026-01-08T18:53:23+01:00,87f82783-853b-417d-8964-b5cf11e44873,41.035567,21.337528,pressure,935
2026-01-08T18:53:23+01:00,87f82783-853b-417d-8964-b5cf11e44873,41.035567,21.337528,temperature,6
2026-01-08T19:08:54+01:00,87f82783-853b-417d-8964-b5cf11e44873,41.035567,21.337528,gasResistance,305950
2026-01-08T19:08:54+01:00,87f82783-853b-417d-8964-b5cf11e44873,41.035567,21.337528,humidity,46
2026-01-08T19:08:54+01:00,87f82783-853b-417d-8964-b5cf11e44873,41.035567,21.337528,noise,11
2026-01-08T19:08:54+01:00,87f82783-853b-417d-8964-b5cf11e44873,41.035567,21.337528,noise_dba,24
2026-01-08T19:08:54+01:00,87f82783-853b-417d-8964-b5cf11e44873,41.035567,21.337528,pm10,32
2026-01-08T19:08:54+01:00,87f82783-853b-417d-8964-b5cf11e44873,41.035567,21.337528,pm25,17
2026-01-08T19:08:54+01:00,87f82783-853b-417d-8964-b5cf11e44873,41.035567,21.337528,pressure,935
2026-01-08T19:08:54+01:00,87f82783-853b-417d-8964-b5cf11e44873,41.035567,21.337528,temperature,6
2026-01-08T19:24:26+01:00,87f82783-853b-417d-8964-b5cf11e44873,41.035567,21.337528,gasResistance,313465
2026-01-08T19:24:26+01:00,87f82783-853b-417d-8964-b5cf11e44873,41.035567,21.337528,humidity,48
2026-01-08T19:24:26+01:00,87f82783-853b-417d-8964-b5cf11e44873,41.035567,21.337528,pm10,37
2026-01-08T19:24:26+01:00,87f82783-853b-417d-8964-b5cf11e44873,41.035567,21.337528,pm25,17
2026-01-08T19:24:26+01:00,87f82783-853b-417d-8964-b5cf11e44873,41.035567,21.337528,pressure,936
2026-01-08T19:24:26+01:00,87f82783-853b-417d-8964-b5cf11e44873,41.035567,21.337528,temperature,6
2026-01-08T19:39:57+01:00,87f82783-853b-417d-8964-b5cf11e44873,41.035567,21.337528,gasResistance,315551
2026-01-08T19:39:57+01:00,87f82783-853b-417d-8964-b5cf11e44873,41.035567,21.337528,humidity,48
2026-01-08T19:39:57+01:00,87f82783-853b-417d-8964-b5cf11e44873,41.035567,21.337528,pm10,20
2026-01-08T19:39:57+01:00,87f82783-853b-417d-8964-b5cf11e44873,41.035567,21.337528,pm25,11
2026-01-08T19:39:57+01:00,87f82783-853b-417d-8964-b5cf11e44873,41.035567,21.337528,pressure,936
2026-01-08T19:39:57+01:00,87f82783-853b-417d-8964-b5cf11e44873,41.035567,21.337528,temperature,6
2026-01-08T19:55:28+01:00,87f82783-853b-417d-8964-b5cf11e44873,41.035567,21.337528,gasResistance,320427
2026-01-08T19:55:28+01:00,87f82783-853b-417d-8964-b5cf11e44873,41.035567,21.337528,humidity,50
2026-01-08T19:55:28+01:00,87f82783-853b-417d-8964-b5cf11e44873,41.035567,21.337528,pm10,14
2026-01-08T19:55:28+01:00,87f82783-853b-417d-8964-b5cf11e44873,41.035567,21.337528,pm25,8
2026-01-08T19:55:28+01:00,87f82783-853b-417d-8964-b5cf11e44873,41.035567,21.337528,pressure,936
2026-01-08T19:55:28+01:00,87f82783-853b-417d-8964-b5cf11e44873,41.035567,21.337528,temperature,6
2026-01-08T20:10:59+01:00,87f82783-853b-417d-8964-b5cf11e44873,41.035567,21.337528,gasResistance,321358
2026-01-08T20:10:59+01:00,87f82783-853b-417d-8964-b5cf11e44873,41.035567,21.337528,humidity,52
2026-01-08T20:10:59+01:00,87f82783-853b-417d-8964-b5cf11e44873,41.035567,21.337528,pm10,9
2026-01-08T20:10:59+01:00,87f82783-853b-417d-8964-b5cf11e44873,41.035567,21.337528,pm25,7
2026-01-08T20:10:59+01:00,87f82783-853b-417d-8964-b5cf11e44873,41.035567,21.337528,pressure,936
2026-01-08T20:10:59+01:00,87f82783-853b-417d-8964-b5cf11e44873,41.035567,21.337528,temperature,6
2026-01-08T20:26:30+01:00,87f82783-853b-417d-8964-b5cf11e44873,41.035567,21.337528,gasResistance,316153
2026-01-08T20:26:30+01:00,87f82783-853b-417d-8964-b5cf11e44873,41.035567,21.337528,humidity,53
2026-01-08T20:26:30+01:00,87f82783-853b-417d-8964-b5cf11e44873,41.035567,21.337528,pm10,9
2026-01-08T20:26:30+01:00,87f82783-853b-417d-8964-b5cf11e44873,41.035567,21.337528,pm25,5
2026-01-08T20:26:30+01:00,87f82783-853b-417d-8964-b5cf11e44873,41.035567,21.337528,pressure,936
2026-01-08T20:26:30+01:00,87f82783-853b-417d-8964-b5cf11e44873,41.035567,21.337528,temperature,6
2026-01-08T20:42:02+01:00,87f82783-853b-417d-8964-b5cf11e44873,41.035567,21.337528,gasResistance,313465
2026-01-08T20:42:02+01:00,87f82783-853b-417d-8964-b5cf11e44873,41.035567,21.337528,humidity,56
2026-01-08T20:42:02+01:00,87f82783-853b-417d-8964-b5cf11e44873,41.035567,21.337528,pm10,22
2026-01-08T20:42:02+01:00,87f82783-853b-417d-8964-b5cf11e44873,41.035567,21.337528,pm25,13
2026-01-08T20:42:02+01:00,87f82783-853b-417d-8964-b5cf11e44873,41.035567,21.337528,pressure,936
2026-01-08T20:42:02+01:00,87f82783-853b-417d-8964-b5cf11e44873,41.035567,21.337528,temperature,6
2026-01-08T20:57:33+01:00,87f82783-853b-417d-8964-b5cf11e44873,41.035567,21.337528,gasResistance,300410
2026-01-08T20:57:33+01:00,87f82783-853b-417d-8964-b5cf11e44873,41.035567,21.337528,humidity,59
2026-01-08T20:57:33+01:00,87f82783-853b-417d-8964-b5cf11e44873,41.035567,21.337528,pm10,17
2026-01-08T20:57:33+01:00,87f82783-853b-417d-8964-b5cf11e44873,41.035567,21.337528,pm25,11
2026-01-08T20:57:33+01:00,87f82783-853b-417d-8964-b5cf11e44873,41.035567,21.337528,pressure,937
2026-01-08T20:57:33+01:00,87f82783-853b-417d-8964-b5cf11e44873,41.035567,21.337528,temperature,6
2026-01-08T21:13:04+01:00,87f82783-853b-417d-8964-b5cf11e44873,41.035567,21.337528,gasResistance,295067
2026-01-08T21:13:04+01:00,87f82783-853b-417d-8964-b5cf11e44873,41.035567,21.337528,humidity,60
2026-01-08T21:13:04+01:00,87f82783-853b-417d-8964-b5cf11e44873,41.035567,21.337528,pm10,13
2026-01-08T21:13:04+01:00,87f82783-853b-417d-8964-b5cf11e44873,41.035567,21.337528,pm25,8
2026-01-08T21:13:04+01:00,87f82783-853b-417d-8964-b5cf11e44873,41.035567,21.337528,pressure,937
2026-01-08T21:13:04+01:00,87f82783-853b-417d-8964-b5cf11e44873,41.035567,21.337528,temperature,5
2026-01-08T21:28:36+01:00,87f82783-853b-417d-8964-b5cf11e44873,41.035567,21.337528,gasResistance,290672
2026-01-08T21:28:36+01:00,87f82783-853b-417d-8964-b5cf11e44873,41.035567,21.337528,humidity,60
2026-01-08T21:28:36+01:00,87f82783-853b-417d-8964-b5cf11e44873,41.035567,21.337528,pm10,28
2026-01-08T21:28:36+01:00,87f82783-853b-417d-8964-b5cf11e44873,41.035567,21.337528,pm25,16
2026-01-08T21:28:36+01:00,87f82783-853b-417d-8964-b5cf11e44873,41.035567,21.337528,pressure,937
2026-01-08T21:28:36+01:00,87f82783-853b-417d-8964-b5cf11e44873,41.035567,21.337528,temperature,5
2026-01-08T21:44:08+01:00,87f82783-853b-417d-8964-b5cf11e44873,41.035567,21.337528,gasResistance,292982
2026-01-08T21:44:08+01:00,87f82783-853b-417d-8964-b5cf11e44873,41.035567,21.337528,humidity,60
2026-01-08T21:44:08+01:00,87f82783-853b-417d-8964-b5cf11e44873,41.035567,21.337528,pm10,16
2026-01-08T21:44:08+01:00,87f82783-853b-417d-8964-b5cf11e44873,41.035567,21.337528,pm25,10
2026-01-08T21:44:08+01:00,87f82783-853b-417d-8964-b5cf11e44873,41.035567,21.337528,pressure,937
2026-01-08T21:44:08+01:00,87f82783-853b-417d-8964-b5cf11e44873,41.035567,21.337528,temperature,5
2026-01-08T21:59:39+01:00,87f82783-853b-417d-8964-b5cf11e44873,41.035567,21.337528,gasResistance,301501
2026-01-08T21:59:39+01:00,87f82783-853b-417d-8964-b5cf11e44873,41.035567,21.337528,humidity,57
2026-01-08T21:59:39+01:00,87f82783-853b-417d-8964-b5cf11e44873,41.035567,21.337528,pm10,27
2026-01-08T21:59:39+01:00,87f82783-853b-417d-8964-b5cf11e44873,41.035567,21.337528,pm25,12
2026-01-08T21:59:39+01:00,87f82783-853b-417d-8964-b5cf11e44873,41.035567,21.337528,pressure,937
2026-01-08T21:59:39+01:00,87f82783-853b-417d-8964-b5cf11e44873,41.035567,21.337528,temperature,5
2026-01-08T22:15:10+01:00,87f82783-853b-417d-8964-b5cf11e44873,41.035567,21.337528,gasResistance,320118
2026-01-08T22:15:10+01:00,87f82783-853b-417d-8964-b5cf11e44873,41.035567,21.337528,humidity,55
2026-01-08T22:15:10+01:00,87f82783-853b-417d-8964-b5cf11e44873,41.035567,21.337528,pm10,19
2026-01-08T22:15:10+01:00,87f82783-853b-417d-8964-b5cf11e44873,41.035567,21.337528,pm25,10
2026-01-08T22:15:10+01:00,87f82783-853b-417d-8964-b5cf11e44873,41.035567,21.337528,pressure,938
2026-01-08T22:15:10+01:00,87f82783-853b-417d-8964-b5cf11e44873,41.035567,21.337528,temperature,4
2026-01-08T22:30:42+01:00,87f82783-853b-417d-8964-b5cf11e44873,41.035567,21.337528,gasResistance,331637
2026-01-08T22:30:42+01:00,87f82783-853b-417d-8964-b5cf11e44873,41.035567,21.337528,humidity,55
2026-01-08T22:30:42+01:00,87f82783-853b-417d-8964-b5cf11e44873,41.035567,21.337528,pm10,19
2026-01-08T22:30:42+01:00,87f82783-853b-417d-8964-b5cf11e44873,41.035567,21.337528,pm25,10
2026-01-08T22:30:42+01:00,87f82783-853b-417d-8964-b5cf11e44873,41.035567,21.337528,pressure,938
2026-01-08T22:30:42+01:00,87f82783-853b-417d-8964-b5cf11e44873,41.035567,21.337528,temperature,4
2026-01-08T22:46:13+01:00,87f82783-853b-417d-8964-b5cf11e44873,41.035567,21.337528,gasResistance,339093
2026-01-08T22:46:13+01:00,87f82783-853b-417d-8964-b5cf11e44873,41.035567,21.337528,humidity,54
2026-01-08T22:46:13+01:00,87f82783-853b-417d-8964-b5cf11e44873,41.035567,21.337528,pm10,24
2026-01-08T22:46:13+01:00,87f82783-853b-417d-8964-b5cf11e44873,41.035567,21.337528,pm25,12
2026-01-08T22:46:13+01:00,87f82783-853b-417d-8964-b5cf11e44873,41.035567,21.337528,pressure,938
2026-01-08T22:46:13+01:00,87f82783-853b-417d-8964-b5cf11e44873,41.035567,21.337528,temperature,4
2026-01-08T23:01:45+01:00,87f82783-853b-417d-8964-b5cf11e44873,41.035567,21.337528,gasResistance,345088
2026-01-08T23:01:45+01:00,87f82783-853b-417d-8964-b5cf11e44873,41.035567,21.337528,humidity,54
2026-01-08T23:01:45+01:00,87f82783-853b-417d-8964-b5cf11e44873,41.035567,21.337528,pm10,14
2026-01-08T23:01:45+01:00,87f82783-853b-417d-8964-b5cf11e44873,41.035567,21.337528,pm25,8
2026-01-08T23:01:45+01:00,87f82783-853b-417d-8964-b5cf11e44873,41.035567,21.337528,pressure,938
2026-01-08T23:01:45+01:00,87f82783-853b-417d-8964-b5cf11e44873,41.035567,21.337528,temperature,4
2026-01-08T23:17:16+01:00,87f82783-853b-417d-8964-b5cf11e44873,41.035567,21.337528,gasResistance,355439
2026-01-08T23:17:16+01:00,87f82783-853b-417d-8964-b5cf11e44873,41.035567,21.337528,humidity,51
2026-01-08T23:17:16+01:00,87f82783-853b-417d-8964-b5cf11e44873,41.035567,21.337528,pm10,24
2026-01-08T23:17:16+01:00,87f82783-853b-417d-8964-b5cf11e44873,41.035567,21.337528,pm25,12
2026-01-08T23:17:16+01:00,87f82783-853b-417d-8964-b5cf11e44873,41.035567,21.337528,pressure,938
2026-01-08T23:17:16+01:00,87f82783-853b-417d-8964-b5cf11e44873,41.035567,21.337528,temperature,4
2026-01-08T23:32:48+01:00,87f82783-853b-417d-8964-b5cf11e44873,41.035567,21.337528,gasResistance,365622
2026-01-08T23:32:48+01:00,87f82783-853b-417d-8964-b5cf11e44873,41.035567,21.337528,humidity,50
2026-01-08T23:32:48+01:00,87f82783-853b-417d-8964-b5cf11e44873,41.035567,21.337528,pm10,23
2026-01-08T23:32:48+01:00,87f82783-853b-417d-8964-b5cf11e44873,41.035567,21.337528,pm25,14
2026-01-08T23:32:48+01:00,87f82783-853b-417d-8964-b5cf11e44873,41.035567,21.337528,pressure,938
2026-01-08T23:32:48+01:00,87f82783-853b-417d-8964-b5cf11e44873,41.035567,21.337528,temperature,4
2026-01-08T23:48:19+01:00,87f82783-853b-417d-8964-b5cf11e44873,41.035567,21.337528,gasResistance,377985
2026-01-08T23:48:19+01:00,87f82783-853b-417d-8964-b5cf11e44873,41.035567,21.337528,humidity,48
2026-01-08T23:48:19+01:00,87f82783-853b-417d-8964-b5cf11e44873,41.035567,21.337528,pm10,19
2026-01-08T23:48:19+01:00,87f82783-853b-417d-8964-b5cf11e44873,41.035567,21.337528,pm25,11
2026-01-08T23:48:19+01:00,87f82783-853b-417d-8964-b5cf11e44873,41.035567,21.337528,pressure,938
2026-01-08T23:48:19+01:00,87f82783-853b-417d-8964-b5cf11e44873,41.035567,21.337528,temperature,5
2026-01-09T00:03:51+01:00,87f82783-853b-417d-8964-b5cf11e44873,41.035567,21.337528,gasResistance,396896
2026-01-09T00:03:51+01:00,87f82783-853b-417d-8964-b5cf11e44873,41.035567,21.337528,humidity,45
2026-01-09T00:03:51+01:00,87f82783-853b-417d-8964-b5cf11e44873,41.035567,21.337528,pm10,20
2026-01-09T00:03:51+01:00,87f82783-853b-417d-8964-b5cf11e44873,41.035567,21.337528,pm25,9
2026-01-09T00:03:51+01:00,87f82783-853b-417d-8964-b5cf11e44873,41.035567,21.337528,pressure,938
2026-01-09T00:03:51+01:00,87f82783-853b-417d-8964-b5cf11e44873,41.035567,21.337528,temperature,5
2026-01-09T00:19:22+01:00,87f82783-853b-417d-8964-b5cf11e44873,41.035567,21.337528,gasResistance,416250
2026-01-09T00:19:22+01:00,87f82783-853b-417d-8964-b5cf11e44873,41.035567,21.337528,humidity,42
2026-01-09T00:19:22+01:00,87f82783-853b-417d-8964-b5cf11e44873,41.035567,21.337528,pm10,11
2026-01-09T00:19:22+01:00,87f82783-853b-417d-8964-b5cf11e44873,41.035567,21.337528,pm25,7
2026-01-09T00:19:22+01:00,87f82783-853b-417d-8964-b5cf11e44873,41.035567,21.337528,pressure,938
2026-01-09T00:19:22+01:00,87f82783-853b-417d-8964-b5cf11e44873,41.035567,21.337528,temperature,4
2026-01-09T00:34:53+01:00,87f82783-853b-417d-8964-b5cf11e44873,41.035567,21.337528,gasResistance,439873
2026-01-09T00:34:53+01:00,87f82783-853b-417d-8964-b5cf11e44873,41.035567,21.337528,humidity,40
2026-01-09T00:34:53+01:00,87f82783-853b-417d-8964-b5cf11e44873,41.035567,21.337528,pm10,50
2026-01-09T00:34:53+01:00,87f82783-853b-417d-8964-b5cf11e44873,41.035567,21.337528,pm25,24
2026-01-09T00:34:53+01:00,87f82783-853b-417d-8964-b5cf11e44873,41.035567,21.337528,pressure,938
2026-01-09T00:34:53+01:00,87f82783-853b-417d-8964-b5cf11e44873,41.035567,21.337528,temperature,4
2026-01-09T00:50:24+01:00,87f82783-853b-417d-8964-b5cf11e44873,41.035567,21.337528,gasResistance,458725
2026-01-09T00:50:24+01:00,87f82783-853b-417d-8964-b5cf11e44873,41.035567,21.337528,humidity,40
2026-01-09T00:50:24+01:00,87f82783-853b-417d-8964-b5cf11e44873,41.035567,21.337528,pm10,19
2026-01-09T00:50:24+01:00,87f82783-853b-417d-8964-b5cf11e44873,41.035567,21.337528,pm25,7
2026-01-09T00:50:24+01:00,87f82783-853b-417d-8964-b5cf11e44873,41.035567,21.337528,pressure,938
2026-01-09T00:50:24+01:00,87f82783-853b-417d-8964-b5cf11e44873,41.035567,21.337528,temperature,4
2026-01-09T01:05:56+01:00,87f82783-853b-417d-8964-b5cf11e44873,41.035567,21.337528,gasResistance,475883
2026-01-09T01:05:56+01:00,87f82783-853b-417d-8964-b5cf11e44873,41.035567,21.337528,humidity,38
2026-01-09T01:05:56+01:00,87f82783-853b-417d-8964-b5cf11e44873,41.035567,21.337528,pm10,12
2026-01-09T01:05:56+01:00,87f82783-853b-417d-8964-b5cf11e44873,41.035567,21.337528,pm25,5
2026-01-09T01:05:56+01:00,87f82783-853b-417d-8964-b5cf11e44873,41.035567,21.337528,pressure,938
2026-01-09T01:05:56+01:00,87f82783-853b-417d-8964-b5cf11e44873,41.035567,21.337528,temperature,4
2026-01-09T01:21:27+01:00,87f82783-853b-417d-8964-b5cf11e44873,41.035567,21.337528,gasResistance,496924
2026-01-09T01:21:27+01:00,87f82783-853b-417d-8964-b5cf11e44873,41.035567,21.337528,humidity,39
2026-01-09T01:21:27+01:00,87f82783-853b-417d-8964-b5cf11e44873,41.035567,21.337528,noise,11
2026-01-09T01:21:27+01:00,87f82783-853b-417d-8964-b5cf11e44873,41.035567,21.337528,noise_dba,24
2026-01-09T01:21:27+01:00,87f82783-853b-417d-8964-b5cf11e44873,41.035567,21.337528,pm10,9
2026-01-09T01:21:27+01:00,87f82783-853b-417d-8964-b5cf11e44873,41.035567,21.337528,pm25,4
2026-01-09T01:21:27+01:00,87f82783-853b-417d-8964-b5cf11e44873,41.035567,21.337528,pressure,939
2026-01-09T01:21:27+01:00,87f82783-853b-417d-8964-b5cf11e44873,41.035567,21.337528,temperature,4
2026-01-09T01:36:59+01:00,87f82783-853b-417d-8964-b5cf11e44873,41.035567,21.337528,gasResistance,502104
2026-01-09T01:36:59+01:00,87f82783-853b-417d-8964-b5cf11e44873,41.035567,21.337528,humidity,41
2026-01-09T01:36:59+01:00,87f82783-853b-417d-8964-b5cf11e44873,41.035567,21.337528,pm10,9
2026-01-09T01:36:59+01:00,87f82783-853b-417d-8964-b5cf11e44873,41.035567,21.337528,pm25,4
2026-01-09T01:36:59+01:00,87f82783-853b-417d-8964-b5cf11e44873,41.035567,21.337528,pressure,939
2026-01-09T01:36:59+01:00,87f82783-853b-417d-8964-b5cf11e44873,41.035567,21.337528,temperature,4
2026-01-09T01:52:30+01:00,87f82783-853b-417d-8964-b5cf11e44873,41.035567,21.337528,gasResistance,501357
2026-01-09T01:52:30+01:00,87f82783-853b-417d-8964-b5cf11e44873,41.035567,21.337528,humidity,44
2026-01-09T01:52:30+01:00,87f82783-853b-417d-8964-b5cf11e44873,41.035567,21.337528,pm10,8
2026-01-09T01:52:30+01:00,87f82783-853b-417d-8964-b5cf11e44873,41.035567,21.337528,pm25,3
2026-01-09T01:52:30+01:00,87f82783-853b-417d-8964-b5cf11e44873,41.035567,21.337528,pressure,939
2026-01-09T01:52:30+01:00,87f82783-853b-417d-8964-b5cf11e44873,41.035567,21.337528,temperature,4
2026-01-09T02:08:01+01:00,87f82783-853b-417d-8964-b5cf11e44873,41.035567,21.337528,gasResistance,499131
2026-01-09T02:08:01+01:00,87f82783-853b-417d-8964-b5cf11e44873,41.035567,21.337528,humidity,44
2026-01-09T02:08:01+01:00,87f82783-853b-417d-8964-b5cf11e44873,41.035567,21.337528,pm10,12
2026-01-09T02:08:01+01:00,87f82783-853b-417d-8964-b5cf11e44873,41.035567,21.337528,pm25,4
2026-01-09T02:08:01+01:00,87f82783-853b-417d-8964-b5cf11e44873,41.035567,21.337528,pressure,939
2026-01-09T02:08:01+01:00,87f82783-853b-417d-8964-b5cf11e44873,41.035567,21.337528,temperature,4
2026-01-09T02:23:32+01:00,87f82783-853b-417d-8964-b5cf11e44873,41.035567,21.337528,gasResistance,495828
2026-01-09T02:23:32+01:00,87f82783-853b-417d-8964-b5cf11e44873,41.035567,21.337528,humidity,45
2026-01-09T02:23:32+01:00,87f82783-853b-417d-8964-b5cf11e44873,41.035567,21.337528,pm10,11
2026-01-09T02:23:32+01:00,87f82783-853b-417d-8964-b5cf11e44873,41.035567,21.337528,pm25,5
2026-01-09T02:23:32+01:00,87f82783-853b-417d-8964-b5cf11e44873,41.035567,21.337528,pressure,939
2026-01-09T02:23:32+01:00,87f82783-853b-417d-8964-b5cf11e44873,41.035567,21.337528,temperature,4
2026-01-09T02:39:03+01:00,87f82783-853b-417d-8964-b5cf11e44873,41.035567,21.337528,gasResistance,498762
2026-01-09T02:39:03+01:00,87f82783-853b-417d-8964-b5cf11e44873,41.035567,21.337528,humidity,43
2026-01-09T02:39:03+01:00,87f82783-853b-417d-8964-b5cf11e44873,41.035567,21.337528,pm10,9
2026-01-09T02:39:03+01:00,87f82783-853b-417d-8964-b5cf11e44873,41.035567,21.337528,pm25,3
2026-01-09T02:39:03+01:00,87f82783-853b-417d-8964-b5cf11e44873,41.035567,21.337528,pressure,939
2026-01-09T02:39:03+01:00,87f82783-853b-417d-8964-b5cf11e44873,41.035567,21.337528,temperature,4
2026-01-09T02:54:35+01:00,87f82783-853b-417d-8964-b5cf11e44873,41.035567,21.337528,gasResistance,506631
2026-01-09T02:54:35+01:00,87f82783-853b-417d-8964-b5cf11e44873,41.035567,21.337528,humidity,42
2026-01-09T02:54:35+01:00,87f82783-853b-417d-8964-b5cf11e44873,41.035567,21.337528,pm10,8
2026-01-09T02:54:35+01:00,87f82783-853b-417d-8964-b5cf11e44873,41.035567,21.337528,pm25,4
2026-01-09T02:54:35+01:00,87f82783-853b-417d-8964-b5cf11e44873,41.035567,21.337528,pressure,939
2026-01-09T02:54:35+01:00,87f82783-853b-417d-8964-b5cf11e44873,41.035567,21.337528,temperature,4
2026-01-09T03:10:06+01:00,87f82783-853b-417d-8964-b5cf11e44873,41.035567,21.337528,gasResistance,515146
2026-01-09T03:10:06+01:00,87f82783-853b-417d-8964-b5cf11e44873,41.035567,21.337528,humidity,42
2026-01-09T03:10:06+01:00,87f82783-853b-417d-8964-b5cf11e44873,41.035567,21.337528,pm10,5
2026-01-09T03:10:06+01:00,87f82783-853b-417d-8964-b5cf11e44873,41.035567,21.337528,pm25,2
2026-01-09T03:10:06+01:00,87f82783-853b-417d-8964-b5cf11e44873,41.035567,21.337528,pressure,939
2026-01-09T03:10:06+01:00,87f82783-853b-417d-8964-b5cf11e44873,41.035567,21.337528,temperature,4
2026-01-09T03:25:37+01:00,87f82783-853b-417d-8964-b5cf11e44873,41.035567,21.337528,gasResistance,523139
2026-01-09T03:25:37+01:00,87f82783-853b-417d-8964-b5cf11e44873,41.035567,21.337528,humidity,41
2026-01-09T03:25:37+01:00,87f82783-853b-417d-8964-b5cf11e44873,41.035567,21.337528,pm10,8
2026-01-09T03:25:37+01:00,87f82783-853b-417d-8964-b5cf11e44873,41.035567,21.337528,pm25,3
2026-01-09T03:25:37+01:00,87f82783-853b-417d-8964-b5cf11e44873,41.035567,21.337528,pressure,939
2026-01-09T03:25:37+01:00,87f82783-853b-417d-8964-b5cf11e44873,41.035567,21.337528,temperature,4
2026-01-09T03:41:08+01:00,87f82783-853b-417d-8964-b5cf11e44873,41.035567,21.337528,gasResistance,528883
2026-01-09T03:41:08+01:00,87f82783-853b-417d-8964-b5cf11e44873,41.035567,21.337528,humidity,40
2026-01-09T03:41:08+01:00,87f82783-853b-417d-8964-b5cf11e44873,41.035567,21.337528,pm10,4
2026-01-09T03:41:08+01:00,87f82783-853b-417d-8964-b5cf11e44873,41.035567,21.337528,pm25,2
2026-01-09T03:41:08+01:00,87f82783-853b-417d-8964-b5cf11e44873,41.035567,21.337528,pressure,939
2026-01-09T03:41:08+01:00,87f82783-853b-417d-8964-b5cf11e44873,41.035567,21.337528,temperature,4
2026-01-09T03:56:39+01:00,87f82783-853b-417d-8964-b5cf11e44873,41.035567,21.337528,gasResistance,529714
2026-01-09T03:56:39+01:00,87f82783-853b-417d-8964-b5cf11e44873,41.035567,21.337528,humidity,45
2026-01-09T03:56:39+01:00,87f82783-853b-417d-8964-b5cf11e44873,41.035567,21.337528,pm10,5
2026-01-09T03:56:39+01:00,87f82783-853b-417d-8964-b5cf11e44873,41.035567,21.337528,pm25,3
2026-01-09T03:56:39+01:00,87f82783-853b-417d-8964-b5cf11e44873,41.035567,21.337528,pressure,939
2026-01-09T03:56:39+01:00,87f82783-853b-417d-8964-b5cf11e44873,41.035567,21.337528,temperature,4
2026-01-09T04:12:11+01:00,87f82783-853b-417d-8964-b5cf11e44873,41.035567,21.337528,gasResistance,512016
2026-01-09T04:12:11+01:00,87f82783-853b-417d-8964-b5cf11e44873,41.035567,21.337528,humidity,48
2026-01-09T04:12:11+01:00,87f82783-853b-417d-8964-b5cf11e44873,41.035567,21.337528,pm10,13
2026-01-09T04:12:11+01:00,87f82783-853b-417d-8964-b5cf11e44873,41.035567,21.337528,pm25,8
2026-01-09T04:12:11+01:00,87f82783-853b-417d-8964-b5cf11e44873,41.035567,21.337528,pressure,939
2026-01-09T04:12:11+01:00,87f82783-853b-417d-8964-b5cf11e44873,41.035567,21.337528,temperature,4
2026-01-09T04:27:42+01:00,87f82783-853b-417d-8964-b5cf11e44873,41.035567,21.337528,gasResistance,492568
2026-01-09T04:27:42+01:00,87f82783-853b-417d-8964-b5cf11e44873,41.035567,21.337528,humidity,50
2026-01-09T04:27:42+01:00,87f82783-853b-417d-8964-b5cf11e44873,41.035567,21.337528,pm10,27
2026-01-09T04:27:42+01:00,87f82783-853b-417d-8964-b5cf11e44873,41.035567,21.337528,pm25,13
2026-01-09T04:27:42+01:00,87f82783-853b-417d-8964-b5cf11e44873,41.035567,21.337528,pressure,939
2026-01-09T04:27:42+01:00,87f82783-853b-417d-8964-b5cf11e44873,41.035567,21.337528,temperature,4
2026-01-09T04:43:13+01:00,87f82783-853b-417d-8964-b5cf11e44873,41.035567,21.337528,gasResistance,474209
2026-01-09T04:43:13+01:00,87f82783-853b-417d-8964-b5cf11e44873,41.035567,21.337528,humidity,51
2026-01-09T04:43:13+01:00,87f82783-853b-417d-8964-b5cf11e44873,41.035567,21.337528,pm10,27
2026-01-09T04:43:13+01:00,87f82783-853b-417d-8964-b5cf11e44873,41.035567,21.337528,pm25,14
2026-01-09T04:43:13+01:00,87f82783-853b-417d-8964-b5cf11e44873,41.035567,21.337528,pressure,939
2026-01-09T04:43:13+01:00,87f82783-853b-417d-8964-b5cf11e44873,41.035567,21.337528,temperature,4
2026-01-09T04:58:45+01:00,87f82783-853b-417d-8964-b5cf11e44873,41.035567,21.337528,gasResistance,454397
2026-01-09T04:58:45+01:00,87f82783-853b-417d-8964-b5cf11e44873,41.035567,21.337528,humidity,51
2026-01-09T04:58:45+01:00,87f82783-853b-417d-8964-b5cf11e44873,41.035567,21.337528,pm10,41
2026-01-09T04:58:45+01:00,87f82783-853b-417d-8964-b5cf11e44873,41.035567,21.337528,pm25,18
2026-01-09T04:58:45+01:00,87f82783-853b-417d-8964-b5cf11e44873,41.035567,21.337528,pressure,939
2026-01-09T04:58:45+01:00,87f82783-853b-417d-8964-b5cf11e44873,41.035567,21.337528,temperature,4
2026-01-09T05:14:16+01:00,87f82783-853b-417d-8964-b5cf11e44873,41.035567,21.337528,gasResistance,443344
2026-01-09T05:14:16+01:00,87f82783-853b-417d-8964-b5cf11e44873,41.035567,21.337528,humidity,50
2026-01-09T05:14:16+01:00,87f82783-853b-417d-8964-b5cf11e44873,41.035567,21.337528,pm10,13
2026-01-09T05:14:16+01:00,87f82783-853b-417d-8964-b5cf11e44873,41.035567,21.337528,pm25,7
2026-01-09T05:14:16+01:00,87f82783-853b-417d-8964-b5cf11e44873,41.035567,21.337528,pressure,939
2026-01-09T05:14:16+01:00,87f82783-853b-417d-8964-b5cf11e44873,41.035567,21.337528,temperature,4
2026-01-09T05:29:47+01:00,87f82783-853b-417d-8964-b5cf11e44873,41.035567,21.337528,gasResistance,454397
2026-01-09T05:29:47+01:00,87f82783-853b-417d-8964-b5cf11e44873,41.035567,21.337528,humidity,51
2026-01-09T05:29:47+01:00,87f82783-853b-417d-8964-b5cf11e44873,41.035567,21.337528,pm10,8
2026-01-09T05:29:47+01:00,87f82783-853b-417d-8964-b5cf11e44873,41.035567,21.337528,pm25,5
2026-01-09T05:29:47+01:00,87f82783-853b-417d-8964-b5cf11e44873,41.035567,21.337528,pressure,939
2026-01-09T05:29:47+01:00,87f82783-853b-417d-8964-b5cf11e44873,41.035567,21.337528,temperature,4
2026-01-09T05:45:18+01:00,87f82783-853b-417d-8964-b5cf11e44873,41.035567,21.337528,gasResistance,458102
2026-01-09T05:45:18+01:00,87f82783-853b-417d-8964-b5cf11e44873,41.035567,21.337528,humidity,51
2026-01-09T05:45:18+01:00,87f82783-853b-417d-8964-b5cf11e44873,41.035567,21.337528,pm10,13
2026-01-09T05:45:18+01:00,87f82783-853b-417d-8964-b5cf11e44873,41.035567,21.337528,pm25,6
2026-01-09T05:45:18+01:00,87f82783-853b-417d-8964-b5cf11e44873,41.035567,21.337528,pressure,939
2026-01-09T05:45:18+01:00,87f82783-853b-417d-8964-b5cf11e44873,41.035567,21.337528,temperature,3
2026-01-09T06:00:49+01:00,87f82783-853b-417d-8964-b5cf11e44873,41.035567,21.337528,gasResistance,462183
2026-01-09T06:00:49+01:00,87f82783-853b-417d-8964-b5cf11e44873,41.035567,21.337528,humidity,51
2026-01-09T06:00:49+01:00,87f82783-853b-417d-8964-b5cf11e44873,41.035567,21.337528,pm10,11
2026-01-09T06:00:49+01:00,87f82783-853b-417d-8964-b5cf11e44873,41.035567,21.337528,pm25,6
2026-01-09T06:00:49+01:00,87f82783-853b-417d-8964-b5cf11e44873,41.035567,21.337528,pressure,939
2026-01-09T06:00:49+01:00,87f82783-853b-417d-8964-b5cf11e44873,41.035567,21.337528,temperature,3
2026-01-09T06:16:21+01:00,87f82783-853b-417d-8964-b5cf11e44873,41.035567,21.337528,gasResistance,455625
2026-01-09T06:16:21+01:00,87f82783-853b-417d-8964-b5cf11e44873,41.035567,21.337528,humidity,52
2026-01-09T06:16:21+01:00,87f82783-853b-417d-8964-b5cf11e44873,41.035567,21.337528,pm10,19
2026-01-09T06:16:21+01:00,87f82783-853b-417d-8964-b5cf11e44873,41.035567,21.337528,pm25,11
2026-01-09T06:16:21+01:00,87f82783-853b-417d-8964-b5cf11e44873,41.035567,21.337528,pressure,939
2026-01-09T06:16:21+01:00,87f82783-853b-417d-8964-b5cf11e44873,41.035567,21.337528,temperature,3
2026-01-09T06:31:52+01:00,87f82783-853b-417d-8964-b5cf11e44873,41.035567,21.337528,gasResistance,451054
2026-01-09T06:31:52+01:00,87f82783-853b-417d-8964-b5cf11e44873,41.035567,21.337528,humidity,51
2026-01-09T06:31:52+01:00,87f82783-853b-417d-8964-b5cf11e44873,41.035567,21.337528,pm10,17
2026-01-09T06:31:52+01:00,87f82783-853b-417d-8964-b5cf11e44873,41.035567,21.337528,pm25,8
2026-01-09T06:31:52+01:00,87f82783-853b-417d-8964-b5cf11e44873,41.035567,21.337528,pressure,939
2026-01-09T06:31:52+01:00,87f82783-853b-417d-8964-b5cf11e44873,41.035567,21.337528,temperature,3
2026-01-09T06:47:24+01:00,87f82783-853b-417d-8964-b5cf11e44873,41.035567,21.337528,gasResistance,452264
2026-01-09T06:47:24+01:00,87f82783-853b-417d-8964-b5cf11e44873,41.035567,21.337528,humidity,50
2026-01-09T06:47:24+01:00,87f82783-853b-417d-8964-b5cf11e44873,41.035567,21.337528,pm10,22
2026-01-09T06:47:24+01:00,87f82783-853b-417d-8964-b5cf11e44873,41.035567,21.337528,pm25,10
2026-01-09T06:47:24+01:00,87f82783-853b-417d-8964-b5cf11e44873,41.035567,21.337528,pressure,939
2026-01-09T06:47:24+01:00,87f82783-853b-417d-8964-b5cf11e44873,41.035567,21.337528,temperature,3
2026-01-09T07:02:55+01:00,87f82783-853b-417d-8964-b5cf11e44873,41.035567,21.337528,gasResistance,444513
2026-01-09T07:02:55+01:00,87f82783-853b-417d-8964-b5cf11e44873,41.035567,21.337528,humidity,54
2026-01-09T07:02:55+01:00,87f82783-853b-417d-8964-b5cf11e44873,41.035567,21.337528,pm10,40
2026-01-09T07:02:55+01:00,87f82783-853b-417d-8964-b5cf11e44873,41.035567,21.337528,pm25,22
2026-01-09T07:02:55+01:00,87f82783-853b-417d-8964-b5cf11e44873,41.035567,21.337528,pressure,939
2026-01-09T07:02:55+01:00,87f82783-853b-417d-8964-b5cf11e44873,41.035567,21.337528,temperature,3
2026-01-09T07:18:26+01:00,87f82783-853b-417d-8964-b5cf11e44873,41.035567,21.337528,gasResistance,421981
2026-01-09T07:18:26+01:00,87f82783-853b-417d-8964-b5cf11e44873,41.035567,21.337528,humidity,52
2026-01-09T07:18:26+01:00,87f82783-853b-417d-8964-b5cf11e44873,41.035567,21.337528,pm10,86
2026-01-09T07:18:26+01:00,87f82783-853b-417d-8964-b5cf11e44873,41.035567,21.337528,pm25,41
2026-01-09T07:18:26+01:00,87f82783-853b-417d-8964-b5cf11e44873,41.035567,21.337528,pressure,939
2026-01-09T07:18:26+01:00,87f82783-853b-417d-8964-b5cf11e44873,41.035567,21.337528,temperature,3
2026-01-09T07:33:57+01:00,87f82783-853b-417d-8964-b5cf11e44873,41.035567,21.337528,gasResistance,407448
2026-01-09T07:33:57+01:00,87f82783-853b-417d-8964-b5cf11e44873,41.035567,21.337528,humidity,51
2026-01-09T07:33:57+01:00,87f82783-853b-417d-8964-b5cf11e44873,41.035567,21.337528,pm10,130
2026-01-09T07:33:57+01:00,87f82783-853b-417d-8964-b5cf11e44873,41.035567,21.337528,pm25,56
2026-01-09T07:33:57+01:00,87f82783-853b-417d-8964-b5cf11e44873,41.035567,21.337528,pressure,939
2026-01-09T07:33:57+01:00,87f82783-853b-417d-8964-b5cf11e44873,41.035567,21.337528,temperature,3
2026-01-09T07:49:29+01:00,87f82783-853b-417d-8964-b5cf11e44873,41.035567,21.337528,gasResistance,412180
2026-01-09T07:49:29+01:00,87f82783-853b-417d-8964-b5cf11e44873,41.035567,21.337528,humidity,50
2026-01-09T07:49:29+01:00,87f82783-853b-417d-8964-b5cf11e44873,41.035567,21.337528,pm10,42
2026-01-09T07:49:29+01:00,87f82783-853b-417d-8964-b5cf11e44873,41.035567,21.337528,pm25,20
2026-01-09T07:49:29+01:00,87f82783-853b-417d-8964-b5cf11e44873,41.035567,21.337528,pressure,939
2026-01-09T07:49:29+01:00,87f82783-853b-417d-8964-b5cf11e44873,41.035567,21.337528,temperature,3
2026-01-09T08:05:00+01:00,87f82783-853b-417d-8964-b5cf11e44873,41.035567,21.337528,gasResistance,418316
2026-01-09T08:05:00+01:00,87f82783-853b-417d-8964-b5cf11e44873,41.035567,21.337528,humidity,49
2026-01-09T08:05:00+01:00,87f82783-853b-417d-8964-b5cf11e44873,41.035567,21.337528,pm10,40
2026-01-09T08:05:00+01:00,87f82783-853b-417d-8964-b5cf11e44873,41.035567,21.337528,pm25,19
2026-01-09T08:05:00+01:00,87f82783-853b-417d-8964-b5cf11e44873,41.035567,21.337528,pressure,939
2026-01-09T08:05:00+01:00,87f82783-853b-417d-8964-b5cf11e44873,41.035567,21.337528,temperature,3
2026-01-09T08:20:32+01:00,87f82783-853b-417d-8964-b5cf11e44873,41.035567,21.337528,gasResistance,419879
2026-01-09T08:20:32+01:00,87f82783-853b-417d-8964-b5cf11e44873,41.035567,21.337528,humidity,48
2026-01-09T08:20:32+01:00,87f82783-853b-417d-8964-b5cf11e44873,41.035567,21.337528,noise,11
2026-01-09T08:20:32+01:00,87f82783-853b-417d-8964-b5cf11e44873,41.035567,21.337528,noise_dba,24
2026-01-09T08:20:32+01:00,87f82783-853b-417d-8964-b5cf11e44873,41.035567,21.337528,pm10,60
2026-01-09T08:20:32+01:00,87f82783-853b-417d-8964-b5cf11e44873,41.035567,21.337528,pm25,27
2026-01-09T08:20:32+01:00,87f82783-853b-417d-8964-b5cf11e44873,41.035567,21.337528,pressure,939
2026-01-09T08:20:32+01:00,87f82783-853b-417d-8964-b5cf11e44873,41.035567,21.337528,temperature,4
2026-01-09T08:36:03+01:00,87f82783-853b-417d-8964-b5cf11e44873,41.035567,21.337528,gasResistance,414205
2026-01-09T08:36:03+01:00,87f82783-853b-417d-8964-b5cf11e44873,41.035567,21.337528,humidity,48
2026-01-09T08:36:03+01:00,87f82783-853b-417d-8964-b5cf11e44873,41.035567,21.337528,pm10,55
2026-01-09T08:36:03+01:00,87f82783-853b-417d-8964-b5cf11e44873,41.035567,21.337528,pm25,26
2026-01-09T08:36:03+01:00,87f82783-853b-417d-8964-b5cf11e44873,41.035567,21.337528,pressure,939
2026-01-09T08:36:03+01:00,87f82783-853b-417d-8964-b5cf11e44873,41.035567,21.337528,temperature,4
2026-01-09T08:51:34+01:00,87f82783-853b-417d-8964-b5cf11e44873,41.035567,21.337528,gasResistance,403546
2026-01-09T08:51:34+01:00,87f82783-853b-417d-8964-b5cf11e44873,41.035567,21.337528,humidity,47
2026-01-09T08:51:34+01:00,87f82783-853b-417d-8964-b5cf11e44873,41.035567,21.337528,pm10,63
2026-01-09T08:51:34+01:00,87f82783-853b-417d-8964-b5cf11e44873,41.035567,21.337528,pm25,36
2026-01-09T08:51:34+01:00,87f82783-853b-417d-8964-b5cf11e44873,41.035567,21.337528,pressure,939
2026-01-09T08:51:34+01:00,87f82783-853b-417d-8964-b5cf11e44873,41.035567,21.337528,temperature,4
2026-01-09T09:07:05+01:00,87f82783-853b-417d-8964-b5cf11e44873,41.035567,21.337528,gasResistance,392050
2026-01-09T09:07:05+01:00,87f82783-853b-417d-8964-b5cf11e44873,41.035567,21.337528,humidity,47
2026-01-09T09:07:05+01:00,87f82783-853b-417d-8964-b5cf11e44873,41.035567,21.337528,pm10,54
2026-01-09T09:07:05+01:00,87f82783-853b-417d-8964-b5cf11e44873,41.035567,21.337528,pm25,28
2026-01-09T09:07:05+01:00,87f82783-853b-417d-8964-b5cf11e44873,41.035567,21.337528,pressure,939
2026-01-09T09:07:05+01:00,87f82783-853b-417d-8964-b5cf11e44873,41.035567,21.337528,temperature,4
2026-01-09T09:22:37+01:00,87f82783-853b-417d-8964-b5cf11e44873,41.035567,21.337528,gasResistance,385109
2026-01-09T09:22:37+01:00,87f82783-853b-417d-8964-b5cf11e44873,41.035567,21.337528,humidity,46
2026-01-09T09:22:37+01:00,87f82783-853b-417d-8964-b5cf11e44873,41.035567,21.337528,pm10,47
2026-01-09T09:22:37+01:00,87f82783-853b-417d-8964-b5cf11e44873,41.035567,21.337528,pm25,22
2026-01-09T09:22:37+01:00,87f82783-853b-417d-8964-b5cf11e44873,41.035567,21.337528,pressure,939
2026-01-09T09:22:37+01:00,87f82783-853b-417d-8964-b5cf11e44873,41.035567,21.337528,temperature,4
2026-01-09T09:38:08+01:00,87f82783-853b-417d-8964-b5cf11e44873,41.035567,21.337528,gasResistance,392964
2026-01-09T09:38:08+01:00,87f82783-853b-417d-8964-b5cf11e44873,41.035567,21.337528,humidity,45
2026-01-09T09:38:08+01:00,87f82783-853b-417d-8964-b5cf11e44873,41.035567,21.337528,pm10,38
2026-01-09T09:38:08+01:00,87f82783-853b-417d-8964-b5cf11e44873,41.035567,21.337528,pm25,18
2026-01-09T09:38:08+01:00,87f82783-853b-417d-8964-b5cf11e44873,41.035567,21.337528,pressure,939
2026-01-09T09:38:08+01:00,87f82783-853b-417d-8964-b5cf11e44873,41.035567,21.337528,temperature,5
2026-01-09T09:53:39+01:00,87f82783-853b-417d-8964-b5cf11e44873,41.035567,21.337528,gasResistance,392278
2026-01-09T09:53:39+01:00,87f82783-853b-417d-8964-b5cf11e44873,41.035567,21.337528,humidity,45
2026-01-09T09:53:39+01:00,87f82783-853b-417d-8964-b5cf11e44873,41.035567,21.337528,pm10,30
2026-01-09T09:53:39+01:00,87f82783-853b-417d-8964-b5cf11e44873,41.035567,21.337528,pm25,15
2026-01-09T09:53:39+01:00,87f82783-853b-417d-8964-b5cf11e44873,41.035567,21.337528,pressure,939
2026-01-09T09:53:39+01:00,87f82783-853b-417d-8964-b5cf11e44873,41.035567,21.337528,temperature,5
2026-01-09T10:09:11+01:00,87f82783-853b-417d-8964-b5cf11e44873,41.035567,21.337528,gasResistance,392735
2026-01-09T10:09:11+01:00,87f82783-853b-417d-8964-b5cf11e44873,41.035567,21.337528,humidity,45
2026-01-09T10:09:11+01:00,87f82783-853b-417d-8964-b5cf11e44873,41.035567,21.337528,pm10,23
2026-01-09T10:09:11+01:00,87f82783-853b-417d-8964-b5cf11e44873,41.035567,21.337528,pm25,11
2026-01-09T10:09:11+01:00,87f82783-853b-417d-8964-b5cf11e44873,41.035567,21.337528,pressure,939
2026-01-09T10:09:11+01:00,87f82783-853b-417d-8964-b5cf11e44873,41.035567,21.337528,temperature,5
2026-01-09T10:24:42+01:00,87f82783-853b-417d-8964-b5cf11e44873,41.035567,21.337528,gasResistance,397832
2026-01-09T10:24:42+01:00,87f82783-853b-417d-8964-b5cf11e44873,41.035567,21.337528,humidity,43
2026-01-09T10:24:42+01:00,87f82783-853b-417d-8964-b5cf11e44873,41.035567,21.337528,pm10,18
2026-01-09T10:24:42+01:00,87f82783-853b-417d-8964-b5cf11e44873,41.035567,21.337528,pm25,6
2026-01-09T10:24:42+01:00,87f82783-853b-417d-8964-b5cf11e44873,41.035567,21.337528,pressure,939
2026-01-09T10:24:42+01:00,87f82783-853b-417d-8964-b5cf11e44873,41.035567,21.337528,temperature,6
2026-01-09T10:40:14+01:00,87f82783-853b-417d-8964-b5cf11e44873,41.035567,21.337528,gasResistance,400193
2026-01-09T10:40:14+01:00,87f82783-853b-417d-8964-b5cf11e44873,41.035567,21.337528,humidity,41
2026-01-09T10:40:14+01:00,87f82783-853b-417d-8964-b5cf11e44873,41.035567,21.337528,pm10,13
2026-01-09T10:40:14+01:00,87f82783-853b-417d-8964-b5cf11e44873,41.035567,21.337528,pm25,5
2026-01-09T10:40:14+01:00,87f82783-853b-417d-8964-b5cf11e44873,41.035567,21.337528,pressure,939
2026-01-09T10:40:14+01:00,87f82783-853b-417d-8964-b5cf11e44873,41.035567,21.337528,temperature,6
2026-01-09T10:55:45+01:00,87f82783-853b-417d-8964-b5cf11e44873,41.035567,21.337528,gasResistance,404272
2026-01-09T10:55:45+01:00,87f82783-853b-417d-8964-b5cf11e44873,41.035567,21.337528,humidity,41
2026-01-09T10:55:45+01:00,87f82783-853b-417d-8964-b5cf11e44873,41.035567,21.337528,pm10,6
2026-01-09T10:55:45+01:00,87f82783-853b-417d-8964-b5cf11e44873,41.035567,21.337528,pm25,2
2026-01-09T10:55:45+01:00,87f82783-853b-417d-8964-b5cf11e44873,41.035567,21.337528,pressure,939
2026-01-09T10:55:45+01:00,87f82783-853b-417d-8964-b5cf11e44873,41.035567,21.337528,temperature,7
2026-01-09T11:11:16+01:00,87f82783-853b-417d-8964-b5cf11e44873,41.035567,21.337528,gasResistance,404030
2026-01-09T11:11:16+01:00,87f82783-853b-417d-8964-b5cf11e44873,41.035567,21.337528,humidity,42
2026-01-09T11:11:16+01:00,87f82783-853b-417d-8964-b5cf11e44873,41.035567,21.337528,noise,11
2026-01-09T11:11:16+01:00,87f82783-853b-417d-8964-b5cf11e44873,41.035567,21.337528,noise_dba,24
2026-01-09T11:11:16+01:00,87f82783-853b-417d-8964-b5cf11e44873,41.035567,21.337528,pm10,6
2026-01-09T11:11:16+01:00,87f82783-853b-417d-8964-b5cf11e44873,41.035567,21.337528,pm25,3
2026-01-09T11:11:16+01:00,87f82783-853b-417d-8964-b5cf11e44873,41.035567,21.337528,pressure,939
2026-01-09T11:11:16+01:00,87f82783-853b-417d-8964-b5cf11e44873,41.035567,21.337528,temperature,7
2026-01-09T11:26:47+01:00,87f82783-853b-417d-8964-b5cf11e44873,41.035567,21.337528,gasResistance,405000
2026-01-09T11:26:47+01:00,87f82783-853b-417d-8964-b5cf11e44873,41.035567,21.337528,humidity,41
2026-01-09T11:26:47+01:00,87f82783-853b-417d-8964-b5cf11e44873,41.035567,21.337528,pm10,4
2026-01-09T11:26:47+01:00,87f82783-853b-417d-8964-b5cf11e44873,41.035567,21.337528,pm25,2
2026-01-09T11:26:47+01:00,87f82783-853b-417d-8964-b5cf11e44873,41.035567,21.337528,pressure,938
2026-01-09T11:26:47+01:00,87f82783-853b-417d-8964-b5cf11e44873,41.035567,21.337528,temperature,7
2026-01-09T11:42:18+01:00,87f82783-853b-417d-8964-b5cf11e44873,41.035567,21.337528,gasResistance,408930
2026-01-09T11:42:18+01:00,87f82783-853b-417d-8964-b5cf11e44873,41.035567,21.337528,humidity,40
2026-01-09T11:42:18+01:00,87f82783-853b-417d-8964-b5cf11e44873,41.035567,21.337528,pm10,18
2026-01-09T11:42:18+01:00,87f82783-853b-417d-8964-b5cf11e44873,41.035567,21.337528,pm25,6
2026-01-09T11:42:18+01:00,87f82783-853b-417d-8964-b5cf11e44873,41.035567,21.337528,pressure,938
2026-01-09T11:42:18+01:00,87f82783-853b-417d-8964-b5cf11e44873,41.035567,21.337528,temperature,7
2026-01-09T11:57:50+01:00,87f82783-853b-417d-8964-b5cf11e44873,41.035567,21.337528,gasResistance,402342
2026-01-09T11:57:50+01:00,87f82783-853b-417d-8964-b5cf11e44873,41.035567,21.337528,humidity,40
2026-01-09T11:57:50+01:00,87f82783-853b-417d-8964-b5cf11e44873,41.035567,21.337528,pm10,11
2026-01-09T11:57:50+01:00,87f82783-853b-417d-8964-b5cf11e44873,41.035567,21.337528,pm25,5
2026-01-09T11:57:50+01:00,87f82783-853b-417d-8964-b5cf11e44873,41.035567,21.337528,pressure,938
2026-01-09T11:57:50+01:00,87f82783-853b-417d-8964-b5cf11e44873,41.035567,21.337528,temperature,7
2026-01-09T12:13:21+01:00,87f82783-853b-417d-8964-b5cf11e44873,41.035567,21.337528,gasResistance,392964
2026-01-09T12:13:21+01:00,87f82783-853b-417d-8964-b5cf11e44873,41.035567,21.337528,humidity,45
2026-01-09T12:13:21+01:00,87f82783-853b-417d-8964-b5cf11e44873,41.035567,21.337528,pm10,21
2026-01-09T12:13:21+01:00,87f82783-853b-417d-8964-b5cf11e44873,41.035567,21.337528,pm25,11
2026-01-09T12:13:21+01:00,87f82783-853b-417d-8964-b5cf11e44873,41.035567,21.337528,pressure,938
2026-01-09T12:13:21+01:00,87f82783-853b-417d-8964-b5cf11e44873,41.035567,21.337528,temperature,8
2026-01-09T12:28:52+01:00,87f82783-853b-417d-8964-b5cf11e44873,41.035567,21.337528,gasResistance,381406
2026-01-09T12:28:52+01:00,87f82783-853b-417d-8964-b5cf11e44873,41.035567,21.337528,humidity,40
2026-01-09T12:28:52+01:00,87f82783-853b-417d-8964-b5cf11e44873,41.035567,21.337528,noise,11
2026-01-09T12:28:52+01:00,87f82783-853b-417d-8964-b5cf11e44873,41.035567,21.337528,noise_dba,24
2026-01-09T12:28:52+01:00,87f82783-853b-417d-8964-b5cf11e44873,41.035567,21.337528,pm10,39
2026-01-09T12:28:52+01:00,87f82783-853b-417d-8964-b5cf11e44873,41.035567,21.337528,pm25,18
2026-01-09T12:28:52+01:00,87f82783-853b-417d-8964-b5cf11e44873,41.035567,21.337528,pressure,938
2026-01-09T12:28:52+01:00,87f82783-853b-417d-8964-b5cf11e44873,41.035567,21.337528,temperature,8
2026-01-09T12:44:24+01:00,87f82783-853b-417d-8964-b5cf11e44873,41.035567,21.337528,gasResistance,379902
2026-01-09T12:44:24+01:00,87f82783-853b-417d-8964-b5cf11e44873,41.035567,21.337528,humidity,42
2026-01-09T12:44:24+01:00,87f82783-853b-417d-8964-b5cf11e44873,41.035567,21.337528,pm10,14
2026-01-09T12:44:24+01:00,87f82783-853b-417d-8964-b5cf11e44873,41.035567,21.337528,pm25,7
2026-01-09T12:44:24+01:00,87f82783-853b-417d-8964-b5cf11e44873,41.035567,21.337528,pressure,937
2026-01-09T12:44:24+01:00,87f82783-853b-417d-8964-b5cf11e44873,41.035567,21.337528,temperature,9
2026-01-09T12:59:55+01:00,87f82783-853b-417d-8964-b5cf11e44873,41.035567,21.337528,gasResistance,364418
2026-01-09T12:59:55+01:00,87f82783-853b-417d-8964-b5cf11e44873,41.035567,21.337528,humidity,39
2026-01-09T12:59:55+01:00,87f82783-853b-417d-8964-b5cf11e44873,41.035567,21.337528,pm10,199
2026-01-09T12:59:55+01:00,87f82783-853b-417d-8964-b5cf11e44873,41.035567,21.337528,pm25,85
2026-01-09T12:59:55+01:00,87f82783-853b-417d-8964-b5cf11e44873,41.035567,21.337528,pressure,937
2026-01-09T12:59:55+01:00,87f82783-853b-417d-8964-b5cf11e44873,41.035567,21.337528,temperature,9
2026-01-09T13:15:26+01:00,87f82783-853b-417d-8964-b5cf11e44873,41.035567,21.337528,gasResistance,353923
2026-01-09T13:15:26+01:00,87f82783-853b-417d-8964-b5cf11e44873,41.035567,21.337528,humidity,39
2026-01-09T13:15:26+01:00,87f82783-853b-417d-8964-b5cf11e44873,41.035567,21.337528,pm10,7
2026-01-09T13:15:26+01:00,87f82783-853b-417d-8964-b5cf11e44873,41.035567,21.337528,pm25,3
2026-01-09T13:15:26+01:00,87f82783-853b-417d-8964-b5cf11e44873,41.035567,21.337528,pressure,937
2026-01-09T13:15:26+01:00,87f82783-853b-417d-8964-b5cf11e44873,41.035567,21.337528,temperature,10
2026-01-09T13:30:57+01:00,87f82783-853b-417d-8964-b5cf11e44873,41.035567,21.337528,gasResistance,345448
2026-01-09T13:30:57+01:00,87f82783-853b-417d-8964-b5cf11e44873,41.035567,21.337528,humidity,38
2026-01-09T13:30:57+01:00,87f82783-853b-417d-8964-b5cf11e44873,41.035567,21.337528,pm10,38
2026-01-09T13:30:57+01:00,87f82783-853b-417d-8964-b5cf11e44873,41.035567,21.337528,pm25,19
2026-01-09T13:30:57+01:00,87f82783-853b-417d-8964-b5cf11e44873,41.035567,21.337528,pressure,937
2026-01-09T13:30:57+01:00,87f82783-853b-417d-8964-b5cf11e44873,41.035567,21.337528,temperature,10
2026-01-09T13:46:29+01:00,87f82783-853b-417d-8964-b5cf11e44873,41.035567,21.337528,gasResistance,344015
2026-01-09T13:46:29+01:00,87f82783-853b-417d-8964-b5cf11e44873,41.035567,21.337528,humidity,37
2026-01-09T13:46:29+01:00,87f82783-853b-417d-8964-b5cf11e44873,41.035567,21.337528,pm10,5
2026-01-09T13:46:29+01:00,87f82783-853b-417d-8964-b5cf11e44873,41.035567,21.337528,pm25,2
2026-01-09T13:46:29+01:00,87f82783-853b-417d-8964-b5cf11e44873,41.035567,21.337528,pressure,937
2026-01-09T13:46:29+01:00,87f82783-853b-417d-8964-b5cf11e44873,41.035567,21.337528,temperature,10
2026-01-09T14:02:00+01:00,87f82783-853b-417d-8964-b5cf11e44873,41.035567,21.337528,gasResistance,350557
2026-01-09T14:02:00+01:00,87f82783-853b-417d-8964-b5cf11e44873,41.035567,21.337528,humidity,37
2026-01-09T14:02:00+01:00,87f82783-853b-417d-8964-b5cf11e44873,41.035567,21.337528,pm10,23
2026-01-09T14:02:00+01:00,87f82783-853b-417d-8964-b5cf11e44873,41.035567,21.337528,pm25,14
2026-01-09T14:02:00+01:00,87f82783-853b-417d-8964-b5cf11e44873,41.035567,21.337528,pressure,936
2026-01-09T14:02:00+01:00,87f82783-853b-417d-8964-b5cf11e44873,41.035567,21.337528,temperature,11
2026-01-09T14:17:31+01:00,87f82783-853b-417d-8964-b5cf11e44873,41.035567,21.337528,gasResistance,344015
2026-01-09T14:17:31+01:00,87f82783-853b-417d-8964-b5cf11e44873,41.035567,21.337528,humidity,36
2026-01-09T14:17:31+01:00,87f82783-853b-417d-8964-b5cf11e44873,41.035567,21.337528,pm10,22
2026-01-09T14:17:31+01:00,87f82783-853b-417d-8964-b5cf11e44873,41.035567,21.337528,pm25,17
2026-01-09T14:17:31+01:00,87f82783-853b-417d-8964-b5cf11e44873,41.035567,21.337528,pressure,936
2026-01-09T14:17:31+01:00,87f82783-853b-417d-8964-b5cf11e44873,41.035567,21.337528,temperature,11
2026-01-09T14:33:03+01:00,87f82783-853b-417d-8964-b5cf11e44873,41.035567,21.337528,gasResistance,334310
2026-01-09T14:33:03+01:00,87f82783-853b-417d-8964-b5cf11e44873,41.035567,21.337528,humidity,38
2026-01-09T14:33:03+01:00,87f82783-853b-417d-8964-b5cf11e44873,41.035567,21.337528,pm10,36
2026-01-09T14:33:03+01:00,87f82783-853b-417d-8964-b5cf11e44873,41.035567,21.337528,pm25,17
2026-01-09T14:33:03+01:00,87f82783-853b-417d-8964-b5cf11e44873,41.035567,21.337528,pressure,936
2026-01-09T14:33:03+01:00,87f82783-853b-417d-8964-b5cf11e44873,41.035567,21.337528,temperature,11
2026-01-09T14:48:34+01:00,87f82783-853b-417d-8964-b5cf11e44873,41.035567,21.337528,gasResistance,330645
2026-01-09T14:48:34+01:00,87f82783-853b-417d-8964-b5cf11e44873,41.035567,21.337528,humidity,37
2026-01-09T14:48:34+01:00,87f82783-853b-417d-8964-b5cf11e44873,41.035567,21.337528,pm10,23
2026-01-09T14:48:34+01:00,87f82783-853b-417d-8964-b5cf11e44873,41.035567,21.337528,pm25,6
2026-01-09T14:48:34+01:00,87f82783-853b-417d-8964-b5cf11e44873,41.035567,21.337528,pressure,936
2026-01-09T14:48:34+01:00,87f82783-853b-417d-8964-b5cf11e44873,41.035567,21.337528,temperature,12
2026-01-09T15:04:05+01:00,87f82783-853b-417d-8964-b5cf11e44873,41.035567,21.337528,gasResistance,321670
2026-01-09T15:04:05+01:00,87f82783-853b-417d-8964-b5cf11e44873,41.035567,21.337528,humidity,39
2026-01-09T15:04:05+01:00,87f82783-853b-417d-8964-b5cf11e44873,41.035567,21.337528,pm10,41
2026-01-09T15:04:05+01:00,87f82783-853b-417d-8964-b5cf11e44873,41.035567,21.337528,pm25,19
2026-01-09T15:04:05+01:00,87f82783-853b-417d-8964-b5cf11e44873,41.035567,21.337528,pressure,935
2026-01-09T15:04:05+01:00,87f82783-853b-417d-8964-b5cf11e44873,41.035567,21.337528,temperature,11
2026-01-09T15:19:37+01:00,87f82783-853b-417d-8964-b5cf11e44873,41.035567,21.337528,gasResistance,305950
2026-01-09T15:19:37+01:00,87f82783-853b-417d-8964-b5cf11e44873,41.035567,21.337528,humidity,41
2026-01-09T15:19:37+01:00,87f82783-853b-417d-8964-b5cf11e44873,41.035567,21.337528,pm10,35
2026-01-09T15:19:37+01:00,87f82783-853b-417d-8964-b5cf11e44873,41.035567,21.337528,pm25,21
2026-01-09T15:19:37+01:00,87f82783-853b-417d-8964-b5cf11e44873,41.035567,21.337528,pressure,935
2026-01-09T15:19:37+01:00,87f82783-853b-417d-8964-b5cf11e44873,41.035567,21.337528,temperature,11
2026-01-09T15:35:08+01:00,87f82783-853b-417d-8964-b5cf11e44873,41.035567,21.337528,gasResistance,296120
2026-01-09T15:35:08+01:00,87f82783-853b-417d-8964-b5cf11e44873,41.035567,21.337528,humidity,44
2026-01-09T15:35:08+01:00,87f82783-853b-417d-8964-b5cf11e44873,41.035567,21.337528,pm10,22
2026-01-09T15:35:08+01:00,87f82783-853b-417d-8964-b5cf11e44873,41.035567,21.337528,pm25,13
2026-01-09T15:35:08+01:00,87f82783-853b-417d-8964-b5cf11e44873,41.035567,21.337528,pressure,935
2026-01-09T15:35:08+01:00,87f82783-853b-417d-8964-b5cf11e44873,41.035567,21.337528,temperature,11
2026-01-09T15:50:39+01:00,87f82783-853b-417d-8964-b5cf11e44873,41.035567,21.337528,gasResistance,288148
2026-01-09T15:50:39+01:00,87f82783-853b-417d-8964-b5cf11e44873,41.035567,21.337528,humidity,44
2026-01-09T15:50:39+01:00,87f82783-853b-417d-8964-b5cf11e44873,41.035567,21.337528,pm10,40
2026-01-09T15:50:39+01:00,87f82783-853b-417d-8964-b5cf11e44873,41.035567,21.337528,pm25,25
2026-01-09T15:50:39+01:00,87f82783-853b-417d-8964-b5cf11e44873,41.035567,21.337528,pressure,935
2026-01-09T15:50:39+01:00,87f82783-853b-417d-8964-b5cf11e44873,41.035567,21.337528,temperature,11
2026-01-09T16:06:11+01:00,87f82783-853b-417d-8964-b5cf11e44873,41.035567,21.337528,gasResistance,273426
2026-01-09T16:06:11+01:00,87f82783-853b-417d-8964-b5cf11e44873,41.035567,21.337528,humidity,48
2026-01-09T16:06:11+01:00,87f82783-853b-417d-8964-b5cf11e44873,41.035567,21.337528,pm10,128
2026-01-09T16:06:11+01:00,87f82783-853b-417d-8964-b5cf11e44873,41.035567,21.337528,pm25,57
2026-01-09T16:06:11+01:00,87f82783-853b-417d-8964-b5cf11e44873,41.035567,21.337528,pressure,935
2026-01-09T16:06:11+01:00,87f82783-853b-417d-8964-b5cf11e44873,41.035567,21.337528,temperature,10
2026-01-09T16:21:42+01:00,87f82783-853b-417d-8964-b5cf11e44873,41.035567,21.337528,gasResistance,260135
2026-01-09T16:21:42+01:00,87f82783-853b-417d-8964-b5cf11e44873,41.035567,21.337528,humidity,48
2026-01-09T16:21:42+01:00,87f82783-853b-417d-8964-b5cf11e44873,41.035567,21.337528,pm10,81
2026-01-09T16:21:42+01:00,87f82783-853b-417d-8964-b5cf11e44873,41.035567,21.337528,pm25,45
2026-01-09T16:21:42+01:00,87f82783-853b-417d-8964-b5cf11e44873,41.035567,21.337528,pressure,935
2026-01-09T16:21:42+01:00,87f82783-853b-417d-8964-b5cf11e44873,41.035567,21.337528,temperature,10
2026-01-09T16:37:14+01:00,87f82783-853b-417d-8964-b5cf11e44873,41.035567,21.337528,gasResistance,244963
2026-01-09T16:37:14+01:00,87f82783-853b-417d-8964-b5cf11e44873,41.035567,21.337528,humidity,50
2026-01-09T16:37:14+01:00,87f82783-853b-417d-8964-b5cf11e44873,41.035567,21.337528,pm10,127
2026-01-09T16:37:14+01:00,87f82783-853b-417d-8964-b5cf11e44873,41.035567,21.337528,pm25,67
2026-01-09T16:37:14+01:00,87f82783-853b-417d-8964-b5cf11e44873,41.035567,21.337528,pressure,935
2026-01-09T16:37:14+01:00,87f82783-853b-417d-8964-b5cf11e44873,41.035567,21.337528,temperature,10
2026-01-09T16:52:45+01:00,87f82783-853b-417d-8964-b5cf11e44873,41.035567,21.337528,gasResistance,233581
2026-01-09T16:52:45+01:00,87f82783-853b-417d-8964-b5cf11e44873,41.035567,21.337528,humidity,51
2026-01-09T16:52:45+01:00,87f82783-853b-417d-8964-b5cf11e44873,41.035567,21.337528,pm10,135
2026-01-09T16:52:45+01:00,87f82783-853b-417d-8964-b5cf11e44873,41.035567,21.337528,pm25,84
2026-01-09T16:52:45+01:00,87f82783-853b-417d-8964-b5cf11e44873,41.035567,21.337528,pressure,935
2026-01-09T16:52:45+01:00,87f82783-853b-417d-8964-b5cf11e44873,41.035567,21.337528,temperature,10
2026-01-09T17:08:16+01:00,87f82783-853b-417d-8964-b5cf11e44873,41.035567,21.337528,gasResistance,223361
2026-01-09T17:08:16+01:00,87f82783-853b-417d-8964-b5cf11e44873,41.035567,21.337528,humidity,51
2026-01-09T17:08:16+01:00,87f82783-853b-417d-8964-b5cf11e44873,41.035567,21.337528,pm10,163
2026-01-09T17:08:16+01:00,87f82783-853b-417d-8964-b5cf11e44873,41.035567,21.337528,pm25,93
2026-01-09T17:08:16+01:00,87f82783-853b-417d-8964-b5cf11e44873,41.035567,21.337528,pressure,935
2026-01-09T17:08:16+01:00,87f82783-853b-417d-8964-b5cf11e44873,41.035567,21.337528,temperature,9
2026-01-09T17:23:48+01:00,87f82783-853b-417d-8964-b5cf11e44873,41.035567,21.337528,gasResistance,209935
2026-01-09T17:23:48+01:00,87f82783-853b-417d-8964-b5cf11e44873,41.035567,21.337528,humidity,52
2026-01-09T17:23:48+01:00,87f82783-853b-417d-8964-b5cf11e44873,41.035567,21.337528,pm10,237
2026-01-09T17:23:48+01:00,87f82783-853b-417d-8964-b5cf11e44873,41.035567,21.337528,pm25,122
2026-01-09T17:23:48+01:00,87f82783-853b-417d-8964-b5cf11e44873,41.035567,21.337528,pressure,935
2026-01-09T17:23:48+01:00,87f82783-853b-417d-8964-b5cf11e44873,41.035567,21.337528,temperature,9
2026-01-09T17:39:19+01:00,87f82783-853b-417d-8964-b5cf11e44873,41.035567,21.337528,gasResistance,198506
2026-01-09T17:39:19+01:00,87f82783-853b-417d-8964-b5cf11e44873,41.035567,21.337528,humidity,54
2026-01-09T17:39:19+01:00,87f82783-853b-417d-8964-b5cf11e44873,41.035567,21.337528,pm10,226
2026-01-09T17:39:19+01:00,87f82783-853b-417d-8964-b5cf11e44873,41.035567,21.337528,pm25,127
2026-01-09T17:39:19+01:00,87f82783-853b-417d-8964-b5cf11e44873,41.035567,21.337528,pressure,935
2026-01-09T17:39:19+01:00,87f82783-853b-417d-8964-b5cf11e44873,41.035567,21.337528,temperature,9
2026-01-09T17:54:50+01:00,87f82783-853b-417d-8964-b5cf11e44873,41.035567,21.337528,gasResistance,189007
2026-01-09T17:54:50+01:00,87f82783-853b-417d-8964-b5cf11e44873,41.035567,21.337528,humidity,54
2026-01-09T17:54:50+01:00,87f82783-853b-417d-8964-b5cf11e44873,41.035567,21.337528,pm10,155
2026-01-09T17:54:50+01:00,87f82783-853b-417d-8964-b5cf11e44873,41.035567,21.337528,pm25,90
2026-01-09T17:54:50+01:00,87f82783-853b-417d-8964-b5cf11e44873,41.035567,21.337528,pressure,935
2026-01-09T17:54:50+01:00,87f82783-853b-417d-8964-b5cf11e44873,41.035567,21.337528,temperature,9
2026-01-09T18:10:21+01:00,87f82783-853b-417d-8964-b5cf11e44873,41.035567,21.337528,gasResistance,183624
2026-01-09T18:10:21+01:00,87f82783-853b-417d-8964-b5cf11e44873,41.035567,21.337528,humidity,54
2026-01-09T18:10:21+01:00,87f82783-853b-417d-8964-b5cf11e44873,41.035567,21.337528,noise,11
2026-01-09T18:10:21+01:00,87f82783-853b-417d-8964-b5cf11e44873,41.035567,21.337528,noise_dba,24
2026-01-09T18:10:21+01:00,87f82783-853b-417d-8964-b5cf11e44873,41.035567,21.337528,pm10,183
2026-01-09T18:10:21+01:00,87f82783-853b-417d-8964-b5cf11e44873,41.035567,21.337528,pm25,104
2026-01-09T18:10:21+01:00,87f82783-853b-417d-8964-b5cf11e44873,41.035567,21.337528,pressure,934
2026-01-09T18:10:21+01:00,87f82783-853b-417d-8964-b5cf11e44873,41.035567,21.337528,temperature,9
2026-01-09T18:25:53+01:00,87f82783-853b-417d-8964-b5cf11e44873,41.035567,21.337528,gasResistance,180481
2026-01-09T18:25:53+01:00,87f82783-853b-417d-8964-b5cf11e44873,41.035567,21.337528,humidity,57
2026-01-09T18:25:53+01:00,87f82783-853b-417d-8964-b5cf11e44873,41.035567,21.337528,pm10,113
2026-01-09T18:25:53+01:00,87f82783-853b-417d-8964-b5cf11e44873,41.035567,21.337528,pm25,62
2026-01-09T18:25:53+01:00,87f82783-853b-417d-8964-b5cf11e44873,41.035567,21.337528,pressure,934
2026-01-09T18:25:53+01:00,87f82783-853b-417d-8964-b5cf11e44873,41.035567,21.337528,temperature,9
2026-01-09T18:41:24+01:00,87f82783-853b-417d-8964-b5cf11e44873,41.035567,21.337528,gasResistance,174509
2026-01-09T18:41:24+01:00,87f82783-853b-417d-8964-b5cf11e44873,41.035567,21.337528,humidity,59
2026-01-09T18:41:24+01:00,87f82783-853b-417d-8964-b5cf11e44873,41.035567,21.337528,pm10,171
2026-01-09T18:41:24+01:00,87f82783-853b-417d-8964-b5cf11e44873,41.035567,21.337528,pm25,102
2026-01-09T18:41:24+01:00,87f82783-853b-417d-8964-b5cf11e44873,41.035567,21.337528,pressure,934
2026-01-09T18:41:24+01:00,87f82783-853b-417d-8964-b5cf11e44873,41.035567,21.337528,temperature,9
2026-01-09T18:56:55+01:00,87f82783-853b-417d-8964-b5cf11e44873,41.035567,21.337528,gasResistance,170283
2026-01-09T18:56:55+01:00,87f82783-853b-417d-8964-b5cf11e44873,41.035567,21.337528,humidity,61
2026-01-09T18:56:55+01:00,87f82783-853b-417d-8964-b5cf11e44873,41.035567,21.337528,pm10,176
2026-01-09T18:56:55+01:00,87f82783-853b-417d-8964-b5cf11e44873,41.035567,21.337528,pm25,92
2026-01-09T18:56:55+01:00,87f82783-853b-417d-8964-b5cf11e44873,41.035567,21.337528,pressure,934
2026-01-09T18:56:55+01:00,87f82783-853b-417d-8964-b5cf11e44873,41.035567,21.337528,temperature,8
2026-01-09T19:12:27+01:00,87f82783-853b-417d-8964-b5cf11e44873,41.035567,21.337528,gasResistance,165279
2026-01-09T19:12:27+01:00,87f82783-853b-417d-8964-b5cf11e44873,41.035567,21.337528,humidity,63
2026-01-09T19:12:27+01:00,87f82783-853b-417d-8964-b5cf11e44873,41.035567,21.337528,pm10,194
2026-01-09T19:12:27+01:00,87f82783-853b-417d-8964-b5cf11e44873,41.035567,21.337528,pm25,106
2026-01-09T19:12:27+01:00,87f82783-853b-417d-8964-b5cf11e44873,41.035567,21.337528,pressure,934
2026-01-09T19:12:27+01:00,87f82783-853b-417d-8964-b5cf11e44873,41.035567,21.337528,temperature,8
2026-01-09T19:27:58+01:00,87f82783-853b-417d-8964-b5cf11e44873,41.035567,21.337528,gasResistance,159499
2026-01-09T19:27:58+01:00,87f82783-853b-417d-8964-b5cf11e44873,41.035567,21.337528,humidity,64
2026-01-09T19:27:58+01:00,87f82783-853b-417d-8964-b5cf11e44873,41.035567,21.337528,pm10,171
2026-01-09T19:27:58+01:00,87f82783-853b-417d-8964-b5cf11e44873,41.035567,21.337528,pm25,98
2026-01-09T19:27:58+01:00,87f82783-853b-417d-8964-b5cf11e44873,41.035567,21.337528,pressure,934
2026-01-09T19:27:58+01:00,87f82783-853b-417d-8964-b5cf11e44873,41.035567,21.337528,temperature,8
2026-01-09T19:43:29+01:00,87f82783-853b-417d-8964-b5cf11e44873,41.035567,21.337528,gasResistance,155101
2026-01-09T19:43:29+01:00,87f82783-853b-417d-8964-b5cf11e44873,41.035567,21.337528,humidity,65
2026-01-09T19:43:29+01:00,87f82783-853b-417d-8964-b5cf11e44873,41.035567,21.337528,pm10,198
2026-01-09T19:43:29+01:00,87f82783-853b-417d-8964-b5cf11e44873,41.035567,21.337528,pm25,120
2026-01-09T19:43:29+01:00,87f82783-853b-417d-8964-b5cf11e44873,41.035567,21.337528,pressure,934
2026-01-09T19:43:29+01:00,87f82783-853b-417d-8964-b5cf11e44873,41.035567,21.337528,temperature,8
2026-01-09T19:59:00+01:00,87f82783-853b-417d-8964-b5cf11e44873,41.035567,21.337528,gasResistance,152853
2026-01-09T19:59:00+01:00,87f82783-853b-417d-8964-b5cf11e44873,41.035567,21.337528,humidity,65
2026-01-09T19:59:00+01:00,87f82783-853b-417d-8964-b5cf11e44873,41.035567,21.337528,pm10,143
2026-01-09T19:59:00+01:00,87f82783-853b-417d-8964-b5cf11e44873,41.035567,21.337528,pm25,90
2026-01-09T19:59:00+01:00,87f82783-853b-417d-8964-b5cf11e44873,41.035567,21.337528,pressure,933
2026-01-09T19:59:00+01:00,87f82783-853b-417d-8964-b5cf11e44873,41.035567,21.337528,temperature,8
2026-01-09T20:14:32+01:00,87f82783-853b-417d-8964-b5cf11e44873,41.035567,21.337528,gasResistance,153549
2026-01-09T20:14:32+01:00,87f82783-853b-417d-8964-b5cf11e44873,41.035567,21.337528,humidity,65
2026-01-09T20:14:32+01:00,87f82783-853b-417d-8964-b5cf11e44873,41.035567,21.337528,pm10,77
2026-01-09T20:14:32+01:00,87f82783-853b-417d-8964-b5cf11e44873,41.035567,21.337528,pm25,46
2026-01-09T20:14:32+01:00,87f82783-853b-417d-8964-b5cf11e44873,41.035567,21.337528,pressure,933
2026-01-09T20:14:32+01:00,87f82783-853b-417d-8964-b5cf11e44873,41.035567,21.337528,temperature,8
2026-01-09T20:30:03+01:00,87f82783-853b-417d-8964-b5cf11e44873,41.035567,21.337528,gasResistance,155244
2026-01-09T20:30:03+01:00,87f82783-853b-417d-8964-b5cf11e44873,41.035567,21.337528,humidity,66
2026-01-09T20:30:03+01:00,87f82783-853b-417d-8964-b5cf11e44873,41.035567,21.337528,pm10,62
2026-01-09T20:30:03+01:00,87f82783-853b-417d-8964-b5cf11e44873,41.035567,21.337528,pm25,38
2026-01-09T20:30:03+01:00,87f82783-853b-417d-8964-b5cf11e44873,41.035567,21.337528,pressure,933
2026-01-09T20:30:03+01:00,87f82783-853b-417d-8964-b5cf11e44873,41.035567,21.337528,temperature,8
2026-01-09T20:45:35+01:00,87f82783-853b-417d-8964-b5cf11e44873,41.035567,21.337528,gasResistance,160714
2026-01-09T20:45:35+01:00,87f82783-853b-417d-8964-b5cf11e44873,41.035567,21.337528,humidity,65
2026-01-09T20:45:35+01:00,87f82783-853b-417d-8964-b5cf11e44873,41.035567,21.337528,pm10,39
2026-01-09T20:45:35+01:00,87f82783-853b-417d-8964-b5cf11e44873,41.035567,21.337528,pm25,21
2026-01-09T20:45:35+01:00,87f82783-853b-417d-8964-b5cf11e44873,41.035567,21.337528,pressure,933
2026-01-09T20:45:35+01:00,87f82783-853b-417d-8964-b5cf11e44873,41.035567,21.337528,temperature,8
2026-01-09T21:01:06+01:00,87f82783-853b-417d-8964-b5cf11e44873,41.035567,21.337528,gasResistance,165117
2026-01-09T21:01:06+01:00,87f82783-853b-417d-8964-b5cf11e44873,41.035567,21.337528,humidity,65
2026-01-09T21:01:06+01:00,87f82783-853b-417d-8964-b5cf11e44873,41.035567,21.337528,pm10,39
2026-01-09T21:01:06+01:00,87f82783-853b-417d-8964-b5cf11e44873,41.035567,21.337528,pm25,21
2026-01-09T21:01:06+01:00,87f82783-853b-417d-8964-b5cf11e44873,41.035567,21.337528,pressure,932
2026-01-09T21:01:06+01:00,87f82783-853b-417d-8964-b5cf11e44873,41.035567,21.337528,temperature,8
2026-01-09T21:16:37+01:00,87f82783-853b-417d-8964-b5cf11e44873,41.035567,21.337528,gasResistance,168919
2026-01-09T21:16:37+01:00,87f82783-853b-417d-8964-b5cf11e44873,41.035567,21.337528,humidity,65
2026-01-09T21:16:37+01:00,87f82783-853b-417d-8964-b5cf11e44873,41.035567,21.337528,pm10,50
2026-01-09T21:16:37+01:00,87f82783-853b-417d-8964-b5cf11e44873,41.035567,21.337528,pm25,23
2026-01-09T21:16:37+01:00,87f82783-853b-417d-8964-b5cf11e44873,41.035567,21.337528,pressure,932
2026-01-09T21:16:37+01:00,87f82783-853b-417d-8964-b5cf11e44873,41.035567,21.337528,temperature,8
2026-01-09T21:32:09+01:00,87f82783-853b-417d-8964-b5cf11e44873,41.035567,21.337528,gasResistance,174689
2026-01-09T21:32:09+01:00,87f82783-853b-417d-8964-b5cf11e44873,41.035567,21.337528,humidity,64
2026-01-09T21:32:09+01:00,87f82783-853b-417d-8964-b5cf11e44873,41.035567,21.337528,pm10,31
2026-01-09T21:32:09+01:00,87f82783-853b-417d-8964-b5cf11e44873,41.035567,21.337528,pm25,13
2026-01-09T21:32:09+01:00,87f82783-853b-417d-8964-b5cf11e44873,41.035567,21.337528,pressure,932
2026-01-09T21:32:09+01:00,87f82783-853b-417d-8964-b5cf11e44873,41.035567,21.337528,temperature,8
2026-01-09T21:47:40+01:00,87f82783-853b-417d-8964-b5cf11e44873,41.035567,21.337528,gasResistance,180481
2026-01-09T21:47:40+01:00,87f82783-853b-417d-8964-b5cf11e44873,41.035567,21.337528,humidity,61
2026-01-09T21:47:40+01:00,87f82783-853b-417d-8964-b5cf11e44873,41.035567,21.337528,noise,11
2026-01-09T21:47:40+01:00,87f82783-853b-417d-8964-b5cf11e44873,41.035567,21.337528,noise_dba,24
2026-01-09T21:47:40+01:00,87f82783-853b-417d-8964-b5cf11e44873,41.035567,21.337528,pm10,42
2026-01-09T21:47:40+01:00,87f82783-853b-417d-8964-b5cf11e44873,41.035567,21.337528,pm25,24
2026-01-09T21:47:40+01:00,87f82783-853b-417d-8964-b5cf11e44873,41.035567,21.337528,pressure,932
2026-01-09T21:47:40+01:00,87f82783-853b-417d-8964-b5cf11e44873,41.035567,21.337528,temperature,9
2026-01-09T22:03:11+01:00,87f82783-853b-417d-8964-b5cf11e44873,41.035567,21.337528,gasResistance,183225
2026-01-09T22:03:11+01:00,87f82783-853b-417d-8964-b5cf11e44873,41.035567,21.337528,humidity,61
2026-01-09T22:03:11+01:00,87f82783-853b-417d-8964-b5cf11e44873,41.035567,21.337528,pm10,57
2026-01-09T22:03:11+01:00,87f82783-853b-417d-8964-b5cf11e44873,41.035567,21.337528,pm25,37
2026-01-09T22:03:11+01:00,87f82783-853b-417d-8964-b5cf11e44873,41.035567,21.337528,pressure,932
2026-01-09T22:03:11+01:00,87f82783-853b-417d-8964-b5cf11e44873,41.035567,21.337528,temperature,9
2026-01-09T22:18:43+01:00,87f82783-853b-417d-8964-b5cf11e44873,41.035567,21.337528,gasResistance,182235
2026-01-09T22:18:43+01:00,87f82783-853b-417d-8964-b5cf11e44873,41.035567,21.337528,humidity,61
2026-01-09T22:18:43+01:00,87f82783-853b-417d-8964-b5cf11e44873,41.035567,21.337528,pm10,37
2026-01-09T22:18:43+01:00,87f82783-853b-417d-8964-b5cf11e44873,41.035567,21.337528,pm25,19
2026-01-09T22:18:43+01:00,87f82783-853b-417d-8964-b5cf11e44873,41.035567,21.337528,pressure,932
2026-01-09T22:18:43+01:00,87f82783-853b-417d-8964-b5cf11e44873,41.035567,21.337528,temperature,10
2026-01-09T22:34:14+01:00,87f82783-853b-417d-8964-b5cf11e44873,41.035567,21.337528,gasResistance,186053
2026-01-09T22:34:14+01:00,87f82783-853b-417d-8964-b5cf11e44873,41.035567,21.337528,humidity,58
2026-01-09T22:34:14+01:00,87f82783-853b-417d-8964-b5cf11e44873,41.035567,21.337528,pm10,27
2026-01-09T22:34:14+01:00,87f82783-853b-417d-8964-b5cf11e44873,41.035567,21.337528,pm25,16
2026-01-09T22:34:14+01:00,87f82783-853b-417d-8964-b5cf11e44873,41.035567,21.337528,pressure,932
2026-01-09T22:34:14+01:00,87f82783-853b-417d-8964-b5cf11e44873,41.035567,21.337528,temperature,10
2026-01-09T22:49:45+01:00,87f82783-853b-417d-8964-b5cf11e44873,41.035567,21.337528,gasResistance,189223
2026-01-09T22:49:45+01:00,87f82783-853b-417d-8964-b5cf11e44873,41.035567,21.337528,humidity,57
2026-01-09T22:49:45+01:00,87f82783-853b-417d-8964-b5cf11e44873,41.035567,21.337528,pm10,19
2026-01-09T22:49:45+01:00,87f82783-853b-417d-8964-b5cf11e44873,41.035567,21.337528,pm25,11
2026-01-09T22:49:45+01:00,87f82783-853b-417d-8964-b5cf11e44873,41.035567,21.337528,pressure,931
2026-01-09T22:49:45+01:00,87f82783-853b-417d-8964-b5cf11e44873,41.035567,21.337528,temperature,11
2026-01-09T23:05:17+01:00,87f82783-853b-417d-8964-b5cf11e44873,41.035567,21.337528,gasResistance,186984
2026-01-09T23:05:17+01:00,87f82783-853b-417d-8964-b5cf11e44873,41.035567,21.337528,humidity,57
2026-01-09T23:05:17+01:00,87f82783-853b-417d-8964-b5cf11e44873,41.035567,21.337528,pm10,25
2026-01-09T23:05:17+01:00,87f82783-853b-417d-8964-b5cf11e44873,41.035567,21.337528,pm25,12
2026-01-09T23:05:17+01:00,87f82783-853b-417d-8964-b5cf11e44873,41.035567,21.337528,pressure,931
2026-01-09T23:05:17+01:00,87f82783-853b-417d-8964-b5cf11e44873,41.035567,21.337528,temperature,11
2026-01-09T23:20:48+01:00,87f82783-853b-417d-8964-b5cf11e44873,41.035567,21.337528,gasResistance,188900
2026-01-09T23:20:48+01:00,87f82783-853b-417d-8964-b5cf11e44873,41.035567,21.337528,humidity,56
2026-01-09T23:20:48+01:00,87f82783-853b-417d-8964-b5cf11e44873,41.035567,21.337528,noise,11
2026-01-09T23:20:48+01:00,87f82783-853b-417d-8964-b5cf11e44873,41.035567,21.337528,noise_dba,24
2026-01-09T23:20:48+01:00,87f82783-853b-417d-8964-b5cf11e44873,41.035567,21.337528,pm10,5
2026-01-09T23:20:48+01:00,87f82783-853b-417d-8964-b5cf11e44873,41.035567,21.337528,pm25,3
2026-01-09T23:20:48+01:00,87f82783-853b-417d-8964-b5cf11e44873,41.035567,21.337528,pressure,931
2026-01-09T23:20:48+01:00,87f82783-853b-417d-8964-b5cf11e44873,41.035567,21.337528,temperature,11
2026-01-09T23:36:19+01:00,87f82783-853b-417d-8964-b5cf11e44873,41.035567,21.337528,gasResistance,189764
2026-01-09T23:36:19+01:00,87f82783-853b-417d-8964-b5cf11e44873,41.035567,21.337528,humidity,56
2026-01-09T23:36:19+01:00,87f82783-853b-417d-8964-b5cf11e44873,41.035567,21.337528,pm10,1
2026-01-09T23:36:19+01:00,87f82783-853b-417d-8964-b5cf11e44873,41.035567,21.337528,pm25,1
2026-01-09T23:36:19+01:00,87f82783-853b-417d-8964-b5cf11e44873,41.035567,21.337528,pressure,931
2026-01-09T23:36:19+01:00,87f82783-853b-417d-8964-b5cf11e44873,41.035567,21.337528,temperature,11
2026-01-09T23:51:50+01:00,87f82783-853b-417d-8964-b5cf11e44873,41.035567,21.337528,gasResistance,188578
2026-01-09T23:51:50+01:00,87f82783-853b-417d-8964-b5cf11e44873,41.035567,21.337528,humidity,57
2026-01-09T23:51:50+01:00,87f82783-853b-417d-8964-b5cf11e44873,41.035567,21.337528,pm10,21
2026-01-09T23:51:50+01:00,87f82783-853b-417d-8964-b5cf11e44873,41.035567,21.337528,pm25,8
2026-01-09T23:51:50+01:00,87f82783-853b-417d-8964-b5cf11e44873,41.035567,21.337528,pressure,930
2026-01-09T23:51:50+01:00,87f82783-853b-417d-8964-b5cf11e44873,41.035567,21.337528,temperature,11
2026-01-10T00:07:22+01:00,87f82783-853b-417d-8964-b5cf11e44873,41.035567,21.337528,gasResistance,188043
2026-01-10T00:07:22+01:00,87f82783-853b-417d-8964-b5cf11e44873,41.035567,21.337528,humidity,58
2026-01-10T00:07:22+01:00,87f82783-853b-417d-8964-b5cf11e44873,41.035567,21.337528,pm10,36
2026-01-10T00:07:22+01:00,87f82783-853b-417d-8964-b5cf11e44873,41.035567,21.337528,pm25,12
2026-01-10T00:07:22+01:00,87f82783-853b-417d-8964-b5cf11e44873,41.035567,21.337528,pressure,930
2026-01-10T00:07:22+01:00,87f82783-853b-417d-8964-b5cf11e44873,41.035567,21.337528,temperature,11
2026-01-10T00:22:53+01:00,87f82783-853b-417d-8964-b5cf11e44873,41.035567,21.337528,gasResistance,188150
2026-01-10T00:22:53+01:00,87f82783-853b-417d-8964-b5cf11e44873,41.035567,21.337528,humidity,60
2026-01-10T00:22:53+01:00,87f82783-853b-417d-8964-b5cf11e44873,41.035567,21.337528,pm10,13
2026-01-10T00:22:53+01:00,87f82783-853b-417d-8964-b5cf11e44873,41.035567,21.337528,pm25,8
2026-01-10T00:22:53+01:00,87f82783-853b-417d-8964-b5cf11e44873,41.035567,21.337528,pressure,930
2026-01-10T00:22:53+01:00,87f82783-853b-417d-8964-b5cf11e44873,41.035567,21.337528,temperature,11
2026-01-10T00:38:24+01:00,87f82783-853b-417d-8964-b5cf11e44873,41.035567,21.337528,gasResistance,186668
2026-01-10T00:38:24+01:00,87f82783-853b-417d-8964-b5cf11e44873,41.035567,21.337528,humidity,60
2026-01-10T00:38:24+01:00,87f82783-853b-417d-8964-b5cf11e44873,41.035567,21.337528,pm10,15
2026-01-10T00:38:24+01:00,87f82783-853b-417d-8964-b5cf11e44873,41.035567,21.337528,pm25,8
2026-01-10T00:38:24+01:00,87f82783-853b-417d-8964-b5cf11e44873,41.035567,21.337528,pressure,930
2026-01-10T00:38:24+01:00,87f82783-853b-417d-8964-b5cf11e44873,41.035567,21.337528,temperature,11
2026-01-10T00:53:55+01:00,87f82783-853b-417d-8964-b5cf11e44873,41.035567,21.337528,gasResistance,188578
2026-01-10T00:53:55+01:00,87f82783-853b-417d-8964-b5cf11e44873,41.035567,21.337528,humidity,61
2026-01-10T00:53:55+01:00,87f82783-853b-417d-8964-b5cf11e44873,41.035567,21.337528,pm10,13
2026-01-10T00:53:55+01:00,87f82783-853b-417d-8964-b5cf11e44873,41.035567,21.337528,pm25,7
2026-01-10T00:53:55+01:00,87f82783-853b-417d-8964-b5cf11e44873,41.035567,21.337528,pressure,930
2026-01-10T00:53:55+01:00,87f82783-853b-417d-8964-b5cf11e44873,41.035567,21.337528,temperature,11
2026-01-10T01:09:27+01:00,87f82783-853b-417d-8964-b5cf11e44873,41.035567,21.337528,gasResistance,184225
2026-01-10T01:09:27+01:00,87f82783-853b-417d-8964-b5cf11e44873,41.035567,21.337528,humidity,66
2026-01-10T01:09:27+01:00,87f82783-853b-417d-8964-b5cf11e44873,41.035567,21.337528,pm10,16
2026-01-10T01:09:27+01:00,87f82783-853b-417d-8964-b5cf11e44873,41.035567,21.337528,pm25,10
2026-01-10T01:09:27+01:00,87f82783-853b-417d-8964-b5cf11e44873,41.035567,21.337528,pressure,930
2026-01-10T01:09:27+01:00,87f82783-853b-417d-8964-b5cf11e44873,41.035567,21.337528,temperature,11
2026-01-10T01:24:58+01:00,87f82783-853b-417d-8964-b5cf11e44873,41.035567,21.337528,gasResistance,173433
2026-01-10T01:24:58+01:00,87f82783-853b-417d-8964-b5cf11e44873,41.035567,21.337528,humidity,68
2026-01-10T01:24:58+01:00,87f82783-853b-417d-8964-b5cf11e44873,41.035567,21.337528,noise,11
2026-01-10T01:24:58+01:00,87f82783-853b-417d-8964-b5cf11e44873,41.035567,21.337528,noise_dba,24
2026-01-10T01:24:58+01:00,87f82783-853b-417d-8964-b5cf11e44873,41.035567,21.337528,pm10,28
2026-01-10T01:24:58+01:00,87f82783-853b-417d-8964-b5cf11e44873,41.035567,21.337528,pm25,15
2026-01-10T01:24:58+01:00,87f82783-853b-417d-8964-b5cf11e44873,41.035567,21.337528,pressure,930
2026-01-10T01:24:58+01:00,87f82783-853b-417d-8964-b5cf11e44873,41.035567,21.337528,temperature,11
2026-01-10T01:40:30+01:00,87f82783-853b-417d-8964-b5cf11e44873,41.035567,21.337528,gasResistance,164634
2026-01-10T01:40:30+01:00,87f82783-853b-417d-8964-b5cf11e44873,41.035567,21.337528,humidity,70
2026-01-10T01:40:30+01:00,87f82783-853b-417d-8964-b5cf11e44873,41.035567,21.337528,noise,12
2026-01-10T01:40:30+01:00,87f82783-853b-417d-8964-b5cf11e44873,41.035567,21.337528,noise_dba,25
2026-01-10T01:40:30+01:00,87f82783-853b-417d-8964-b5cf11e44873,41.035567,21.337528,pm10,30
2026-01-10T01:40:30+01:00,87f82783-853b-417d-8964-b5cf11e44873,41.035567,21.337528,pm25,18
2026-01-10T01:40:30+01:00,87f82783-853b-417d-8964-b5cf11e44873,41.035567,21.337528,pressure,930
2026-01-10T01:40:30+01:00,87f82783-853b-417d-8964-b5cf11e44873,41.035567,21.337528,temperature,11
2026-01-10T01:56:01+01:00,87f82783-853b-417d-8964-b5cf11e44873,41.035567,21.337528,gasResistance,157269
2026-01-10T01:56:01+01:00,87f82783-853b-417d-8964-b5cf11e44873,41.035567,21.337528,humidity,72
2026-01-10T01:56:01+01:00,87f82783-853b-417d-8964-b5cf11e44873,41.035567,21.337528,pm10,31
2026-01-10T01:56:01+01:00,87f82783-853b-417d-8964-b5cf11e44873,41.035567,21.337528,pm25,18
2026-01-10T01:56:01+01:00,87f82783-853b-417d-8964-b5cf11e44873,41.035567,21.337528,pressure,930
2026-01-10T01:56:01+01:00,87f82783-853b-417d-8964-b5cf11e44873,41.035567,21.337528,temperature,11
2026-01-10T02:11:32+01:00,87f82783-853b-417d-8964-b5cf11e44873,41.035567,21.337528,gasResistance,155817
2026-01-10T02:11:32+01:00,87f82783-853b-417d-8964-b5cf11e44873,41.035567,21.337528,humidity,72
2026-01-10T02:11:32+01:00,87f82783-853b-417d-8964-b5cf11e44873,41.035567,21.337528,pm10,13
2026-01-10T02:11:32+01:00,87f82783-853b-417d-8964-b5cf11e44873,41.035567,21.337528,pm25,8
2026-01-10T02:11:32+01:00,87f82783-853b-417d-8964-b5cf11e44873,41.035567,21.337528,pressure,930
2026-01-10T02:11:32+01:00,87f82783-853b-417d-8964-b5cf11e44873,41.035567,21.337528,temperature,10
2026-01-10T02:27:04+01:00,87f82783-853b-417d-8964-b5cf11e44873,41.035567,21.337528,gasResistance,153270
2026-01-10T02:27:04+01:00,87f82783-853b-417d-8964-b5cf11e44873,41.035567,21.337528,humidity,73
2026-01-10T02:27:04+01:00,87f82783-853b-417d-8964-b5cf11e44873,41.035567,21.337528,pm10,10
2026-01-10T02:27:04+01:00,87f82783-853b-417d-8964-b5cf11e44873,41.035567,21.337528,pm25,5
2026-01-10T02:27:04+01:00,87f82783-853b-417d-8964-b5cf11e44873,41.035567,21.337528,pressure,930
2026-01-10T02:27:04+01:00,87f82783-853b-417d-8964-b5cf11e44873,41.035567,21.337528,temperature,10
2026-01-10T02:42:35+01:00,87f82783-853b-417d-8964-b5cf11e44873,41.035567,21.337528,gasResistance,152992
2026-01-10T02:42:35+01:00,87f82783-853b-417d-8964-b5cf11e44873,41.035567,21.337528,humidity,73
2026-01-10T02:42:35+01:00,87f82783-853b-417d-8964-b5cf11e44873,41.035567,21.337528,pm10,21
2026-01-10T02:42:35+01:00,87f82783-853b-417d-8964-b5cf11e44873,41.035567,21.337528,pm25,9
2026-01-10T02:42:35+01:00,87f82783-853b-417d-8964-b5cf11e44873,41.035567,21.337528,pressure,930
2026-01-10T02:42:35+01:00,87f82783-853b-417d-8964-b5cf11e44873,41.035567,21.337528,temperature,10
2026-01-10T02:58:07+01:00,87f82783-853b-417d-8964-b5cf11e44873,41.035567,21.337528,gasResistance,152577
2026-01-10T02:58:07+01:00,87f82783-853b-417d-8964-b5cf11e44873,41.035567,21.337528,humidity,74
2026-01-10T02:58:07+01:00,87f82783-853b-417d-8964-b5cf11e44873,41.035567,21.337528,noise,11
2026-01-10T02:58:07+01:00,87f82783-853b-417d-8964-b5cf11e44873,41.035567,21.337528,noise_dba,24
2026-01-10T02:58:07+01:00,87f82783-853b-417d-8964-b5cf11e44873,41.035567,21.337528,pm10,36
2026-01-10T02:58:07+01:00,87f82783-853b-417d-8964-b5cf11e44873,41.035567,21.337528,pm25,17
2026-01-10T02:58:07+01:00,87f82783-853b-417d-8964-b5cf11e44873,41.035567,21.337528,pressure,930
2026-01-10T02:58:07+01:00,87f82783-853b-417d-8964-b5cf11e44873,41.035567,21.337528,temperature,10
2026-01-10T03:13:38+01:00,87f82783-853b-417d-8964-b5cf11e44873,41.035567,21.337528,gasResistance,152853
2026-01-10T03:13:38+01:00,87f82783-853b-417d-8964-b5cf11e44873,41.035567,21.337528,humidity,74
2026-01-10T03:13:38+01:00,87f82783-853b-417d-8964-b5cf11e44873,41.035567,21.337528,noise,11
2026-01-10T03:13:38+01:00,87f82783-853b-417d-8964-b5cf11e44873,41.035567,21.337528,noise_dba,24
2026-01-10T03:13:38+01:00,87f82783-853b-417d-8964-b5cf11e44873,41.035567,21.337528,pm10,8
2026-01-10T03:13:38+01:00,87f82783-853b-417d-8964-b5cf11e44873,41.035567,21.337528,pm25,4
2026-01-10T03:13:38+01:00,87f82783-853b-417d-8964-b5cf11e44873,41.035567,21.337528,pressure,930
2026-01-10T03:13:38+01:00,87f82783-853b-417d-8964-b5cf11e44873,41.035567,21.337528,temperature,10
2026-01-10T03:29:09+01:00,87f82783-853b-417d-8964-b5cf11e44873,41.035567,21.337528,gasResistance,150267
2026-01-10T03:29:09+01:00,87f82783-853b-417d-8964-b5cf11e44873,41.035567,21.337528,humidity,75
2026-01-10T03:29:09+01:00,87f82783-853b-417d-8964-b5cf11e44873,41.035567,21.337528,noise,11
2026-01-10T03:29:09+01:00,87f82783-853b-417d-8964-b5cf11e44873,41.035567,21.337528,noise_dba,24
2026-01-10T03:29:09+01:00,87f82783-853b-417d-8964-b5cf11e44873,41.035567,21.337528,pm10,32
2026-01-10T03:29:09+01:00,87f82783-853b-417d-8964-b5cf11e44873,41.035567,21.337528,pm25,19
2026-01-10T03:29:09+01:00,87f82783-853b-417d-8964-b5cf11e44873,41.035567,21.337528,pressure,930
2026-01-10T03:29:09+01:00,87f82783-853b-417d-8964-b5cf11e44873,41.035567,21.337528,temperature,10
2026-01-10T03:44:40+01:00,87f82783-853b-417d-8964-b5cf11e44873,41.035567,21.337528,gasResistance,146104
2026-01-10T03:44:40+01:00,87f82783-853b-417d-8964-b5cf11e44873,41.035567,21.337528,humidity,76
2026-01-10T03:44:40+01:00,87f82783-853b-417d-8964-b5cf11e44873,41.035567,21.337528,noise,11
2026-01-10T03:44:40+01:00,87f82783-853b-417d-8964-b5cf11e44873,41.035567,21.337528,noise_dba,24
2026-01-10T03:44:40+01:00,87f82783-853b-417d-8964-b5cf11e44873,41.035567,21.337528,pm10,48
2026-01-10T03:44:40+01:00,87f82783-853b-417d-8964-b5cf11e44873,41.035567,21.337528,pm25,26
2026-01-10T03:44:40+01:00,87f82783-853b-417d-8964-b5cf11e44873,41.035567,21.337528,pressure,930
2026-01-10T03:44:40+01:00,87f82783-853b-417d-8964-b5cf11e44873,41.035567,21.337528,temperature,10
2026-01-10T04:00:12+01:00,87f82783-853b-417d-8964-b5cf11e44873,41.035567,21.337528,gasResistance,143495
2026-01-10T04:00:12+01:00,87f82783-853b-417d-8964-b5cf11e44873,41.035567,21.337528,humidity,77
2026-01-10T04:00:12+01:00,87f82783-853b-417d-8964-b5cf11e44873,41.035567,21.337528,noise,11
2026-01-10T04:00:12+01:00,87f82783-853b-417d-8964-b5cf11e44873,41.035567,21.337528,noise_dba,24
2026-01-10T04:00:12+01:00,87f82783-853b-417d-8964-b5cf11e44873,41.035567,21.337528,pm10,26
2026-01-10T04:00:12+01:00,87f82783-853b-417d-8964-b5cf11e44873,41.035567,21.337528,pm25,16
2026-01-10T04:00:12+01:00,87f82783-853b-417d-8964-b5cf11e44873,41.035567,21.337528,pressure,930
2026-01-10T04:00:12+01:00,87f82783-853b-417d-8964-b5cf11e44873,41.035567,21.337528,temperature,10
2026-01-10T04:15:43+01:00,87f82783-853b-417d-8964-b5cf11e44873,41.035567,21.337528,gasResistance,140977
2026-01-10T04:15:43+01:00,87f82783-853b-417d-8964-b5cf11e44873,41.035567,21.337528,humidity,77
2026-01-10T04:15:43+01:00,87f82783-853b-417d-8964-b5cf11e44873,41.035567,21.337528,pm10,31
2026-01-10T04:15:43+01:00,87f82783-853b-417d-8964-b5cf11e44873,41.035567,21.337528,pm25,21
2026-01-10T04:15:43+01:00,87f82783-853b-417d-8964-b5cf11e44873,41.035567,21.337528,pressure,930
2026-01-10T04:15:43+01:00,87f82783-853b-417d-8964-b5cf11e44873,41.035567,21.337528,temperature,9
2026-01-10T04:31:15+01:00,87f82783-853b-417d-8964-b5cf11e44873,41.035567,21.337528,gasResistance,140860
2026-01-10T04:31:15+01:00,87f82783-853b-417d-8964-b5cf11e44873,41.035567,21.337528,humidity,77
2026-01-10T04:31:15+01:00,87f82783-853b-417d-8964-b5cf11e44873,41.035567,21.337528,pm10,20
2026-01-10T04:31:15+01:00,87f82783-853b-417d-8964-b5cf11e44873,41.035567,21.337528,pm25,10
2026-01-10T04:31:15+01:00,87f82783-853b-417d-8964-b5cf11e44873,41.035567,21.337528,pressure,930
2026-01-10T04:31:15+01:00,87f82783-853b-417d-8964-b5cf11e44873,41.035567,21.337528,temperature,9
2026-01-10T04:46:46+01:00,87f82783-853b-417d-8964-b5cf11e44873,41.035567,21.337528,gasResistance,142525
2026-01-10T04:46:46+01:00,87f82783-853b-417d-8964-b5cf11e44873,41.035567,21.337528,humidity,76
2026-01-10T04:46:46+01:00,87f82783-853b-417d-8964-b5cf11e44873,41.035567,21.337528,pm10,17
2026-01-10T04:46:46+01:00,87f82783-853b-417d-8964-b5cf11e44873,41.035567,21.337528,pm25,11
2026-01-10T04:46:46+01:00,87f82783-853b-417d-8964-b5cf11e44873,41.035567,21.337528,pressure,929
2026-01-10T04:46:46+01:00,87f82783-853b-417d-8964-b5cf11e44873,41.035567,21.337528,temperature,9
2026-01-10T05:02:17+01:00,87f82783-853b-417d-8964-b5cf11e44873,41.035567,21.337528,gasResistance,143130
2026-01-10T05:02:17+01:00,87f82783-853b-417d-8964-b5cf11e44873,41.035567,21.337528,humidity,76
2026-01-10T05:02:17+01:00,87f82783-853b-417d-8964-b5cf11e44873,41.035567,21.337528,pm10,19
2026-01-10T05:02:17+01:00,87f82783-853b-417d-8964-b5cf11e44873,41.035567,21.337528,pm25,11
2026-01-10T05:02:17+01:00,87f82783-853b-417d-8964-b5cf11e44873,41.035567,21.337528,pressure,929
2026-01-10T05:02:17+01:00,87f82783-853b-417d-8964-b5cf11e44873,41.035567,21.337528,temperature,9
2026-01-10T05:17:49+01:00,87f82783-853b-417d-8964-b5cf11e44873,41.035567,21.337528,gasResistance,144354
2026-01-10T05:17:49+01:00,87f82783-853b-417d-8964-b5cf11e44873,41.035567,21.337528,humidity,77
2026-01-10T05:17:49+01:00,87f82783-853b-417d-8964-b5cf11e44873,41.035567,21.337528,pm10,38
2026-01-10T05:17:49+01:00,87f82783-853b-417d-8964-b5cf11e44873,41.035567,21.337528,pm25,20
2026-01-10T05:17:49+01:00,87f82783-853b-417d-8964-b5cf11e44873,41.035567,21.337528,pressure,929
2026-01-10T05:17:49+01:00,87f82783-853b-417d-8964-b5cf11e44873,41.035567,21.337528,temperature,9
2026-01-10T05:33:20+01:00,87f82783-853b-417d-8964-b5cf11e44873,41.035567,21.337528,gasResistance,143617
2026-01-10T05:33:20+01:00,87f82783-853b-417d-8964-b5cf11e44873,41.035567,21.337528,humidity,78
2026-01-10T05:33:20+01:00,87f82783-853b-417d-8964-b5cf11e44873,41.035567,21.337528,pm10,26
2026-01-10T05:33:20+01:00,87f82783-853b-417d-8964-b5cf11e44873,41.035567,21.337528,pm25,16
2026-01-10T05:33:20+01:00,87f82783-853b-417d-8964-b5cf11e44873,41.035567,21.337528,pressure,929
2026-01-10T05:33:20+01:00,87f82783-853b-417d-8964-b5cf11e44873,41.035567,21.337528,temperature,9
2026-01-10T05:48:52+01:00,87f82783-853b-417d-8964-b5cf11e44873,41.035567,21.337528,gasResistance,144726
2026-01-10T05:48:52+01:00,87f82783-853b-417d-8964-b5cf11e44873,41.035567,21.337528,humidity,78
2026-01-10T05:48:52+01:00,87f82783-853b-417d-8964-b5cf11e44873,41.035567,21.337528,noise,11
2026-01-10T05:48:52+01:00,87f82783-853b-417d-8964-b5cf11e44873,41.035567,21.337528,noise_dba,24
2026-01-10T05:48:52+01:00,87f82783-853b-417d-8964-b5cf11e44873,41.035567,21.337528,pm10,13
2026-01-10T05:48:52+01:00,87f82783-853b-417d-8964-b5cf11e44873,41.035567,21.337528,pm25,7
2026-01-10T05:48:52+01:00,87f82783-853b-417d-8964-b5cf11e44873,41.035567,21.337528,pressure,929
2026-01-10T05:48:52+01:00,87f82783-853b-417d-8964-b5cf11e44873,41.035567,21.337528,temperature,9
2026-01-10T06:04:24+01:00,87f82783-853b-417d-8964-b5cf11e44873,41.035567,21.337528,gasResistance,144602
2026-01-10T06:04:24+01:00,87f82783-853b-417d-8964-b5cf11e44873,41.035567,21.337528,humidity,78
2026-01-10T06:04:24+01:00,87f82783-853b-417d-8964-b5cf11e44873,41.035567,21.337528,noise,11
2026-01-10T06:04:24+01:00,87f82783-853b-417d-8964-b5cf11e44873,41.035567,21.337528,noise_dba,24
2026-01-10T06:04:24+01:00,87f82783-853b-417d-8964-b5cf11e44873,41.035567,21.337528,pm10,75
2026-01-10T06:04:24+01:00,87f82783-853b-417d-8964-b5cf11e44873,41.035567,21.337528,pm25,37
2026-01-10T06:04:24+01:00,87f82783-853b-417d-8964-b5cf11e44873,41.035567,21.337528,pressure,929
2026-01-10T06:04:24+01:00,87f82783-853b-417d-8964-b5cf11e44873,41.035567,21.337528,temperature,9
2026-01-10T06:19:55+01:00,87f82783-853b-417d-8964-b5cf11e44873,41.035567,21.337528,gasResistance,142405
2026-01-10T06:19:55+01:00,87f82783-853b-417d-8964-b5cf11e44873,41.035567,21.337528,humidity,78
2026-01-10T06:19:55+01:00,87f82783-853b-417d-8964-b5cf11e44873,41.035567,21.337528,pm10,18
2026-01-10T06:19:55+01:00,87f82783-853b-417d-8964-b5cf11e44873,41.035567,21.337528,pm25,11
2026-01-10T06:19:55+01:00,87f82783-853b-417d-8964-b5cf11e44873,41.035567,21.337528,pressure,929
2026-01-10T06:19:55+01:00,87f82783-853b-417d-8964-b5cf11e44873,41.035567,21.337528,temperature,9
2026-01-10T06:35:26+01:00,87f82783-853b-417d-8964-b5cf11e44873,41.035567,21.337528,gasResistance,142887
2026-01-10T06:35:26+01:00,87f82783-853b-417d-8964-b5cf11e44873,41.035567,21.337528,humidity,78
2026-01-10T06:35:26+01:00,87f82783-853b-417d-8964-b5cf11e44873,41.035567,21.337528,pm10,17
2026-01-10T06:35:26+01:00,87f82783-853b-417d-8964-b5cf11e44873,41.035567,21.337528,pm25,8
2026-01-10T06:35:26+01:00,87f82783-853b-417d-8964-b5cf11e44873,41.035567,21.337528,pressure,929
2026-01-10T06:35:26+01:00,87f82783-853b-417d-8964-b5cf11e44873,41.035567,21.337528,temperature,9
2026-01-10T06:50:58+01:00,87f82783-853b-417d-8964-b5cf11e44873,41.035567,21.337528,gasResistance,142285
2026-01-10T06:50:58+01:00,87f82783-853b-417d-8964-b5cf11e44873,41.035567,21.337528,humidity,78
2026-01-10T06:50:58+01:00,87f82783-853b-417d-8964-b5cf11e44873,41.035567,21.337528,pm10,13
2026-01-10T06:50:58+01:00,87f82783-853b-417d-8964-b5cf11e44873,41.035567,21.337528,pm25,9
2026-01-10T06:50:58+01:00,87f82783-853b-417d-8964-b5cf11e44873,41.035567,21.337528,pressure,929
2026-01-10T06:50:58+01:00,87f82783-853b-417d-8964-b5cf11e44873,41.035567,21.337528,temperature,9
2026-01-10T07:06:29+01:00,87f82783-853b-417d-8964-b5cf11e44873,41.035567,21.337528,gasResistance,143251
2026-01-10T07:06:29+01:00,87f82783-853b-417d-8964-b5cf11e44873,41.035567,21.337528,humidity,78
2026-01-10T07:06:29+01:00,87f82783-853b-417d-8964-b5cf11e44873,41.035567,21.337528,pm10,44
2026-01-10T07:06:29+01:00,87f82783-853b-417d-8964-b5cf11e44873,41.035567,21.337528,pm25,33
2026-01-10T07:06:29+01:00,87f82783-853b-417d-8964-b5cf11e44873,41.035567,21.337528,pressure,929
2026-01-10T07:06:29+01:00,87f82783-853b-417d-8964-b5cf11e44873,41.035567,21.337528,temperature,9
2026-01-10T07:22:00+01:00,87f82783-853b-417d-8964-b5cf11e44873,41.035567,21.337528,gasResistance,145224
2026-01-10T07:22:00+01:00,87f82783-853b-417d-8964-b5cf11e44873,41.035567,21.337528,humidity,78
2026-01-10T07:22:00+01:00,87f82783-853b-417d-8964-b5cf11e44873,41.035567,21.337528,pm10,31
2026-01-10T07:22:00+01:00,87f82783-853b-417d-8964-b5cf11e44873,41.035567,21.337528,pm25,18
2026-01-10T07:22:00+01:00,87f82783-853b-417d-8964-b5cf11e44873,41.035567,21.337528,pressure,929
2026-01-10T07:22:00+01:00,87f82783-853b-417d-8964-b5cf11e44873,41.035567,21.337528,temperature,9
2026-01-10T07:37:31+01:00,87f82783-853b-417d-8964-b5cf11e44873,41.035567,21.337528,gasResistance,145099
2026-01-10T07:37:31+01:00,87f82783-853b-417d-8964-b5cf11e44873,41.035567,21.337528,humidity,78
2026-01-10T07:37:31+01:00,87f82783-853b-417d-8964-b5cf11e44873,41.035567,21.337528,pm10,53
2026-01-10T07:37:31+01:00,87f82783-853b-417d-8964-b5cf11e44873,41.035567,21.337528,pm25,27
2026-01-10T07:37:31+01:00,87f82783-853b-417d-8964-b5cf11e44873,41.035567,21.337528,pressure,929
2026-01-10T07:37:31+01:00,87f82783-853b-417d-8964-b5cf11e44873,41.035567,21.337528,temperature,9
2026-01-10T07:53:03+01:00,87f82783-853b-417d-8964-b5cf11e44873,41.035567,21.337528,gasResistance,145099
2026-01-10T07:53:03+01:00,87f82783-853b-417d-8964-b5cf11e44873,41.035567,21.337528,humidity,77
2026-01-10T07:53:03+01:00,87f82783-853b-417d-8964-b5cf11e44873,41.035567,21.337528,pm10,125
2026-01-10T07:53:03+01:00,87f82783-853b-417d-8964-b5cf11e44873,41.035567,21.337528,pm25,72
2026-01-10T07:53:03+01:00,87f82783-853b-417d-8964-b5cf11e44873,41.035567,21.337528,pressure,928
2026-01-10T07:53:03+01:00,87f82783-853b-417d-8964-b5cf11e44873,41.035567,21.337528,temperature,9
2026-01-10T08:08:34+01:00,87f82783-853b-417d-8964-b5cf11e44873,41.035567,21.337528,gasResistance,145224
2026-01-10T08:08:34+01:00,87f82783-853b-417d-8964-b5cf11e44873,41.035567,21.337528,humidity,77
2026-01-10T08:08:34+01:00,87f82783-853b-417d-8964-b5cf11e44873,41.035567,21.337528,pm10,150
2026-01-10T08:08:34+01:00,87f82783-853b-417d-8964-b5cf11e44873,41.035567,21.337528,pm25,79
2026-01-10T08:08:34+01:00,87f82783-853b-417d-8964-b5cf11e44873,41.035567,21.337528,pressure,928
2026-01-10T08:08:34+01:00,87f82783-853b-417d-8964-b5cf11e44873,41.035567,21.337528,temperature,8
2026-01-10T08:24:05+01:00,87f82783-853b-417d-8964-b5cf11e44873,41.035567,21.337528,gasResistance,142766
2026-01-10T08:24:05+01:00,87f82783-853b-417d-8964-b5cf11e44873,41.035567,21.337528,humidity,78
2026-01-10T08:24:05+01:00,87f82783-853b-417d-8964-b5cf11e44873,41.035567,21.337528,pm10,205
2026-01-10T08:24:05+01:00,87f82783-853b-417d-8964-b5cf11e44873,41.035567,21.337528,pm25,103
2026-01-10T08:24:05+01:00,87f82783-853b-417d-8964-b5cf11e44873,41.035567,21.337528,pressure,928
2026-01-10T08:24:05+01:00,87f82783-853b-417d-8964-b5cf11e44873,41.035567,21.337528,temperature,8
2026-01-10T08:39:37+01:00,87f82783-853b-417d-8964-b5cf11e44873,41.035567,21.337528,gasResistance,139233
2026-01-10T08:39:37+01:00,87f82783-853b-417d-8964-b5cf11e44873,41.035567,21.337528,humidity,78
2026-01-10T08:39:37+01:00,87f82783-853b-417d-8964-b5cf11e44873,41.035567,21.337528,noise,11
2026-01-10T08:39:37+01:00,87f82783-853b-417d-8964-b5cf11e44873,41.035567,21.337528,noise_dba,24
2026-01-10T08:39:37+01:00,87f82783-853b-417d-8964-b5cf11e44873,41.035567,21.337528,pm10,298
2026-01-10T08:39:37+01:00,87f82783-853b-417d-8964-b5cf11e44873,41.035567,21.337528,pm25,175
2026-01-10T08:39:37+01:00,87f82783-853b-417d-8964-b5cf11e44873,41.035567,21.337528,pressure,928
2026-01-10T08:39:37+01:00,87f82783-853b-417d-8964-b5cf11e44873,41.035567,21.337528,temperature,9
2026-01-10T08:55:08+01:00,87f82783-853b-417d-8964-b5cf11e44873,41.035567,21.337528,gasResistance,138661
2026-01-10T08:55:08+01:00,87f82783-853b-417d-8964-b5cf11e44873,41.035567,21.337528,humidity,77
2026-01-10T08:55:08+01:00,87f82783-853b-417d-8964-b5cf11e44873,41.035567,21.337528,noise,11
2026-01-10T08:55:08+01:00,87f82783-853b-417d-8964-b5cf11e44873,41.035567,21.337528,noise_dba,24
2026-01-10T08:55:08+01:00,87f82783-853b-417d-8964-b5cf11e44873,41.035567,21.337528,pm10,127
2026-01-10T08:55:08+01:00,87f82783-853b-417d-8964-b5cf11e44873,41.035567,21.337528,pm25,77
2026-01-10T08:55:08+01:00,87f82783-853b-417d-8964-b5cf11e44873,41.035567,21.337528,pressure,928
2026-01-10T08:55:08+01:00,87f82783-853b-417d-8964-b5cf11e44873,41.035567,21.337528,temperature,9
2026-01-10T09:37:22+01:00,87f82783-853b-417d-8964-b5cf11e44873,41.035567,21.337528,gasResistance,0
2026-01-10T09:37:22+01:00,87f82783-853b-417d-8964-b5cf11e44873,41.035567,21.337528,humidity,76
2026-01-10T09:37:22+01:00,87f82783-853b-417d-8964-b5cf11e44873,41.035567,21.337528,noise,15
2026-01-10T09:37:22+01:00,87f82783-853b-417d-8964-b5cf11e44873,41.035567,21.337528,noise_dba,29
2026-01-10T09:37:22+01:00,87f82783-853b-417d-8964-b5cf11e44873,41.035567,21.337528,pm10,81
2026-01-10T09:37:22+01:00,87f82783-853b-417d-8964-b5cf11e44873,41.035567,21.337528,pm25,52
2026-01-10T09:37:22+01:00,87f82783-853b-417d-8964-b5cf11e44873,41.035567,21.337528,pressure,927
2026-01-10T09:37:22+01:00,87f82783-853b-417d-8964-b5cf11e44873,41.035567,21.337528,temperature,9
2026-01-10T09:52:54+01:00,87f82783-853b-417d-8964-b5cf11e44873,41.035567,21.337528,gasResistance,113636
2026-01-10T09:52:54+01:00,87f82783-853b-417d-8964-b5cf11e44873,41.035567,21.337528,humidity,77
2026-01-10T09:52:54+01:00,87f82783-853b-417d-8964-b5cf11e44873,41.035567,21.337528,noise,16
2026-01-10T09:52:54+01:00,87f82783-853b-417d-8964-b5cf11e44873,41.035567,21.337528,noise_dba,30
2026-01-10T09:52:54+01:00,87f82783-853b-417d-8964-b5cf11e44873,41.035567,21.337528,pm10,105
2026-01-10T09:52:54+01:00,87f82783-853b-417d-8964-b5cf11e44873,41.035567,21.337528,pm25,65
2026-01-10T09:52:54+01:00,87f82783-853b-417d-8964-b5cf11e44873,41.035567,21.337528,pressure,927
2026-01-10T09:52:54+01:00,87f82783-853b-417d-8964-b5cf11e44873,41.035567,21.337528,temperature,9
2026-01-10T10:08:25+01:00,87f82783-853b-417d-8964-b5cf11e44873,41.035567,21.337528,gasResistance,120021
2026-01-10T10:08:25+01:00,87f82783-853b-417d-8964-b5cf11e44873,41.035567,21.337528,humidity,77
2026-01-10T10:08:25+01:00,87f82783-853b-417d-8964-b5cf11e44873,41.035567,21.337528,noise,16
2026-01-10T10:08:25+01:00,87f82783-853b-417d-8964-b5cf11e44873,41.035567,21.337528,noise_dba,30
2026-01-10T10:08:25+01:00,87f82783-853b-417d-8964-b5cf11e44873,41.035567,21.337528,pm10,55
2026-01-10T10:08:25+01:00,87f82783-853b-417d-8964-b5cf11e44873,41.035567,21.337528,pm25,35
2026-01-10T10:08:25+01:00,87f82783-853b-417d-8964-b5cf11e44873,41.035567,21.337528,pressure,928
2026-01-10T10:08:25+01:00,87f82783-853b-417d-8964-b5cf11e44873,41.035567,21.337528,temperature,9
2026-01-10T10:23:56+01:00,87f82783-853b-417d-8964-b5cf11e44873,41.035567,21.337528,gasResistance,125278
2026-01-10T10:23:56+01:00,87f82783-853b-417d-8964-b5cf11e44873,41.035567,21.337528,humidity,77
2026-01-10T10:23:56+01:00,87f82783-853b-417d-8964-b5cf11e44873,41.035567,21.337528,noise,17
2026-01-10T10:23:56+01:00,87f82783-853b-417d-8964-b5cf11e44873,41.035567,21.337528,noise_dba,31
2026-01-10T10:23:56+01:00,87f82783-853b-417d-8964-b5cf11e44873,41.035567,21.337528,pm10,89
2026-01-10T10:23:56+01:00,87f82783-853b-417d-8964-b5cf11e44873,41.035567,21.337528,pm25,62
2026-01-10T10:23:56+01:00,87f82783-853b-417d-8964-b5cf11e44873,41.035567,21.337528,pressure,928
2026-01-10T10:23:56+01:00,87f82783-853b-417d-8964-b5cf11e44873,41.035567,21.337528,temperature,9
2026-01-10T10:39:28+01:00,87f82783-853b-417d-8964-b5cf11e44873,41.035567,21.337528,gasResistance,134035
2026-01-10T10:39:28+01:00,87f82783-853b-417d-8964-b5cf11e44873,41.035567,21.337528,humidity,74
2026-01-10T10:39:28+01:00,87f82783-853b-417d-8964-b5cf11e44873,41.035567,21.337528,noise,16
2026-01-10T10:39:28+01:00,87f82783-853b-417d-8964-b5cf11e44873,41.035567,21.337528,noise_dba,30
2026-01-10T10:39:28+01:00,87f82783-853b-417d-8964-b5cf11e44873,41.035567,21.337528,pm10,16
2026-01-10T10:39:28+01:00,87f82783-853b-417d-8964-b5cf11e44873,41.035567,21.337528,pm25,9
2026-01-10T10:39:28+01:00,87f82783-853b-417d-8964-b5cf11e44873,41.035567,21.337528,pressure,928
2026-01-10T10:39:28+01:00,87f82783-853b-417d-8964-b5cf11e44873,41.035567,21.337528,temperature,9
2026-01-10T10:54:59+01:00,87f82783-853b-417d-8964-b5cf11e44873,41.035567,21.337528,gasResistance,146357
2026-01-10T10:54:59+01:00,87f82783-853b-417d-8964-b5cf11e44873,41.035567,21.337528,humidity,73
2026-01-10T10:54:59+01:00,87f82783-853b-417d-8964-b5cf11e44873,41.035567,21.337528,noise,14
2026-01-10T10:54:59+01:00,87f82783-853b-417d-8964-b5cf11e44873,41.035567,21.337528,noise_dba,28
2026-01-10T10:54:59+01:00,87f82783-853b-417d-8964-b5cf11e44873,41.035567,21.337528,pm10,27
2026-01-10T10:54:59+01:00,87f82783-853b-417d-8964-b5cf11e44873,41.035567,21.337528,pm25,18
2026-01-10T10:54:59+01:00,87f82783-853b-417d-8964-b5cf11e44873,41.035567,21.337528,pressure,928
2026-01-10T10:54:59+01:00,87f82783-853b-417d-8964-b5cf11e44873,41.035567,21.337528,temperature,9
2026-01-10T11:10:33+01:00,87f82783-853b-417d-8964-b5cf11e44873,41.035567,21.337528,gasResistance,154533
2026-01-10T11:10:33+01:00,87f82783-853b-417d-8964-b5cf11e44873,41.035567,21.337528,humidity,73
2026-01-10T11:10:33+01:00,87f82783-853b-417d-8964-b5cf11e44873,41.035567,21.337528,noise,14
2026-01-10T11:10:33+01:00,87f82783-853b-417d-8964-b5cf11e44873,41.035567,21.337528,noise_dba,28
2026-01-10T11:10:33+01:00,87f82783-853b-417d-8964-b5cf11e44873,41.035567,21.337528,pm10,14
2026-01-10T11:10:33+01:00,87f82783-853b-417d-8964-b5cf11e44873,41.035567,21.337528,pm25,9
2026-01-10T11:10:33+01:00,87f82783-853b-417d-8964-b5cf11e44873,41.035567,21.337528,pressure,928
2026-01-10T11:10:33+01:00,87f82783-853b-417d-8964-b5cf11e44873,41.035567,21.337528,temperature,9
2026-01-10T11:26:05+01:00,87f82783-853b-417d-8964-b5cf11e44873,41.035567,21.337528,gasResistance,159953
2026-01-10T11:26:05+01:00,87f82783-853b-417d-8964-b5cf11e44873,41.035567,21.337528,humidity,71
2026-01-10T11:26:05+01:00,87f82783-853b-417d-8964-b5cf11e44873,41.035567,21.337528,noise,12
2026-01-10T11:26:05+01:00,87f82783-853b-417d-8964-b5cf11e44873,41.035567,21.337528,noise_dba,25
2026-01-10T11:26:05+01:00,87f82783-853b-417d-8964-b5cf11e44873,41.035567,21.337528,pm10,44
2026-01-10T11:26:05+01:00,87f82783-853b-417d-8964-b5cf11e44873,41.035567,21.337528,pm25,21
2026-01-10T11:26:05+01:00,87f82783-853b-417d-8964-b5cf11e44873,41.035567,21.337528,pressure,927
2026-01-10T11:26:05+01:00,87f82783-853b-417d-8964-b5cf11e44873,41.035567,21.337528,temperature,9
2026-01-10T11:41:41+01:00,87f82783-853b-417d-8964-b5cf11e44873,41.035567,21.337528,gasResistance,163359
2026-01-10T11:41:41+01:00,87f82783-853b-417d-8964-b5cf11e44873,41.035567,21.337528,humidity,70
2026-01-10T11:41:41+01:00,87f82783-853b-417d-8964-b5cf11e44873,41.035567,21.337528,noise,11
2026-01-10T11:41:41+01:00,87f82783-853b-417d-8964-b5cf11e44873,41.035567,21.337528,noise_dba,24
2026-01-10T11:41:41+01:00,87f82783-853b-417d-8964-b5cf11e44873,41.035567,21.337528,pm10,54
2026-01-10T11:41:41+01:00,87f82783-853b-417d-8964-b5cf11e44873,41.035567,21.337528,pm25,26
2026-01-10T11:41:41+01:00,87f82783-853b-417d-8964-b5cf11e44873,41.035567,21.337528,pressure,927
2026-01-10T11:41:41+01:00,87f82783-853b-417d-8964-b5cf11e44873,41.035567,21.337528,temperature,9
2026-01-10T11:57:12+01:00,87f82783-853b-417d-8964-b5cf11e44873,41.035567,21.337528,gasResistance,166584
2026-01-10T11:57:12+01:00,87f82783-853b-417d-8964-b5cf11e44873,41.035567,21.337528,humidity,71
2026-01-10T11:57:12+01:00,87f82783-853b-417d-8964-b5cf11e44873,41.035567,21.337528,noise,11
2026-01-10T11:57:12+01:00,87f82783-853b-417d-8964-b5cf11e44873,41.035567,21.337528,noise_dba,24
2026-01-10T11:57:12+01:00,87f82783-853b-417d-8964-b5cf11e44873,41.035567,21.337528,pm10,32
2026-01-10T11:57:12+01:00,87f82783-853b-417d-8964-b5cf11e44873,41.035567,21.337528,pm25,18
2026-01-10T11:57:12+01:00,87f82783-853b-417d-8964-b5cf11e44873,41.035567,21.337528,pressure,927
2026-01-10T11:57:12+01:00,87f82783-853b-417d-8964-b5cf11e44873,41.035567,21.337528,temperature,9
2026-01-10T12:12:43+01:00,87f82783-853b-417d-8964-b5cf11e44873,41.035567,21.337528,gasResistance,165929
2026-01-10T12:12:43+01:00,87f82783-853b-417d-8964-b5cf11e44873,41.035567,21.337528,humidity,72
2026-01-10T12:12:43+01:00,87f82783-853b-417d-8964-b5cf11e44873,41.035567,21.337528,noise,12
2026-01-10T12:12:43+01:00,87f82783-853b-417d-8964-b5cf11e44873,41.035567,21.337528,noise_dba,25
2026-01-10T12:12:43+01:00,87f82783-853b-417d-8964-b5cf11e44873,41.035567,21.337528,pm10,12
2026-01-10T12:12:43+01:00,87f82783-853b-417d-8964-b5cf11e44873,41.035567,21.337528,pm25,6
2026-01-10T12:12:43+01:00,87f82783-853b-417d-8964-b5cf11e44873,41.035567,21.337528,pressure,926
2026-01-10T12:12:43+01:00,87f82783-853b-417d-8964-b5cf11e44873,41.035567,21.337528,temperature,10
2026-01-10T12:28:15+01:00,87f82783-853b-417d-8964-b5cf11e44873,41.035567,21.337528,gasResistance,169598
2026-01-10T12:28:15+01:00,87f82783-853b-417d-8964-b5cf11e44873,41.035567,21.337528,humidity,72
2026-01-10T12:28:15+01:00,87f82783-853b-417d-8964-b5cf11e44873,41.035567,21.337528,noise,14
2026-01-10T12:28:15+01:00,87f82783-853b-417d-8964-b5cf11e44873,41.035567,21.337528,noise_dba,28
2026-01-10T12:28:15+01:00,87f82783-853b-417d-8964-b5cf11e44873,41.035567,21.337528,pm10,10
2026-01-10T12:28:15+01:00,87f82783-853b-417d-8964-b5cf11e44873,41.035567,21.337528,pm25,6
2026-01-10T12:28:15+01:00,87f82783-853b-417d-8964-b5cf11e44873,41.035567,21.337528,pressure,926
2026-01-10T12:28:15+01:00,87f82783-853b-417d-8964-b5cf11e44873,41.035567,21.337528,temperature,9
2026-01-10T12:43:46+01:00,87f82783-853b-417d-8964-b5cf11e44873,41.035567,21.337528,gasResistance,168581
2026-01-10T12:43:46+01:00,87f82783-853b-417d-8964-b5cf11e44873,41.035567,21.337528,humidity,72
2026-01-10T12:43:46+01:00,87f82783-853b-417d-8964-b5cf11e44873,41.035567,21.337528,noise,11
2026-01-10T12:43:46+01:00,87f82783-853b-417d-8964-b5cf11e44873,41.035567,21.337528,noise_dba,24
2026-01-10T12:43:46+01:00,87f82783-853b-417d-8964-b5cf11e44873,41.035567,21.337528,pm10,11
2026-01-10T12:43:46+01:00,87f82783-853b-417d-8964-b5cf11e44873,41.035567,21.337528,pm25,7
2026-01-10T12:43:46+01:00,87f82783-853b-417d-8964-b5cf11e44873,41.035567,21.337528,pressure,926
2026-01-10T12:43:46+01:00,87f82783-853b-417d-8964-b5cf11e44873,41.035567,21.337528,temperature,9
2026-01-10T12:59:17+01:00,87f82783-853b-417d-8964-b5cf11e44873,41.035567,21.337528,gasResistance,168581
2026-01-10T12:59:17+01:00,87f82783-853b-417d-8964-b5cf11e44873,41.035567,21.337528,humidity,72
2026-01-10T12:59:17+01:00,87f82783-853b-417d-8964-b5cf11e44873,41.035567,21.337528,noise,11
2026-01-10T12:59:17+01:00,87f82783-853b-417d-8964-b5cf11e44873,41.035567,21.337528,noise_dba,24
2026-01-10T12:59:17+01:00,87f82783-853b-417d-8964-b5cf11e44873,41.035567,21.337528,pm10,14
2026-01-10T12:59:17+01:00,87f82783-853b-417d-8964-b5cf11e44873,41.035567,21.337528,pm25,8
2026-01-10T12:59:17+01:00,87f82783-853b-417d-8964-b5cf11e44873,41.035567,21.337528,pressure,925
2026-01-10T12:59:17+01:00,87f82783-853b-417d-8964-b5cf11e44873,41.035567,21.337528,temperature,9
2026-01-10T13:14:48+01:00,87f82783-853b-417d-8964-b5cf11e44873,41.035567,21.337528,gasResistance,168245
2026-01-10T13:14:48+01:00,87f82783-853b-417d-8964-b5cf11e44873,41.035567,21.337528,humidity,72
2026-01-10T13:14:48+01:00,87f82783-853b-417d-8964-b5cf11e44873,41.035567,21.337528,noise,11
2026-01-10T13:14:48+01:00,87f82783-853b-417d-8964-b5cf11e44873,41.035567,21.337528,noise_dba,24
2026-01-10T13:14:48+01:00,87f82783-853b-417d-8964-b5cf11e44873,41.035567,21.337528,pm10,32
2026-01-10T13:14:48+01:00,87f82783-853b-417d-8964-b5cf11e44873,41.035567,21.337528,pm25,18
2026-01-10T13:14:48+01:00,87f82783-853b-417d-8964-b5cf11e44873,41.035567,21.337528,pressure,925
2026-01-10T13:14:48+01:00,87f82783-853b-417d-8964-b5cf11e44873,41.035567,21.337528,temperature,9
2026-01-10T13:30:20+01:00,87f82783-853b-417d-8964-b5cf11e44873,41.035567,21.337528,gasResistance,165604
2026-01-10T13:30:20+01:00,87f82783-853b-417d-8964-b5cf11e44873,41.035567,21.337528,humidity,73
2026-01-10T13:30:20+01:00,87f82783-853b-417d-8964-b5cf11e44873,41.035567,21.337528,noise,14
2026-01-10T13:30:20+01:00,87f82783-853b-417d-8964-b5cf11e44873,41.035567,21.337528,noise_dba,28
2026-01-10T13:30:20+01:00,87f82783-853b-417d-8964-b5cf11e44873,41.035567,21.337528,pm10,55
2026-01-10T13:30:20+01:00,87f82783-853b-417d-8964-b5cf11e44873,41.035567,21.337528,pm25,32
2026-01-10T13:30:20+01:00,87f82783-853b-417d-8964-b5cf11e44873,41.035567,21.337528,pressure,925
2026-01-10T13:30:20+01:00,87f82783-853b-417d-8964-b5cf11e44873,41.035567,21.337528,temperature,9
2026-01-10T13:45:51+01:00,87f82783-853b-417d-8964-b5cf11e44873,41.035567,21.337528,gasResistance,166584
2026-01-10T13:45:51+01:00,87f82783-853b-417d-8964-b5cf11e44873,41.035567,21.337528,humidity,72
2026-01-10T13:45:51+01:00,87f82783-853b-417d-8964-b5cf11e44873,41.035567,21.337528,noise,15
2026-01-10T13:45:51+01:00,87f82783-853b-417d-8964-b5cf11e44873,41.035567,21.337528,noise_dba,29
2026-01-10T13:45:51+01:00,87f82783-853b-417d-8964-b5cf11e44873,41.035567,21.337528,pm10,82
2026-01-10T13:45:51+01:00,87f82783-853b-417d-8964-b5cf11e44873,41.035567,21.337528,pm25,45
2026-01-10T13:45:51+01:00,87f82783-853b-417d-8964-b5cf11e44873,41.035567,21.337528,pressure,925
2026-01-10T13:45:51+01:00,87f82783-853b-417d-8964-b5cf11e44873,41.035567,21.337528,temperature,9
2026-01-10T14:01:24+01:00,87f82783-853b-417d-8964-b5cf11e44873,41.035567,21.337528,gasResistance,163676
2026-01-10T14:01:24+01:00,87f82783-853b-417d-8964-b5cf11e44873,41.035567,21.337528,humidity,74
2026-01-10T14:01:24+01:00,87f82783-853b-417d-8964-b5cf11e44873,41.035567,21.337528,noise,13
2026-01-10T14:01:24+01:00,87f82783-853b-417d-8964-b5cf11e44873,41.035567,21.337528,noise_dba,27
2026-01-10T14:01:24+01:00,87f82783-853b-417d-8964-b5cf11e44873,41.035567,21.337528,pm10,85
2026-01-10T14:01:24+01:00,87f82783-853b-417d-8964-b5cf11e44873,41.035567,21.337528,pm25,48
2026-01-10T14:01:24+01:00,87f82783-853b-417d-8964-b5cf11e44873,41.035567,21.337528,pressure,925
2026-01-10T14:01:24+01:00,87f82783-853b-417d-8964-b5cf11e44873,41.035567,21.337528,temperature,9
2026-01-10T14:16:55+01:00,87f82783-853b-417d-8964-b5cf11e44873,41.035567,21.337528,gasResistance,165766
2026-01-10T14:16:55+01:00,87f82783-853b-417d-8964-b5cf11e44873,41.035567,21.337528,humidity,66
2026-01-10T14:16:55+01:00,87f82783-853b-417d-8964-b5cf11e44873,41.035567,21.337528,noise,13
2026-01-10T14:16:55+01:00,87f82783-853b-417d-8964-b5cf11e44873,41.035567,21.337528,noise_dba,27
2026-01-10T14:16:55+01:00,87f82783-853b-417d-8964-b5cf11e44873,41.035567,21.337528,pm10,14
2026-01-10T14:16:55+01:00,87f82783-853b-417d-8964-b5cf11e44873,41.035567,21.337528,pm25,8
2026-01-10T14:16:55+01:00,87f82783-853b-417d-8964-b5cf11e44873,41.035567,21.337528,pressure,925
2026-01-10T14:16:55+01:00,87f82783-853b-417d-8964-b5cf11e44873,41.035567,21.337528,temperature,9
2026-01-10T14:32:26+01:00,87f82783-853b-417d-8964-b5cf11e44873,41.035567,21.337528,gasResistance,180096
2026-01-10T14:32:26+01:00,87f82783-853b-417d-8964-b5cf11e44873,41.035567,21.337528,humidity,70
2026-01-10T14:32:26+01:00,87f82783-853b-417d-8964-b5cf11e44873,41.035567,21.337528,noise,13
2026-01-10T14:32:26+01:00,87f82783-853b-417d-8964-b5cf11e44873,41.035567,21.337528,noise_dba,27
2026-01-10T14:32:26+01:00,87f82783-853b-417d-8964-b5cf11e44873,41.035567,21.337528,pm10,37
2026-01-10T14:32:26+01:00,87f82783-853b-417d-8964-b5cf11e44873,41.035567,21.337528,pm25,19
2026-01-10T14:32:26+01:00,87f82783-853b-417d-8964-b5cf11e44873,41.035567,21.337528,pressure,925
2026-01-10T14:32:26+01:00,87f82783-853b-417d-8964-b5cf11e44873,41.035567,21.337528,temperature,9
2026-01-10T14:47:58+01:00,87f82783-853b-417d-8964-b5cf11e44873,41.035567,21.337528,gasResistance,187195
2026-01-10T14:47:58+01:00,87f82783-853b-417d-8964-b5cf11e44873,41.035567,21.337528,humidity,62
2026-01-10T14:47:58+01:00,87f82783-853b-417d-8964-b5cf11e44873,41.035567,21.337528,noise,12
2026-01-10T14:47:58+01:00,87f82783-853b-417d-8964-b5cf11e44873,41.035567,21.337528,noise_dba,25
2026-01-10T14:47:58+01:00,87f82783-853b-417d-8964-b5cf11e44873,41.035567,21.337528,pm10,18
2026-01-10T14:47:58+01:00,87f82783-853b-417d-8964-b5cf11e44873,41.035567,21.337528,pm25,12
2026-01-10T14:47:58+01:00,87f82783-853b-417d-8964-b5cf11e44873,41.035567,21.337528,pressure,925
2026-01-10T14:47:58+01:00,87f82783-853b-417d-8964-b5cf11e44873,41.035567,21.337528,temperature,9
2026-01-10T15:03:29+01:00,87f82783-853b-417d-8964-b5cf11e44873,41.035567,21.337528,gasResistance,203622
2026-01-10T15:03:29+01:00,87f82783-853b-417d-8964-b5cf11e44873,41.035567,21.337528,humidity,59
2026-01-10T15:03:29+01:00,87f82783-853b-417d-8964-b5cf11e44873,41.035567,21.337528,noise,12
2026-01-10T15:03:29+01:00,87f82783-853b-417d-8964-b5cf11e44873,41.035567,21.337528,noise_dba,25
2026-01-10T15:03:29+01:00,87f82783-853b-417d-8964-b5cf11e44873,41.035567,21.337528,pm10,11
2026-01-10T15:03:29+01:00,87f82783-853b-417d-8964-b5cf11e44873,41.035567,21.337528,pm25,6
2026-01-10T15:03:29+01:00,87f82783-853b-417d-8964-b5cf11e44873,41.035567,21.337528,pressure,925
2026-01-10T15:03:29+01:00,87f82783-853b-417d-8964-b5cf11e44873,41.035567,21.337528,temperature,9
2026-01-10T15:19:00+01:00,87f82783-853b-417d-8964-b5cf11e44873,41.035567,21.337528,gasResistance,211676
2026-01-10T15:19:00+01:00,87f82783-853b-417d-8964-b5cf11e44873,41.035567,21.337528,humidity,57
2026-01-10T15:19:00+01:00,87f82783-853b-417d-8964-b5cf11e44873,41.035567,21.337528,noise,12
2026-01-10T15:19:00+01:00,87f82783-853b-417d-8964-b5cf11e44873,41.035567,21.337528,noise_dba,25
2026-01-10T15:19:00+01:00,87f82783-853b-417d-8964-b5cf11e44873,41.035567,21.337528,pm10,12
2026-01-10T15:19:00+01:00,87f82783-853b-417d-8964-b5cf11e44873,41.035567,21.337528,pm25,7
2026-01-10T15:19:00+01:00,87f82783-853b-417d-8964-b5cf11e44873,41.035567,21.337528,pressure,925
2026-01-10T15:19:00+01:00,87f82783-853b-417d-8964-b5cf11e44873,41.035567,21.337528,temperature,9
2026-01-10T15:34:31+01:00,87f82783-853b-417d-8964-b5cf11e44873,41.035567,21.337528,gasResistance,223210
2026-01-10T15:34:31+01:00,87f82783-853b-417d-8964-b5cf11e44873,41.035567,21.337528,humidity,58
2026-01-10T15:34:31+01:00,87f82783-853b-417d-8964-b5cf11e44873,41.035567,21.337528,noise,13
2026-01-10T15:34:31+01:00,87f82783-853b-417d-8964-b5cf11e44873,41.035567,21.337528,noise_dba,27
2026-01-10T15:34:31+01:00,87f82783-853b-417d-8964-b5cf11e44873,41.035567,21.337528,pm10,13
2026-01-10T15:34:31+01:00,87f82783-853b-417d-8964-b5cf11e44873,41.035567,21.337528,pm25,8
2026-01-10T15:34:31+01:00,87f82783-853b-417d-8964-b5cf11e44873,41.035567,21.337528,pressure,925
2026-01-10T15:34:31+01:00,87f82783-853b-417d-8964-b5cf11e44873,41.035567,21.337528,temperature,9
2026-01-10T15:50:02+01:00,87f82783-853b-417d-8964-b5cf11e44873,41.035567,21.337528,gasResistance,224570
2026-01-10T15:50:02+01:00,87f82783-853b-417d-8964-b5cf11e44873,41.035567,21.337528,humidity,61
2026-01-10T15:50:02+01:00,87f82783-853b-417d-8964-b5cf11e44873,41.035567,21.337528,noise,12
2026-01-10T15:50:02+01:00,87f82783-853b-417d-8964-b5cf11e44873,41.035567,21.337528,noise_dba,25
2026-01-10T15:50:02+01:00,87f82783-853b-417d-8964-b5cf11e44873,41.035567,21.337528,pm10,15
2026-01-10T15:50:02+01:00,87f82783-853b-417d-8964-b5cf11e44873,41.035567,21.337528,pm25,8
2026-01-10T15:50:02+01:00,87f82783-853b-417d-8964-b5cf11e44873,41.035567,21.337528,pressure,925
2026-01-10T15:50:02+01:00,87f82783-853b-417d-8964-b5cf11e44873,41.035567,21.337528,temperature,9
2026-01-10T16:05:34+01:00,87f82783-853b-417d-8964-b5cf11e44873,41.035567,21.337528,gasResistance,230179
2026-01-10T16:05:34+01:00,87f82783-853b-417d-8964-b5cf11e44873,41.035567,21.337528,humidity,63
2026-01-10T16:05:34+01:00,87f82783-853b-417d-8964-b5cf11e44873,41.035567,21.337528,noise,13
2026-01-10T16:05:34+01:00,87f82783-853b-417d-8964-b5cf11e44873,41.035567,21.337528,noise_dba,27
2026-01-10T16:05:34+01:00,87f82783-853b-417d-8964-b5cf11e44873,41.035567,21.337528,pm10,10
2026-01-10T16:05:34+01:00,87f82783-853b-417d-8964-b5cf11e44873,41.035567,21.337528,pm25,6
2026-01-10T16:05:34+01:00,87f82783-853b-417d-8964-b5cf11e44873,41.035567,21.337528,pressure,925
2026-01-10T16:05:34+01:00,87f82783-853b-417d-8964-b5cf11e44873,41.035567,21.337528,temperature,8
2026-01-10T16:21:06+01:00,87f82783-853b-417d-8964-b5cf11e44873,41.035567,21.337528,gasResistance,224722
2026-01-10T16:21:06+01:00,87f82783-853b-417d-8964-b5cf11e44873,41.035567,21.337528,humidity,66
2026-01-10T16:21:06+01:00,87f82783-853b-417d-8964-b5cf11e44873,41.035567,21.337528,noise,13
2026-01-10T16:21:06+01:00,87f82783-853b-417d-8964-b5cf11e44873,41.035567,21.337528,noise_dba,27
2026-01-10T16:21:06+01:00,87f82783-853b-417d-8964-b5cf11e44873,41.035567,21.337528,pm10,34
2026-01-10T16:21:06+01:00,87f82783-853b-417d-8964-b5cf11e44873,41.035567,21.337528,pm25,20
2026-01-10T16:21:06+01:00,87f82783-853b-417d-8964-b5cf11e44873,41.035567,21.337528,pressure,925
2026-01-10T16:21:06+01:00,87f82783-853b-417d-8964-b5cf11e44873,41.035567,21.337528,temperature,8
2026-01-10T16:36:37+01:00,87f82783-853b-417d-8964-b5cf11e44873,41.035567,21.337528,gasResistance,222016
2026-01-10T16:36:37+01:00,87f82783-853b-417d-8964-b5cf11e44873,41.035567,21.337528,humidity,66
2026-01-10T16:36:37+01:00,87f82783-853b-417d-8964-b5cf11e44873,41.035567,21.337528,noise,12
2026-01-10T16:36:37+01:00,87f82783-853b-417d-8964-b5cf11e44873,41.035567,21.337528,noise_dba,25
2026-01-10T16:36:37+01:00,87f82783-853b-417d-8964-b5cf11e44873,41.035567,21.337528,pm10,37
2026-01-10T16:36:37+01:00,87f82783-853b-417d-8964-b5cf11e44873,41.035567,21.337528,pm25,22
2026-01-10T16:36:37+01:00,87f82783-853b-417d-8964-b5cf11e44873,41.035567,21.337528,pressure,924
2026-01-10T16:36:37+01:00,87f82783-853b-417d-8964-b5cf11e44873,41.035567,21.337528,temperature,8
2026-01-10T16:52:09+01:00,87f82783-853b-417d-8964-b5cf11e44873,41.035567,21.337528,gasResistance,216228
2026-01-10T16:52:09+01:00,87f82783-853b-417d-8964-b5cf11e44873,41.035567,21.337528,humidity,67
2026-01-10T16:52:09+01:00,87f82783-853b-417d-8964-b5cf11e44873,41.035567,21.337528,noise,12
2026-01-10T16:52:09+01:00,87f82783-853b-417d-8964-b5cf11e44873,41.035567,21.337528,noise_dba,25
2026-01-10T16:52:09+01:00,87f82783-853b-417d-8964-b5cf11e44873,41.035567,21.337528,pm10,13
2026-01-10T16:52:09+01:00,87f82783-853b-417d-8964-b5cf11e44873,41.035567,21.337528,pm25,7
2026-01-10T16:52:09+01:00,87f82783-853b-417d-8964-b5cf11e44873,41.035567,21.337528,pressure,924
2026-01-10T16:52:09+01:00,87f82783-853b-417d-8964-b5cf11e44873,41.035567,21.337528,temperature,8
2026-01-10T17:07:40+01:00,87f82783-853b-417d-8964-b5cf11e44873,41.035567,21.337528,gasResistance,214135
2026-01-10T17:07:40+01:00,87f82783-853b-417d-8964-b5cf11e44873,41.035567,21.337528,humidity,67
2026-01-10T17:07:40+01:00,87f82783-853b-417d-8964-b5cf11e44873,41.035567,21.337528,noise,13
2026-01-10T17:07:40+01:00,87f82783-853b-417d-8964-b5cf11e44873,41.035567,21.337528,noise_dba,27
2026-01-10T17:07:40+01:00,87f82783-853b-417d-8964-b5cf11e44873,41.035567,21.337528,pm10,21
2026-01-10T17:07:40+01:00,87f82783-853b-417d-8964-b5cf11e44873,41.035567,21.337528,pm25,13
2026-01-10T17:07:40+01:00,87f82783-853b-417d-8964-b5cf11e44873,41.035567,21.337528,pressure,925
2026-01-10T17:07:40+01:00,87f82783-853b-417d-8964-b5cf11e44873,41.035567,21.337528,temperature,8
2026-01-10T17:23:11+01:00,87f82783-853b-417d-8964-b5cf11e44873,41.035567,21.337528,gasResistance,209405
2026-01-10T17:23:11+01:00,87f82783-853b-417d-8964-b5cf11e44873,41.035567,21.337528,humidity,67
2026-01-10T17:23:11+01:00,87f82783-853b-417d-8964-b5cf11e44873,41.035567,21.337528,noise,11
2026-01-10T17:23:11+01:00,87f82783-853b-417d-8964-b5cf11e44873,41.035567,21.337528,noise_dba,24
2026-01-10T17:23:11+01:00,87f82783-853b-417d-8964-b5cf11e44873,41.035567,21.337528,pm10,25
2026-01-10T17:23:11+01:00,87f82783-853b-417d-8964-b5cf11e44873,41.035567,21.337528,pm25,17
2026-01-10T17:23:11+01:00,87f82783-853b-417d-8964-b5cf11e44873,41.035567,21.337528,pressure,925
2026-01-10T17:23:11+01:00,87f82783-853b-417d-8964-b5cf11e44873,41.035567,21.337528,temperature,8
2026-01-10T17:38:43+01:00,87f82783-853b-417d-8964-b5cf11e44873,41.035567,21.337528,gasResistance,206666
2026-01-10T17:38:43+01:00,87f82783-853b-417d-8964-b5cf11e44873,41.035567,21.337528,humidity,67
2026-01-10T17:38:43+01:00,87f82783-853b-417d-8964-b5cf11e44873,41.035567,21.337528,noise,12
2026-01-10T17:38:43+01:00,87f82783-853b-417d-8964-b5cf11e44873,41.035567,21.337528,noise_dba,25
2026-01-10T17:38:43+01:00,87f82783-853b-417d-8964-b5cf11e44873,41.035567,21.337528,pm10,26
2026-01-10T17:38:43+01:00,87f82783-853b-417d-8964-b5cf11e44873,41.035567,21.337528,pm25,16
2026-01-10T17:38:43+01:00,87f82783-853b-417d-8964-b5cf11e44873,41.035567,21.337528,pressure,925
2026-01-10T17:38:43+01:00,87f82783-853b-417d-8964-b5cf11e44873,41.035567,21.337528,temperature,8
2026-01-10T17:54:14+01:00,87f82783-853b-417d-8964-b5cf11e44873,41.035567,21.337528,gasResistance,205006
2026-01-10T17:54:14+01:00,87f82783-853b-417d-8964-b5cf11e44873,41.035567,21.337528,humidity,67
2026-01-10T17:54:14+01:00,87f82783-853b-417d-8964-b5cf11e44873,41.035567,21.337528,noise,12
2026-01-10T17:54:14+01:00,87f82783-853b-417d-8964-b5cf11e44873,41.035567,21.337528,noise_dba,25
2026-01-10T17:54:14+01:00,87f82783-853b-417d-8964-b5cf11e44873,41.035567,21.337528,pm10,45
2026-01-10T17:54:14+01:00,87f82783-853b-417d-8964-b5cf11e44873,41.035567,21.337528,pm25,25
2026-01-10T17:54:14+01:00,87f82783-853b-417d-8964-b5cf11e44873,41.035567,21.337528,pressure,925
2026-01-10T17:54:14+01:00,87f82783-853b-417d-8964-b5cf11e44873,41.035567,21.337528,temperature,8
2026-01-10T18:09:45+01:00,87f82783-853b-417d-8964-b5cf11e44873,41.035567,21.337528,gasResistance,202011
2026-01-10T18:09:45+01:00,87f82783-853b-417d-8964-b5cf11e44873,41.035567,21.337528,humidity,67
2026-01-10T18:09:45+01:00,87f82783-853b-417d-8964-b5cf11e44873,41.035567,21.337528,noise,13
2026-01-10T18:09:45+01:00,87f82783-853b-417d-8964-b5cf11e44873,41.035567,21.337528,noise_dba,27
2026-01-10T18:09:45+01:00,87f82783-853b-417d-8964-b5cf11e44873,41.035567,21.337528,pm10,75
2026-01-10T18:09:45+01:00,87f82783-853b-417d-8964-b5cf11e44873,41.035567,21.337528,pm25,44
2026-01-10T18:09:45+01:00,87f82783-853b-417d-8964-b5cf11e44873,41.035567,21.337528,pressure,925
2026-01-10T18:09:45+01:00,87f82783-853b-417d-8964-b5cf11e44873,41.035567,21.337528,temperature,8
2026-01-10T18:25:17+01:00,87f82783-853b-417d-8964-b5cf11e44873,41.035567,21.337528,gasResistance,196275
2026-01-10T18:25:17+01:00,87f82783-853b-417d-8964-b5cf11e44873,41.035567,21.337528,humidity,67
2026-01-10T18:25:17+01:00,87f82783-853b-417d-8964-b5cf11e44873,41.035567,21.337528,noise,13
2026-01-10T18:25:17+01:00,87f82783-853b-417d-8964-b5cf11e44873,41.035567,21.337528,noise_dba,27
2026-01-10T18:25:17+01:00,87f82783-853b-417d-8964-b5cf11e44873,41.035567,21.337528,pm10,84
2026-01-10T18:25:17+01:00,87f82783-853b-417d-8964-b5cf11e44873,41.035567,21.337528,pm25,47
2026-01-10T18:25:17+01:00,87f82783-853b-417d-8964-b5cf11e44873,41.035567,21.337528,pressure,925
2026-01-10T18:25:17+01:00,87f82783-853b-417d-8964-b5cf11e44873,41.035567,21.337528,temperature,8
2026-01-10T18:40:48+01:00,87f82783-853b-417d-8964-b5cf11e44873,41.035567,21.337528,gasResistance,191296
2026-01-10T18:40:48+01:00,87f82783-853b-417d-8964-b5cf11e44873,41.035567,21.337528,humidity,68
2026-01-10T18:40:48+01:00,87f82783-853b-417d-8964-b5cf11e44873,41.035567,21.337528,noise,12
2026-01-10T18:40:48+01:00,87f82783-853b-417d-8964-b5cf11e44873,41.035567,21.337528,noise_dba,25
2026-01-10T18:40:48+01:00,87f82783-853b-417d-8964-b5cf11e44873,41.035567,21.337528,pm10,220
2026-01-10T18:40:48+01:00,87f82783-853b-417d-8964-b5cf11e44873,41.035567,21.337528,pm25,127
2026-01-10T18:40:48+01:00,87f82783-853b-417d-8964-b5cf11e44873,41.035567,21.337528,pressure,925
2026-01-10T18:40:48+01:00,87f82783-853b-417d-8964-b5cf11e44873,41.035567,21.337528,temperature,8
2026-01-10T19:43:53+01:00,87f82783-853b-417d-8964-b5cf11e44873,41.035567,21.337528,gasResistance,0
2026-01-10T19:43:53+01:00,87f82783-853b-417d-8964-b5cf11e44873,41.035567,21.337528,humidity,69
2026-01-10T19:43:53+01:00,87f82783-853b-417d-8964-b5cf11e44873,41.035567,21.337528,noise,12
2026-01-10T19:43:53+01:00,87f82783-853b-417d-8964-b5cf11e44873,41.035567,21.337528,noise_dba,25
2026-01-10T19:43:53+01:00,87f82783-853b-417d-8964-b5cf11e44873,41.035567,21.337528,pm10,112
2026-01-10T19:43:53+01:00,87f82783-853b-417d-8964-b5cf11e44873,41.035567,21.337528,pm25,66
2026-01-10T19:43:53+01:00,87f82783-853b-417d-8964-b5cf11e44873,41.035567,21.337528,pressure,925
2026-01-10T19:43:53+01:00,87f82783-853b-417d-8964-b5cf11e44873,41.035567,21.337528,temperature,7
2026-01-10T20:47:17+01:00,87f82783-853b-417d-8964-b5cf11e44873,41.035567,21.337528,gasResistance,0
2026-01-10T20:47:17+01:00,87f82783-853b-417d-8964-b5cf11e44873,41.035567,21.337528,humidity,67
2026-01-10T20:47:17+01:00,87f82783-853b-417d-8964-b5cf11e44873,41.035567,21.337528,noise,12
2026-01-10T20:47:17+01:00,87f82783-853b-417d-8964-b5cf11e44873,41.035567,21.337528,noise_dba,25
2026-01-10T20:47:17+01:00,87f82783-853b-417d-8964-b5cf11e44873,41.035567,21.337528,pm10,18
2026-01-10T20:47:17+01:00,87f82783-853b-417d-8964-b5cf11e44873,41.035567,21.337528,pm25,10
2026-01-10T20:47:17+01:00,87f82783-853b-417d-8964-b5cf11e44873,41.035567,21.337528,pressure,926
2026-01-10T20:47:17+01:00,87f82783-853b-417d-8964-b5cf11e44873,41.035567,21.337528,temperature,7
2026-01-10T21:02:48+01:00,87f82783-853b-417d-8964-b5cf11e44873,41.035567,21.337528,gasResistance,140625
2026-01-10T21:02:48+01:00,87f82783-853b-417d-8964-b5cf11e44873,41.035567,21.337528,humidity,67
2026-01-10T21:02:48+01:00,87f82783-853b-417d-8964-b5cf11e44873,41.035567,21.337528,noise,14
2026-01-10T21:02:48+01:00,87f82783-853b-417d-8964-b5cf11e44873,41.035567,21.337528,noise_dba,28
2026-01-10T21:02:48+01:00,87f82783-853b-417d-8964-b5cf11e44873,41.035567,21.337528,pm10,27
2026-01-10T21:02:48+01:00,87f82783-853b-417d-8964-b5cf11e44873,41.035567,21.337528,pm25,17
2026-01-10T21:02:48+01:00,87f82783-853b-417d-8964-b5cf11e44873,41.035567,21.337528,pressure,926
2026-01-10T21:02:48+01:00,87f82783-853b-417d-8964-b5cf11e44873,41.035567,21.337528,temperature,7
2026-01-10T21:18:20+01:00,87f82783-853b-417d-8964-b5cf11e44873,41.035567,21.337528,gasResistance,152853
2026-01-10T21:18:20+01:00,87f82783-853b-417d-8964-b5cf11e44873,41.035567,21.337528,humidity,67
2026-01-10T21:18:20+01:00,87f82783-853b-417d-8964-b5cf11e44873,41.035567,21.337528,noise,19
2026-01-10T21:18:20+01:00,87f82783-853b-417d-8964-b5cf11e44873,41.035567,21.337528,noise_dba,33
2026-01-10T21:18:20+01:00,87f82783-853b-417d-8964-b5cf11e44873,41.035567,21.337528,pm10,36
2026-01-10T21:18:20+01:00,87f82783-853b-417d-8964-b5cf11e44873,41.035567,21.337528,pm25,23
2026-01-10T21:18:20+01:00,87f82783-853b-417d-8964-b5cf11e44873,41.035567,21.337528,pressure,926
2026-01-10T21:18:20+01:00,87f82783-853b-417d-8964-b5cf11e44873,41.035567,21.337528,temperature,7
2026-01-10T21:33:51+01:00,87f82783-853b-417d-8964-b5cf11e44873,41.035567,21.337528,gasResistance,161638
2026-01-10T21:33:51+01:00,87f82783-853b-417d-8964-b5cf11e44873,41.035567,21.337528,humidity,66
2026-01-10T21:33:51+01:00,87f82783-853b-417d-8964-b5cf11e44873,41.035567,21.337528,noise,11
2026-01-10T21:33:51+01:00,87f82783-853b-417d-8964-b5cf11e44873,41.035567,21.337528,noise_dba,24
2026-01-10T21:33:51+01:00,87f82783-853b-417d-8964-b5cf11e44873,41.035567,21.337528,pm10,12
2026-01-10T21:33:51+01:00,87f82783-853b-417d-8964-b5cf11e44873,41.035567,21.337528,pm25,7
2026-01-10T21:33:51+01:00,87f82783-853b-417d-8964-b5cf11e44873,41.035567,21.337528,pressure,926
2026-01-10T21:33:51+01:00,87f82783-853b-417d-8964-b5cf11e44873,41.035567,21.337528,temperature,7
2026-01-10T21:49:22+01:00,87f82783-853b-417d-8964-b5cf11e44873,41.035567,21.337528,gasResistance,170627
2026-01-10T21:49:22+01:00,87f82783-853b-417d-8964-b5cf11e44873,41.035567,21.337528,humidity,66
2026-01-10T21:49:22+01:00,87f82783-853b-417d-8964-b5cf11e44873,41.035567,21.337528,noise,11
2026-01-10T21:49:22+01:00,87f82783-853b-417d-8964-b5cf11e44873,41.035567,21.337528,noise_dba,24
2026-01-10T21:49:22+01:00,87f82783-853b-417d-8964-b5cf11e44873,41.035567,21.337528,pm10,72
2026-01-10T21:49:22+01:00,87f82783-853b-417d-8964-b5cf11e44873,41.035567,21.337528,pm25,39
2026-01-10T21:49:22+01:00,87f82783-853b-417d-8964-b5cf11e44873,41.035567,21.337528,pressure,926
2026-01-10T21:49:22+01:00,87f82783-853b-417d-8964-b5cf11e44873,41.035567,21.337528,temperature,7
2026-01-10T22:04:54+01:00,87f82783-853b-417d-8964-b5cf11e44873,41.035567,21.337528,gasResistance,171494
2026-01-10T22:04:54+01:00,87f82783-853b-417d-8964-b5cf11e44873,41.035567,21.337528,humidity,67
2026-01-10T22:04:54+01:00,87f82783-853b-417d-8964-b5cf11e44873,41.035567,21.337528,noise,11
2026-01-10T22:04:54+01:00,87f82783-853b-417d-8964-b5cf11e44873,41.035567,21.337528,noise_dba,24
2026-01-10T22:04:54+01:00,87f82783-853b-417d-8964-b5cf11e44873,41.035567,21.337528,pm10,57
2026-01-10T22:04:54+01:00,87f82783-853b-417d-8964-b5cf11e44873,41.035567,21.337528,pm25,32
2026-01-10T22:04:54+01:00,87f82783-853b-417d-8964-b5cf11e44873,41.035567,21.337528,pressure,926
2026-01-10T22:04:54+01:00,87f82783-853b-417d-8964-b5cf11e44873,41.035567,21.337528,temperature,7
2026-01-10T22:20:25+01:00,87f82783-853b-417d-8964-b5cf11e44873,41.035567,21.337528,gasResistance,177819
2026-01-10T22:20:25+01:00,87f82783-853b-417d-8964-b5cf11e44873,41.035567,21.337528,humidity,67
2026-01-10T22:20:25+01:00,87f82783-853b-417d-8964-b5cf11e44873,41.035567,21.337528,pm10,129
2026-01-10T22:20:25+01:00,87f82783-853b-417d-8964-b5cf11e44873,41.035567,21.337528,pm25,66
2026-01-10T22:20:25+01:00,87f82783-853b-417d-8964-b5cf11e44873,41.035567,21.337528,pressure,926
2026-01-10T22:20:25+01:00,87f82783-853b-417d-8964-b5cf11e44873,41.035567,21.337528,temperature,7
2026-01-10T22:35:57+01:00,87f82783-853b-417d-8964-b5cf11e44873,41.035567,21.337528,gasResistance,183624
2026-01-10T22:35:57+01:00,87f82783-853b-417d-8964-b5cf11e44873,41.035567,21.337528,humidity,66
2026-01-10T22:35:57+01:00,87f82783-853b-417d-8964-b5cf11e44873,41.035567,21.337528,noise,11
2026-01-10T22:35:57+01:00,87f82783-853b-417d-8964-b5cf11e44873,41.035567,21.337528,noise_dba,24
2026-01-10T22:35:57+01:00,87f82783-853b-417d-8964-b5cf11e44873,41.035567,21.337528,pm10,130
2026-01-10T22:35:57+01:00,87f82783-853b-417d-8964-b5cf11e44873,41.035567,21.337528,pm25,77
2026-01-10T22:35:57+01:00,87f82783-853b-417d-8964-b5cf11e44873,41.035567,21.337528,pressure,926
2026-01-10T22:35:57+01:00,87f82783-853b-417d-8964-b5cf11e44873,41.035567,21.337528,temperature,7
2026-01-10T22:51:28+01:00,87f82783-853b-417d-8964-b5cf11e44873,41.035567,21.337528,gasResistance,182039
2026-01-10T22:51:28+01:00,87f82783-853b-417d-8964-b5cf11e44873,41.035567,21.337528,humidity,67
2026-01-10T22:51:28+01:00,87f82783-853b-417d-8964-b5cf11e44873,41.035567,21.337528,noise,11
2026-01-10T22:51:28+01:00,87f82783-853b-417d-8964-b5cf11e44873,41.035567,21.337528,noise_dba,24
2026-01-10T22:51:28+01:00,87f82783-853b-417d-8964-b5cf11e44873,41.035567,21.337528,pm10,129
2026-01-10T22:51:28+01:00,87f82783-853b-417d-8964-b5cf11e44873,41.035567,21.337528,pm25,72
2026-01-10T22:51:28+01:00,87f82783-853b-417d-8964-b5cf11e44873,41.035567,21.337528,pressure,926
2026-01-10T22:51:28+01:00,87f82783-853b-417d-8964-b5cf11e44873,41.035567,21.337528,temperature,7
2026-01-10T23:07:00+01:00,87f82783-853b-417d-8964-b5cf11e44873,41.035567,21.337528,gasResistance,176702
2026-01-10T23:07:00+01:00,87f82783-853b-417d-8964-b5cf11e44873,41.035567,21.337528,humidity,68
2026-01-10T23:07:00+01:00,87f82783-853b-417d-8964-b5cf11e44873,41.035567,21.337528,noise,11
2026-01-10T23:07:00+01:00,87f82783-853b-417d-8964-b5cf11e44873,41.035567,21.337528,noise_dba,24
2026-01-10T23:07:00+01:00,87f82783-853b-417d-8964-b5cf11e44873,41.035567,21.337528,pm10,104
2026-01-10T23:07:00+01:00,87f82783-853b-417d-8964-b5cf11e44873,41.035567,21.337528,pm25,60
2026-01-10T23:07:00+01:00,87f82783-853b-417d-8964-b5cf11e44873,41.035567,21.337528,pressure,926
2026-01-10T23:07:00+01:00,87f82783-853b-417d-8964-b5cf11e44873,41.035567,21.337528,temperature,7
2026-01-10T23:22:31+01:00,87f82783-853b-417d-8964-b5cf11e44873,41.035567,21.337528,gasResistance,174149
2026-01-10T23:22:31+01:00,87f82783-853b-417d-8964-b5cf11e44873,41.035567,21.337528,humidity,68
2026-01-10T23:22:31+01:00,87f82783-853b-417d-8964-b5cf11e44873,41.035567,21.337528,pm10,111
2026-01-10T23:22:31+01:00,87f82783-853b-417d-8964-b5cf11e44873,41.035567,21.337528,pm25,68
2026-01-10T23:22:31+01:00,87f82783-853b-417d-8964-b5cf11e44873,41.035567,21.337528,pressure,926
2026-01-10T23:22:31+01:00,87f82783-853b-417d-8964-b5cf11e44873,41.035567,21.337528,temperature,7
2026-01-10T23:38:02+01:00,87f82783-853b-417d-8964-b5cf11e44873,41.035567,21.337528,gasResistance,170455
2026-01-10T23:38:02+01:00,87f82783-853b-417d-8964-b5cf11e44873,41.035567,21.337528,humidity,69
2026-01-10T23:38:02+01:00,87f82783-853b-417d-8964-b5cf11e44873,41.035567,21.337528,pm10,156
2026-01-10T23:38:02+01:00,87f82783-853b-417d-8964-b5cf11e44873,41.035567,21.337528,pm25,90
2026-01-10T23:38:02+01:00,87f82783-853b-417d-8964-b5cf11e44873,41.035567,21.337528,pressure,926
2026-01-10T23:38:02+01:00,87f82783-853b-417d-8964-b5cf11e44873,41.035567,21.337528,temperature,7
2026-01-10T23:53:34+01:00,87f82783-853b-417d-8964-b5cf11e44873,41.035567,21.337528,gasResistance,169258
2026-01-10T23:53:34+01:00,87f82783-853b-417d-8964-b5cf11e44873,41.035567,21.337528,humidity,69
2026-01-10T23:53:34+01:00,87f82783-853b-417d-8964-b5cf11e44873,41.035567,21.337528,pm10,104
2026-01-10T23:53:34+01:00,87f82783-853b-417d-8964-b5cf11e44873,41.035567,21.337528,pm25,62
2026-01-10T23:53:34+01:00,87f82783-853b-417d-8964-b5cf11e44873,41.035567,21.337528,pressure,926
2026-01-10T23:53:34+01:00,87f82783-853b-417d-8964-b5cf11e44873,41.035567,21.337528,temperature,7
2026-01-11T00:09:05+01:00,87f82783-853b-417d-8964-b5cf11e44873,41.035567,21.337528,gasResistance,170283
2026-01-11T00:09:05+01:00,87f82783-853b-417d-8964-b5cf11e44873,41.035567,21.337528,humidity,69
2026-01-11T00:09:05+01:00,87f82783-853b-417d-8964-b5cf11e44873,41.035567,21.337528,noise,11
2026-01-11T00:09:05+01:00,87f82783-853b-417d-8964-b5cf11e44873,41.035567,21.337528,noise_dba,24
2026-01-11T00:09:05+01:00,87f82783-853b-417d-8964-b5cf11e44873,41.035567,21.337528,pm10,106
2026-01-11T00:09:05+01:00,87f82783-853b-417d-8964-b5cf11e44873,41.035567,21.337528,pm25,59
2026-01-11T00:09:05+01:00,87f82783-853b-417d-8964-b5cf11e44873,41.035567,21.337528,pressure,926
2026-01-11T00:09:05+01:00,87f82783-853b-417d-8964-b5cf11e44873,41.035567,21.337528,temperature,7
2026-01-11T00:24:37+01:00,87f82783-853b-417d-8964-b5cf11e44873,41.035567,21.337528,gasResistance,171146
2026-01-11T00:24:37+01:00,87f82783-853b-417d-8964-b5cf11e44873,41.035567,21.337528,humidity,69
2026-01-11T00:24:37+01:00,87f82783-853b-417d-8964-b5cf11e44873,41.035567,21.337528,pm10,108
2026-01-11T00:24:37+01:00,87f82783-853b-417d-8964-b5cf11e44873,41.035567,21.337528,pm25,57
2026-01-11T00:24:37+01:00,87f82783-853b-417d-8964-b5cf11e44873,41.035567,21.337528,pressure,926
2026-01-11T00:24:37+01:00,87f82783-853b-417d-8964-b5cf11e44873,41.035567,21.337528,temperature,7
2026-01-11T00:40:08+01:00,87f82783-853b-417d-8964-b5cf11e44873,41.035567,21.337528,gasResistance,173790
2026-01-11T00:40:08+01:00,87f82783-853b-417d-8964-b5cf11e44873,41.035567,21.337528,humidity,69
2026-01-11T00:40:08+01:00,87f82783-853b-417d-8964-b5cf11e44873,41.035567,21.337528,pm10,66
2026-01-11T00:40:08+01:00,87f82783-853b-417d-8964-b5cf11e44873,41.035567,21.337528,pm25,39
2026-01-11T00:40:08+01:00,87f82783-853b-417d-8964-b5cf11e44873,41.035567,21.337528,pressure,926
2026-01-11T00:40:08+01:00,87f82783-853b-417d-8964-b5cf11e44873,41.035567,21.337528,temperature,7
2026-01-11T00:55:39+01:00,87f82783-853b-417d-8964-b5cf11e44873,41.035567,21.337528,gasResistance,173077
2026-01-11T00:55:39+01:00,87f82783-853b-417d-8964-b5cf11e44873,41.035567,21.337528,humidity,69
2026-01-11T00:55:39+01:00,87f82783-853b-417d-8964-b5cf11e44873,41.035567,21.337528,pm10,75
2026-01-11T00:55:39+01:00,87f82783-853b-417d-8964-b5cf11e44873,41.035567,21.337528,pm25,38
2026-01-11T00:55:39+01:00,87f82783-853b-417d-8964-b5cf11e44873,41.035567,21.337528,pressure,926
2026-01-11T00:55:39+01:00,87f82783-853b-417d-8964-b5cf11e44873,41.035567,21.337528,temperature,7
2026-01-11T01:11:11+01:00,87f82783-853b-417d-8964-b5cf11e44873,41.035567,21.337528,gasResistance,174509
2026-01-11T01:11:11+01:00,87f82783-853b-417d-8964-b5cf11e44873,41.035567,21.337528,humidity,69
2026-01-11T01:11:11+01:00,87f82783-853b-417d-8964-b5cf11e44873,41.035567,21.337528,pm10,127
2026-01-11T01:11:11+01:00,87f82783-853b-417d-8964-b5cf11e44873,41.035567,21.337528,pm25,59
2026-01-11T01:11:11+01:00,87f82783-853b-417d-8964-b5cf11e44873,41.035567,21.337528,pressure,926
2026-01-11T01:11:11+01:00,87f82783-853b-417d-8964-b5cf11e44873,41.035567,21.337528,temperature,6
2026-01-11T01:26:42+01:00,87f82783-853b-417d-8964-b5cf11e44873,41.035567,21.337528,gasResistance,175598
2026-01-11T01:26:42+01:00,87f82783-853b-417d-8964-b5cf11e44873,41.035567,21.337528,humidity,69
2026-01-11T01:26:42+01:00,87f82783-853b-417d-8964-b5cf11e44873,41.035567,21.337528,pm10,105
2026-01-11T01:26:42+01:00,87f82783-853b-417d-8964-b5cf11e44873,41.035567,21.337528,pm25,50
2026-01-11T01:26:42+01:00,87f82783-853b-417d-8964-b5cf11e44873,41.035567,21.337528,pressure,927
2026-01-11T01:26:42+01:00,87f82783-853b-417d-8964-b5cf11e44873,41.035567,21.337528,temperature,6
2026-01-11T01:42:13+01:00,87f82783-853b-417d-8964-b5cf11e44873,41.035567,21.337528,gasResistance,176702
2026-01-11T01:42:13+01:00,87f82783-853b-417d-8964-b5cf11e44873,41.035567,21.337528,humidity,69
2026-01-11T01:42:13+01:00,87f82783-853b-417d-8964-b5cf11e44873,41.035567,21.337528,pm10,78
2026-01-11T01:42:13+01:00,87f82783-853b-417d-8964-b5cf11e44873,41.035567,21.337528,pm25,39
2026-01-11T01:42:13+01:00,87f82783-853b-417d-8964-b5cf11e44873,41.035567,21.337528,pressure,927
2026-01-11T01:42:13+01:00,87f82783-853b-417d-8964-b5cf11e44873,41.035567,21.337528,temperature,6
2026-01-11T01:57:44+01:00,87f82783-853b-417d-8964-b5cf11e44873,41.035567,21.337528,gasResistance,177819
2026-01-11T01:57:44+01:00,87f82783-853b-417d-8964-b5cf11e44873,41.035567,21.337528,humidity,69
2026-01-11T01:57:44+01:00,87f82783-853b-417d-8964-b5cf11e44873,41.035567,21.337528,pm10,46
2026-01-11T01:57:44+01:00,87f82783-853b-417d-8964-b5cf11e44873,41.035567,21.337528,pm25,22
2026-01-11T01:57:44+01:00,87f82783-853b-417d-8964-b5cf11e44873,41.035567,21.337528,pressure,927
2026-01-11T01:57:44+01:00,87f82783-853b-417d-8964-b5cf11e44873,41.035567,21.337528,temperature,6
2026-01-11T02:13:16+01:00,87f82783-853b-417d-8964-b5cf11e44873,41.035567,21.337528,gasResistance,187089
2026-01-11T02:13:16+01:00,87f82783-853b-417d-8964-b5cf11e44873,41.035567,21.337528,humidity,69
2026-01-11T02:13:16+01:00,87f82783-853b-417d-8964-b5cf11e44873,41.035567,21.337528,noise,11
2026-01-11T02:13:16+01:00,87f82783-853b-417d-8964-b5cf11e44873,41.035567,21.337528,noise_dba,24
2026-01-11T02:13:16+01:00,87f82783-853b-417d-8964-b5cf11e44873,41.035567,21.337528,pm10,19
2026-01-11T02:13:16+01:00,87f82783-853b-417d-8964-b5cf11e44873,41.035567,21.337528,pm25,8
2026-01-11T02:13:16+01:00,87f82783-853b-417d-8964-b5cf11e44873,41.035567,21.337528,pressure,927
2026-01-11T02:13:16+01:00,87f82783-853b-417d-8964-b5cf11e44873,41.035567,21.337528,temperature,6
2026-01-11T02:28:47+01:00,87f82783-853b-417d-8964-b5cf11e44873,41.035567,21.337528,gasResistance,194548
2026-01-11T02:28:47+01:00,87f82783-853b-417d-8964-b5cf11e44873,41.035567,21.337528,humidity,68
2026-01-11T02:28:47+01:00,87f82783-853b-417d-8964-b5cf11e44873,41.035567,21.337528,pm10,7
2026-01-11T02:28:47+01:00,87f82783-853b-417d-8964-b5cf11e44873,41.035567,21.337528,pm25,4
2026-01-11T02:28:47+01:00,87f82783-853b-417d-8964-b5cf11e44873,41.035567,21.337528,pressure,927
2026-01-11T02:28:47+01:00,87f82783-853b-417d-8964-b5cf11e44873,41.035567,21.337528,temperature,6
2026-01-11T02:44:18+01:00,87f82783-853b-417d-8964-b5cf11e44873,41.035567,21.337528,gasResistance,200303
2026-01-11T02:44:18+01:00,87f82783-853b-417d-8964-b5cf11e44873,41.035567,21.337528,humidity,69
2026-01-11T02:44:18+01:00,87f82783-853b-417d-8964-b5cf11e44873,41.035567,21.337528,noise,11
2026-01-11T02:44:18+01:00,87f82783-853b-417d-8964-b5cf11e44873,41.035567,21.337528,noise_dba,24
2026-01-11T02:44:18+01:00,87f82783-853b-417d-8964-b5cf11e44873,41.035567,21.337528,pm10,7
2026-01-11T02:44:18+01:00,87f82783-853b-417d-8964-b5cf11e44873,41.035567,21.337528,pm25,3
2026-01-11T02:44:18+01:00,87f82783-853b-417d-8964-b5cf11e44873,41.035567,21.337528,pressure,927
2026-01-11T02:44:18+01:00,87f82783-853b-417d-8964-b5cf11e44873,41.035567,21.337528,temperature,6
2026-01-11T02:59:50+01:00,87f82783-853b-417d-8964-b5cf11e44873,41.035567,21.337528,gasResistance,203497
2026-01-11T02:59:50+01:00,87f82783-853b-417d-8964-b5cf11e44873,41.035567,21.337528,humidity,70
2026-01-11T02:59:50+01:00,87f82783-853b-417d-8964-b5cf11e44873,41.035567,21.337528,noise,11
2026-01-11T02:59:50+01:00,87f82783-853b-417d-8964-b5cf11e44873,41.035567,21.337528,noise_dba,24
2026-01-11T02:59:50+01:00,87f82783-853b-417d-8964-b5cf11e44873,41.035567,21.337528,pm10,3
2026-01-11T02:59:50+01:00,87f82783-853b-417d-8964-b5cf11e44873,41.035567,21.337528,pm25,2
2026-01-11T02:59:50+01:00,87f82783-853b-417d-8964-b5cf11e44873,41.035567,21.337528,pressure,927
2026-01-11T02:59:50+01:00,87f82783-853b-417d-8964-b5cf11e44873,41.035567,21.337528,temperature,6
2026-01-11T03:15:21+01:00,87f82783-853b-417d-8964-b5cf11e44873,41.035567,21.337528,gasResistance,204753
2026-01-11T03:15:21+01:00,87f82783-853b-417d-8964-b5cf11e44873,41.035567,21.337528,humidity,71
2026-01-11T03:15:21+01:00,87f82783-853b-417d-8964-b5cf11e44873,41.035567,21.337528,noise,12
2026-01-11T03:15:21+01:00,87f82783-853b-417d-8964-b5cf11e44873,41.035567,21.337528,noise_dba,25
2026-01-11T03:15:21+01:00,87f82783-853b-417d-8964-b5cf11e44873,41.035567,21.337528,pm10,3
2026-01-11T03:15:21+01:00,87f82783-853b-417d-8964-b5cf11e44873,41.035567,21.337528,pm25,2
2026-01-11T03:15:21+01:00,87f82783-853b-417d-8964-b5cf11e44873,41.035567,21.337528,pressure,928
2026-01-11T03:15:21+01:00,87f82783-853b-417d-8964-b5cf11e44873,41.035567,21.337528,temperature,6
2026-01-11T03:30:52+01:00,87f82783-853b-417d-8964-b5cf11e44873,41.035567,21.337528,gasResistance,207441
2026-01-11T03:30:52+01:00,87f82783-853b-417d-8964-b5cf11e44873,41.035567,21.337528,humidity,70
2026-01-11T03:30:52+01:00,87f82783-853b-417d-8964-b5cf11e44873,41.035567,21.337528,noise,12
2026-01-11T03:30:52+01:00,87f82783-853b-417d-8964-b5cf11e44873,41.035567,21.337528,noise_dba,25
2026-01-11T03:30:52+01:00,87f82783-853b-417d-8964-b5cf11e44873,41.035567,21.337528,pm10,5
2026-01-11T03:30:52+01:00,87f82783-853b-417d-8964-b5cf11e44873,41.035567,21.337528,pm25,3
2026-01-11T03:30:52+01:00,87f82783-853b-417d-8964-b5cf11e44873,41.035567,21.337528,pressure,928
2026-01-11T03:30:52+01:00,87f82783-853b-417d-8964-b5cf11e44873,41.035567,21.337528,temperature,6
2026-01-11T03:46:23+01:00,87f82783-853b-417d-8964-b5cf11e44873,41.035567,21.337528,gasResistance,210201
2026-01-11T03:46:23+01:00,87f82783-853b-417d-8964-b5cf11e44873,41.035567,21.337528,humidity,71
2026-01-11T03:46:23+01:00,87f82783-853b-417d-8964-b5cf11e44873,41.035567,21.337528,noise,12
2026-01-11T03:46:23+01:00,87f82783-853b-417d-8964-b5cf11e44873,41.035567,21.337528,noise_dba,25
2026-01-11T03:46:23+01:00,87f82783-853b-417d-8964-b5cf11e44873,41.035567,21.337528,pm10,4
2026-01-11T03:46:23+01:00,87f82783-853b-417d-8964-b5cf11e44873,41.035567,21.337528,pm25,2
2026-01-11T03:46:23+01:00,87f82783-853b-417d-8964-b5cf11e44873,41.035567,21.337528,pressure,928
2026-01-11T03:46:23+01:00,87f82783-853b-417d-8964-b5cf11e44873,41.035567,21.337528,temperature,6
2026-01-11T04:01:55+01:00,87f82783-853b-417d-8964-b5cf11e44873,41.035567,21.337528,gasResistance,213859
2026-01-11T04:01:55+01:00,87f82783-853b-417d-8964-b5cf11e44873,41.035567,21.337528,humidity,71
2026-01-11T04:01:55+01:00,87f82783-853b-417d-8964-b5cf11e44873,41.035567,21.337528,noise,12
2026-01-11T04:01:55+01:00,87f82783-853b-417d-8964-b5cf11e44873,41.035567,21.337528,noise_dba,25
2026-01-11T04:01:55+01:00,87f82783-853b-417d-8964-b5cf11e44873,41.035567,21.337528,pm10,6
2026-01-11T04:01:55+01:00,87f82783-853b-417d-8964-b5cf11e44873,41.035567,21.337528,pm25,4
2026-01-11T04:01:55+01:00,87f82783-853b-417d-8964-b5cf11e44873,41.035567,21.337528,pressure,929
2026-01-11T04:01:55+01:00,87f82783-853b-417d-8964-b5cf11e44873,41.035567,21.337528,temperature,6
2026-01-11T04:17:26+01:00,87f82783-853b-417d-8964-b5cf11e44873,41.035567,21.337528,gasResistance,217362
2026-01-11T04:17:26+01:00,87f82783-853b-417d-8964-b5cf11e44873,41.035567,21.337528,humidity,71
2026-01-11T04:17:26+01:00,87f82783-853b-417d-8964-b5cf11e44873,41.035567,21.337528,noise,11
2026-01-11T04:17:26+01:00,87f82783-853b-417d-8964-b5cf11e44873,41.035567,21.337528,noise_dba,24
2026-01-11T04:17:26+01:00,87f82783-853b-417d-8964-b5cf11e44873,41.035567,21.337528,pm10,14
2026-01-11T04:17:26+01:00,87f82783-853b-417d-8964-b5cf11e44873,41.035567,21.337528,pm25,8
2026-01-11T04:17:26+01:00,87f82783-853b-417d-8964-b5cf11e44873,41.035567,21.337528,pressure,929
2026-01-11T04:17:26+01:00,87f82783-853b-417d-8964-b5cf11e44873,41.035567,21.337528,temperature,5
2026-01-11T04:32:57+01:00,87f82783-853b-417d-8964-b5cf11e44873,41.035567,21.337528,gasResistance,217219
2026-01-11T04:32:57+01:00,87f82783-853b-417d-8964-b5cf11e44873,41.035567,21.337528,humidity,72
2026-01-11T04:32:57+01:00,87f82783-853b-417d-8964-b5cf11e44873,41.035567,21.337528,noise,11
2026-01-11T04:32:57+01:00,87f82783-853b-417d-8964-b5cf11e44873,41.035567,21.337528,noise_dba,24
2026-01-11T04:32:57+01:00,87f82783-853b-417d-8964-b5cf11e44873,41.035567,21.337528,pm10,3
2026-01-11T04:32:57+01:00,87f82783-853b-417d-8964-b5cf11e44873,41.035567,21.337528,pm25,2
2026-01-11T04:32:57+01:00,87f82783-853b-417d-8964-b5cf11e44873,41.035567,21.337528,pressure,929
2026-01-11T04:32:57+01:00,87f82783-853b-417d-8964-b5cf11e44873,41.035567,21.337528,temperature,5
2026-01-11T04:48:29+01:00,87f82783-853b-417d-8964-b5cf11e44873,41.035567,21.337528,gasResistance,218939
2026-01-11T04:48:29+01:00,87f82783-853b-417d-8964-b5cf11e44873,41.035567,21.337528,humidity,72
2026-01-11T04:48:29+01:00,87f82783-853b-417d-8964-b5cf11e44873,41.035567,21.337528,noise,11
2026-01-11T04:48:29+01:00,87f82783-853b-417d-8964-b5cf11e44873,41.035567,21.337528,noise_dba,24
2026-01-11T04:48:29+01:00,87f82783-853b-417d-8964-b5cf11e44873,41.035567,21.337528,pm10,7
2026-01-11T04:48:29+01:00,87f82783-853b-417d-8964-b5cf11e44873,41.035567,21.337528,pm25,5
2026-01-11T04:48:29+01:00,87f82783-853b-417d-8964-b5cf11e44873,41.035567,21.337528,pressure,930
2026-01-11T04:48:29+01:00,87f82783-853b-417d-8964-b5cf11e44873,41.035567,21.337528,temperature,5
2026-01-11T05:04:00+01:00,87f82783-853b-417d-8964-b5cf11e44873,41.035567,21.337528,gasResistance,219809
2026-01-11T05:04:00+01:00,87f82783-853b-417d-8964-b5cf11e44873,41.035567,21.337528,humidity,72
2026-01-11T05:04:00+01:00,87f82783-853b-417d-8964-b5cf11e44873,41.035567,21.337528,noise,11
2026-01-11T05:04:00+01:00,87f82783-853b-417d-8964-b5cf11e44873,41.035567,21.337528,noise_dba,24
2026-01-11T05:04:00+01:00,87f82783-853b-417d-8964-b5cf11e44873,41.035567,21.337528,pm10,6
2026-01-11T05:04:00+01:00,87f82783-853b-417d-8964-b5cf11e44873,41.035567,21.337528,pm25,4
2026-01-11T05:04:00+01:00,87f82783-853b-417d-8964-b5cf11e44873,41.035567,21.337528,pressure,930
2026-01-11T05:04:00+01:00,87f82783-853b-417d-8964-b5cf11e44873,41.035567,21.337528,temperature,5
2026-01-11T05:19:31+01:00,87f82783-853b-417d-8964-b5cf11e44873,41.035567,21.337528,gasResistance,219229
2026-01-11T05:19:31+01:00,87f82783-853b-417d-8964-b5cf11e44873,41.035567,21.337528,humidity,72
2026-01-11T05:19:31+01:00,87f82783-853b-417d-8964-b5cf11e44873,41.035567,21.337528,noise,11
2026-01-11T05:19:31+01:00,87f82783-853b-417d-8964-b5cf11e44873,41.035567,21.337528,noise_dba,24
2026-01-11T05:19:31+01:00,87f82783-853b-417d-8964-b5cf11e44873,41.035567,21.337528,pm10,9
2026-01-11T05:19:31+01:00,87f82783-853b-417d-8964-b5cf11e44873,41.035567,21.337528,pm25,5
2026-01-11T05:19:31+01:00,87f82783-853b-417d-8964-b5cf11e44873,41.035567,21.337528,pressure,930
2026-01-11T05:19:31+01:00,87f82783-853b-417d-8964-b5cf11e44873,41.035567,21.337528,temperature,5
2026-01-11T05:35:03+01:00,87f82783-853b-417d-8964-b5cf11e44873,41.035567,21.337528,gasResistance,218363
2026-01-11T05:35:03+01:00,87f82783-853b-417d-8964-b5cf11e44873,41.035567,21.337528,humidity,72
2026-01-11T05:35:03+01:00,87f82783-853b-417d-8964-b5cf11e44873,41.035567,21.337528,noise,11
2026-01-11T05:35:03+01:00,87f82783-853b-417d-8964-b5cf11e44873,41.035567,21.337528,noise_dba,24
2026-01-11T05:35:03+01:00,87f82783-853b-417d-8964-b5cf11e44873,41.035567,21.337528,pm10,18
2026-01-11T05:35:03+01:00,87f82783-853b-417d-8964-b5cf11e44873,41.035567,21.337528,pm25,9
2026-01-11T05:35:03+01:00,87f82783-853b-417d-8964-b5cf11e44873,41.035567,21.337528,pressure,931
2026-01-11T05:35:03+01:00,87f82783-853b-417d-8964-b5cf11e44873,41.035567,21.337528,temperature,5
2026-01-11T05:50:35+01:00,87f82783-853b-417d-8964-b5cf11e44873,41.035567,21.337528,gasResistance,215666
2026-01-11T05:50:35+01:00,87f82783-853b-417d-8964-b5cf11e44873,41.035567,21.337528,humidity,73
2026-01-11T05:50:35+01:00,87f82783-853b-417d-8964-b5cf11e44873,41.035567,21.337528,noise,12
2026-01-11T05:50:35+01:00,87f82783-853b-417d-8964-b5cf11e44873,41.035567,21.337528,noise_dba,25
2026-01-11T05:50:35+01:00,87f82783-853b-417d-8964-b5cf11e44873,41.035567,21.337528,pm10,23
2026-01-11T05:50:35+01:00,87f82783-853b-417d-8964-b5cf11e44873,41.035567,21.337528,pm25,16
2026-01-11T05:50:35+01:00,87f82783-853b-417d-8964-b5cf11e44873,41.035567,21.337528,pressure,931
2026-01-11T05:50:35+01:00,87f82783-853b-417d-8964-b5cf11e44873,41.035567,21.337528,temperature,5
2026-01-11T06:06:06+01:00,87f82783-853b-417d-8964-b5cf11e44873,41.035567,21.337528,gasResistance,216228
2026-01-11T06:06:06+01:00,87f82783-853b-417d-8964-b5cf11e44873,41.035567,21.337528,humidity,73
2026-01-11T06:06:06+01:00,87f82783-853b-417d-8964-b5cf11e44873,41.035567,21.337528,noise,12
2026-01-11T06:06:06+01:00,87f82783-853b-417d-8964-b5cf11e44873,41.035567,21.337528,noise_dba,25
2026-01-11T06:06:06+01:00,87f82783-853b-417d-8964-b5cf11e44873,41.035567,21.337528,pm10,14
2026-01-11T06:06:06+01:00,87f82783-853b-417d-8964-b5cf11e44873,41.035567,21.337528,pm25,9
2026-01-11T06:06:06+01:00,87f82783-853b-417d-8964-b5cf11e44873,41.035567,21.337528,pressure,931
2026-01-11T06:06:06+01:00,87f82783-853b-417d-8964-b5cf11e44873,41.035567,21.337528,temperature,5
2026-01-11T06:21:38+01:00,87f82783-853b-417d-8964-b5cf11e44873,41.035567,21.337528,gasResistance,213997
2026-01-11T06:21:38+01:00,87f82783-853b-417d-8964-b5cf11e44873,41.035567,21.337528,humidity,73
2026-01-11T06:21:38+01:00,87f82783-853b-417d-8964-b5cf11e44873,41.035567,21.337528,noise,12
2026-01-11T06:21:38+01:00,87f82783-853b-417d-8964-b5cf11e44873,41.035567,21.337528,noise_dba,25
2026-01-11T06:21:38+01:00,87f82783-853b-417d-8964-b5cf11e44873,41.035567,21.337528,pm10,64
2026-01-11T06:21:38+01:00,87f82783-853b-417d-8964-b5cf11e44873,41.035567,21.337528,pm25,34
2026-01-11T06:21:38+01:00,87f82783-853b-417d-8964-b5cf11e44873,41.035567,21.337528,pressure,931
2026-01-11T06:21:38+01:00,87f82783-853b-417d-8964-b5cf11e44873,41.035567,21.337528,temperature,5
2026-01-11T06:37:09+01:00,87f82783-853b-417d-8964-b5cf11e44873,41.035567,21.337528,gasResistance,213584
2026-01-11T06:37:09+01:00,87f82783-853b-417d-8964-b5cf11e44873,41.035567,21.337528,humidity,73
2026-01-11T06:37:09+01:00,87f82783-853b-417d-8964-b5cf11e44873,41.035567,21.337528,noise,12
2026-01-11T06:37:09+01:00,87f82783-853b-417d-8964-b5cf11e44873,41.035567,21.337528,noise_dba,25
2026-01-11T06:37:09+01:00,87f82783-853b-417d-8964-b5cf11e44873,41.035567,21.337528,pm10,145
2026-01-11T06:37:09+01:00,87f82783-853b-417d-8964-b5cf11e44873,41.035567,21.337528,pm25,73
2026-01-11T06:37:09+01:00,87f82783-853b-417d-8964-b5cf11e44873,41.035567,21.337528,pressure,932
2026-01-11T06:37:09+01:00,87f82783-853b-417d-8964-b5cf11e44873,41.035567,21.337528,temperature,5
2026-01-11T06:52:40+01:00,87f82783-853b-417d-8964-b5cf11e44873,41.035567,21.337528,gasResistance,212899
2026-01-11T06:52:40+01:00,87f82783-853b-417d-8964-b5cf11e44873,41.035567,21.337528,humidity,73
2026-01-11T06:52:40+01:00,87f82783-853b-417d-8964-b5cf11e44873,41.035567,21.337528,noise,12
2026-01-11T06:52:40+01:00,87f82783-853b-417d-8964-b5cf11e44873,41.035567,21.337528,noise_dba,25
2026-01-11T06:52:40+01:00,87f82783-853b-417d-8964-b5cf11e44873,41.035567,21.337528,pm10,64
2026-01-11T06:52:40+01:00,87f82783-853b-417d-8964-b5cf11e44873,41.035567,21.337528,pm25,32
2026-01-11T06:52:40+01:00,87f82783-853b-417d-8964-b5cf11e44873,41.035567,21.337528,pressure,932
2026-01-11T06:52:40+01:00,87f82783-853b-417d-8964-b5cf11e44873,41.035567,21.337528,temperature,5
2026-01-11T07:08:12+01:00,87f82783-853b-417d-8964-b5cf11e44873,41.035567,21.337528,gasResistance,211947
2026-01-11T07:08:12+01:00,87f82783-853b-417d-8964-b5cf11e44873,41.035567,21.337528,humidity,73
2026-01-11T07:08:12+01:00,87f82783-853b-417d-8964-b5cf11e44873,41.035567,21.337528,noise,12
2026-01-11T07:08:12+01:00,87f82783-853b-417d-8964-b5cf11e44873,41.035567,21.337528,noise_dba,25
2026-01-11T07:08:12+01:00,87f82783-853b-417d-8964-b5cf11e44873,41.035567,21.337528,pm10,17
2026-01-11T07:08:12+01:00,87f82783-853b-417d-8964-b5cf11e44873,41.035567,21.337528,pm25,10
2026-01-11T07:08:12+01:00,87f82783-853b-417d-8964-b5cf11e44873,41.035567,21.337528,pressure,932
2026-01-11T07:08:12+01:00,87f82783-853b-417d-8964-b5cf11e44873,41.035567,21.337528,temperature,5
2026-01-11T07:23:43+01:00,87f82783-853b-417d-8964-b5cf11e44873,41.035567,21.337528,gasResistance,217362
2026-01-11T07:23:43+01:00,87f82783-853b-417d-8964-b5cf11e44873,41.035567,21.337528,humidity,72
2026-01-11T07:23:43+01:00,87f82783-853b-417d-8964-b5cf11e44873,41.035567,21.337528,noise,11
2026-01-11T07:23:43+01:00,87f82783-853b-417d-8964-b5cf11e44873,41.035567,21.337528,noise_dba,24
2026-01-11T07:23:43+01:00,87f82783-853b-417d-8964-b5cf11e44873,41.035567,21.337528,pm10,10
2026-01-11T07:23:43+01:00,87f82783-853b-417d-8964-b5cf11e44873,41.035567,21.337528,pm25,6
2026-01-11T07:23:43+01:00,87f82783-853b-417d-8964-b5cf11e44873,41.035567,21.337528,pressure,932
2026-01-11T07:23:43+01:00,87f82783-853b-417d-8964-b5cf11e44873,41.035567,21.337528,temperature,5
2026-01-11T07:39:14+01:00,87f82783-853b-417d-8964-b5cf11e44873,41.035567,21.337528,gasResistance,222313
2026-01-11T07:39:14+01:00,87f82783-853b-417d-8964-b5cf11e44873,41.035567,21.337528,humidity,72
2026-01-11T07:39:14+01:00,87f82783-853b-417d-8964-b5cf11e44873,41.035567,21.337528,noise,12
2026-01-11T07:39:14+01:00,87f82783-853b-417d-8964-b5cf11e44873,41.035567,21.337528,noise_dba,25
2026-01-11T07:39:14+01:00,87f82783-853b-417d-8964-b5cf11e44873,41.035567,21.337528,pm10,37
2026-01-11T07:39:14+01:00,87f82783-853b-417d-8964-b5cf11e44873,41.035567,21.337528,pm25,22
2026-01-11T07:39:14+01:00,87f82783-853b-417d-8964-b5cf11e44873,41.035567,21.337528,pressure,933
2026-01-11T07:39:14+01:00,87f82783-853b-417d-8964-b5cf11e44873,41.035567,21.337528,temperature,5
2026-01-11T07:54:46+01:00,87f82783-853b-417d-8964-b5cf11e44873,41.035567,21.337528,gasResistance,223662
2026-01-11T07:54:46+01:00,87f82783-853b-417d-8964-b5cf11e44873,41.035567,21.337528,humidity,73
2026-01-11T07:54:46+01:00,87f82783-853b-417d-8964-b5cf11e44873,41.035567,21.337528,noise,12
2026-01-11T07:54:46+01:00,87f82783-853b-417d-8964-b5cf11e44873,41.035567,21.337528,noise_dba,25
2026-01-11T07:54:46+01:00,87f82783-853b-417d-8964-b5cf11e44873,41.035567,21.337528,pm10,87
2026-01-11T07:54:46+01:00,87f82783-853b-417d-8964-b5cf11e44873,41.035567,21.337528,pm25,39
2026-01-11T07:54:46+01:00,87f82783-853b-417d-8964-b5cf11e44873,41.035567,21.337528,pressure,933
2026-01-11T07:54:46+01:00,87f82783-853b-417d-8964-b5cf11e44873,41.035567,21.337528,temperature,5
2026-01-11T08:10:17+01:00,87f82783-853b-417d-8964-b5cf11e44873,41.035567,21.337528,gasResistance,227029
2026-01-11T08:10:17+01:00,87f82783-853b-417d-8964-b5cf11e44873,41.035567,21.337528,humidity,72
2026-01-11T08:10:17+01:00,87f82783-853b-417d-8964-b5cf11e44873,41.035567,21.337528,noise,12
2026-01-11T08:10:17+01:00,87f82783-853b-417d-8964-b5cf11e44873,41.035567,21.337528,noise_dba,25
2026-01-11T08:10:17+01:00,87f82783-853b-417d-8964-b5cf11e44873,41.035567,21.337528,pm10,10
2026-01-11T08:10:17+01:00,87f82783-853b-417d-8964-b5cf11e44873,41.035567,21.337528,pm25,6
2026-01-11T08:10:17+01:00,87f82783-853b-417d-8964-b5cf11e44873,41.035567,21.337528,pressure,933
2026-01-11T08:10:17+01:00,87f82783-853b-417d-8964-b5cf11e44873,41.035567,21.337528,temperature,5
2026-01-11T08:25:49+01:00,87f82783-853b-417d-8964-b5cf11e44873,41.035567,21.337528,gasResistance,232111
2026-01-11T08:25:49+01:00,87f82783-853b-417d-8964-b5cf11e44873,41.035567,21.337528,humidity,71
2026-01-11T08:25:49+01:00,87f82783-853b-417d-8964-b5cf11e44873,41.035567,21.337528,noise,12
2026-01-11T08:25:49+01:00,87f82783-853b-417d-8964-b5cf11e44873,41.035567,21.337528,noise_dba,25
2026-01-11T08:25:49+01:00,87f82783-853b-417d-8964-b5cf11e44873,41.035567,21.337528,pm10,13
2026-01-11T08:25:49+01:00,87f82783-853b-417d-8964-b5cf11e44873,41.035567,21.337528,pm25,8
2026-01-11T08:25:49+01:00,87f82783-853b-417d-8964-b5cf11e44873,41.035567,21.337528,pressure,933
2026-01-11T08:25:49+01:00,87f82783-853b-417d-8964-b5cf11e44873,41.035567,21.337528,temperature,5
2026-01-11T08:41:20+01:00,87f82783-853b-417d-8964-b5cf11e44873,41.035567,21.337528,gasResistance,237086
2026-01-11T08:41:20+01:00,87f82783-853b-417d-8964-b5cf11e44873,41.035567,21.337528,humidity,70
2026-01-11T08:41:20+01:00,87f82783-853b-417d-8964-b5cf11e44873,41.035567,21.337528,noise,12
2026-01-11T08:41:20+01:00,87f82783-853b-417d-8964-b5cf11e44873,41.035567,21.337528,noise_dba,25
2026-01-11T08:41:20+01:00,87f82783-853b-417d-8964-b5cf11e44873,41.035567,21.337528,pm10,26
2026-01-11T08:41:20+01:00,87f82783-853b-417d-8964-b5cf11e44873,41.035567,21.337528,pm25,12
2026-01-11T08:41:20+01:00,87f82783-853b-417d-8964-b5cf11e44873,41.035567,21.337528,pressure,934
2026-01-11T08:41:20+01:00,87f82783-853b-417d-8964-b5cf11e44873,41.035567,21.337528,temperature,5
2026-01-11T08:56:52+01:00,87f82783-853b-417d-8964-b5cf11e44873,41.035567,21.337528,gasResistance,240175
2026-01-11T08:56:52+01:00,87f82783-853b-417d-8964-b5cf11e44873,41.035567,21.337528,humidity,71
2026-01-11T08:56:52+01:00,87f82783-853b-417d-8964-b5cf11e44873,41.035567,21.337528,noise,12
2026-01-11T08:56:52+01:00,87f82783-853b-417d-8964-b5cf11e44873,41.035567,21.337528,noise_dba,25
2026-01-11T08:56:52+01:00,87f82783-853b-417d-8964-b5cf11e44873,41.035567,21.337528,pm10,17
2026-01-11T08:56:52+01:00,87f82783-853b-417d-8964-b5cf11e44873,41.035567,21.337528,pm25,11
2026-01-11T08:56:52+01:00,87f82783-853b-417d-8964-b5cf11e44873,41.035567,21.337528,pressure,934
2026-01-11T08:56:52+01:00,87f82783-853b-417d-8964-b5cf11e44873,41.035567,21.337528,temperature,5
2026-01-11T09:12:23+01:00,87f82783-853b-417d-8964-b5cf11e44873,41.035567,21.337528,gasResistance,244782
2026-01-11T09:12:23+01:00,87f82783-853b-417d-8964-b5cf11e44873,41.035567,21.337528,humidity,70
2026-01-11T09:12:23+01:00,87f82783-853b-417d-8964-b5cf11e44873,41.035567,21.337528,noise,12
2026-01-11T09:12:23+01:00,87f82783-853b-417d-8964-b5cf11e44873,41.035567,21.337528,noise_dba,25
2026-01-11T09:12:23+01:00,87f82783-853b-417d-8964-b5cf11e44873,41.035567,21.337528,pm10,9
2026-01-11T09:12:23+01:00,87f82783-853b-417d-8964-b5cf11e44873,41.035567,21.337528,pm25,7
2026-01-11T09:12:23+01:00,87f82783-853b-417d-8964-b5cf11e44873,41.035567,21.337528,pressure,934
2026-01-11T09:12:23+01:00,87f82783-853b-417d-8964-b5cf11e44873,41.035567,21.337528,temperature,5
2026-01-11T09:27:54+01:00,87f82783-853b-417d-8964-b5cf11e44873,41.035567,21.337528,gasResistance,246602
2026-01-11T09:27:54+01:00,87f82783-853b-417d-8964-b5cf11e44873,41.035567,21.337528,humidity,71
2026-01-11T09:27:54+01:00,87f82783-853b-417d-8964-b5cf11e44873,41.035567,21.337528,noise,13
2026-01-11T09:27:54+01:00,87f82783-853b-417d-8964-b5cf11e44873,41.035567,21.337528,noise_dba,27
2026-01-11T09:27:54+01:00,87f82783-853b-417d-8964-b5cf11e44873,41.035567,21.337528,pm10,14
2026-01-11T09:27:54+01:00,87f82783-853b-417d-8964-b5cf11e44873,41.035567,21.337528,pm25,9
2026-01-11T09:27:54+01:00,87f82783-853b-417d-8964-b5cf11e44873,41.035567,21.337528,pressure,935
2026-01-11T09:27:54+01:00,87f82783-853b-417d-8964-b5cf11e44873,41.035567,21.337528,temperature,4
2026-01-11T09:43:25+01:00,87f82783-853b-417d-8964-b5cf11e44873,41.035567,21.337528,gasResistance,247337
2026-01-11T09:43:25+01:00,87f82783-853b-417d-8964-b5cf11e44873,41.035567,21.337528,humidity,72
2026-01-11T09:43:25+01:00,87f82783-853b-417d-8964-b5cf11e44873,41.035567,21.337528,noise,12
2026-01-11T09:43:25+01:00,87f82783-853b-417d-8964-b5cf11e44873,41.035567,21.337528,noise_dba,25
2026-01-11T09:43:25+01:00,87f82783-853b-417d-8964-b5cf11e44873,41.035567,21.337528,pm10,10
2026-01-11T09:43:25+01:00,87f82783-853b-417d-8964-b5cf11e44873,41.035567,21.337528,pm25,7
2026-01-11T09:43:25+01:00,87f82783-853b-417d-8964-b5cf11e44873,41.035567,21.337528,pressure,935
2026-01-11T09:43:25+01:00,87f82783-853b-417d-8964-b5cf11e44873,41.035567,21.337528,temperature,4
2026-01-11T09:58:57+01:00,87f82783-853b-417d-8964-b5cf11e44873,41.035567,21.337528,gasResistance,248634
2026-01-11T09:58:57+01:00,87f82783-853b-417d-8964-b5cf11e44873,41.035567,21.337528,humidity,72
2026-01-11T09:58:57+01:00,87f82783-853b-417d-8964-b5cf11e44873,41.035567,21.337528,noise,12
2026-01-11T09:58:57+01:00,87f82783-853b-417d-8964-b5cf11e44873,41.035567,21.337528,noise_dba,25
2026-01-11T09:58:57+01:00,87f82783-853b-417d-8964-b5cf11e44873,41.035567,21.337528,pm10,6
2026-01-11T09:58:57+01:00,87f82783-853b-417d-8964-b5cf11e44873,41.035567,21.337528,pm25,4
2026-01-11T09:58:57+01:00,87f82783-853b-417d-8964-b5cf11e44873,41.035567,21.337528,pressure,935
2026-01-11T09:58:57+01:00,87f82783-853b-417d-8964-b5cf11e44873,41.035567,21.337528,temperature,4
2026-01-11T10:14:28+01:00,87f82783-853b-417d-8964-b5cf11e44873,41.035567,21.337528,gasResistance,249945
2026-01-11T10:14:28+01:00,87f82783-853b-417d-8964-b5cf11e44873,41.035567,21.337528,humidity,73
2026-01-11T10:14:28+01:00,87f82783-853b-417d-8964-b5cf11e44873,41.035567,21.337528,noise,12
2026-01-11T10:14:28+01:00,87f82783-853b-417d-8964-b5cf11e44873,41.035567,21.337528,noise_dba,25
2026-01-11T10:14:28+01:00,87f82783-853b-417d-8964-b5cf11e44873,41.035567,21.337528,pm10,12
2026-01-11T10:14:28+01:00,87f82783-853b-417d-8964-b5cf11e44873,41.035567,21.337528,pm25,7
2026-01-11T10:14:28+01:00,87f82783-853b-417d-8964-b5cf11e44873,41.035567,21.337528,pressure,935
2026-01-11T10:14:28+01:00,87f82783-853b-417d-8964-b5cf11e44873,41.035567,21.337528,temperature,4
2026-01-11T10:29:59+01:00,87f82783-853b-417d-8964-b5cf11e44873,41.035567,21.337528,gasResistance,249194
2026-01-11T10:29:59+01:00,87f82783-853b-417d-8964-b5cf11e44873,41.035567,21.337528,humidity,73
2026-01-11T10:29:59+01:00,87f82783-853b-417d-8964-b5cf11e44873,41.035567,21.337528,noise,13
2026-01-11T10:29:59+01:00,87f82783-853b-417d-8964-b5cf11e44873,41.035567,21.337528,noise_dba,27
2026-01-11T10:29:59+01:00,87f82783-853b-417d-8964-b5cf11e44873,41.035567,21.337528,pm10,19
2026-01-11T10:29:59+01:00,87f82783-853b-417d-8964-b5cf11e44873,41.035567,21.337528,pm25,10
2026-01-11T10:29:59+01:00,87f82783-853b-417d-8964-b5cf11e44873,41.035567,21.337528,pressure,936
2026-01-11T10:29:59+01:00,87f82783-853b-417d-8964-b5cf11e44873,41.035567,21.337528,temperature,4
2026-01-11T10:45:31+01:00,87f82783-853b-417d-8964-b5cf11e44873,41.035567,21.337528,gasResistance,250322
2026-01-11T10:45:31+01:00,87f82783-853b-417d-8964-b5cf11e44873,41.035567,21.337528,humidity,73
2026-01-11T10:45:31+01:00,87f82783-853b-417d-8964-b5cf11e44873,41.035567,21.337528,noise,12
2026-01-11T10:45:31+01:00,87f82783-853b-417d-8964-b5cf11e44873,41.035567,21.337528,noise_dba,25
2026-01-11T10:45:31+01:00,87f82783-853b-417d-8964-b5cf11e44873,41.035567,21.337528,pm10,17
2026-01-11T10:45:31+01:00,87f82783-853b-417d-8964-b5cf11e44873,41.035567,21.337528,pm25,9
2026-01-11T10:45:31+01:00,87f82783-853b-417d-8964-b5cf11e44873,41.035567,21.337528,pressure,936
2026-01-11T10:45:31+01:00,87f82783-853b-417d-8964-b5cf11e44873,41.035567,21.337528,temperature,4
2026-01-11T11:01:02+01:00,87f82783-853b-417d-8964-b5cf11e44873,41.035567,21.337528,gasResistance,251461
2026-01-11T11:01:02+01:00,87f82783-853b-417d-8964-b5cf11e44873,41.035567,21.337528,humidity,73
2026-01-11T11:01:02+01:00,87f82783-853b-417d-8964-b5cf11e44873,41.035567,21.337528,noise,12
2026-01-11T11:01:02+01:00,87f82783-853b-417d-8964-b5cf11e44873,41.035567,21.337528,noise_dba,25
2026-01-11T11:01:02+01:00,87f82783-853b-417d-8964-b5cf11e44873,41.035567,21.337528,pm10,18
2026-01-11T11:01:02+01:00,87f82783-853b-417d-8964-b5cf11e44873,41.035567,21.337528,pm25,12
2026-01-11T11:01:02+01:00,87f82783-853b-417d-8964-b5cf11e44873,41.035567,21.337528,pressure,936
2026-01-11T11:01:02+01:00,87f82783-853b-417d-8964-b5cf11e44873,41.035567,21.337528,temperature,4
2026-01-11T11:16:33+01:00,87f82783-853b-417d-8964-b5cf11e44873,41.035567,21.337528,gasResistance,251651
2026-01-11T11:16:33+01:00,87f82783-853b-417d-8964-b5cf11e44873,41.035567,21.337528,humidity,73
2026-01-11T11:16:33+01:00,87f82783-853b-417d-8964-b5cf11e44873,41.035567,21.337528,noise,12
2026-01-11T11:16:33+01:00,87f82783-853b-417d-8964-b5cf11e44873,41.035567,21.337528,noise_dba,25
2026-01-11T11:16:33+01:00,87f82783-853b-417d-8964-b5cf11e44873,41.035567,21.337528,pm10,12
2026-01-11T11:16:33+01:00,87f82783-853b-417d-8964-b5cf11e44873,41.035567,21.337528,pm25,8
2026-01-11T11:16:33+01:00,87f82783-853b-417d-8964-b5cf11e44873,41.035567,21.337528,pressure,936
2026-01-11T11:16:33+01:00,87f82783-853b-417d-8964-b5cf11e44873,41.035567,21.337528,temperature,4
2026-01-11T11:32:05+01:00,87f82783-853b-417d-8964-b5cf11e44873,41.035567,21.337528,gasResistance,252995
2026-01-11T11:32:05+01:00,87f82783-853b-417d-8964-b5cf11e44873,41.035567,21.337528,humidity,72
2026-01-11T11:32:05+01:00,87f82783-853b-417d-8964-b5cf11e44873,41.035567,21.337528,noise,13
2026-01-11T11:32:05+01:00,87f82783-853b-417d-8964-b5cf11e44873,41.035567,21.337528,noise_dba,27
2026-01-11T11:32:05+01:00,87f82783-853b-417d-8964-b5cf11e44873,41.035567,21.337528,pm10,9
2026-01-11T11:32:05+01:00,87f82783-853b-417d-8964-b5cf11e44873,41.035567,21.337528,pm25,6
2026-01-11T11:32:05+01:00,87f82783-853b-417d-8964-b5cf11e44873,41.035567,21.337528,pressure,936
2026-01-11T11:32:05+01:00,87f82783-853b-417d-8964-b5cf11e44873,41.035567,21.337528,temperature,4
2026-01-11T11:47:37+01:00,87f82783-853b-417d-8964-b5cf11e44873,41.035567,21.337528,gasResistance,254547
2026-01-11T11:47:37+01:00,87f82783-853b-417d-8964-b5cf11e44873,41.035567,21.337528,humidity,72
2026-01-11T11:47:37+01:00,87f82783-853b-417d-8964-b5cf11e44873,41.035567,21.337528,noise,14
2026-01-11T11:47:37+01:00,87f82783-853b-417d-8964-b5cf11e44873,41.035567,21.337528,noise_dba,28
2026-01-11T11:47:37+01:00,87f82783-853b-417d-8964-b5cf11e44873,41.035567,21.337528,pm10,15
2026-01-11T11:47:37+01:00,87f82783-853b-417d-8964-b5cf11e44873,41.035567,21.337528,pm25,10
2026-01-11T11:47:37+01:00,87f82783-853b-417d-8964-b5cf11e44873,41.035567,21.337528,pressure,936
2026-01-11T11:47:37+01:00,87f82783-853b-417d-8964-b5cf11e44873,41.035567,21.337528,temperature,4
2026-01-11T12:03:08+01:00,87f82783-853b-417d-8964-b5cf11e44873,41.035567,21.337528,gasResistance,257311
2026-01-11T12:03:08+01:00,87f82783-853b-417d-8964-b5cf11e44873,41.035567,21.337528,humidity,71
2026-01-11T12:03:08+01:00,87f82783-853b-417d-8964-b5cf11e44873,41.035567,21.337528,noise,12
2026-01-11T12:03:08+01:00,87f82783-853b-417d-8964-b5cf11e44873,41.035567,21.337528,noise_dba,25
2026-01-11T12:03:08+01:00,87f82783-853b-417d-8964-b5cf11e44873,41.035567,21.337528,pm10,28
2026-01-11T12:03:08+01:00,87f82783-853b-417d-8964-b5cf11e44873,41.035567,21.337528,pm25,15
2026-01-11T12:03:08+01:00,87f82783-853b-417d-8964-b5cf11e44873,41.035567,21.337528,pressure,936
2026-01-11T12:03:08+01:00,87f82783-853b-417d-8964-b5cf11e44873,41.035567,21.337528,temperature,4
2026-01-11T12:18:39+01:00,87f82783-853b-417d-8964-b5cf11e44873,41.035567,21.337528,gasResistance,261365
2026-01-11T12:18:39+01:00,87f82783-853b-417d-8964-b5cf11e44873,41.035567,21.337528,humidity,70
2026-01-11T12:18:39+01:00,87f82783-853b-417d-8964-b5cf11e44873,41.035567,21.337528,noise,11
2026-01-11T12:18:39+01:00,87f82783-853b-417d-8964-b5cf11e44873,41.035567,21.337528,noise_dba,24
2026-01-11T12:18:39+01:00,87f82783-853b-417d-8964-b5cf11e44873,41.035567,21.337528,pm10,52
2026-01-11T12:18:39+01:00,87f82783-853b-417d-8964-b5cf11e44873,41.035567,21.337528,pm25,26
2026-01-11T12:18:39+01:00,87f82783-853b-417d-8964-b5cf11e44873,41.035567,21.337528,pressure,936
2026-01-11T12:18:39+01:00,87f82783-853b-417d-8964-b5cf11e44873,41.035567,21.337528,temperature,4
2026-01-11T12:34:11+01:00,87f82783-853b-417d-8964-b5cf11e44873,41.035567,21.337528,gasResistance,265124
2026-01-11T12:34:11+01:00,87f82783-853b-417d-8964-b5cf11e44873,41.035567,21.337528,humidity,70
2026-01-11T12:34:11+01:00,87f82783-853b-417d-8964-b5cf11e44873,41.035567,21.337528,noise,11
2026-01-11T12:34:11+01:00,87f82783-853b-417d-8964-b5cf11e44873,41.035567,21.337528,noise_dba,24
2026-01-11T12:34:11+01:00,87f82783-853b-417d-8964-b5cf11e44873,41.035567,21.337528,pm10,21
2026-01-11T12:34:11+01:00,87f82783-853b-417d-8964-b5cf11e44873,41.035567,21.337528,pm25,12
2026-01-11T12:34:11+01:00,87f82783-853b-417d-8964-b5cf11e44873,41.035567,21.337528,pressure,936
2026-01-11T12:34:11+01:00,87f82783-853b-417d-8964-b5cf11e44873,41.035567,21.337528,temperature,4
2026-01-11T12:49:42+01:00,87f82783-853b-417d-8964-b5cf11e44873,41.035567,21.337528,gasResistance,263859
2026-01-11T12:49:42+01:00,87f82783-853b-417d-8964-b5cf11e44873,41.035567,21.337528,humidity,71
2026-01-11T12:49:42+01:00,87f82783-853b-417d-8964-b5cf11e44873,41.035567,21.337528,noise,13
2026-01-11T12:49:42+01:00,87f82783-853b-417d-8964-b5cf11e44873,41.035567,21.337528,noise_dba,27
2026-01-11T12:49:42+01:00,87f82783-853b-417d-8964-b5cf11e44873,41.035567,21.337528,pm10,17
2026-01-11T12:49:42+01:00,87f82783-853b-417d-8964-b5cf11e44873,41.035567,21.337528,pm25,10
2026-01-11T12:49:42+01:00,87f82783-853b-417d-8964-b5cf11e44873,41.035567,21.337528,pressure,936
2026-01-11T12:49:42+01:00,87f82783-853b-417d-8964-b5cf11e44873,41.035567,21.337528,temperature,4
2026-01-11T13:05:14+01:00,87f82783-853b-417d-8964-b5cf11e44873,41.035567,21.337528,gasResistance,260544
2026-01-11T13:05:14+01:00,87f82783-853b-417d-8964-b5cf11e44873,41.035567,21.337528,humidity,69
2026-01-11T13:05:14+01:00,87f82783-853b-417d-8964-b5cf11e44873,41.035567,21.337528,noise,12
2026-01-11T13:05:14+01:00,87f82783-853b-417d-8964-b5cf11e44873,41.035567,21.337528,noise_dba,25
2026-01-11T13:05:14+01:00,87f82783-853b-417d-8964-b5cf11e44873,41.035567,21.337528,pm10,18
2026-01-11T13:05:14+01:00,87f82783-853b-417d-8964-b5cf11e44873,41.035567,21.337528,pm25,11
2026-01-11T13:05:14+01:00,87f82783-853b-417d-8964-b5cf11e44873,41.035567,21.337528,pressure,936
2026-01-11T13:05:14+01:00,87f82783-853b-417d-8964-b5cf11e44873,41.035567,21.337528,temperature,4
2026-01-11T13:20:45+01:00,87f82783-853b-417d-8964-b5cf11e44873,41.035567,21.337528,gasResistance,267691
2026-01-11T13:20:45+01:00,87f82783-853b-417d-8964-b5cf11e44873,41.035567,21.337528,humidity,67
2026-01-11T13:20:45+01:00,87f82783-853b-417d-8964-b5cf11e44873,41.035567,21.337528,noise,11
2026-01-11T13:20:45+01:00,87f82783-853b-417d-8964-b5cf11e44873,41.035567,21.337528,noise_dba,24
2026-01-11T13:20:45+01:00,87f82783-853b-417d-8964-b5cf11e44873,41.035567,21.337528,pm10,13
2026-01-11T13:20:45+01:00,87f82783-853b-417d-8964-b5cf11e44873,41.035567,21.337528,pm25,7
2026-01-11T13:20:45+01:00,87f82783-853b-417d-8964-b5cf11e44873,41.035567,21.337528,pressure,936
2026-01-11T13:20:45+01:00,87f82783-853b-417d-8964-b5cf11e44873,41.035567,21.337528,temperature,4
2026-01-11T13:36:16+01:00,87f82783-853b-417d-8964-b5cf11e44873,41.035567,21.337528,gasResistance,274557
2026-01-11T13:36:16+01:00,87f82783-853b-417d-8964-b5cf11e44873,41.035567,21.337528,humidity,67
2026-01-11T13:36:16+01:00,87f82783-853b-417d-8964-b5cf11e44873,41.035567,21.337528,noise,11
2026-01-11T13:36:16+01:00,87f82783-853b-417d-8964-b5cf11e44873,41.035567,21.337528,noise_dba,24
2026-01-11T13:36:16+01:00,87f82783-853b-417d-8964-b5cf11e44873,41.035567,21.337528,pm10,10
2026-01-11T13:36:16+01:00,87f82783-853b-417d-8964-b5cf11e44873,41.035567,21.337528,pm25,7
2026-01-11T13:36:16+01:00,87f82783-853b-417d-8964-b5cf11e44873,41.035567,21.337528,pressure,936
2026-01-11T13:36:16+01:00,87f82783-853b-417d-8964-b5cf11e44873,41.035567,21.337528,temperature,4
2026-01-11T13:51:49+01:00,87f82783-853b-417d-8964-b5cf11e44873,41.035567,21.337528,gasResistance,278475
2026-01-11T13:51:49+01:00,87f82783-853b-417d-8964-b5cf11e44873,41.035567,21.337528,humidity,67
2026-01-11T13:51:49+01:00,87f82783-853b-417d-8964-b5cf11e44873,41.035567,21.337528,noise,11
2026-01-11T13:51:49+01:00,87f82783-853b-417d-8964-b5cf11e44873,41.035567,21.337528,noise_dba,24
2026-01-11T13:51:49+01:00,87f82783-853b-417d-8964-b5cf11e44873,41.035567,21.337528,pm10,12
2026-01-11T13:51:49+01:00,87f82783-853b-417d-8964-b5cf11e44873,41.035567,21.337528,pm25,7
2026-01-11T13:51:49+01:00,87f82783-853b-417d-8964-b5cf11e44873,41.035567,21.337528,pressure,936
2026-01-11T13:51:49+01:00,87f82783-853b-417d-8964-b5cf11e44873,41.035567,21.337528,temperature,4
2026-01-11T14:07:10+01:00,87f82783-853b-417d-8964-b5cf11e44873,41.035567,21.337528,gasResistance,284199
2026-01-11T14:07:10+01:00,87f82783-853b-417d-8964-b5cf11e44873,41.035567,21.337528,humidity,67
2026-01-11T14:07:10+01:00,87f82783-853b-417d-8964-b5cf11e44873,41.035567,21.337528,noise,11
2026-01-11T14:07:10+01:00,87f82783-853b-417d-8964-b5cf11e44873,41.035567,21.337528,noise_dba,24
2026-01-11T14:07:10+01:00,87f82783-853b-417d-8964-b5cf11e44873,41.035567,21.337528,pressure,937
2026-01-11T14:07:10+01:00,87f82783-853b-417d-8964-b5cf11e44873,41.035567,21.337528,temperature,4
2026-01-11T14:22:41+01:00,87f82783-853b-417d-8964-b5cf11e44873,41.035567,21.337528,gasResistance,289152
2026-01-11T14:22:41+01:00,87f82783-853b-417d-8964-b5cf11e44873,41.035567,21.337528,humidity,66
2026-01-11T14:22:41+01:00,87f82783-853b-417d-8964-b5cf11e44873,41.035567,21.337528,noise,11
2026-01-11T14:22:41+01:00,87f82783-853b-417d-8964-b5cf11e44873,41.035567,21.337528,noise_dba,24
2026-01-11T14:22:41+01:00,87f82783-853b-417d-8964-b5cf11e44873,41.035567,21.337528,pm10,9
2026-01-11T14:22:41+01:00,87f82783-853b-417d-8964-b5cf11e44873,41.035567,21.337528,pm25,6
2026-01-11T14:22:41+01:00,87f82783-853b-417d-8964-b5cf11e44873,41.035567,21.337528,pressure,937
2026-01-11T14:22:41+01:00,87f82783-853b-417d-8964-b5cf11e44873,41.035567,21.337528,temperature,4
2026-01-11T14:38:12+01:00,87f82783-853b-417d-8964-b5cf11e44873,41.035567,21.337528,gasResistance,298249
2026-01-11T14:38:12+01:00,87f82783-853b-417d-8964-b5cf11e44873,41.035567,21.337528,humidity,66
2026-01-11T14:38:12+01:00,87f82783-853b-417d-8964-b5cf11e44873,41.035567,21.337528,noise,11
2026-01-11T14:38:12+01:00,87f82783-853b-417d-8964-b5cf11e44873,41.035567,21.337528,noise_dba,24
2026-01-11T14:38:12+01:00,87f82783-853b-417d-8964-b5cf11e44873,41.035567,21.337528,pm10,23
2026-01-11T14:38:12+01:00,87f82783-853b-417d-8964-b5cf11e44873,41.035567,21.337528,pm25,13
2026-01-11T14:38:12+01:00,87f82783-853b-417d-8964-b5cf11e44873,41.035567,21.337528,pressure,937
2026-01-11T14:38:12+01:00,87f82783-853b-417d-8964-b5cf11e44873,41.035567,21.337528,temperature,4
2026-01-11T14:53:44+01:00,87f82783-853b-417d-8964-b5cf11e44873,41.035567,21.337528,gasResistance,303988
2026-01-11T14:53:44+01:00,87f82783-853b-417d-8964-b5cf11e44873,41.035567,21.337528,humidity,65
2026-01-11T14:53:44+01:00,87f82783-853b-417d-8964-b5cf11e44873,41.035567,21.337528,noise,11
2026-01-11T14:53:44+01:00,87f82783-853b-417d-8964-b5cf11e44873,41.035567,21.337528,noise_dba,24
2026-01-11T14:53:44+01:00,87f82783-853b-417d-8964-b5cf11e44873,41.035567,21.337528,pm10,35
2026-01-11T14:53:44+01:00,87f82783-853b-417d-8964-b5cf11e44873,41.035567,21.337528,pm25,16
2026-01-11T14:53:44+01:00,87f82783-853b-417d-8964-b5cf11e44873,41.035567,21.337528,pressure,937
2026-01-11T14:53:44+01:00,87f82783-853b-417d-8964-b5cf11e44873,41.035567,21.337528,temperature,4
2026-01-11T15:09:17+01:00,87f82783-853b-417d-8964-b5cf11e44873,41.035567,21.337528,gasResistance,311113
2026-01-11T15:09:17+01:00,87f82783-853b-417d-8964-b5cf11e44873,41.035567,21.337528,humidity,65
2026-01-11T15:09:17+01:00,87f82783-853b-417d-8964-b5cf11e44873,41.035567,21.337528,noise,11
2026-01-11T15:09:17+01:00,87f82783-853b-417d-8964-b5cf11e44873,41.035567,21.337528,noise_dba,24
2026-01-11T15:09:17+01:00,87f82783-853b-417d-8964-b5cf11e44873,41.035567,21.337528,pm10,8
2026-01-11T15:09:17+01:00,87f82783-853b-417d-8964-b5cf11e44873,41.035567,21.337528,pm25,5
2026-01-11T15:09:17+01:00,87f82783-853b-417d-8964-b5cf11e44873,41.035567,21.337528,pressure,938
2026-01-11T15:09:17+01:00,87f82783-853b-417d-8964-b5cf11e44873,41.035567,21.337528,temperature,3
2026-01-11T15:24:49+01:00,87f82783-853b-417d-8964-b5cf11e44873,41.035567,21.337528,gasResistance,319810
2026-01-11T15:24:49+01:00,87f82783-853b-417d-8964-b5cf11e44873,41.035567,21.337528,humidity,64
2026-01-11T15:24:49+01:00,87f82783-853b-417d-8964-b5cf11e44873,41.035567,21.337528,noise,11
2026-01-11T15:24:49+01:00,87f82783-853b-417d-8964-b5cf11e44873,41.035567,21.337528,noise_dba,24
2026-01-11T15:24:49+01:00,87f82783-853b-417d-8964-b5cf11e44873,41.035567,21.337528,pm10,14
2026-01-11T15:24:49+01:00,87f82783-853b-417d-8964-b5cf11e44873,41.035567,21.337528,pm25,9
2026-01-11T15:24:49+01:00,87f82783-853b-417d-8964-b5cf11e44873,41.035567,21.337528,pressure,938
2026-01-11T15:24:49+01:00,87f82783-853b-417d-8964-b5cf11e44873,41.035567,21.337528,temperature,3
2026-01-11T15:40:20+01:00,87f82783-853b-417d-8964-b5cf11e44873,41.035567,21.337528,gasResistance,326738
2026-01-11T15:40:20+01:00,87f82783-853b-417d-8964-b5cf11e44873,41.035567,21.337528,humidity,65
2026-01-11T15:40:20+01:00,87f82783-853b-417d-8964-b5cf11e44873,41.035567,21.337528,noise,11
2026-01-11T15:40:20+01:00,87f82783-853b-417d-8964-b5cf11e44873,41.035567,21.337528,noise_dba,24
2026-01-11T15:40:20+01:00,87f82783-853b-417d-8964-b5cf11e44873,41.035567,21.337528,pm10,16
2026-01-11T15:40:20+01:00,87f82783-853b-417d-8964-b5cf11e44873,41.035567,21.337528,pm25,9
2026-01-11T15:40:20+01:00,87f82783-853b-417d-8964-b5cf11e44873,41.035567,21.337528,pressure,938
2026-01-11T15:40:20+01:00,87f82783-853b-417d-8964-b5cf11e44873,41.035567,21.337528,temperature,3
2026-01-11T15:55:51+01:00,87f82783-853b-417d-8964-b5cf11e44873,41.035567,21.337528,gasResistance,329987
2026-01-11T15:55:51+01:00,87f82783-853b-417d-8964-b5cf11e44873,41.035567,21.337528,humidity,64
2026-01-11T15:55:51+01:00,87f82783-853b-417d-8964-b5cf11e44873,41.035567,21.337528,noise,11
2026-01-11T15:55:51+01:00,87f82783-853b-417d-8964-b5cf11e44873,41.035567,21.337528,noise_dba,24
2026-01-11T15:55:51+01:00,87f82783-853b-417d-8964-b5cf11e44873,41.035567,21.337528,pm10,37
2026-01-11T15:55:51+01:00,87f82783-853b-417d-8964-b5cf11e44873,41.035567,21.337528,pm25,18
2026-01-11T15:55:51+01:00,87f82783-853b-417d-8964-b5cf11e44873,41.035567,21.337528,pressure,938
2026-01-11T15:55:51+01:00,87f82783-853b-417d-8964-b5cf11e44873,41.035567,21.337528,temperature,3
2026-01-11T16:11:23+01:00,87f82783-853b-417d-8964-b5cf11e44873,41.035567,21.337528,gasResistance,334310
2026-01-11T16:11:23+01:00,87f82783-853b-417d-8964-b5cf11e44873,41.035567,21.337528,humidity,64
2026-01-11T16:11:23+01:00,87f82783-853b-417d-8964-b5cf11e44873,41.035567,21.337528,noise,11
2026-01-11T16:11:23+01:00,87f82783-853b-417d-8964-b5cf11e44873,41.035567,21.337528,noise_dba,24
2026-01-11T16:11:23+01:00,87f82783-853b-417d-8964-b5cf11e44873,41.035567,21.337528,pm10,33
2026-01-11T16:11:23+01:00,87f82783-853b-417d-8964-b5cf11e44873,41.035567,21.337528,pm25,18
2026-01-11T16:11:23+01:00,87f82783-853b-417d-8964-b5cf11e44873,41.035567,21.337528,pressure,939
2026-01-11T16:11:23+01:00,87f82783-853b-417d-8964-b5cf11e44873,41.035567,21.337528,temperature,3
2026-01-11T16:26:54+01:00,87f82783-853b-417d-8964-b5cf11e44873,41.035567,21.337528,gasResistance,339787
2026-01-11T16:26:54+01:00,87f82783-853b-417d-8964-b5cf11e44873,41.035567,21.337528,humidity,63
2026-01-11T16:26:54+01:00,87f82783-853b-417d-8964-b5cf11e44873,41.035567,21.337528,noise,11
2026-01-11T16:26:54+01:00,87f82783-853b-417d-8964-b5cf11e44873,41.035567,21.337528,noise_dba,24
2026-01-11T16:26:54+01:00,87f82783-853b-417d-8964-b5cf11e44873,41.035567,21.337528,pm10,21
2026-01-11T16:26:54+01:00,87f82783-853b-417d-8964-b5cf11e44873,41.035567,21.337528,pm25,11
2026-01-11T16:26:54+01:00,87f82783-853b-417d-8964-b5cf11e44873,41.035567,21.337528,pressure,939
2026-01-11T16:26:54+01:00,87f82783-853b-417d-8964-b5cf11e44873,41.035567,21.337528,temperature,3
2026-01-11T16:42:26+01:00,87f82783-853b-417d-8964-b5cf11e44873,41.035567,21.337528,gasResistance,352419
2026-01-11T16:42:26+01:00,87f82783-853b-417d-8964-b5cf11e44873,41.035567,21.337528,humidity,62
2026-01-11T16:42:26+01:00,87f82783-853b-417d-8964-b5cf11e44873,41.035567,21.337528,noise,11
2026-01-11T16:42:26+01:00,87f82783-853b-417d-8964-b5cf11e44873,41.035567,21.337528,noise_dba,24
2026-01-11T16:42:26+01:00,87f82783-853b-417d-8964-b5cf11e44873,41.035567,21.337528,pm10,35
2026-01-11T16:42:26+01:00,87f82783-853b-417d-8964-b5cf11e44873,41.035567,21.337528,pm25,19
2026-01-11T16:42:26+01:00,87f82783-853b-417d-8964-b5cf11e44873,41.035567,21.337528,pressure,939
2026-01-11T16:42:26+01:00,87f82783-853b-417d-8964-b5cf11e44873,41.035567,21.337528,temperature,3
2026-01-11T16:57:57+01:00,87f82783-853b-417d-8964-b5cf11e44873,41.035567,21.337528,gasResistance,357738
2026-01-11T16:57:57+01:00,87f82783-853b-417d-8964-b5cf11e44873,41.035567,21.337528,humidity,62
2026-01-11T16:57:57+01:00,87f82783-853b-417d-8964-b5cf11e44873,41.035567,21.337528,noise,11
2026-01-11T16:57:57+01:00,87f82783-853b-417d-8964-b5cf11e44873,41.035567,21.337528,noise_dba,24
2026-01-11T16:57:57+01:00,87f82783-853b-417d-8964-b5cf11e44873,41.035567,21.337528,pm10,43
2026-01-11T16:57:57+01:00,87f82783-853b-417d-8964-b5cf11e44873,41.035567,21.337528,pm25,23
2026-01-11T16:57:57+01:00,87f82783-853b-417d-8964-b5cf11e44873,41.035567,21.337528,pressure,939
2026-01-11T16:57:57+01:00,87f82783-853b-417d-8964-b5cf11e44873,41.035567,21.337528,temperature,3
2026-01-11T17:13:29+01:00,87f82783-853b-417d-8964-b5cf11e44873,41.035567,21.337528,gasResistance,364418
2026-01-11T17:13:29+01:00,87f82783-853b-417d-8964-b5cf11e44873,41.035567,21.337528,humidity,61
2026-01-11T17:13:29+01:00,87f82783-853b-417d-8964-b5cf11e44873,41.035567,21.337528,noise,11
2026-01-11T17:13:29+01:00,87f82783-853b-417d-8964-b5cf11e44873,41.035567,21.337528,noise_dba,24
2026-01-11T17:13:29+01:00,87f82783-853b-417d-8964-b5cf11e44873,41.035567,21.337528,pm10,16
2026-01-11T17:13:29+01:00,87f82783-853b-417d-8964-b5cf11e44873,41.035567,21.337528,pm25,10
2026-01-11T17:13:29+01:00,87f82783-853b-417d-8964-b5cf11e44873,41.035567,21.337528,pressure,940
2026-01-11T17:13:29+01:00,87f82783-853b-417d-8964-b5cf11e44873,41.035567,21.337528,temperature,2
2026-01-11T17:29:00+01:00,87f82783-853b-417d-8964-b5cf11e44873,41.035567,21.337528,gasResistance,378197
2026-01-11T17:29:00+01:00,87f82783-853b-417d-8964-b5cf11e44873,41.035567,21.337528,humidity,60
2026-01-11T17:29:00+01:00,87f82783-853b-417d-8964-b5cf11e44873,41.035567,21.337528,noise,11
2026-01-11T17:29:00+01:00,87f82783-853b-417d-8964-b5cf11e44873,41.035567,21.337528,noise_dba,24
2026-01-11T17:29:00+01:00,87f82783-853b-417d-8964-b5cf11e44873,41.035567,21.337528,pm10,24
2026-01-11T17:29:00+01:00,87f82783-853b-417d-8964-b5cf11e44873,41.035567,21.337528,pm25,12
2026-01-11T17:29:00+01:00,87f82783-853b-417d-8964-b5cf11e44873,41.035567,21.337528,pressure,940
2026-01-11T17:29:00+01:00,87f82783-853b-417d-8964-b5cf11e44873,41.035567,21.337528,temperature,2
2026-01-11T17:44:32+01:00,87f82783-853b-417d-8964-b5cf11e44873,41.035567,21.337528,gasResistance,386876
2026-01-11T17:44:32+01:00,87f82783-853b-417d-8964-b5cf11e44873,41.035567,21.337528,humidity,61
2026-01-11T17:44:32+01:00,87f82783-853b-417d-8964-b5cf11e44873,41.035567,21.337528,noise,11
2026-01-11T17:44:32+01:00,87f82783-853b-417d-8964-b5cf11e44873,41.035567,21.337528,noise_dba,24
2026-01-11T17:44:32+01:00,87f82783-853b-417d-8964-b5cf11e44873,41.035567,21.337528,pm10,25
2026-01-11T17:44:32+01:00,87f82783-853b-417d-8964-b5cf11e44873,41.035567,21.337528,pm25,12
2026-01-11T17:44:32+01:00,87f82783-853b-417d-8964-b5cf11e44873,41.035567,21.337528,pressure,940
2026-01-11T17:44:32+01:00,87f82783-853b-417d-8964-b5cf11e44873,41.035567,21.337528,temperature,2
2026-01-11T18:00:03+01:00,87f82783-853b-417d-8964-b5cf11e44873,41.035567,21.337528,gasResistance,392735
2026-01-11T18:00:03+01:00,87f82783-853b-417d-8964-b5cf11e44873,41.035567,21.337528,humidity,61
2026-01-11T18:00:03+01:00,87f82783-853b-417d-8964-b5cf11e44873,41.035567,21.337528,noise,11
2026-01-11T18:00:03+01:00,87f82783-853b-417d-8964-b5cf11e44873,41.035567,21.337528,noise_dba,24
2026-01-11T18:00:03+01:00,87f82783-853b-417d-8964-b5cf11e44873,41.035567,21.337528,pm10,31
2026-01-11T18:00:03+01:00,87f82783-853b-417d-8964-b5cf11e44873,41.035567,21.337528,pm25,15
2026-01-11T18:00:03+01:00,87f82783-853b-417d-8964-b5cf11e44873,41.035567,21.337528,pressure,940
2026-01-11T18:00:03+01:00,87f82783-853b-417d-8964-b5cf11e44873,41.035567,21.337528,temperature,2
2026-01-11T18:15:34+01:00,87f82783-853b-417d-8964-b5cf11e44873,41.035567,21.337528,gasResistance,403064
2026-01-11T18:15:34+01:00,87f82783-853b-417d-8964-b5cf11e44873,41.035567,21.337528,humidity,60
2026-01-11T18:15:34+01:00,87f82783-853b-417d-8964-b5cf11e44873,41.035567,21.337528,noise,11
2026-01-11T18:15:34+01:00,87f82783-853b-417d-8964-b5cf11e44873,41.035567,21.337528,noise_dba,24
2026-01-11T18:15:34+01:00,87f82783-853b-417d-8964-b5cf11e44873,41.035567,21.337528,pm10,20
2026-01-11T18:15:34+01:00,87f82783-853b-417d-8964-b5cf11e44873,41.035567,21.337528,pm25,10
2026-01-11T18:15:34+01:00,87f82783-853b-417d-8964-b5cf11e44873,41.035567,21.337528,pressure,941
2026-01-11T18:15:34+01:00,87f82783-853b-417d-8964-b5cf11e44873,41.035567,21.337528,temperature,2
2026-01-11T18:31:06+01:00,87f82783-853b-417d-8964-b5cf11e44873,41.035567,21.337528,gasResistance,406465
2026-01-11T18:31:06+01:00,87f82783-853b-417d-8964-b5cf11e44873,41.035567,21.337528,humidity,61
2026-01-11T18:31:06+01:00,87f82783-853b-417d-8964-b5cf11e44873,41.035567,21.337528,noise,11
2026-01-11T18:31:06+01:00,87f82783-853b-417d-8964-b5cf11e44873,41.035567,21.337528,noise_dba,24
2026-01-11T18:31:06+01:00,87f82783-853b-417d-8964-b5cf11e44873,41.035567,21.337528,pm10,20
2026-01-11T18:31:06+01:00,87f82783-853b-417d-8964-b5cf11e44873,41.035567,21.337528,pm25,11
2026-01-11T18:31:06+01:00,87f82783-853b-417d-8964-b5cf11e44873,41.035567,21.337528,pressure,941
2026-01-11T18:31:06+01:00,87f82783-853b-417d-8964-b5cf11e44873,41.035567,21.337528,temperature,2
2026-01-11T18:46:27+01:00,87f82783-853b-417d-8964-b5cf11e44873,41.035567,21.337528,gasResistance,411174
2026-01-11T18:46:27+01:00,87f82783-853b-417d-8964-b5cf11e44873,41.035567,21.337528,humidity,60
2026-01-11T18:46:27+01:00,87f82783-853b-417d-8964-b5cf11e44873,41.035567,21.337528,noise,11
2026-01-11T18:46:27+01:00,87f82783-853b-417d-8964-b5cf11e44873,41.035567,21.337528,noise_dba,24
2026-01-11T18:46:27+01:00,87f82783-853b-417d-8964-b5cf11e44873,41.035567,21.337528,pressure,941
2026-01-11T18:46:27+01:00,87f82783-853b-417d-8964-b5cf11e44873,41.035567,21.337528,temperature,2
2026-01-11T19:01:59+01:00,87f82783-853b-417d-8964-b5cf11e44873,41.035567,21.337528,gasResistance,417023
2026-01-11T19:01:59+01:00,87f82783-853b-417d-8964-b5cf11e44873,41.035567,21.337528,humidity,60
2026-01-11T19:01:59+01:00,87f82783-853b-417d-8964-b5cf11e44873,41.035567,21.337528,noise,11
2026-01-11T19:01:59+01:00,87f82783-853b-417d-8964-b5cf11e44873,41.035567,21.337528,noise_dba,24
2026-01-11T19:01:59+01:00,87f82783-853b-417d-8964-b5cf11e44873,41.035567,21.337528,pm10,27
2026-01-11T19:01:59+01:00,87f82783-853b-417d-8964-b5cf11e44873,41.035567,21.337528,pm25,13
2026-01-11T19:01:59+01:00,87f82783-853b-417d-8964-b5cf11e44873,41.035567,21.337528,pressure,942
2026-01-11T19:01:59+01:00,87f82783-853b-417d-8964-b5cf11e44873,41.035567,21.337528,temperature,1
2026-01-11T19:17:30+01:00,87f82783-853b-417d-8964-b5cf11e44873,41.035567,21.337528,gasResistance,423306
2026-01-11T19:17:30+01:00,87f82783-853b-417d-8964-b5cf11e44873,41.035567,21.337528,humidity,60
2026-01-11T19:17:30+01:00,87f82783-853b-417d-8964-b5cf11e44873,41.035567,21.337528,noise,11
2026-01-11T19:17:30+01:00,87f82783-853b-417d-8964-b5cf11e44873,41.035567,21.337528,noise_dba,24
2026-01-11T19:17:30+01:00,87f82783-853b-417d-8964-b5cf11e44873,41.035567,21.337528,pm10,24
2026-01-11T19:17:30+01:00,87f82783-853b-417d-8964-b5cf11e44873,41.035567,21.337528,pm25,13
2026-01-11T19:17:30+01:00,87f82783-853b-417d-8964-b5cf11e44873,41.035567,21.337528,pressure,942
2026-01-11T19:17:30+01:00,87f82783-853b-417d-8964-b5cf11e44873,41.035567,21.337528,temperature,1
2026-01-11T19:33:01+01:00,87f82783-853b-417d-8964-b5cf11e44873,41.035567,21.337528,gasResistance,431983
2026-01-11T19:33:01+01:00,87f82783-853b-417d-8964-b5cf11e44873,41.035567,21.337528,humidity,59
2026-01-11T19:33:01+01:00,87f82783-853b-417d-8964-b5cf11e44873,41.035567,21.337528,noise,11
2026-01-11T19:33:01+01:00,87f82783-853b-417d-8964-b5cf11e44873,41.035567,21.337528,noise_dba,24
2026-01-11T19:33:01+01:00,87f82783-853b-417d-8964-b5cf11e44873,41.035567,21.337528,pm10,23
2026-01-11T19:33:01+01:00,87f82783-853b-417d-8964-b5cf11e44873,41.035567,21.337528,pm25,11
2026-01-11T19:33:01+01:00,87f82783-853b-417d-8964-b5cf11e44873,41.035567,21.337528,pressure,942
2026-01-11T19:33:01+01:00,87f82783-853b-417d-8964-b5cf11e44873,41.035567,21.337528,temperature,1
2026-01-11T19:48:33+01:00,87f82783-853b-417d-8964-b5cf11e44873,41.035567,21.337528,gasResistance,441891
2026-01-11T19:48:33+01:00,87f82783-853b-417d-8964-b5cf11e44873,41.035567,21.337528,humidity,59
2026-01-11T19:48:33+01:00,87f82783-853b-417d-8964-b5cf11e44873,41.035567,21.337528,noise,11
2026-01-11T19:48:33+01:00,87f82783-853b-417d-8964-b5cf11e44873,41.035567,21.337528,noise_dba,24
2026-01-11T19:48:33+01:00,87f82783-853b-417d-8964-b5cf11e44873,41.035567,21.337528,pm10,30
2026-01-11T19:48:33+01:00,87f82783-853b-417d-8964-b5cf11e44873,41.035567,21.337528,pm25,16
2026-01-11T19:48:33+01:00,87f82783-853b-417d-8964-b5cf11e44873,41.035567,21.337528,pressure,942
2026-01-11T19:48:33+01:00,87f82783-853b-417d-8964-b5cf11e44873,41.035567,21.337528,temperature,1
2026-01-11T20:04:04+01:00,87f82783-853b-417d-8964-b5cf11e44873,41.035567,21.337528,gasResistance,450752
2026-01-11T20:04:04+01:00,87f82783-853b-417d-8964-b5cf11e44873,41.035567,21.337528,humidity,58
2026-01-11T20:04:04+01:00,87f82783-853b-417d-8964-b5cf11e44873,41.035567,21.337528,noise,11
2026-01-11T20:04:04+01:00,87f82783-853b-417d-8964-b5cf11e44873,41.035567,21.337528,noise_dba,24
2026-01-11T20:04:04+01:00,87f82783-853b-417d-8964-b5cf11e44873,41.035567,21.337528,pm10,54
2026-01-11T20:04:04+01:00,87f82783-853b-417d-8964-b5cf11e44873,41.035567,21.337528,pm25,23
2026-01-11T20:04:04+01:00,87f82783-853b-417d-8964-b5cf11e44873,41.035567,21.337528,pressure,942
2026-01-11T20:04:04+01:00,87f82783-853b-417d-8964-b5cf11e44873,41.035567,21.337528,temperature,1
2026-01-11T20:19:35+01:00,87f82783-853b-417d-8964-b5cf11e44873,41.035567,21.337528,gasResistance,456860
2026-01-11T20:19:35+01:00,87f82783-853b-417d-8964-b5cf11e44873,41.035567,21.337528,humidity,58
2026-01-11T20:19:35+01:00,87f82783-853b-417d-8964-b5cf11e44873,41.035567,21.337528,noise,11
2026-01-11T20:19:35+01:00,87f82783-853b-417d-8964-b5cf11e44873,41.035567,21.337528,noise_dba,24
2026-01-11T20:19:35+01:00,87f82783-853b-417d-8964-b5cf11e44873,41.035567,21.337528,pm10,23
2026-01-11T20:19:35+01:00,87f82783-853b-417d-8964-b5cf11e44873,41.035567,21.337528,pm25,11
2026-01-11T20:19:35+01:00,87f82783-853b-417d-8964-b5cf11e44873,41.035567,21.337528,pressure,943
2026-01-11T20:19:35+01:00,87f82783-853b-417d-8964-b5cf11e44873,41.035567,21.337528,temperature,1
2026-01-11T20:34:57+01:00,87f82783-853b-417d-8964-b5cf11e44873,41.035567,21.337528,gasResistance,463136
2026-01-11T20:34:57+01:00,87f82783-853b-417d-8964-b5cf11e44873,41.035567,21.337528,humidity,58
2026-01-11T20:34:57+01:00,87f82783-853b-417d-8964-b5cf11e44873,41.035567,21.337528,noise,11
2026-01-11T20:34:57+01:00,87f82783-853b-417d-8964-b5cf11e44873,41.035567,21.337528,noise_dba,24
2026-01-11T20:34:57+01:00,87f82783-853b-417d-8964-b5cf11e44873,41.035567,21.337528,pressure,943
2026-01-11T20:34:57+01:00,87f82783-853b-417d-8964-b5cf11e44873,41.035567,21.337528,temperature,1
2026-01-11T20:50:33+01:00,87f82783-853b-417d-8964-b5cf11e44873,41.035567,21.337528,gasResistance,470241
2026-01-11T20:50:33+01:00,87f82783-853b-417d-8964-b5cf11e44873,41.035567,21.337528,humidity,57
2026-01-11T20:50:33+01:00,87f82783-853b-417d-8964-b5cf11e44873,41.035567,21.337528,noise,11
2026-01-11T20:50:33+01:00,87f82783-853b-417d-8964-b5cf11e44873,41.035567,21.337528,noise_dba,24
2026-01-11T20:50:33+01:00,87f82783-853b-417d-8964-b5cf11e44873,41.035567,21.337528,pm10,34
2026-01-11T20:50:33+01:00,87f82783-853b-417d-8964-b5cf11e44873,41.035567,21.337528,pm25,17
2026-01-11T20:50:33+01:00,87f82783-853b-417d-8964-b5cf11e44873,41.035567,21.337528,pressure,943
2026-01-11T20:50:33+01:00,87f82783-853b-417d-8964-b5cf11e44873,41.035567,21.337528,temperature,1
2026-01-11T21:06:04+01:00,87f82783-853b-417d-8964-b5cf11e44873,41.035567,21.337528,gasResistance,480289
2026-01-11T21:06:04+01:00,87f82783-853b-417d-8964-b5cf11e44873,41.035567,21.337528,humidity,56
2026-01-11T21:06:04+01:00,87f82783-853b-417d-8964-b5cf11e44873,41.035567,21.337528,noise,11
2026-01-11T21:06:04+01:00,87f82783-853b-417d-8964-b5cf11e44873,41.035567,21.337528,noise_dba,24
2026-01-11T21:06:04+01:00,87f82783-853b-417d-8964-b5cf11e44873,41.035567,21.337528,pm10,42
2026-01-11T21:06:04+01:00,87f82783-853b-417d-8964-b5cf11e44873,41.035567,21.337528,pm25,19
2026-01-11T21:06:04+01:00,87f82783-853b-417d-8964-b5cf11e44873,41.035567,21.337528,pressure,943
2026-01-11T21:06:04+01:00,87f82783-853b-417d-8964-b5cf11e44873,41.035567,21.337528,temperature,1
2026-01-11T21:21:35+01:00,87f82783-853b-417d-8964-b5cf11e44873,41.035567,21.337528,gasResistance,482696
2026-01-11T21:21:35+01:00,87f82783-853b-417d-8964-b5cf11e44873,41.035567,21.337528,humidity,56
2026-01-11T21:21:35+01:00,87f82783-853b-417d-8964-b5cf11e44873,41.035567,21.337528,noise,11
2026-01-11T21:21:35+01:00,87f82783-853b-417d-8964-b5cf11e44873,41.035567,21.337528,noise_dba,24
2026-01-11T21:21:35+01:00,87f82783-853b-417d-8964-b5cf11e44873,41.035567,21.337528,pm10,44
2026-01-11T21:21:35+01:00,87f82783-853b-417d-8964-b5cf11e44873,41.035567,21.337528,pm25,21
2026-01-11T21:21:35+01:00,87f82783-853b-417d-8964-b5cf11e44873,41.035567,21.337528,pressure,943
2026-01-11T21:21:35+01:00,87f82783-853b-417d-8964-b5cf11e44873,41.035567,21.337528,temperature,0
2026-01-11T21:37:06+01:00,87f82783-853b-417d-8964-b5cf11e44873,41.035567,21.337528,gasResistance,496193
2026-01-11T21:37:06+01:00,87f82783-853b-417d-8964-b5cf11e44873,41.035567,21.337528,humidity,55
2026-01-11T21:37:06+01:00,87f82783-853b-417d-8964-b5cf11e44873,41.035567,21.337528,noise,11
2026-01-11T21:37:06+01:00,87f82783-853b-417d-8964-b5cf11e44873,41.035567,21.337528,noise_dba,24
2026-01-11T21:37:06+01:00,87f82783-853b-417d-8964-b5cf11e44873,41.035567,21.337528,pm10,41
2026-01-11T21:37:06+01:00,87f82783-853b-417d-8964-b5cf11e44873,41.035567,21.337528,pm25,19
2026-01-11T21:37:06+01:00,87f82783-853b-417d-8964-b5cf11e44873,41.035567,21.337528,pressure,944
2026-01-11T21:37:06+01:00,87f82783-853b-417d-8964-b5cf11e44873,41.035567,21.337528,temperature,0
2026-01-11T21:52:38+01:00,87f82783-853b-417d-8964-b5cf11e44873,41.035567,21.337528,gasResistance,500613
2026-01-11T21:52:38+01:00,87f82783-853b-417d-8964-b5cf11e44873,41.035567,21.337528,humidity,53
2026-01-11T21:52:38+01:00,87f82783-853b-417d-8964-b5cf11e44873,41.035567,21.337528,noise,11
2026-01-11T21:52:38+01:00,87f82783-853b-417d-8964-b5cf11e44873,41.035567,21.337528,noise_dba,24
2026-01-11T21:52:38+01:00,87f82783-853b-417d-8964-b5cf11e44873,41.035567,21.337528,pm10,26
2026-01-11T21:52:38+01:00,87f82783-853b-417d-8964-b5cf11e44873,41.035567,21.337528,pm25,14
2026-01-11T21:52:38+01:00,87f82783-853b-417d-8964-b5cf11e44873,41.035567,21.337528,pressure,944
2026-01-11T21:52:38+01:00,87f82783-853b-417d-8964-b5cf11e44873,41.035567,21.337528,temperature,0
2026-01-11T22:08:09+01:00,87f82783-853b-417d-8964-b5cf11e44873,41.035567,21.337528,gasResistance,515540
2026-01-11T22:08:09+01:00,87f82783-853b-417d-8964-b5cf11e44873,41.035567,21.337528,humidity,54
2026-01-11T22:08:09+01:00,87f82783-853b-417d-8964-b5cf11e44873,41.035567,21.337528,noise,11
2026-01-11T22:08:09+01:00,87f82783-853b-417d-8964-b5cf11e44873,41.035567,21.337528,noise_dba,24
2026-01-11T22:08:09+01:00,87f82783-853b-417d-8964-b5cf11e44873,41.035567,21.337528,pm10,48
2026-01-11T22:08:09+01:00,87f82783-853b-417d-8964-b5cf11e44873,41.035567,21.337528,pm25,23
2026-01-11T22:08:09+01:00,87f82783-853b-417d-8964-b5cf11e44873,41.035567,21.337528,pressure,944
2026-01-11T22:08:09+01:00,87f82783-853b-417d-8964-b5cf11e44873,41.035567,21.337528,temperature,0
2026-01-11T22:23:41+01:00,87f82783-853b-417d-8964-b5cf11e44873,41.035567,21.337528,gasResistance,521924
2026-01-11T22:23:41+01:00,87f82783-853b-417d-8964-b5cf11e44873,41.035567,21.337528,humidity,54
2026-01-11T22:23:41+01:00,87f82783-853b-417d-8964-b5cf11e44873,41.035567,21.337528,noise,11
2026-01-11T22:23:41+01:00,87f82783-853b-417d-8964-b5cf11e44873,41.035567,21.337528,noise_dba,24
2026-01-11T22:23:41+01:00,87f82783-853b-417d-8964-b5cf11e44873,41.035567,21.337528,pm10,31
2026-01-11T22:23:41+01:00,87f82783-853b-417d-8964-b5cf11e44873,41.035567,21.337528,pm25,15
2026-01-11T22:23:41+01:00,87f82783-853b-417d-8964-b5cf11e44873,41.035567,21.337528,pressure,944
2026-01-11T22:23:41+01:00,87f82783-853b-417d-8964-b5cf11e44873,41.035567,21.337528,temperature,0
2026-01-11T22:39:12+01:00,87f82783-853b-417d-8964-b5cf11e44873,41.035567,21.337528,gasResistance,526406
2026-01-11T22:39:12+01:00,87f82783-853b-417d-8964-b5cf11e44873,41.035567,21.337528,humidity,53
2026-01-11T22:39:12+01:00,87f82783-853b-417d-8964-b5cf11e44873,41.035567,21.337528,pm10,45
2026-01-11T22:39:12+01:00,87f82783-853b-417d-8964-b5cf11e44873,41.035567,21.337528,pm25,22
2026-01-11T22:39:12+01:00,87f82783-853b-417d-8964-b5cf11e44873,41.035567,21.337528,pressure,944
2026-01-11T22:39:12+01:00,87f82783-853b-417d-8964-b5cf11e44873,41.035567,21.337528,temperature,0
2026-01-11T22:54:43+01:00,87f82783-853b-417d-8964-b5cf11e44873,41.035567,21.337528,gasResistance,538169
2026-01-11T22:54:43+01:00,87f82783-853b-417d-8964-b5cf11e44873,41.035567,21.337528,humidity,53
2026-01-11T22:54:43+01:00,87f82783-853b-417d-8964-b5cf11e44873,41.035567,21.337528,noise,11
2026-01-11T22:54:43+01:00,87f82783-853b-417d-8964-b5cf11e44873,41.035567,21.337528,noise_dba,24
2026-01-11T22:54:43+01:00,87f82783-853b-417d-8964-b5cf11e44873,41.035567,21.337528,pm10,31
2026-01-11T22:54:43+01:00,87f82783-853b-417d-8964-b5cf11e44873,41.035567,21.337528,pm25,15
2026-01-11T22:54:43+01:00,87f82783-853b-417d-8964-b5cf11e44873,41.035567,21.337528,pressure,944
2026-01-11T22:54:43+01:00,87f82783-853b-417d-8964-b5cf11e44873,41.035567,21.337528,temperature,0
2026-01-11T23:10:15+01:00,87f82783-853b-417d-8964-b5cf11e44873,41.035567,21.337528,gasResistance,540325
2026-01-11T23:10:15+01:00,87f82783-853b-417d-8964-b5cf11e44873,41.035567,21.337528,humidity,52
2026-01-11T23:10:15+01:00,87f82783-853b-417d-8964-b5cf11e44873,41.035567,21.337528,noise,11
2026-01-11T23:10:15+01:00,87f82783-853b-417d-8964-b5cf11e44873,41.035567,21.337528,noise_dba,24
2026-01-11T23:10:15+01:00,87f82783-853b-417d-8964-b5cf11e44873,41.035567,21.337528,pm10,19
2026-01-11T23:10:15+01:00,87f82783-853b-417d-8964-b5cf11e44873,41.035567,21.337528,pm25,8
2026-01-11T23:10:15+01:00,87f82783-853b-417d-8964-b5cf11e44873,41.035567,21.337528,pressure,944
2026-01-11T23:10:15+01:00,87f82783-853b-417d-8964-b5cf11e44873,41.035567,21.337528,temperature,0
2026-01-11T23:25:46+01:00,87f82783-853b-417d-8964-b5cf11e44873,41.035567,21.337528,gasResistance,554088
2026-01-11T23:25:46+01:00,87f82783-853b-417d-8964-b5cf11e44873,41.035567,21.337528,humidity,52
2026-01-11T23:25:46+01:00,87f82783-853b-417d-8964-b5cf11e44873,41.035567,21.337528,noise,11
2026-01-11T23:25:46+01:00,87f82783-853b-417d-8964-b5cf11e44873,41.035567,21.337528,noise_dba,24
2026-01-11T23:25:46+01:00,87f82783-853b-417d-8964-b5cf11e44873,41.035567,21.337528,pm10,22
2026-01-11T23:25:46+01:00,87f82783-853b-417d-8964-b5cf11e44873,41.035567,21.337528,pm25,9
2026-01-11T23:25:46+01:00,87f82783-853b-417d-8964-b5cf11e44873,41.035567,21.337528,pressure,944
2026-01-11T23:25:46+01:00,87f82783-853b-417d-8964-b5cf11e44873,41.035567,21.337528,temperature,0
2026-01-11T23:41:17+01:00,87f82783-853b-417d-8964-b5cf11e44873,41.035567,21.337528,gasResistance,556374
2026-01-11T23:41:17+01:00,87f82783-853b-417d-8964-b5cf11e44873,41.035567,21.337528,humidity,52
2026-01-11T23:41:17+01:00,87f82783-853b-417d-8964-b5cf11e44873,41.035567,21.337528,pm10,50
2026-01-11T23:41:17+01:00,87f82783-853b-417d-8964-b5cf11e44873,41.035567,21.337528,pm25,19
2026-01-11T23:41:17+01:00,87f82783-853b-417d-8964-b5cf11e44873,41.035567,21.337528,pressure,944
2026-01-11T23:41:17+01:00,87f82783-853b-417d-8964-b5cf11e44873,41.035567,21.337528,temperature,0
2026-01-11T23:56:49+01:00,87f82783-853b-417d-8964-b5cf11e44873,41.035567,21.337528,gasResistance,557755
2026-01-11T23:56:49+01:00,87f82783-853b-417d-8964-b5cf11e44873,41.035567,21.337528,humidity,53
2026-01-11T23:56:49+01:00,87f82783-853b-417d-8964-b5cf11e44873,41.035567,21.337528,pm10,23
2026-01-11T23:56:49+01:00,87f82783-853b-417d-8964-b5cf11e44873,41.035567,21.337528,pm25,10
2026-01-11T23:56:49+01:00,87f82783-853b-417d-8964-b5cf11e44873,41.035567,21.337528,pressure,944
2026-01-11T23:56:49+01:00,87f82783-853b-417d-8964-b5cf11e44873,41.035567,21.337528,temperature,0
2026-01-12T00:12:20+01:00,87f82783-853b-417d-8964-b5cf11e44873,41.035567,21.337528,gasResistance,561938
2026-01-12T00:12:20+01:00,87f82783-853b-417d-8964-b5cf11e44873,41.035567,21.337528,humidity,52
2026-01-12T00:12:20+01:00,87f82783-853b-417d-8964-b5cf11e44873,41.035567,21.337528,noise,11
2026-01-12T00:12:20+01:00,87f82783-853b-417d-8964-b5cf11e44873,41.035567,21.337528,noise_dba,24
2026-01-12T00:12:20+01:00,87f82783-853b-417d-8964-b5cf11e44873,41.035567,21.337528,pm10,36
2026-01-12T00:12:20+01:00,87f82783-853b-417d-8964-b5cf11e44873,41.035567,21.337528,pm25,14
2026-01-12T00:12:20+01:00,87f82783-853b-417d-8964-b5cf11e44873,41.035567,21.337528,pressure,944
2026-01-12T00:12:20+01:00,87f82783-853b-417d-8964-b5cf11e44873,41.035567,21.337528,temperature,0
2026-01-12T00:27:52+01:00,87f82783-853b-417d-8964-b5cf11e44873,41.035567,21.337528,gasResistance,570013
2026-01-12T00:27:52+01:00,87f82783-853b-417d-8964-b5cf11e44873,41.035567,21.337528,humidity,54
2026-01-12T00:27:52+01:00,87f82783-853b-417d-8964-b5cf11e44873,41.035567,21.337528,noise,11
2026-01-12T00:27:52+01:00,87f82783-853b-417d-8964-b5cf11e44873,41.035567,21.337528,noise_dba,24
2026-01-12T00:27:52+01:00,87f82783-853b-417d-8964-b5cf11e44873,41.035567,21.337528,pm10,72
2026-01-12T00:27:52+01:00,87f82783-853b-417d-8964-b5cf11e44873,41.035567,21.337528,pm25,30
2026-01-12T00:27:52+01:00,87f82783-853b-417d-8964-b5cf11e44873,41.035567,21.337528,pressure,944
2026-01-12T00:27:52+01:00,87f82783-853b-417d-8964-b5cf11e44873,41.035567,21.337528,temperature,0
2026-01-12T00:43:24+01:00,87f82783-853b-417d-8964-b5cf11e44873,41.035567,21.337528,gasResistance,561470
2026-01-12T00:43:24+01:00,87f82783-853b-417d-8964-b5cf11e44873,41.035567,21.337528,humidity,54
2026-01-12T00:43:24+01:00,87f82783-853b-417d-8964-b5cf11e44873,41.035567,21.337528,pm10,24
2026-01-12T00:43:24+01:00,87f82783-853b-417d-8964-b5cf11e44873,41.035567,21.337528,pm25,12
2026-01-12T00:43:24+01:00,87f82783-853b-417d-8964-b5cf11e44873,41.035567,21.337528,pressure,944
2026-01-12T00:43:24+01:00,87f82783-853b-417d-8964-b5cf11e44873,41.035567,21.337528,temperature,0
2026-01-12T00:58:55+01:00,87f82783-853b-417d-8964-b5cf11e44873,41.035567,21.337528,gasResistance,560537
2026-01-12T00:58:55+01:00,87f82783-853b-417d-8964-b5cf11e44873,41.035567,21.337528,humidity,55
2026-01-12T00:58:55+01:00,87f82783-853b-417d-8964-b5cf11e44873,41.035567,21.337528,pm10,20
2026-01-12T00:58:55+01:00,87f82783-853b-417d-8964-b5cf11e44873,41.035567,21.337528,pm25,8
2026-01-12T00:58:55+01:00,87f82783-853b-417d-8964-b5cf11e44873,41.035567,21.337528,pressure,944
2026-01-12T00:58:55+01:00,87f82783-853b-417d-8964-b5cf11e44873,41.035567,21.337528,temperature,0
