timestamp,sensorId,lat,lon,type,value
2026-01-19T01:11:50+01:00,7b316592-8036-41e2-b8dc-b06b6a9afd54,41.038285173896426,21.327864456616478,gasResistance,166420
2026-01-19T01:11:50+01:00,7b316592-8036-41e2-b8dc-b06b6a9afd54,41.038285173896426,21.327864456616478,humidity,52
2026-01-19T01:11:50+01:00,7b316592-8036-41e2-b8dc-b06b6a9afd54,41.038285173896426,21.327864456616478,noise,37
2026-01-19T01:11:50+01:00,7b316592-8036-41e2-b8dc-b06b6a9afd54,41.038285173896426,21.327864456616478,noise_dba,43
2026-01-19T01:11:50+01:00,7b316592-8036-41e2-b8dc-b06b6a9afd54,41.038285173896426,21.327864456616478,pm10,45
2026-01-19T01:11:50+01:00,7b316592-8036-41e2-b8dc-b06b6a9afd54,41.038285173896426,21.327864456616478,pm25,28
2026-01-19T01:11:50+01:00,7b316592-8036-41e2-b8dc-b06b6a9afd54,41.038285173896426,21.327864456616478,pressure,950
2026-01-19T01:11:50+01:00,7b316592-8036-41e2-b8dc-b06b6a9afd54,41.038285173896426,21.327864456616478,temperature,7
2026-01-19T01:27:22+01:00,7b316592-8036-41e2-b8dc-b06b6a9afd54,41.038285173896426,21.327864456616478,gasResistance,166420
2026-01-19T01:27:22+01:00,7b316592-8036-41e2-b8dc-b06b6a9afd54,41.038285173896426,21.327864456616478,humidity,52
2026-01-19T01:27:22+01:00,7b316592-8036-41e2-b8dc-b06b6a9afd54,41.038285173896426,21.327864456616478,noise,43
2026-01-19T01:27:22+01:00,7b316592-8036-41e2-b8dc-b06b6a9afd54,41.038285173896426,21.327864456616478,noise_dba,46
2026-01-19T01:27:22+01:00,7b316592-8036-41e2-b8dc-b06b6a9afd54,41.038285173896426,21.327864456616478,pm10,38
2026-01-19T01:27:22+01:00,7b316592-8036-41e2-b8dc-b06b6a9afd54,41.038285173896426,21.327864456616478,pm25,25
2026-01-19T01:27:22+01:00,7b316592-8036-41e2-b8dc-b06b6a9afd54,41.038285173896426,21.327864456616478,pressure,950
2026-01-19T01:27:22+01:00,7b316592-8036-41e2-b8dc-b06b6a9afd54,41.038285173896426,21.327864456616478,temperature,7
2026-01-19T01:42:55+01:00,7b316592-8036-41e2-b8dc-b06b6a9afd54,41.038285173896426,21.327864456616478,gasResistance,170973
2026-01-19T01:42:55+01:00,7b316592-8036-41e2-b8dc-b06b6a9afd54,41.038285173896426,21.327864456616478,humidity,53
2026-01-19T01:42:55+01:00,7b316592-8036-41e2-b8dc-b06b6a9afd54,41.038285173896426,21.327864456616478,noise,40
2026-01-19T01:42:55+01:00,7b316592-8036-41e2-b8dc-b06b6a9afd54,41.038285173896426,21.327864456616478,noise_dba,45
2026-01-19T01:42:55+01:00,7b316592-8036-41e2-b8dc-b06b6a9afd54,41.038285173896426,21.327864456616478,pm10,28
2026-01-19T01:42:55+01:00,7b316592-8036-41e2-b8dc-b06b6a9afd54,41.038285173896426,21.327864456616478,pm25,17
2026-01-19T01:42:55+01:00,7b316592-8036-41e2-b8dc-b06b6a9afd54,41.038285173896426,21.327864456616478,pressure,950
2026-01-19T01:42:55+01:00,7b316592-8036-41e2-b8dc-b06b6a9afd54,41.038285173896426,21.327864456616478,temperature,7
2026-01-19T01:58:27+01:00,7b316592-8036-41e2-b8dc-b06b6a9afd54,41.038285173896426,21.327864456616478,gasResistance,172370
2026-01-19T01:58:27+01:00,7b316592-8036-41e2-b8dc-b06b6a9afd54,41.038285173896426,21.327864456616478,humidity,54
2026-01-19T01:58:27+01:00,7b316592-8036-41e2-b8dc-b06b6a9afd54,41.038285173896426,21.327864456616478,noise,38
2026-01-19T01:58:27+01:00,7b316592-8036-41e2-b8dc-b06b6a9afd54,41.038285173896426,21.327864456616478,noise_dba,44
2026-01-19T01:58:27+01:00,7b316592-8036-41e2-b8dc-b06b6a9afd54,41.038285173896426,21.327864456616478,pm10,26
2026-01-19T01:58:27+01:00,7b316592-8036-41e2-b8dc-b06b6a9afd54,41.038285173896426,21.327864456616478,pm25,18
2026-01-19T01:58:27+01:00,7b316592-8036-41e2-b8dc-b06b6a9afd54,41.038285173896426,21.327864456616478,pressure,950
2026-01-19T01:58:27+01:00,7b316592-8036-41e2-b8dc-b06b6a9afd54,41.038285173896426,21.327864456616478,temperature,7
2026-01-19T02:13:59+01:00,7b316592-8036-41e2-b8dc-b06b6a9afd54,41.038285173896426,21.327864456616478,gasResistance,177445
2026-01-19T02:13:59+01:00,7b316592-8036-41e2-b8dc-b06b6a9afd54,41.038285173896426,21.327864456616478,humidity,55
2026-01-19T02:13:59+01:00,7b316592-8036-41e2-b8dc-b06b6a9afd54,41.038285173896426,21.327864456616478,noise,37
2026-01-19T02:13:59+01:00,7b316592-8036-41e2-b8dc-b06b6a9afd54,41.038285173896426,21.327864456616478,noise_dba,43
2026-01-19T02:13:59+01:00,7b316592-8036-41e2-b8dc-b06b6a9afd54,41.038285173896426,21.327864456616478,pm10,16
2026-01-19T02:13:59+01:00,7b316592-8036-41e2-b8dc-b06b6a9afd54,41.038285173896426,21.327864456616478,pm25,10
2026-01-19T02:13:59+01:00,7b316592-8036-41e2-b8dc-b06b6a9afd54,41.038285173896426,21.327864456616478,pressure,950
2026-01-19T02:13:59+01:00,7b316592-8036-41e2-b8dc-b06b6a9afd54,41.038285173896426,21.327864456616478,temperature,7
2026-01-19T02:29:32+01:00,7b316592-8036-41e2-b8dc-b06b6a9afd54,41.038285173896426,21.327864456616478,gasResistance,180288
2026-01-19T02:29:32+01:00,7b316592-8036-41e2-b8dc-b06b6a9afd54,41.038285173896426,21.327864456616478,humidity,54
2026-01-19T02:29:32+01:00,7b316592-8036-41e2-b8dc-b06b6a9afd54,41.038285173896426,21.327864456616478,noise,38
2026-01-19T02:29:32+01:00,7b316592-8036-41e2-b8dc-b06b6a9afd54,41.038285173896426,21.327864456616478,noise_dba,44
2026-01-19T02:29:32+01:00,7b316592-8036-41e2-b8dc-b06b6a9afd54,41.038285173896426,21.327864456616478,pm10,18
2026-01-19T02:29:32+01:00,7b316592-8036-41e2-b8dc-b06b6a9afd54,41.038285173896426,21.327864456616478,pm25,13
2026-01-19T02:29:32+01:00,7b316592-8036-41e2-b8dc-b06b6a9afd54,41.038285173896426,21.327864456616478,pressure,950
2026-01-19T02:29:32+01:00,7b316592-8036-41e2-b8dc-b06b6a9afd54,41.038285173896426,21.327864456616478,temperature,6
2026-01-19T02:45:04+01:00,7b316592-8036-41e2-b8dc-b06b6a9afd54,41.038285173896426,21.327864456616478,gasResistance,179331
2026-01-19T02:45:04+01:00,7b316592-8036-41e2-b8dc-b06b6a9afd54,41.038285173896426,21.327864456616478,humidity,54
2026-01-19T02:45:04+01:00,7b316592-8036-41e2-b8dc-b06b6a9afd54,41.038285173896426,21.327864456616478,noise,43
2026-01-19T02:45:04+01:00,7b316592-8036-41e2-b8dc-b06b6a9afd54,41.038285173896426,21.327864456616478,noise_dba,46
2026-01-19T02:45:04+01:00,7b316592-8036-41e2-b8dc-b06b6a9afd54,41.038285173896426,21.327864456616478,pm10,25
2026-01-19T02:45:04+01:00,7b316592-8036-41e2-b8dc-b06b6a9afd54,41.038285173896426,21.327864456616478,pm25,17
2026-01-19T02:45:04+01:00,7b316592-8036-41e2-b8dc-b06b6a9afd54,41.038285173896426,21.327864456616478,pressure,950
2026-01-19T02:45:04+01:00,7b316592-8036-41e2-b8dc-b06b6a9afd54,41.038285173896426,21.327864456616478,temperature,7
2026-01-19T03:00:37+01:00,7b316592-8036-41e2-b8dc-b06b6a9afd54,41.038285173896426,21.327864456616478,gasResistance,178950
2026-01-19T03:00:37+01:00,7b316592-8036-41e2-b8dc-b06b6a9afd54,41.038285173896426,21.327864456616478,humidity,54
2026-01-19T03:00:37+01:00,7b316592-8036-41e2-b8dc-b06b6a9afd54,41.038285173896426,21.327864456616478,noise,45
2026-01-19T03:00:37+01:00,7b316592-8036-41e2-b8dc-b06b6a9afd54,41.038285173896426,21.327864456616478,noise_dba,47
2026-01-19T03:00:37+01:00,7b316592-8036-41e2-b8dc-b06b6a9afd54,41.038285173896426,21.327864456616478,pm10,21
2026-01-19T03:00:37+01:00,7b316592-8036-41e2-b8dc-b06b6a9afd54,41.038285173896426,21.327864456616478,pm25,13
2026-01-19T03:00:37+01:00,7b316592-8036-41e2-b8dc-b06b6a9afd54,41.038285173896426,21.327864456616478,pressure,950
2026-01-19T03:00:37+01:00,7b316592-8036-41e2-b8dc-b06b6a9afd54,41.038285173896426,21.327864456616478,temperature,7
2026-01-19T03:16:09+01:00,7b316592-8036-41e2-b8dc-b06b6a9afd54,41.038285173896426,21.327864456616478,gasResistance,178194
2026-01-19T03:16:09+01:00,7b316592-8036-41e2-b8dc-b06b6a9afd54,41.038285173896426,21.327864456616478,humidity,54
2026-01-19T03:16:09+01:00,7b316592-8036-41e2-b8dc-b06b6a9afd54,41.038285173896426,21.327864456616478,noise,50
2026-01-19T03:16:09+01:00,7b316592-8036-41e2-b8dc-b06b6a9afd54,41.038285173896426,21.327864456616478,noise_dba,48
2026-01-19T03:16:09+01:00,7b316592-8036-41e2-b8dc-b06b6a9afd54,41.038285173896426,21.327864456616478,pm10,16
2026-01-19T03:16:09+01:00,7b316592-8036-41e2-b8dc-b06b6a9afd54,41.038285173896426,21.327864456616478,pm25,13
2026-01-19T03:16:09+01:00,7b316592-8036-41e2-b8dc-b06b6a9afd54,41.038285173896426,21.327864456616478,pressure,950
2026-01-19T03:16:09+01:00,7b316592-8036-41e2-b8dc-b06b6a9afd54,41.038285173896426,21.327864456616478,temperature,7
2026-01-19T03:31:41+01:00,7b316592-8036-41e2-b8dc-b06b6a9afd54,41.038285173896426,21.327864456616478,gasResistance,182235
2026-01-19T03:31:41+01:00,7b316592-8036-41e2-b8dc-b06b6a9afd54,41.038285173896426,21.327864456616478,humidity,55
2026-01-19T03:31:41+01:00,7b316592-8036-41e2-b8dc-b06b6a9afd54,41.038285173896426,21.327864456616478,noise,54
2026-01-19T03:31:41+01:00,7b316592-8036-41e2-b8dc-b06b6a9afd54,41.038285173896426,21.327864456616478,noise_dba,50
2026-01-19T03:31:41+01:00,7b316592-8036-41e2-b8dc-b06b6a9afd54,41.038285173896426,21.327864456616478,pm10,13
2026-01-19T03:31:41+01:00,7b316592-8036-41e2-b8dc-b06b6a9afd54,41.038285173896426,21.327864456616478,pm25,9
2026-01-19T03:31:41+01:00,7b316592-8036-41e2-b8dc-b06b6a9afd54,41.038285173896426,21.327864456616478,pressure,950
2026-01-19T03:31:41+01:00,7b316592-8036-41e2-b8dc-b06b6a9afd54,41.038285173896426,21.327864456616478,temperature,6
2026-01-19T03:47:12+01:00,7b316592-8036-41e2-b8dc-b06b6a9afd54,41.038285173896426,21.327864456616478,gasResistance,191406
2026-01-19T03:47:12+01:00,7b316592-8036-41e2-b8dc-b06b6a9afd54,41.038285173896426,21.327864456616478,humidity,57
2026-01-19T03:47:12+01:00,7b316592-8036-41e2-b8dc-b06b6a9afd54,41.038285173896426,21.327864456616478,noise,60
2026-01-19T03:47:12+01:00,7b316592-8036-41e2-b8dc-b06b6a9afd54,41.038285173896426,21.327864456616478,noise_dba,51
2026-01-19T03:47:12+01:00,7b316592-8036-41e2-b8dc-b06b6a9afd54,41.038285173896426,21.327864456616478,pm10,10
2026-01-19T03:47:12+01:00,7b316592-8036-41e2-b8dc-b06b6a9afd54,41.038285173896426,21.327864456616478,pm25,9
2026-01-19T03:47:12+01:00,7b316592-8036-41e2-b8dc-b06b6a9afd54,41.038285173896426,21.327864456616478,pressure,950
2026-01-19T03:47:12+01:00,7b316592-8036-41e2-b8dc-b06b6a9afd54,41.038285173896426,21.327864456616478,temperature,6
2026-01-19T04:02:44+01:00,7b316592-8036-41e2-b8dc-b06b6a9afd54,41.038285173896426,21.327864456616478,gasResistance,198387
2026-01-19T04:02:44+01:00,7b316592-8036-41e2-b8dc-b06b6a9afd54,41.038285173896426,21.327864456616478,humidity,58
2026-01-19T04:02:44+01:00,7b316592-8036-41e2-b8dc-b06b6a9afd54,41.038285173896426,21.327864456616478,noise,64
2026-01-19T04:02:44+01:00,7b316592-8036-41e2-b8dc-b06b6a9afd54,41.038285173896426,21.327864456616478,noise_dba,52
2026-01-19T04:02:44+01:00,7b316592-8036-41e2-b8dc-b06b6a9afd54,41.038285173896426,21.327864456616478,pm10,14
2026-01-19T04:02:44+01:00,7b316592-8036-41e2-b8dc-b06b6a9afd54,41.038285173896426,21.327864456616478,pm25,11
2026-01-19T04:02:44+01:00,7b316592-8036-41e2-b8dc-b06b6a9afd54,41.038285173896426,21.327864456616478,pressure,950
2026-01-19T04:02:44+01:00,7b316592-8036-41e2-b8dc-b06b6a9afd54,41.038285173896426,21.327864456616478,temperature,5
2026-01-19T04:18:15+01:00,7b316592-8036-41e2-b8dc-b06b6a9afd54,41.038285173896426,21.327864456616478,gasResistance,199341
2026-01-19T04:18:15+01:00,7b316592-8036-41e2-b8dc-b06b6a9afd54,41.038285173896426,21.327864456616478,humidity,59
2026-01-19T04:18:15+01:00,7b316592-8036-41e2-b8dc-b06b6a9afd54,41.038285173896426,21.327864456616478,noise,65
2026-01-19T04:18:15+01:00,7b316592-8036-41e2-b8dc-b06b6a9afd54,41.038285173896426,21.327864456616478,noise_dba,53
2026-01-19T04:18:15+01:00,7b316592-8036-41e2-b8dc-b06b6a9afd54,41.038285173896426,21.327864456616478,pm10,12
2026-01-19T04:18:15+01:00,7b316592-8036-41e2-b8dc-b06b6a9afd54,41.038285173896426,21.327864456616478,pm25,9
2026-01-19T04:18:15+01:00,7b316592-8036-41e2-b8dc-b06b6a9afd54,41.038285173896426,21.327864456616478,pressure,950
2026-01-19T04:18:15+01:00,7b316592-8036-41e2-b8dc-b06b6a9afd54,41.038285173896426,21.327864456616478,temperature,5
2026-01-19T04:33:47+01:00,7b316592-8036-41e2-b8dc-b06b6a9afd54,41.038285173896426,21.327864456616478,gasResistance,208746
2026-01-19T04:33:47+01:00,7b316592-8036-41e2-b8dc-b06b6a9afd54,41.038285173896426,21.327864456616478,humidity,58
2026-01-19T04:33:47+01:00,7b316592-8036-41e2-b8dc-b06b6a9afd54,41.038285173896426,21.327864456616478,noise,59
2026-01-19T04:33:47+01:00,7b316592-8036-41e2-b8dc-b06b6a9afd54,41.038285173896426,21.327864456616478,noise_dba,51
2026-01-19T04:33:47+01:00,7b316592-8036-41e2-b8dc-b06b6a9afd54,41.038285173896426,21.327864456616478,pm10,22
2026-01-19T04:33:47+01:00,7b316592-8036-41e2-b8dc-b06b6a9afd54,41.038285173896426,21.327864456616478,pm25,16
2026-01-19T04:33:47+01:00,7b316592-8036-41e2-b8dc-b06b6a9afd54,41.038285173896426,21.327864456616478,pressure,950
2026-01-19T04:33:47+01:00,7b316592-8036-41e2-b8dc-b06b6a9afd54,41.038285173896426,21.327864456616478,temperature,4
2026-01-19T04:49:18+01:00,7b316592-8036-41e2-b8dc-b06b6a9afd54,41.038285173896426,21.327864456616478,gasResistance,211272
2026-01-19T04:49:18+01:00,7b316592-8036-41e2-b8dc-b06b6a9afd54,41.038285173896426,21.327864456616478,humidity,59
2026-01-19T04:49:18+01:00,7b316592-8036-41e2-b8dc-b06b6a9afd54,41.038285173896426,21.327864456616478,noise,56
2026-01-19T04:49:18+01:00,7b316592-8036-41e2-b8dc-b06b6a9afd54,41.038285173896426,21.327864456616478,noise_dba,50
2026-01-19T04:49:18+01:00,7b316592-8036-41e2-b8dc-b06b6a9afd54,41.038285173896426,21.327864456616478,pm10,15
2026-01-19T04:49:18+01:00,7b316592-8036-41e2-b8dc-b06b6a9afd54,41.038285173896426,21.327864456616478,pm25,12
2026-01-19T04:49:18+01:00,7b316592-8036-41e2-b8dc-b06b6a9afd54,41.038285173896426,21.327864456616478,pressure,950
2026-01-19T04:49:18+01:00,7b316592-8036-41e2-b8dc-b06b6a9afd54,41.038285173896426,21.327864456616478,temperature,4
2026-01-19T05:04:50+01:00,7b316592-8036-41e2-b8dc-b06b6a9afd54,41.038285173896426,21.327864456616478,gasResistance,210869
2026-01-19T05:04:50+01:00,7b316592-8036-41e2-b8dc-b06b6a9afd54,41.038285173896426,21.327864456616478,humidity,60
2026-01-19T05:04:50+01:00,7b316592-8036-41e2-b8dc-b06b6a9afd54,41.038285173896426,21.327864456616478,noise,56
2026-01-19T05:04:50+01:00,7b316592-8036-41e2-b8dc-b06b6a9afd54,41.038285173896426,21.327864456616478,noise_dba,50
2026-01-19T05:04:50+01:00,7b316592-8036-41e2-b8dc-b06b6a9afd54,41.038285173896426,21.327864456616478,pm10,21
2026-01-19T05:04:50+01:00,7b316592-8036-41e2-b8dc-b06b6a9afd54,41.038285173896426,21.327864456616478,pm25,13
2026-01-19T05:04:50+01:00,7b316592-8036-41e2-b8dc-b06b6a9afd54,41.038285173896426,21.327864456616478,pressure,950
2026-01-19T05:04:50+01:00,7b316592-8036-41e2-b8dc-b06b6a9afd54,41.038285173896426,21.327864456616478,temperature,4
2026-01-19T05:20:21+01:00,7b316592-8036-41e2-b8dc-b06b6a9afd54,41.038285173896426,21.327864456616478,gasResistance,219519
2026-01-19T05:20:21+01:00,7b316592-8036-41e2-b8dc-b06b6a9afd54,41.038285173896426,21.327864456616478,humidity,65
2026-01-19T05:20:21+01:00,7b316592-8036-41e2-b8dc-b06b6a9afd54,41.038285173896426,21.327864456616478,noise,54
2026-01-19T05:20:21+01:00,7b316592-8036-41e2-b8dc-b06b6a9afd54,41.038285173896426,21.327864456616478,noise_dba,50
2026-01-19T05:20:21+01:00,7b316592-8036-41e2-b8dc-b06b6a9afd54,41.038285173896426,21.327864456616478,pm10,108
2026-01-19T05:20:21+01:00,7b316592-8036-41e2-b8dc-b06b6a9afd54,41.038285173896426,21.327864456616478,pm25,54
2026-01-19T05:20:21+01:00,7b316592-8036-41e2-b8dc-b06b6a9afd54,41.038285173896426,21.327864456616478,pressure,950
2026-01-19T05:20:21+01:00,7b316592-8036-41e2-b8dc-b06b6a9afd54,41.038285173896426,21.327864456616478,temperature,3
2026-01-19T05:35:53+01:00,7b316592-8036-41e2-b8dc-b06b6a9afd54,41.038285173896426,21.327864456616478,gasResistance,219809
2026-01-19T05:35:53+01:00,7b316592-8036-41e2-b8dc-b06b6a9afd54,41.038285173896426,21.327864456616478,humidity,63
2026-01-19T05:35:53+01:00,7b316592-8036-41e2-b8dc-b06b6a9afd54,41.038285173896426,21.327864456616478,noise,57
2026-01-19T05:35:53+01:00,7b316592-8036-41e2-b8dc-b06b6a9afd54,41.038285173896426,21.327864456616478,noise_dba,50
2026-01-19T05:35:53+01:00,7b316592-8036-41e2-b8dc-b06b6a9afd54,41.038285173896426,21.327864456616478,pm10,25
2026-01-19T05:35:53+01:00,7b316592-8036-41e2-b8dc-b06b6a9afd54,41.038285173896426,21.327864456616478,pm25,17
2026-01-19T05:35:53+01:00,7b316592-8036-41e2-b8dc-b06b6a9afd54,41.038285173896426,21.327864456616478,pressure,950
2026-01-19T05:35:53+01:00,7b316592-8036-41e2-b8dc-b06b6a9afd54,41.038285173896426,21.327864456616478,temperature,3
2026-01-19T05:51:24+01:00,7b316592-8036-41e2-b8dc-b06b6a9afd54,41.038285173896426,21.327864456616478,gasResistance,226409
2026-01-19T05:51:24+01:00,7b316592-8036-41e2-b8dc-b06b6a9afd54,41.038285173896426,21.327864456616478,humidity,63
2026-01-19T05:51:24+01:00,7b316592-8036-41e2-b8dc-b06b6a9afd54,41.038285173896426,21.327864456616478,noise,53
2026-01-19T05:51:24+01:00,7b316592-8036-41e2-b8dc-b06b6a9afd54,41.038285173896426,21.327864456616478,noise_dba,49
2026-01-19T05:51:24+01:00,7b316592-8036-41e2-b8dc-b06b6a9afd54,41.038285173896426,21.327864456616478,pm10,60
2026-01-19T05:51:24+01:00,7b316592-8036-41e2-b8dc-b06b6a9afd54,41.038285173896426,21.327864456616478,pm25,38
2026-01-19T05:51:24+01:00,7b316592-8036-41e2-b8dc-b06b6a9afd54,41.038285173896426,21.327864456616478,pressure,950
2026-01-19T05:51:24+01:00,7b316592-8036-41e2-b8dc-b06b6a9afd54,41.038285173896426,21.327864456616478,temperature,3
2026-01-19T06:06:55+01:00,7b316592-8036-41e2-b8dc-b06b6a9afd54,41.038285173896426,21.327864456616478,gasResistance,227965
2026-01-19T06:06:55+01:00,7b316592-8036-41e2-b8dc-b06b6a9afd54,41.038285173896426,21.327864456616478,humidity,62
2026-01-19T06:06:55+01:00,7b316592-8036-41e2-b8dc-b06b6a9afd54,41.038285173896426,21.327864456616478,noise,73
2026-01-19T06:06:55+01:00,7b316592-8036-41e2-b8dc-b06b6a9afd54,41.038285173896426,21.327864456616478,noise_dba,54
2026-01-19T06:06:55+01:00,7b316592-8036-41e2-b8dc-b06b6a9afd54,41.038285173896426,21.327864456616478,pm10,33
2026-01-19T06:06:55+01:00,7b316592-8036-41e2-b8dc-b06b6a9afd54,41.038285173896426,21.327864456616478,pm25,23
2026-01-19T06:06:55+01:00,7b316592-8036-41e2-b8dc-b06b6a9afd54,41.038285173896426,21.327864456616478,pressure,951
2026-01-19T06:06:55+01:00,7b316592-8036-41e2-b8dc-b06b6a9afd54,41.038285173896426,21.327864456616478,temperature,3
2026-01-19T06:22:27+01:00,7b316592-8036-41e2-b8dc-b06b6a9afd54,41.038285173896426,21.327864456616478,gasResistance,236242
2026-01-19T06:22:27+01:00,7b316592-8036-41e2-b8dc-b06b6a9afd54,41.038285173896426,21.327864456616478,humidity,63
2026-01-19T06:22:27+01:00,7b316592-8036-41e2-b8dc-b06b6a9afd54,41.038285173896426,21.327864456616478,noise,56
2026-01-19T06:22:27+01:00,7b316592-8036-41e2-b8dc-b06b6a9afd54,41.038285173896426,21.327864456616478,noise_dba,50
2026-01-19T06:22:27+01:00,7b316592-8036-41e2-b8dc-b06b6a9afd54,41.038285173896426,21.327864456616478,pm10,21
2026-01-19T06:22:27+01:00,7b316592-8036-41e2-b8dc-b06b6a9afd54,41.038285173896426,21.327864456616478,pm25,18
2026-01-19T06:22:27+01:00,7b316592-8036-41e2-b8dc-b06b6a9afd54,41.038285173896426,21.327864456616478,pressure,951
2026-01-19T06:22:27+01:00,7b316592-8036-41e2-b8dc-b06b6a9afd54,41.038285173896426,21.327864456616478,temperature,2
2026-01-19T06:37:59+01:00,7b316592-8036-41e2-b8dc-b06b6a9afd54,41.038285173896426,21.327864456616478,gasResistance,241048
2026-01-19T06:37:59+01:00,7b316592-8036-41e2-b8dc-b06b6a9afd54,41.038285173896426,21.327864456616478,humidity,63
2026-01-19T06:37:59+01:00,7b316592-8036-41e2-b8dc-b06b6a9afd54,41.038285173896426,21.327864456616478,noise,56
2026-01-19T06:37:59+01:00,7b316592-8036-41e2-b8dc-b06b6a9afd54,41.038285173896426,21.327864456616478,noise_dba,50
2026-01-19T06:37:59+01:00,7b316592-8036-41e2-b8dc-b06b6a9afd54,41.038285173896426,21.327864456616478,pm10,16
2026-01-19T06:37:59+01:00,7b316592-8036-41e2-b8dc-b06b6a9afd54,41.038285173896426,21.327864456616478,pm25,11
2026-01-19T06:37:59+01:00,7b316592-8036-41e2-b8dc-b06b6a9afd54,41.038285173896426,21.327864456616478,pressure,951
2026-01-19T06:37:59+01:00,7b316592-8036-41e2-b8dc-b06b6a9afd54,41.038285173896426,21.327864456616478,temperature,2
2026-01-19T06:53:30+01:00,7b316592-8036-41e2-b8dc-b06b6a9afd54,41.038285173896426,21.327864456616478,gasResistance,249757
2026-01-19T06:53:30+01:00,7b316592-8036-41e2-b8dc-b06b6a9afd54,41.038285173896426,21.327864456616478,humidity,61
2026-01-19T06:53:30+01:00,7b316592-8036-41e2-b8dc-b06b6a9afd54,41.038285173896426,21.327864456616478,noise,53
2026-01-19T06:53:30+01:00,7b316592-8036-41e2-b8dc-b06b6a9afd54,41.038285173896426,21.327864456616478,noise_dba,49
2026-01-19T06:53:30+01:00,7b316592-8036-41e2-b8dc-b06b6a9afd54,41.038285173896426,21.327864456616478,pm10,12
2026-01-19T06:53:30+01:00,7b316592-8036-41e2-b8dc-b06b6a9afd54,41.038285173896426,21.327864456616478,pm25,9
2026-01-19T06:53:30+01:00,7b316592-8036-41e2-b8dc-b06b6a9afd54,41.038285173896426,21.327864456616478,pressure,951
2026-01-19T06:53:30+01:00,7b316592-8036-41e2-b8dc-b06b6a9afd54,41.038285173896426,21.327864456616478,temperature,2
2026-01-19T07:09:02+01:00,7b316592-8036-41e2-b8dc-b06b6a9afd54,41.038285173896426,21.327864456616478,gasResistance,248448
2026-01-19T07:09:02+01:00,7b316592-8036-41e2-b8dc-b06b6a9afd54,41.038285173896426,21.327864456616478,humidity,61
2026-01-19T07:09:02+01:00,7b316592-8036-41e2-b8dc-b06b6a9afd54,41.038285173896426,21.327864456616478,noise,54
2026-01-19T07:09:02+01:00,7b316592-8036-41e2-b8dc-b06b6a9afd54,41.038285173896426,21.327864456616478,noise_dba,50
2026-01-19T07:09:02+01:00,7b316592-8036-41e2-b8dc-b06b6a9afd54,41.038285173896426,21.327864456616478,pm10,15
2026-01-19T07:09:02+01:00,7b316592-8036-41e2-b8dc-b06b6a9afd54,41.038285173896426,21.327864456616478,pm25,11
2026-01-19T07:09:02+01:00,7b316592-8036-41e2-b8dc-b06b6a9afd54,41.038285173896426,21.327864456616478,pressure,951
2026-01-19T07:09:02+01:00,7b316592-8036-41e2-b8dc-b06b6a9afd54,41.038285173896426,21.327864456616478,temperature,3
2026-01-19T07:24:34+01:00,7b316592-8036-41e2-b8dc-b06b6a9afd54,41.038285173896426,21.327864456616478,gasResistance,252417
2026-01-19T07:24:34+01:00,7b316592-8036-41e2-b8dc-b06b6a9afd54,41.038285173896426,21.327864456616478,humidity,62
2026-01-19T07:24:34+01:00,7b316592-8036-41e2-b8dc-b06b6a9afd54,41.038285173896426,21.327864456616478,noise,58
2026-01-19T07:24:34+01:00,7b316592-8036-41e2-b8dc-b06b6a9afd54,41.038285173896426,21.327864456616478,noise_dba,51
2026-01-19T07:24:34+01:00,7b316592-8036-41e2-b8dc-b06b6a9afd54,41.038285173896426,21.327864456616478,pm10,29
2026-01-19T07:24:34+01:00,7b316592-8036-41e2-b8dc-b06b6a9afd54,41.038285173896426,21.327864456616478,pm25,21
2026-01-19T07:24:34+01:00,7b316592-8036-41e2-b8dc-b06b6a9afd54,41.038285173896426,21.327864456616478,pressure,951
2026-01-19T07:24:34+01:00,7b316592-8036-41e2-b8dc-b06b6a9afd54,41.038285173896426,21.327864456616478,temperature,3
2026-01-19T07:40:05+01:00,7b316592-8036-41e2-b8dc-b06b6a9afd54,41.038285173896426,21.327864456616478,gasResistance,250701
2026-01-19T07:40:05+01:00,7b316592-8036-41e2-b8dc-b06b6a9afd54,41.038285173896426,21.327864456616478,humidity,63
2026-01-19T07:40:05+01:00,7b316592-8036-41e2-b8dc-b06b6a9afd54,41.038285173896426,21.327864456616478,noise,64
2026-01-19T07:40:05+01:00,7b316592-8036-41e2-b8dc-b06b6a9afd54,41.038285173896426,21.327864456616478,noise_dba,52
2026-01-19T07:40:05+01:00,7b316592-8036-41e2-b8dc-b06b6a9afd54,41.038285173896426,21.327864456616478,pm10,21
2026-01-19T07:40:05+01:00,7b316592-8036-41e2-b8dc-b06b6a9afd54,41.038285173896426,21.327864456616478,pm25,15
2026-01-19T07:40:05+01:00,7b316592-8036-41e2-b8dc-b06b6a9afd54,41.038285173896426,21.327864456616478,pressure,951
2026-01-19T07:40:05+01:00,7b316592-8036-41e2-b8dc-b06b6a9afd54,41.038285173896426,21.327864456616478,temperature,3
2026-01-19T07:55:37+01:00,7b316592-8036-41e2-b8dc-b06b6a9afd54,41.038285173896426,21.327864456616478,gasResistance,260954
2026-01-19T07:55:37+01:00,7b316592-8036-41e2-b8dc-b06b6a9afd54,41.038285173896426,21.327864456616478,humidity,63
2026-01-19T07:55:37+01:00,7b316592-8036-41e2-b8dc-b06b6a9afd54,41.038285173896426,21.327864456616478,noise,44
2026-01-19T07:55:37+01:00,7b316592-8036-41e2-b8dc-b06b6a9afd54,41.038285173896426,21.327864456616478,noise_dba,46
2026-01-19T07:55:37+01:00,7b316592-8036-41e2-b8dc-b06b6a9afd54,41.038285173896426,21.327864456616478,pm10,116
2026-01-19T07:55:37+01:00,7b316592-8036-41e2-b8dc-b06b6a9afd54,41.038285173896426,21.327864456616478,pm25,50
2026-01-19T07:55:37+01:00,7b316592-8036-41e2-b8dc-b06b6a9afd54,41.038285173896426,21.327864456616478,pressure,951
2026-01-19T07:55:37+01:00,7b316592-8036-41e2-b8dc-b06b6a9afd54,41.038285173896426,21.327864456616478,temperature,3
2026-01-19T08:11:08+01:00,7b316592-8036-41e2-b8dc-b06b6a9afd54,41.038285173896426,21.327864456616478,gasResistance,253963
2026-01-19T08:11:08+01:00,7b316592-8036-41e2-b8dc-b06b6a9afd54,41.038285173896426,21.327864456616478,humidity,66
2026-01-19T08:11:08+01:00,7b316592-8036-41e2-b8dc-b06b6a9afd54,41.038285173896426,21.327864456616478,noise,57
2026-01-19T08:11:08+01:00,7b316592-8036-41e2-b8dc-b06b6a9afd54,41.038285173896426,21.327864456616478,noise_dba,50
2026-01-19T08:11:08+01:00,7b316592-8036-41e2-b8dc-b06b6a9afd54,41.038285173896426,21.327864456616478,pm10,26
2026-01-19T08:11:08+01:00,7b316592-8036-41e2-b8dc-b06b6a9afd54,41.038285173896426,21.327864456616478,pm25,18
2026-01-19T08:11:08+01:00,7b316592-8036-41e2-b8dc-b06b6a9afd54,41.038285173896426,21.327864456616478,pressure,951
2026-01-19T08:11:08+01:00,7b316592-8036-41e2-b8dc-b06b6a9afd54,41.038285173896426,21.327864456616478,temperature,2
2026-01-19T08:26:40+01:00,7b316592-8036-41e2-b8dc-b06b6a9afd54,41.038285173896426,21.327864456616478,gasResistance,257711
2026-01-19T08:26:40+01:00,7b316592-8036-41e2-b8dc-b06b6a9afd54,41.038285173896426,21.327864456616478,humidity,62
2026-01-19T08:26:40+01:00,7b316592-8036-41e2-b8dc-b06b6a9afd54,41.038285173896426,21.327864456616478,noise,55
2026-01-19T08:26:40+01:00,7b316592-8036-41e2-b8dc-b06b6a9afd54,41.038285173896426,21.327864456616478,noise_dba,50
2026-01-19T08:26:40+01:00,7b316592-8036-41e2-b8dc-b06b6a9afd54,41.038285173896426,21.327864456616478,pm10,31
2026-01-19T08:26:40+01:00,7b316592-8036-41e2-b8dc-b06b6a9afd54,41.038285173896426,21.327864456616478,pm25,20
2026-01-19T08:26:40+01:00,7b316592-8036-41e2-b8dc-b06b6a9afd54,41.038285173896426,21.327864456616478,pressure,951
2026-01-19T08:26:40+01:00,7b316592-8036-41e2-b8dc-b06b6a9afd54,41.038285173896426,21.327864456616478,temperature,2
2026-01-19T08:42:11+01:00,7b316592-8036-41e2-b8dc-b06b6a9afd54,41.038285173896426,21.327864456616478,gasResistance,263859
2026-01-19T08:42:11+01:00,7b316592-8036-41e2-b8dc-b06b6a9afd54,41.038285173896426,21.327864456616478,humidity,60
2026-01-19T08:42:11+01:00,7b316592-8036-41e2-b8dc-b06b6a9afd54,41.038285173896426,21.327864456616478,noise,53
2026-01-19T08:42:11+01:00,7b316592-8036-41e2-b8dc-b06b6a9afd54,41.038285173896426,21.327864456616478,noise_dba,49
2026-01-19T08:42:11+01:00,7b316592-8036-41e2-b8dc-b06b6a9afd54,41.038285173896426,21.327864456616478,pm10,11
2026-01-19T08:42:11+01:00,7b316592-8036-41e2-b8dc-b06b6a9afd54,41.038285173896426,21.327864456616478,pm25,9
2026-01-19T08:42:11+01:00,7b316592-8036-41e2-b8dc-b06b6a9afd54,41.038285173896426,21.327864456616478,pressure,951
2026-01-19T08:42:11+01:00,7b316592-8036-41e2-b8dc-b06b6a9afd54,41.038285173896426,21.327864456616478,temperature,2
2026-01-19T08:57:43+01:00,7b316592-8036-41e2-b8dc-b06b6a9afd54,41.038285173896426,21.327864456616478,gasResistance,271413
2026-01-19T08:57:43+01:00,7b316592-8036-41e2-b8dc-b06b6a9afd54,41.038285173896426,21.327864456616478,humidity,61
2026-01-19T08:57:43+01:00,7b316592-8036-41e2-b8dc-b06b6a9afd54,41.038285173896426,21.327864456616478,noise,52
2026-01-19T08:57:43+01:00,7b316592-8036-41e2-b8dc-b06b6a9afd54,41.038285173896426,21.327864456616478,noise_dba,49
2026-01-19T08:57:43+01:00,7b316592-8036-41e2-b8dc-b06b6a9afd54,41.038285173896426,21.327864456616478,pm10,13
2026-01-19T08:57:43+01:00,7b316592-8036-41e2-b8dc-b06b6a9afd54,41.038285173896426,21.327864456616478,pm25,10
2026-01-19T08:57:43+01:00,7b316592-8036-41e2-b8dc-b06b6a9afd54,41.038285173896426,21.327864456616478,pressure,951
2026-01-19T08:57:43+01:00,7b316592-8036-41e2-b8dc-b06b6a9afd54,41.038285173896426,21.327864456616478,temperature,2
2026-01-19T09:13:14+01:00,7b316592-8036-41e2-b8dc-b06b6a9afd54,41.038285173896426,21.327864456616478,gasResistance,279648
2026-01-19T09:13:14+01:00,7b316592-8036-41e2-b8dc-b06b6a9afd54,41.038285173896426,21.327864456616478,humidity,60
2026-01-19T09:13:14+01:00,7b316592-8036-41e2-b8dc-b06b6a9afd54,41.038285173896426,21.327864456616478,noise,61
2026-01-19T09:13:14+01:00,7b316592-8036-41e2-b8dc-b06b6a9afd54,41.038285173896426,21.327864456616478,noise_dba,52
2026-01-19T09:13:14+01:00,7b316592-8036-41e2-b8dc-b06b6a9afd54,41.038285173896426,21.327864456616478,pm10,37
2026-01-19T09:13:14+01:00,7b316592-8036-41e2-b8dc-b06b6a9afd54,41.038285173896426,21.327864456616478,pm25,31
2026-01-19T09:13:14+01:00,7b316592-8036-41e2-b8dc-b06b6a9afd54,41.038285173896426,21.327864456616478,pressure,952
2026-01-19T09:13:14+01:00,7b316592-8036-41e2-b8dc-b06b6a9afd54,41.038285173896426,21.327864456616478,temperature,2
2026-01-19T09:28:46+01:00,7b316592-8036-41e2-b8dc-b06b6a9afd54,41.038285173896426,21.327864456616478,gasResistance,278943
2026-01-19T09:28:46+01:00,7b316592-8036-41e2-b8dc-b06b6a9afd54,41.038285173896426,21.327864456616478,humidity,59
2026-01-19T09:28:46+01:00,7b316592-8036-41e2-b8dc-b06b6a9afd54,41.038285173896426,21.327864456616478,noise,60
2026-01-19T09:28:46+01:00,7b316592-8036-41e2-b8dc-b06b6a9afd54,41.038285173896426,21.327864456616478,noise_dba,51
2026-01-19T09:28:46+01:00,7b316592-8036-41e2-b8dc-b06b6a9afd54,41.038285173896426,21.327864456616478,pm10,26
2026-01-19T09:28:46+01:00,7b316592-8036-41e2-b8dc-b06b6a9afd54,41.038285173896426,21.327864456616478,pm25,19
2026-01-19T09:28:46+01:00,7b316592-8036-41e2-b8dc-b06b6a9afd54,41.038285173896426,21.327864456616478,pressure,952
2026-01-19T09:28:46+01:00,7b316592-8036-41e2-b8dc-b06b6a9afd54,41.038285173896426,21.327864456616478,temperature,3
2026-01-19T09:44:17+01:00,7b316592-8036-41e2-b8dc-b06b6a9afd54,41.038285173896426,21.327864456616478,gasResistance,277311
2026-01-19T09:44:17+01:00,7b316592-8036-41e2-b8dc-b06b6a9afd54,41.038285173896426,21.327864456616478,humidity,59
2026-01-19T09:44:17+01:00,7b316592-8036-41e2-b8dc-b06b6a9afd54,41.038285173896426,21.327864456616478,noise,55
2026-01-19T09:44:17+01:00,7b316592-8036-41e2-b8dc-b06b6a9afd54,41.038285173896426,21.327864456616478,noise_dba,50
2026-01-19T09:44:17+01:00,7b316592-8036-41e2-b8dc-b06b6a9afd54,41.038285173896426,21.327864456616478,pm10,13
2026-01-19T09:44:17+01:00,7b316592-8036-41e2-b8dc-b06b6a9afd54,41.038285173896426,21.327864456616478,pm25,10
2026-01-19T09:44:17+01:00,7b316592-8036-41e2-b8dc-b06b6a9afd54,41.038285173896426,21.327864456616478,pressure,952
2026-01-19T09:44:17+01:00,7b316592-8036-41e2-b8dc-b06b6a9afd54,41.038285173896426,21.327864456616478,temperature,3
2026-01-19T09:59:49+01:00,7b316592-8036-41e2-b8dc-b06b6a9afd54,41.038285173896426,21.327864456616478,gasResistance,279177
2026-01-19T09:59:49+01:00,7b316592-8036-41e2-b8dc-b06b6a9afd54,41.038285173896426,21.327864456616478,humidity,58
2026-01-19T09:59:49+01:00,7b316592-8036-41e2-b8dc-b06b6a9afd54,41.038285173896426,21.327864456616478,noise,62
2026-01-19T09:59:49+01:00,7b316592-8036-41e2-b8dc-b06b6a9afd54,41.038285173896426,21.327864456616478,noise_dba,52
2026-01-19T09:59:49+01:00,7b316592-8036-41e2-b8dc-b06b6a9afd54,41.038285173896426,21.327864456616478,pm10,40
2026-01-19T09:59:49+01:00,7b316592-8036-41e2-b8dc-b06b6a9afd54,41.038285173896426,21.327864456616478,pm25,23
2026-01-19T09:59:49+01:00,7b316592-8036-41e2-b8dc-b06b6a9afd54,41.038285173896426,21.327864456616478,pressure,952
2026-01-19T09:59:49+01:00,7b316592-8036-41e2-b8dc-b06b6a9afd54,41.038285173896426,21.327864456616478,temperature,3
2026-01-19T10:15:20+01:00,7b316592-8036-41e2-b8dc-b06b6a9afd54,41.038285173896426,21.327864456616478,gasResistance,277543
2026-01-19T10:15:20+01:00,7b316592-8036-41e2-b8dc-b06b6a9afd54,41.038285173896426,21.327864456616478,humidity,58
2026-01-19T10:15:20+01:00,7b316592-8036-41e2-b8dc-b06b6a9afd54,41.038285173896426,21.327864456616478,noise,55
2026-01-19T10:15:20+01:00,7b316592-8036-41e2-b8dc-b06b6a9afd54,41.038285173896426,21.327864456616478,noise_dba,50
2026-01-19T10:15:20+01:00,7b316592-8036-41e2-b8dc-b06b6a9afd54,41.038285173896426,21.327864456616478,pm10,49
2026-01-19T10:15:20+01:00,7b316592-8036-41e2-b8dc-b06b6a9afd54,41.038285173896426,21.327864456616478,pm25,35
2026-01-19T10:15:20+01:00,7b316592-8036-41e2-b8dc-b06b6a9afd54,41.038285173896426,21.327864456616478,pressure,952
2026-01-19T10:15:20+01:00,7b316592-8036-41e2-b8dc-b06b6a9afd54,41.038285173896426,21.327864456616478,temperature,3
2026-01-19T10:30:52+01:00,7b316592-8036-41e2-b8dc-b06b6a9afd54,41.038285173896426,21.327864456616478,gasResistance,269211
2026-01-19T10:30:52+01:00,7b316592-8036-41e2-b8dc-b06b6a9afd54,41.038285173896426,21.327864456616478,humidity,56
2026-01-19T10:30:52+01:00,7b316592-8036-41e2-b8dc-b06b6a9afd54,41.038285173896426,21.327864456616478,noise,61
2026-01-19T10:30:52+01:00,7b316592-8036-41e2-b8dc-b06b6a9afd54,41.038285173896426,21.327864456616478,noise_dba,52
2026-01-19T10:30:52+01:00,7b316592-8036-41e2-b8dc-b06b6a9afd54,41.038285173896426,21.327864456616478,pm10,12
2026-01-19T10:30:52+01:00,7b316592-8036-41e2-b8dc-b06b6a9afd54,41.038285173896426,21.327864456616478,pm25,10
2026-01-19T10:30:52+01:00,7b316592-8036-41e2-b8dc-b06b6a9afd54,41.038285173896426,21.327864456616478,pressure,952
2026-01-19T10:30:52+01:00,7b316592-8036-41e2-b8dc-b06b6a9afd54,41.038285173896426,21.327864456616478,temperature,4
2026-01-19T10:46:23+01:00,7b316592-8036-41e2-b8dc-b06b6a9afd54,41.038285173896426,21.327864456616478,gasResistance,274330
2026-01-19T10:46:23+01:00,7b316592-8036-41e2-b8dc-b06b6a9afd54,41.038285173896426,21.327864456616478,humidity,56
2026-01-19T10:46:23+01:00,7b316592-8036-41e2-b8dc-b06b6a9afd54,41.038285173896426,21.327864456616478,noise,62
2026-01-19T10:46:23+01:00,7b316592-8036-41e2-b8dc-b06b6a9afd54,41.038285173896426,21.327864456616478,noise_dba,52
2026-01-19T10:46:23+01:00,7b316592-8036-41e2-b8dc-b06b6a9afd54,41.038285173896426,21.327864456616478,pm10,26
2026-01-19T10:46:23+01:00,7b316592-8036-41e2-b8dc-b06b6a9afd54,41.038285173896426,21.327864456616478,pm25,19
2026-01-19T10:46:23+01:00,7b316592-8036-41e2-b8dc-b06b6a9afd54,41.038285173896426,21.327864456616478,pressure,952
2026-01-19T10:46:23+01:00,7b316592-8036-41e2-b8dc-b06b6a9afd54,41.038285173896426,21.327864456616478,temperature,4
2026-01-19T11:01:55+01:00,7b316592-8036-41e2-b8dc-b06b6a9afd54,41.038285173896426,21.327864456616478,gasResistance,268993
2026-01-19T11:01:55+01:00,7b316592-8036-41e2-b8dc-b06b6a9afd54,41.038285173896426,21.327864456616478,humidity,57
2026-01-19T11:01:55+01:00,7b316592-8036-41e2-b8dc-b06b6a9afd54,41.038285173896426,21.327864456616478,noise,63
2026-01-19T11:01:55+01:00,7b316592-8036-41e2-b8dc-b06b6a9afd54,41.038285173896426,21.327864456616478,noise_dba,52
2026-01-19T11:01:55+01:00,7b316592-8036-41e2-b8dc-b06b6a9afd54,41.038285173896426,21.327864456616478,pm10,13
2026-01-19T11:01:55+01:00,7b316592-8036-41e2-b8dc-b06b6a9afd54,41.038285173896426,21.327864456616478,pm25,10
2026-01-19T11:01:55+01:00,7b316592-8036-41e2-b8dc-b06b6a9afd54,41.038285173896426,21.327864456616478,pressure,952
2026-01-19T11:01:55+01:00,7b316592-8036-41e2-b8dc-b06b6a9afd54,41.038285173896426,21.327864456616478,temperature,4
2026-01-19T11:17:26+01:00,7b316592-8036-41e2-b8dc-b06b6a9afd54,41.038285173896426,21.327864456616478,gasResistance,268123
2026-01-19T11:17:26+01:00,7b316592-8036-41e2-b8dc-b06b6a9afd54,41.038285173896426,21.327864456616478,humidity,56
2026-01-19T11:17:26+01:00,7b316592-8036-41e2-b8dc-b06b6a9afd54,41.038285173896426,21.327864456616478,noise,54
2026-01-19T11:17:26+01:00,7b316592-8036-41e2-b8dc-b06b6a9afd54,41.038285173896426,21.327864456616478,noise_dba,50
2026-01-19T11:17:26+01:00,7b316592-8036-41e2-b8dc-b06b6a9afd54,41.038285173896426,21.327864456616478,pm10,26
2026-01-19T11:17:26+01:00,7b316592-8036-41e2-b8dc-b06b6a9afd54,41.038285173896426,21.327864456616478,pm25,17
2026-01-19T11:17:26+01:00,7b316592-8036-41e2-b8dc-b06b6a9afd54,41.038285173896426,21.327864456616478,pressure,952
2026-01-19T11:17:26+01:00,7b316592-8036-41e2-b8dc-b06b6a9afd54,41.038285173896426,21.327864456616478,temperature,4
2026-01-19T11:32:57+01:00,7b316592-8036-41e2-b8dc-b06b6a9afd54,41.038285173896426,21.327864456616478,gasResistance,262814
2026-01-19T11:32:57+01:00,7b316592-8036-41e2-b8dc-b06b6a9afd54,41.038285173896426,21.327864456616478,humidity,58
2026-01-19T11:32:57+01:00,7b316592-8036-41e2-b8dc-b06b6a9afd54,41.038285173896426,21.327864456616478,noise,61
2026-01-19T11:32:57+01:00,7b316592-8036-41e2-b8dc-b06b6a9afd54,41.038285173896426,21.327864456616478,noise_dba,52
2026-01-19T11:32:57+01:00,7b316592-8036-41e2-b8dc-b06b6a9afd54,41.038285173896426,21.327864456616478,pm10,34
2026-01-19T11:32:57+01:00,7b316592-8036-41e2-b8dc-b06b6a9afd54,41.038285173896426,21.327864456616478,pm25,23
2026-01-19T11:32:57+01:00,7b316592-8036-41e2-b8dc-b06b6a9afd54,41.038285173896426,21.327864456616478,pressure,952
2026-01-19T11:32:57+01:00,7b316592-8036-41e2-b8dc-b06b6a9afd54,41.038285173896426,21.327864456616478,temperature,4
2026-01-19T11:48:29+01:00,7b316592-8036-41e2-b8dc-b06b6a9afd54,41.038285173896426,21.327864456616478,gasResistance,262398
2026-01-19T11:48:29+01:00,7b316592-8036-41e2-b8dc-b06b6a9afd54,41.038285173896426,21.327864456616478,humidity,57
2026-01-19T11:48:29+01:00,7b316592-8036-41e2-b8dc-b06b6a9afd54,41.038285173896426,21.327864456616478,noise,55
2026-01-19T11:48:29+01:00,7b316592-8036-41e2-b8dc-b06b6a9afd54,41.038285173896426,21.327864456616478,noise_dba,50
2026-01-19T11:48:29+01:00,7b316592-8036-41e2-b8dc-b06b6a9afd54,41.038285173896426,21.327864456616478,pm10,16
2026-01-19T11:48:29+01:00,7b316592-8036-41e2-b8dc-b06b6a9afd54,41.038285173896426,21.327864456616478,pm25,13
2026-01-19T11:48:29+01:00,7b316592-8036-41e2-b8dc-b06b6a9afd54,41.038285173896426,21.327864456616478,pressure,952
2026-01-19T11:48:29+01:00,7b316592-8036-41e2-b8dc-b06b6a9afd54,41.038285173896426,21.327864456616478,temperature,4
2026-01-19T12:04:00+01:00,7b316592-8036-41e2-b8dc-b06b6a9afd54,41.038285173896426,21.327864456616478,gasResistance,261571
2026-01-19T12:04:00+01:00,7b316592-8036-41e2-b8dc-b06b6a9afd54,41.038285173896426,21.327864456616478,humidity,56
2026-01-19T12:04:00+01:00,7b316592-8036-41e2-b8dc-b06b6a9afd54,41.038285173896426,21.327864456616478,noise,60
2026-01-19T12:04:00+01:00,7b316592-8036-41e2-b8dc-b06b6a9afd54,41.038285173896426,21.327864456616478,noise_dba,51
2026-01-19T12:04:00+01:00,7b316592-8036-41e2-b8dc-b06b6a9afd54,41.038285173896426,21.327864456616478,pm10,9
2026-01-19T12:04:00+01:00,7b316592-8036-41e2-b8dc-b06b6a9afd54,41.038285173896426,21.327864456616478,pm25,8
2026-01-19T12:04:00+01:00,7b316592-8036-41e2-b8dc-b06b6a9afd54,41.038285173896426,21.327864456616478,pressure,951
2026-01-19T12:04:00+01:00,7b316592-8036-41e2-b8dc-b06b6a9afd54,41.038285173896426,21.327864456616478,temperature,4
2026-01-19T12:19:32+01:00,7b316592-8036-41e2-b8dc-b06b6a9afd54,41.038285173896426,21.327864456616478,gasResistance,260339
2026-01-19T12:19:32+01:00,7b316592-8036-41e2-b8dc-b06b6a9afd54,41.038285173896426,21.327864456616478,humidity,56
2026-01-19T12:19:32+01:00,7b316592-8036-41e2-b8dc-b06b6a9afd54,41.038285173896426,21.327864456616478,noise,58
2026-01-19T12:19:32+01:00,7b316592-8036-41e2-b8dc-b06b6a9afd54,41.038285173896426,21.327864456616478,noise_dba,51
2026-01-19T12:19:32+01:00,7b316592-8036-41e2-b8dc-b06b6a9afd54,41.038285173896426,21.327864456616478,pm10,12
2026-01-19T12:19:32+01:00,7b316592-8036-41e2-b8dc-b06b6a9afd54,41.038285173896426,21.327864456616478,pm25,8
2026-01-19T12:19:32+01:00,7b316592-8036-41e2-b8dc-b06b6a9afd54,41.038285173896426,21.327864456616478,pressure,951
2026-01-19T12:19:32+01:00,7b316592-8036-41e2-b8dc-b06b6a9afd54,41.038285173896426,21.327864456616478,temperature,4
2026-01-19T12:35:03+01:00,7b316592-8036-41e2-b8dc-b06b6a9afd54,41.038285173896426,21.327864456616478,gasResistance,263231
2026-01-19T12:35:03+01:00,7b316592-8036-41e2-b8dc-b06b6a9afd54,41.038285173896426,21.327864456616478,humidity,56
2026-01-19T12:35:03+01:00,7b316592-8036-41e2-b8dc-b06b6a9afd54,41.038285173896426,21.327864456616478,noise,67
2026-01-19T12:35:03+01:00,7b316592-8036-41e2-b8dc-b06b6a9afd54,41.038285173896426,21.327864456616478,noise_dba,53
2026-01-19T12:35:03+01:00,7b316592-8036-41e2-b8dc-b06b6a9afd54,41.038285173896426,21.327864456616478,pm10,35
2026-01-19T12:35:03+01:00,7b316592-8036-41e2-b8dc-b06b6a9afd54,41.038285173896426,21.327864456616478,pm25,23
2026-01-19T12:35:03+01:00,7b316592-8036-41e2-b8dc-b06b6a9afd54,41.038285173896426,21.327864456616478,pressure,951
2026-01-19T12:35:03+01:00,7b316592-8036-41e2-b8dc-b06b6a9afd54,41.038285173896426,21.327864456616478,temperature,4
2026-01-19T12:50:35+01:00,7b316592-8036-41e2-b8dc-b06b6a9afd54,41.038285173896426,21.327864456616478,gasResistance,256119
2026-01-19T12:50:35+01:00,7b316592-8036-41e2-b8dc-b06b6a9afd54,41.038285173896426,21.327864456616478,humidity,55
2026-01-19T12:50:35+01:00,7b316592-8036-41e2-b8dc-b06b6a9afd54,41.038285173896426,21.327864456616478,noise,52
2026-01-19T12:50:35+01:00,7b316592-8036-41e2-b8dc-b06b6a9afd54,41.038285173896426,21.327864456616478,noise_dba,49
2026-01-19T12:50:35+01:00,7b316592-8036-41e2-b8dc-b06b6a9afd54,41.038285173896426,21.327864456616478,pm10,19
2026-01-19T12:50:35+01:00,7b316592-8036-41e2-b8dc-b06b6a9afd54,41.038285173896426,21.327864456616478,pm25,13
2026-01-19T12:50:35+01:00,7b316592-8036-41e2-b8dc-b06b6a9afd54,41.038285173896426,21.327864456616478,pressure,951
2026-01-19T12:50:35+01:00,7b316592-8036-41e2-b8dc-b06b6a9afd54,41.038285173896426,21.327864456616478,temperature,5
2026-01-19T13:06:06+01:00,7b316592-8036-41e2-b8dc-b06b6a9afd54,41.038285173896426,21.327864456616478,gasResistance,246418
2026-01-19T13:06:06+01:00,7b316592-8036-41e2-b8dc-b06b6a9afd54,41.038285173896426,21.327864456616478,humidity,55
2026-01-19T13:06:06+01:00,7b316592-8036-41e2-b8dc-b06b6a9afd54,41.038285173896426,21.327864456616478,noise,47
2026-01-19T13:06:06+01:00,7b316592-8036-41e2-b8dc-b06b6a9afd54,41.038285173896426,21.327864456616478,noise_dba,47
2026-01-19T13:06:06+01:00,7b316592-8036-41e2-b8dc-b06b6a9afd54,41.038285173896426,21.327864456616478,pm10,34
2026-01-19T13:06:06+01:00,7b316592-8036-41e2-b8dc-b06b6a9afd54,41.038285173896426,21.327864456616478,pm25,28
2026-01-19T13:06:06+01:00,7b316592-8036-41e2-b8dc-b06b6a9afd54,41.038285173896426,21.327864456616478,pressure,951
2026-01-19T13:06:06+01:00,7b316592-8036-41e2-b8dc-b06b6a9afd54,41.038285173896426,21.327864456616478,temperature,5
2026-01-19T13:21:38+01:00,7b316592-8036-41e2-b8dc-b06b6a9afd54,41.038285173896426,21.327864456616478,gasResistance,244963
2026-01-19T13:21:38+01:00,7b316592-8036-41e2-b8dc-b06b6a9afd54,41.038285173896426,21.327864456616478,humidity,55
2026-01-19T13:21:38+01:00,7b316592-8036-41e2-b8dc-b06b6a9afd54,41.038285173896426,21.327864456616478,noise,55
2026-01-19T13:21:38+01:00,7b316592-8036-41e2-b8dc-b06b6a9afd54,41.038285173896426,21.327864456616478,noise_dba,50
2026-01-19T13:21:38+01:00,7b316592-8036-41e2-b8dc-b06b6a9afd54,41.038285173896426,21.327864456616478,pm10,23
2026-01-19T13:21:38+01:00,7b316592-8036-41e2-b8dc-b06b6a9afd54,41.038285173896426,21.327864456616478,pm25,16
2026-01-19T13:21:38+01:00,7b316592-8036-41e2-b8dc-b06b6a9afd54,41.038285173896426,21.327864456616478,pressure,951
2026-01-19T13:21:38+01:00,7b316592-8036-41e2-b8dc-b06b6a9afd54,41.038285173896426,21.327864456616478,temperature,5
2026-01-19T13:37:09+01:00,7b316592-8036-41e2-b8dc-b06b6a9afd54,41.038285173896426,21.327864456616478,gasResistance,245325
2026-01-19T13:37:09+01:00,7b316592-8036-41e2-b8dc-b06b6a9afd54,41.038285173896426,21.327864456616478,humidity,56
2026-01-19T13:37:09+01:00,7b316592-8036-41e2-b8dc-b06b6a9afd54,41.038285173896426,21.327864456616478,noise,65
2026-01-19T13:37:09+01:00,7b316592-8036-41e2-b8dc-b06b6a9afd54,41.038285173896426,21.327864456616478,noise_dba,53
2026-01-19T13:37:09+01:00,7b316592-8036-41e2-b8dc-b06b6a9afd54,41.038285173896426,21.327864456616478,pm10,80
2026-01-19T13:37:09+01:00,7b316592-8036-41e2-b8dc-b06b6a9afd54,41.038285173896426,21.327864456616478,pm25,49
2026-01-19T13:37:09+01:00,7b316592-8036-41e2-b8dc-b06b6a9afd54,41.038285173896426,21.327864456616478,pressure,951
2026-01-19T13:37:09+01:00,7b316592-8036-41e2-b8dc-b06b6a9afd54,41.038285173896426,21.327864456616478,temperature,5
2026-01-19T13:52:41+01:00,7b316592-8036-41e2-b8dc-b06b6a9afd54,41.038285173896426,21.327864456616478,gasResistance,240349
2026-01-19T13:52:41+01:00,7b316592-8036-41e2-b8dc-b06b6a9afd54,41.038285173896426,21.327864456616478,humidity,56
2026-01-19T13:52:41+01:00,7b316592-8036-41e2-b8dc-b06b6a9afd54,41.038285173896426,21.327864456616478,noise,51
2026-01-19T13:52:41+01:00,7b316592-8036-41e2-b8dc-b06b6a9afd54,41.038285173896426,21.327864456616478,noise_dba,49
2026-01-19T13:52:41+01:00,7b316592-8036-41e2-b8dc-b06b6a9afd54,41.038285173896426,21.327864456616478,pm10,111
2026-01-19T13:52:41+01:00,7b316592-8036-41e2-b8dc-b06b6a9afd54,41.038285173896426,21.327864456616478,pm25,75
2026-01-19T13:52:41+01:00,7b316592-8036-41e2-b8dc-b06b6a9afd54,41.038285173896426,21.327864456616478,pressure,951
2026-01-19T13:52:41+01:00,7b316592-8036-41e2-b8dc-b06b6a9afd54,41.038285173896426,21.327864456616478,temperature,5
2026-01-19T14:08:12+01:00,7b316592-8036-41e2-b8dc-b06b6a9afd54,41.038285173896426,21.327864456616478,gasResistance,242280
2026-01-19T14:08:12+01:00,7b316592-8036-41e2-b8dc-b06b6a9afd54,41.038285173896426,21.327864456616478,humidity,55
2026-01-19T14:08:12+01:00,7b316592-8036-41e2-b8dc-b06b6a9afd54,41.038285173896426,21.327864456616478,noise,59
2026-01-19T14:08:12+01:00,7b316592-8036-41e2-b8dc-b06b6a9afd54,41.038285173896426,21.327864456616478,noise_dba,51
2026-01-19T14:08:12+01:00,7b316592-8036-41e2-b8dc-b06b6a9afd54,41.038285173896426,21.327864456616478,pm10,14
2026-01-19T14:08:12+01:00,7b316592-8036-41e2-b8dc-b06b6a9afd54,41.038285173896426,21.327864456616478,pm25,10
2026-01-19T14:08:12+01:00,7b316592-8036-41e2-b8dc-b06b6a9afd54,41.038285173896426,21.327864456616478,pressure,951
2026-01-19T14:08:12+01:00,7b316592-8036-41e2-b8dc-b06b6a9afd54,41.038285173896426,21.327864456616478,temperature,5
2026-01-19T14:23:44+01:00,7b316592-8036-41e2-b8dc-b06b6a9afd54,41.038285173896426,21.327864456616478,gasResistance,240175
2026-01-19T14:23:44+01:00,7b316592-8036-41e2-b8dc-b06b6a9afd54,41.038285173896426,21.327864456616478,humidity,55
2026-01-19T14:23:44+01:00,7b316592-8036-41e2-b8dc-b06b6a9afd54,41.038285173896426,21.327864456616478,noise,60
2026-01-19T14:23:44+01:00,7b316592-8036-41e2-b8dc-b06b6a9afd54,41.038285173896426,21.327864456616478,noise_dba,51
2026-01-19T14:23:44+01:00,7b316592-8036-41e2-b8dc-b06b6a9afd54,41.038285173896426,21.327864456616478,pm10,18
2026-01-19T14:23:44+01:00,7b316592-8036-41e2-b8dc-b06b6a9afd54,41.038285173896426,21.327864456616478,pm25,13
2026-01-19T14:23:44+01:00,7b316592-8036-41e2-b8dc-b06b6a9afd54,41.038285173896426,21.327864456616478,pressure,951
2026-01-19T14:23:44+01:00,7b316592-8036-41e2-b8dc-b06b6a9afd54,41.038285173896426,21.327864456616478,temperature,5
2026-01-19T14:39:15+01:00,7b316592-8036-41e2-b8dc-b06b6a9afd54,41.038285173896426,21.327864456616478,gasResistance,236579
2026-01-19T14:39:15+01:00,7b316592-8036-41e2-b8dc-b06b6a9afd54,41.038285173896426,21.327864456616478,humidity,54
2026-01-19T14:39:15+01:00,7b316592-8036-41e2-b8dc-b06b6a9afd54,41.038285173896426,21.327864456616478,noise,55
2026-01-19T14:39:15+01:00,7b316592-8036-41e2-b8dc-b06b6a9afd54,41.038285173896426,21.327864456616478,noise_dba,50
2026-01-19T14:39:15+01:00,7b316592-8036-41e2-b8dc-b06b6a9afd54,41.038285173896426,21.327864456616478,pm10,26
2026-01-19T14:39:15+01:00,7b316592-8036-41e2-b8dc-b06b6a9afd54,41.038285173896426,21.327864456616478,pm25,22
2026-01-19T14:39:15+01:00,7b316592-8036-41e2-b8dc-b06b6a9afd54,41.038285173896426,21.327864456616478,pressure,951
2026-01-19T14:39:15+01:00,7b316592-8036-41e2-b8dc-b06b6a9afd54,41.038285173896426,21.327864456616478,temperature,5
2026-01-19T14:54:47+01:00,7b316592-8036-41e2-b8dc-b06b6a9afd54,41.038285173896426,21.327864456616478,gasResistance,238621
2026-01-19T14:54:47+01:00,7b316592-8036-41e2-b8dc-b06b6a9afd54,41.038285173896426,21.327864456616478,humidity,55
2026-01-19T14:54:47+01:00,7b316592-8036-41e2-b8dc-b06b6a9afd54,41.038285173896426,21.327864456616478,noise,61
2026-01-19T14:54:47+01:00,7b316592-8036-41e2-b8dc-b06b6a9afd54,41.038285173896426,21.327864456616478,noise_dba,52
2026-01-19T14:54:47+01:00,7b316592-8036-41e2-b8dc-b06b6a9afd54,41.038285173896426,21.327864456616478,pm10,17
2026-01-19T14:54:47+01:00,7b316592-8036-41e2-b8dc-b06b6a9afd54,41.038285173896426,21.327864456616478,pm25,13
2026-01-19T14:54:47+01:00,7b316592-8036-41e2-b8dc-b06b6a9afd54,41.038285173896426,21.327864456616478,pressure,951
2026-01-19T14:54:47+01:00,7b316592-8036-41e2-b8dc-b06b6a9afd54,41.038285173896426,21.327864456616478,temperature,6
2026-01-19T15:10:18+01:00,7b316592-8036-41e2-b8dc-b06b6a9afd54,41.038285173896426,21.327864456616478,gasResistance,241399
2026-01-19T15:10:18+01:00,7b316592-8036-41e2-b8dc-b06b6a9afd54,41.038285173896426,21.327864456616478,humidity,54
2026-01-19T15:10:18+01:00,7b316592-8036-41e2-b8dc-b06b6a9afd54,41.038285173896426,21.327864456616478,noise,54
2026-01-19T15:10:18+01:00,7b316592-8036-41e2-b8dc-b06b6a9afd54,41.038285173896426,21.327864456616478,noise_dba,50
2026-01-19T15:10:18+01:00,7b316592-8036-41e2-b8dc-b06b6a9afd54,41.038285173896426,21.327864456616478,pm10,20
2026-01-19T15:10:18+01:00,7b316592-8036-41e2-b8dc-b06b6a9afd54,41.038285173896426,21.327864456616478,pm25,14
2026-01-19T15:10:18+01:00,7b316592-8036-41e2-b8dc-b06b6a9afd54,41.038285173896426,21.327864456616478,pressure,951
2026-01-19T15:10:18+01:00,7b316592-8036-41e2-b8dc-b06b6a9afd54,41.038285173896426,21.327864456616478,temperature,5
2026-01-19T15:25:50+01:00,7b316592-8036-41e2-b8dc-b06b6a9afd54,41.038285173896426,21.327864456616478,gasResistance,238965
2026-01-19T15:25:50+01:00,7b316592-8036-41e2-b8dc-b06b6a9afd54,41.038285173896426,21.327864456616478,humidity,55
2026-01-19T15:25:50+01:00,7b316592-8036-41e2-b8dc-b06b6a9afd54,41.038285173896426,21.327864456616478,noise,53
2026-01-19T15:25:50+01:00,7b316592-8036-41e2-b8dc-b06b6a9afd54,41.038285173896426,21.327864456616478,noise_dba,49
2026-01-19T15:25:50+01:00,7b316592-8036-41e2-b8dc-b06b6a9afd54,41.038285173896426,21.327864456616478,pm10,22
2026-01-19T15:25:50+01:00,7b316592-8036-41e2-b8dc-b06b6a9afd54,41.038285173896426,21.327864456616478,pm25,16
2026-01-19T15:25:50+01:00,7b316592-8036-41e2-b8dc-b06b6a9afd54,41.038285173896426,21.327864456616478,pressure,951
2026-01-19T15:25:50+01:00,7b316592-8036-41e2-b8dc-b06b6a9afd54,41.038285173896426,21.327864456616478,temperature,5
2026-01-19T15:41:21+01:00,7b316592-8036-41e2-b8dc-b06b6a9afd54,41.038285173896426,21.327864456616478,gasResistance,237596
2026-01-19T15:41:21+01:00,7b316592-8036-41e2-b8dc-b06b6a9afd54,41.038285173896426,21.327864456616478,humidity,54
2026-01-19T15:41:21+01:00,7b316592-8036-41e2-b8dc-b06b6a9afd54,41.038285173896426,21.327864456616478,noise,61
2026-01-19T15:41:21+01:00,7b316592-8036-41e2-b8dc-b06b6a9afd54,41.038285173896426,21.327864456616478,noise_dba,52
2026-01-19T15:41:21+01:00,7b316592-8036-41e2-b8dc-b06b6a9afd54,41.038285173896426,21.327864456616478,pm10,159
2026-01-19T15:41:21+01:00,7b316592-8036-41e2-b8dc-b06b6a9afd54,41.038285173896426,21.327864456616478,pm25,101
2026-01-19T15:41:21+01:00,7b316592-8036-41e2-b8dc-b06b6a9afd54,41.038285173896426,21.327864456616478,pressure,951
2026-01-19T15:41:21+01:00,7b316592-8036-41e2-b8dc-b06b6a9afd54,41.038285173896426,21.327864456616478,temperature,5
2026-01-19T15:56:53+01:00,7b316592-8036-41e2-b8dc-b06b6a9afd54,41.038285173896426,21.327864456616478,gasResistance,229066
2026-01-19T15:56:53+01:00,7b316592-8036-41e2-b8dc-b06b6a9afd54,41.038285173896426,21.327864456616478,humidity,54
2026-01-19T15:56:53+01:00,7b316592-8036-41e2-b8dc-b06b6a9afd54,41.038285173896426,21.327864456616478,noise,58
2026-01-19T15:56:53+01:00,7b316592-8036-41e2-b8dc-b06b6a9afd54,41.038285173896426,21.327864456616478,noise_dba,51
2026-01-19T15:56:53+01:00,7b316592-8036-41e2-b8dc-b06b6a9afd54,41.038285173896426,21.327864456616478,pm10,46
2026-01-19T15:56:53+01:00,7b316592-8036-41e2-b8dc-b06b6a9afd54,41.038285173896426,21.327864456616478,pm25,33
2026-01-19T15:56:53+01:00,7b316592-8036-41e2-b8dc-b06b6a9afd54,41.038285173896426,21.327864456616478,pressure,951
2026-01-19T15:56:53+01:00,7b316592-8036-41e2-b8dc-b06b6a9afd54,41.038285173896426,21.327864456616478,temperature,6
2026-01-19T16:12:24+01:00,7b316592-8036-41e2-b8dc-b06b6a9afd54,41.038285173896426,21.327864456616478,gasResistance,221719
2026-01-19T16:12:24+01:00,7b316592-8036-41e2-b8dc-b06b6a9afd54,41.038285173896426,21.327864456616478,humidity,55
2026-01-19T16:12:24+01:00,7b316592-8036-41e2-b8dc-b06b6a9afd54,41.038285173896426,21.327864456616478,noise,67
2026-01-19T16:12:24+01:00,7b316592-8036-41e2-b8dc-b06b6a9afd54,41.038285173896426,21.327864456616478,noise_dba,53
2026-01-19T16:12:24+01:00,7b316592-8036-41e2-b8dc-b06b6a9afd54,41.038285173896426,21.327864456616478,pm10,70
2026-01-19T16:12:24+01:00,7b316592-8036-41e2-b8dc-b06b6a9afd54,41.038285173896426,21.327864456616478,pm25,44
2026-01-19T16:12:24+01:00,7b316592-8036-41e2-b8dc-b06b6a9afd54,41.038285173896426,21.327864456616478,pressure,951
2026-01-19T16:12:24+01:00,7b316592-8036-41e2-b8dc-b06b6a9afd54,41.038285173896426,21.327864456616478,temperature,6
2026-01-19T16:27:59+01:00,7b316592-8036-41e2-b8dc-b06b6a9afd54,41.038285173896426,21.327864456616478,gasResistance,211811
2026-01-19T16:27:59+01:00,7b316592-8036-41e2-b8dc-b06b6a9afd54,41.038285173896426,21.327864456616478,humidity,56
2026-01-19T16:27:59+01:00,7b316592-8036-41e2-b8dc-b06b6a9afd54,41.038285173896426,21.327864456616478,noise,55
2026-01-19T16:27:59+01:00,7b316592-8036-41e2-b8dc-b06b6a9afd54,41.038285173896426,21.327864456616478,noise_dba,50
2026-01-19T16:27:59+01:00,7b316592-8036-41e2-b8dc-b06b6a9afd54,41.038285173896426,21.327864456616478,pm10,506
2026-01-19T16:27:59+01:00,7b316592-8036-41e2-b8dc-b06b6a9afd54,41.038285173896426,21.327864456616478,pm25,279
2026-01-19T16:27:59+01:00,7b316592-8036-41e2-b8dc-b06b6a9afd54,41.038285173896426,21.327864456616478,pressure,951
2026-01-19T16:27:59+01:00,7b316592-8036-41e2-b8dc-b06b6a9afd54,41.038285173896426,21.327864456616478,temperature,6
2026-01-19T16:43:30+01:00,7b316592-8036-41e2-b8dc-b06b6a9afd54,41.038285173896426,21.327864456616478,gasResistance,195120
2026-01-19T16:43:30+01:00,7b316592-8036-41e2-b8dc-b06b6a9afd54,41.038285173896426,21.327864456616478,humidity,57
2026-01-19T16:43:30+01:00,7b316592-8036-41e2-b8dc-b06b6a9afd54,41.038285173896426,21.327864456616478,noise,57
2026-01-19T16:43:30+01:00,7b316592-8036-41e2-b8dc-b06b6a9afd54,41.038285173896426,21.327864456616478,noise_dba,50
2026-01-19T16:43:30+01:00,7b316592-8036-41e2-b8dc-b06b6a9afd54,41.038285173896426,21.327864456616478,pm10,228
2026-01-19T16:43:30+01:00,7b316592-8036-41e2-b8dc-b06b6a9afd54,41.038285173896426,21.327864456616478,pm25,134
2026-01-19T16:43:30+01:00,7b316592-8036-41e2-b8dc-b06b6a9afd54,41.038285173896426,21.327864456616478,pressure,951
2026-01-19T16:43:30+01:00,7b316592-8036-41e2-b8dc-b06b6a9afd54,41.038285173896426,21.327864456616478,temperature,5
2026-01-19T16:59:02+01:00,7b316592-8036-41e2-b8dc-b06b6a9afd54,41.038285173896426,21.327864456616478,gasResistance,191296
2026-01-19T16:59:02+01:00,7b316592-8036-41e2-b8dc-b06b6a9afd54,41.038285173896426,21.327864456616478,humidity,56
2026-01-19T16:59:02+01:00,7b316592-8036-41e2-b8dc-b06b6a9afd54,41.038285173896426,21.327864456616478,noise,60
2026-01-19T16:59:02+01:00,7b316592-8036-41e2-b8dc-b06b6a9afd54,41.038285173896426,21.327864456616478,noise_dba,51
2026-01-19T16:59:02+01:00,7b316592-8036-41e2-b8dc-b06b6a9afd54,41.038285173896426,21.327864456616478,pm10,103
2026-01-19T16:59:02+01:00,7b316592-8036-41e2-b8dc-b06b6a9afd54,41.038285173896426,21.327864456616478,pm25,66
2026-01-19T16:59:02+01:00,7b316592-8036-41e2-b8dc-b06b6a9afd54,41.038285173896426,21.327864456616478,pressure,951
2026-01-19T16:59:02+01:00,7b316592-8036-41e2-b8dc-b06b6a9afd54,41.038285173896426,21.327864456616478,temperature,5
2026-01-19T17:14:33+01:00,7b316592-8036-41e2-b8dc-b06b6a9afd54,41.038285173896426,21.327864456616478,gasResistance,190199
2026-01-19T17:14:33+01:00,7b316592-8036-41e2-b8dc-b06b6a9afd54,41.038285173896426,21.327864456616478,humidity,56
2026-01-19T17:14:33+01:00,7b316592-8036-41e2-b8dc-b06b6a9afd54,41.038285173896426,21.327864456616478,noise,59
2026-01-19T17:14:33+01:00,7b316592-8036-41e2-b8dc-b06b6a9afd54,41.038285173896426,21.327864456616478,noise_dba,51
2026-01-19T17:14:33+01:00,7b316592-8036-41e2-b8dc-b06b6a9afd54,41.038285173896426,21.327864456616478,pm10,113
2026-01-19T17:14:33+01:00,7b316592-8036-41e2-b8dc-b06b6a9afd54,41.038285173896426,21.327864456616478,pm25,75
2026-01-19T17:14:33+01:00,7b316592-8036-41e2-b8dc-b06b6a9afd54,41.038285173896426,21.327864456616478,pressure,951
2026-01-19T17:14:33+01:00,7b316592-8036-41e2-b8dc-b06b6a9afd54,41.038285173896426,21.327864456616478,temperature,5
2026-01-19T17:30:05+01:00,7b316592-8036-41e2-b8dc-b06b6a9afd54,41.038285173896426,21.327864456616478,gasResistance,190199
2026-01-19T17:30:05+01:00,7b316592-8036-41e2-b8dc-b06b6a9afd54,41.038285173896426,21.327864456616478,humidity,56
2026-01-19T17:30:05+01:00,7b316592-8036-41e2-b8dc-b06b6a9afd54,41.038285173896426,21.327864456616478,noise,54
2026-01-19T17:30:05+01:00,7b316592-8036-41e2-b8dc-b06b6a9afd54,41.038285173896426,21.327864456616478,noise_dba,50
2026-01-19T17:30:05+01:00,7b316592-8036-41e2-b8dc-b06b6a9afd54,41.038285173896426,21.327864456616478,pm10,62
2026-01-19T17:30:05+01:00,7b316592-8036-41e2-b8dc-b06b6a9afd54,41.038285173896426,21.327864456616478,pm25,40
2026-01-19T17:30:05+01:00,7b316592-8036-41e2-b8dc-b06b6a9afd54,41.038285173896426,21.327864456616478,pressure,951
2026-01-19T17:30:05+01:00,7b316592-8036-41e2-b8dc-b06b6a9afd54,41.038285173896426,21.327864456616478,temperature,5
2026-01-19T17:45:36+01:00,7b316592-8036-41e2-b8dc-b06b6a9afd54,41.038285173896426,21.327864456616478,gasResistance,194663
2026-01-19T17:45:36+01:00,7b316592-8036-41e2-b8dc-b06b6a9afd54,41.038285173896426,21.327864456616478,humidity,59
2026-01-19T17:45:36+01:00,7b316592-8036-41e2-b8dc-b06b6a9afd54,41.038285173896426,21.327864456616478,noise,53
2026-01-19T17:45:36+01:00,7b316592-8036-41e2-b8dc-b06b6a9afd54,41.038285173896426,21.327864456616478,noise_dba,49
2026-01-19T17:45:36+01:00,7b316592-8036-41e2-b8dc-b06b6a9afd54,41.038285173896426,21.327864456616478,pm10,109
2026-01-19T17:45:36+01:00,7b316592-8036-41e2-b8dc-b06b6a9afd54,41.038285173896426,21.327864456616478,pm25,67
2026-01-19T17:45:36+01:00,7b316592-8036-41e2-b8dc-b06b6a9afd54,41.038285173896426,21.327864456616478,pressure,951
2026-01-19T17:45:36+01:00,7b316592-8036-41e2-b8dc-b06b6a9afd54,41.038285173896426,21.327864456616478,temperature,5
2026-01-19T18:01:08+01:00,7b316592-8036-41e2-b8dc-b06b6a9afd54,41.038285173896426,21.327864456616478,gasResistance,195581
2026-01-19T18:01:08+01:00,7b316592-8036-41e2-b8dc-b06b6a9afd54,41.038285173896426,21.327864456616478,humidity,62
2026-01-19T18:01:08+01:00,7b316592-8036-41e2-b8dc-b06b6a9afd54,41.038285173896426,21.327864456616478,noise,64
2026-01-19T18:01:08+01:00,7b316592-8036-41e2-b8dc-b06b6a9afd54,41.038285173896426,21.327864456616478,noise_dba,52
2026-01-19T18:01:08+01:00,7b316592-8036-41e2-b8dc-b06b6a9afd54,41.038285173896426,21.327864456616478,pm10,82
2026-01-19T18:01:08+01:00,7b316592-8036-41e2-b8dc-b06b6a9afd54,41.038285173896426,21.327864456616478,pm25,54
2026-01-19T18:01:08+01:00,7b316592-8036-41e2-b8dc-b06b6a9afd54,41.038285173896426,21.327864456616478,pressure,952
2026-01-19T18:01:08+01:00,7b316592-8036-41e2-b8dc-b06b6a9afd54,41.038285173896426,21.327864456616478,temperature,4
2026-01-19T18:16:39+01:00,7b316592-8036-41e2-b8dc-b06b6a9afd54,41.038285173896426,21.327864456616478,gasResistance,205133
2026-01-19T18:16:39+01:00,7b316592-8036-41e2-b8dc-b06b6a9afd54,41.038285173896426,21.327864456616478,humidity,63
2026-01-19T18:16:39+01:00,7b316592-8036-41e2-b8dc-b06b6a9afd54,41.038285173896426,21.327864456616478,noise,54
2026-01-19T18:16:39+01:00,7b316592-8036-41e2-b8dc-b06b6a9afd54,41.038285173896426,21.327864456616478,noise_dba,50
2026-01-19T18:16:39+01:00,7b316592-8036-41e2-b8dc-b06b6a9afd54,41.038285173896426,21.327864456616478,pm10,20
2026-01-19T18:16:39+01:00,7b316592-8036-41e2-b8dc-b06b6a9afd54,41.038285173896426,21.327864456616478,pm25,17
2026-01-19T18:16:39+01:00,7b316592-8036-41e2-b8dc-b06b6a9afd54,41.038285173896426,21.327864456616478,pressure,952
2026-01-19T18:16:39+01:00,7b316592-8036-41e2-b8dc-b06b6a9afd54,41.038285173896426,21.327864456616478,temperature,4
2026-01-19T18:32:11+01:00,7b316592-8036-41e2-b8dc-b06b6a9afd54,41.038285173896426,21.327864456616478,gasResistance,211137
2026-01-19T18:32:11+01:00,7b316592-8036-41e2-b8dc-b06b6a9afd54,41.038285173896426,21.327864456616478,humidity,60
2026-01-19T18:32:11+01:00,7b316592-8036-41e2-b8dc-b06b6a9afd54,41.038285173896426,21.327864456616478,noise,60
2026-01-19T18:32:11+01:00,7b316592-8036-41e2-b8dc-b06b6a9afd54,41.038285173896426,21.327864456616478,noise_dba,51
2026-01-19T18:32:11+01:00,7b316592-8036-41e2-b8dc-b06b6a9afd54,41.038285173896426,21.327864456616478,pm10,34
2026-01-19T18:32:11+01:00,7b316592-8036-41e2-b8dc-b06b6a9afd54,41.038285173896426,21.327864456616478,pm25,25
2026-01-19T18:32:11+01:00,7b316592-8036-41e2-b8dc-b06b6a9afd54,41.038285173896426,21.327864456616478,pressure,952
2026-01-19T18:32:11+01:00,7b316592-8036-41e2-b8dc-b06b6a9afd54,41.038285173896426,21.327864456616478,temperature,4
2026-01-19T18:47:42+01:00,7b316592-8036-41e2-b8dc-b06b6a9afd54,41.038285173896426,21.327864456616478,gasResistance,209009
2026-01-19T18:47:42+01:00,7b316592-8036-41e2-b8dc-b06b6a9afd54,41.038285173896426,21.327864456616478,humidity,60
2026-01-19T18:47:42+01:00,7b316592-8036-41e2-b8dc-b06b6a9afd54,41.038285173896426,21.327864456616478,noise,70
2026-01-19T18:47:42+01:00,7b316592-8036-41e2-b8dc-b06b6a9afd54,41.038285173896426,21.327864456616478,noise_dba,54
2026-01-19T18:47:42+01:00,7b316592-8036-41e2-b8dc-b06b6a9afd54,41.038285173896426,21.327864456616478,pm10,51
2026-01-19T18:47:42+01:00,7b316592-8036-41e2-b8dc-b06b6a9afd54,41.038285173896426,21.327864456616478,pm25,36
2026-01-19T18:47:42+01:00,7b316592-8036-41e2-b8dc-b06b6a9afd54,41.038285173896426,21.327864456616478,pressure,952
2026-01-19T18:47:42+01:00,7b316592-8036-41e2-b8dc-b06b6a9afd54,41.038285173896426,21.327864456616478,temperature,4
2026-01-19T19:03:16+01:00,7b316592-8036-41e2-b8dc-b06b6a9afd54,41.038285173896426,21.327864456616478,gasResistance,212762
2026-01-19T19:03:16+01:00,7b316592-8036-41e2-b8dc-b06b6a9afd54,41.038285173896426,21.327864456616478,humidity,60
2026-01-19T19:03:16+01:00,7b316592-8036-41e2-b8dc-b06b6a9afd54,41.038285173896426,21.327864456616478,noise,58
2026-01-19T19:03:16+01:00,7b316592-8036-41e2-b8dc-b06b6a9afd54,41.038285173896426,21.327864456616478,noise_dba,51
2026-01-19T19:03:16+01:00,7b316592-8036-41e2-b8dc-b06b6a9afd54,41.038285173896426,21.327864456616478,pm10,176
2026-01-19T19:03:16+01:00,7b316592-8036-41e2-b8dc-b06b6a9afd54,41.038285173896426,21.327864456616478,pm25,102
2026-01-19T19:03:16+01:00,7b316592-8036-41e2-b8dc-b06b6a9afd54,41.038285173896426,21.327864456616478,pressure,952
2026-01-19T19:03:16+01:00,7b316592-8036-41e2-b8dc-b06b6a9afd54,41.038285173896426,21.327864456616478,temperature,4
2026-01-19T19:18:48+01:00,7b316592-8036-41e2-b8dc-b06b6a9afd54,41.038285173896426,21.327864456616478,gasResistance,210201
2026-01-19T19:18:48+01:00,7b316592-8036-41e2-b8dc-b06b6a9afd54,41.038285173896426,21.327864456616478,humidity,56
2026-01-19T19:18:48+01:00,7b316592-8036-41e2-b8dc-b06b6a9afd54,41.038285173896426,21.327864456616478,noise,64
2026-01-19T19:18:48+01:00,7b316592-8036-41e2-b8dc-b06b6a9afd54,41.038285173896426,21.327864456616478,noise_dba,52
2026-01-19T19:18:48+01:00,7b316592-8036-41e2-b8dc-b06b6a9afd54,41.038285173896426,21.327864456616478,pm10,135
2026-01-19T19:18:48+01:00,7b316592-8036-41e2-b8dc-b06b6a9afd54,41.038285173896426,21.327864456616478,pm25,79
2026-01-19T19:18:48+01:00,7b316592-8036-41e2-b8dc-b06b6a9afd54,41.038285173896426,21.327864456616478,pressure,952
2026-01-19T19:18:48+01:00,7b316592-8036-41e2-b8dc-b06b6a9afd54,41.038285173896426,21.327864456616478,temperature,4
2026-01-19T19:34:21+01:00,7b316592-8036-41e2-b8dc-b06b6a9afd54,41.038285173896426,21.327864456616478,gasResistance,201520
2026-01-19T19:34:21+01:00,7b316592-8036-41e2-b8dc-b06b6a9afd54,41.038285173896426,21.327864456616478,humidity,55
2026-01-19T19:34:21+01:00,7b316592-8036-41e2-b8dc-b06b6a9afd54,41.038285173896426,21.327864456616478,noise,59
2026-01-19T19:34:21+01:00,7b316592-8036-41e2-b8dc-b06b6a9afd54,41.038285173896426,21.327864456616478,noise_dba,51
2026-01-19T19:34:21+01:00,7b316592-8036-41e2-b8dc-b06b6a9afd54,41.038285173896426,21.327864456616478,pm10,250
2026-01-19T19:34:21+01:00,7b316592-8036-41e2-b8dc-b06b6a9afd54,41.038285173896426,21.327864456616478,pm25,130
2026-01-19T19:34:21+01:00,7b316592-8036-41e2-b8dc-b06b6a9afd54,41.038285173896426,21.327864456616478,pressure,952
2026-01-19T19:34:21+01:00,7b316592-8036-41e2-b8dc-b06b6a9afd54,41.038285173896426,21.327864456616478,temperature,5
2026-01-19T19:49:54+01:00,7b316592-8036-41e2-b8dc-b06b6a9afd54,41.038285173896426,21.327864456616478,gasResistance,187618
2026-01-19T19:49:54+01:00,7b316592-8036-41e2-b8dc-b06b6a9afd54,41.038285173896426,21.327864456616478,humidity,56
2026-01-19T19:49:54+01:00,7b316592-8036-41e2-b8dc-b06b6a9afd54,41.038285173896426,21.327864456616478,noise,45
2026-01-19T19:49:54+01:00,7b316592-8036-41e2-b8dc-b06b6a9afd54,41.038285173896426,21.327864456616478,noise_dba,47
2026-01-19T19:49:54+01:00,7b316592-8036-41e2-b8dc-b06b6a9afd54,41.038285173896426,21.327864456616478,pm10,269
2026-01-19T19:49:54+01:00,7b316592-8036-41e2-b8dc-b06b6a9afd54,41.038285173896426,21.327864456616478,pm25,139
2026-01-19T19:49:54+01:00,7b316592-8036-41e2-b8dc-b06b6a9afd54,41.038285173896426,21.327864456616478,pressure,952
2026-01-19T19:49:54+01:00,7b316592-8036-41e2-b8dc-b06b6a9afd54,41.038285173896426,21.327864456616478,temperature,5
2026-01-19T20:05:26+01:00,7b316592-8036-41e2-b8dc-b06b6a9afd54,41.038285173896426,21.327864456616478,gasResistance,182828
2026-01-19T20:05:26+01:00,7b316592-8036-41e2-b8dc-b06b6a9afd54,41.038285173896426,21.327864456616478,humidity,55
2026-01-19T20:05:26+01:00,7b316592-8036-41e2-b8dc-b06b6a9afd54,41.038285173896426,21.327864456616478,noise,50
2026-01-19T20:05:26+01:00,7b316592-8036-41e2-b8dc-b06b6a9afd54,41.038285173896426,21.327864456616478,noise_dba,48
2026-01-19T20:05:26+01:00,7b316592-8036-41e2-b8dc-b06b6a9afd54,41.038285173896426,21.327864456616478,pm10,383
2026-01-19T20:05:26+01:00,7b316592-8036-41e2-b8dc-b06b6a9afd54,41.038285173896426,21.327864456616478,pm25,200
2026-01-19T20:05:26+01:00,7b316592-8036-41e2-b8dc-b06b6a9afd54,41.038285173896426,21.327864456616478,pressure,952
2026-01-19T20:05:26+01:00,7b316592-8036-41e2-b8dc-b06b6a9afd54,41.038285173896426,21.327864456616478,temperature,5
2026-01-19T20:20:58+01:00,7b316592-8036-41e2-b8dc-b06b6a9afd54,41.038285173896426,21.327864456616478,gasResistance,175234
2026-01-19T20:20:58+01:00,7b316592-8036-41e2-b8dc-b06b6a9afd54,41.038285173896426,21.327864456616478,humidity,56
2026-01-19T20:20:58+01:00,7b316592-8036-41e2-b8dc-b06b6a9afd54,41.038285173896426,21.327864456616478,noise,99
2026-01-19T20:20:58+01:00,7b316592-8036-41e2-b8dc-b06b6a9afd54,41.038285173896426,21.327864456616478,noise_dba,59
2026-01-19T20:20:58+01:00,7b316592-8036-41e2-b8dc-b06b6a9afd54,41.038285173896426,21.327864456616478,pm10,363
2026-01-19T20:20:58+01:00,7b316592-8036-41e2-b8dc-b06b6a9afd54,41.038285173896426,21.327864456616478,pm25,233
2026-01-19T20:20:58+01:00,7b316592-8036-41e2-b8dc-b06b6a9afd54,41.038285173896426,21.327864456616478,pressure,952
2026-01-19T20:20:58+01:00,7b316592-8036-41e2-b8dc-b06b6a9afd54,41.038285173896426,21.327864456616478,temperature,5
2026-01-19T20:36:31+01:00,7b316592-8036-41e2-b8dc-b06b6a9afd54,41.038285173896426,21.327864456616478,gasResistance,167910
2026-01-19T20:36:31+01:00,7b316592-8036-41e2-b8dc-b06b6a9afd54,41.038285173896426,21.327864456616478,humidity,55
2026-01-19T20:36:31+01:00,7b316592-8036-41e2-b8dc-b06b6a9afd54,41.038285173896426,21.327864456616478,noise,58
2026-01-19T20:36:31+01:00,7b316592-8036-41e2-b8dc-b06b6a9afd54,41.038285173896426,21.327864456616478,noise_dba,51
2026-01-19T20:36:31+01:00,7b316592-8036-41e2-b8dc-b06b6a9afd54,41.038285173896426,21.327864456616478,pm10,554
2026-01-19T20:36:31+01:00,7b316592-8036-41e2-b8dc-b06b6a9afd54,41.038285173896426,21.327864456616478,pm25,304
2026-01-19T20:36:31+01:00,7b316592-8036-41e2-b8dc-b06b6a9afd54,41.038285173896426,21.327864456616478,pressure,952
2026-01-19T20:36:31+01:00,7b316592-8036-41e2-b8dc-b06b6a9afd54,41.038285173896426,21.327864456616478,temperature,5
2026-01-19T20:52:03+01:00,7b316592-8036-41e2-b8dc-b06b6a9afd54,41.038285173896426,21.327864456616478,gasResistance,160256
2026-01-19T20:52:03+01:00,7b316592-8036-41e2-b8dc-b06b6a9afd54,41.038285173896426,21.327864456616478,humidity,56
2026-01-19T20:52:03+01:00,7b316592-8036-41e2-b8dc-b06b6a9afd54,41.038285173896426,21.327864456616478,noise,56
2026-01-19T20:52:03+01:00,7b316592-8036-41e2-b8dc-b06b6a9afd54,41.038285173896426,21.327864456616478,noise_dba,50
2026-01-19T20:52:03+01:00,7b316592-8036-41e2-b8dc-b06b6a9afd54,41.038285173896426,21.327864456616478,pm10,375
2026-01-19T20:52:03+01:00,7b316592-8036-41e2-b8dc-b06b6a9afd54,41.038285173896426,21.327864456616478,pm25,203
2026-01-19T20:52:03+01:00,7b316592-8036-41e2-b8dc-b06b6a9afd54,41.038285173896426,21.327864456616478,pressure,952
2026-01-19T20:52:03+01:00,7b316592-8036-41e2-b8dc-b06b6a9afd54,41.038285173896426,21.327864456616478,temperature,5
2026-01-19T21:07:36+01:00,7b316592-8036-41e2-b8dc-b06b6a9afd54,41.038285173896426,21.327864456616478,gasResistance,158749
2026-01-19T21:07:36+01:00,7b316592-8036-41e2-b8dc-b06b6a9afd54,41.038285173896426,21.327864456616478,humidity,55
2026-01-19T21:07:36+01:00,7b316592-8036-41e2-b8dc-b06b6a9afd54,41.038285173896426,21.327864456616478,noise,51
2026-01-19T21:07:36+01:00,7b316592-8036-41e2-b8dc-b06b6a9afd54,41.038285173896426,21.327864456616478,noise_dba,49
2026-01-19T21:07:36+01:00,7b316592-8036-41e2-b8dc-b06b6a9afd54,41.038285173896426,21.327864456616478,pm10,161
2026-01-19T21:07:36+01:00,7b316592-8036-41e2-b8dc-b06b6a9afd54,41.038285173896426,21.327864456616478,pm25,84
2026-01-19T21:07:36+01:00,7b316592-8036-41e2-b8dc-b06b6a9afd54,41.038285173896426,21.327864456616478,pressure,952
2026-01-19T21:07:36+01:00,7b316592-8036-41e2-b8dc-b06b6a9afd54,41.038285173896426,21.327864456616478,temperature,5
2026-01-19T21:23:10+01:00,7b316592-8036-41e2-b8dc-b06b6a9afd54,41.038285173896426,21.327864456616478,gasResistance,160561
2026-01-19T21:23:10+01:00,7b316592-8036-41e2-b8dc-b06b6a9afd54,41.038285173896426,21.327864456616478,humidity,56
2026-01-19T21:23:10+01:00,7b316592-8036-41e2-b8dc-b06b6a9afd54,41.038285173896426,21.327864456616478,noise,40
2026-01-19T21:23:10+01:00,7b316592-8036-41e2-b8dc-b06b6a9afd54,41.038285173896426,21.327864456616478,noise_dba,45
2026-01-19T21:23:10+01:00,7b316592-8036-41e2-b8dc-b06b6a9afd54,41.038285173896426,21.327864456616478,pm10,222
2026-01-19T21:23:10+01:00,7b316592-8036-41e2-b8dc-b06b6a9afd54,41.038285173896426,21.327864456616478,pm25,109
2026-01-19T21:23:10+01:00,7b316592-8036-41e2-b8dc-b06b6a9afd54,41.038285173896426,21.327864456616478,pressure,953
2026-01-19T21:23:10+01:00,7b316592-8036-41e2-b8dc-b06b6a9afd54,41.038285173896426,21.327864456616478,temperature,5
2026-01-19T21:38:43+01:00,7b316592-8036-41e2-b8dc-b06b6a9afd54,41.038285173896426,21.327864456616478,gasResistance,160409
2026-01-19T21:38:43+01:00,7b316592-8036-41e2-b8dc-b06b6a9afd54,41.038285173896426,21.327864456616478,humidity,55
2026-01-19T21:38:43+01:00,7b316592-8036-41e2-b8dc-b06b6a9afd54,41.038285173896426,21.327864456616478,noise,43
2026-01-19T21:38:43+01:00,7b316592-8036-41e2-b8dc-b06b6a9afd54,41.038285173896426,21.327864456616478,noise_dba,46
2026-01-19T21:38:43+01:00,7b316592-8036-41e2-b8dc-b06b6a9afd54,41.038285173896426,21.327864456616478,pm10,177
2026-01-19T21:38:43+01:00,7b316592-8036-41e2-b8dc-b06b6a9afd54,41.038285173896426,21.327864456616478,pm25,102
2026-01-19T21:38:43+01:00,7b316592-8036-41e2-b8dc-b06b6a9afd54,41.038285173896426,21.327864456616478,pressure,953
2026-01-19T21:38:43+01:00,7b316592-8036-41e2-b8dc-b06b6a9afd54,41.038285173896426,21.327864456616478,temperature,5
2026-01-19T21:54:15+01:00,7b316592-8036-41e2-b8dc-b06b6a9afd54,41.038285173896426,21.327864456616478,gasResistance,162104
2026-01-19T21:54:15+01:00,7b316592-8036-41e2-b8dc-b06b6a9afd54,41.038285173896426,21.327864456616478,humidity,56
2026-01-19T21:54:15+01:00,7b316592-8036-41e2-b8dc-b06b6a9afd54,41.038285173896426,21.327864456616478,noise,40
2026-01-19T21:54:15+01:00,7b316592-8036-41e2-b8dc-b06b6a9afd54,41.038285173896426,21.327864456616478,noise_dba,45
2026-01-19T21:54:15+01:00,7b316592-8036-41e2-b8dc-b06b6a9afd54,41.038285173896426,21.327864456616478,pm10,204
2026-01-19T21:54:15+01:00,7b316592-8036-41e2-b8dc-b06b6a9afd54,41.038285173896426,21.327864456616478,pm25,123
2026-01-19T21:54:15+01:00,7b316592-8036-41e2-b8dc-b06b6a9afd54,41.038285173896426,21.327864456616478,pressure,953
2026-01-19T21:54:15+01:00,7b316592-8036-41e2-b8dc-b06b6a9afd54,41.038285173896426,21.327864456616478,temperature,5
2026-01-19T22:09:48+01:00,7b316592-8036-41e2-b8dc-b06b6a9afd54,41.038285173896426,21.327864456616478,gasResistance,163835
2026-01-19T22:09:48+01:00,7b316592-8036-41e2-b8dc-b06b6a9afd54,41.038285173896426,21.327864456616478,humidity,56
2026-01-19T22:09:48+01:00,7b316592-8036-41e2-b8dc-b06b6a9afd54,41.038285173896426,21.327864456616478,noise,38
2026-01-19T22:09:48+01:00,7b316592-8036-41e2-b8dc-b06b6a9afd54,41.038285173896426,21.327864456616478,noise_dba,44
2026-01-19T22:09:48+01:00,7b316592-8036-41e2-b8dc-b06b6a9afd54,41.038285173896426,21.327864456616478,pm10,199
2026-01-19T22:09:48+01:00,7b316592-8036-41e2-b8dc-b06b6a9afd54,41.038285173896426,21.327864456616478,pm25,104
2026-01-19T22:09:48+01:00,7b316592-8036-41e2-b8dc-b06b6a9afd54,41.038285173896426,21.327864456616478,pressure,953
2026-01-19T22:09:48+01:00,7b316592-8036-41e2-b8dc-b06b6a9afd54,41.038285173896426,21.327864456616478,temperature,5
2026-01-19T22:25:21+01:00,7b316592-8036-41e2-b8dc-b06b6a9afd54,41.038285173896426,21.327864456616478,gasResistance,166749
2026-01-19T22:25:21+01:00,7b316592-8036-41e2-b8dc-b06b6a9afd54,41.038285173896426,21.327864456616478,humidity,57
2026-01-19T22:25:21+01:00,7b316592-8036-41e2-b8dc-b06b6a9afd54,41.038285173896426,21.327864456616478,noise,43
2026-01-19T22:25:21+01:00,7b316592-8036-41e2-b8dc-b06b6a9afd54,41.038285173896426,21.327864456616478,noise_dba,46
2026-01-19T22:25:21+01:00,7b316592-8036-41e2-b8dc-b06b6a9afd54,41.038285173896426,21.327864456616478,pm10,117
2026-01-19T22:25:21+01:00,7b316592-8036-41e2-b8dc-b06b6a9afd54,41.038285173896426,21.327864456616478,pm25,66
2026-01-19T22:25:21+01:00,7b316592-8036-41e2-b8dc-b06b6a9afd54,41.038285173896426,21.327864456616478,pressure,953
2026-01-19T22:25:21+01:00,7b316592-8036-41e2-b8dc-b06b6a9afd54,41.038285173896426,21.327864456616478,temperature,4
2026-01-19T22:40:53+01:00,7b316592-8036-41e2-b8dc-b06b6a9afd54,41.038285173896426,21.327864456616478,gasResistance,178761
2026-01-19T22:40:53+01:00,7b316592-8036-41e2-b8dc-b06b6a9afd54,41.038285173896426,21.327864456616478,humidity,57
2026-01-19T22:40:53+01:00,7b316592-8036-41e2-b8dc-b06b6a9afd54,41.038285173896426,21.327864456616478,noise,43
2026-01-19T22:40:53+01:00,7b316592-8036-41e2-b8dc-b06b6a9afd54,41.038285173896426,21.327864456616478,noise_dba,46
2026-01-19T22:40:53+01:00,7b316592-8036-41e2-b8dc-b06b6a9afd54,41.038285173896426,21.327864456616478,pm10,82
2026-01-19T22:40:53+01:00,7b316592-8036-41e2-b8dc-b06b6a9afd54,41.038285173896426,21.327864456616478,pm25,48
2026-01-19T22:40:53+01:00,7b316592-8036-41e2-b8dc-b06b6a9afd54,41.038285173896426,21.327864456616478,pressure,953
2026-01-19T22:40:53+01:00,7b316592-8036-41e2-b8dc-b06b6a9afd54,41.038285173896426,21.327864456616478,temperature,4
2026-01-19T22:56:25+01:00,7b316592-8036-41e2-b8dc-b06b6a9afd54,41.038285173896426,21.327864456616478,gasResistance,186670
2026-01-19T22:56:25+01:00,7b316592-8036-41e2-b8dc-b06b6a9afd54,41.038285173896426,21.327864456616478,humidity,57
2026-01-19T22:56:25+01:00,7b316592-8036-41e2-b8dc-b06b6a9afd54,41.038285173896426,21.327864456616478,noise,41
2026-01-19T22:56:25+01:00,7b316592-8036-41e2-b8dc-b06b6a9afd54,41.038285173896426,21.327864456616478,noise_dba,45
2026-01-19T22:56:25+01:00,7b316592-8036-41e2-b8dc-b06b6a9afd54,41.038285173896426,21.327864456616478,pm10,31
2026-01-19T22:56:25+01:00,7b316592-8036-41e2-b8dc-b06b6a9afd54,41.038285173896426,21.327864456616478,pm25,19
2026-01-19T22:56:25+01:00,7b316592-8036-41e2-b8dc-b06b6a9afd54,41.038285173896426,21.327864456616478,pressure,953
2026-01-19T22:56:25+01:00,7b316592-8036-41e2-b8dc-b06b6a9afd54,41.038285173896426,21.327864456616478,temperature,4
2026-01-19T23:11:58+01:00,7b316592-8036-41e2-b8dc-b06b6a9afd54,41.038285173896426,21.327864456616478,gasResistance,195465
2026-01-19T23:11:58+01:00,7b316592-8036-41e2-b8dc-b06b6a9afd54,41.038285173896426,21.327864456616478,humidity,57
2026-01-19T23:11:58+01:00,7b316592-8036-41e2-b8dc-b06b6a9afd54,41.038285173896426,21.327864456616478,noise,37
2026-01-19T23:11:58+01:00,7b316592-8036-41e2-b8dc-b06b6a9afd54,41.038285173896426,21.327864456616478,noise_dba,43
2026-01-19T23:11:58+01:00,7b316592-8036-41e2-b8dc-b06b6a9afd54,41.038285173896426,21.327864456616478,pm10,37
2026-01-19T23:11:58+01:00,7b316592-8036-41e2-b8dc-b06b6a9afd54,41.038285173896426,21.327864456616478,pm25,24
2026-01-19T23:11:58+01:00,7b316592-8036-41e2-b8dc-b06b6a9afd54,41.038285173896426,21.327864456616478,pressure,953
2026-01-19T23:11:58+01:00,7b316592-8036-41e2-b8dc-b06b6a9afd54,41.038285173896426,21.327864456616478,temperature,4
2026-01-19T23:27:31+01:00,7b316592-8036-41e2-b8dc-b06b6a9afd54,41.038285173896426,21.327864456616478,gasResistance,204880
2026-01-19T23:27:31+01:00,7b316592-8036-41e2-b8dc-b06b6a9afd54,41.038285173896426,21.327864456616478,humidity,58
2026-01-19T23:27:31+01:00,7b316592-8036-41e2-b8dc-b06b6a9afd54,41.038285173896426,21.327864456616478,noise,40
2026-01-19T23:27:31+01:00,7b316592-8036-41e2-b8dc-b06b6a9afd54,41.038285173896426,21.327864456616478,noise_dba,45
2026-01-19T23:27:31+01:00,7b316592-8036-41e2-b8dc-b06b6a9afd54,41.038285173896426,21.327864456616478,pm10,25
2026-01-19T23:27:31+01:00,7b316592-8036-41e2-b8dc-b06b6a9afd54,41.038285173896426,21.327864456616478,pm25,17
2026-01-19T23:27:31+01:00,7b316592-8036-41e2-b8dc-b06b6a9afd54,41.038285173896426,21.327864456616478,pressure,953
2026-01-19T23:27:31+01:00,7b316592-8036-41e2-b8dc-b06b6a9afd54,41.038285173896426,21.327864456616478,temperature,3
2026-01-19T23:43:03+01:00,7b316592-8036-41e2-b8dc-b06b6a9afd54,41.038285173896426,21.327864456616478,gasResistance,217647
2026-01-19T23:43:03+01:00,7b316592-8036-41e2-b8dc-b06b6a9afd54,41.038285173896426,21.327864456616478,humidity,59
2026-01-19T23:43:03+01:00,7b316592-8036-41e2-b8dc-b06b6a9afd54,41.038285173896426,21.327864456616478,noise,42
2026-01-19T23:43:03+01:00,7b316592-8036-41e2-b8dc-b06b6a9afd54,41.038285173896426,21.327864456616478,noise_dba,45
2026-01-19T23:43:03+01:00,7b316592-8036-41e2-b8dc-b06b6a9afd54,41.038285173896426,21.327864456616478,pm10,76
2026-01-19T23:43:03+01:00,7b316592-8036-41e2-b8dc-b06b6a9afd54,41.038285173896426,21.327864456616478,pm25,38
2026-01-19T23:43:03+01:00,7b316592-8036-41e2-b8dc-b06b6a9afd54,41.038285173896426,21.327864456616478,pressure,953
2026-01-19T23:43:03+01:00,7b316592-8036-41e2-b8dc-b06b6a9afd54,41.038285173896426,21.327864456616478,temperature,3
2026-01-19T23:58:36+01:00,7b316592-8036-41e2-b8dc-b06b6a9afd54,41.038285173896426,21.327864456616478,gasResistance,225639
2026-01-19T23:58:36+01:00,7b316592-8036-41e2-b8dc-b06b6a9afd54,41.038285173896426,21.327864456616478,humidity,58
2026-01-19T23:58:36+01:00,7b316592-8036-41e2-b8dc-b06b6a9afd54,41.038285173896426,21.327864456616478,noise,38
2026-01-19T23:58:36+01:00,7b316592-8036-41e2-b8dc-b06b6a9afd54,41.038285173896426,21.327864456616478,noise_dba,44
2026-01-19T23:58:36+01:00,7b316592-8036-41e2-b8dc-b06b6a9afd54,41.038285173896426,21.327864456616478,pm10,35
2026-01-19T23:58:36+01:00,7b316592-8036-41e2-b8dc-b06b6a9afd54,41.038285173896426,21.327864456616478,pm25,21
2026-01-19T23:58:36+01:00,7b316592-8036-41e2-b8dc-b06b6a9afd54,41.038285173896426,21.327864456616478,pressure,953
2026-01-19T23:58:36+01:00,7b316592-8036-41e2-b8dc-b06b6a9afd54,41.038285173896426,21.327864456616478,temperature,3
2026-01-20T00:14:08+01:00,7b316592-8036-41e2-b8dc-b06b6a9afd54,41.038285173896426,21.327864456616478,gasResistance,229701
2026-01-20T00:14:08+01:00,7b316592-8036-41e2-b8dc-b06b6a9afd54,41.038285173896426,21.327864456616478,humidity,57
2026-01-20T00:14:08+01:00,7b316592-8036-41e2-b8dc-b06b6a9afd54,41.038285173896426,21.327864456616478,noise,42
2026-01-20T00:14:08+01:00,7b316592-8036-41e2-b8dc-b06b6a9afd54,41.038285173896426,21.327864456616478,noise_dba,45
2026-01-20T00:14:08+01:00,7b316592-8036-41e2-b8dc-b06b6a9afd54,41.038285173896426,21.327864456616478,pm10,22
2026-01-20T00:14:08+01:00,7b316592-8036-41e2-b8dc-b06b6a9afd54,41.038285173896426,21.327864456616478,pm25,14
2026-01-20T00:14:08+01:00,7b316592-8036-41e2-b8dc-b06b6a9afd54,41.038285173896426,21.327864456616478,pressure,953
2026-01-20T00:14:08+01:00,7b316592-8036-41e2-b8dc-b06b6a9afd54,41.038285173896426,21.327864456616478,temperature,3
2026-01-20T00:29:40+01:00,7b316592-8036-41e2-b8dc-b06b6a9afd54,41.038285173896426,21.327864456616478,gasResistance,237766
2026-01-20T00:29:40+01:00,7b316592-8036-41e2-b8dc-b06b6a9afd54,41.038285173896426,21.327864456616478,humidity,55
2026-01-20T00:29:40+01:00,7b316592-8036-41e2-b8dc-b06b6a9afd54,41.038285173896426,21.327864456616478,noise,39
2026-01-20T00:29:40+01:00,7b316592-8036-41e2-b8dc-b06b6a9afd54,41.038285173896426,21.327864456616478,noise_dba,44
2026-01-20T00:29:40+01:00,7b316592-8036-41e2-b8dc-b06b6a9afd54,41.038285173896426,21.327864456616478,pm10,23
2026-01-20T00:29:40+01:00,7b316592-8036-41e2-b8dc-b06b6a9afd54,41.038285173896426,21.327864456616478,pm25,15
2026-01-20T00:29:40+01:00,7b316592-8036-41e2-b8dc-b06b6a9afd54,41.038285173896426,21.327864456616478,pressure,953
2026-01-20T00:29:40+01:00,7b316592-8036-41e2-b8dc-b06b6a9afd54,41.038285173896426,21.327864456616478,temperature,3
2026-01-20T00:45:13+01:00,7b316592-8036-41e2-b8dc-b06b6a9afd54,41.038285173896426,21.327864456616478,gasResistance,241927
2026-01-20T00:45:13+01:00,7b316592-8036-41e2-b8dc-b06b6a9afd54,41.038285173896426,21.327864456616478,humidity,57
2026-01-20T00:45:13+01:00,7b316592-8036-41e2-b8dc-b06b6a9afd54,41.038285173896426,21.327864456616478,noise,42
2026-01-20T00:45:13+01:00,7b316592-8036-41e2-b8dc-b06b6a9afd54,41.038285173896426,21.327864456616478,noise_dba,45
2026-01-20T00:45:13+01:00,7b316592-8036-41e2-b8dc-b06b6a9afd54,41.038285173896426,21.327864456616478,pm10,24
2026-01-20T00:45:13+01:00,7b316592-8036-41e2-b8dc-b06b6a9afd54,41.038285173896426,21.327864456616478,pm25,16
2026-01-20T00:45:13+01:00,7b316592-8036-41e2-b8dc-b06b6a9afd54,41.038285173896426,21.327864456616478,pressure,953
2026-01-20T00:45:13+01:00,7b316592-8036-41e2-b8dc-b06b6a9afd54,41.038285173896426,21.327864456616478,temperature,3
2026-01-20T01:00:45+01:00,7b316592-8036-41e2-b8dc-b06b6a9afd54,41.038285173896426,21.327864456616478,gasResistance,253188
2026-01-20T01:00:45+01:00,7b316592-8036-41e2-b8dc-b06b6a9afd54,41.038285173896426,21.327864456616478,humidity,58
2026-01-20T01:00:45+01:00,7b316592-8036-41e2-b8dc-b06b6a9afd54,41.038285173896426,21.327864456616478,noise,37
2026-01-20T01:00:45+01:00,7b316592-8036-41e2-b8dc-b06b6a9afd54,41.038285173896426,21.327864456616478,noise_dba,43
2026-01-20T01:00:45+01:00,7b316592-8036-41e2-b8dc-b06b6a9afd54,41.038285173896426,21.327864456616478,pm10,15
2026-01-20T01:00:45+01:00,7b316592-8036-41e2-b8dc-b06b6a9afd54,41.038285173896426,21.327864456616478,pm25,12
2026-01-20T01:00:45+01:00,7b316592-8036-41e2-b8dc-b06b6a9afd54,41.038285173896426,21.327864456616478,pressure,953
2026-01-20T01:00:45+01:00,7b316592-8036-41e2-b8dc-b06b6a9afd54,41.038285173896426,21.327864456616478,temperature,3
2026-01-20T01:16:18+01:00,7b316592-8036-41e2-b8dc-b06b6a9afd54,41.038285173896426,21.327864456616478,gasResistance,254547
2026-01-20T01:16:18+01:00,7b316592-8036-41e2-b8dc-b06b6a9afd54,41.038285173896426,21.327864456616478,humidity,56
2026-01-20T01:16:18+01:00,7b316592-8036-41e2-b8dc-b06b6a9afd54,41.038285173896426,21.327864456616478,noise,42
2026-01-20T01:16:18+01:00,7b316592-8036-41e2-b8dc-b06b6a9afd54,41.038285173896426,21.327864456616478,noise_dba,45
2026-01-20T01:16:18+01:00,7b316592-8036-41e2-b8dc-b06b6a9afd54,41.038285173896426,21.327864456616478,pm10,22
2026-01-20T01:16:18+01:00,7b316592-8036-41e2-b8dc-b06b6a9afd54,41.038285173896426,21.327864456616478,pm25,16
2026-01-20T01:16:18+01:00,7b316592-8036-41e2-b8dc-b06b6a9afd54,41.038285173896426,21.327864456616478,pressure,953
2026-01-20T01:16:18+01:00,7b316592-8036-41e2-b8dc-b06b6a9afd54,41.038285173896426,21.327864456616478,temperature,3
2026-01-20T01:31:50+01:00,7b316592-8036-41e2-b8dc-b06b6a9afd54,41.038285173896426,21.327864456616478,gasResistance,256912
2026-01-20T01:31:50+01:00,7b316592-8036-41e2-b8dc-b06b6a9afd54,41.038285173896426,21.327864456616478,humidity,57
2026-01-20T01:31:50+01:00,7b316592-8036-41e2-b8dc-b06b6a9afd54,41.038285173896426,21.327864456616478,noise,41
2026-01-20T01:31:50+01:00,7b316592-8036-41e2-b8dc-b06b6a9afd54,41.038285173896426,21.327864456616478,noise_dba,45
2026-01-20T01:31:50+01:00,7b316592-8036-41e2-b8dc-b06b6a9afd54,41.038285173896426,21.327864456616478,pm10,43
2026-01-20T01:31:50+01:00,7b316592-8036-41e2-b8dc-b06b6a9afd54,41.038285173896426,21.327864456616478,pm25,30
2026-01-20T01:31:50+01:00,7b316592-8036-41e2-b8dc-b06b6a9afd54,41.038285173896426,21.327864456616478,pressure,953
2026-01-20T01:31:50+01:00,7b316592-8036-41e2-b8dc-b06b6a9afd54,41.038285173896426,21.327864456616478,temperature,3
2026-01-20T01:47:23+01:00,7b316592-8036-41e2-b8dc-b06b6a9afd54,41.038285173896426,21.327864456616478,gasResistance,252802
2026-01-20T01:47:23+01:00,7b316592-8036-41e2-b8dc-b06b6a9afd54,41.038285173896426,21.327864456616478,humidity,60
2026-01-20T01:47:23+01:00,7b316592-8036-41e2-b8dc-b06b6a9afd54,41.038285173896426,21.327864456616478,noise,35
2026-01-20T01:47:23+01:00,7b316592-8036-41e2-b8dc-b06b6a9afd54,41.038285173896426,21.327864456616478,noise_dba,43
2026-01-20T01:47:23+01:00,7b316592-8036-41e2-b8dc-b06b6a9afd54,41.038285173896426,21.327864456616478,pm10,21
2026-01-20T01:47:23+01:00,7b316592-8036-41e2-b8dc-b06b6a9afd54,41.038285173896426,21.327864456616478,pm25,16
2026-01-20T01:47:23+01:00,7b316592-8036-41e2-b8dc-b06b6a9afd54,41.038285173896426,21.327864456616478,pressure,953
2026-01-20T01:47:23+01:00,7b316592-8036-41e2-b8dc-b06b6a9afd54,41.038285173896426,21.327864456616478,temperature,3
2026-01-20T02:02:55+01:00,7b316592-8036-41e2-b8dc-b06b6a9afd54,41.038285173896426,21.327864456616478,gasResistance,250890
2026-01-20T02:02:55+01:00,7b316592-8036-41e2-b8dc-b06b6a9afd54,41.038285173896426,21.327864456616478,humidity,62
2026-01-20T02:02:55+01:00,7b316592-8036-41e2-b8dc-b06b6a9afd54,41.038285173896426,21.327864456616478,noise,42
2026-01-20T02:02:55+01:00,7b316592-8036-41e2-b8dc-b06b6a9afd54,41.038285173896426,21.327864456616478,noise_dba,45
2026-01-20T02:02:55+01:00,7b316592-8036-41e2-b8dc-b06b6a9afd54,41.038285173896426,21.327864456616478,pm10,17
2026-01-20T02:02:55+01:00,7b316592-8036-41e2-b8dc-b06b6a9afd54,41.038285173896426,21.327864456616478,pm25,13
2026-01-20T02:02:55+01:00,7b316592-8036-41e2-b8dc-b06b6a9afd54,41.038285173896426,21.327864456616478,pressure,953
2026-01-20T02:02:55+01:00,7b316592-8036-41e2-b8dc-b06b6a9afd54,41.038285173896426,21.327864456616478,temperature,3
2026-01-20T02:18:28+01:00,7b316592-8036-41e2-b8dc-b06b6a9afd54,41.038285173896426,21.327864456616478,gasResistance,249945
2026-01-20T02:18:28+01:00,7b316592-8036-41e2-b8dc-b06b6a9afd54,41.038285173896426,21.327864456616478,humidity,63
2026-01-20T02:18:28+01:00,7b316592-8036-41e2-b8dc-b06b6a9afd54,41.038285173896426,21.327864456616478,noise,34
2026-01-20T02:18:28+01:00,7b316592-8036-41e2-b8dc-b06b6a9afd54,41.038285173896426,21.327864456616478,noise_dba,42
2026-01-20T02:18:28+01:00,7b316592-8036-41e2-b8dc-b06b6a9afd54,41.038285173896426,21.327864456616478,pm10,22
2026-01-20T02:18:28+01:00,7b316592-8036-41e2-b8dc-b06b6a9afd54,41.038285173896426,21.327864456616478,pm25,15
2026-01-20T02:18:28+01:00,7b316592-8036-41e2-b8dc-b06b6a9afd54,41.038285173896426,21.327864456616478,pressure,953
2026-01-20T02:18:28+01:00,7b316592-8036-41e2-b8dc-b06b6a9afd54,41.038285173896426,21.327864456616478,temperature,2
2026-01-20T02:34:00+01:00,7b316592-8036-41e2-b8dc-b06b6a9afd54,41.038285173896426,21.327864456616478,gasResistance,249007
2026-01-20T02:34:00+01:00,7b316592-8036-41e2-b8dc-b06b6a9afd54,41.038285173896426,21.327864456616478,humidity,59
2026-01-20T02:34:00+01:00,7b316592-8036-41e2-b8dc-b06b6a9afd54,41.038285173896426,21.327864456616478,noise,38
2026-01-20T02:34:00+01:00,7b316592-8036-41e2-b8dc-b06b6a9afd54,41.038285173896426,21.327864456616478,noise_dba,44
2026-01-20T02:34:00+01:00,7b316592-8036-41e2-b8dc-b06b6a9afd54,41.038285173896426,21.327864456616478,pm10,17
2026-01-20T02:34:00+01:00,7b316592-8036-41e2-b8dc-b06b6a9afd54,41.038285173896426,21.327864456616478,pm25,13
2026-01-20T02:34:00+01:00,7b316592-8036-41e2-b8dc-b06b6a9afd54,41.038285173896426,21.327864456616478,pressure,953
2026-01-20T02:34:00+01:00,7b316592-8036-41e2-b8dc-b06b6a9afd54,41.038285173896426,21.327864456616478,temperature,3
2026-01-20T02:49:33+01:00,7b316592-8036-41e2-b8dc-b06b6a9afd54,41.038285173896426,21.327864456616478,gasResistance,249194
2026-01-20T02:49:33+01:00,7b316592-8036-41e2-b8dc-b06b6a9afd54,41.038285173896426,21.327864456616478,humidity,62
2026-01-20T02:49:33+01:00,7b316592-8036-41e2-b8dc-b06b6a9afd54,41.038285173896426,21.327864456616478,noise,40
2026-01-20T02:49:33+01:00,7b316592-8036-41e2-b8dc-b06b6a9afd54,41.038285173896426,21.327864456616478,noise_dba,45
2026-01-20T02:49:33+01:00,7b316592-8036-41e2-b8dc-b06b6a9afd54,41.038285173896426,21.327864456616478,pm10,16
2026-01-20T02:49:33+01:00,7b316592-8036-41e2-b8dc-b06b6a9afd54,41.038285173896426,21.327864456616478,pm25,12
2026-01-20T02:49:33+01:00,7b316592-8036-41e2-b8dc-b06b6a9afd54,41.038285173896426,21.327864456616478,pressure,953
2026-01-20T02:49:33+01:00,7b316592-8036-41e2-b8dc-b06b6a9afd54,41.038285173896426,21.327864456616478,temperature,3
2026-01-20T03:05:05+01:00,7b316592-8036-41e2-b8dc-b06b6a9afd54,41.038285173896426,21.327864456616478,gasResistance,248262
2026-01-20T03:05:05+01:00,7b316592-8036-41e2-b8dc-b06b6a9afd54,41.038285173896426,21.327864456616478,humidity,58
2026-01-20T03:05:05+01:00,7b316592-8036-41e2-b8dc-b06b6a9afd54,41.038285173896426,21.327864456616478,noise,37
2026-01-20T03:05:05+01:00,7b316592-8036-41e2-b8dc-b06b6a9afd54,41.038285173896426,21.327864456616478,noise_dba,43
2026-01-20T03:05:05+01:00,7b316592-8036-41e2-b8dc-b06b6a9afd54,41.038285173896426,21.327864456616478,pm10,27
2026-01-20T03:05:05+01:00,7b316592-8036-41e2-b8dc-b06b6a9afd54,41.038285173896426,21.327864456616478,pm25,19
2026-01-20T03:05:05+01:00,7b316592-8036-41e2-b8dc-b06b6a9afd54,41.038285173896426,21.327864456616478,pressure,953
2026-01-20T03:05:05+01:00,7b316592-8036-41e2-b8dc-b06b6a9afd54,41.038285173896426,21.327864456616478,temperature,3
2026-01-20T03:20:36+01:00,7b316592-8036-41e2-b8dc-b06b6a9afd54,41.038285173896426,21.327864456616478,gasResistance,250511
2026-01-20T03:20:36+01:00,7b316592-8036-41e2-b8dc-b06b6a9afd54,41.038285173896426,21.327864456616478,humidity,60
2026-01-20T03:20:36+01:00,7b316592-8036-41e2-b8dc-b06b6a9afd54,41.038285173896426,21.327864456616478,noise,46
2026-01-20T03:20:36+01:00,7b316592-8036-41e2-b8dc-b06b6a9afd54,41.038285173896426,21.327864456616478,noise_dba,47
2026-01-20T03:20:36+01:00,7b316592-8036-41e2-b8dc-b06b6a9afd54,41.038285173896426,21.327864456616478,pm10,29
2026-01-20T03:20:36+01:00,7b316592-8036-41e2-b8dc-b06b6a9afd54,41.038285173896426,21.327864456616478,pm25,19
2026-01-20T03:20:36+01:00,7b316592-8036-41e2-b8dc-b06b6a9afd54,41.038285173896426,21.327864456616478,pressure,953
2026-01-20T03:20:36+01:00,7b316592-8036-41e2-b8dc-b06b6a9afd54,41.038285173896426,21.327864456616478,temperature,3
2026-01-20T03:36:08+01:00,7b316592-8036-41e2-b8dc-b06b6a9afd54,41.038285173896426,21.327864456616478,gasResistance,248821
2026-01-20T03:36:08+01:00,7b316592-8036-41e2-b8dc-b06b6a9afd54,41.038285173896426,21.327864456616478,humidity,62
2026-01-20T03:36:08+01:00,7b316592-8036-41e2-b8dc-b06b6a9afd54,41.038285173896426,21.327864456616478,noise,60
2026-01-20T03:36:08+01:00,7b316592-8036-41e2-b8dc-b06b6a9afd54,41.038285173896426,21.327864456616478,noise_dba,51
2026-01-20T03:36:08+01:00,7b316592-8036-41e2-b8dc-b06b6a9afd54,41.038285173896426,21.327864456616478,pm10,25
2026-01-20T03:36:08+01:00,7b316592-8036-41e2-b8dc-b06b6a9afd54,41.038285173896426,21.327864456616478,pm25,17
2026-01-20T03:36:08+01:00,7b316592-8036-41e2-b8dc-b06b6a9afd54,41.038285173896426,21.327864456616478,pressure,953
2026-01-20T03:36:08+01:00,7b316592-8036-41e2-b8dc-b06b6a9afd54,41.038285173896426,21.327864456616478,temperature,2
2026-01-20T03:51:39+01:00,7b316592-8036-41e2-b8dc-b06b6a9afd54,41.038285173896426,21.327864456616478,gasResistance,252802
2026-01-20T03:51:39+01:00,7b316592-8036-41e2-b8dc-b06b6a9afd54,41.038285173896426,21.327864456616478,humidity,63
2026-01-20T03:51:39+01:00,7b316592-8036-41e2-b8dc-b06b6a9afd54,41.038285173896426,21.327864456616478,noise,62
2026-01-20T03:51:39+01:00,7b316592-8036-41e2-b8dc-b06b6a9afd54,41.038285173896426,21.327864456616478,noise_dba,52
2026-01-20T03:51:39+01:00,7b316592-8036-41e2-b8dc-b06b6a9afd54,41.038285173896426,21.327864456616478,pm10,32
2026-01-20T03:51:39+01:00,7b316592-8036-41e2-b8dc-b06b6a9afd54,41.038285173896426,21.327864456616478,pm25,20
2026-01-20T03:51:39+01:00,7b316592-8036-41e2-b8dc-b06b6a9afd54,41.038285173896426,21.327864456616478,pressure,953
2026-01-20T03:51:39+01:00,7b316592-8036-41e2-b8dc-b06b6a9afd54,41.038285173896426,21.327864456616478,temperature,2
2026-01-20T04:07:10+01:00,7b316592-8036-41e2-b8dc-b06b6a9afd54,41.038285173896426,21.327864456616478,gasResistance,254547
2026-01-20T04:07:10+01:00,7b316592-8036-41e2-b8dc-b06b6a9afd54,41.038285173896426,21.327864456616478,humidity,63
2026-01-20T04:07:10+01:00,7b316592-8036-41e2-b8dc-b06b6a9afd54,41.038285173896426,21.327864456616478,noise,63
2026-01-20T04:07:10+01:00,7b316592-8036-41e2-b8dc-b06b6a9afd54,41.038285173896426,21.327864456616478,noise_dba,52
2026-01-20T04:07:10+01:00,7b316592-8036-41e2-b8dc-b06b6a9afd54,41.038285173896426,21.327864456616478,pm10,37
2026-01-20T04:07:10+01:00,7b316592-8036-41e2-b8dc-b06b6a9afd54,41.038285173896426,21.327864456616478,pm25,24
2026-01-20T04:07:10+01:00,7b316592-8036-41e2-b8dc-b06b6a9afd54,41.038285173896426,21.327864456616478,pressure,953
2026-01-20T04:07:10+01:00,7b316592-8036-41e2-b8dc-b06b6a9afd54,41.038285173896426,21.327864456616478,temperature,2
2026-01-20T04:22:42+01:00,7b316592-8036-41e2-b8dc-b06b6a9afd54,41.038285173896426,21.327864456616478,gasResistance,257511
2026-01-20T04:22:42+01:00,7b316592-8036-41e2-b8dc-b06b6a9afd54,41.038285173896426,21.327864456616478,humidity,63
2026-01-20T04:22:42+01:00,7b316592-8036-41e2-b8dc-b06b6a9afd54,41.038285173896426,21.327864456616478,noise,51
2026-01-20T04:22:42+01:00,7b316592-8036-41e2-b8dc-b06b6a9afd54,41.038285173896426,21.327864456616478,noise_dba,49
2026-01-20T04:22:42+01:00,7b316592-8036-41e2-b8dc-b06b6a9afd54,41.038285173896426,21.327864456616478,pm10,27
2026-01-20T04:22:42+01:00,7b316592-8036-41e2-b8dc-b06b6a9afd54,41.038285173896426,21.327864456616478,pm25,18
2026-01-20T04:22:42+01:00,7b316592-8036-41e2-b8dc-b06b6a9afd54,41.038285173896426,21.327864456616478,pressure,953
2026-01-20T04:22:42+01:00,7b316592-8036-41e2-b8dc-b06b6a9afd54,41.038285173896426,21.327864456616478,temperature,2
2026-01-20T04:38:13+01:00,7b316592-8036-41e2-b8dc-b06b6a9afd54,41.038285173896426,21.327864456616478,gasResistance,258312
2026-01-20T04:38:13+01:00,7b316592-8036-41e2-b8dc-b06b6a9afd54,41.038285173896426,21.327864456616478,humidity,64
2026-01-20T04:38:13+01:00,7b316592-8036-41e2-b8dc-b06b6a9afd54,41.038285173896426,21.327864456616478,noise,63
2026-01-20T04:38:13+01:00,7b316592-8036-41e2-b8dc-b06b6a9afd54,41.038285173896426,21.327864456616478,noise_dba,52
2026-01-20T04:38:13+01:00,7b316592-8036-41e2-b8dc-b06b6a9afd54,41.038285173896426,21.327864456616478,pm10,21
2026-01-20T04:38:13+01:00,7b316592-8036-41e2-b8dc-b06b6a9afd54,41.038285173896426,21.327864456616478,pm25,14
2026-01-20T04:38:13+01:00,7b316592-8036-41e2-b8dc-b06b6a9afd54,41.038285173896426,21.327864456616478,pressure,953
2026-01-20T04:38:13+01:00,7b316592-8036-41e2-b8dc-b06b6a9afd54,41.038285173896426,21.327864456616478,temperature,2
2026-01-20T04:53:45+01:00,7b316592-8036-41e2-b8dc-b06b6a9afd54,41.038285173896426,21.327864456616478,gasResistance,262191
2026-01-20T04:53:45+01:00,7b316592-8036-41e2-b8dc-b06b6a9afd54,41.038285173896426,21.327864456616478,humidity,68
2026-01-20T04:53:45+01:00,7b316592-8036-41e2-b8dc-b06b6a9afd54,41.038285173896426,21.327864456616478,noise,58
2026-01-20T04:53:45+01:00,7b316592-8036-41e2-b8dc-b06b6a9afd54,41.038285173896426,21.327864456616478,noise_dba,51
2026-01-20T04:53:45+01:00,7b316592-8036-41e2-b8dc-b06b6a9afd54,41.038285173896426,21.327864456616478,pm10,16
2026-01-20T04:53:45+01:00,7b316592-8036-41e2-b8dc-b06b6a9afd54,41.038285173896426,21.327864456616478,pm25,12
2026-01-20T04:53:45+01:00,7b316592-8036-41e2-b8dc-b06b6a9afd54,41.038285173896426,21.327864456616478,pressure,953
2026-01-20T04:53:45+01:00,7b316592-8036-41e2-b8dc-b06b6a9afd54,41.038285173896426,21.327864456616478,temperature,1
2026-01-20T05:09:16+01:00,7b316592-8036-41e2-b8dc-b06b6a9afd54,41.038285173896426,21.327864456616478,gasResistance,265336
2026-01-20T05:09:16+01:00,7b316592-8036-41e2-b8dc-b06b6a9afd54,41.038285173896426,21.327864456616478,humidity,65
2026-01-20T05:09:16+01:00,7b316592-8036-41e2-b8dc-b06b6a9afd54,41.038285173896426,21.327864456616478,noise,54
2026-01-20T05:09:16+01:00,7b316592-8036-41e2-b8dc-b06b6a9afd54,41.038285173896426,21.327864456616478,noise_dba,50
2026-01-20T05:09:16+01:00,7b316592-8036-41e2-b8dc-b06b6a9afd54,41.038285173896426,21.327864456616478,pm10,37
2026-01-20T05:09:16+01:00,7b316592-8036-41e2-b8dc-b06b6a9afd54,41.038285173896426,21.327864456616478,pm25,25
2026-01-20T05:09:16+01:00,7b316592-8036-41e2-b8dc-b06b6a9afd54,41.038285173896426,21.327864456616478,pressure,953
2026-01-20T05:09:16+01:00,7b316592-8036-41e2-b8dc-b06b6a9afd54,41.038285173896426,21.327864456616478,temperature,1
2026-01-20T05:24:48+01:00,7b316592-8036-41e2-b8dc-b06b6a9afd54,41.038285173896426,21.327864456616478,gasResistance,266615
2026-01-20T05:24:48+01:00,7b316592-8036-41e2-b8dc-b06b6a9afd54,41.038285173896426,21.327864456616478,humidity,64
2026-01-20T05:24:48+01:00,7b316592-8036-41e2-b8dc-b06b6a9afd54,41.038285173896426,21.327864456616478,noise,57
2026-01-20T05:24:48+01:00,7b316592-8036-41e2-b8dc-b06b6a9afd54,41.038285173896426,21.327864456616478,noise_dba,50
2026-01-20T05:24:48+01:00,7b316592-8036-41e2-b8dc-b06b6a9afd54,41.038285173896426,21.327864456616478,pm10,24
2026-01-20T05:24:48+01:00,7b316592-8036-41e2-b8dc-b06b6a9afd54,41.038285173896426,21.327864456616478,pm25,16
2026-01-20T05:24:48+01:00,7b316592-8036-41e2-b8dc-b06b6a9afd54,41.038285173896426,21.327864456616478,pressure,953
2026-01-20T05:24:48+01:00,7b316592-8036-41e2-b8dc-b06b6a9afd54,41.038285173896426,21.327864456616478,temperature,1
2026-01-20T05:40:19+01:00,7b316592-8036-41e2-b8dc-b06b6a9afd54,41.038285173896426,21.327864456616478,gasResistance,269648
2026-01-20T05:40:19+01:00,7b316592-8036-41e2-b8dc-b06b6a9afd54,41.038285173896426,21.327864456616478,humidity,64
2026-01-20T05:40:19+01:00,7b316592-8036-41e2-b8dc-b06b6a9afd54,41.038285173896426,21.327864456616478,noise,50
2026-01-20T05:40:19+01:00,7b316592-8036-41e2-b8dc-b06b6a9afd54,41.038285173896426,21.327864456616478,noise_dba,48
2026-01-20T05:40:19+01:00,7b316592-8036-41e2-b8dc-b06b6a9afd54,41.038285173896426,21.327864456616478,pm10,32
2026-01-20T05:40:19+01:00,7b316592-8036-41e2-b8dc-b06b6a9afd54,41.038285173896426,21.327864456616478,pm25,21
2026-01-20T05:40:19+01:00,7b316592-8036-41e2-b8dc-b06b6a9afd54,41.038285173896426,21.327864456616478,pressure,953
2026-01-20T05:40:19+01:00,7b316592-8036-41e2-b8dc-b06b6a9afd54,41.038285173896426,21.327864456616478,temperature,1
2026-01-20T05:55:51+01:00,7b316592-8036-41e2-b8dc-b06b6a9afd54,41.038285173896426,21.327864456616478,gasResistance,270307
2026-01-20T05:55:51+01:00,7b316592-8036-41e2-b8dc-b06b6a9afd54,41.038285173896426,21.327864456616478,humidity,64
2026-01-20T05:55:51+01:00,7b316592-8036-41e2-b8dc-b06b6a9afd54,41.038285173896426,21.327864456616478,noise,60
2026-01-20T05:55:51+01:00,7b316592-8036-41e2-b8dc-b06b6a9afd54,41.038285173896426,21.327864456616478,noise_dba,51
2026-01-20T05:55:51+01:00,7b316592-8036-41e2-b8dc-b06b6a9afd54,41.038285173896426,21.327864456616478,pm10,27
2026-01-20T05:55:51+01:00,7b316592-8036-41e2-b8dc-b06b6a9afd54,41.038285173896426,21.327864456616478,pm25,17
2026-01-20T05:55:51+01:00,7b316592-8036-41e2-b8dc-b06b6a9afd54,41.038285173896426,21.327864456616478,pressure,953
2026-01-20T05:55:51+01:00,7b316592-8036-41e2-b8dc-b06b6a9afd54,41.038285173896426,21.327864456616478,temperature,1
2026-01-20T06:11:22+01:00,7b316592-8036-41e2-b8dc-b06b6a9afd54,41.038285173896426,21.327864456616478,gasResistance,268123
2026-01-20T06:11:22+01:00,7b316592-8036-41e2-b8dc-b06b6a9afd54,41.038285173896426,21.327864456616478,humidity,64
2026-01-20T06:11:22+01:00,7b316592-8036-41e2-b8dc-b06b6a9afd54,41.038285173896426,21.327864456616478,noise,57
2026-01-20T06:11:22+01:00,7b316592-8036-41e2-b8dc-b06b6a9afd54,41.038285173896426,21.327864456616478,noise_dba,50
2026-01-20T06:11:22+01:00,7b316592-8036-41e2-b8dc-b06b6a9afd54,41.038285173896426,21.327864456616478,pm10,32
2026-01-20T06:11:22+01:00,7b316592-8036-41e2-b8dc-b06b6a9afd54,41.038285173896426,21.327864456616478,pm25,21
2026-01-20T06:11:22+01:00,7b316592-8036-41e2-b8dc-b06b6a9afd54,41.038285173896426,21.327864456616478,pressure,953
2026-01-20T06:11:22+01:00,7b316592-8036-41e2-b8dc-b06b6a9afd54,41.038285173896426,21.327864456616478,temperature,1
2026-01-20T06:26:54+01:00,7b316592-8036-41e2-b8dc-b06b6a9afd54,41.038285173896426,21.327864456616478,gasResistance,264912
2026-01-20T06:26:54+01:00,7b316592-8036-41e2-b8dc-b06b6a9afd54,41.038285173896426,21.327864456616478,humidity,64
2026-01-20T06:26:54+01:00,7b316592-8036-41e2-b8dc-b06b6a9afd54,41.038285173896426,21.327864456616478,noise,67
2026-01-20T06:26:54+01:00,7b316592-8036-41e2-b8dc-b06b6a9afd54,41.038285173896426,21.327864456616478,noise_dba,53
2026-01-20T06:26:54+01:00,7b316592-8036-41e2-b8dc-b06b6a9afd54,41.038285173896426,21.327864456616478,pm10,32
2026-01-20T06:26:54+01:00,7b316592-8036-41e2-b8dc-b06b6a9afd54,41.038285173896426,21.327864456616478,pm25,20
2026-01-20T06:26:54+01:00,7b316592-8036-41e2-b8dc-b06b6a9afd54,41.038285173896426,21.327864456616478,pressure,953
2026-01-20T06:26:54+01:00,7b316592-8036-41e2-b8dc-b06b6a9afd54,41.038285173896426,21.327864456616478,temperature,1
2026-01-20T06:42:26+01:00,7b316592-8036-41e2-b8dc-b06b6a9afd54,41.038285173896426,21.327864456616478,gasResistance,265761
2026-01-20T06:42:26+01:00,7b316592-8036-41e2-b8dc-b06b6a9afd54,41.038285173896426,21.327864456616478,humidity,65
2026-01-20T06:42:26+01:00,7b316592-8036-41e2-b8dc-b06b6a9afd54,41.038285173896426,21.327864456616478,noise,52
2026-01-20T06:42:26+01:00,7b316592-8036-41e2-b8dc-b06b6a9afd54,41.038285173896426,21.327864456616478,noise_dba,49
2026-01-20T06:42:26+01:00,7b316592-8036-41e2-b8dc-b06b6a9afd54,41.038285173896426,21.327864456616478,pm10,73
2026-01-20T06:42:26+01:00,7b316592-8036-41e2-b8dc-b06b6a9afd54,41.038285173896426,21.327864456616478,pm25,30
2026-01-20T06:42:26+01:00,7b316592-8036-41e2-b8dc-b06b6a9afd54,41.038285173896426,21.327864456616478,pressure,953
2026-01-20T06:42:26+01:00,7b316592-8036-41e2-b8dc-b06b6a9afd54,41.038285173896426,21.327864456616478,temperature,1
2026-01-20T06:57:58+01:00,7b316592-8036-41e2-b8dc-b06b6a9afd54,41.038285173896426,21.327864456616478,gasResistance,265124
2026-01-20T06:57:58+01:00,7b316592-8036-41e2-b8dc-b06b6a9afd54,41.038285173896426,21.327864456616478,humidity,66
2026-01-20T06:57:58+01:00,7b316592-8036-41e2-b8dc-b06b6a9afd54,41.038285173896426,21.327864456616478,noise,63
2026-01-20T06:57:58+01:00,7b316592-8036-41e2-b8dc-b06b6a9afd54,41.038285173896426,21.327864456616478,noise_dba,52
2026-01-20T06:57:58+01:00,7b316592-8036-41e2-b8dc-b06b6a9afd54,41.038285173896426,21.327864456616478,pm10,89
2026-01-20T06:57:58+01:00,7b316592-8036-41e2-b8dc-b06b6a9afd54,41.038285173896426,21.327864456616478,pm25,48
2026-01-20T06:57:58+01:00,7b316592-8036-41e2-b8dc-b06b6a9afd54,41.038285173896426,21.327864456616478,pressure,953
2026-01-20T06:57:58+01:00,7b316592-8036-41e2-b8dc-b06b6a9afd54,41.038285173896426,21.327864456616478,temperature,1
2026-01-20T07:13:30+01:00,7b316592-8036-41e2-b8dc-b06b6a9afd54,41.038285173896426,21.327864456616478,gasResistance,265548
2026-01-20T07:13:30+01:00,7b316592-8036-41e2-b8dc-b06b6a9afd54,41.038285173896426,21.327864456616478,humidity,66
2026-01-20T07:13:30+01:00,7b316592-8036-41e2-b8dc-b06b6a9afd54,41.038285173896426,21.327864456616478,noise,62
2026-01-20T07:13:30+01:00,7b316592-8036-41e2-b8dc-b06b6a9afd54,41.038285173896426,21.327864456616478,noise_dba,52
2026-01-20T07:13:30+01:00,7b316592-8036-41e2-b8dc-b06b6a9afd54,41.038285173896426,21.327864456616478,pm10,55
2026-01-20T07:13:30+01:00,7b316592-8036-41e2-b8dc-b06b6a9afd54,41.038285173896426,21.327864456616478,pm25,35
2026-01-20T07:13:30+01:00,7b316592-8036-41e2-b8dc-b06b6a9afd54,41.038285173896426,21.327864456616478,pressure,953
2026-01-20T07:13:30+01:00,7b316592-8036-41e2-b8dc-b06b6a9afd54,41.038285173896426,21.327864456616478,temperature,1
2026-01-20T07:29:01+01:00,7b316592-8036-41e2-b8dc-b06b6a9afd54,41.038285173896426,21.327864456616478,gasResistance,264069
2026-01-20T07:29:01+01:00,7b316592-8036-41e2-b8dc-b06b6a9afd54,41.038285173896426,21.327864456616478,humidity,65
2026-01-20T07:29:01+01:00,7b316592-8036-41e2-b8dc-b06b6a9afd54,41.038285173896426,21.327864456616478,noise,76
2026-01-20T07:29:01+01:00,7b316592-8036-41e2-b8dc-b06b6a9afd54,41.038285173896426,21.327864456616478,noise_dba,55
2026-01-20T07:29:01+01:00,7b316592-8036-41e2-b8dc-b06b6a9afd54,41.038285173896426,21.327864456616478,pm10,91
2026-01-20T07:29:01+01:00,7b316592-8036-41e2-b8dc-b06b6a9afd54,41.038285173896426,21.327864456616478,pm25,52
2026-01-20T07:29:01+01:00,7b316592-8036-41e2-b8dc-b06b6a9afd54,41.038285173896426,21.327864456616478,pressure,953
2026-01-20T07:29:01+01:00,7b316592-8036-41e2-b8dc-b06b6a9afd54,41.038285173896426,21.327864456616478,temperature,1
2026-01-20T07:44:32+01:00,7b316592-8036-41e2-b8dc-b06b6a9afd54,41.038285173896426,21.327864456616478,gasResistance,259931
2026-01-20T07:44:32+01:00,7b316592-8036-41e2-b8dc-b06b6a9afd54,41.038285173896426,21.327864456616478,humidity,65
2026-01-20T07:44:32+01:00,7b316592-8036-41e2-b8dc-b06b6a9afd54,41.038285173896426,21.327864456616478,noise,60
2026-01-20T07:44:32+01:00,7b316592-8036-41e2-b8dc-b06b6a9afd54,41.038285173896426,21.327864456616478,noise_dba,51
2026-01-20T07:44:32+01:00,7b316592-8036-41e2-b8dc-b06b6a9afd54,41.038285173896426,21.327864456616478,pm10,67
2026-01-20T07:44:32+01:00,7b316592-8036-41e2-b8dc-b06b6a9afd54,41.038285173896426,21.327864456616478,pm25,42
2026-01-20T07:44:32+01:00,7b316592-8036-41e2-b8dc-b06b6a9afd54,41.038285173896426,21.327864456616478,pressure,953
2026-01-20T07:44:32+01:00,7b316592-8036-41e2-b8dc-b06b6a9afd54,41.038285173896426,21.327864456616478,temperature,1
2026-01-20T08:00:04+01:00,7b316592-8036-41e2-b8dc-b06b6a9afd54,41.038285173896426,21.327864456616478,gasResistance,265761
2026-01-20T08:00:04+01:00,7b316592-8036-41e2-b8dc-b06b6a9afd54,41.038285173896426,21.327864456616478,humidity,65
2026-01-20T08:00:04+01:00,7b316592-8036-41e2-b8dc-b06b6a9afd54,41.038285173896426,21.327864456616478,noise,56
2026-01-20T08:00:04+01:00,7b316592-8036-41e2-b8dc-b06b6a9afd54,41.038285173896426,21.327864456616478,noise_dba,50
2026-01-20T08:00:04+01:00,7b316592-8036-41e2-b8dc-b06b6a9afd54,41.038285173896426,21.327864456616478,pm10,47
2026-01-20T08:00:04+01:00,7b316592-8036-41e2-b8dc-b06b6a9afd54,41.038285173896426,21.327864456616478,pm25,33
2026-01-20T08:00:04+01:00,7b316592-8036-41e2-b8dc-b06b6a9afd54,41.038285173896426,21.327864456616478,pressure,953
2026-01-20T08:00:04+01:00,7b316592-8036-41e2-b8dc-b06b6a9afd54,41.038285173896426,21.327864456616478,temperature,1
2026-01-20T08:15:38+01:00,7b316592-8036-41e2-b8dc-b06b6a9afd54,41.038285173896426,21.327864456616478,gasResistance,260135
2026-01-20T08:15:38+01:00,7b316592-8036-41e2-b8dc-b06b6a9afd54,41.038285173896426,21.327864456616478,humidity,64
2026-01-20T08:15:38+01:00,7b316592-8036-41e2-b8dc-b06b6a9afd54,41.038285173896426,21.327864456616478,noise,51
2026-01-20T08:15:38+01:00,7b316592-8036-41e2-b8dc-b06b6a9afd54,41.038285173896426,21.327864456616478,noise_dba,49
2026-01-20T08:15:38+01:00,7b316592-8036-41e2-b8dc-b06b6a9afd54,41.038285173896426,21.327864456616478,pm10,62
2026-01-20T08:15:38+01:00,7b316592-8036-41e2-b8dc-b06b6a9afd54,41.038285173896426,21.327864456616478,pm25,41
2026-01-20T08:15:38+01:00,7b316592-8036-41e2-b8dc-b06b6a9afd54,41.038285173896426,21.327864456616478,pressure,953
2026-01-20T08:15:38+01:00,7b316592-8036-41e2-b8dc-b06b6a9afd54,41.038285173896426,21.327864456616478,temperature,2
2026-01-20T08:31:10+01:00,7b316592-8036-41e2-b8dc-b06b6a9afd54,41.038285173896426,21.327864456616478,gasResistance,259728
2026-01-20T08:31:10+01:00,7b316592-8036-41e2-b8dc-b06b6a9afd54,41.038285173896426,21.327864456616478,humidity,65
2026-01-20T08:31:10+01:00,7b316592-8036-41e2-b8dc-b06b6a9afd54,41.038285173896426,21.327864456616478,noise,62
2026-01-20T08:31:10+01:00,7b316592-8036-41e2-b8dc-b06b6a9afd54,41.038285173896426,21.327864456616478,noise_dba,52
2026-01-20T08:31:10+01:00,7b316592-8036-41e2-b8dc-b06b6a9afd54,41.038285173896426,21.327864456616478,pm10,33
2026-01-20T08:31:10+01:00,7b316592-8036-41e2-b8dc-b06b6a9afd54,41.038285173896426,21.327864456616478,pm25,21
2026-01-20T08:31:10+01:00,7b316592-8036-41e2-b8dc-b06b6a9afd54,41.038285173896426,21.327864456616478,pressure,953
2026-01-20T08:31:10+01:00,7b316592-8036-41e2-b8dc-b06b6a9afd54,41.038285173896426,21.327864456616478,temperature,1
2026-01-20T08:46:41+01:00,7b316592-8036-41e2-b8dc-b06b6a9afd54,41.038285173896426,21.327864456616478,gasResistance,266615
2026-01-20T08:46:41+01:00,7b316592-8036-41e2-b8dc-b06b6a9afd54,41.038285173896426,21.327864456616478,humidity,65
2026-01-20T08:46:41+01:00,7b316592-8036-41e2-b8dc-b06b6a9afd54,41.038285173896426,21.327864456616478,noise,62
2026-01-20T08:46:41+01:00,7b316592-8036-41e2-b8dc-b06b6a9afd54,41.038285173896426,21.327864456616478,noise_dba,52
2026-01-20T08:46:41+01:00,7b316592-8036-41e2-b8dc-b06b6a9afd54,41.038285173896426,21.327864456616478,pm10,27
2026-01-20T08:46:41+01:00,7b316592-8036-41e2-b8dc-b06b6a9afd54,41.038285173896426,21.327864456616478,pm25,18
2026-01-20T08:46:41+01:00,7b316592-8036-41e2-b8dc-b06b6a9afd54,41.038285173896426,21.327864456616478,pressure,953
2026-01-20T08:46:41+01:00,7b316592-8036-41e2-b8dc-b06b6a9afd54,41.038285173896426,21.327864456616478,temperature,1
2026-01-20T09:02:13+01:00,7b316592-8036-41e2-b8dc-b06b6a9afd54,41.038285173896426,21.327864456616478,gasResistance,265124
2026-01-20T09:02:13+01:00,7b316592-8036-41e2-b8dc-b06b6a9afd54,41.038285173896426,21.327864456616478,humidity,66
2026-01-20T09:02:13+01:00,7b316592-8036-41e2-b8dc-b06b6a9afd54,41.038285173896426,21.327864456616478,noise,60
2026-01-20T09:02:13+01:00,7b316592-8036-41e2-b8dc-b06b6a9afd54,41.038285173896426,21.327864456616478,noise_dba,51
2026-01-20T09:02:13+01:00,7b316592-8036-41e2-b8dc-b06b6a9afd54,41.038285173896426,21.327864456616478,pm10,32
2026-01-20T09:02:13+01:00,7b316592-8036-41e2-b8dc-b06b6a9afd54,41.038285173896426,21.327864456616478,pm25,23
2026-01-20T09:02:13+01:00,7b316592-8036-41e2-b8dc-b06b6a9afd54,41.038285173896426,21.327864456616478,pressure,953
2026-01-20T09:02:13+01:00,7b316592-8036-41e2-b8dc-b06b6a9afd54,41.038285173896426,21.327864456616478,temperature,1
2026-01-20T09:17:44+01:00,7b316592-8036-41e2-b8dc-b06b6a9afd54,41.038285173896426,21.327864456616478,gasResistance,272752
2026-01-20T09:17:44+01:00,7b316592-8036-41e2-b8dc-b06b6a9afd54,41.038285173896426,21.327864456616478,humidity,65
2026-01-20T09:17:44+01:00,7b316592-8036-41e2-b8dc-b06b6a9afd54,41.038285173896426,21.327864456616478,noise,52
2026-01-20T09:17:44+01:00,7b316592-8036-41e2-b8dc-b06b6a9afd54,41.038285173896426,21.327864456616478,noise_dba,49
2026-01-20T09:17:44+01:00,7b316592-8036-41e2-b8dc-b06b6a9afd54,41.038285173896426,21.327864456616478,pm10,30
2026-01-20T09:17:44+01:00,7b316592-8036-41e2-b8dc-b06b6a9afd54,41.038285173896426,21.327864456616478,pm25,22
2026-01-20T09:17:44+01:00,7b316592-8036-41e2-b8dc-b06b6a9afd54,41.038285173896426,21.327864456616478,pressure,953
2026-01-20T09:17:44+01:00,7b316592-8036-41e2-b8dc-b06b6a9afd54,41.038285173896426,21.327864456616478,temperature,2
2026-01-20T09:33:16+01:00,7b316592-8036-41e2-b8dc-b06b6a9afd54,41.038285173896426,21.327864456616478,gasResistance,278475
2026-01-20T09:33:16+01:00,7b316592-8036-41e2-b8dc-b06b6a9afd54,41.038285173896426,21.327864456616478,humidity,63
2026-01-20T09:33:16+01:00,7b316592-8036-41e2-b8dc-b06b6a9afd54,41.038285173896426,21.327864456616478,noise,59
2026-01-20T09:33:16+01:00,7b316592-8036-41e2-b8dc-b06b6a9afd54,41.038285173896426,21.327864456616478,noise_dba,51
2026-01-20T09:33:16+01:00,7b316592-8036-41e2-b8dc-b06b6a9afd54,41.038285173896426,21.327864456616478,pm10,20
2026-01-20T09:33:16+01:00,7b316592-8036-41e2-b8dc-b06b6a9afd54,41.038285173896426,21.327864456616478,pm25,15
2026-01-20T09:33:16+01:00,7b316592-8036-41e2-b8dc-b06b6a9afd54,41.038285173896426,21.327864456616478,pressure,953
2026-01-20T09:33:16+01:00,7b316592-8036-41e2-b8dc-b06b6a9afd54,41.038285173896426,21.327864456616478,temperature,2
2026-01-20T09:48:47+01:00,7b316592-8036-41e2-b8dc-b06b6a9afd54,41.038285173896426,21.327864456616478,gasResistance,282987
2026-01-20T09:48:47+01:00,7b316592-8036-41e2-b8dc-b06b6a9afd54,41.038285173896426,21.327864456616478,humidity,61
2026-01-20T09:48:47+01:00,7b316592-8036-41e2-b8dc-b06b6a9afd54,41.038285173896426,21.327864456616478,noise,60
2026-01-20T09:48:47+01:00,7b316592-8036-41e2-b8dc-b06b6a9afd54,41.038285173896426,21.327864456616478,noise_dba,51
2026-01-20T09:48:47+01:00,7b316592-8036-41e2-b8dc-b06b6a9afd54,41.038285173896426,21.327864456616478,pm10,15
2026-01-20T09:48:47+01:00,7b316592-8036-41e2-b8dc-b06b6a9afd54,41.038285173896426,21.327864456616478,pm25,12
2026-01-20T09:48:47+01:00,7b316592-8036-41e2-b8dc-b06b6a9afd54,41.038285173896426,21.327864456616478,pressure,953
2026-01-20T09:48:47+01:00,7b316592-8036-41e2-b8dc-b06b6a9afd54,41.038285173896426,21.327864456616478,temperature,2
2026-01-20T10:04:19+01:00,7b316592-8036-41e2-b8dc-b06b6a9afd54,41.038285173896426,21.327864456616478,gasResistance,281069
2026-01-20T10:04:19+01:00,7b316592-8036-41e2-b8dc-b06b6a9afd54,41.038285173896426,21.327864456616478,humidity,63
2026-01-20T10:04:19+01:00,7b316592-8036-41e2-b8dc-b06b6a9afd54,41.038285173896426,21.327864456616478,noise,53
2026-01-20T10:04:19+01:00,7b316592-8036-41e2-b8dc-b06b6a9afd54,41.038285173896426,21.327864456616478,noise_dba,49
2026-01-20T10:04:19+01:00,7b316592-8036-41e2-b8dc-b06b6a9afd54,41.038285173896426,21.327864456616478,pm10,22
2026-01-20T10:04:19+01:00,7b316592-8036-41e2-b8dc-b06b6a9afd54,41.038285173896426,21.327864456616478,pm25,16
2026-01-20T10:04:19+01:00,7b316592-8036-41e2-b8dc-b06b6a9afd54,41.038285173896426,21.327864456616478,pressure,953
2026-01-20T10:04:19+01:00,7b316592-8036-41e2-b8dc-b06b6a9afd54,41.038285173896426,21.327864456616478,temperature,2
2026-01-20T10:19:50+01:00,7b316592-8036-41e2-b8dc-b06b6a9afd54,41.038285173896426,21.327864456616478,gasResistance,279648
2026-01-20T10:19:50+01:00,7b316592-8036-41e2-b8dc-b06b6a9afd54,41.038285173896426,21.327864456616478,humidity,64
2026-01-20T10:19:50+01:00,7b316592-8036-41e2-b8dc-b06b6a9afd54,41.038285173896426,21.327864456616478,noise,65
2026-01-20T10:19:50+01:00,7b316592-8036-41e2-b8dc-b06b6a9afd54,41.038285173896426,21.327864456616478,noise_dba,53
2026-01-20T10:19:50+01:00,7b316592-8036-41e2-b8dc-b06b6a9afd54,41.038285173896426,21.327864456616478,pm10,18
2026-01-20T10:19:50+01:00,7b316592-8036-41e2-b8dc-b06b6a9afd54,41.038285173896426,21.327864456616478,pm25,15
2026-01-20T10:19:50+01:00,7b316592-8036-41e2-b8dc-b06b6a9afd54,41.038285173896426,21.327864456616478,pressure,953
2026-01-20T10:19:50+01:00,7b316592-8036-41e2-b8dc-b06b6a9afd54,41.038285173896426,21.327864456616478,temperature,2
2026-01-20T10:35:22+01:00,7b316592-8036-41e2-b8dc-b06b6a9afd54,41.038285173896426,21.327864456616478,gasResistance,276387
2026-01-20T10:35:22+01:00,7b316592-8036-41e2-b8dc-b06b6a9afd54,41.038285173896426,21.327864456616478,humidity,62
2026-01-20T10:35:22+01:00,7b316592-8036-41e2-b8dc-b06b6a9afd54,41.038285173896426,21.327864456616478,noise,68
2026-01-20T10:35:22+01:00,7b316592-8036-41e2-b8dc-b06b6a9afd54,41.038285173896426,21.327864456616478,noise_dba,53
2026-01-20T10:35:22+01:00,7b316592-8036-41e2-b8dc-b06b6a9afd54,41.038285173896426,21.327864456616478,pm10,17
2026-01-20T10:35:22+01:00,7b316592-8036-41e2-b8dc-b06b6a9afd54,41.038285173896426,21.327864456616478,pm25,13
2026-01-20T10:35:22+01:00,7b316592-8036-41e2-b8dc-b06b6a9afd54,41.038285173896426,21.327864456616478,pressure,953
2026-01-20T10:35:22+01:00,7b316592-8036-41e2-b8dc-b06b6a9afd54,41.038285173896426,21.327864456616478,temperature,2
2026-01-20T10:50:54+01:00,7b316592-8036-41e2-b8dc-b06b6a9afd54,41.038285173896426,21.327864456616478,gasResistance,278708
2026-01-20T10:50:54+01:00,7b316592-8036-41e2-b8dc-b06b6a9afd54,41.038285173896426,21.327864456616478,humidity,62
2026-01-20T10:50:54+01:00,7b316592-8036-41e2-b8dc-b06b6a9afd54,41.038285173896426,21.327864456616478,noise,66
2026-01-20T10:50:54+01:00,7b316592-8036-41e2-b8dc-b06b6a9afd54,41.038285173896426,21.327864456616478,noise_dba,53
2026-01-20T10:50:54+01:00,7b316592-8036-41e2-b8dc-b06b6a9afd54,41.038285173896426,21.327864456616478,pm10,17
2026-01-20T10:50:54+01:00,7b316592-8036-41e2-b8dc-b06b6a9afd54,41.038285173896426,21.327864456616478,pm25,14
2026-01-20T10:50:54+01:00,7b316592-8036-41e2-b8dc-b06b6a9afd54,41.038285173896426,21.327864456616478,pressure,952
2026-01-20T10:50:54+01:00,7b316592-8036-41e2-b8dc-b06b6a9afd54,41.038285173896426,21.327864456616478,temperature,3
2026-01-20T11:06:25+01:00,7b316592-8036-41e2-b8dc-b06b6a9afd54,41.038285173896426,21.327864456616478,gasResistance,282987
2026-01-20T11:06:25+01:00,7b316592-8036-41e2-b8dc-b06b6a9afd54,41.038285173896426,21.327864456616478,humidity,61
2026-01-20T11:06:25+01:00,7b316592-8036-41e2-b8dc-b06b6a9afd54,41.038285173896426,21.327864456616478,noise,55
2026-01-20T11:06:25+01:00,7b316592-8036-41e2-b8dc-b06b6a9afd54,41.038285173896426,21.327864456616478,noise_dba,50
2026-01-20T11:06:25+01:00,7b316592-8036-41e2-b8dc-b06b6a9afd54,41.038285173896426,21.327864456616478,pm10,14
2026-01-20T11:06:25+01:00,7b316592-8036-41e2-b8dc-b06b6a9afd54,41.038285173896426,21.327864456616478,pm25,11
2026-01-20T11:06:25+01:00,7b316592-8036-41e2-b8dc-b06b6a9afd54,41.038285173896426,21.327864456616478,pressure,952
2026-01-20T11:06:25+01:00,7b316592-8036-41e2-b8dc-b06b6a9afd54,41.038285173896426,21.327864456616478,temperature,3
2026-01-20T11:21:56+01:00,7b316592-8036-41e2-b8dc-b06b6a9afd54,41.038285173896426,21.327864456616478,gasResistance,281069
2026-01-20T11:21:56+01:00,7b316592-8036-41e2-b8dc-b06b6a9afd54,41.038285173896426,21.327864456616478,humidity,61
2026-01-20T11:21:56+01:00,7b316592-8036-41e2-b8dc-b06b6a9afd54,41.038285173896426,21.327864456616478,noise,54
2026-01-20T11:21:56+01:00,7b316592-8036-41e2-b8dc-b06b6a9afd54,41.038285173896426,21.327864456616478,noise_dba,50
2026-01-20T11:21:56+01:00,7b316592-8036-41e2-b8dc-b06b6a9afd54,41.038285173896426,21.327864456616478,pm10,26
2026-01-20T11:21:56+01:00,7b316592-8036-41e2-b8dc-b06b6a9afd54,41.038285173896426,21.327864456616478,pm25,19
2026-01-20T11:21:56+01:00,7b316592-8036-41e2-b8dc-b06b6a9afd54,41.038285173896426,21.327864456616478,pressure,952
2026-01-20T11:21:56+01:00,7b316592-8036-41e2-b8dc-b06b6a9afd54,41.038285173896426,21.327864456616478,temperature,3
2026-01-20T11:37:28+01:00,7b316592-8036-41e2-b8dc-b06b6a9afd54,41.038285173896426,21.327864456616478,gasResistance,276617
2026-01-20T11:37:28+01:00,7b316592-8036-41e2-b8dc-b06b6a9afd54,41.038285173896426,21.327864456616478,humidity,62
2026-01-20T11:37:28+01:00,7b316592-8036-41e2-b8dc-b06b6a9afd54,41.038285173896426,21.327864456616478,noise,63
2026-01-20T11:37:28+01:00,7b316592-8036-41e2-b8dc-b06b6a9afd54,41.038285173896426,21.327864456616478,noise_dba,52
2026-01-20T11:37:28+01:00,7b316592-8036-41e2-b8dc-b06b6a9afd54,41.038285173896426,21.327864456616478,pm10,17
2026-01-20T11:37:28+01:00,7b316592-8036-41e2-b8dc-b06b6a9afd54,41.038285173896426,21.327864456616478,pm25,13
2026-01-20T11:37:28+01:00,7b316592-8036-41e2-b8dc-b06b6a9afd54,41.038285173896426,21.327864456616478,pressure,952
2026-01-20T11:37:28+01:00,7b316592-8036-41e2-b8dc-b06b6a9afd54,41.038285173896426,21.327864456616478,temperature,3
2026-01-20T11:53:00+01:00,7b316592-8036-41e2-b8dc-b06b6a9afd54,41.038285173896426,21.327864456616478,gasResistance,275240
2026-01-20T11:53:00+01:00,7b316592-8036-41e2-b8dc-b06b6a9afd54,41.038285173896426,21.327864456616478,humidity,60
2026-01-20T11:53:00+01:00,7b316592-8036-41e2-b8dc-b06b6a9afd54,41.038285173896426,21.327864456616478,noise,59
2026-01-20T11:53:00+01:00,7b316592-8036-41e2-b8dc-b06b6a9afd54,41.038285173896426,21.327864456616478,noise_dba,51
2026-01-20T11:53:00+01:00,7b316592-8036-41e2-b8dc-b06b6a9afd54,41.038285173896426,21.327864456616478,pm10,22
2026-01-20T11:53:00+01:00,7b316592-8036-41e2-b8dc-b06b6a9afd54,41.038285173896426,21.327864456616478,pm25,16
2026-01-20T11:53:00+01:00,7b316592-8036-41e2-b8dc-b06b6a9afd54,41.038285173896426,21.327864456616478,pressure,952
2026-01-20T11:53:00+01:00,7b316592-8036-41e2-b8dc-b06b6a9afd54,41.038285173896426,21.327864456616478,temperature,3
2026-01-20T12:08:31+01:00,7b316592-8036-41e2-b8dc-b06b6a9afd54,41.038285173896426,21.327864456616478,gasResistance,275698
2026-01-20T12:08:31+01:00,7b316592-8036-41e2-b8dc-b06b6a9afd54,41.038285173896426,21.327864456616478,humidity,59
2026-01-20T12:08:31+01:00,7b316592-8036-41e2-b8dc-b06b6a9afd54,41.038285173896426,21.327864456616478,noise,55
2026-01-20T12:08:31+01:00,7b316592-8036-41e2-b8dc-b06b6a9afd54,41.038285173896426,21.327864456616478,noise_dba,50
2026-01-20T12:08:31+01:00,7b316592-8036-41e2-b8dc-b06b6a9afd54,41.038285173896426,21.327864456616478,pm10,25
2026-01-20T12:08:31+01:00,7b316592-8036-41e2-b8dc-b06b6a9afd54,41.038285173896426,21.327864456616478,pm25,20
2026-01-20T12:08:31+01:00,7b316592-8036-41e2-b8dc-b06b6a9afd54,41.038285173896426,21.327864456616478,pressure,951
2026-01-20T12:08:31+01:00,7b316592-8036-41e2-b8dc-b06b6a9afd54,41.038285173896426,21.327864456616478,temperature,3
2026-01-20T12:24:03+01:00,7b316592-8036-41e2-b8dc-b06b6a9afd54,41.038285173896426,21.327864456616478,gasResistance,285913
2026-01-20T12:24:03+01:00,7b316592-8036-41e2-b8dc-b06b6a9afd54,41.038285173896426,21.327864456616478,humidity,53
2026-01-20T12:24:03+01:00,7b316592-8036-41e2-b8dc-b06b6a9afd54,41.038285173896426,21.327864456616478,noise,53
2026-01-20T12:24:03+01:00,7b316592-8036-41e2-b8dc-b06b6a9afd54,41.038285173896426,21.327864456616478,noise_dba,49
2026-01-20T12:24:03+01:00,7b316592-8036-41e2-b8dc-b06b6a9afd54,41.038285173896426,21.327864456616478,pm10,15
2026-01-20T12:24:03+01:00,7b316592-8036-41e2-b8dc-b06b6a9afd54,41.038285173896426,21.327864456616478,pm25,11
2026-01-20T12:24:03+01:00,7b316592-8036-41e2-b8dc-b06b6a9afd54,41.038285173896426,21.327864456616478,pressure,951
2026-01-20T12:24:03+01:00,7b316592-8036-41e2-b8dc-b06b6a9afd54,41.038285173896426,21.327864456616478,temperature,4
2026-01-20T12:39:34+01:00,7b316592-8036-41e2-b8dc-b06b6a9afd54,41.038285173896426,21.327864456616478,gasResistance,288398
2026-01-20T12:39:34+01:00,7b316592-8036-41e2-b8dc-b06b6a9afd54,41.038285173896426,21.327864456616478,humidity,55
2026-01-20T12:39:34+01:00,7b316592-8036-41e2-b8dc-b06b6a9afd54,41.038285173896426,21.327864456616478,noise,62
2026-01-20T12:39:34+01:00,7b316592-8036-41e2-b8dc-b06b6a9afd54,41.038285173896426,21.327864456616478,noise_dba,52
2026-01-20T12:39:34+01:00,7b316592-8036-41e2-b8dc-b06b6a9afd54,41.038285173896426,21.327864456616478,pm10,31
2026-01-20T12:39:34+01:00,7b316592-8036-41e2-b8dc-b06b6a9afd54,41.038285173896426,21.327864456616478,pm25,20
2026-01-20T12:39:34+01:00,7b316592-8036-41e2-b8dc-b06b6a9afd54,41.038285173896426,21.327864456616478,pressure,951
2026-01-20T12:39:34+01:00,7b316592-8036-41e2-b8dc-b06b6a9afd54,41.038285173896426,21.327864456616478,temperature,4
2026-01-20T12:55:05+01:00,7b316592-8036-41e2-b8dc-b06b6a9afd54,41.038285173896426,21.327864456616478,gasResistance,287150
2026-01-20T12:55:05+01:00,7b316592-8036-41e2-b8dc-b06b6a9afd54,41.038285173896426,21.327864456616478,humidity,53
2026-01-20T12:55:05+01:00,7b316592-8036-41e2-b8dc-b06b6a9afd54,41.038285173896426,21.327864456616478,noise,65
2026-01-20T12:55:05+01:00,7b316592-8036-41e2-b8dc-b06b6a9afd54,41.038285173896426,21.327864456616478,noise_dba,53
2026-01-20T12:55:05+01:00,7b316592-8036-41e2-b8dc-b06b6a9afd54,41.038285173896426,21.327864456616478,pm10,21
2026-01-20T12:55:05+01:00,7b316592-8036-41e2-b8dc-b06b6a9afd54,41.038285173896426,21.327864456616478,pm25,16
2026-01-20T12:55:05+01:00,7b316592-8036-41e2-b8dc-b06b6a9afd54,41.038285173896426,21.327864456616478,pressure,950
2026-01-20T12:55:05+01:00,7b316592-8036-41e2-b8dc-b06b6a9afd54,41.038285173896426,21.327864456616478,temperature,4
2026-01-20T13:10:37+01:00,7b316592-8036-41e2-b8dc-b06b6a9afd54,41.038285173896426,21.327864456616478,gasResistance,284931
2026-01-20T13:10:37+01:00,7b316592-8036-41e2-b8dc-b06b6a9afd54,41.038285173896426,21.327864456616478,humidity,53
2026-01-20T13:10:37+01:00,7b316592-8036-41e2-b8dc-b06b6a9afd54,41.038285173896426,21.327864456616478,noise,64
2026-01-20T13:10:37+01:00,7b316592-8036-41e2-b8dc-b06b6a9afd54,41.038285173896426,21.327864456616478,noise_dba,52
2026-01-20T13:10:37+01:00,7b316592-8036-41e2-b8dc-b06b6a9afd54,41.038285173896426,21.327864456616478,pm10,20
2026-01-20T13:10:37+01:00,7b316592-8036-41e2-b8dc-b06b6a9afd54,41.038285173896426,21.327864456616478,pm25,13
2026-01-20T13:10:37+01:00,7b316592-8036-41e2-b8dc-b06b6a9afd54,41.038285173896426,21.327864456616478,pressure,950
2026-01-20T13:10:37+01:00,7b316592-8036-41e2-b8dc-b06b6a9afd54,41.038285173896426,21.327864456616478,temperature,4
2026-01-20T13:26:08+01:00,7b316592-8036-41e2-b8dc-b06b6a9afd54,41.038285173896426,21.327864456616478,gasResistance,275240
2026-01-20T13:26:08+01:00,7b316592-8036-41e2-b8dc-b06b6a9afd54,41.038285173896426,21.327864456616478,humidity,53
2026-01-20T13:26:08+01:00,7b316592-8036-41e2-b8dc-b06b6a9afd54,41.038285173896426,21.327864456616478,noise,67
2026-01-20T13:26:08+01:00,7b316592-8036-41e2-b8dc-b06b6a9afd54,41.038285173896426,21.327864456616478,noise_dba,53
2026-01-20T13:26:08+01:00,7b316592-8036-41e2-b8dc-b06b6a9afd54,41.038285173896426,21.327864456616478,pm10,25
2026-01-20T13:26:08+01:00,7b316592-8036-41e2-b8dc-b06b6a9afd54,41.038285173896426,21.327864456616478,pm25,17
2026-01-20T13:26:08+01:00,7b316592-8036-41e2-b8dc-b06b6a9afd54,41.038285173896426,21.327864456616478,pressure,950
2026-01-20T13:26:08+01:00,7b316592-8036-41e2-b8dc-b06b6a9afd54,41.038285173896426,21.327864456616478,temperature,5
2026-01-20T13:41:40+01:00,7b316592-8036-41e2-b8dc-b06b6a9afd54,41.038285173896426,21.327864456616478,gasResistance,278241
2026-01-20T13:41:40+01:00,7b316592-8036-41e2-b8dc-b06b6a9afd54,41.038285173896426,21.327864456616478,humidity,53
2026-01-20T13:41:40+01:00,7b316592-8036-41e2-b8dc-b06b6a9afd54,41.038285173896426,21.327864456616478,noise,67
2026-01-20T13:41:40+01:00,7b316592-8036-41e2-b8dc-b06b6a9afd54,41.038285173896426,21.327864456616478,noise_dba,53
2026-01-20T13:41:40+01:00,7b316592-8036-41e2-b8dc-b06b6a9afd54,41.038285173896426,21.327864456616478,pm10,23
2026-01-20T13:41:40+01:00,7b316592-8036-41e2-b8dc-b06b6a9afd54,41.038285173896426,21.327864456616478,pm25,17
2026-01-20T13:41:40+01:00,7b316592-8036-41e2-b8dc-b06b6a9afd54,41.038285173896426,21.327864456616478,pressure,950
2026-01-20T13:41:40+01:00,7b316592-8036-41e2-b8dc-b06b6a9afd54,41.038285173896426,21.327864456616478,temperature,5
2026-01-20T13:57:11+01:00,7b316592-8036-41e2-b8dc-b06b6a9afd54,41.038285173896426,21.327864456616478,gasResistance,275927
2026-01-20T13:57:11+01:00,7b316592-8036-41e2-b8dc-b06b6a9afd54,41.038285173896426,21.327864456616478,humidity,51
2026-01-20T13:57:11+01:00,7b316592-8036-41e2-b8dc-b06b6a9afd54,41.038285173896426,21.327864456616478,noise,60
2026-01-20T13:57:11+01:00,7b316592-8036-41e2-b8dc-b06b6a9afd54,41.038285173896426,21.327864456616478,noise_dba,51
2026-01-20T13:57:11+01:00,7b316592-8036-41e2-b8dc-b06b6a9afd54,41.038285173896426,21.327864456616478,pm10,15
2026-01-20T13:57:11+01:00,7b316592-8036-41e2-b8dc-b06b6a9afd54,41.038285173896426,21.327864456616478,pm25,12
2026-01-20T13:57:11+01:00,7b316592-8036-41e2-b8dc-b06b6a9afd54,41.038285173896426,21.327864456616478,pressure,949
2026-01-20T13:57:11+01:00,7b316592-8036-41e2-b8dc-b06b6a9afd54,41.038285173896426,21.327864456616478,temperature,5
2026-01-20T14:12:43+01:00,7b316592-8036-41e2-b8dc-b06b6a9afd54,41.038285173896426,21.327864456616478,gasResistance,272304
2026-01-20T14:12:43+01:00,7b316592-8036-41e2-b8dc-b06b6a9afd54,41.038285173896426,21.327864456616478,humidity,52
2026-01-20T14:12:43+01:00,7b316592-8036-41e2-b8dc-b06b6a9afd54,41.038285173896426,21.327864456616478,noise,62
2026-01-20T14:12:43+01:00,7b316592-8036-41e2-b8dc-b06b6a9afd54,41.038285173896426,21.327864456616478,noise_dba,52
2026-01-20T14:12:43+01:00,7b316592-8036-41e2-b8dc-b06b6a9afd54,41.038285173896426,21.327864456616478,pm10,22
2026-01-20T14:12:43+01:00,7b316592-8036-41e2-b8dc-b06b6a9afd54,41.038285173896426,21.327864456616478,pm25,17
2026-01-20T14:12:43+01:00,7b316592-8036-41e2-b8dc-b06b6a9afd54,41.038285173896426,21.327864456616478,pressure,949
2026-01-20T14:12:43+01:00,7b316592-8036-41e2-b8dc-b06b6a9afd54,41.038285173896426,21.327864456616478,temperature,5
2026-01-20T14:28:14+01:00,7b316592-8036-41e2-b8dc-b06b6a9afd54,41.038285173896426,21.327864456616478,gasResistance,268993
2026-01-20T14:28:14+01:00,7b316592-8036-41e2-b8dc-b06b6a9afd54,41.038285173896426,21.327864456616478,humidity,54
2026-01-20T14:28:14+01:00,7b316592-8036-41e2-b8dc-b06b6a9afd54,41.038285173896426,21.327864456616478,noise,61
2026-01-20T14:28:14+01:00,7b316592-8036-41e2-b8dc-b06b6a9afd54,41.038285173896426,21.327864456616478,noise_dba,52
2026-01-20T14:28:14+01:00,7b316592-8036-41e2-b8dc-b06b6a9afd54,41.038285173896426,21.327864456616478,pm10,19
2026-01-20T14:28:14+01:00,7b316592-8036-41e2-b8dc-b06b6a9afd54,41.038285173896426,21.327864456616478,pm25,15
2026-01-20T14:28:14+01:00,7b316592-8036-41e2-b8dc-b06b6a9afd54,41.038285173896426,21.327864456616478,pressure,949
2026-01-20T14:28:14+01:00,7b316592-8036-41e2-b8dc-b06b6a9afd54,41.038285173896426,21.327864456616478,temperature,5
2026-01-20T14:43:46+01:00,7b316592-8036-41e2-b8dc-b06b6a9afd54,41.038285173896426,21.327864456616478,gasResistance,264490
2026-01-20T14:43:46+01:00,7b316592-8036-41e2-b8dc-b06b6a9afd54,41.038285173896426,21.327864456616478,humidity,54
2026-01-20T14:43:46+01:00,7b316592-8036-41e2-b8dc-b06b6a9afd54,41.038285173896426,21.327864456616478,noise,67
2026-01-20T14:43:46+01:00,7b316592-8036-41e2-b8dc-b06b6a9afd54,41.038285173896426,21.327864456616478,noise_dba,53
2026-01-20T14:43:46+01:00,7b316592-8036-41e2-b8dc-b06b6a9afd54,41.038285173896426,21.327864456616478,pm10,25
2026-01-20T14:43:46+01:00,7b316592-8036-41e2-b8dc-b06b6a9afd54,41.038285173896426,21.327864456616478,pm25,18
2026-01-20T14:43:46+01:00,7b316592-8036-41e2-b8dc-b06b6a9afd54,41.038285173896426,21.327864456616478,pressure,949
2026-01-20T14:43:46+01:00,7b316592-8036-41e2-b8dc-b06b6a9afd54,41.038285173896426,21.327864456616478,temperature,5
2026-01-20T14:59:17+01:00,7b316592-8036-41e2-b8dc-b06b6a9afd54,41.038285173896426,21.327864456616478,gasResistance,263859
2026-01-20T14:59:17+01:00,7b316592-8036-41e2-b8dc-b06b6a9afd54,41.038285173896426,21.327864456616478,humidity,54
2026-01-20T14:59:17+01:00,7b316592-8036-41e2-b8dc-b06b6a9afd54,41.038285173896426,21.327864456616478,noise,59
2026-01-20T14:59:17+01:00,7b316592-8036-41e2-b8dc-b06b6a9afd54,41.038285173896426,21.327864456616478,noise_dba,51
2026-01-20T14:59:17+01:00,7b316592-8036-41e2-b8dc-b06b6a9afd54,41.038285173896426,21.327864456616478,pm10,31
2026-01-20T14:59:17+01:00,7b316592-8036-41e2-b8dc-b06b6a9afd54,41.038285173896426,21.327864456616478,pm25,22
2026-01-20T14:59:17+01:00,7b316592-8036-41e2-b8dc-b06b6a9afd54,41.038285173896426,21.327864456616478,pressure,949
2026-01-20T14:59:17+01:00,7b316592-8036-41e2-b8dc-b06b6a9afd54,41.038285173896426,21.327864456616478,temperature,5
2026-01-20T15:14:48+01:00,7b316592-8036-41e2-b8dc-b06b6a9afd54,41.038285173896426,21.327864456616478,gasResistance,265124
2026-01-20T15:14:48+01:00,7b316592-8036-41e2-b8dc-b06b6a9afd54,41.038285173896426,21.327864456616478,humidity,56
2026-01-20T15:14:48+01:00,7b316592-8036-41e2-b8dc-b06b6a9afd54,41.038285173896426,21.327864456616478,noise,60
2026-01-20T15:14:48+01:00,7b316592-8036-41e2-b8dc-b06b6a9afd54,41.038285173896426,21.327864456616478,noise_dba,51
2026-01-20T15:14:48+01:00,7b316592-8036-41e2-b8dc-b06b6a9afd54,41.038285173896426,21.327864456616478,pm10,32
2026-01-20T15:14:48+01:00,7b316592-8036-41e2-b8dc-b06b6a9afd54,41.038285173896426,21.327864456616478,pm25,24
2026-01-20T15:14:48+01:00,7b316592-8036-41e2-b8dc-b06b6a9afd54,41.038285173896426,21.327864456616478,pressure,949
2026-01-20T15:14:48+01:00,7b316592-8036-41e2-b8dc-b06b6a9afd54,41.038285173896426,21.327864456616478,temperature,5
2026-01-20T15:30:20+01:00,7b316592-8036-41e2-b8dc-b06b6a9afd54,41.038285173896426,21.327864456616478,gasResistance,254547
2026-01-20T15:30:20+01:00,7b316592-8036-41e2-b8dc-b06b6a9afd54,41.038285173896426,21.327864456616478,humidity,57
2026-01-20T15:30:20+01:00,7b316592-8036-41e2-b8dc-b06b6a9afd54,41.038285173896426,21.327864456616478,noise,72
2026-01-20T15:30:20+01:00,7b316592-8036-41e2-b8dc-b06b6a9afd54,41.038285173896426,21.327864456616478,noise_dba,54
2026-01-20T15:30:20+01:00,7b316592-8036-41e2-b8dc-b06b6a9afd54,41.038285173896426,21.327864456616478,pm10,35
2026-01-20T15:30:20+01:00,7b316592-8036-41e2-b8dc-b06b6a9afd54,41.038285173896426,21.327864456616478,pm25,23
2026-01-20T15:30:20+01:00,7b316592-8036-41e2-b8dc-b06b6a9afd54,41.038285173896426,21.327864456616478,pressure,949
2026-01-20T15:30:20+01:00,7b316592-8036-41e2-b8dc-b06b6a9afd54,41.038285173896426,21.327864456616478,temperature,5
2026-01-20T15:45:51+01:00,7b316592-8036-41e2-b8dc-b06b6a9afd54,41.038285173896426,21.327864456616478,gasResistance,254352
2026-01-20T15:45:51+01:00,7b316592-8036-41e2-b8dc-b06b6a9afd54,41.038285173896426,21.327864456616478,humidity,56
2026-01-20T15:45:51+01:00,7b316592-8036-41e2-b8dc-b06b6a9afd54,41.038285173896426,21.327864456616478,noise,57
2026-01-20T15:45:51+01:00,7b316592-8036-41e2-b8dc-b06b6a9afd54,41.038285173896426,21.327864456616478,noise_dba,50
2026-01-20T15:45:51+01:00,7b316592-8036-41e2-b8dc-b06b6a9afd54,41.038285173896426,21.327864456616478,pm10,32
2026-01-20T15:45:51+01:00,7b316592-8036-41e2-b8dc-b06b6a9afd54,41.038285173896426,21.327864456616478,pm25,25
2026-01-20T15:45:51+01:00,7b316592-8036-41e2-b8dc-b06b6a9afd54,41.038285173896426,21.327864456616478,pressure,949
2026-01-20T15:45:51+01:00,7b316592-8036-41e2-b8dc-b06b6a9afd54,41.038285173896426,21.327864456616478,temperature,4
2026-01-20T16:01:23+01:00,7b316592-8036-41e2-b8dc-b06b6a9afd54,41.038285173896426,21.327864456616478,gasResistance,253188
2026-01-20T16:01:23+01:00,7b316592-8036-41e2-b8dc-b06b6a9afd54,41.038285173896426,21.327864456616478,humidity,56
2026-01-20T16:01:23+01:00,7b316592-8036-41e2-b8dc-b06b6a9afd54,41.038285173896426,21.327864456616478,noise,67
2026-01-20T16:01:23+01:00,7b316592-8036-41e2-b8dc-b06b6a9afd54,41.038285173896426,21.327864456616478,noise_dba,53
2026-01-20T16:01:23+01:00,7b316592-8036-41e2-b8dc-b06b6a9afd54,41.038285173896426,21.327864456616478,pm10,26
2026-01-20T16:01:23+01:00,7b316592-8036-41e2-b8dc-b06b6a9afd54,41.038285173896426,21.327864456616478,pm25,19
2026-01-20T16:01:23+01:00,7b316592-8036-41e2-b8dc-b06b6a9afd54,41.038285173896426,21.327864456616478,pressure,949
2026-01-20T16:01:23+01:00,7b316592-8036-41e2-b8dc-b06b6a9afd54,41.038285173896426,21.327864456616478,temperature,4
2026-01-20T16:16:54+01:00,7b316592-8036-41e2-b8dc-b06b6a9afd54,41.038285173896426,21.327864456616478,gasResistance,253769
2026-01-20T16:16:54+01:00,7b316592-8036-41e2-b8dc-b06b6a9afd54,41.038285173896426,21.327864456616478,humidity,56
2026-01-20T16:16:54+01:00,7b316592-8036-41e2-b8dc-b06b6a9afd54,41.038285173896426,21.327864456616478,noise,65
2026-01-20T16:16:54+01:00,7b316592-8036-41e2-b8dc-b06b6a9afd54,41.038285173896426,21.327864456616478,noise_dba,53
2026-01-20T16:16:54+01:00,7b316592-8036-41e2-b8dc-b06b6a9afd54,41.038285173896426,21.327864456616478,pm10,33
2026-01-20T16:16:54+01:00,7b316592-8036-41e2-b8dc-b06b6a9afd54,41.038285173896426,21.327864456616478,pm25,24
2026-01-20T16:16:54+01:00,7b316592-8036-41e2-b8dc-b06b6a9afd54,41.038285173896426,21.327864456616478,pressure,948
2026-01-20T16:16:54+01:00,7b316592-8036-41e2-b8dc-b06b6a9afd54,41.038285173896426,21.327864456616478,temperature,4
2026-01-20T16:32:25+01:00,7b316592-8036-41e2-b8dc-b06b6a9afd54,41.038285173896426,21.327864456616478,gasResistance,250890
2026-01-20T16:32:25+01:00,7b316592-8036-41e2-b8dc-b06b6a9afd54,41.038285173896426,21.327864456616478,humidity,57
2026-01-20T16:32:25+01:00,7b316592-8036-41e2-b8dc-b06b6a9afd54,41.038285173896426,21.327864456616478,noise,67
2026-01-20T16:32:25+01:00,7b316592-8036-41e2-b8dc-b06b6a9afd54,41.038285173896426,21.327864456616478,noise_dba,53
2026-01-20T16:32:25+01:00,7b316592-8036-41e2-b8dc-b06b6a9afd54,41.038285173896426,21.327864456616478,pm10,28
2026-01-20T16:32:25+01:00,7b316592-8036-41e2-b8dc-b06b6a9afd54,41.038285173896426,21.327864456616478,pm25,23
2026-01-20T16:32:25+01:00,7b316592-8036-41e2-b8dc-b06b6a9afd54,41.038285173896426,21.327864456616478,pressure,948
2026-01-20T16:32:25+01:00,7b316592-8036-41e2-b8dc-b06b6a9afd54,41.038285173896426,21.327864456616478,temperature,4
2026-01-20T16:47:58+01:00,7b316592-8036-41e2-b8dc-b06b6a9afd54,41.038285173896426,21.327864456616478,gasResistance,259728
2026-01-20T16:47:58+01:00,7b316592-8036-41e2-b8dc-b06b6a9afd54,41.038285173896426,21.327864456616478,humidity,57
2026-01-20T16:47:58+01:00,7b316592-8036-41e2-b8dc-b06b6a9afd54,41.038285173896426,21.327864456616478,noise,59
2026-01-20T16:47:58+01:00,7b316592-8036-41e2-b8dc-b06b6a9afd54,41.038285173896426,21.327864456616478,noise_dba,51
2026-01-20T16:47:58+01:00,7b316592-8036-41e2-b8dc-b06b6a9afd54,41.038285173896426,21.327864456616478,pm10,25
2026-01-20T16:47:58+01:00,7b316592-8036-41e2-b8dc-b06b6a9afd54,41.038285173896426,21.327864456616478,pm25,19
2026-01-20T16:47:58+01:00,7b316592-8036-41e2-b8dc-b06b6a9afd54,41.038285173896426,21.327864456616478,pressure,948
2026-01-20T16:47:58+01:00,7b316592-8036-41e2-b8dc-b06b6a9afd54,41.038285173896426,21.327864456616478,temperature,4
2026-01-20T17:03:30+01:00,7b316592-8036-41e2-b8dc-b06b6a9afd54,41.038285173896426,21.327864456616478,gasResistance,257311
2026-01-20T17:03:30+01:00,7b316592-8036-41e2-b8dc-b06b6a9afd54,41.038285173896426,21.327864456616478,humidity,58
2026-01-20T17:03:30+01:00,7b316592-8036-41e2-b8dc-b06b6a9afd54,41.038285173896426,21.327864456616478,noise,75
2026-01-20T17:03:30+01:00,7b316592-8036-41e2-b8dc-b06b6a9afd54,41.038285173896426,21.327864456616478,noise_dba,55
2026-01-20T17:03:30+01:00,7b316592-8036-41e2-b8dc-b06b6a9afd54,41.038285173896426,21.327864456616478,pm10,19
2026-01-20T17:03:30+01:00,7b316592-8036-41e2-b8dc-b06b6a9afd54,41.038285173896426,21.327864456616478,pm25,14
2026-01-20T17:03:30+01:00,7b316592-8036-41e2-b8dc-b06b6a9afd54,41.038285173896426,21.327864456616478,pressure,948
2026-01-20T17:03:30+01:00,7b316592-8036-41e2-b8dc-b06b6a9afd54,41.038285173896426,21.327864456616478,temperature,4
2026-01-20T17:19:01+01:00,7b316592-8036-41e2-b8dc-b06b6a9afd54,41.038285173896426,21.327864456616478,gasResistance,261159
2026-01-20T17:19:01+01:00,7b316592-8036-41e2-b8dc-b06b6a9afd54,41.038285173896426,21.327864456616478,humidity,58
2026-01-20T17:19:01+01:00,7b316592-8036-41e2-b8dc-b06b6a9afd54,41.038285173896426,21.327864456616478,noise,61
2026-01-20T17:19:01+01:00,7b316592-8036-41e2-b8dc-b06b6a9afd54,41.038285173896426,21.327864456616478,noise_dba,52
2026-01-20T17:19:01+01:00,7b316592-8036-41e2-b8dc-b06b6a9afd54,41.038285173896426,21.327864456616478,pm10,42
2026-01-20T17:19:01+01:00,7b316592-8036-41e2-b8dc-b06b6a9afd54,41.038285173896426,21.327864456616478,pm25,31
2026-01-20T17:19:01+01:00,7b316592-8036-41e2-b8dc-b06b6a9afd54,41.038285173896426,21.327864456616478,pressure,948
2026-01-20T17:19:01+01:00,7b316592-8036-41e2-b8dc-b06b6a9afd54,41.038285173896426,21.327864456616478,temperature,4
2026-01-20T17:34:32+01:00,7b316592-8036-41e2-b8dc-b06b6a9afd54,41.038285173896426,21.327864456616478,gasResistance,260544
2026-01-20T17:34:32+01:00,7b316592-8036-41e2-b8dc-b06b6a9afd54,41.038285173896426,21.327864456616478,humidity,57
2026-01-20T17:34:32+01:00,7b316592-8036-41e2-b8dc-b06b6a9afd54,41.038285173896426,21.327864456616478,noise,58
2026-01-20T17:34:32+01:00,7b316592-8036-41e2-b8dc-b06b6a9afd54,41.038285173896426,21.327864456616478,noise_dba,51
2026-01-20T17:34:32+01:00,7b316592-8036-41e2-b8dc-b06b6a9afd54,41.038285173896426,21.327864456616478,pm10,44
2026-01-20T17:34:32+01:00,7b316592-8036-41e2-b8dc-b06b6a9afd54,41.038285173896426,21.327864456616478,pm25,33
2026-01-20T17:34:32+01:00,7b316592-8036-41e2-b8dc-b06b6a9afd54,41.038285173896426,21.327864456616478,pressure,948
2026-01-20T17:34:32+01:00,7b316592-8036-41e2-b8dc-b06b6a9afd54,41.038285173896426,21.327864456616478,temperature,4
2026-01-20T17:50:04+01:00,7b316592-8036-41e2-b8dc-b06b6a9afd54,41.038285173896426,21.327864456616478,gasResistance,259931
2026-01-20T17:50:04+01:00,7b316592-8036-41e2-b8dc-b06b6a9afd54,41.038285173896426,21.327864456616478,humidity,58
2026-01-20T17:50:04+01:00,7b316592-8036-41e2-b8dc-b06b6a9afd54,41.038285173896426,21.327864456616478,noise,51
2026-01-20T17:50:04+01:00,7b316592-8036-41e2-b8dc-b06b6a9afd54,41.038285173896426,21.327864456616478,noise_dba,49
2026-01-20T17:50:04+01:00,7b316592-8036-41e2-b8dc-b06b6a9afd54,41.038285173896426,21.327864456616478,pm10,45
2026-01-20T17:50:04+01:00,7b316592-8036-41e2-b8dc-b06b6a9afd54,41.038285173896426,21.327864456616478,pm25,30
2026-01-20T17:50:04+01:00,7b316592-8036-41e2-b8dc-b06b6a9afd54,41.038285173896426,21.327864456616478,pressure,948
2026-01-20T17:50:04+01:00,7b316592-8036-41e2-b8dc-b06b6a9afd54,41.038285173896426,21.327864456616478,temperature,4
2026-01-20T18:05:35+01:00,7b316592-8036-41e2-b8dc-b06b6a9afd54,41.038285173896426,21.327864456616478,gasResistance,265336
2026-01-20T18:05:35+01:00,7b316592-8036-41e2-b8dc-b06b6a9afd54,41.038285173896426,21.327864456616478,humidity,58
2026-01-20T18:05:35+01:00,7b316592-8036-41e2-b8dc-b06b6a9afd54,41.038285173896426,21.327864456616478,noise,55
2026-01-20T18:05:35+01:00,7b316592-8036-41e2-b8dc-b06b6a9afd54,41.038285173896426,21.327864456616478,noise_dba,50
2026-01-20T18:05:35+01:00,7b316592-8036-41e2-b8dc-b06b6a9afd54,41.038285173896426,21.327864456616478,pm10,20
2026-01-20T18:05:35+01:00,7b316592-8036-41e2-b8dc-b06b6a9afd54,41.038285173896426,21.327864456616478,pm25,16
2026-01-20T18:05:35+01:00,7b316592-8036-41e2-b8dc-b06b6a9afd54,41.038285173896426,21.327864456616478,pressure,948
2026-01-20T18:05:35+01:00,7b316592-8036-41e2-b8dc-b06b6a9afd54,41.038285173896426,21.327864456616478,temperature,4
2026-01-20T18:21:07+01:00,7b316592-8036-41e2-b8dc-b06b6a9afd54,41.038285173896426,21.327864456616478,gasResistance,257311
2026-01-20T18:21:07+01:00,7b316592-8036-41e2-b8dc-b06b6a9afd54,41.038285173896426,21.327864456616478,humidity,54
2026-01-20T18:21:07+01:00,7b316592-8036-41e2-b8dc-b06b6a9afd54,41.038285173896426,21.327864456616478,noise,39
2026-01-20T18:21:07+01:00,7b316592-8036-41e2-b8dc-b06b6a9afd54,41.038285173896426,21.327864456616478,noise_dba,44
2026-01-20T18:21:07+01:00,7b316592-8036-41e2-b8dc-b06b6a9afd54,41.038285173896426,21.327864456616478,pm10,41
2026-01-20T18:21:07+01:00,7b316592-8036-41e2-b8dc-b06b6a9afd54,41.038285173896426,21.327864456616478,pm25,30
2026-01-20T18:21:07+01:00,7b316592-8036-41e2-b8dc-b06b6a9afd54,41.038285173896426,21.327864456616478,pressure,948
2026-01-20T18:21:07+01:00,7b316592-8036-41e2-b8dc-b06b6a9afd54,41.038285173896426,21.327864456616478,temperature,4
2026-01-20T18:36:40+01:00,7b316592-8036-41e2-b8dc-b06b6a9afd54,41.038285173896426,21.327864456616478,gasResistance,255331
2026-01-20T18:36:40+01:00,7b316592-8036-41e2-b8dc-b06b6a9afd54,41.038285173896426,21.327864456616478,humidity,55
2026-01-20T18:36:40+01:00,7b316592-8036-41e2-b8dc-b06b6a9afd54,41.038285173896426,21.327864456616478,noise,37
2026-01-20T18:36:40+01:00,7b316592-8036-41e2-b8dc-b06b6a9afd54,41.038285173896426,21.327864456616478,noise_dba,43
2026-01-20T18:36:40+01:00,7b316592-8036-41e2-b8dc-b06b6a9afd54,41.038285173896426,21.327864456616478,pm10,29
2026-01-20T18:36:40+01:00,7b316592-8036-41e2-b8dc-b06b6a9afd54,41.038285173896426,21.327864456616478,pm25,22
2026-01-20T18:36:40+01:00,7b316592-8036-41e2-b8dc-b06b6a9afd54,41.038285173896426,21.327864456616478,pressure,948
2026-01-20T18:36:40+01:00,7b316592-8036-41e2-b8dc-b06b6a9afd54,41.038285173896426,21.327864456616478,temperature,4
2026-01-20T18:52:12+01:00,7b316592-8036-41e2-b8dc-b06b6a9afd54,41.038285173896426,21.327864456616478,gasResistance,254743
2026-01-20T18:52:12+01:00,7b316592-8036-41e2-b8dc-b06b6a9afd54,41.038285173896426,21.327864456616478,humidity,55
2026-01-20T18:52:12+01:00,7b316592-8036-41e2-b8dc-b06b6a9afd54,41.038285173896426,21.327864456616478,noise,32
2026-01-20T18:52:12+01:00,7b316592-8036-41e2-b8dc-b06b6a9afd54,41.038285173896426,21.327864456616478,noise_dba,41
2026-01-20T18:52:12+01:00,7b316592-8036-41e2-b8dc-b06b6a9afd54,41.038285173896426,21.327864456616478,pm10,20
2026-01-20T18:52:12+01:00,7b316592-8036-41e2-b8dc-b06b6a9afd54,41.038285173896426,21.327864456616478,pm25,16
2026-01-20T18:52:12+01:00,7b316592-8036-41e2-b8dc-b06b6a9afd54,41.038285173896426,21.327864456616478,pressure,948
2026-01-20T18:52:12+01:00,7b316592-8036-41e2-b8dc-b06b6a9afd54,41.038285173896426,21.327864456616478,temperature,5
2026-01-20T19:07:44+01:00,7b316592-8036-41e2-b8dc-b06b6a9afd54,41.038285173896426,21.327864456616478,gasResistance,254938
2026-01-20T19:07:44+01:00,7b316592-8036-41e2-b8dc-b06b6a9afd54,41.038285173896426,21.327864456616478,humidity,55
2026-01-20T19:07:44+01:00,7b316592-8036-41e2-b8dc-b06b6a9afd54,41.038285173896426,21.327864456616478,noise,38
2026-01-20T19:07:44+01:00,7b316592-8036-41e2-b8dc-b06b6a9afd54,41.038285173896426,21.327864456616478,noise_dba,44
2026-01-20T19:07:44+01:00,7b316592-8036-41e2-b8dc-b06b6a9afd54,41.038285173896426,21.327864456616478,pm10,19
2026-01-20T19:07:44+01:00,7b316592-8036-41e2-b8dc-b06b6a9afd54,41.038285173896426,21.327864456616478,pm25,17
2026-01-20T19:07:44+01:00,7b316592-8036-41e2-b8dc-b06b6a9afd54,41.038285173896426,21.327864456616478,pressure,948
2026-01-20T19:07:44+01:00,7b316592-8036-41e2-b8dc-b06b6a9afd54,41.038285173896426,21.327864456616478,temperature,5
2026-01-20T19:23:16+01:00,7b316592-8036-41e2-b8dc-b06b6a9afd54,41.038285173896426,21.327864456616478,gasResistance,250890
2026-01-20T19:23:16+01:00,7b316592-8036-41e2-b8dc-b06b6a9afd54,41.038285173896426,21.327864456616478,humidity,56
2026-01-20T19:23:16+01:00,7b316592-8036-41e2-b8dc-b06b6a9afd54,41.038285173896426,21.327864456616478,noise,38
2026-01-20T19:23:16+01:00,7b316592-8036-41e2-b8dc-b06b6a9afd54,41.038285173896426,21.327864456616478,noise_dba,44
2026-01-20T19:23:16+01:00,7b316592-8036-41e2-b8dc-b06b6a9afd54,41.038285173896426,21.327864456616478,pm10,18
2026-01-20T19:23:16+01:00,7b316592-8036-41e2-b8dc-b06b6a9afd54,41.038285173896426,21.327864456616478,pm25,14
2026-01-20T19:23:16+01:00,7b316592-8036-41e2-b8dc-b06b6a9afd54,41.038285173896426,21.327864456616478,pressure,948
2026-01-20T19:23:16+01:00,7b316592-8036-41e2-b8dc-b06b6a9afd54,41.038285173896426,21.327864456616478,temperature,5
2026-01-20T19:38:49+01:00,7b316592-8036-41e2-b8dc-b06b6a9afd54,41.038285173896426,21.327864456616478,gasResistance,253381
2026-01-20T19:38:49+01:00,7b316592-8036-41e2-b8dc-b06b6a9afd54,41.038285173896426,21.327864456616478,humidity,56
2026-01-20T19:38:49+01:00,7b316592-8036-41e2-b8dc-b06b6a9afd54,41.038285173896426,21.327864456616478,noise,34
2026-01-20T19:38:49+01:00,7b316592-8036-41e2-b8dc-b06b6a9afd54,41.038285173896426,21.327864456616478,noise_dba,42
2026-01-20T19:38:49+01:00,7b316592-8036-41e2-b8dc-b06b6a9afd54,41.038285173896426,21.327864456616478,pm10,29
2026-01-20T19:38:49+01:00,7b316592-8036-41e2-b8dc-b06b6a9afd54,41.038285173896426,21.327864456616478,pm25,20
2026-01-20T19:38:49+01:00,7b316592-8036-41e2-b8dc-b06b6a9afd54,41.038285173896426,21.327864456616478,pressure,948
2026-01-20T19:38:49+01:00,7b316592-8036-41e2-b8dc-b06b6a9afd54,41.038285173896426,21.327864456616478,temperature,4
2026-01-20T19:54:23+01:00,7b316592-8036-41e2-b8dc-b06b6a9afd54,41.038285173896426,21.327864456616478,gasResistance,253575
2026-01-20T19:54:23+01:00,7b316592-8036-41e2-b8dc-b06b6a9afd54,41.038285173896426,21.327864456616478,humidity,54
2026-01-20T19:54:23+01:00,7b316592-8036-41e2-b8dc-b06b6a9afd54,41.038285173896426,21.327864456616478,noise,43
2026-01-20T19:54:23+01:00,7b316592-8036-41e2-b8dc-b06b6a9afd54,41.038285173896426,21.327864456616478,noise_dba,46
2026-01-20T19:54:23+01:00,7b316592-8036-41e2-b8dc-b06b6a9afd54,41.038285173896426,21.327864456616478,pm10,35
2026-01-20T19:54:23+01:00,7b316592-8036-41e2-b8dc-b06b6a9afd54,41.038285173896426,21.327864456616478,pm25,24
2026-01-20T19:54:23+01:00,7b316592-8036-41e2-b8dc-b06b6a9afd54,41.038285173896426,21.327864456616478,pressure,948
2026-01-20T19:54:23+01:00,7b316592-8036-41e2-b8dc-b06b6a9afd54,41.038285173896426,21.327864456616478,temperature,5
2026-01-20T20:09:56+01:00,7b316592-8036-41e2-b8dc-b06b6a9afd54,41.038285173896426,21.327864456616478,gasResistance,253575
2026-01-20T20:09:56+01:00,7b316592-8036-41e2-b8dc-b06b6a9afd54,41.038285173896426,21.327864456616478,humidity,54
2026-01-20T20:09:56+01:00,7b316592-8036-41e2-b8dc-b06b6a9afd54,41.038285173896426,21.327864456616478,noise,41
2026-01-20T20:09:56+01:00,7b316592-8036-41e2-b8dc-b06b6a9afd54,41.038285173896426,21.327864456616478,noise_dba,45
2026-01-20T20:09:56+01:00,7b316592-8036-41e2-b8dc-b06b6a9afd54,41.038285173896426,21.327864456616478,pm10,51
2026-01-20T20:09:56+01:00,7b316592-8036-41e2-b8dc-b06b6a9afd54,41.038285173896426,21.327864456616478,pm25,34
2026-01-20T20:09:56+01:00,7b316592-8036-41e2-b8dc-b06b6a9afd54,41.038285173896426,21.327864456616478,pressure,948
2026-01-20T20:09:56+01:00,7b316592-8036-41e2-b8dc-b06b6a9afd54,41.038285173896426,21.327864456616478,temperature,5
2026-01-20T20:25:28+01:00,7b316592-8036-41e2-b8dc-b06b6a9afd54,41.038285173896426,21.327864456616478,gasResistance,250511
2026-01-20T20:25:28+01:00,7b316592-8036-41e2-b8dc-b06b6a9afd54,41.038285173896426,21.327864456616478,humidity,54
2026-01-20T20:25:28+01:00,7b316592-8036-41e2-b8dc-b06b6a9afd54,41.038285173896426,21.327864456616478,noise,58
2026-01-20T20:25:28+01:00,7b316592-8036-41e2-b8dc-b06b6a9afd54,41.038285173896426,21.327864456616478,noise_dba,51
2026-01-20T20:25:28+01:00,7b316592-8036-41e2-b8dc-b06b6a9afd54,41.038285173896426,21.327864456616478,pm10,32
2026-01-20T20:25:28+01:00,7b316592-8036-41e2-b8dc-b06b6a9afd54,41.038285173896426,21.327864456616478,pm25,22
2026-01-20T20:25:28+01:00,7b316592-8036-41e2-b8dc-b06b6a9afd54,41.038285173896426,21.327864456616478,pressure,948
2026-01-20T20:25:28+01:00,7b316592-8036-41e2-b8dc-b06b6a9afd54,41.038285173896426,21.327864456616478,temperature,5
2026-01-20T20:41:00+01:00,7b316592-8036-41e2-b8dc-b06b6a9afd54,41.038285173896426,21.327864456616478,gasResistance,250134
2026-01-20T20:41:00+01:00,7b316592-8036-41e2-b8dc-b06b6a9afd54,41.038285173896426,21.327864456616478,humidity,54
2026-01-20T20:41:00+01:00,7b316592-8036-41e2-b8dc-b06b6a9afd54,41.038285173896426,21.327864456616478,noise,70
2026-01-20T20:41:00+01:00,7b316592-8036-41e2-b8dc-b06b6a9afd54,41.038285173896426,21.327864456616478,noise_dba,54
2026-01-20T20:41:00+01:00,7b316592-8036-41e2-b8dc-b06b6a9afd54,41.038285173896426,21.327864456616478,pm10,13
2026-01-20T20:41:00+01:00,7b316592-8036-41e2-b8dc-b06b6a9afd54,41.038285173896426,21.327864456616478,pm25,11
2026-01-20T20:41:00+01:00,7b316592-8036-41e2-b8dc-b06b6a9afd54,41.038285173896426,21.327864456616478,pressure,947
2026-01-20T20:41:00+01:00,7b316592-8036-41e2-b8dc-b06b6a9afd54,41.038285173896426,21.327864456616478,temperature,5
2026-01-20T20:56:33+01:00,7b316592-8036-41e2-b8dc-b06b6a9afd54,41.038285173896426,21.327864456616478,gasResistance,254938
2026-01-20T20:56:33+01:00,7b316592-8036-41e2-b8dc-b06b6a9afd54,41.038285173896426,21.327864456616478,humidity,54
2026-01-20T20:56:33+01:00,7b316592-8036-41e2-b8dc-b06b6a9afd54,41.038285173896426,21.327864456616478,noise,51
2026-01-20T20:56:33+01:00,7b316592-8036-41e2-b8dc-b06b6a9afd54,41.038285173896426,21.327864456616478,noise_dba,49
2026-01-20T20:56:33+01:00,7b316592-8036-41e2-b8dc-b06b6a9afd54,41.038285173896426,21.327864456616478,pm10,22
2026-01-20T20:56:33+01:00,7b316592-8036-41e2-b8dc-b06b6a9afd54,41.038285173896426,21.327864456616478,pm25,17
2026-01-20T20:56:33+01:00,7b316592-8036-41e2-b8dc-b06b6a9afd54,41.038285173896426,21.327864456616478,pressure,947
2026-01-20T20:56:33+01:00,7b316592-8036-41e2-b8dc-b06b6a9afd54,41.038285173896426,21.327864456616478,temperature,5
2026-01-20T21:12:05+01:00,7b316592-8036-41e2-b8dc-b06b6a9afd54,41.038285173896426,21.327864456616478,gasResistance,252609
2026-01-20T21:12:05+01:00,7b316592-8036-41e2-b8dc-b06b6a9afd54,41.038285173896426,21.327864456616478,humidity,54
2026-01-20T21:12:05+01:00,7b316592-8036-41e2-b8dc-b06b6a9afd54,41.038285173896426,21.327864456616478,noise,40
2026-01-20T21:12:05+01:00,7b316592-8036-41e2-b8dc-b06b6a9afd54,41.038285173896426,21.327864456616478,noise_dba,45
2026-01-20T21:12:05+01:00,7b316592-8036-41e2-b8dc-b06b6a9afd54,41.038285173896426,21.327864456616478,pm10,37
2026-01-20T21:12:05+01:00,7b316592-8036-41e2-b8dc-b06b6a9afd54,41.038285173896426,21.327864456616478,pm25,22
2026-01-20T21:12:05+01:00,7b316592-8036-41e2-b8dc-b06b6a9afd54,41.038285173896426,21.327864456616478,pressure,947
2026-01-20T21:12:05+01:00,7b316592-8036-41e2-b8dc-b06b6a9afd54,41.038285173896426,21.327864456616478,temperature,5
2026-01-20T21:27:38+01:00,7b316592-8036-41e2-b8dc-b06b6a9afd54,41.038285173896426,21.327864456616478,gasResistance,254352
2026-01-20T21:27:38+01:00,7b316592-8036-41e2-b8dc-b06b6a9afd54,41.038285173896426,21.327864456616478,humidity,53
2026-01-20T21:27:38+01:00,7b316592-8036-41e2-b8dc-b06b6a9afd54,41.038285173896426,21.327864456616478,noise,37
2026-01-20T21:27:38+01:00,7b316592-8036-41e2-b8dc-b06b6a9afd54,41.038285173896426,21.327864456616478,noise_dba,43
2026-01-20T21:27:38+01:00,7b316592-8036-41e2-b8dc-b06b6a9afd54,41.038285173896426,21.327864456616478,pm10,30
2026-01-20T21:27:38+01:00,7b316592-8036-41e2-b8dc-b06b6a9afd54,41.038285173896426,21.327864456616478,pm25,21
2026-01-20T21:27:38+01:00,7b316592-8036-41e2-b8dc-b06b6a9afd54,41.038285173896426,21.327864456616478,pressure,947
2026-01-20T21:27:38+01:00,7b316592-8036-41e2-b8dc-b06b6a9afd54,41.038285173896426,21.327864456616478,temperature,5
2026-01-20T21:43:10+01:00,7b316592-8036-41e2-b8dc-b06b6a9afd54,41.038285173896426,21.327864456616478,gasResistance,257311
2026-01-20T21:43:10+01:00,7b316592-8036-41e2-b8dc-b06b6a9afd54,41.038285173896426,21.327864456616478,humidity,53
2026-01-20T21:43:10+01:00,7b316592-8036-41e2-b8dc-b06b6a9afd54,41.038285173896426,21.327864456616478,noise,42
2026-01-20T21:43:10+01:00,7b316592-8036-41e2-b8dc-b06b6a9afd54,41.038285173896426,21.327864456616478,noise_dba,45
2026-01-20T21:43:10+01:00,7b316592-8036-41e2-b8dc-b06b6a9afd54,41.038285173896426,21.327864456616478,pm10,36
2026-01-20T21:43:10+01:00,7b316592-8036-41e2-b8dc-b06b6a9afd54,41.038285173896426,21.327864456616478,pm25,26
2026-01-20T21:43:10+01:00,7b316592-8036-41e2-b8dc-b06b6a9afd54,41.038285173896426,21.327864456616478,pressure,947
2026-01-20T21:43:10+01:00,7b316592-8036-41e2-b8dc-b06b6a9afd54,41.038285173896426,21.327864456616478,temperature,5
2026-01-20T21:58:43+01:00,7b316592-8036-41e2-b8dc-b06b6a9afd54,41.038285173896426,21.327864456616478,gasResistance,257311
2026-01-20T21:58:43+01:00,7b316592-8036-41e2-b8dc-b06b6a9afd54,41.038285173896426,21.327864456616478,humidity,52
2026-01-20T21:58:43+01:00,7b316592-8036-41e2-b8dc-b06b6a9afd54,41.038285173896426,21.327864456616478,noise,43
2026-01-20T21:58:43+01:00,7b316592-8036-41e2-b8dc-b06b6a9afd54,41.038285173896426,21.327864456616478,noise_dba,46
2026-01-20T21:58:43+01:00,7b316592-8036-41e2-b8dc-b06b6a9afd54,41.038285173896426,21.327864456616478,pm10,19
2026-01-20T21:58:43+01:00,7b316592-8036-41e2-b8dc-b06b6a9afd54,41.038285173896426,21.327864456616478,pm25,14
2026-01-20T21:58:43+01:00,7b316592-8036-41e2-b8dc-b06b6a9afd54,41.038285173896426,21.327864456616478,pressure,947
2026-01-20T21:58:43+01:00,7b316592-8036-41e2-b8dc-b06b6a9afd54,41.038285173896426,21.327864456616478,temperature,5
2026-01-20T22:14:15+01:00,7b316592-8036-41e2-b8dc-b06b6a9afd54,41.038285173896426,21.327864456616478,gasResistance,263022
2026-01-20T22:14:15+01:00,7b316592-8036-41e2-b8dc-b06b6a9afd54,41.038285173896426,21.327864456616478,humidity,53
2026-01-20T22:14:15+01:00,7b316592-8036-41e2-b8dc-b06b6a9afd54,41.038285173896426,21.327864456616478,noise,36
2026-01-20T22:14:15+01:00,7b316592-8036-41e2-b8dc-b06b6a9afd54,41.038285173896426,21.327864456616478,noise_dba,43
2026-01-20T22:14:15+01:00,7b316592-8036-41e2-b8dc-b06b6a9afd54,41.038285173896426,21.327864456616478,pm10,22
2026-01-20T22:14:15+01:00,7b316592-8036-41e2-b8dc-b06b6a9afd54,41.038285173896426,21.327864456616478,pm25,17
2026-01-20T22:14:15+01:00,7b316592-8036-41e2-b8dc-b06b6a9afd54,41.038285173896426,21.327864456616478,pressure,947
2026-01-20T22:14:15+01:00,7b316592-8036-41e2-b8dc-b06b6a9afd54,41.038285173896426,21.327864456616478,temperature,5
2026-01-20T22:29:47+01:00,7b316592-8036-41e2-b8dc-b06b6a9afd54,41.038285173896426,21.327864456616478,gasResistance,265974
2026-01-20T22:29:47+01:00,7b316592-8036-41e2-b8dc-b06b6a9afd54,41.038285173896426,21.327864456616478,humidity,52
2026-01-20T22:29:47+01:00,7b316592-8036-41e2-b8dc-b06b6a9afd54,41.038285173896426,21.327864456616478,noise,35
2026-01-20T22:29:47+01:00,7b316592-8036-41e2-b8dc-b06b6a9afd54,41.038285173896426,21.327864456616478,noise_dba,43
2026-01-20T22:29:47+01:00,7b316592-8036-41e2-b8dc-b06b6a9afd54,41.038285173896426,21.327864456616478,pm10,16
2026-01-20T22:29:47+01:00,7b316592-8036-41e2-b8dc-b06b6a9afd54,41.038285173896426,21.327864456616478,pm25,13
2026-01-20T22:29:47+01:00,7b316592-8036-41e2-b8dc-b06b6a9afd54,41.038285173896426,21.327864456616478,pressure,947
2026-01-20T22:29:47+01:00,7b316592-8036-41e2-b8dc-b06b6a9afd54,41.038285173896426,21.327864456616478,temperature,5
2026-01-20T22:45:20+01:00,7b316592-8036-41e2-b8dc-b06b6a9afd54,41.038285173896426,21.327864456616478,gasResistance,265761
2026-01-20T22:45:20+01:00,7b316592-8036-41e2-b8dc-b06b6a9afd54,41.038285173896426,21.327864456616478,humidity,52
2026-01-20T22:45:20+01:00,7b316592-8036-41e2-b8dc-b06b6a9afd54,41.038285173896426,21.327864456616478,noise,48
2026-01-20T22:45:20+01:00,7b316592-8036-41e2-b8dc-b06b6a9afd54,41.038285173896426,21.327864456616478,noise_dba,48
2026-01-20T22:45:20+01:00,7b316592-8036-41e2-b8dc-b06b6a9afd54,41.038285173896426,21.327864456616478,pm10,35
2026-01-20T22:45:20+01:00,7b316592-8036-41e2-b8dc-b06b6a9afd54,41.038285173896426,21.327864456616478,pm25,20
2026-01-20T22:45:20+01:00,7b316592-8036-41e2-b8dc-b06b6a9afd54,41.038285173896426,21.327864456616478,pressure,947
2026-01-20T22:45:20+01:00,7b316592-8036-41e2-b8dc-b06b6a9afd54,41.038285173896426,21.327864456616478,temperature,5
2026-01-20T23:00:52+01:00,7b316592-8036-41e2-b8dc-b06b6a9afd54,41.038285173896426,21.327864456616478,gasResistance,267044
2026-01-20T23:00:52+01:00,7b316592-8036-41e2-b8dc-b06b6a9afd54,41.038285173896426,21.327864456616478,humidity,51
2026-01-20T23:00:52+01:00,7b316592-8036-41e2-b8dc-b06b6a9afd54,41.038285173896426,21.327864456616478,noise,44
2026-01-20T23:00:52+01:00,7b316592-8036-41e2-b8dc-b06b6a9afd54,41.038285173896426,21.327864456616478,noise_dba,46
2026-01-20T23:00:52+01:00,7b316592-8036-41e2-b8dc-b06b6a9afd54,41.038285173896426,21.327864456616478,pm10,27
2026-01-20T23:00:52+01:00,7b316592-8036-41e2-b8dc-b06b6a9afd54,41.038285173896426,21.327864456616478,pm25,20
2026-01-20T23:00:52+01:00,7b316592-8036-41e2-b8dc-b06b6a9afd54,41.038285173896426,21.327864456616478,pressure,947
2026-01-20T23:00:52+01:00,7b316592-8036-41e2-b8dc-b06b6a9afd54,41.038285173896426,21.327864456616478,temperature,5
2026-01-20T23:16:24+01:00,7b316592-8036-41e2-b8dc-b06b6a9afd54,41.038285173896426,21.327864456616478,gasResistance,266187
2026-01-20T23:16:24+01:00,7b316592-8036-41e2-b8dc-b06b6a9afd54,41.038285173896426,21.327864456616478,humidity,51
2026-01-20T23:16:24+01:00,7b316592-8036-41e2-b8dc-b06b6a9afd54,41.038285173896426,21.327864456616478,noise,31
2026-01-20T23:16:24+01:00,7b316592-8036-41e2-b8dc-b06b6a9afd54,41.038285173896426,21.327864456616478,noise_dba,41
2026-01-20T23:16:24+01:00,7b316592-8036-41e2-b8dc-b06b6a9afd54,41.038285173896426,21.327864456616478,pm10,32
2026-01-20T23:16:24+01:00,7b316592-8036-41e2-b8dc-b06b6a9afd54,41.038285173896426,21.327864456616478,pm25,21
2026-01-20T23:16:24+01:00,7b316592-8036-41e2-b8dc-b06b6a9afd54,41.038285173896426,21.327864456616478,pressure,947
2026-01-20T23:16:24+01:00,7b316592-8036-41e2-b8dc-b06b6a9afd54,41.038285173896426,21.327864456616478,temperature,5
2026-01-20T23:31:57+01:00,7b316592-8036-41e2-b8dc-b06b6a9afd54,41.038285173896426,21.327864456616478,gasResistance,263231
2026-01-20T23:31:57+01:00,7b316592-8036-41e2-b8dc-b06b6a9afd54,41.038285173896426,21.327864456616478,humidity,50
2026-01-20T23:31:57+01:00,7b316592-8036-41e2-b8dc-b06b6a9afd54,41.038285173896426,21.327864456616478,noise,41
2026-01-20T23:31:57+01:00,7b316592-8036-41e2-b8dc-b06b6a9afd54,41.038285173896426,21.327864456616478,noise_dba,45
2026-01-20T23:31:57+01:00,7b316592-8036-41e2-b8dc-b06b6a9afd54,41.038285173896426,21.327864456616478,pm10,19
2026-01-20T23:31:57+01:00,7b316592-8036-41e2-b8dc-b06b6a9afd54,41.038285173896426,21.327864456616478,pm25,15
2026-01-20T23:31:57+01:00,7b316592-8036-41e2-b8dc-b06b6a9afd54,41.038285173896426,21.327864456616478,pressure,947
2026-01-20T23:31:57+01:00,7b316592-8036-41e2-b8dc-b06b6a9afd54,41.038285173896426,21.327864456616478,temperature,5
2026-01-20T23:47:29+01:00,7b316592-8036-41e2-b8dc-b06b6a9afd54,41.038285173896426,21.327864456616478,gasResistance,256515
2026-01-20T23:47:29+01:00,7b316592-8036-41e2-b8dc-b06b6a9afd54,41.038285173896426,21.327864456616478,humidity,51
2026-01-20T23:47:29+01:00,7b316592-8036-41e2-b8dc-b06b6a9afd54,41.038285173896426,21.327864456616478,noise,47
2026-01-20T23:47:29+01:00,7b316592-8036-41e2-b8dc-b06b6a9afd54,41.038285173896426,21.327864456616478,noise_dba,47
2026-01-20T23:47:29+01:00,7b316592-8036-41e2-b8dc-b06b6a9afd54,41.038285173896426,21.327864456616478,pm10,34
2026-01-20T23:47:29+01:00,7b316592-8036-41e2-b8dc-b06b6a9afd54,41.038285173896426,21.327864456616478,pm25,22
2026-01-20T23:47:29+01:00,7b316592-8036-41e2-b8dc-b06b6a9afd54,41.038285173896426,21.327864456616478,pressure,946
2026-01-20T23:47:29+01:00,7b316592-8036-41e2-b8dc-b06b6a9afd54,41.038285173896426,21.327864456616478,temperature,5
2026-01-21T00:03:02+01:00,7b316592-8036-41e2-b8dc-b06b6a9afd54,41.038285173896426,21.327864456616478,gasResistance,253575
2026-01-21T00:03:02+01:00,7b316592-8036-41e2-b8dc-b06b6a9afd54,41.038285173896426,21.327864456616478,humidity,50
2026-01-21T00:03:02+01:00,7b316592-8036-41e2-b8dc-b06b6a9afd54,41.038285173896426,21.327864456616478,noise,36
2026-01-21T00:03:02+01:00,7b316592-8036-41e2-b8dc-b06b6a9afd54,41.038285173896426,21.327864456616478,noise_dba,43
2026-01-21T00:03:02+01:00,7b316592-8036-41e2-b8dc-b06b6a9afd54,41.038285173896426,21.327864456616478,pm10,34
2026-01-21T00:03:02+01:00,7b316592-8036-41e2-b8dc-b06b6a9afd54,41.038285173896426,21.327864456616478,pm25,22
2026-01-21T00:03:02+01:00,7b316592-8036-41e2-b8dc-b06b6a9afd54,41.038285173896426,21.327864456616478,pressure,946
2026-01-21T00:03:02+01:00,7b316592-8036-41e2-b8dc-b06b6a9afd54,41.038285173896426,21.327864456616478,temperature,5
2026-01-21T00:18:34+01:00,7b316592-8036-41e2-b8dc-b06b6a9afd54,41.038285173896426,21.327864456616478,gasResistance,251651
2026-01-21T00:18:34+01:00,7b316592-8036-41e2-b8dc-b06b6a9afd54,41.038285173896426,21.327864456616478,humidity,51
2026-01-21T00:18:34+01:00,7b316592-8036-41e2-b8dc-b06b6a9afd54,41.038285173896426,21.327864456616478,noise,38
2026-01-21T00:18:34+01:00,7b316592-8036-41e2-b8dc-b06b6a9afd54,41.038285173896426,21.327864456616478,noise_dba,44
2026-01-21T00:18:34+01:00,7b316592-8036-41e2-b8dc-b06b6a9afd54,41.038285173896426,21.327864456616478,pm10,28
2026-01-21T00:18:34+01:00,7b316592-8036-41e2-b8dc-b06b6a9afd54,41.038285173896426,21.327864456616478,pm25,17
2026-01-21T00:18:34+01:00,7b316592-8036-41e2-b8dc-b06b6a9afd54,41.038285173896426,21.327864456616478,pressure,946
2026-01-21T00:18:34+01:00,7b316592-8036-41e2-b8dc-b06b6a9afd54,41.038285173896426,21.327864456616478,temperature,5
2026-01-21T00:34:06+01:00,7b316592-8036-41e2-b8dc-b06b6a9afd54,41.038285173896426,21.327864456616478,gasResistance,245507
2026-01-21T00:34:06+01:00,7b316592-8036-41e2-b8dc-b06b6a9afd54,41.038285173896426,21.327864456616478,humidity,50
2026-01-21T00:34:06+01:00,7b316592-8036-41e2-b8dc-b06b6a9afd54,41.038285173896426,21.327864456616478,noise,41
2026-01-21T00:34:06+01:00,7b316592-8036-41e2-b8dc-b06b6a9afd54,41.038285173896426,21.327864456616478,noise_dba,45
2026-01-21T00:34:06+01:00,7b316592-8036-41e2-b8dc-b06b6a9afd54,41.038285173896426,21.327864456616478,pm10,26
2026-01-21T00:34:06+01:00,7b316592-8036-41e2-b8dc-b06b6a9afd54,41.038285173896426,21.327864456616478,pm25,18
2026-01-21T00:34:06+01:00,7b316592-8036-41e2-b8dc-b06b6a9afd54,41.038285173896426,21.327864456616478,pressure,946
2026-01-21T00:34:06+01:00,7b316592-8036-41e2-b8dc-b06b6a9afd54,41.038285173896426,21.327864456616478,temperature,6
2026-01-21T00:49:39+01:00,7b316592-8036-41e2-b8dc-b06b6a9afd54,41.038285173896426,21.327864456616478,gasResistance,246236
2026-01-21T00:49:39+01:00,7b316592-8036-41e2-b8dc-b06b6a9afd54,41.038285173896426,21.327864456616478,humidity,52
2026-01-21T00:49:39+01:00,7b316592-8036-41e2-b8dc-b06b6a9afd54,41.038285173896426,21.327864456616478,noise,32
2026-01-21T00:49:39+01:00,7b316592-8036-41e2-b8dc-b06b6a9afd54,41.038285173896426,21.327864456616478,noise_dba,41
2026-01-21T00:49:39+01:00,7b316592-8036-41e2-b8dc-b06b6a9afd54,41.038285173896426,21.327864456616478,pm10,29
2026-01-21T00:49:39+01:00,7b316592-8036-41e2-b8dc-b06b6a9afd54,41.038285173896426,21.327864456616478,pm25,19
2026-01-21T00:49:39+01:00,7b316592-8036-41e2-b8dc-b06b6a9afd54,41.038285173896426,21.327864456616478,pressure,945
2026-01-21T00:49:39+01:00,7b316592-8036-41e2-b8dc-b06b6a9afd54,41.038285173896426,21.327864456616478,temperature,5
2026-01-21T01:05:11+01:00,7b316592-8036-41e2-b8dc-b06b6a9afd54,41.038285173896426,21.327864456616478,gasResistance,246785
2026-01-21T01:05:11+01:00,7b316592-8036-41e2-b8dc-b06b6a9afd54,41.038285173896426,21.327864456616478,humidity,54
2026-01-21T01:05:11+01:00,7b316592-8036-41e2-b8dc-b06b6a9afd54,41.038285173896426,21.327864456616478,noise,44
2026-01-21T01:05:11+01:00,7b316592-8036-41e2-b8dc-b06b6a9afd54,41.038285173896426,21.327864456616478,noise_dba,46
2026-01-21T01:05:11+01:00,7b316592-8036-41e2-b8dc-b06b6a9afd54,41.038285173896426,21.327864456616478,pm10,13
2026-01-21T01:05:11+01:00,7b316592-8036-41e2-b8dc-b06b6a9afd54,41.038285173896426,21.327864456616478,pm25,11
2026-01-21T01:05:11+01:00,7b316592-8036-41e2-b8dc-b06b6a9afd54,41.038285173896426,21.327864456616478,pressure,945
2026-01-21T01:05:11+01:00,7b316592-8036-41e2-b8dc-b06b6a9afd54,41.038285173896426,21.327864456616478,temperature,5
2026-01-21T01:20:43+01:00,7b316592-8036-41e2-b8dc-b06b6a9afd54,41.038285173896426,21.327864456616478,gasResistance,241750
2026-01-21T01:20:43+01:00,7b316592-8036-41e2-b8dc-b06b6a9afd54,41.038285173896426,21.327864456616478,humidity,58
2026-01-21T01:20:43+01:00,7b316592-8036-41e2-b8dc-b06b6a9afd54,41.038285173896426,21.327864456616478,noise,43
2026-01-21T01:20:43+01:00,7b316592-8036-41e2-b8dc-b06b6a9afd54,41.038285173896426,21.327864456616478,noise_dba,46
2026-01-21T01:20:43+01:00,7b316592-8036-41e2-b8dc-b06b6a9afd54,41.038285173896426,21.327864456616478,pm10,102
2026-01-21T01:20:43+01:00,7b316592-8036-41e2-b8dc-b06b6a9afd54,41.038285173896426,21.327864456616478,pm25,43
2026-01-21T01:20:43+01:00,7b316592-8036-41e2-b8dc-b06b6a9afd54,41.038285173896426,21.327864456616478,pressure,945
2026-01-21T01:20:43+01:00,7b316592-8036-41e2-b8dc-b06b6a9afd54,41.038285173896426,21.327864456616478,temperature,5
2026-01-21T01:36:16+01:00,7b316592-8036-41e2-b8dc-b06b6a9afd54,41.038285173896426,21.327864456616478,gasResistance,242990
2026-01-21T01:36:16+01:00,7b316592-8036-41e2-b8dc-b06b6a9afd54,41.038285173896426,21.327864456616478,humidity,62
2026-01-21T01:36:16+01:00,7b316592-8036-41e2-b8dc-b06b6a9afd54,41.038285173896426,21.327864456616478,noise,45
2026-01-21T01:36:16+01:00,7b316592-8036-41e2-b8dc-b06b6a9afd54,41.038285173896426,21.327864456616478,noise_dba,47
2026-01-21T01:36:16+01:00,7b316592-8036-41e2-b8dc-b06b6a9afd54,41.038285173896426,21.327864456616478,pm10,13
2026-01-21T01:36:16+01:00,7b316592-8036-41e2-b8dc-b06b6a9afd54,41.038285173896426,21.327864456616478,pm25,10
2026-01-21T01:36:16+01:00,7b316592-8036-41e2-b8dc-b06b6a9afd54,41.038285173896426,21.327864456616478,pressure,945
2026-01-21T01:36:16+01:00,7b316592-8036-41e2-b8dc-b06b6a9afd54,41.038285173896426,21.327864456616478,temperature,4
2026-01-21T01:51:48+01:00,7b316592-8036-41e2-b8dc-b06b6a9afd54,41.038285173896426,21.327864456616478,gasResistance,240002
2026-01-21T01:51:48+01:00,7b316592-8036-41e2-b8dc-b06b6a9afd54,41.038285173896426,21.327864456616478,humidity,63
2026-01-21T01:51:48+01:00,7b316592-8036-41e2-b8dc-b06b6a9afd54,41.038285173896426,21.327864456616478,noise,35
2026-01-21T01:51:48+01:00,7b316592-8036-41e2-b8dc-b06b6a9afd54,41.038285173896426,21.327864456616478,noise_dba,43
2026-01-21T01:51:48+01:00,7b316592-8036-41e2-b8dc-b06b6a9afd54,41.038285173896426,21.327864456616478,pm10,10
2026-01-21T01:51:48+01:00,7b316592-8036-41e2-b8dc-b06b6a9afd54,41.038285173896426,21.327864456616478,pm25,9
2026-01-21T01:51:48+01:00,7b316592-8036-41e2-b8dc-b06b6a9afd54,41.038285173896426,21.327864456616478,pressure,945
2026-01-21T01:51:48+01:00,7b316592-8036-41e2-b8dc-b06b6a9afd54,41.038285173896426,21.327864456616478,temperature,4
2026-01-21T02:07:21+01:00,7b316592-8036-41e2-b8dc-b06b6a9afd54,41.038285173896426,21.327864456616478,gasResistance,248634
2026-01-21T02:07:21+01:00,7b316592-8036-41e2-b8dc-b06b6a9afd54,41.038285173896426,21.327864456616478,humidity,60
2026-01-21T02:07:21+01:00,7b316592-8036-41e2-b8dc-b06b6a9afd54,41.038285173896426,21.327864456616478,noise,45
2026-01-21T02:07:21+01:00,7b316592-8036-41e2-b8dc-b06b6a9afd54,41.038285173896426,21.327864456616478,noise_dba,47
2026-01-21T02:07:21+01:00,7b316592-8036-41e2-b8dc-b06b6a9afd54,41.038285173896426,21.327864456616478,pm10,12
2026-01-21T02:07:21+01:00,7b316592-8036-41e2-b8dc-b06b6a9afd54,41.038285173896426,21.327864456616478,pm25,10
2026-01-21T02:07:21+01:00,7b316592-8036-41e2-b8dc-b06b6a9afd54,41.038285173896426,21.327864456616478,pressure,945
2026-01-21T02:07:21+01:00,7b316592-8036-41e2-b8dc-b06b6a9afd54,41.038285173896426,21.327864456616478,temperature,3
2026-01-21T02:22:53+01:00,7b316592-8036-41e2-b8dc-b06b6a9afd54,41.038285173896426,21.327864456616478,gasResistance,249945
2026-01-21T02:22:53+01:00,7b316592-8036-41e2-b8dc-b06b6a9afd54,41.038285173896426,21.327864456616478,humidity,64
2026-01-21T02:22:53+01:00,7b316592-8036-41e2-b8dc-b06b6a9afd54,41.038285173896426,21.327864456616478,noise,37
2026-01-21T02:22:53+01:00,7b316592-8036-41e2-b8dc-b06b6a9afd54,41.038285173896426,21.327864456616478,noise_dba,43
2026-01-21T02:22:53+01:00,7b316592-8036-41e2-b8dc-b06b6a9afd54,41.038285173896426,21.327864456616478,pm10,14
2026-01-21T02:22:53+01:00,7b316592-8036-41e2-b8dc-b06b6a9afd54,41.038285173896426,21.327864456616478,pm25,11
2026-01-21T02:22:53+01:00,7b316592-8036-41e2-b8dc-b06b6a9afd54,41.038285173896426,21.327864456616478,pressure,945
2026-01-21T02:22:53+01:00,7b316592-8036-41e2-b8dc-b06b6a9afd54,41.038285173896426,21.327864456616478,temperature,3
2026-01-21T02:38:26+01:00,7b316592-8036-41e2-b8dc-b06b6a9afd54,41.038285173896426,21.327864456616478,gasResistance,252995
2026-01-21T02:38:26+01:00,7b316592-8036-41e2-b8dc-b06b6a9afd54,41.038285173896426,21.327864456616478,humidity,64
2026-01-21T02:38:26+01:00,7b316592-8036-41e2-b8dc-b06b6a9afd54,41.038285173896426,21.327864456616478,noise,40
2026-01-21T02:38:26+01:00,7b316592-8036-41e2-b8dc-b06b6a9afd54,41.038285173896426,21.327864456616478,noise_dba,45
2026-01-21T02:38:26+01:00,7b316592-8036-41e2-b8dc-b06b6a9afd54,41.038285173896426,21.327864456616478,pm10,16
2026-01-21T02:38:26+01:00,7b316592-8036-41e2-b8dc-b06b6a9afd54,41.038285173896426,21.327864456616478,pm25,12
2026-01-21T02:38:26+01:00,7b316592-8036-41e2-b8dc-b06b6a9afd54,41.038285173896426,21.327864456616478,pressure,945
2026-01-21T02:38:26+01:00,7b316592-8036-41e2-b8dc-b06b6a9afd54,41.038285173896426,21.327864456616478,temperature,3
2026-01-21T02:53:58+01:00,7b316592-8036-41e2-b8dc-b06b6a9afd54,41.038285173896426,21.327864456616478,gasResistance,251461
2026-01-21T02:53:58+01:00,7b316592-8036-41e2-b8dc-b06b6a9afd54,41.038285173896426,21.327864456616478,humidity,65
2026-01-21T02:53:58+01:00,7b316592-8036-41e2-b8dc-b06b6a9afd54,41.038285173896426,21.327864456616478,noise,44
2026-01-21T02:53:58+01:00,7b316592-8036-41e2-b8dc-b06b6a9afd54,41.038285173896426,21.327864456616478,noise_dba,46
2026-01-21T02:53:58+01:00,7b316592-8036-41e2-b8dc-b06b6a9afd54,41.038285173896426,21.327864456616478,pm10,21
2026-01-21T02:53:58+01:00,7b316592-8036-41e2-b8dc-b06b6a9afd54,41.038285173896426,21.327864456616478,pm25,14
2026-01-21T02:53:58+01:00,7b316592-8036-41e2-b8dc-b06b6a9afd54,41.038285173896426,21.327864456616478,pressure,945
2026-01-21T02:53:58+01:00,7b316592-8036-41e2-b8dc-b06b6a9afd54,41.038285173896426,21.327864456616478,temperature,3
2026-01-21T03:09:31+01:00,7b316592-8036-41e2-b8dc-b06b6a9afd54,41.038285173896426,21.327864456616478,gasResistance,244602
2026-01-21T03:09:31+01:00,7b316592-8036-41e2-b8dc-b06b6a9afd54,41.038285173896426,21.327864456616478,humidity,67
2026-01-21T03:09:31+01:00,7b316592-8036-41e2-b8dc-b06b6a9afd54,41.038285173896426,21.327864456616478,noise,41
2026-01-21T03:09:31+01:00,7b316592-8036-41e2-b8dc-b06b6a9afd54,41.038285173896426,21.327864456616478,noise_dba,45
2026-01-21T03:09:31+01:00,7b316592-8036-41e2-b8dc-b06b6a9afd54,41.038285173896426,21.327864456616478,pm10,16
2026-01-21T03:09:31+01:00,7b316592-8036-41e2-b8dc-b06b6a9afd54,41.038285173896426,21.327864456616478,pm25,11
2026-01-21T03:09:31+01:00,7b316592-8036-41e2-b8dc-b06b6a9afd54,41.038285173896426,21.327864456616478,pressure,944
2026-01-21T03:09:31+01:00,7b316592-8036-41e2-b8dc-b06b6a9afd54,41.038285173896426,21.327864456616478,temperature,3
2026-01-21T03:25:03+01:00,7b316592-8036-41e2-b8dc-b06b6a9afd54,41.038285173896426,21.327864456616478,gasResistance,240002
2026-01-21T03:25:03+01:00,7b316592-8036-41e2-b8dc-b06b6a9afd54,41.038285173896426,21.327864456616478,humidity,72
2026-01-21T03:25:03+01:00,7b316592-8036-41e2-b8dc-b06b6a9afd54,41.038285173896426,21.327864456616478,noise,56
2026-01-21T03:25:03+01:00,7b316592-8036-41e2-b8dc-b06b6a9afd54,41.038285173896426,21.327864456616478,noise_dba,50
2026-01-21T03:25:03+01:00,7b316592-8036-41e2-b8dc-b06b6a9afd54,41.038285173896426,21.327864456616478,pm10,11
2026-01-21T03:25:03+01:00,7b316592-8036-41e2-b8dc-b06b6a9afd54,41.038285173896426,21.327864456616478,pm25,9
2026-01-21T03:25:03+01:00,7b316592-8036-41e2-b8dc-b06b6a9afd54,41.038285173896426,21.327864456616478,pressure,944
2026-01-21T03:25:03+01:00,7b316592-8036-41e2-b8dc-b06b6a9afd54,41.038285173896426,21.327864456616478,temperature,3
2026-01-21T03:40:35+01:00,7b316592-8036-41e2-b8dc-b06b6a9afd54,41.038285173896426,21.327864456616478,gasResistance,232273
2026-01-21T03:40:35+01:00,7b316592-8036-41e2-b8dc-b06b6a9afd54,41.038285173896426,21.327864456616478,humidity,76
2026-01-21T03:40:35+01:00,7b316592-8036-41e2-b8dc-b06b6a9afd54,41.038285173896426,21.327864456616478,noise,60
2026-01-21T03:40:35+01:00,7b316592-8036-41e2-b8dc-b06b6a9afd54,41.038285173896426,21.327864456616478,noise_dba,51
2026-01-21T03:40:35+01:00,7b316592-8036-41e2-b8dc-b06b6a9afd54,41.038285173896426,21.327864456616478,pm10,10
2026-01-21T03:40:35+01:00,7b316592-8036-41e2-b8dc-b06b6a9afd54,41.038285173896426,21.327864456616478,pm25,8
2026-01-21T03:40:35+01:00,7b316592-8036-41e2-b8dc-b06b6a9afd54,41.038285173896426,21.327864456616478,pressure,944
2026-01-21T03:40:35+01:00,7b316592-8036-41e2-b8dc-b06b6a9afd54,41.038285173896426,21.327864456616478,temperature,2
2026-01-21T03:56:06+01:00,7b316592-8036-41e2-b8dc-b06b6a9afd54,41.038285173896426,21.327864456616478,gasResistance,233089
2026-01-21T03:56:06+01:00,7b316592-8036-41e2-b8dc-b06b6a9afd54,41.038285173896426,21.327864456616478,humidity,78
2026-01-21T03:56:06+01:00,7b316592-8036-41e2-b8dc-b06b6a9afd54,41.038285173896426,21.327864456616478,noise,57
2026-01-21T03:56:06+01:00,7b316592-8036-41e2-b8dc-b06b6a9afd54,41.038285173896426,21.327864456616478,noise_dba,50
2026-01-21T03:56:06+01:00,7b316592-8036-41e2-b8dc-b06b6a9afd54,41.038285173896426,21.327864456616478,pm10,17
2026-01-21T03:56:06+01:00,7b316592-8036-41e2-b8dc-b06b6a9afd54,41.038285173896426,21.327864456616478,pm25,13
2026-01-21T03:56:06+01:00,7b316592-8036-41e2-b8dc-b06b6a9afd54,41.038285173896426,21.327864456616478,pressure,944
2026-01-21T03:56:06+01:00,7b316592-8036-41e2-b8dc-b06b6a9afd54,41.038285173896426,21.327864456616478,temperature,2
2026-01-21T04:11:39+01:00,7b316592-8036-41e2-b8dc-b06b6a9afd54,41.038285173896426,21.327864456616478,gasResistance,223662
2026-01-21T04:11:39+01:00,7b316592-8036-41e2-b8dc-b06b6a9afd54,41.038285173896426,21.327864456616478,humidity,83
2026-01-21T04:11:39+01:00,7b316592-8036-41e2-b8dc-b06b6a9afd54,41.038285173896426,21.327864456616478,noise,66
2026-01-21T04:11:39+01:00,7b316592-8036-41e2-b8dc-b06b6a9afd54,41.038285173896426,21.327864456616478,noise_dba,53
2026-01-21T04:11:39+01:00,7b316592-8036-41e2-b8dc-b06b6a9afd54,41.038285173896426,21.327864456616478,pm10,18
2026-01-21T04:11:39+01:00,7b316592-8036-41e2-b8dc-b06b6a9afd54,41.038285173896426,21.327864456616478,pm25,14
2026-01-21T04:11:39+01:00,7b316592-8036-41e2-b8dc-b06b6a9afd54,41.038285173896426,21.327864456616478,pressure,944
2026-01-21T04:11:39+01:00,7b316592-8036-41e2-b8dc-b06b6a9afd54,41.038285173896426,21.327864456616478,temperature,1
2026-01-21T04:27:11+01:00,7b316592-8036-41e2-b8dc-b06b6a9afd54,41.038285173896426,21.327864456616478,gasResistance,224722
2026-01-21T04:27:11+01:00,7b316592-8036-41e2-b8dc-b06b6a9afd54,41.038285173896426,21.327864456616478,humidity,83
2026-01-21T04:27:11+01:00,7b316592-8036-41e2-b8dc-b06b6a9afd54,41.038285173896426,21.327864456616478,noise,68
2026-01-21T04:27:11+01:00,7b316592-8036-41e2-b8dc-b06b6a9afd54,41.038285173896426,21.327864456616478,noise_dba,53
2026-01-21T04:27:11+01:00,7b316592-8036-41e2-b8dc-b06b6a9afd54,41.038285173896426,21.327864456616478,pm10,16
2026-01-21T04:27:11+01:00,7b316592-8036-41e2-b8dc-b06b6a9afd54,41.038285173896426,21.327864456616478,pm25,13
2026-01-21T04:27:11+01:00,7b316592-8036-41e2-b8dc-b06b6a9afd54,41.038285173896426,21.327864456616478,pressure,944
2026-01-21T04:27:11+01:00,7b316592-8036-41e2-b8dc-b06b6a9afd54,41.038285173896426,21.327864456616478,temperature,1
2026-01-21T04:42:42+01:00,7b316592-8036-41e2-b8dc-b06b6a9afd54,41.038285173896426,21.327864456616478,gasResistance,223361
2026-01-21T04:42:42+01:00,7b316592-8036-41e2-b8dc-b06b6a9afd54,41.038285173896426,21.327864456616478,humidity,82
2026-01-21T04:42:42+01:00,7b316592-8036-41e2-b8dc-b06b6a9afd54,41.038285173896426,21.327864456616478,noise,55
2026-01-21T04:42:42+01:00,7b316592-8036-41e2-b8dc-b06b6a9afd54,41.038285173896426,21.327864456616478,noise_dba,50
2026-01-21T04:42:42+01:00,7b316592-8036-41e2-b8dc-b06b6a9afd54,41.038285173896426,21.327864456616478,pm10,18
2026-01-21T04:42:42+01:00,7b316592-8036-41e2-b8dc-b06b6a9afd54,41.038285173896426,21.327864456616478,pm25,14
2026-01-21T04:42:42+01:00,7b316592-8036-41e2-b8dc-b06b6a9afd54,41.038285173896426,21.327864456616478,pressure,944
2026-01-21T04:42:42+01:00,7b316592-8036-41e2-b8dc-b06b6a9afd54,41.038285173896426,21.327864456616478,temperature,0
2026-01-21T04:58:14+01:00,7b316592-8036-41e2-b8dc-b06b6a9afd54,41.038285173896426,21.327864456616478,gasResistance,232273
2026-01-21T04:58:14+01:00,7b316592-8036-41e2-b8dc-b06b6a9afd54,41.038285173896426,21.327864456616478,humidity,84
2026-01-21T04:58:14+01:00,7b316592-8036-41e2-b8dc-b06b6a9afd54,41.038285173896426,21.327864456616478,noise,55
2026-01-21T04:58:14+01:00,7b316592-8036-41e2-b8dc-b06b6a9afd54,41.038285173896426,21.327864456616478,noise_dba,50
2026-01-21T04:58:14+01:00,7b316592-8036-41e2-b8dc-b06b6a9afd54,41.038285173896426,21.327864456616478,pm10,15
2026-01-21T04:58:14+01:00,7b316592-8036-41e2-b8dc-b06b6a9afd54,41.038285173896426,21.327864456616478,pm25,11
2026-01-21T04:58:14+01:00,7b316592-8036-41e2-b8dc-b06b6a9afd54,41.038285173896426,21.327864456616478,pressure,943
2026-01-21T04:58:14+01:00,7b316592-8036-41e2-b8dc-b06b6a9afd54,41.038285173896426,21.327864456616478,temperature,0
2026-01-21T05:13:45+01:00,7b316592-8036-41e2-b8dc-b06b6a9afd54,41.038285173896426,21.327864456616478,gasResistance,231302
2026-01-21T05:13:45+01:00,7b316592-8036-41e2-b8dc-b06b6a9afd54,41.038285173896426,21.327864456616478,humidity,83
2026-01-21T05:13:45+01:00,7b316592-8036-41e2-b8dc-b06b6a9afd54,41.038285173896426,21.327864456616478,noise,64
2026-01-21T05:13:45+01:00,7b316592-8036-41e2-b8dc-b06b6a9afd54,41.038285173896426,21.327864456616478,noise_dba,52
2026-01-21T05:13:45+01:00,7b316592-8036-41e2-b8dc-b06b6a9afd54,41.038285173896426,21.327864456616478,pm10,13
2026-01-21T05:13:45+01:00,7b316592-8036-41e2-b8dc-b06b6a9afd54,41.038285173896426,21.327864456616478,pm25,10
2026-01-21T05:13:45+01:00,7b316592-8036-41e2-b8dc-b06b6a9afd54,41.038285173896426,21.327864456616478,pressure,943
2026-01-21T05:13:45+01:00,7b316592-8036-41e2-b8dc-b06b6a9afd54,41.038285173896426,21.327864456616478,temperature,0
2026-01-21T05:29:17+01:00,7b316592-8036-41e2-b8dc-b06b6a9afd54,41.038285173896426,21.327864456616478,gasResistance,236411
2026-01-21T05:29:17+01:00,7b316592-8036-41e2-b8dc-b06b6a9afd54,41.038285173896426,21.327864456616478,humidity,83
2026-01-21T05:29:17+01:00,7b316592-8036-41e2-b8dc-b06b6a9afd54,41.038285173896426,21.327864456616478,noise,65
2026-01-21T05:29:17+01:00,7b316592-8036-41e2-b8dc-b06b6a9afd54,41.038285173896426,21.327864456616478,noise_dba,53
2026-01-21T05:29:17+01:00,7b316592-8036-41e2-b8dc-b06b6a9afd54,41.038285173896426,21.327864456616478,pm10,15
2026-01-21T05:29:17+01:00,7b316592-8036-41e2-b8dc-b06b6a9afd54,41.038285173896426,21.327864456616478,pm25,12
2026-01-21T05:29:17+01:00,7b316592-8036-41e2-b8dc-b06b6a9afd54,41.038285173896426,21.327864456616478,pressure,943
2026-01-21T05:29:17+01:00,7b316592-8036-41e2-b8dc-b06b6a9afd54,41.038285173896426,21.327864456616478,temperature,0
2026-01-21T05:44:48+01:00,7b316592-8036-41e2-b8dc-b06b6a9afd54,41.038285173896426,21.327864456616478,gasResistance,236917
2026-01-21T05:44:48+01:00,7b316592-8036-41e2-b8dc-b06b6a9afd54,41.038285173896426,21.327864456616478,humidity,82
2026-01-21T05:44:48+01:00,7b316592-8036-41e2-b8dc-b06b6a9afd54,41.038285173896426,21.327864456616478,noise,64
2026-01-21T05:44:48+01:00,7b316592-8036-41e2-b8dc-b06b6a9afd54,41.038285173896426,21.327864456616478,noise_dba,52
2026-01-21T05:44:48+01:00,7b316592-8036-41e2-b8dc-b06b6a9afd54,41.038285173896426,21.327864456616478,pm10,15
2026-01-21T05:44:48+01:00,7b316592-8036-41e2-b8dc-b06b6a9afd54,41.038285173896426,21.327864456616478,pm25,11
2026-01-21T05:44:48+01:00,7b316592-8036-41e2-b8dc-b06b6a9afd54,41.038285173896426,21.327864456616478,pressure,943
2026-01-21T05:44:48+01:00,7b316592-8036-41e2-b8dc-b06b6a9afd54,41.038285173896426,21.327864456616478,temperature,0
2026-01-21T06:00:19+01:00,7b316592-8036-41e2-b8dc-b06b6a9afd54,41.038285173896426,21.327864456616478,gasResistance,242457
2026-01-21T06:00:19+01:00,7b316592-8036-41e2-b8dc-b06b6a9afd54,41.038285173896426,21.327864456616478,humidity,80
2026-01-21T06:00:19+01:00,7b316592-8036-41e2-b8dc-b06b6a9afd54,41.038285173896426,21.327864456616478,noise,65
2026-01-21T06:00:19+01:00,7b316592-8036-41e2-b8dc-b06b6a9afd54,41.038285173896426,21.327864456616478,noise_dba,53
2026-01-21T06:00:19+01:00,7b316592-8036-41e2-b8dc-b06b6a9afd54,41.038285173896426,21.327864456616478,pm10,17
2026-01-21T06:00:19+01:00,7b316592-8036-41e2-b8dc-b06b6a9afd54,41.038285173896426,21.327864456616478,pm25,12
2026-01-21T06:00:19+01:00,7b316592-8036-41e2-b8dc-b06b6a9afd54,41.038285173896426,21.327864456616478,pressure,943
2026-01-21T06:00:19+01:00,7b316592-8036-41e2-b8dc-b06b6a9afd54,41.038285173896426,21.327864456616478,temperature,0
2026-01-21T06:15:51+01:00,7b316592-8036-41e2-b8dc-b06b6a9afd54,41.038285173896426,21.327864456616478,gasResistance,246236
2026-01-21T06:15:51+01:00,7b316592-8036-41e2-b8dc-b06b6a9afd54,41.038285173896426,21.327864456616478,humidity,78
2026-01-21T06:15:51+01:00,7b316592-8036-41e2-b8dc-b06b6a9afd54,41.038285173896426,21.327864456616478,noise,63
2026-01-21T06:15:51+01:00,7b316592-8036-41e2-b8dc-b06b6a9afd54,41.038285173896426,21.327864456616478,noise_dba,52
2026-01-21T06:15:51+01:00,7b316592-8036-41e2-b8dc-b06b6a9afd54,41.038285173896426,21.327864456616478,pm10,384
2026-01-21T06:15:51+01:00,7b316592-8036-41e2-b8dc-b06b6a9afd54,41.038285173896426,21.327864456616478,pm25,157
2026-01-21T06:15:51+01:00,7b316592-8036-41e2-b8dc-b06b6a9afd54,41.038285173896426,21.327864456616478,pressure,943
2026-01-21T06:15:51+01:00,7b316592-8036-41e2-b8dc-b06b6a9afd54,41.038285173896426,21.327864456616478,temperature,1
2026-01-21T06:31:22+01:00,7b316592-8036-41e2-b8dc-b06b6a9afd54,41.038285173896426,21.327864456616478,gasResistance,249007
2026-01-21T06:31:22+01:00,7b316592-8036-41e2-b8dc-b06b6a9afd54,41.038285173896426,21.327864456616478,humidity,76
2026-01-21T06:31:22+01:00,7b316592-8036-41e2-b8dc-b06b6a9afd54,41.038285173896426,21.327864456616478,noise,65
2026-01-21T06:31:22+01:00,7b316592-8036-41e2-b8dc-b06b6a9afd54,41.038285173896426,21.327864456616478,noise_dba,53
2026-01-21T06:31:22+01:00,7b316592-8036-41e2-b8dc-b06b6a9afd54,41.038285173896426,21.327864456616478,pm10,22
2026-01-21T06:31:22+01:00,7b316592-8036-41e2-b8dc-b06b6a9afd54,41.038285173896426,21.327864456616478,pm25,17
2026-01-21T06:31:22+01:00,7b316592-8036-41e2-b8dc-b06b6a9afd54,41.038285173896426,21.327864456616478,pressure,943
2026-01-21T06:31:22+01:00,7b316592-8036-41e2-b8dc-b06b6a9afd54,41.038285173896426,21.327864456616478,temperature,1
2026-01-21T06:46:53+01:00,7b316592-8036-41e2-b8dc-b06b6a9afd54,41.038285173896426,21.327864456616478,gasResistance,252609
2026-01-21T06:46:53+01:00,7b316592-8036-41e2-b8dc-b06b6a9afd54,41.038285173896426,21.327864456616478,humidity,76
2026-01-21T06:46:53+01:00,7b316592-8036-41e2-b8dc-b06b6a9afd54,41.038285173896426,21.327864456616478,noise,58
2026-01-21T06:46:53+01:00,7b316592-8036-41e2-b8dc-b06b6a9afd54,41.038285173896426,21.327864456616478,noise_dba,51
2026-01-21T06:46:53+01:00,7b316592-8036-41e2-b8dc-b06b6a9afd54,41.038285173896426,21.327864456616478,pm10,25
2026-01-21T06:46:53+01:00,7b316592-8036-41e2-b8dc-b06b6a9afd54,41.038285173896426,21.327864456616478,pm25,17
2026-01-21T06:46:53+01:00,7b316592-8036-41e2-b8dc-b06b6a9afd54,41.038285173896426,21.327864456616478,pressure,943
2026-01-21T06:46:53+01:00,7b316592-8036-41e2-b8dc-b06b6a9afd54,41.038285173896426,21.327864456616478,temperature,1
2026-01-21T07:02:25+01:00,7b316592-8036-41e2-b8dc-b06b6a9afd54,41.038285173896426,21.327864456616478,gasResistance,256912
2026-01-21T07:02:25+01:00,7b316592-8036-41e2-b8dc-b06b6a9afd54,41.038285173896426,21.327864456616478,humidity,76
2026-01-21T07:02:25+01:00,7b316592-8036-41e2-b8dc-b06b6a9afd54,41.038285173896426,21.327864456616478,noise,58
2026-01-21T07:02:25+01:00,7b316592-8036-41e2-b8dc-b06b6a9afd54,41.038285173896426,21.327864456616478,noise_dba,51
2026-01-21T07:02:25+01:00,7b316592-8036-41e2-b8dc-b06b6a9afd54,41.038285173896426,21.327864456616478,pm10,20
2026-01-21T07:02:25+01:00,7b316592-8036-41e2-b8dc-b06b6a9afd54,41.038285173896426,21.327864456616478,pm25,15
2026-01-21T07:02:25+01:00,7b316592-8036-41e2-b8dc-b06b6a9afd54,41.038285173896426,21.327864456616478,pressure,943
2026-01-21T07:02:25+01:00,7b316592-8036-41e2-b8dc-b06b6a9afd54,41.038285173896426,21.327864456616478,temperature,1
2026-01-21T07:17:57+01:00,7b316592-8036-41e2-b8dc-b06b6a9afd54,41.038285173896426,21.327864456616478,gasResistance,258715
2026-01-21T07:17:57+01:00,7b316592-8036-41e2-b8dc-b06b6a9afd54,41.038285173896426,21.327864456616478,humidity,75
2026-01-21T07:17:57+01:00,7b316592-8036-41e2-b8dc-b06b6a9afd54,41.038285173896426,21.327864456616478,noise,65
2026-01-21T07:17:57+01:00,7b316592-8036-41e2-b8dc-b06b6a9afd54,41.038285173896426,21.327864456616478,noise_dba,53
2026-01-21T07:17:57+01:00,7b316592-8036-41e2-b8dc-b06b6a9afd54,41.038285173896426,21.327864456616478,pm10,34
2026-01-21T07:17:57+01:00,7b316592-8036-41e2-b8dc-b06b6a9afd54,41.038285173896426,21.327864456616478,pm25,22
2026-01-21T07:17:57+01:00,7b316592-8036-41e2-b8dc-b06b6a9afd54,41.038285173896426,21.327864456616478,pressure,943
2026-01-21T07:17:57+01:00,7b316592-8036-41e2-b8dc-b06b6a9afd54,41.038285173896426,21.327864456616478,temperature,1
2026-01-21T07:33:29+01:00,7b316592-8036-41e2-b8dc-b06b6a9afd54,41.038285173896426,21.327864456616478,gasResistance,260339
2026-01-21T07:33:29+01:00,7b316592-8036-41e2-b8dc-b06b6a9afd54,41.038285173896426,21.327864456616478,humidity,74
2026-01-21T07:33:29+01:00,7b316592-8036-41e2-b8dc-b06b6a9afd54,41.038285173896426,21.327864456616478,noise,55
2026-01-21T07:33:29+01:00,7b316592-8036-41e2-b8dc-b06b6a9afd54,41.038285173896426,21.327864456616478,noise_dba,50
2026-01-21T07:33:29+01:00,7b316592-8036-41e2-b8dc-b06b6a9afd54,41.038285173896426,21.327864456616478,pm10,25
2026-01-21T07:33:29+01:00,7b316592-8036-41e2-b8dc-b06b6a9afd54,41.038285173896426,21.327864456616478,pm25,19
2026-01-21T07:33:29+01:00,7b316592-8036-41e2-b8dc-b06b6a9afd54,41.038285173896426,21.327864456616478,pressure,942
2026-01-21T07:33:29+01:00,7b316592-8036-41e2-b8dc-b06b6a9afd54,41.038285173896426,21.327864456616478,temperature,1
2026-01-21T07:49:00+01:00,7b316592-8036-41e2-b8dc-b06b6a9afd54,41.038285173896426,21.327864456616478,gasResistance,260544
2026-01-21T07:49:00+01:00,7b316592-8036-41e2-b8dc-b06b6a9afd54,41.038285173896426,21.327864456616478,humidity,73
2026-01-21T07:49:00+01:00,7b316592-8036-41e2-b8dc-b06b6a9afd54,41.038285173896426,21.327864456616478,noise,60
2026-01-21T07:49:00+01:00,7b316592-8036-41e2-b8dc-b06b6a9afd54,41.038285173896426,21.327864456616478,noise_dba,51
2026-01-21T07:49:00+01:00,7b316592-8036-41e2-b8dc-b06b6a9afd54,41.038285173896426,21.327864456616478,pm10,26
2026-01-21T07:49:00+01:00,7b316592-8036-41e2-b8dc-b06b6a9afd54,41.038285173896426,21.327864456616478,pm25,21
2026-01-21T07:49:00+01:00,7b316592-8036-41e2-b8dc-b06b6a9afd54,41.038285173896426,21.327864456616478,pressure,942
2026-01-21T07:49:00+01:00,7b316592-8036-41e2-b8dc-b06b6a9afd54,41.038285173896426,21.327864456616478,temperature,2
2026-01-21T08:04:32+01:00,7b316592-8036-41e2-b8dc-b06b6a9afd54,41.038285173896426,21.327864456616478,gasResistance,262398
2026-01-21T08:04:32+01:00,7b316592-8036-41e2-b8dc-b06b6a9afd54,41.038285173896426,21.327864456616478,humidity,74
2026-01-21T08:04:32+01:00,7b316592-8036-41e2-b8dc-b06b6a9afd54,41.038285173896426,21.327864456616478,noise,63
2026-01-21T08:04:32+01:00,7b316592-8036-41e2-b8dc-b06b6a9afd54,41.038285173896426,21.327864456616478,noise_dba,52
2026-01-21T08:04:32+01:00,7b316592-8036-41e2-b8dc-b06b6a9afd54,41.038285173896426,21.327864456616478,pm10,49
2026-01-21T08:04:32+01:00,7b316592-8036-41e2-b8dc-b06b6a9afd54,41.038285173896426,21.327864456616478,pm25,33
2026-01-21T08:04:32+01:00,7b316592-8036-41e2-b8dc-b06b6a9afd54,41.038285173896426,21.327864456616478,pressure,942
2026-01-21T08:04:32+01:00,7b316592-8036-41e2-b8dc-b06b6a9afd54,41.038285173896426,21.327864456616478,temperature,2
2026-01-21T08:20:03+01:00,7b316592-8036-41e2-b8dc-b06b6a9afd54,41.038285173896426,21.327864456616478,gasResistance,261159
2026-01-21T08:20:03+01:00,7b316592-8036-41e2-b8dc-b06b6a9afd54,41.038285173896426,21.327864456616478,humidity,73
2026-01-21T08:20:03+01:00,7b316592-8036-41e2-b8dc-b06b6a9afd54,41.038285173896426,21.327864456616478,noise,61
2026-01-21T08:20:03+01:00,7b316592-8036-41e2-b8dc-b06b6a9afd54,41.038285173896426,21.327864456616478,noise_dba,52
2026-01-21T08:20:03+01:00,7b316592-8036-41e2-b8dc-b06b6a9afd54,41.038285173896426,21.327864456616478,pm10,150
2026-01-21T08:20:03+01:00,7b316592-8036-41e2-b8dc-b06b6a9afd54,41.038285173896426,21.327864456616478,pm25,67
2026-01-21T08:20:03+01:00,7b316592-8036-41e2-b8dc-b06b6a9afd54,41.038285173896426,21.327864456616478,pressure,942
2026-01-21T08:20:03+01:00,7b316592-8036-41e2-b8dc-b06b6a9afd54,41.038285173896426,21.327864456616478,temperature,2
2026-01-21T08:35:34+01:00,7b316592-8036-41e2-b8dc-b06b6a9afd54,41.038285173896426,21.327864456616478,gasResistance,256714
2026-01-21T08:35:34+01:00,7b316592-8036-41e2-b8dc-b06b6a9afd54,41.038285173896426,21.327864456616478,humidity,73
2026-01-21T08:35:34+01:00,7b316592-8036-41e2-b8dc-b06b6a9afd54,41.038285173896426,21.327864456616478,noise,51
2026-01-21T08:35:34+01:00,7b316592-8036-41e2-b8dc-b06b6a9afd54,41.038285173896426,21.327864456616478,noise_dba,49
2026-01-21T08:35:34+01:00,7b316592-8036-41e2-b8dc-b06b6a9afd54,41.038285173896426,21.327864456616478,pm10,23
2026-01-21T08:35:34+01:00,7b316592-8036-41e2-b8dc-b06b6a9afd54,41.038285173896426,21.327864456616478,pm25,18
2026-01-21T08:35:34+01:00,7b316592-8036-41e2-b8dc-b06b6a9afd54,41.038285173896426,21.327864456616478,pressure,942
2026-01-21T08:35:34+01:00,7b316592-8036-41e2-b8dc-b06b6a9afd54,41.038285173896426,21.327864456616478,temperature,2
2026-01-21T08:51:06+01:00,7b316592-8036-41e2-b8dc-b06b6a9afd54,41.038285173896426,21.327864456616478,gasResistance,257111
2026-01-21T08:51:06+01:00,7b316592-8036-41e2-b8dc-b06b6a9afd54,41.038285173896426,21.327864456616478,humidity,72
2026-01-21T08:51:06+01:00,7b316592-8036-41e2-b8dc-b06b6a9afd54,41.038285173896426,21.327864456616478,noise,67
2026-01-21T08:51:06+01:00,7b316592-8036-41e2-b8dc-b06b6a9afd54,41.038285173896426,21.327864456616478,noise_dba,53
2026-01-21T08:51:06+01:00,7b316592-8036-41e2-b8dc-b06b6a9afd54,41.038285173896426,21.327864456616478,pm10,24
2026-01-21T08:51:06+01:00,7b316592-8036-41e2-b8dc-b06b6a9afd54,41.038285173896426,21.327864456616478,pm25,17
2026-01-21T08:51:06+01:00,7b316592-8036-41e2-b8dc-b06b6a9afd54,41.038285173896426,21.327864456616478,pressure,942
2026-01-21T08:51:06+01:00,7b316592-8036-41e2-b8dc-b06b6a9afd54,41.038285173896426,21.327864456616478,temperature,2
2026-01-21T09:06:37+01:00,7b316592-8036-41e2-b8dc-b06b6a9afd54,41.038285173896426,21.327864456616478,gasResistance,257911
2026-01-21T09:06:37+01:00,7b316592-8036-41e2-b8dc-b06b6a9afd54,41.038285173896426,21.327864456616478,humidity,72
2026-01-21T09:06:37+01:00,7b316592-8036-41e2-b8dc-b06b6a9afd54,41.038285173896426,21.327864456616478,noise,56
2026-01-21T09:06:37+01:00,7b316592-8036-41e2-b8dc-b06b6a9afd54,41.038285173896426,21.327864456616478,noise_dba,50
2026-01-21T09:06:37+01:00,7b316592-8036-41e2-b8dc-b06b6a9afd54,41.038285173896426,21.327864456616478,pm10,39
2026-01-21T09:06:37+01:00,7b316592-8036-41e2-b8dc-b06b6a9afd54,41.038285173896426,21.327864456616478,pm25,30
2026-01-21T09:06:37+01:00,7b316592-8036-41e2-b8dc-b06b6a9afd54,41.038285173896426,21.327864456616478,pressure,942
2026-01-21T09:06:37+01:00,7b316592-8036-41e2-b8dc-b06b6a9afd54,41.038285173896426,21.327864456616478,temperature,2
2026-01-21T09:22:08+01:00,7b316592-8036-41e2-b8dc-b06b6a9afd54,41.038285173896426,21.327864456616478,gasResistance,256912
2026-01-21T09:22:08+01:00,7b316592-8036-41e2-b8dc-b06b6a9afd54,41.038285173896426,21.327864456616478,humidity,71
2026-01-21T09:22:08+01:00,7b316592-8036-41e2-b8dc-b06b6a9afd54,41.038285173896426,21.327864456616478,noise,55
2026-01-21T09:22:08+01:00,7b316592-8036-41e2-b8dc-b06b6a9afd54,41.038285173896426,21.327864456616478,noise_dba,50
2026-01-21T09:22:08+01:00,7b316592-8036-41e2-b8dc-b06b6a9afd54,41.038285173896426,21.327864456616478,pm10,26
2026-01-21T09:22:08+01:00,7b316592-8036-41e2-b8dc-b06b6a9afd54,41.038285173896426,21.327864456616478,pm25,20
2026-01-21T09:22:08+01:00,7b316592-8036-41e2-b8dc-b06b6a9afd54,41.038285173896426,21.327864456616478,pressure,942
2026-01-21T09:22:08+01:00,7b316592-8036-41e2-b8dc-b06b6a9afd54,41.038285173896426,21.327864456616478,temperature,3
2026-01-21T09:37:40+01:00,7b316592-8036-41e2-b8dc-b06b6a9afd54,41.038285173896426,21.327864456616478,gasResistance,249007
2026-01-21T09:37:40+01:00,7b316592-8036-41e2-b8dc-b06b6a9afd54,41.038285173896426,21.327864456616478,humidity,70
2026-01-21T09:37:40+01:00,7b316592-8036-41e2-b8dc-b06b6a9afd54,41.038285173896426,21.327864456616478,noise,68
2026-01-21T09:37:40+01:00,7b316592-8036-41e2-b8dc-b06b6a9afd54,41.038285173896426,21.327864456616478,noise_dba,53
2026-01-21T09:37:40+01:00,7b316592-8036-41e2-b8dc-b06b6a9afd54,41.038285173896426,21.327864456616478,pm10,20
2026-01-21T09:37:40+01:00,7b316592-8036-41e2-b8dc-b06b6a9afd54,41.038285173896426,21.327864456616478,pm25,15
2026-01-21T09:37:40+01:00,7b316592-8036-41e2-b8dc-b06b6a9afd54,41.038285173896426,21.327864456616478,pressure,942
2026-01-21T09:37:40+01:00,7b316592-8036-41e2-b8dc-b06b6a9afd54,41.038285173896426,21.327864456616478,temperature,3
2026-01-21T09:53:11+01:00,7b316592-8036-41e2-b8dc-b06b6a9afd54,41.038285173896426,21.327864456616478,gasResistance,248821
2026-01-21T09:53:11+01:00,7b316592-8036-41e2-b8dc-b06b6a9afd54,41.038285173896426,21.327864456616478,humidity,69
2026-01-21T09:53:11+01:00,7b316592-8036-41e2-b8dc-b06b6a9afd54,41.038285173896426,21.327864456616478,noise,66
2026-01-21T09:53:11+01:00,7b316592-8036-41e2-b8dc-b06b6a9afd54,41.038285173896426,21.327864456616478,noise_dba,53
2026-01-21T09:53:11+01:00,7b316592-8036-41e2-b8dc-b06b6a9afd54,41.038285173896426,21.327864456616478,pm10,16
2026-01-21T09:53:11+01:00,7b316592-8036-41e2-b8dc-b06b6a9afd54,41.038285173896426,21.327864456616478,pm25,13
2026-01-21T09:53:11+01:00,7b316592-8036-41e2-b8dc-b06b6a9afd54,41.038285173896426,21.327864456616478,pressure,942
2026-01-21T09:53:11+01:00,7b316592-8036-41e2-b8dc-b06b6a9afd54,41.038285173896426,21.327864456616478,temperature,3
2026-01-21T10:08:43+01:00,7b316592-8036-41e2-b8dc-b06b6a9afd54,41.038285173896426,21.327864456616478,gasResistance,246418
2026-01-21T10:08:43+01:00,7b316592-8036-41e2-b8dc-b06b6a9afd54,41.038285173896426,21.327864456616478,humidity,70
2026-01-21T10:08:43+01:00,7b316592-8036-41e2-b8dc-b06b6a9afd54,41.038285173896426,21.327864456616478,noise,60
2026-01-21T10:08:43+01:00,7b316592-8036-41e2-b8dc-b06b6a9afd54,41.038285173896426,21.327864456616478,noise_dba,51
2026-01-21T10:08:43+01:00,7b316592-8036-41e2-b8dc-b06b6a9afd54,41.038285173896426,21.327864456616478,pm10,30
2026-01-21T10:08:43+01:00,7b316592-8036-41e2-b8dc-b06b6a9afd54,41.038285173896426,21.327864456616478,pm25,24
2026-01-21T10:08:43+01:00,7b316592-8036-41e2-b8dc-b06b6a9afd54,41.038285173896426,21.327864456616478,pressure,941
2026-01-21T10:08:43+01:00,7b316592-8036-41e2-b8dc-b06b6a9afd54,41.038285173896426,21.327864456616478,temperature,3
2026-01-21T10:24:14+01:00,7b316592-8036-41e2-b8dc-b06b6a9afd54,41.038285173896426,21.327864456616478,gasResistance,241927
2026-01-21T10:24:14+01:00,7b316592-8036-41e2-b8dc-b06b6a9afd54,41.038285173896426,21.327864456616478,humidity,71
2026-01-21T10:24:14+01:00,7b316592-8036-41e2-b8dc-b06b6a9afd54,41.038285173896426,21.327864456616478,noise,69
2026-01-21T10:24:14+01:00,7b316592-8036-41e2-b8dc-b06b6a9afd54,41.038285173896426,21.327864456616478,noise_dba,53
2026-01-21T10:24:14+01:00,7b316592-8036-41e2-b8dc-b06b6a9afd54,41.038285173896426,21.327864456616478,pm10,102
2026-01-21T10:24:14+01:00,7b316592-8036-41e2-b8dc-b06b6a9afd54,41.038285173896426,21.327864456616478,pm25,72
2026-01-21T10:24:14+01:00,7b316592-8036-41e2-b8dc-b06b6a9afd54,41.038285173896426,21.327864456616478,pressure,941
2026-01-21T10:24:14+01:00,7b316592-8036-41e2-b8dc-b06b6a9afd54,41.038285173896426,21.327864456616478,temperature,3
2026-01-21T10:39:45+01:00,7b316592-8036-41e2-b8dc-b06b6a9afd54,41.038285173896426,21.327864456616478,gasResistance,240524
2026-01-21T10:39:45+01:00,7b316592-8036-41e2-b8dc-b06b6a9afd54,41.038285173896426,21.327864456616478,humidity,71
2026-01-21T10:39:45+01:00,7b316592-8036-41e2-b8dc-b06b6a9afd54,41.038285173896426,21.327864456616478,noise,60
2026-01-21T10:39:45+01:00,7b316592-8036-41e2-b8dc-b06b6a9afd54,41.038285173896426,21.327864456616478,noise_dba,51
2026-01-21T10:39:45+01:00,7b316592-8036-41e2-b8dc-b06b6a9afd54,41.038285173896426,21.327864456616478,pm10,35
2026-01-21T10:39:45+01:00,7b316592-8036-41e2-b8dc-b06b6a9afd54,41.038285173896426,21.327864456616478,pm25,27
2026-01-21T10:39:45+01:00,7b316592-8036-41e2-b8dc-b06b6a9afd54,41.038285173896426,21.327864456616478,pressure,941
2026-01-21T10:39:45+01:00,7b316592-8036-41e2-b8dc-b06b6a9afd54,41.038285173896426,21.327864456616478,temperature,3
2026-01-21T10:55:17+01:00,7b316592-8036-41e2-b8dc-b06b6a9afd54,41.038285173896426,21.327864456616478,gasResistance,237256
2026-01-21T10:55:17+01:00,7b316592-8036-41e2-b8dc-b06b6a9afd54,41.038285173896426,21.327864456616478,humidity,71
2026-01-21T10:55:17+01:00,7b316592-8036-41e2-b8dc-b06b6a9afd54,41.038285173896426,21.327864456616478,noise,72
2026-01-21T10:55:17+01:00,7b316592-8036-41e2-b8dc-b06b6a9afd54,41.038285173896426,21.327864456616478,noise_dba,54
2026-01-21T10:55:17+01:00,7b316592-8036-41e2-b8dc-b06b6a9afd54,41.038285173896426,21.327864456616478,pm10,35
2026-01-21T10:55:17+01:00,7b316592-8036-41e2-b8dc-b06b6a9afd54,41.038285173896426,21.327864456616478,pm25,28
2026-01-21T10:55:17+01:00,7b316592-8036-41e2-b8dc-b06b6a9afd54,41.038285173896426,21.327864456616478,pressure,941
2026-01-21T10:55:17+01:00,7b316592-8036-41e2-b8dc-b06b6a9afd54,41.038285173896426,21.327864456616478,temperature,3
2026-01-21T11:10:48+01:00,7b316592-8036-41e2-b8dc-b06b6a9afd54,41.038285173896426,21.327864456616478,gasResistance,237086
2026-01-21T11:10:48+01:00,7b316592-8036-41e2-b8dc-b06b6a9afd54,41.038285173896426,21.327864456616478,humidity,73
2026-01-21T11:10:48+01:00,7b316592-8036-41e2-b8dc-b06b6a9afd54,41.038285173896426,21.327864456616478,noise,61
2026-01-21T11:10:48+01:00,7b316592-8036-41e2-b8dc-b06b6a9afd54,41.038285173896426,21.327864456616478,noise_dba,52
2026-01-21T11:10:48+01:00,7b316592-8036-41e2-b8dc-b06b6a9afd54,41.038285173896426,21.327864456616478,pm10,18
2026-01-21T11:10:48+01:00,7b316592-8036-41e2-b8dc-b06b6a9afd54,41.038285173896426,21.327864456616478,pm25,15
2026-01-21T11:10:48+01:00,7b316592-8036-41e2-b8dc-b06b6a9afd54,41.038285173896426,21.327864456616478,pressure,940
2026-01-21T11:10:48+01:00,7b316592-8036-41e2-b8dc-b06b6a9afd54,41.038285173896426,21.327864456616478,temperature,3
2026-01-21T11:26:20+01:00,7b316592-8036-41e2-b8dc-b06b6a9afd54,41.038285173896426,21.327864456616478,gasResistance,235404
2026-01-21T11:26:20+01:00,7b316592-8036-41e2-b8dc-b06b6a9afd54,41.038285173896426,21.327864456616478,humidity,76
2026-01-21T11:26:20+01:00,7b316592-8036-41e2-b8dc-b06b6a9afd54,41.038285173896426,21.327864456616478,noise,56
2026-01-21T11:26:20+01:00,7b316592-8036-41e2-b8dc-b06b6a9afd54,41.038285173896426,21.327864456616478,noise_dba,50
2026-01-21T11:26:20+01:00,7b316592-8036-41e2-b8dc-b06b6a9afd54,41.038285173896426,21.327864456616478,pm10,15
2026-01-21T11:26:20+01:00,7b316592-8036-41e2-b8dc-b06b6a9afd54,41.038285173896426,21.327864456616478,pm25,13
2026-01-21T11:26:20+01:00,7b316592-8036-41e2-b8dc-b06b6a9afd54,41.038285173896426,21.327864456616478,pressure,940
2026-01-21T11:26:20+01:00,7b316592-8036-41e2-b8dc-b06b6a9afd54,41.038285173896426,21.327864456616478,temperature,3
2026-01-21T11:41:51+01:00,7b316592-8036-41e2-b8dc-b06b6a9afd54,41.038285173896426,21.327864456616478,gasResistance,240873
2026-01-21T11:41:51+01:00,7b316592-8036-41e2-b8dc-b06b6a9afd54,41.038285173896426,21.327864456616478,humidity,74
2026-01-21T11:41:51+01:00,7b316592-8036-41e2-b8dc-b06b6a9afd54,41.038285173896426,21.327864456616478,noise,71
2026-01-21T11:41:51+01:00,7b316592-8036-41e2-b8dc-b06b6a9afd54,41.038285173896426,21.327864456616478,noise_dba,54
2026-01-21T11:41:51+01:00,7b316592-8036-41e2-b8dc-b06b6a9afd54,41.038285173896426,21.327864456616478,pm10,23
2026-01-21T11:41:51+01:00,7b316592-8036-41e2-b8dc-b06b6a9afd54,41.038285173896426,21.327864456616478,pm25,18
2026-01-21T11:41:51+01:00,7b316592-8036-41e2-b8dc-b06b6a9afd54,41.038285173896426,21.327864456616478,pressure,940
2026-01-21T11:41:51+01:00,7b316592-8036-41e2-b8dc-b06b6a9afd54,41.038285173896426,21.327864456616478,temperature,3
2026-01-21T11:57:23+01:00,7b316592-8036-41e2-b8dc-b06b6a9afd54,41.038285173896426,21.327864456616478,gasResistance,234738
2026-01-21T11:57:23+01:00,7b316592-8036-41e2-b8dc-b06b6a9afd54,41.038285173896426,21.327864456616478,humidity,71
2026-01-21T11:57:23+01:00,7b316592-8036-41e2-b8dc-b06b6a9afd54,41.038285173896426,21.327864456616478,noise,64
2026-01-21T11:57:23+01:00,7b316592-8036-41e2-b8dc-b06b6a9afd54,41.038285173896426,21.327864456616478,noise_dba,52
2026-01-21T11:57:23+01:00,7b316592-8036-41e2-b8dc-b06b6a9afd54,41.038285173896426,21.327864456616478,pm10,21
2026-01-21T11:57:23+01:00,7b316592-8036-41e2-b8dc-b06b6a9afd54,41.038285173896426,21.327864456616478,pm25,18
2026-01-21T11:57:23+01:00,7b316592-8036-41e2-b8dc-b06b6a9afd54,41.038285173896426,21.327864456616478,pressure,940
2026-01-21T11:57:23+01:00,7b316592-8036-41e2-b8dc-b06b6a9afd54,41.038285173896426,21.327864456616478,temperature,3
2026-01-21T12:12:54+01:00,7b316592-8036-41e2-b8dc-b06b6a9afd54,41.038285173896426,21.327864456616478,gasResistance,230019
2026-01-21T12:12:54+01:00,7b316592-8036-41e2-b8dc-b06b6a9afd54,41.038285173896426,21.327864456616478,humidity,71
2026-01-21T12:12:54+01:00,7b316592-8036-41e2-b8dc-b06b6a9afd54,41.038285173896426,21.327864456616478,noise,53
2026-01-21T12:12:54+01:00,7b316592-8036-41e2-b8dc-b06b6a9afd54,41.038285173896426,21.327864456616478,noise_dba,49
2026-01-21T12:12:54+01:00,7b316592-8036-41e2-b8dc-b06b6a9afd54,41.038285173896426,21.327864456616478,pm10,30
2026-01-21T12:12:54+01:00,7b316592-8036-41e2-b8dc-b06b6a9afd54,41.038285173896426,21.327864456616478,pm25,24
2026-01-21T12:12:54+01:00,7b316592-8036-41e2-b8dc-b06b6a9afd54,41.038285173896426,21.327864456616478,pressure,939
2026-01-21T12:12:54+01:00,7b316592-8036-41e2-b8dc-b06b6a9afd54,41.038285173896426,21.327864456616478,temperature,4
2026-01-21T12:28:26+01:00,7b316592-8036-41e2-b8dc-b06b6a9afd54,41.038285173896426,21.327864456616478,gasResistance,227965
2026-01-21T12:28:26+01:00,7b316592-8036-41e2-b8dc-b06b6a9afd54,41.038285173896426,21.327864456616478,humidity,72
2026-01-21T12:28:26+01:00,7b316592-8036-41e2-b8dc-b06b6a9afd54,41.038285173896426,21.327864456616478,noise,57
2026-01-21T12:28:26+01:00,7b316592-8036-41e2-b8dc-b06b6a9afd54,41.038285173896426,21.327864456616478,noise_dba,50
2026-01-21T12:28:26+01:00,7b316592-8036-41e2-b8dc-b06b6a9afd54,41.038285173896426,21.327864456616478,pm10,26
2026-01-21T12:28:26+01:00,7b316592-8036-41e2-b8dc-b06b6a9afd54,41.038285173896426,21.327864456616478,pm25,17
2026-01-21T12:28:26+01:00,7b316592-8036-41e2-b8dc-b06b6a9afd54,41.038285173896426,21.327864456616478,pressure,939
2026-01-21T12:28:26+01:00,7b316592-8036-41e2-b8dc-b06b6a9afd54,41.038285173896426,21.327864456616478,temperature,4
2026-01-21T12:43:57+01:00,7b316592-8036-41e2-b8dc-b06b6a9afd54,41.038285173896426,21.327864456616478,gasResistance,226100
2026-01-21T12:43:57+01:00,7b316592-8036-41e2-b8dc-b06b6a9afd54,41.038285173896426,21.327864456616478,humidity,72
2026-01-21T12:43:57+01:00,7b316592-8036-41e2-b8dc-b06b6a9afd54,41.038285173896426,21.327864456616478,noise,67
2026-01-21T12:43:57+01:00,7b316592-8036-41e2-b8dc-b06b6a9afd54,41.038285173896426,21.327864456616478,noise_dba,53
2026-01-21T12:43:57+01:00,7b316592-8036-41e2-b8dc-b06b6a9afd54,41.038285173896426,21.327864456616478,pm10,13
2026-01-21T12:43:57+01:00,7b316592-8036-41e2-b8dc-b06b6a9afd54,41.038285173896426,21.327864456616478,pm25,10
2026-01-21T12:43:57+01:00,7b316592-8036-41e2-b8dc-b06b6a9afd54,41.038285173896426,21.327864456616478,pressure,939
2026-01-21T12:43:57+01:00,7b316592-8036-41e2-b8dc-b06b6a9afd54,41.038285173896426,21.327864456616478,temperature,4
2026-01-21T12:59:29+01:00,7b316592-8036-41e2-b8dc-b06b6a9afd54,41.038285173896426,21.327864456616478,gasResistance,223813
2026-01-21T12:59:29+01:00,7b316592-8036-41e2-b8dc-b06b6a9afd54,41.038285173896426,21.327864456616478,humidity,72
2026-01-21T12:59:29+01:00,7b316592-8036-41e2-b8dc-b06b6a9afd54,41.038285173896426,21.327864456616478,noise,64
2026-01-21T12:59:29+01:00,7b316592-8036-41e2-b8dc-b06b6a9afd54,41.038285173896426,21.327864456616478,noise_dba,52
2026-01-21T12:59:29+01:00,7b316592-8036-41e2-b8dc-b06b6a9afd54,41.038285173896426,21.327864456616478,pm10,44
2026-01-21T12:59:29+01:00,7b316592-8036-41e2-b8dc-b06b6a9afd54,41.038285173896426,21.327864456616478,pm25,39
2026-01-21T12:59:29+01:00,7b316592-8036-41e2-b8dc-b06b6a9afd54,41.038285173896426,21.327864456616478,pressure,939
2026-01-21T12:59:29+01:00,7b316592-8036-41e2-b8dc-b06b6a9afd54,41.038285173896426,21.327864456616478,temperature,4
2026-01-21T13:15:00+01:00,7b316592-8036-41e2-b8dc-b06b6a9afd54,41.038285173896426,21.327864456616478,gasResistance,220101
2026-01-21T13:15:00+01:00,7b316592-8036-41e2-b8dc-b06b6a9afd54,41.038285173896426,21.327864456616478,humidity,72
2026-01-21T13:15:00+01:00,7b316592-8036-41e2-b8dc-b06b6a9afd54,41.038285173896426,21.327864456616478,noise,70
2026-01-21T13:15:00+01:00,7b316592-8036-41e2-b8dc-b06b6a9afd54,41.038285173896426,21.327864456616478,noise_dba,54
2026-01-21T13:15:00+01:00,7b316592-8036-41e2-b8dc-b06b6a9afd54,41.038285173896426,21.327864456616478,pm10,18
2026-01-21T13:15:00+01:00,7b316592-8036-41e2-b8dc-b06b6a9afd54,41.038285173896426,21.327864456616478,pm25,15
2026-01-21T13:15:00+01:00,7b316592-8036-41e2-b8dc-b06b6a9afd54,41.038285173896426,21.327864456616478,pressure,938
2026-01-21T13:15:00+01:00,7b316592-8036-41e2-b8dc-b06b6a9afd54,41.038285173896426,21.327864456616478,temperature,4
2026-01-21T13:30:32+01:00,7b316592-8036-41e2-b8dc-b06b6a9afd54,41.038285173896426,21.327864456616478,gasResistance,222164
2026-01-21T13:30:32+01:00,7b316592-8036-41e2-b8dc-b06b6a9afd54,41.038285173896426,21.327864456616478,humidity,74
2026-01-21T13:30:32+01:00,7b316592-8036-41e2-b8dc-b06b6a9afd54,41.038285173896426,21.327864456616478,noise,69
2026-01-21T13:30:32+01:00,7b316592-8036-41e2-b8dc-b06b6a9afd54,41.038285173896426,21.327864456616478,noise_dba,53
2026-01-21T13:30:32+01:00,7b316592-8036-41e2-b8dc-b06b6a9afd54,41.038285173896426,21.327864456616478,pm10,25
2026-01-21T13:30:32+01:00,7b316592-8036-41e2-b8dc-b06b6a9afd54,41.038285173896426,21.327864456616478,pm25,18
2026-01-21T13:30:32+01:00,7b316592-8036-41e2-b8dc-b06b6a9afd54,41.038285173896426,21.327864456616478,pressure,938
2026-01-21T13:30:32+01:00,7b316592-8036-41e2-b8dc-b06b6a9afd54,41.038285173896426,21.327864456616478,temperature,4
2026-01-21T13:46:03+01:00,7b316592-8036-41e2-b8dc-b06b6a9afd54,41.038285173896426,21.327864456616478,gasResistance,220393
2026-01-21T13:46:03+01:00,7b316592-8036-41e2-b8dc-b06b6a9afd54,41.038285173896426,21.327864456616478,humidity,72
2026-01-21T13:46:03+01:00,7b316592-8036-41e2-b8dc-b06b6a9afd54,41.038285173896426,21.327864456616478,noise,56
2026-01-21T13:46:03+01:00,7b316592-8036-41e2-b8dc-b06b6a9afd54,41.038285173896426,21.327864456616478,noise_dba,50
2026-01-21T13:46:03+01:00,7b316592-8036-41e2-b8dc-b06b6a9afd54,41.038285173896426,21.327864456616478,pm10,14
2026-01-21T13:46:03+01:00,7b316592-8036-41e2-b8dc-b06b6a9afd54,41.038285173896426,21.327864456616478,pm25,12
2026-01-21T13:46:03+01:00,7b316592-8036-41e2-b8dc-b06b6a9afd54,41.038285173896426,21.327864456616478,pressure,938
2026-01-21T13:46:03+01:00,7b316592-8036-41e2-b8dc-b06b6a9afd54,41.038285173896426,21.327864456616478,temperature,4
2026-01-21T14:01:35+01:00,7b316592-8036-41e2-b8dc-b06b6a9afd54,41.038285173896426,21.327864456616478,gasResistance,216652
2026-01-21T14:01:35+01:00,7b316592-8036-41e2-b8dc-b06b6a9afd54,41.038285173896426,21.327864456616478,humidity,74
2026-01-21T14:01:35+01:00,7b316592-8036-41e2-b8dc-b06b6a9afd54,41.038285173896426,21.327864456616478,noise,63
2026-01-21T14:01:35+01:00,7b316592-8036-41e2-b8dc-b06b6a9afd54,41.038285173896426,21.327864456616478,noise_dba,52
2026-01-21T14:01:35+01:00,7b316592-8036-41e2-b8dc-b06b6a9afd54,41.038285173896426,21.327864456616478,pm10,20
2026-01-21T14:01:35+01:00,7b316592-8036-41e2-b8dc-b06b6a9afd54,41.038285173896426,21.327864456616478,pm25,16
2026-01-21T14:01:35+01:00,7b316592-8036-41e2-b8dc-b06b6a9afd54,41.038285173896426,21.327864456616478,pressure,938
2026-01-21T14:01:35+01:00,7b316592-8036-41e2-b8dc-b06b6a9afd54,41.038285173896426,21.327864456616478,temperature,4
2026-01-21T14:17:06+01:00,7b316592-8036-41e2-b8dc-b06b6a9afd54,41.038285173896426,21.327864456616478,gasResistance,222462
2026-01-21T14:17:06+01:00,7b316592-8036-41e2-b8dc-b06b6a9afd54,41.038285173896426,21.327864456616478,humidity,77
2026-01-21T14:17:06+01:00,7b316592-8036-41e2-b8dc-b06b6a9afd54,41.038285173896426,21.327864456616478,noise,66
2026-01-21T14:17:06+01:00,7b316592-8036-41e2-b8dc-b06b6a9afd54,41.038285173896426,21.327864456616478,noise_dba,53
2026-01-21T14:17:06+01:00,7b316592-8036-41e2-b8dc-b06b6a9afd54,41.038285173896426,21.327864456616478,pm10,13
2026-01-21T14:17:06+01:00,7b316592-8036-41e2-b8dc-b06b6a9afd54,41.038285173896426,21.327864456616478,pm25,11
2026-01-21T14:17:06+01:00,7b316592-8036-41e2-b8dc-b06b6a9afd54,41.038285173896426,21.327864456616478,pressure,937
2026-01-21T14:17:06+01:00,7b316592-8036-41e2-b8dc-b06b6a9afd54,41.038285173896426,21.327864456616478,temperature,3
2026-01-21T14:32:38+01:00,7b316592-8036-41e2-b8dc-b06b6a9afd54,41.038285173896426,21.327864456616478,gasResistance,225333
2026-01-21T14:32:38+01:00,7b316592-8036-41e2-b8dc-b06b6a9afd54,41.038285173896426,21.327864456616478,humidity,78
2026-01-21T14:32:38+01:00,7b316592-8036-41e2-b8dc-b06b6a9afd54,41.038285173896426,21.327864456616478,noise,70
2026-01-21T14:32:38+01:00,7b316592-8036-41e2-b8dc-b06b6a9afd54,41.038285173896426,21.327864456616478,noise_dba,54
2026-01-21T14:32:38+01:00,7b316592-8036-41e2-b8dc-b06b6a9afd54,41.038285173896426,21.327864456616478,pm10,12
2026-01-21T14:32:38+01:00,7b316592-8036-41e2-b8dc-b06b6a9afd54,41.038285173896426,21.327864456616478,pm25,11
2026-01-21T14:32:38+01:00,7b316592-8036-41e2-b8dc-b06b6a9afd54,41.038285173896426,21.327864456616478,pressure,937
2026-01-21T14:32:38+01:00,7b316592-8036-41e2-b8dc-b06b6a9afd54,41.038285173896426,21.327864456616478,temperature,3
2026-01-21T14:48:09+01:00,7b316592-8036-41e2-b8dc-b06b6a9afd54,41.038285173896426,21.327864456616478,gasResistance,213997
2026-01-21T14:48:09+01:00,7b316592-8036-41e2-b8dc-b06b6a9afd54,41.038285173896426,21.327864456616478,humidity,76
2026-01-21T14:48:09+01:00,7b316592-8036-41e2-b8dc-b06b6a9afd54,41.038285173896426,21.327864456616478,noise,64
2026-01-21T14:48:09+01:00,7b316592-8036-41e2-b8dc-b06b6a9afd54,41.038285173896426,21.327864456616478,noise_dba,52
2026-01-21T14:48:09+01:00,7b316592-8036-41e2-b8dc-b06b6a9afd54,41.038285173896426,21.327864456616478,pm10,14
2026-01-21T14:48:09+01:00,7b316592-8036-41e2-b8dc-b06b6a9afd54,41.038285173896426,21.327864456616478,pm25,12
2026-01-21T14:48:09+01:00,7b316592-8036-41e2-b8dc-b06b6a9afd54,41.038285173896426,21.327864456616478,pressure,937
2026-01-21T14:48:09+01:00,7b316592-8036-41e2-b8dc-b06b6a9afd54,41.038285173896426,21.327864456616478,temperature,3
2026-01-21T15:03:40+01:00,7b316592-8036-41e2-b8dc-b06b6a9afd54,41.038285173896426,21.327864456616478,gasResistance,220834
2026-01-21T15:03:40+01:00,7b316592-8036-41e2-b8dc-b06b6a9afd54,41.038285173896426,21.327864456616478,humidity,75
2026-01-21T15:03:40+01:00,7b316592-8036-41e2-b8dc-b06b6a9afd54,41.038285173896426,21.327864456616478,noise,65
2026-01-21T15:03:40+01:00,7b316592-8036-41e2-b8dc-b06b6a9afd54,41.038285173896426,21.327864456616478,noise_dba,53
2026-01-21T15:03:40+01:00,7b316592-8036-41e2-b8dc-b06b6a9afd54,41.038285173896426,21.327864456616478,pm10,21
2026-01-21T15:03:40+01:00,7b316592-8036-41e2-b8dc-b06b6a9afd54,41.038285173896426,21.327864456616478,pm25,19
2026-01-21T15:03:40+01:00,7b316592-8036-41e2-b8dc-b06b6a9afd54,41.038285173896426,21.327864456616478,pressure,937
2026-01-21T15:03:40+01:00,7b316592-8036-41e2-b8dc-b06b6a9afd54,41.038285173896426,21.327864456616478,temperature,3
2026-01-21T15:19:12+01:00,7b316592-8036-41e2-b8dc-b06b6a9afd54,41.038285173896426,21.327864456616478,gasResistance,219084
2026-01-21T15:19:12+01:00,7b316592-8036-41e2-b8dc-b06b6a9afd54,41.038285173896426,21.327864456616478,humidity,76
2026-01-21T15:19:12+01:00,7b316592-8036-41e2-b8dc-b06b6a9afd54,41.038285173896426,21.327864456616478,noise,70
2026-01-21T15:19:12+01:00,7b316592-8036-41e2-b8dc-b06b6a9afd54,41.038285173896426,21.327864456616478,noise_dba,54
2026-01-21T15:19:12+01:00,7b316592-8036-41e2-b8dc-b06b6a9afd54,41.038285173896426,21.327864456616478,pm10,33
2026-01-21T15:19:12+01:00,7b316592-8036-41e2-b8dc-b06b6a9afd54,41.038285173896426,21.327864456616478,pm25,26
2026-01-21T15:19:12+01:00,7b316592-8036-41e2-b8dc-b06b6a9afd54,41.038285173896426,21.327864456616478,pressure,937
2026-01-21T15:19:12+01:00,7b316592-8036-41e2-b8dc-b06b6a9afd54,41.038285173896426,21.327864456616478,temperature,3
2026-01-21T15:34:43+01:00,7b316592-8036-41e2-b8dc-b06b6a9afd54,41.038285173896426,21.327864456616478,gasResistance,219229
2026-01-21T15:34:43+01:00,7b316592-8036-41e2-b8dc-b06b6a9afd54,41.038285173896426,21.327864456616478,humidity,76
2026-01-21T15:34:43+01:00,7b316592-8036-41e2-b8dc-b06b6a9afd54,41.038285173896426,21.327864456616478,noise,65
2026-01-21T15:34:43+01:00,7b316592-8036-41e2-b8dc-b06b6a9afd54,41.038285173896426,21.327864456616478,noise_dba,53
2026-01-21T15:34:43+01:00,7b316592-8036-41e2-b8dc-b06b6a9afd54,41.038285173896426,21.327864456616478,pm10,15
2026-01-21T15:34:43+01:00,7b316592-8036-41e2-b8dc-b06b6a9afd54,41.038285173896426,21.327864456616478,pm25,12
2026-01-21T15:34:43+01:00,7b316592-8036-41e2-b8dc-b06b6a9afd54,41.038285173896426,21.327864456616478,pressure,936
2026-01-21T15:34:43+01:00,7b316592-8036-41e2-b8dc-b06b6a9afd54,41.038285173896426,21.327864456616478,temperature,3
2026-01-21T15:50:15+01:00,7b316592-8036-41e2-b8dc-b06b6a9afd54,41.038285173896426,21.327864456616478,gasResistance,217933
2026-01-21T15:50:15+01:00,7b316592-8036-41e2-b8dc-b06b6a9afd54,41.038285173896426,21.327864456616478,humidity,76
2026-01-21T15:50:15+01:00,7b316592-8036-41e2-b8dc-b06b6a9afd54,41.038285173896426,21.327864456616478,noise,60
2026-01-21T15:50:15+01:00,7b316592-8036-41e2-b8dc-b06b6a9afd54,41.038285173896426,21.327864456616478,noise_dba,51
2026-01-21T15:50:15+01:00,7b316592-8036-41e2-b8dc-b06b6a9afd54,41.038285173896426,21.327864456616478,pm10,183
2026-01-21T15:50:15+01:00,7b316592-8036-41e2-b8dc-b06b6a9afd54,41.038285173896426,21.327864456616478,pm25,83
2026-01-21T15:50:15+01:00,7b316592-8036-41e2-b8dc-b06b6a9afd54,41.038285173896426,21.327864456616478,pressure,936
2026-01-21T15:50:15+01:00,7b316592-8036-41e2-b8dc-b06b6a9afd54,41.038285173896426,21.327864456616478,temperature,3
2026-01-21T16:05:46+01:00,7b316592-8036-41e2-b8dc-b06b6a9afd54,41.038285173896426,21.327864456616478,gasResistance,216511
2026-01-21T16:05:46+01:00,7b316592-8036-41e2-b8dc-b06b6a9afd54,41.038285173896426,21.327864456616478,humidity,77
2026-01-21T16:05:46+01:00,7b316592-8036-41e2-b8dc-b06b6a9afd54,41.038285173896426,21.327864456616478,noise,70
2026-01-21T16:05:46+01:00,7b316592-8036-41e2-b8dc-b06b6a9afd54,41.038285173896426,21.327864456616478,noise_dba,54
2026-01-21T16:05:46+01:00,7b316592-8036-41e2-b8dc-b06b6a9afd54,41.038285173896426,21.327864456616478,pm10,43
2026-01-21T16:05:46+01:00,7b316592-8036-41e2-b8dc-b06b6a9afd54,41.038285173896426,21.327864456616478,pm25,31
2026-01-21T16:05:46+01:00,7b316592-8036-41e2-b8dc-b06b6a9afd54,41.038285173896426,21.327864456616478,pressure,936
2026-01-21T16:05:46+01:00,7b316592-8036-41e2-b8dc-b06b6a9afd54,41.038285173896426,21.327864456616478,temperature,3
2026-01-21T16:21:18+01:00,7b316592-8036-41e2-b8dc-b06b6a9afd54,41.038285173896426,21.327864456616478,gasResistance,211541
2026-01-21T16:21:18+01:00,7b316592-8036-41e2-b8dc-b06b6a9afd54,41.038285173896426,21.327864456616478,humidity,77
2026-01-21T16:21:18+01:00,7b316592-8036-41e2-b8dc-b06b6a9afd54,41.038285173896426,21.327864456616478,noise,66
2026-01-21T16:21:18+01:00,7b316592-8036-41e2-b8dc-b06b6a9afd54,41.038285173896426,21.327864456616478,noise_dba,53
2026-01-21T16:21:18+01:00,7b316592-8036-41e2-b8dc-b06b6a9afd54,41.038285173896426,21.327864456616478,pm10,44
2026-01-21T16:21:18+01:00,7b316592-8036-41e2-b8dc-b06b6a9afd54,41.038285173896426,21.327864456616478,pm25,30
2026-01-21T16:21:18+01:00,7b316592-8036-41e2-b8dc-b06b6a9afd54,41.038285173896426,21.327864456616478,pressure,936
2026-01-21T16:21:18+01:00,7b316592-8036-41e2-b8dc-b06b6a9afd54,41.038285173896426,21.327864456616478,temperature,3
2026-01-21T16:36:49+01:00,7b316592-8036-41e2-b8dc-b06b6a9afd54,41.038285173896426,21.327864456616478,gasResistance,215246
2026-01-21T16:36:49+01:00,7b316592-8036-41e2-b8dc-b06b6a9afd54,41.038285173896426,21.327864456616478,humidity,76
2026-01-21T16:36:49+01:00,7b316592-8036-41e2-b8dc-b06b6a9afd54,41.038285173896426,21.327864456616478,noise,65
2026-01-21T16:36:49+01:00,7b316592-8036-41e2-b8dc-b06b6a9afd54,41.038285173896426,21.327864456616478,noise_dba,53
2026-01-21T16:36:49+01:00,7b316592-8036-41e2-b8dc-b06b6a9afd54,41.038285173896426,21.327864456616478,pm10,49
2026-01-21T16:36:49+01:00,7b316592-8036-41e2-b8dc-b06b6a9afd54,41.038285173896426,21.327864456616478,pm25,38
2026-01-21T16:36:49+01:00,7b316592-8036-41e2-b8dc-b06b6a9afd54,41.038285173896426,21.327864456616478,pressure,936
2026-01-21T16:36:49+01:00,7b316592-8036-41e2-b8dc-b06b6a9afd54,41.038285173896426,21.327864456616478,temperature,3
2026-01-21T16:52:20+01:00,7b316592-8036-41e2-b8dc-b06b6a9afd54,41.038285173896426,21.327864456616478,gasResistance,212218
2026-01-21T16:52:20+01:00,7b316592-8036-41e2-b8dc-b06b6a9afd54,41.038285173896426,21.327864456616478,humidity,75
2026-01-21T16:52:20+01:00,7b316592-8036-41e2-b8dc-b06b6a9afd54,41.038285173896426,21.327864456616478,noise,70
2026-01-21T16:52:20+01:00,7b316592-8036-41e2-b8dc-b06b6a9afd54,41.038285173896426,21.327864456616478,noise_dba,54
2026-01-21T16:52:20+01:00,7b316592-8036-41e2-b8dc-b06b6a9afd54,41.038285173896426,21.327864456616478,pm10,71
2026-01-21T16:52:20+01:00,7b316592-8036-41e2-b8dc-b06b6a9afd54,41.038285173896426,21.327864456616478,pm25,53
2026-01-21T16:52:20+01:00,7b316592-8036-41e2-b8dc-b06b6a9afd54,41.038285173896426,21.327864456616478,pressure,936
2026-01-21T16:52:20+01:00,7b316592-8036-41e2-b8dc-b06b6a9afd54,41.038285173896426,21.327864456616478,temperature,3
2026-01-21T17:23:35+01:00,7b316592-8036-41e2-b8dc-b06b6a9afd54,41.038285173896426,21.327864456616478,gasResistance,0
2026-01-21T17:23:35+01:00,7b316592-8036-41e2-b8dc-b06b6a9afd54,41.038285173896426,21.327864456616478,humidity,75
2026-01-21T17:23:35+01:00,7b316592-8036-41e2-b8dc-b06b6a9afd54,41.038285173896426,21.327864456616478,noise,111
2026-01-21T17:23:35+01:00,7b316592-8036-41e2-b8dc-b06b6a9afd54,41.038285173896426,21.327864456616478,noise_dba,61
2026-01-21T17:23:35+01:00,7b316592-8036-41e2-b8dc-b06b6a9afd54,41.038285173896426,21.327864456616478,pm10,143
2026-01-21T17:23:35+01:00,7b316592-8036-41e2-b8dc-b06b6a9afd54,41.038285173896426,21.327864456616478,pm25,113
2026-01-21T17:23:35+01:00,7b316592-8036-41e2-b8dc-b06b6a9afd54,41.038285173896426,21.327864456616478,pressure,935
2026-01-21T17:23:35+01:00,7b316592-8036-41e2-b8dc-b06b6a9afd54,41.038285173896426,21.327864456616478,temperature,4
2026-01-21T17:39:07+01:00,7b316592-8036-41e2-b8dc-b06b6a9afd54,41.038285173896426,21.327864456616478,gasResistance,176517
2026-01-21T17:39:07+01:00,7b316592-8036-41e2-b8dc-b06b6a9afd54,41.038285173896426,21.327864456616478,humidity,74
2026-01-21T17:39:07+01:00,7b316592-8036-41e2-b8dc-b06b6a9afd54,41.038285173896426,21.327864456616478,noise,61
2026-01-21T17:39:07+01:00,7b316592-8036-41e2-b8dc-b06b6a9afd54,41.038285173896426,21.327864456616478,noise_dba,52
2026-01-21T17:39:07+01:00,7b316592-8036-41e2-b8dc-b06b6a9afd54,41.038285173896426,21.327864456616478,pm10,73
2026-01-21T17:39:07+01:00,7b316592-8036-41e2-b8dc-b06b6a9afd54,41.038285173896426,21.327864456616478,pm25,50
2026-01-21T17:39:07+01:00,7b316592-8036-41e2-b8dc-b06b6a9afd54,41.038285173896426,21.327864456616478,pressure,935
2026-01-21T17:39:07+01:00,7b316592-8036-41e2-b8dc-b06b6a9afd54,41.038285173896426,21.327864456616478,temperature,4
2026-01-21T17:54:38+01:00,7b316592-8036-41e2-b8dc-b06b6a9afd54,41.038285173896426,21.327864456616478,gasResistance,185440
2026-01-21T17:54:38+01:00,7b316592-8036-41e2-b8dc-b06b6a9afd54,41.038285173896426,21.327864456616478,humidity,73
2026-01-21T17:54:38+01:00,7b316592-8036-41e2-b8dc-b06b6a9afd54,41.038285173896426,21.327864456616478,noise,62
2026-01-21T17:54:38+01:00,7b316592-8036-41e2-b8dc-b06b6a9afd54,41.038285173896426,21.327864456616478,noise_dba,52
2026-01-21T17:54:38+01:00,7b316592-8036-41e2-b8dc-b06b6a9afd54,41.038285173896426,21.327864456616478,pm10,63
2026-01-21T17:54:38+01:00,7b316592-8036-41e2-b8dc-b06b6a9afd54,41.038285173896426,21.327864456616478,pm25,47
2026-01-21T17:54:38+01:00,7b316592-8036-41e2-b8dc-b06b6a9afd54,41.038285173896426,21.327864456616478,pressure,935
2026-01-21T17:54:38+01:00,7b316592-8036-41e2-b8dc-b06b6a9afd54,41.038285173896426,21.327864456616478,temperature,4
2026-01-21T18:10:09+01:00,7b316592-8036-41e2-b8dc-b06b6a9afd54,41.038285173896426,21.327864456616478,gasResistance,190417
2026-01-21T18:10:09+01:00,7b316592-8036-41e2-b8dc-b06b6a9afd54,41.038285173896426,21.327864456616478,humidity,74
2026-01-21T18:10:09+01:00,7b316592-8036-41e2-b8dc-b06b6a9afd54,41.038285173896426,21.327864456616478,noise,68
2026-01-21T18:10:09+01:00,7b316592-8036-41e2-b8dc-b06b6a9afd54,41.038285173896426,21.327864456616478,noise_dba,53
2026-01-21T18:10:09+01:00,7b316592-8036-41e2-b8dc-b06b6a9afd54,41.038285173896426,21.327864456616478,pm10,106
2026-01-21T18:10:09+01:00,7b316592-8036-41e2-b8dc-b06b6a9afd54,41.038285173896426,21.327864456616478,pm25,68
2026-01-21T18:10:09+01:00,7b316592-8036-41e2-b8dc-b06b6a9afd54,41.038285173896426,21.327864456616478,pressure,935
2026-01-21T18:10:09+01:00,7b316592-8036-41e2-b8dc-b06b6a9afd54,41.038285173896426,21.327864456616478,temperature,4
2026-01-21T18:25:41+01:00,7b316592-8036-41e2-b8dc-b06b6a9afd54,41.038285173896426,21.327864456616478,gasResistance,193302
2026-01-21T18:25:41+01:00,7b316592-8036-41e2-b8dc-b06b6a9afd54,41.038285173896426,21.327864456616478,humidity,77
2026-01-21T18:25:41+01:00,7b316592-8036-41e2-b8dc-b06b6a9afd54,41.038285173896426,21.327864456616478,noise,60
2026-01-21T18:25:41+01:00,7b316592-8036-41e2-b8dc-b06b6a9afd54,41.038285173896426,21.327864456616478,noise_dba,51
2026-01-21T18:25:41+01:00,7b316592-8036-41e2-b8dc-b06b6a9afd54,41.038285173896426,21.327864456616478,pm10,31
2026-01-21T18:25:41+01:00,7b316592-8036-41e2-b8dc-b06b6a9afd54,41.038285173896426,21.327864456616478,pm25,25
2026-01-21T18:25:41+01:00,7b316592-8036-41e2-b8dc-b06b6a9afd54,41.038285173896426,21.327864456616478,pressure,935
2026-01-21T18:25:41+01:00,7b316592-8036-41e2-b8dc-b06b6a9afd54,41.038285173896426,21.327864456616478,temperature,3
2026-01-21T18:41:12+01:00,7b316592-8036-41e2-b8dc-b06b6a9afd54,41.038285173896426,21.327864456616478,gasResistance,195581
2026-01-21T18:41:12+01:00,7b316592-8036-41e2-b8dc-b06b6a9afd54,41.038285173896426,21.327864456616478,humidity,79
2026-01-21T18:41:12+01:00,7b316592-8036-41e2-b8dc-b06b6a9afd54,41.038285173896426,21.327864456616478,noise,70
2026-01-21T18:41:12+01:00,7b316592-8036-41e2-b8dc-b06b6a9afd54,41.038285173896426,21.327864456616478,noise_dba,54
2026-01-21T18:41:12+01:00,7b316592-8036-41e2-b8dc-b06b6a9afd54,41.038285173896426,21.327864456616478,pm10,112
2026-01-21T18:41:12+01:00,7b316592-8036-41e2-b8dc-b06b6a9afd54,41.038285173896426,21.327864456616478,pm25,77
2026-01-21T18:41:12+01:00,7b316592-8036-41e2-b8dc-b06b6a9afd54,41.038285173896426,21.327864456616478,pressure,934
2026-01-21T18:41:12+01:00,7b316592-8036-41e2-b8dc-b06b6a9afd54,41.038285173896426,21.327864456616478,temperature,3
2026-01-21T18:56:43+01:00,7b316592-8036-41e2-b8dc-b06b6a9afd54,41.038285173896426,21.327864456616478,gasResistance,196857
2026-01-21T18:56:43+01:00,7b316592-8036-41e2-b8dc-b06b6a9afd54,41.038285173896426,21.327864456616478,humidity,77
2026-01-21T18:56:43+01:00,7b316592-8036-41e2-b8dc-b06b6a9afd54,41.038285173896426,21.327864456616478,noise,71
2026-01-21T18:56:43+01:00,7b316592-8036-41e2-b8dc-b06b6a9afd54,41.038285173896426,21.327864456616478,noise_dba,54
2026-01-21T18:56:43+01:00,7b316592-8036-41e2-b8dc-b06b6a9afd54,41.038285173896426,21.327864456616478,pm10,38
2026-01-21T18:56:43+01:00,7b316592-8036-41e2-b8dc-b06b6a9afd54,41.038285173896426,21.327864456616478,pm25,28
2026-01-21T18:56:43+01:00,7b316592-8036-41e2-b8dc-b06b6a9afd54,41.038285173896426,21.327864456616478,pressure,934
2026-01-21T18:56:43+01:00,7b316592-8036-41e2-b8dc-b06b6a9afd54,41.038285173896426,21.327864456616478,temperature,3
2026-01-21T19:12:14+01:00,7b316592-8036-41e2-b8dc-b06b6a9afd54,41.038285173896426,21.327864456616478,gasResistance,198744
2026-01-21T19:12:14+01:00,7b316592-8036-41e2-b8dc-b06b6a9afd54,41.038285173896426,21.327864456616478,humidity,76
2026-01-21T19:12:14+01:00,7b316592-8036-41e2-b8dc-b06b6a9afd54,41.038285173896426,21.327864456616478,noise,65
2026-01-21T19:12:14+01:00,7b316592-8036-41e2-b8dc-b06b6a9afd54,41.038285173896426,21.327864456616478,noise_dba,53
2026-01-21T19:12:14+01:00,7b316592-8036-41e2-b8dc-b06b6a9afd54,41.038285173896426,21.327864456616478,pm10,37
2026-01-21T19:12:14+01:00,7b316592-8036-41e2-b8dc-b06b6a9afd54,41.038285173896426,21.327864456616478,pm25,29
2026-01-21T19:12:14+01:00,7b316592-8036-41e2-b8dc-b06b6a9afd54,41.038285173896426,21.327864456616478,pressure,934
2026-01-21T19:12:14+01:00,7b316592-8036-41e2-b8dc-b06b6a9afd54,41.038285173896426,21.327864456616478,temperature,3
2026-01-21T19:27:46+01:00,7b316592-8036-41e2-b8dc-b06b6a9afd54,41.038285173896426,21.327864456616478,gasResistance,203248
2026-01-21T19:27:46+01:00,7b316592-8036-41e2-b8dc-b06b6a9afd54,41.038285173896426,21.327864456616478,humidity,75
2026-01-21T19:27:46+01:00,7b316592-8036-41e2-b8dc-b06b6a9afd54,41.038285173896426,21.327864456616478,noise,74
2026-01-21T19:27:46+01:00,7b316592-8036-41e2-b8dc-b06b6a9afd54,41.038285173896426,21.327864456616478,noise_dba,55
2026-01-21T19:27:46+01:00,7b316592-8036-41e2-b8dc-b06b6a9afd54,41.038285173896426,21.327864456616478,pm10,99
2026-01-21T19:27:46+01:00,7b316592-8036-41e2-b8dc-b06b6a9afd54,41.038285173896426,21.327864456616478,pm25,60
2026-01-21T19:27:46+01:00,7b316592-8036-41e2-b8dc-b06b6a9afd54,41.038285173896426,21.327864456616478,pressure,934
2026-01-21T19:27:46+01:00,7b316592-8036-41e2-b8dc-b06b6a9afd54,41.038285173896426,21.327864456616478,temperature,3
2026-01-21T19:43:17+01:00,7b316592-8036-41e2-b8dc-b06b6a9afd54,41.038285173896426,21.327864456616478,gasResistance,197678
2026-01-21T19:43:17+01:00,7b316592-8036-41e2-b8dc-b06b6a9afd54,41.038285173896426,21.327864456616478,humidity,75
2026-01-21T19:43:17+01:00,7b316592-8036-41e2-b8dc-b06b6a9afd54,41.038285173896426,21.327864456616478,noise,74
2026-01-21T19:43:17+01:00,7b316592-8036-41e2-b8dc-b06b6a9afd54,41.038285173896426,21.327864456616478,noise_dba,55
2026-01-21T19:43:17+01:00,7b316592-8036-41e2-b8dc-b06b6a9afd54,41.038285173896426,21.327864456616478,pm10,73
2026-01-21T19:43:17+01:00,7b316592-8036-41e2-b8dc-b06b6a9afd54,41.038285173896426,21.327864456616478,pm25,47
2026-01-21T19:43:17+01:00,7b316592-8036-41e2-b8dc-b06b6a9afd54,41.038285173896426,21.327864456616478,pressure,934
2026-01-21T19:43:17+01:00,7b316592-8036-41e2-b8dc-b06b6a9afd54,41.038285173896426,21.327864456616478,temperature,3
2026-01-21T19:58:49+01:00,7b316592-8036-41e2-b8dc-b06b6a9afd54,41.038285173896426,21.327864456616478,gasResistance,195350
2026-01-21T19:58:49+01:00,7b316592-8036-41e2-b8dc-b06b6a9afd54,41.038285173896426,21.327864456616478,humidity,74
2026-01-21T19:58:49+01:00,7b316592-8036-41e2-b8dc-b06b6a9afd54,41.038285173896426,21.327864456616478,noise,66
2026-01-21T19:58:49+01:00,7b316592-8036-41e2-b8dc-b06b6a9afd54,41.038285173896426,21.327864456616478,noise_dba,53
2026-01-21T19:58:49+01:00,7b316592-8036-41e2-b8dc-b06b6a9afd54,41.038285173896426,21.327864456616478,pm10,99
2026-01-21T19:58:49+01:00,7b316592-8036-41e2-b8dc-b06b6a9afd54,41.038285173896426,21.327864456616478,pm25,59
2026-01-21T19:58:49+01:00,7b316592-8036-41e2-b8dc-b06b6a9afd54,41.038285173896426,21.327864456616478,pressure,934
2026-01-21T19:58:49+01:00,7b316592-8036-41e2-b8dc-b06b6a9afd54,41.038285173896426,21.327864456616478,temperature,3
2026-01-21T20:14:21+01:00,7b316592-8036-41e2-b8dc-b06b6a9afd54,41.038285173896426,21.327864456616478,gasResistance,192182
2026-01-21T20:14:21+01:00,7b316592-8036-41e2-b8dc-b06b6a9afd54,41.038285173896426,21.327864456616478,humidity,70
2026-01-21T20:14:21+01:00,7b316592-8036-41e2-b8dc-b06b6a9afd54,41.038285173896426,21.327864456616478,noise,34
2026-01-21T20:14:21+01:00,7b316592-8036-41e2-b8dc-b06b6a9afd54,41.038285173896426,21.327864456616478,noise_dba,42
2026-01-21T20:14:21+01:00,7b316592-8036-41e2-b8dc-b06b6a9afd54,41.038285173896426,21.327864456616478,pm10,117
2026-01-21T20:14:21+01:00,7b316592-8036-41e2-b8dc-b06b6a9afd54,41.038285173896426,21.327864456616478,pm25,73
2026-01-21T20:14:21+01:00,7b316592-8036-41e2-b8dc-b06b6a9afd54,41.038285173896426,21.327864456616478,pressure,933
2026-01-21T20:14:21+01:00,7b316592-8036-41e2-b8dc-b06b6a9afd54,41.038285173896426,21.327864456616478,temperature,4
2026-01-21T20:29:53+01:00,7b316592-8036-41e2-b8dc-b06b6a9afd54,41.038285173896426,21.327864456616478,gasResistance,186670
2026-01-21T20:29:53+01:00,7b316592-8036-41e2-b8dc-b06b6a9afd54,41.038285173896426,21.327864456616478,humidity,69
2026-01-21T20:29:53+01:00,7b316592-8036-41e2-b8dc-b06b6a9afd54,41.038285173896426,21.327864456616478,noise,33
2026-01-21T20:29:53+01:00,7b316592-8036-41e2-b8dc-b06b6a9afd54,41.038285173896426,21.327864456616478,noise_dba,42
2026-01-21T20:29:53+01:00,7b316592-8036-41e2-b8dc-b06b6a9afd54,41.038285173896426,21.327864456616478,pm10,138
2026-01-21T20:29:53+01:00,7b316592-8036-41e2-b8dc-b06b6a9afd54,41.038285173896426,21.327864456616478,pm25,88
2026-01-21T20:29:53+01:00,7b316592-8036-41e2-b8dc-b06b6a9afd54,41.038285173896426,21.327864456616478,pressure,933
2026-01-21T20:29:53+01:00,7b316592-8036-41e2-b8dc-b06b6a9afd54,41.038285173896426,21.327864456616478,temperature,5
2026-01-21T20:45:25+01:00,7b316592-8036-41e2-b8dc-b06b6a9afd54,41.038285173896426,21.327864456616478,gasResistance,179904
2026-01-21T20:45:25+01:00,7b316592-8036-41e2-b8dc-b06b6a9afd54,41.038285173896426,21.327864456616478,humidity,67
2026-01-21T20:45:25+01:00,7b316592-8036-41e2-b8dc-b06b6a9afd54,41.038285173896426,21.327864456616478,noise,40
2026-01-21T20:45:25+01:00,7b316592-8036-41e2-b8dc-b06b6a9afd54,41.038285173896426,21.327864456616478,noise_dba,45
2026-01-21T20:45:25+01:00,7b316592-8036-41e2-b8dc-b06b6a9afd54,41.038285173896426,21.327864456616478,pm10,161
2026-01-21T20:45:25+01:00,7b316592-8036-41e2-b8dc-b06b6a9afd54,41.038285173896426,21.327864456616478,pm25,104
2026-01-21T20:45:25+01:00,7b316592-8036-41e2-b8dc-b06b6a9afd54,41.038285173896426,21.327864456616478,pressure,933
2026-01-21T20:45:25+01:00,7b316592-8036-41e2-b8dc-b06b6a9afd54,41.038285173896426,21.327864456616478,temperature,5
2026-01-21T21:00:58+01:00,7b316592-8036-41e2-b8dc-b06b6a9afd54,41.038285173896426,21.327864456616478,gasResistance,172194
2026-01-21T21:00:58+01:00,7b316592-8036-41e2-b8dc-b06b6a9afd54,41.038285173896426,21.327864456616478,humidity,66
2026-01-21T21:00:58+01:00,7b316592-8036-41e2-b8dc-b06b6a9afd54,41.038285173896426,21.327864456616478,noise,41
2026-01-21T21:00:58+01:00,7b316592-8036-41e2-b8dc-b06b6a9afd54,41.038285173896426,21.327864456616478,noise_dba,45
2026-01-21T21:00:58+01:00,7b316592-8036-41e2-b8dc-b06b6a9afd54,41.038285173896426,21.327864456616478,pm10,113
2026-01-21T21:00:58+01:00,7b316592-8036-41e2-b8dc-b06b6a9afd54,41.038285173896426,21.327864456616478,pm25,79
2026-01-21T21:00:58+01:00,7b316592-8036-41e2-b8dc-b06b6a9afd54,41.038285173896426,21.327864456616478,pressure,933
2026-01-21T21:00:58+01:00,7b316592-8036-41e2-b8dc-b06b6a9afd54,41.038285173896426,21.327864456616478,temperature,6
2026-01-21T21:16:31+01:00,7b316592-8036-41e2-b8dc-b06b6a9afd54,41.038285173896426,21.327864456616478,gasResistance,167079
2026-01-21T21:16:31+01:00,7b316592-8036-41e2-b8dc-b06b6a9afd54,41.038285173896426,21.327864456616478,humidity,66
2026-01-21T21:16:31+01:00,7b316592-8036-41e2-b8dc-b06b6a9afd54,41.038285173896426,21.327864456616478,noise,39
2026-01-21T21:16:31+01:00,7b316592-8036-41e2-b8dc-b06b6a9afd54,41.038285173896426,21.327864456616478,noise_dba,44
2026-01-21T21:16:31+01:00,7b316592-8036-41e2-b8dc-b06b6a9afd54,41.038285173896426,21.327864456616478,pm10,153
2026-01-21T21:16:31+01:00,7b316592-8036-41e2-b8dc-b06b6a9afd54,41.038285173896426,21.327864456616478,pm25,98
2026-01-21T21:16:31+01:00,7b316592-8036-41e2-b8dc-b06b6a9afd54,41.038285173896426,21.327864456616478,pressure,933
2026-01-21T21:16:31+01:00,7b316592-8036-41e2-b8dc-b06b6a9afd54,41.038285173896426,21.327864456616478,temperature,6
2026-01-21T21:32:03+01:00,7b316592-8036-41e2-b8dc-b06b6a9afd54,41.038285173896426,21.327864456616478,gasResistance,161793
2026-01-21T21:32:03+01:00,7b316592-8036-41e2-b8dc-b06b6a9afd54,41.038285173896426,21.327864456616478,humidity,66
2026-01-21T21:32:03+01:00,7b316592-8036-41e2-b8dc-b06b6a9afd54,41.038285173896426,21.327864456616478,noise,43
2026-01-21T21:32:03+01:00,7b316592-8036-41e2-b8dc-b06b6a9afd54,41.038285173896426,21.327864456616478,noise_dba,46
2026-01-21T21:32:03+01:00,7b316592-8036-41e2-b8dc-b06b6a9afd54,41.038285173896426,21.327864456616478,pm10,131
2026-01-21T21:32:03+01:00,7b316592-8036-41e2-b8dc-b06b6a9afd54,41.038285173896426,21.327864456616478,pm25,84
2026-01-21T21:32:03+01:00,7b316592-8036-41e2-b8dc-b06b6a9afd54,41.038285173896426,21.327864456616478,pressure,932
2026-01-21T21:32:03+01:00,7b316592-8036-41e2-b8dc-b06b6a9afd54,41.038285173896426,21.327864456616478,temperature,6
2026-01-21T21:47:35+01:00,7b316592-8036-41e2-b8dc-b06b6a9afd54,41.038285173896426,21.327864456616478,gasResistance,158302
2026-01-21T21:47:35+01:00,7b316592-8036-41e2-b8dc-b06b6a9afd54,41.038285173896426,21.327864456616478,humidity,66
2026-01-21T21:47:35+01:00,7b316592-8036-41e2-b8dc-b06b6a9afd54,41.038285173896426,21.327864456616478,noise,31
2026-01-21T21:47:35+01:00,7b316592-8036-41e2-b8dc-b06b6a9afd54,41.038285173896426,21.327864456616478,noise_dba,41
2026-01-21T21:47:35+01:00,7b316592-8036-41e2-b8dc-b06b6a9afd54,41.038285173896426,21.327864456616478,pm10,184
2026-01-21T21:47:35+01:00,7b316592-8036-41e2-b8dc-b06b6a9afd54,41.038285173896426,21.327864456616478,pm25,104
2026-01-21T21:47:35+01:00,7b316592-8036-41e2-b8dc-b06b6a9afd54,41.038285173896426,21.327864456616478,pressure,932
2026-01-21T21:47:35+01:00,7b316592-8036-41e2-b8dc-b06b6a9afd54,41.038285173896426,21.327864456616478,temperature,6
2026-01-21T22:03:08+01:00,7b316592-8036-41e2-b8dc-b06b6a9afd54,41.038285173896426,21.327864456616478,gasResistance,154533
2026-01-21T22:03:08+01:00,7b316592-8036-41e2-b8dc-b06b6a9afd54,41.038285173896426,21.327864456616478,humidity,66
2026-01-21T22:03:08+01:00,7b316592-8036-41e2-b8dc-b06b6a9afd54,41.038285173896426,21.327864456616478,noise,37
2026-01-21T22:03:08+01:00,7b316592-8036-41e2-b8dc-b06b6a9afd54,41.038285173896426,21.327864456616478,noise_dba,43
2026-01-21T22:03:08+01:00,7b316592-8036-41e2-b8dc-b06b6a9afd54,41.038285173896426,21.327864456616478,pm10,236
2026-01-21T22:03:08+01:00,7b316592-8036-41e2-b8dc-b06b6a9afd54,41.038285173896426,21.327864456616478,pm25,136
2026-01-21T22:03:08+01:00,7b316592-8036-41e2-b8dc-b06b6a9afd54,41.038285173896426,21.327864456616478,pressure,932
2026-01-21T22:03:08+01:00,7b316592-8036-41e2-b8dc-b06b6a9afd54,41.038285173896426,21.327864456616478,temperature,6
2026-01-21T22:18:40+01:00,7b316592-8036-41e2-b8dc-b06b6a9afd54,41.038285173896426,21.327864456616478,gasResistance,155673
2026-01-21T22:18:40+01:00,7b316592-8036-41e2-b8dc-b06b6a9afd54,41.038285173896426,21.327864456616478,humidity,66
2026-01-21T22:18:40+01:00,7b316592-8036-41e2-b8dc-b06b6a9afd54,41.038285173896426,21.327864456616478,noise,38
2026-01-21T22:18:40+01:00,7b316592-8036-41e2-b8dc-b06b6a9afd54,41.038285173896426,21.327864456616478,noise_dba,44
2026-01-21T22:18:40+01:00,7b316592-8036-41e2-b8dc-b06b6a9afd54,41.038285173896426,21.327864456616478,pm10,139
2026-01-21T22:18:40+01:00,7b316592-8036-41e2-b8dc-b06b6a9afd54,41.038285173896426,21.327864456616478,pm25,87
2026-01-21T22:18:40+01:00,7b316592-8036-41e2-b8dc-b06b6a9afd54,41.038285173896426,21.327864456616478,pressure,932
2026-01-21T22:18:40+01:00,7b316592-8036-41e2-b8dc-b06b6a9afd54,41.038285173896426,21.327864456616478,temperature,6
2026-01-21T22:34:12+01:00,7b316592-8036-41e2-b8dc-b06b6a9afd54,41.038285173896426,21.327864456616478,gasResistance,151617
2026-01-21T22:34:12+01:00,7b316592-8036-41e2-b8dc-b06b6a9afd54,41.038285173896426,21.327864456616478,humidity,66
2026-01-21T22:34:12+01:00,7b316592-8036-41e2-b8dc-b06b6a9afd54,41.038285173896426,21.327864456616478,noise,38
2026-01-21T22:34:12+01:00,7b316592-8036-41e2-b8dc-b06b6a9afd54,41.038285173896426,21.327864456616478,noise_dba,44
2026-01-21T22:34:12+01:00,7b316592-8036-41e2-b8dc-b06b6a9afd54,41.038285173896426,21.327864456616478,pm10,769
2026-01-21T22:34:12+01:00,7b316592-8036-41e2-b8dc-b06b6a9afd54,41.038285173896426,21.327864456616478,pm25,276
2026-01-21T22:34:12+01:00,7b316592-8036-41e2-b8dc-b06b6a9afd54,41.038285173896426,21.327864456616478,pressure,932
2026-01-21T22:34:12+01:00,7b316592-8036-41e2-b8dc-b06b6a9afd54,41.038285173896426,21.327864456616478,temperature,6
2026-01-21T22:49:45+01:00,7b316592-8036-41e2-b8dc-b06b6a9afd54,41.038285173896426,21.327864456616478,gasResistance,149469
2026-01-21T22:49:45+01:00,7b316592-8036-41e2-b8dc-b06b6a9afd54,41.038285173896426,21.327864456616478,humidity,66
2026-01-21T22:49:45+01:00,7b316592-8036-41e2-b8dc-b06b6a9afd54,41.038285173896426,21.327864456616478,noise,45
2026-01-21T22:49:45+01:00,7b316592-8036-41e2-b8dc-b06b6a9afd54,41.038285173896426,21.327864456616478,noise_dba,47
2026-01-21T22:49:45+01:00,7b316592-8036-41e2-b8dc-b06b6a9afd54,41.038285173896426,21.327864456616478,pm10,176
2026-01-21T22:49:45+01:00,7b316592-8036-41e2-b8dc-b06b6a9afd54,41.038285173896426,21.327864456616478,pm25,106
2026-01-21T22:49:45+01:00,7b316592-8036-41e2-b8dc-b06b6a9afd54,41.038285173896426,21.327864456616478,pressure,932
2026-01-21T22:49:45+01:00,7b316592-8036-41e2-b8dc-b06b6a9afd54,41.038285173896426,21.327864456616478,temperature,6
2026-01-21T23:05:17+01:00,7b316592-8036-41e2-b8dc-b06b6a9afd54,41.038285173896426,21.327864456616478,gasResistance,146357
2026-01-21T23:05:17+01:00,7b316592-8036-41e2-b8dc-b06b6a9afd54,41.038285173896426,21.327864456616478,humidity,66
2026-01-21T23:05:17+01:00,7b316592-8036-41e2-b8dc-b06b6a9afd54,41.038285173896426,21.327864456616478,noise,35
2026-01-21T23:05:17+01:00,7b316592-8036-41e2-b8dc-b06b6a9afd54,41.038285173896426,21.327864456616478,noise_dba,43
2026-01-21T23:05:17+01:00,7b316592-8036-41e2-b8dc-b06b6a9afd54,41.038285173896426,21.327864456616478,pm10,191
2026-01-21T23:05:17+01:00,7b316592-8036-41e2-b8dc-b06b6a9afd54,41.038285173896426,21.327864456616478,pm25,116
2026-01-21T23:05:17+01:00,7b316592-8036-41e2-b8dc-b06b6a9afd54,41.038285173896426,21.327864456616478,pressure,932
2026-01-21T23:05:17+01:00,7b316592-8036-41e2-b8dc-b06b6a9afd54,41.038285173896426,21.327864456616478,temperature,6
2026-01-21T23:20:49+01:00,7b316592-8036-41e2-b8dc-b06b6a9afd54,41.038285173896426,21.327864456616478,gasResistance,144850
2026-01-21T23:20:49+01:00,7b316592-8036-41e2-b8dc-b06b6a9afd54,41.038285173896426,21.327864456616478,humidity,67
2026-01-21T23:20:49+01:00,7b316592-8036-41e2-b8dc-b06b6a9afd54,41.038285173896426,21.327864456616478,noise,42
2026-01-21T23:20:49+01:00,7b316592-8036-41e2-b8dc-b06b6a9afd54,41.038285173896426,21.327864456616478,noise_dba,45
2026-01-21T23:20:49+01:00,7b316592-8036-41e2-b8dc-b06b6a9afd54,41.038285173896426,21.327864456616478,pm10,201
2026-01-21T23:20:49+01:00,7b316592-8036-41e2-b8dc-b06b6a9afd54,41.038285173896426,21.327864456616478,pm25,120
2026-01-21T23:20:49+01:00,7b316592-8036-41e2-b8dc-b06b6a9afd54,41.038285173896426,21.327864456616478,pressure,931
2026-01-21T23:20:49+01:00,7b316592-8036-41e2-b8dc-b06b6a9afd54,41.038285173896426,21.327864456616478,temperature,6
2026-01-21T23:36:21+01:00,7b316592-8036-41e2-b8dc-b06b6a9afd54,41.038285173896426,21.327864456616478,gasResistance,143617
2026-01-21T23:36:21+01:00,7b316592-8036-41e2-b8dc-b06b6a9afd54,41.038285173896426,21.327864456616478,humidity,67
2026-01-21T23:36:21+01:00,7b316592-8036-41e2-b8dc-b06b6a9afd54,41.038285173896426,21.327864456616478,noise,34
2026-01-21T23:36:21+01:00,7b316592-8036-41e2-b8dc-b06b6a9afd54,41.038285173896426,21.327864456616478,noise_dba,42
2026-01-21T23:36:21+01:00,7b316592-8036-41e2-b8dc-b06b6a9afd54,41.038285173896426,21.327864456616478,pm10,180
2026-01-21T23:36:21+01:00,7b316592-8036-41e2-b8dc-b06b6a9afd54,41.038285173896426,21.327864456616478,pm25,106
2026-01-21T23:36:21+01:00,7b316592-8036-41e2-b8dc-b06b6a9afd54,41.038285173896426,21.327864456616478,pressure,931
2026-01-21T23:36:21+01:00,7b316592-8036-41e2-b8dc-b06b6a9afd54,41.038285173896426,21.327864456616478,temperature,6
2026-01-21T23:51:53+01:00,7b316592-8036-41e2-b8dc-b06b6a9afd54,41.038285173896426,21.327864456616478,gasResistance,142285
2026-01-21T23:51:53+01:00,7b316592-8036-41e2-b8dc-b06b6a9afd54,41.038285173896426,21.327864456616478,humidity,66
2026-01-21T23:51:53+01:00,7b316592-8036-41e2-b8dc-b06b6a9afd54,41.038285173896426,21.327864456616478,noise,40
2026-01-21T23:51:53+01:00,7b316592-8036-41e2-b8dc-b06b6a9afd54,41.038285173896426,21.327864456616478,noise_dba,45
2026-01-21T23:51:53+01:00,7b316592-8036-41e2-b8dc-b06b6a9afd54,41.038285173896426,21.327864456616478,pm10,181
2026-01-21T23:51:53+01:00,7b316592-8036-41e2-b8dc-b06b6a9afd54,41.038285173896426,21.327864456616478,pm25,107
2026-01-21T23:51:53+01:00,7b316592-8036-41e2-b8dc-b06b6a9afd54,41.038285173896426,21.327864456616478,pressure,931
2026-01-21T23:51:53+01:00,7b316592-8036-41e2-b8dc-b06b6a9afd54,41.038285173896426,21.327864456616478,temperature,6
2026-01-22T00:07:26+01:00,7b316592-8036-41e2-b8dc-b06b6a9afd54,41.038285173896426,21.327864456616478,gasResistance,140158
2026-01-22T00:07:26+01:00,7b316592-8036-41e2-b8dc-b06b6a9afd54,41.038285173896426,21.327864456616478,humidity,66
2026-01-22T00:07:26+01:00,7b316592-8036-41e2-b8dc-b06b6a9afd54,41.038285173896426,21.327864456616478,noise,45
2026-01-22T00:07:26+01:00,7b316592-8036-41e2-b8dc-b06b6a9afd54,41.038285173896426,21.327864456616478,noise_dba,47
2026-01-22T00:07:26+01:00,7b316592-8036-41e2-b8dc-b06b6a9afd54,41.038285173896426,21.327864456616478,pm10,185
2026-01-22T00:07:26+01:00,7b316592-8036-41e2-b8dc-b06b6a9afd54,41.038285173896426,21.327864456616478,pm25,109
2026-01-22T00:07:26+01:00,7b316592-8036-41e2-b8dc-b06b6a9afd54,41.038285173896426,21.327864456616478,pressure,931
2026-01-22T00:07:26+01:00,7b316592-8036-41e2-b8dc-b06b6a9afd54,41.038285173896426,21.327864456616478,temperature,6
2026-01-22T00:22:58+01:00,7b316592-8036-41e2-b8dc-b06b6a9afd54,41.038285173896426,21.327864456616478,gasResistance,139118
2026-01-22T00:22:58+01:00,7b316592-8036-41e2-b8dc-b06b6a9afd54,41.038285173896426,21.327864456616478,humidity,66
2026-01-22T00:22:58+01:00,7b316592-8036-41e2-b8dc-b06b6a9afd54,41.038285173896426,21.327864456616478,noise,45
2026-01-22T00:22:58+01:00,7b316592-8036-41e2-b8dc-b06b6a9afd54,41.038285173896426,21.327864456616478,noise_dba,47
2026-01-22T00:22:58+01:00,7b316592-8036-41e2-b8dc-b06b6a9afd54,41.038285173896426,21.327864456616478,pm10,187
2026-01-22T00:22:58+01:00,7b316592-8036-41e2-b8dc-b06b6a9afd54,41.038285173896426,21.327864456616478,pm25,112
2026-01-22T00:22:58+01:00,7b316592-8036-41e2-b8dc-b06b6a9afd54,41.038285173896426,21.327864456616478,pressure,931
2026-01-22T00:22:58+01:00,7b316592-8036-41e2-b8dc-b06b6a9afd54,41.038285173896426,21.327864456616478,temperature,6
2026-01-22T00:38:31+01:00,7b316592-8036-41e2-b8dc-b06b6a9afd54,41.038285173896426,21.327864456616478,gasResistance,138206
2026-01-22T00:38:31+01:00,7b316592-8036-41e2-b8dc-b06b6a9afd54,41.038285173896426,21.327864456616478,humidity,66
2026-01-22T00:38:31+01:00,7b316592-8036-41e2-b8dc-b06b6a9afd54,41.038285173896426,21.327864456616478,noise,35
2026-01-22T00:38:31+01:00,7b316592-8036-41e2-b8dc-b06b6a9afd54,41.038285173896426,21.327864456616478,noise_dba,43
2026-01-22T00:38:31+01:00,7b316592-8036-41e2-b8dc-b06b6a9afd54,41.038285173896426,21.327864456616478,pm10,184
2026-01-22T00:38:31+01:00,7b316592-8036-41e2-b8dc-b06b6a9afd54,41.038285173896426,21.327864456616478,pm25,108
2026-01-22T00:38:31+01:00,7b316592-8036-41e2-b8dc-b06b6a9afd54,41.038285173896426,21.327864456616478,pressure,931
2026-01-22T00:38:31+01:00,7b316592-8036-41e2-b8dc-b06b6a9afd54,41.038285173896426,21.327864456616478,temperature,6
2026-01-22T00:54:03+01:00,7b316592-8036-41e2-b8dc-b06b6a9afd54,41.038285173896426,21.327864456616478,gasResistance,137868
2026-01-22T00:54:03+01:00,7b316592-8036-41e2-b8dc-b06b6a9afd54,41.038285173896426,21.327864456616478,humidity,67
2026-01-22T00:54:03+01:00,7b316592-8036-41e2-b8dc-b06b6a9afd54,41.038285173896426,21.327864456616478,noise,31
2026-01-22T00:54:03+01:00,7b316592-8036-41e2-b8dc-b06b6a9afd54,41.038285173896426,21.327864456616478,noise_dba,41
2026-01-22T00:54:03+01:00,7b316592-8036-41e2-b8dc-b06b6a9afd54,41.038285173896426,21.327864456616478,pm10,171
2026-01-22T00:54:03+01:00,7b316592-8036-41e2-b8dc-b06b6a9afd54,41.038285173896426,21.327864456616478,pm25,102
2026-01-22T00:54:03+01:00,7b316592-8036-41e2-b8dc-b06b6a9afd54,41.038285173896426,21.327864456616478,pressure,930
2026-01-22T00:54:03+01:00,7b316592-8036-41e2-b8dc-b06b6a9afd54,41.038285173896426,21.327864456616478,temperature,6
2026-01-22T01:09:35+01:00,7b316592-8036-41e2-b8dc-b06b6a9afd54,41.038285173896426,21.327864456616478,gasResistance,137868
2026-01-22T01:09:35+01:00,7b316592-8036-41e2-b8dc-b06b6a9afd54,41.038285173896426,21.327864456616478,humidity,67
2026-01-22T01:09:35+01:00,7b316592-8036-41e2-b8dc-b06b6a9afd54,41.038285173896426,21.327864456616478,noise,31
2026-01-22T01:09:35+01:00,7b316592-8036-41e2-b8dc-b06b6a9afd54,41.038285173896426,21.327864456616478,noise_dba,41
2026-01-22T01:09:35+01:00,7b316592-8036-41e2-b8dc-b06b6a9afd54,41.038285173896426,21.327864456616478,pm10,212
2026-01-22T01:09:35+01:00,7b316592-8036-41e2-b8dc-b06b6a9afd54,41.038285173896426,21.327864456616478,pm25,119
2026-01-22T01:09:35+01:00,7b316592-8036-41e2-b8dc-b06b6a9afd54,41.038285173896426,21.327864456616478,pressure,930
2026-01-22T01:09:35+01:00,7b316592-8036-41e2-b8dc-b06b6a9afd54,41.038285173896426,21.327864456616478,temperature,6
2026-01-22T01:25:07+01:00,7b316592-8036-41e2-b8dc-b06b6a9afd54,41.038285173896426,21.327864456616478,gasResistance,137868
2026-01-22T01:25:07+01:00,7b316592-8036-41e2-b8dc-b06b6a9afd54,41.038285173896426,21.327864456616478,humidity,67
2026-01-22T01:25:07+01:00,7b316592-8036-41e2-b8dc-b06b6a9afd54,41.038285173896426,21.327864456616478,noise,33
2026-01-22T01:25:07+01:00,7b316592-8036-41e2-b8dc-b06b6a9afd54,41.038285173896426,21.327864456616478,noise_dba,42
2026-01-22T01:25:07+01:00,7b316592-8036-41e2-b8dc-b06b6a9afd54,41.038285173896426,21.327864456616478,pm10,304
2026-01-22T01:25:07+01:00,7b316592-8036-41e2-b8dc-b06b6a9afd54,41.038285173896426,21.327864456616478,pm25,145
2026-01-22T01:25:07+01:00,7b316592-8036-41e2-b8dc-b06b6a9afd54,41.038285173896426,21.327864456616478,pressure,930
2026-01-22T01:25:07+01:00,7b316592-8036-41e2-b8dc-b06b6a9afd54,41.038285173896426,21.327864456616478,temperature,6
2026-01-22T01:40:39+01:00,7b316592-8036-41e2-b8dc-b06b6a9afd54,41.038285173896426,21.327864456616478,gasResistance,136861
2026-01-22T01:40:39+01:00,7b316592-8036-41e2-b8dc-b06b6a9afd54,41.038285173896426,21.327864456616478,humidity,67
2026-01-22T01:40:39+01:00,7b316592-8036-41e2-b8dc-b06b6a9afd54,41.038285173896426,21.327864456616478,noise,36
2026-01-22T01:40:39+01:00,7b316592-8036-41e2-b8dc-b06b6a9afd54,41.038285173896426,21.327864456616478,noise_dba,43
2026-01-22T01:40:39+01:00,7b316592-8036-41e2-b8dc-b06b6a9afd54,41.038285173896426,21.327864456616478,pm10,206
2026-01-22T01:40:39+01:00,7b316592-8036-41e2-b8dc-b06b6a9afd54,41.038285173896426,21.327864456616478,pm25,115
2026-01-22T01:40:39+01:00,7b316592-8036-41e2-b8dc-b06b6a9afd54,41.038285173896426,21.327864456616478,pressure,930
2026-01-22T01:40:39+01:00,7b316592-8036-41e2-b8dc-b06b6a9afd54,41.038285173896426,21.327864456616478,temperature,6
2026-01-22T01:56:11+01:00,7b316592-8036-41e2-b8dc-b06b6a9afd54,41.038285173896426,21.327864456616478,gasResistance,138775
2026-01-22T01:56:11+01:00,7b316592-8036-41e2-b8dc-b06b6a9afd54,41.038285173896426,21.327864456616478,humidity,67
2026-01-22T01:56:11+01:00,7b316592-8036-41e2-b8dc-b06b6a9afd54,41.038285173896426,21.327864456616478,noise,40
2026-01-22T01:56:11+01:00,7b316592-8036-41e2-b8dc-b06b6a9afd54,41.038285173896426,21.327864456616478,noise_dba,45
2026-01-22T01:56:11+01:00,7b316592-8036-41e2-b8dc-b06b6a9afd54,41.038285173896426,21.327864456616478,pm10,96
2026-01-22T01:56:11+01:00,7b316592-8036-41e2-b8dc-b06b6a9afd54,41.038285173896426,21.327864456616478,pm25,61
2026-01-22T01:56:11+01:00,7b316592-8036-41e2-b8dc-b06b6a9afd54,41.038285173896426,21.327864456616478,pressure,930
2026-01-22T01:56:11+01:00,7b316592-8036-41e2-b8dc-b06b6a9afd54,41.038285173896426,21.327864456616478,temperature,6
2026-01-22T02:11:43+01:00,7b316592-8036-41e2-b8dc-b06b6a9afd54,41.038285173896426,21.327864456616478,gasResistance,137531
2026-01-22T02:11:43+01:00,7b316592-8036-41e2-b8dc-b06b6a9afd54,41.038285173896426,21.327864456616478,humidity,67
2026-01-22T02:11:43+01:00,7b316592-8036-41e2-b8dc-b06b6a9afd54,41.038285173896426,21.327864456616478,noise,34
2026-01-22T02:11:43+01:00,7b316592-8036-41e2-b8dc-b06b6a9afd54,41.038285173896426,21.327864456616478,noise_dba,42
2026-01-22T02:11:43+01:00,7b316592-8036-41e2-b8dc-b06b6a9afd54,41.038285173896426,21.327864456616478,pm10,67
2026-01-22T02:11:43+01:00,7b316592-8036-41e2-b8dc-b06b6a9afd54,41.038285173896426,21.327864456616478,pm25,46
2026-01-22T02:11:43+01:00,7b316592-8036-41e2-b8dc-b06b6a9afd54,41.038285173896426,21.327864456616478,pressure,930
2026-01-22T02:11:43+01:00,7b316592-8036-41e2-b8dc-b06b6a9afd54,41.038285173896426,21.327864456616478,temperature,6
2026-01-22T02:27:15+01:00,7b316592-8036-41e2-b8dc-b06b6a9afd54,41.038285173896426,21.327864456616478,gasResistance,138433
2026-01-22T02:27:15+01:00,7b316592-8036-41e2-b8dc-b06b6a9afd54,41.038285173896426,21.327864456616478,humidity,67
2026-01-22T02:27:15+01:00,7b316592-8036-41e2-b8dc-b06b6a9afd54,41.038285173896426,21.327864456616478,noise,31
2026-01-22T02:27:15+01:00,7b316592-8036-41e2-b8dc-b06b6a9afd54,41.038285173896426,21.327864456616478,noise_dba,41
2026-01-22T02:27:15+01:00,7b316592-8036-41e2-b8dc-b06b6a9afd54,41.038285173896426,21.327864456616478,pm10,65
2026-01-22T02:27:15+01:00,7b316592-8036-41e2-b8dc-b06b6a9afd54,41.038285173896426,21.327864456616478,pm25,44
2026-01-22T02:27:15+01:00,7b316592-8036-41e2-b8dc-b06b6a9afd54,41.038285173896426,21.327864456616478,pressure,930
2026-01-22T02:27:15+01:00,7b316592-8036-41e2-b8dc-b06b6a9afd54,41.038285173896426,21.327864456616478,temperature,6
2026-01-22T02:42:47+01:00,7b316592-8036-41e2-b8dc-b06b6a9afd54,41.038285173896426,21.327864456616478,gasResistance,140508
2026-01-22T02:42:47+01:00,7b316592-8036-41e2-b8dc-b06b6a9afd54,41.038285173896426,21.327864456616478,humidity,67
2026-01-22T02:42:47+01:00,7b316592-8036-41e2-b8dc-b06b6a9afd54,41.038285173896426,21.327864456616478,noise,40
2026-01-22T02:42:47+01:00,7b316592-8036-41e2-b8dc-b06b6a9afd54,41.038285173896426,21.327864456616478,noise_dba,45
2026-01-22T02:42:47+01:00,7b316592-8036-41e2-b8dc-b06b6a9afd54,41.038285173896426,21.327864456616478,pm10,43
2026-01-22T02:42:47+01:00,7b316592-8036-41e2-b8dc-b06b6a9afd54,41.038285173896426,21.327864456616478,pm25,29
2026-01-22T02:42:47+01:00,7b316592-8036-41e2-b8dc-b06b6a9afd54,41.038285173896426,21.327864456616478,pressure,929
2026-01-22T02:42:47+01:00,7b316592-8036-41e2-b8dc-b06b6a9afd54,41.038285173896426,21.327864456616478,temperature,6
2026-01-22T02:58:19+01:00,7b316592-8036-41e2-b8dc-b06b6a9afd54,41.038285173896426,21.327864456616478,gasResistance,141095
2026-01-22T02:58:19+01:00,7b316592-8036-41e2-b8dc-b06b6a9afd54,41.038285173896426,21.327864456616478,humidity,67
2026-01-22T02:58:19+01:00,7b316592-8036-41e2-b8dc-b06b6a9afd54,41.038285173896426,21.327864456616478,noise,24
2026-01-22T02:58:19+01:00,7b316592-8036-41e2-b8dc-b06b6a9afd54,41.038285173896426,21.327864456616478,noise_dba,36
2026-01-22T02:58:19+01:00,7b316592-8036-41e2-b8dc-b06b6a9afd54,41.038285173896426,21.327864456616478,pm10,134
2026-01-22T02:58:19+01:00,7b316592-8036-41e2-b8dc-b06b6a9afd54,41.038285173896426,21.327864456616478,pm25,73
2026-01-22T02:58:19+01:00,7b316592-8036-41e2-b8dc-b06b6a9afd54,41.038285173896426,21.327864456616478,pressure,929
2026-01-22T02:58:19+01:00,7b316592-8036-41e2-b8dc-b06b6a9afd54,41.038285173896426,21.327864456616478,temperature,6
2026-01-22T03:13:52+01:00,7b316592-8036-41e2-b8dc-b06b6a9afd54,41.038285173896426,21.327864456616478,gasResistance,140158
2026-01-22T03:13:52+01:00,7b316592-8036-41e2-b8dc-b06b6a9afd54,41.038285173896426,21.327864456616478,humidity,67
2026-01-22T03:13:52+01:00,7b316592-8036-41e2-b8dc-b06b6a9afd54,41.038285173896426,21.327864456616478,noise,38
2026-01-22T03:13:52+01:00,7b316592-8036-41e2-b8dc-b06b6a9afd54,41.038285173896426,21.327864456616478,noise_dba,44
2026-01-22T03:13:52+01:00,7b316592-8036-41e2-b8dc-b06b6a9afd54,41.038285173896426,21.327864456616478,pm10,159
2026-01-22T03:13:52+01:00,7b316592-8036-41e2-b8dc-b06b6a9afd54,41.038285173896426,21.327864456616478,pm25,82
2026-01-22T03:13:52+01:00,7b316592-8036-41e2-b8dc-b06b6a9afd54,41.038285173896426,21.327864456616478,pressure,929
2026-01-22T03:13:52+01:00,7b316592-8036-41e2-b8dc-b06b6a9afd54,41.038285173896426,21.327864456616478,temperature,6
2026-01-22T03:29:24+01:00,7b316592-8036-41e2-b8dc-b06b6a9afd54,41.038285173896426,21.327864456616478,gasResistance,142045
2026-01-22T03:29:24+01:00,7b316592-8036-41e2-b8dc-b06b6a9afd54,41.038285173896426,21.327864456616478,humidity,68
2026-01-22T03:29:24+01:00,7b316592-8036-41e2-b8dc-b06b6a9afd54,41.038285173896426,21.327864456616478,noise,36
2026-01-22T03:29:24+01:00,7b316592-8036-41e2-b8dc-b06b6a9afd54,41.038285173896426,21.327864456616478,noise_dba,43
2026-01-22T03:29:24+01:00,7b316592-8036-41e2-b8dc-b06b6a9afd54,41.038285173896426,21.327864456616478,pm10,124
2026-01-22T03:29:24+01:00,7b316592-8036-41e2-b8dc-b06b6a9afd54,41.038285173896426,21.327864456616478,pm25,64
2026-01-22T03:29:24+01:00,7b316592-8036-41e2-b8dc-b06b6a9afd54,41.038285173896426,21.327864456616478,pressure,929
2026-01-22T03:29:24+01:00,7b316592-8036-41e2-b8dc-b06b6a9afd54,41.038285173896426,21.327864456616478,temperature,6
2026-01-22T03:44:55+01:00,7b316592-8036-41e2-b8dc-b06b6a9afd54,41.038285173896426,21.327864456616478,gasResistance,143008
2026-01-22T03:44:55+01:00,7b316592-8036-41e2-b8dc-b06b6a9afd54,41.038285173896426,21.327864456616478,humidity,70
2026-01-22T03:44:55+01:00,7b316592-8036-41e2-b8dc-b06b6a9afd54,41.038285173896426,21.327864456616478,noise,53
2026-01-22T03:44:55+01:00,7b316592-8036-41e2-b8dc-b06b6a9afd54,41.038285173896426,21.327864456616478,noise_dba,49
2026-01-22T03:44:55+01:00,7b316592-8036-41e2-b8dc-b06b6a9afd54,41.038285173896426,21.327864456616478,pm10,113
2026-01-22T03:44:55+01:00,7b316592-8036-41e2-b8dc-b06b6a9afd54,41.038285173896426,21.327864456616478,pm25,61
2026-01-22T03:44:55+01:00,7b316592-8036-41e2-b8dc-b06b6a9afd54,41.038285173896426,21.327864456616478,pressure,929
2026-01-22T03:44:55+01:00,7b316592-8036-41e2-b8dc-b06b6a9afd54,41.038285173896426,21.327864456616478,temperature,5
2026-01-22T04:00:27+01:00,7b316592-8036-41e2-b8dc-b06b6a9afd54,41.038285173896426,21.327864456616478,gasResistance,147380
2026-01-22T04:00:27+01:00,7b316592-8036-41e2-b8dc-b06b6a9afd54,41.038285173896426,21.327864456616478,humidity,72
2026-01-22T04:00:27+01:00,7b316592-8036-41e2-b8dc-b06b6a9afd54,41.038285173896426,21.327864456616478,noise,66
2026-01-22T04:00:27+01:00,7b316592-8036-41e2-b8dc-b06b6a9afd54,41.038285173896426,21.327864456616478,noise_dba,53
2026-01-22T04:00:27+01:00,7b316592-8036-41e2-b8dc-b06b6a9afd54,41.038285173896426,21.327864456616478,pm10,120
2026-01-22T04:00:27+01:00,7b316592-8036-41e2-b8dc-b06b6a9afd54,41.038285173896426,21.327864456616478,pm25,66
2026-01-22T04:00:27+01:00,7b316592-8036-41e2-b8dc-b06b6a9afd54,41.038285173896426,21.327864456616478,pressure,928
2026-01-22T04:00:27+01:00,7b316592-8036-41e2-b8dc-b06b6a9afd54,41.038285173896426,21.327864456616478,temperature,5
2026-01-22T04:15:58+01:00,7b316592-8036-41e2-b8dc-b06b6a9afd54,41.038285173896426,21.327864456616478,gasResistance,150401
2026-01-22T04:15:58+01:00,7b316592-8036-41e2-b8dc-b06b6a9afd54,41.038285173896426,21.327864456616478,humidity,73
2026-01-22T04:15:58+01:00,7b316592-8036-41e2-b8dc-b06b6a9afd54,41.038285173896426,21.327864456616478,noise,48
2026-01-22T04:15:58+01:00,7b316592-8036-41e2-b8dc-b06b6a9afd54,41.038285173896426,21.327864456616478,noise_dba,48
2026-01-22T04:15:58+01:00,7b316592-8036-41e2-b8dc-b06b6a9afd54,41.038285173896426,21.327864456616478,pm10,166
2026-01-22T04:15:58+01:00,7b316592-8036-41e2-b8dc-b06b6a9afd54,41.038285173896426,21.327864456616478,pm25,85
2026-01-22T04:15:58+01:00,7b316592-8036-41e2-b8dc-b06b6a9afd54,41.038285173896426,21.327864456616478,pressure,928
2026-01-22T04:15:58+01:00,7b316592-8036-41e2-b8dc-b06b6a9afd54,41.038285173896426,21.327864456616478,temperature,5
2026-01-22T04:31:30+01:00,7b316592-8036-41e2-b8dc-b06b6a9afd54,41.038285173896426,21.327864456616478,gasResistance,152301
2026-01-22T04:31:30+01:00,7b316592-8036-41e2-b8dc-b06b6a9afd54,41.038285173896426,21.327864456616478,humidity,73
2026-01-22T04:31:30+01:00,7b316592-8036-41e2-b8dc-b06b6a9afd54,41.038285173896426,21.327864456616478,noise,51
2026-01-22T04:31:30+01:00,7b316592-8036-41e2-b8dc-b06b6a9afd54,41.038285173896426,21.327864456616478,noise_dba,49
2026-01-22T04:31:30+01:00,7b316592-8036-41e2-b8dc-b06b6a9afd54,41.038285173896426,21.327864456616478,pm10,147
2026-01-22T04:31:30+01:00,7b316592-8036-41e2-b8dc-b06b6a9afd54,41.038285173896426,21.327864456616478,pm25,79
2026-01-22T04:31:30+01:00,7b316592-8036-41e2-b8dc-b06b6a9afd54,41.038285173896426,21.327864456616478,pressure,928
2026-01-22T04:31:30+01:00,7b316592-8036-41e2-b8dc-b06b6a9afd54,41.038285173896426,21.327864456616478,temperature,4
2026-01-22T04:47:01+01:00,7b316592-8036-41e2-b8dc-b06b6a9afd54,41.038285173896426,21.327864456616478,gasResistance,158451
2026-01-22T04:47:01+01:00,7b316592-8036-41e2-b8dc-b06b6a9afd54,41.038285173896426,21.327864456616478,humidity,74
2026-01-22T04:47:01+01:00,7b316592-8036-41e2-b8dc-b06b6a9afd54,41.038285173896426,21.327864456616478,noise,50
2026-01-22T04:47:01+01:00,7b316592-8036-41e2-b8dc-b06b6a9afd54,41.038285173896426,21.327864456616478,noise_dba,48
2026-01-22T04:47:01+01:00,7b316592-8036-41e2-b8dc-b06b6a9afd54,41.038285173896426,21.327864456616478,pm10,139
2026-01-22T04:47:01+01:00,7b316592-8036-41e2-b8dc-b06b6a9afd54,41.038285173896426,21.327864456616478,pm25,76
2026-01-22T04:47:01+01:00,7b316592-8036-41e2-b8dc-b06b6a9afd54,41.038285173896426,21.327864456616478,pressure,928
2026-01-22T04:47:01+01:00,7b316592-8036-41e2-b8dc-b06b6a9afd54,41.038285173896426,21.327864456616478,temperature,4
2026-01-22T05:02:33+01:00,7b316592-8036-41e2-b8dc-b06b6a9afd54,41.038285173896426,21.327864456616478,gasResistance,159499
2026-01-22T05:02:33+01:00,7b316592-8036-41e2-b8dc-b06b6a9afd54,41.038285173896426,21.327864456616478,humidity,74
2026-01-22T05:02:33+01:00,7b316592-8036-41e2-b8dc-b06b6a9afd54,41.038285173896426,21.327864456616478,noise,55
2026-01-22T05:02:33+01:00,7b316592-8036-41e2-b8dc-b06b6a9afd54,41.038285173896426,21.327864456616478,noise_dba,50
2026-01-22T05:02:33+01:00,7b316592-8036-41e2-b8dc-b06b6a9afd54,41.038285173896426,21.327864456616478,pm10,122
2026-01-22T05:02:33+01:00,7b316592-8036-41e2-b8dc-b06b6a9afd54,41.038285173896426,21.327864456616478,pm25,67
2026-01-22T05:02:33+01:00,7b316592-8036-41e2-b8dc-b06b6a9afd54,41.038285173896426,21.327864456616478,pressure,928
2026-01-22T05:02:33+01:00,7b316592-8036-41e2-b8dc-b06b6a9afd54,41.038285173896426,21.327864456616478,temperature,4
2026-01-22T05:18:04+01:00,7b316592-8036-41e2-b8dc-b06b6a9afd54,41.038285173896426,21.327864456616478,gasResistance,159499
2026-01-22T05:18:04+01:00,7b316592-8036-41e2-b8dc-b06b6a9afd54,41.038285173896426,21.327864456616478,humidity,73
2026-01-22T05:18:04+01:00,7b316592-8036-41e2-b8dc-b06b6a9afd54,41.038285173896426,21.327864456616478,noise,54
2026-01-22T05:18:04+01:00,7b316592-8036-41e2-b8dc-b06b6a9afd54,41.038285173896426,21.327864456616478,noise_dba,50
2026-01-22T05:18:04+01:00,7b316592-8036-41e2-b8dc-b06b6a9afd54,41.038285173896426,21.327864456616478,pm10,136
2026-01-22T05:18:04+01:00,7b316592-8036-41e2-b8dc-b06b6a9afd54,41.038285173896426,21.327864456616478,pm25,71
2026-01-22T05:18:04+01:00,7b316592-8036-41e2-b8dc-b06b6a9afd54,41.038285173896426,21.327864456616478,pressure,928
2026-01-22T05:18:04+01:00,7b316592-8036-41e2-b8dc-b06b6a9afd54,41.038285173896426,21.327864456616478,temperature,4
2026-01-22T05:33:36+01:00,7b316592-8036-41e2-b8dc-b06b6a9afd54,41.038285173896426,21.327864456616478,gasResistance,162104
2026-01-22T05:33:36+01:00,7b316592-8036-41e2-b8dc-b06b6a9afd54,41.038285173896426,21.327864456616478,humidity,74
2026-01-22T05:33:36+01:00,7b316592-8036-41e2-b8dc-b06b6a9afd54,41.038285173896426,21.327864456616478,noise,57
2026-01-22T05:33:36+01:00,7b316592-8036-41e2-b8dc-b06b6a9afd54,41.038285173896426,21.327864456616478,noise_dba,50
2026-01-22T05:33:36+01:00,7b316592-8036-41e2-b8dc-b06b6a9afd54,41.038285173896426,21.327864456616478,pm10,195
2026-01-22T05:33:36+01:00,7b316592-8036-41e2-b8dc-b06b6a9afd54,41.038285173896426,21.327864456616478,pm25,95
2026-01-22T05:33:36+01:00,7b316592-8036-41e2-b8dc-b06b6a9afd54,41.038285173896426,21.327864456616478,pressure,928
2026-01-22T05:33:36+01:00,7b316592-8036-41e2-b8dc-b06b6a9afd54,41.038285173896426,21.327864456616478,temperature,4
2026-01-22T05:49:07+01:00,7b316592-8036-41e2-b8dc-b06b6a9afd54,41.038285173896426,21.327864456616478,gasResistance,166584
2026-01-22T05:49:07+01:00,7b316592-8036-41e2-b8dc-b06b6a9afd54,41.038285173896426,21.327864456616478,humidity,74
2026-01-22T05:49:07+01:00,7b316592-8036-41e2-b8dc-b06b6a9afd54,41.038285173896426,21.327864456616478,noise,63
2026-01-22T05:49:07+01:00,7b316592-8036-41e2-b8dc-b06b6a9afd54,41.038285173896426,21.327864456616478,noise_dba,52
2026-01-22T05:49:07+01:00,7b316592-8036-41e2-b8dc-b06b6a9afd54,41.038285173896426,21.327864456616478,pm10,127
2026-01-22T05:49:07+01:00,7b316592-8036-41e2-b8dc-b06b6a9afd54,41.038285173896426,21.327864456616478,pm25,71
2026-01-22T05:49:07+01:00,7b316592-8036-41e2-b8dc-b06b6a9afd54,41.038285173896426,21.327864456616478,pressure,928
2026-01-22T05:49:07+01:00,7b316592-8036-41e2-b8dc-b06b6a9afd54,41.038285173896426,21.327864456616478,temperature,4
2026-01-22T06:04:38+01:00,7b316592-8036-41e2-b8dc-b06b6a9afd54,41.038285173896426,21.327864456616478,gasResistance,164795
2026-01-22T06:04:38+01:00,7b316592-8036-41e2-b8dc-b06b6a9afd54,41.038285173896426,21.327864456616478,humidity,74
2026-01-22T06:04:38+01:00,7b316592-8036-41e2-b8dc-b06b6a9afd54,41.038285173896426,21.327864456616478,noise,60
2026-01-22T06:04:38+01:00,7b316592-8036-41e2-b8dc-b06b6a9afd54,41.038285173896426,21.327864456616478,noise_dba,51
2026-01-22T06:04:38+01:00,7b316592-8036-41e2-b8dc-b06b6a9afd54,41.038285173896426,21.327864456616478,pm10,89
2026-01-22T06:04:38+01:00,7b316592-8036-41e2-b8dc-b06b6a9afd54,41.038285173896426,21.327864456616478,pm25,53
2026-01-22T06:04:38+01:00,7b316592-8036-41e2-b8dc-b06b6a9afd54,41.038285173896426,21.327864456616478,pressure,928
2026-01-22T06:04:38+01:00,7b316592-8036-41e2-b8dc-b06b6a9afd54,41.038285173896426,21.327864456616478,temperature,4
2026-01-22T06:20:10+01:00,7b316592-8036-41e2-b8dc-b06b6a9afd54,41.038285173896426,21.327864456616478,gasResistance,167079
2026-01-22T06:20:10+01:00,7b316592-8036-41e2-b8dc-b06b6a9afd54,41.038285173896426,21.327864456616478,humidity,74
2026-01-22T06:20:10+01:00,7b316592-8036-41e2-b8dc-b06b6a9afd54,41.038285173896426,21.327864456616478,noise,65
2026-01-22T06:20:10+01:00,7b316592-8036-41e2-b8dc-b06b6a9afd54,41.038285173896426,21.327864456616478,noise_dba,53
2026-01-22T06:20:10+01:00,7b316592-8036-41e2-b8dc-b06b6a9afd54,41.038285173896426,21.327864456616478,pm10,95
2026-01-22T06:20:10+01:00,7b316592-8036-41e2-b8dc-b06b6a9afd54,41.038285173896426,21.327864456616478,pm25,51
2026-01-22T06:20:10+01:00,7b316592-8036-41e2-b8dc-b06b6a9afd54,41.038285173896426,21.327864456616478,pressure,928
2026-01-22T06:20:10+01:00,7b316592-8036-41e2-b8dc-b06b6a9afd54,41.038285173896426,21.327864456616478,temperature,4
2026-01-22T06:35:41+01:00,7b316592-8036-41e2-b8dc-b06b6a9afd54,41.038285173896426,21.327864456616478,gasResistance,169088
2026-01-22T06:35:41+01:00,7b316592-8036-41e2-b8dc-b06b6a9afd54,41.038285173896426,21.327864456616478,humidity,74
2026-01-22T06:35:41+01:00,7b316592-8036-41e2-b8dc-b06b6a9afd54,41.038285173896426,21.327864456616478,noise,54
2026-01-22T06:35:41+01:00,7b316592-8036-41e2-b8dc-b06b6a9afd54,41.038285173896426,21.327864456616478,noise_dba,50
2026-01-22T06:35:41+01:00,7b316592-8036-41e2-b8dc-b06b6a9afd54,41.038285173896426,21.327864456616478,pm10,102
2026-01-22T06:35:41+01:00,7b316592-8036-41e2-b8dc-b06b6a9afd54,41.038285173896426,21.327864456616478,pm25,58
2026-01-22T06:35:41+01:00,7b316592-8036-41e2-b8dc-b06b6a9afd54,41.038285173896426,21.327864456616478,pressure,928
2026-01-22T06:35:41+01:00,7b316592-8036-41e2-b8dc-b06b6a9afd54,41.038285173896426,21.327864456616478,temperature,4
2026-01-22T07:07:09+01:00,7b316592-8036-41e2-b8dc-b06b6a9afd54,41.038285173896426,21.327864456616478,gasResistance,0
2026-01-22T07:07:09+01:00,7b316592-8036-41e2-b8dc-b06b6a9afd54,41.038285173896426,21.327864456616478,humidity,76
2026-01-22T07:07:09+01:00,7b316592-8036-41e2-b8dc-b06b6a9afd54,41.038285173896426,21.327864456616478,noise,106
2026-01-22T07:07:09+01:00,7b316592-8036-41e2-b8dc-b06b6a9afd54,41.038285173896426,21.327864456616478,noise_dba,60
2026-01-22T07:07:09+01:00,7b316592-8036-41e2-b8dc-b06b6a9afd54,41.038285173896426,21.327864456616478,pm10,95
2026-01-22T07:07:09+01:00,7b316592-8036-41e2-b8dc-b06b6a9afd54,41.038285173896426,21.327864456616478,pm25,67
2026-01-22T07:07:09+01:00,7b316592-8036-41e2-b8dc-b06b6a9afd54,41.038285173896426,21.327864456616478,pressure,928
2026-01-22T07:07:09+01:00,7b316592-8036-41e2-b8dc-b06b6a9afd54,41.038285173896426,21.327864456616478,temperature,4
2026-01-22T07:22:40+01:00,7b316592-8036-41e2-b8dc-b06b6a9afd54,41.038285173896426,21.327864456616478,gasResistance,143617
2026-01-22T07:22:40+01:00,7b316592-8036-41e2-b8dc-b06b6a9afd54,41.038285173896426,21.327864456616478,humidity,74
2026-01-22T07:22:40+01:00,7b316592-8036-41e2-b8dc-b06b6a9afd54,41.038285173896426,21.327864456616478,noise,53
2026-01-22T07:22:40+01:00,7b316592-8036-41e2-b8dc-b06b6a9afd54,41.038285173896426,21.327864456616478,noise_dba,49
2026-01-22T07:22:40+01:00,7b316592-8036-41e2-b8dc-b06b6a9afd54,41.038285173896426,21.327864456616478,pm10,109
2026-01-22T07:22:40+01:00,7b316592-8036-41e2-b8dc-b06b6a9afd54,41.038285173896426,21.327864456616478,pm25,61
2026-01-22T07:22:40+01:00,7b316592-8036-41e2-b8dc-b06b6a9afd54,41.038285173896426,21.327864456616478,pressure,928
2026-01-22T07:22:40+01:00,7b316592-8036-41e2-b8dc-b06b6a9afd54,41.038285173896426,21.327864456616478,temperature,4
2026-01-22T07:38:12+01:00,7b316592-8036-41e2-b8dc-b06b6a9afd54,41.038285173896426,21.327864456616478,gasResistance,151210
2026-01-22T07:38:12+01:00,7b316592-8036-41e2-b8dc-b06b6a9afd54,41.038285173896426,21.327864456616478,humidity,73
2026-01-22T07:38:12+01:00,7b316592-8036-41e2-b8dc-b06b6a9afd54,41.038285173896426,21.327864456616478,noise,61
2026-01-22T07:38:12+01:00,7b316592-8036-41e2-b8dc-b06b6a9afd54,41.038285173896426,21.327864456616478,noise_dba,52
2026-01-22T07:38:12+01:00,7b316592-8036-41e2-b8dc-b06b6a9afd54,41.038285173896426,21.327864456616478,pm10,129
2026-01-22T07:38:12+01:00,7b316592-8036-41e2-b8dc-b06b6a9afd54,41.038285173896426,21.327864456616478,pm25,67
2026-01-22T07:38:12+01:00,7b316592-8036-41e2-b8dc-b06b6a9afd54,41.038285173896426,21.327864456616478,pressure,928
2026-01-22T07:38:12+01:00,7b316592-8036-41e2-b8dc-b06b6a9afd54,41.038285173896426,21.327864456616478,temperature,4
2026-01-22T07:53:44+01:00,7b316592-8036-41e2-b8dc-b06b6a9afd54,41.038285173896426,21.327864456616478,gasResistance,155817
2026-01-22T07:53:44+01:00,7b316592-8036-41e2-b8dc-b06b6a9afd54,41.038285173896426,21.327864456616478,humidity,73
2026-01-22T07:53:44+01:00,7b316592-8036-41e2-b8dc-b06b6a9afd54,41.038285173896426,21.327864456616478,noise,53
2026-01-22T07:53:44+01:00,7b316592-8036-41e2-b8dc-b06b6a9afd54,41.038285173896426,21.327864456616478,noise_dba,49
2026-01-22T07:53:44+01:00,7b316592-8036-41e2-b8dc-b06b6a9afd54,41.038285173896426,21.327864456616478,pm10,102
2026-01-22T07:53:44+01:00,7b316592-8036-41e2-b8dc-b06b6a9afd54,41.038285173896426,21.327864456616478,pm25,63
2026-01-22T07:53:44+01:00,7b316592-8036-41e2-b8dc-b06b6a9afd54,41.038285173896426,21.327864456616478,pressure,928
2026-01-22T07:53:44+01:00,7b316592-8036-41e2-b8dc-b06b6a9afd54,41.038285173896426,21.327864456616478,temperature,4
2026-01-22T08:09:16+01:00,7b316592-8036-41e2-b8dc-b06b6a9afd54,41.038285173896426,21.327864456616478,gasResistance,158302
2026-01-22T08:09:16+01:00,7b316592-8036-41e2-b8dc-b06b6a9afd54,41.038285173896426,21.327864456616478,humidity,73
2026-01-22T08:09:16+01:00,7b316592-8036-41e2-b8dc-b06b6a9afd54,41.038285173896426,21.327864456616478,noise,49
2026-01-22T08:09:16+01:00,7b316592-8036-41e2-b8dc-b06b6a9afd54,41.038285173896426,21.327864456616478,noise_dba,48
2026-01-22T08:09:16+01:00,7b316592-8036-41e2-b8dc-b06b6a9afd54,41.038285173896426,21.327864456616478,pm10,128
2026-01-22T08:09:16+01:00,7b316592-8036-41e2-b8dc-b06b6a9afd54,41.038285173896426,21.327864456616478,pm25,74
2026-01-22T08:09:16+01:00,7b316592-8036-41e2-b8dc-b06b6a9afd54,41.038285173896426,21.327864456616478,pressure,928
2026-01-22T08:09:16+01:00,7b316592-8036-41e2-b8dc-b06b6a9afd54,41.038285173896426,21.327864456616478,temperature,5
2026-01-22T08:24:47+01:00,7b316592-8036-41e2-b8dc-b06b6a9afd54,41.038285173896426,21.327864456616478,gasResistance,157858
2026-01-22T08:24:47+01:00,7b316592-8036-41e2-b8dc-b06b6a9afd54,41.038285173896426,21.327864456616478,humidity,72
2026-01-22T08:24:47+01:00,7b316592-8036-41e2-b8dc-b06b6a9afd54,41.038285173896426,21.327864456616478,noise,48
2026-01-22T08:24:47+01:00,7b316592-8036-41e2-b8dc-b06b6a9afd54,41.038285173896426,21.327864456616478,noise_dba,48
2026-01-22T08:24:47+01:00,7b316592-8036-41e2-b8dc-b06b6a9afd54,41.038285173896426,21.327864456616478,pm10,149
2026-01-22T08:24:47+01:00,7b316592-8036-41e2-b8dc-b06b6a9afd54,41.038285173896426,21.327864456616478,pm25,90
2026-01-22T08:24:47+01:00,7b316592-8036-41e2-b8dc-b06b6a9afd54,41.038285173896426,21.327864456616478,pressure,928
2026-01-22T08:24:47+01:00,7b316592-8036-41e2-b8dc-b06b6a9afd54,41.038285173896426,21.327864456616478,temperature,5
2026-01-22T08:40:19+01:00,7b316592-8036-41e2-b8dc-b06b6a9afd54,41.038285173896426,21.327864456616478,gasResistance,156685
2026-01-22T08:40:19+01:00,7b316592-8036-41e2-b8dc-b06b6a9afd54,41.038285173896426,21.327864456616478,humidity,72
2026-01-22T08:40:19+01:00,7b316592-8036-41e2-b8dc-b06b6a9afd54,41.038285173896426,21.327864456616478,noise,38
2026-01-22T08:40:19+01:00,7b316592-8036-41e2-b8dc-b06b6a9afd54,41.038285173896426,21.327864456616478,noise_dba,44
2026-01-22T08:40:19+01:00,7b316592-8036-41e2-b8dc-b06b6a9afd54,41.038285173896426,21.327864456616478,pm10,175
2026-01-22T08:40:19+01:00,7b316592-8036-41e2-b8dc-b06b6a9afd54,41.038285173896426,21.327864456616478,pm25,97
2026-01-22T08:40:19+01:00,7b316592-8036-41e2-b8dc-b06b6a9afd54,41.038285173896426,21.327864456616478,pressure,928
2026-01-22T08:40:19+01:00,7b316592-8036-41e2-b8dc-b06b6a9afd54,41.038285173896426,21.327864456616478,temperature,5
2026-01-22T08:55:51+01:00,7b316592-8036-41e2-b8dc-b06b6a9afd54,41.038285173896426,21.327864456616478,gasResistance,155101
2026-01-22T08:55:51+01:00,7b316592-8036-41e2-b8dc-b06b6a9afd54,41.038285173896426,21.327864456616478,humidity,72
2026-01-22T08:55:51+01:00,7b316592-8036-41e2-b8dc-b06b6a9afd54,41.038285173896426,21.327864456616478,noise,47
2026-01-22T08:55:51+01:00,7b316592-8036-41e2-b8dc-b06b6a9afd54,41.038285173896426,21.327864456616478,noise_dba,47
2026-01-22T08:55:51+01:00,7b316592-8036-41e2-b8dc-b06b6a9afd54,41.038285173896426,21.327864456616478,pm10,183
2026-01-22T08:55:51+01:00,7b316592-8036-41e2-b8dc-b06b6a9afd54,41.038285173896426,21.327864456616478,pm25,110
2026-01-22T08:55:51+01:00,7b316592-8036-41e2-b8dc-b06b6a9afd54,41.038285173896426,21.327864456616478,pressure,928
2026-01-22T08:55:51+01:00,7b316592-8036-41e2-b8dc-b06b6a9afd54,41.038285173896426,21.327864456616478,temperature,5
2026-01-22T09:11:22+01:00,7b316592-8036-41e2-b8dc-b06b6a9afd54,41.038285173896426,21.327864456616478,gasResistance,152301
2026-01-22T09:11:22+01:00,7b316592-8036-41e2-b8dc-b06b6a9afd54,41.038285173896426,21.327864456616478,humidity,71
2026-01-22T09:11:22+01:00,7b316592-8036-41e2-b8dc-b06b6a9afd54,41.038285173896426,21.327864456616478,noise,45
2026-01-22T09:11:22+01:00,7b316592-8036-41e2-b8dc-b06b6a9afd54,41.038285173896426,21.327864456616478,noise_dba,47
2026-01-22T09:11:22+01:00,7b316592-8036-41e2-b8dc-b06b6a9afd54,41.038285173896426,21.327864456616478,pm10,259
2026-01-22T09:11:22+01:00,7b316592-8036-41e2-b8dc-b06b6a9afd54,41.038285173896426,21.327864456616478,pm25,150
2026-01-22T09:11:22+01:00,7b316592-8036-41e2-b8dc-b06b6a9afd54,41.038285173896426,21.327864456616478,pressure,928
2026-01-22T09:11:22+01:00,7b316592-8036-41e2-b8dc-b06b6a9afd54,41.038285173896426,21.327864456616478,temperature,6
2026-01-22T09:26:54+01:00,7b316592-8036-41e2-b8dc-b06b6a9afd54,41.038285173896426,21.327864456616478,gasResistance,149469
2026-01-22T09:26:54+01:00,7b316592-8036-41e2-b8dc-b06b6a9afd54,41.038285173896426,21.327864456616478,humidity,70
2026-01-22T09:26:54+01:00,7b316592-8036-41e2-b8dc-b06b6a9afd54,41.038285173896426,21.327864456616478,noise,49
2026-01-22T09:26:54+01:00,7b316592-8036-41e2-b8dc-b06b6a9afd54,41.038285173896426,21.327864456616478,noise_dba,48
2026-01-22T09:26:54+01:00,7b316592-8036-41e2-b8dc-b06b6a9afd54,41.038285173896426,21.327864456616478,pm10,398
2026-01-22T09:26:54+01:00,7b316592-8036-41e2-b8dc-b06b6a9afd54,41.038285173896426,21.327864456616478,pm25,179
2026-01-22T09:26:54+01:00,7b316592-8036-41e2-b8dc-b06b6a9afd54,41.038285173896426,21.327864456616478,pressure,928
2026-01-22T09:26:54+01:00,7b316592-8036-41e2-b8dc-b06b6a9afd54,41.038285173896426,21.327864456616478,temperature,6
2026-01-22T09:42:25+01:00,7b316592-8036-41e2-b8dc-b06b6a9afd54,41.038285173896426,21.327864456616478,gasResistance,149469
2026-01-22T09:42:25+01:00,7b316592-8036-41e2-b8dc-b06b6a9afd54,41.038285173896426,21.327864456616478,humidity,71
2026-01-22T09:42:25+01:00,7b316592-8036-41e2-b8dc-b06b6a9afd54,41.038285173896426,21.327864456616478,noise,55
2026-01-22T09:42:25+01:00,7b316592-8036-41e2-b8dc-b06b6a9afd54,41.038285173896426,21.327864456616478,noise_dba,50
2026-01-22T09:42:25+01:00,7b316592-8036-41e2-b8dc-b06b6a9afd54,41.038285173896426,21.327864456616478,pm10,313
2026-01-22T09:42:25+01:00,7b316592-8036-41e2-b8dc-b06b6a9afd54,41.038285173896426,21.327864456616478,pm25,153
2026-01-22T09:42:25+01:00,7b316592-8036-41e2-b8dc-b06b6a9afd54,41.038285173896426,21.327864456616478,pressure,927
2026-01-22T09:42:25+01:00,7b316592-8036-41e2-b8dc-b06b6a9afd54,41.038285173896426,21.327864456616478,temperature,6
2026-01-22T09:57:57+01:00,7b316592-8036-41e2-b8dc-b06b6a9afd54,41.038285173896426,21.327864456616478,gasResistance,149867
2026-01-22T09:57:57+01:00,7b316592-8036-41e2-b8dc-b06b6a9afd54,41.038285173896426,21.327864456616478,humidity,73
2026-01-22T09:57:57+01:00,7b316592-8036-41e2-b8dc-b06b6a9afd54,41.038285173896426,21.327864456616478,noise,45
2026-01-22T09:57:57+01:00,7b316592-8036-41e2-b8dc-b06b6a9afd54,41.038285173896426,21.327864456616478,noise_dba,47
2026-01-22T09:57:57+01:00,7b316592-8036-41e2-b8dc-b06b6a9afd54,41.038285173896426,21.327864456616478,pm10,199
2026-01-22T09:57:57+01:00,7b316592-8036-41e2-b8dc-b06b6a9afd54,41.038285173896426,21.327864456616478,pm25,92
2026-01-22T09:57:57+01:00,7b316592-8036-41e2-b8dc-b06b6a9afd54,41.038285173896426,21.327864456616478,pressure,927
2026-01-22T09:57:57+01:00,7b316592-8036-41e2-b8dc-b06b6a9afd54,41.038285173896426,21.327864456616478,temperature,6
2026-01-22T10:13:28+01:00,7b316592-8036-41e2-b8dc-b06b6a9afd54,41.038285173896426,21.327864456616478,gasResistance,150000
2026-01-22T10:13:28+01:00,7b316592-8036-41e2-b8dc-b06b6a9afd54,41.038285173896426,21.327864456616478,humidity,72
2026-01-22T10:13:28+01:00,7b316592-8036-41e2-b8dc-b06b6a9afd54,41.038285173896426,21.327864456616478,noise,57
2026-01-22T10:13:28+01:00,7b316592-8036-41e2-b8dc-b06b6a9afd54,41.038285173896426,21.327864456616478,noise_dba,50
2026-01-22T10:13:28+01:00,7b316592-8036-41e2-b8dc-b06b6a9afd54,41.038285173896426,21.327864456616478,pm10,145
2026-01-22T10:13:28+01:00,7b316592-8036-41e2-b8dc-b06b6a9afd54,41.038285173896426,21.327864456616478,pm25,78
2026-01-22T10:13:28+01:00,7b316592-8036-41e2-b8dc-b06b6a9afd54,41.038285173896426,21.327864456616478,pressure,927
2026-01-22T10:13:28+01:00,7b316592-8036-41e2-b8dc-b06b6a9afd54,41.038285173896426,21.327864456616478,temperature,5
2026-01-22T10:29:00+01:00,7b316592-8036-41e2-b8dc-b06b6a9afd54,41.038285173896426,21.327864456616478,gasResistance,150670
2026-01-22T10:29:00+01:00,7b316592-8036-41e2-b8dc-b06b6a9afd54,41.038285173896426,21.327864456616478,humidity,71
2026-01-22T10:29:00+01:00,7b316592-8036-41e2-b8dc-b06b6a9afd54,41.038285173896426,21.327864456616478,noise,52
2026-01-22T10:29:00+01:00,7b316592-8036-41e2-b8dc-b06b6a9afd54,41.038285173896426,21.327864456616478,noise_dba,49
2026-01-22T10:29:00+01:00,7b316592-8036-41e2-b8dc-b06b6a9afd54,41.038285173896426,21.327864456616478,pm10,189
2026-01-22T10:29:00+01:00,7b316592-8036-41e2-b8dc-b06b6a9afd54,41.038285173896426,21.327864456616478,pm25,105
2026-01-22T10:29:00+01:00,7b316592-8036-41e2-b8dc-b06b6a9afd54,41.038285173896426,21.327864456616478,pressure,927
2026-01-22T10:29:00+01:00,7b316592-8036-41e2-b8dc-b06b6a9afd54,41.038285173896426,21.327864456616478,temperature,6
2026-01-22T10:44:32+01:00,7b316592-8036-41e2-b8dc-b06b6a9afd54,41.038285173896426,21.327864456616478,gasResistance,149867
2026-01-22T10:44:32+01:00,7b316592-8036-41e2-b8dc-b06b6a9afd54,41.038285173896426,21.327864456616478,humidity,70
2026-01-22T10:44:32+01:00,7b316592-8036-41e2-b8dc-b06b6a9afd54,41.038285173896426,21.327864456616478,noise,60
2026-01-22T10:44:32+01:00,7b316592-8036-41e2-b8dc-b06b6a9afd54,41.038285173896426,21.327864456616478,noise_dba,51
2026-01-22T10:44:32+01:00,7b316592-8036-41e2-b8dc-b06b6a9afd54,41.038285173896426,21.327864456616478,pm10,245
2026-01-22T10:44:32+01:00,7b316592-8036-41e2-b8dc-b06b6a9afd54,41.038285173896426,21.327864456616478,pm25,128
2026-01-22T10:44:32+01:00,7b316592-8036-41e2-b8dc-b06b6a9afd54,41.038285173896426,21.327864456616478,pressure,927
2026-01-22T10:44:32+01:00,7b316592-8036-41e2-b8dc-b06b6a9afd54,41.038285173896426,21.327864456616478,temperature,6
2026-01-22T11:00:03+01:00,7b316592-8036-41e2-b8dc-b06b6a9afd54,41.038285173896426,21.327864456616478,gasResistance,146484
2026-01-22T11:00:03+01:00,7b316592-8036-41e2-b8dc-b06b6a9afd54,41.038285173896426,21.327864456616478,humidity,70
2026-01-22T11:00:03+01:00,7b316592-8036-41e2-b8dc-b06b6a9afd54,41.038285173896426,21.327864456616478,noise,65
2026-01-22T11:00:03+01:00,7b316592-8036-41e2-b8dc-b06b6a9afd54,41.038285173896426,21.327864456616478,noise_dba,53
2026-01-22T11:00:03+01:00,7b316592-8036-41e2-b8dc-b06b6a9afd54,41.038285173896426,21.327864456616478,pm10,143
2026-01-22T11:00:03+01:00,7b316592-8036-41e2-b8dc-b06b6a9afd54,41.038285173896426,21.327864456616478,pm25,83
2026-01-22T11:00:03+01:00,7b316592-8036-41e2-b8dc-b06b6a9afd54,41.038285173896426,21.327864456616478,pressure,927
2026-01-22T11:00:03+01:00,7b316592-8036-41e2-b8dc-b06b6a9afd54,41.038285173896426,21.327864456616478,temperature,6
2026-01-22T11:15:35+01:00,7b316592-8036-41e2-b8dc-b06b6a9afd54,41.038285173896426,21.327864456616478,gasResistance,143251
2026-01-22T11:15:35+01:00,7b316592-8036-41e2-b8dc-b06b6a9afd54,41.038285173896426,21.327864456616478,humidity,69
2026-01-22T11:15:35+01:00,7b316592-8036-41e2-b8dc-b06b6a9afd54,41.038285173896426,21.327864456616478,noise,57
2026-01-22T11:15:35+01:00,7b316592-8036-41e2-b8dc-b06b6a9afd54,41.038285173896426,21.327864456616478,noise_dba,50
2026-01-22T11:15:35+01:00,7b316592-8036-41e2-b8dc-b06b6a9afd54,41.038285173896426,21.327864456616478,pm10,200
2026-01-22T11:15:35+01:00,7b316592-8036-41e2-b8dc-b06b6a9afd54,41.038285173896426,21.327864456616478,pm25,134
2026-01-22T11:15:35+01:00,7b316592-8036-41e2-b8dc-b06b6a9afd54,41.038285173896426,21.327864456616478,pressure,927
2026-01-22T11:15:35+01:00,7b316592-8036-41e2-b8dc-b06b6a9afd54,41.038285173896426,21.327864456616478,temperature,6
2026-01-22T11:31:06+01:00,7b316592-8036-41e2-b8dc-b06b6a9afd54,41.038285173896426,21.327864456616478,gasResistance,140860
2026-01-22T11:31:06+01:00,7b316592-8036-41e2-b8dc-b06b6a9afd54,41.038285173896426,21.327864456616478,humidity,68
2026-01-22T11:31:06+01:00,7b316592-8036-41e2-b8dc-b06b6a9afd54,41.038285173896426,21.327864456616478,noise,47
2026-01-22T11:31:06+01:00,7b316592-8036-41e2-b8dc-b06b6a9afd54,41.038285173896426,21.327864456616478,noise_dba,47
2026-01-22T11:31:06+01:00,7b316592-8036-41e2-b8dc-b06b6a9afd54,41.038285173896426,21.327864456616478,pm10,138
2026-01-22T11:31:06+01:00,7b316592-8036-41e2-b8dc-b06b6a9afd54,41.038285173896426,21.327864456616478,pm25,85
2026-01-22T11:31:06+01:00,7b316592-8036-41e2-b8dc-b06b6a9afd54,41.038285173896426,21.327864456616478,pressure,927
2026-01-22T11:31:06+01:00,7b316592-8036-41e2-b8dc-b06b6a9afd54,41.038285173896426,21.327864456616478,temperature,7
2026-01-22T11:46:38+01:00,7b316592-8036-41e2-b8dc-b06b6a9afd54,41.038285173896426,21.327864456616478,gasResistance,138320
2026-01-22T11:46:38+01:00,7b316592-8036-41e2-b8dc-b06b6a9afd54,41.038285173896426,21.327864456616478,humidity,66
2026-01-22T11:46:38+01:00,7b316592-8036-41e2-b8dc-b06b6a9afd54,41.038285173896426,21.327864456616478,noise,39
2026-01-22T11:46:38+01:00,7b316592-8036-41e2-b8dc-b06b6a9afd54,41.038285173896426,21.327864456616478,noise_dba,44
2026-01-22T11:46:38+01:00,7b316592-8036-41e2-b8dc-b06b6a9afd54,41.038285173896426,21.327864456616478,pm10,209
2026-01-22T11:46:38+01:00,7b316592-8036-41e2-b8dc-b06b6a9afd54,41.038285173896426,21.327864456616478,pm25,128
2026-01-22T11:46:38+01:00,7b316592-8036-41e2-b8dc-b06b6a9afd54,41.038285173896426,21.327864456616478,pressure,927
2026-01-22T11:46:38+01:00,7b316592-8036-41e2-b8dc-b06b6a9afd54,41.038285173896426,21.327864456616478,temperature,7
2026-01-22T12:02:17+01:00,7b316592-8036-41e2-b8dc-b06b6a9afd54,41.038285173896426,21.327864456616478,gasResistance,136089
2026-01-22T12:02:17+01:00,7b316592-8036-41e2-b8dc-b06b6a9afd54,41.038285173896426,21.327864456616478,humidity,66
2026-01-22T12:02:17+01:00,7b316592-8036-41e2-b8dc-b06b6a9afd54,41.038285173896426,21.327864456616478,noise,52
2026-01-22T12:02:17+01:00,7b316592-8036-41e2-b8dc-b06b6a9afd54,41.038285173896426,21.327864456616478,noise_dba,49
2026-01-22T12:02:17+01:00,7b316592-8036-41e2-b8dc-b06b6a9afd54,41.038285173896426,21.327864456616478,pm10,170
2026-01-22T12:02:17+01:00,7b316592-8036-41e2-b8dc-b06b6a9afd54,41.038285173896426,21.327864456616478,pm25,112
2026-01-22T12:02:17+01:00,7b316592-8036-41e2-b8dc-b06b6a9afd54,41.038285173896426,21.327864456616478,pressure,927
2026-01-22T12:02:17+01:00,7b316592-8036-41e2-b8dc-b06b6a9afd54,41.038285173896426,21.327864456616478,temperature,7
2026-01-22T12:17:49+01:00,7b316592-8036-41e2-b8dc-b06b6a9afd54,41.038285173896426,21.327864456616478,gasResistance,135108
2026-01-22T12:17:49+01:00,7b316592-8036-41e2-b8dc-b06b6a9afd54,41.038285173896426,21.327864456616478,humidity,67
2026-01-22T12:17:49+01:00,7b316592-8036-41e2-b8dc-b06b6a9afd54,41.038285173896426,21.327864456616478,noise,48
2026-01-22T12:17:49+01:00,7b316592-8036-41e2-b8dc-b06b6a9afd54,41.038285173896426,21.327864456616478,noise_dba,48
2026-01-22T12:17:49+01:00,7b316592-8036-41e2-b8dc-b06b6a9afd54,41.038285173896426,21.327864456616478,pm10,105
2026-01-22T12:17:49+01:00,7b316592-8036-41e2-b8dc-b06b6a9afd54,41.038285173896426,21.327864456616478,pm25,67
2026-01-22T12:17:49+01:00,7b316592-8036-41e2-b8dc-b06b6a9afd54,41.038285173896426,21.327864456616478,pressure,926
2026-01-22T12:17:49+01:00,7b316592-8036-41e2-b8dc-b06b6a9afd54,41.038285173896426,21.327864456616478,temperature,8
2026-01-22T12:33:21+01:00,7b316592-8036-41e2-b8dc-b06b6a9afd54,41.038285173896426,21.327864456616478,gasResistance,134355
2026-01-22T12:33:21+01:00,7b316592-8036-41e2-b8dc-b06b6a9afd54,41.038285173896426,21.327864456616478,humidity,67
2026-01-22T12:33:21+01:00,7b316592-8036-41e2-b8dc-b06b6a9afd54,41.038285173896426,21.327864456616478,noise,50
2026-01-22T12:33:21+01:00,7b316592-8036-41e2-b8dc-b06b6a9afd54,41.038285173896426,21.327864456616478,noise_dba,48
2026-01-22T12:33:21+01:00,7b316592-8036-41e2-b8dc-b06b6a9afd54,41.038285173896426,21.327864456616478,pm10,98
2026-01-22T12:33:21+01:00,7b316592-8036-41e2-b8dc-b06b6a9afd54,41.038285173896426,21.327864456616478,pm25,64
2026-01-22T12:33:21+01:00,7b316592-8036-41e2-b8dc-b06b6a9afd54,41.038285173896426,21.327864456616478,pressure,926
2026-01-22T12:33:21+01:00,7b316592-8036-41e2-b8dc-b06b6a9afd54,41.038285173896426,21.327864456616478,temperature,7
2026-01-22T12:48:52+01:00,7b316592-8036-41e2-b8dc-b06b6a9afd54,41.038285173896426,21.327864456616478,gasResistance,135000
2026-01-22T12:48:52+01:00,7b316592-8036-41e2-b8dc-b06b6a9afd54,41.038285173896426,21.327864456616478,humidity,67
2026-01-22T12:48:52+01:00,7b316592-8036-41e2-b8dc-b06b6a9afd54,41.038285173896426,21.327864456616478,noise,53
2026-01-22T12:48:52+01:00,7b316592-8036-41e2-b8dc-b06b6a9afd54,41.038285173896426,21.327864456616478,noise_dba,49
2026-01-22T12:48:52+01:00,7b316592-8036-41e2-b8dc-b06b6a9afd54,41.038285173896426,21.327864456616478,pm10,80
2026-01-22T12:48:52+01:00,7b316592-8036-41e2-b8dc-b06b6a9afd54,41.038285173896426,21.327864456616478,pm25,54
2026-01-22T12:48:52+01:00,7b316592-8036-41e2-b8dc-b06b6a9afd54,41.038285173896426,21.327864456616478,pressure,926
2026-01-22T12:48:52+01:00,7b316592-8036-41e2-b8dc-b06b6a9afd54,41.038285173896426,21.327864456616478,temperature,7
2026-01-22T13:04:24+01:00,7b316592-8036-41e2-b8dc-b06b6a9afd54,41.038285173896426,21.327864456616478,gasResistance,135108
2026-01-22T13:04:24+01:00,7b316592-8036-41e2-b8dc-b06b6a9afd54,41.038285173896426,21.327864456616478,humidity,68
2026-01-22T13:04:24+01:00,7b316592-8036-41e2-b8dc-b06b6a9afd54,41.038285173896426,21.327864456616478,noise,59
2026-01-22T13:04:24+01:00,7b316592-8036-41e2-b8dc-b06b6a9afd54,41.038285173896426,21.327864456616478,noise_dba,51
2026-01-22T13:04:24+01:00,7b316592-8036-41e2-b8dc-b06b6a9afd54,41.038285173896426,21.327864456616478,pm10,79
2026-01-22T13:04:24+01:00,7b316592-8036-41e2-b8dc-b06b6a9afd54,41.038285173896426,21.327864456616478,pm25,54
2026-01-22T13:04:24+01:00,7b316592-8036-41e2-b8dc-b06b6a9afd54,41.038285173896426,21.327864456616478,pressure,926
2026-01-22T13:04:24+01:00,7b316592-8036-41e2-b8dc-b06b6a9afd54,41.038285173896426,21.327864456616478,temperature,7
2026-01-22T13:19:56+01:00,7b316592-8036-41e2-b8dc-b06b6a9afd54,41.038285173896426,21.327864456616478,gasResistance,133716
2026-01-22T13:19:56+01:00,7b316592-8036-41e2-b8dc-b06b6a9afd54,41.038285173896426,21.327864456616478,humidity,67
2026-01-22T13:19:56+01:00,7b316592-8036-41e2-b8dc-b06b6a9afd54,41.038285173896426,21.327864456616478,noise,59
2026-01-22T13:19:56+01:00,7b316592-8036-41e2-b8dc-b06b6a9afd54,41.038285173896426,21.327864456616478,noise_dba,51
2026-01-22T13:19:56+01:00,7b316592-8036-41e2-b8dc-b06b6a9afd54,41.038285173896426,21.327864456616478,pm10,85
2026-01-22T13:19:56+01:00,7b316592-8036-41e2-b8dc-b06b6a9afd54,41.038285173896426,21.327864456616478,pm25,59
2026-01-22T13:19:56+01:00,7b316592-8036-41e2-b8dc-b06b6a9afd54,41.038285173896426,21.327864456616478,pressure,926
2026-01-22T13:19:56+01:00,7b316592-8036-41e2-b8dc-b06b6a9afd54,41.038285173896426,21.327864456616478,temperature,7
2026-01-22T13:35:27+01:00,7b316592-8036-41e2-b8dc-b06b6a9afd54,41.038285173896426,21.327864456616478,gasResistance,133929
2026-01-22T13:35:27+01:00,7b316592-8036-41e2-b8dc-b06b6a9afd54,41.038285173896426,21.327864456616478,humidity,67
2026-01-22T13:35:27+01:00,7b316592-8036-41e2-b8dc-b06b6a9afd54,41.038285173896426,21.327864456616478,noise,70
2026-01-22T13:35:27+01:00,7b316592-8036-41e2-b8dc-b06b6a9afd54,41.038285173896426,21.327864456616478,noise_dba,54
2026-01-22T13:35:27+01:00,7b316592-8036-41e2-b8dc-b06b6a9afd54,41.038285173896426,21.327864456616478,pm10,63
2026-01-22T13:35:27+01:00,7b316592-8036-41e2-b8dc-b06b6a9afd54,41.038285173896426,21.327864456616478,pm25,46
2026-01-22T13:35:27+01:00,7b316592-8036-41e2-b8dc-b06b6a9afd54,41.038285173896426,21.327864456616478,pressure,926
2026-01-22T13:35:27+01:00,7b316592-8036-41e2-b8dc-b06b6a9afd54,41.038285173896426,21.327864456616478,temperature,7
2026-01-22T13:50:59+01:00,7b316592-8036-41e2-b8dc-b06b6a9afd54,41.038285173896426,21.327864456616478,gasResistance,135000
2026-01-22T13:50:59+01:00,7b316592-8036-41e2-b8dc-b06b6a9afd54,41.038285173896426,21.327864456616478,humidity,68
2026-01-22T13:50:59+01:00,7b316592-8036-41e2-b8dc-b06b6a9afd54,41.038285173896426,21.327864456616478,noise,52
2026-01-22T13:50:59+01:00,7b316592-8036-41e2-b8dc-b06b6a9afd54,41.038285173896426,21.327864456616478,noise_dba,49
2026-01-22T13:50:59+01:00,7b316592-8036-41e2-b8dc-b06b6a9afd54,41.038285173896426,21.327864456616478,pm10,84
2026-01-22T13:50:59+01:00,7b316592-8036-41e2-b8dc-b06b6a9afd54,41.038285173896426,21.327864456616478,pm25,59
2026-01-22T13:50:59+01:00,7b316592-8036-41e2-b8dc-b06b6a9afd54,41.038285173896426,21.327864456616478,pressure,926
2026-01-22T13:50:59+01:00,7b316592-8036-41e2-b8dc-b06b6a9afd54,41.038285173896426,21.327864456616478,temperature,7
2026-01-22T14:06:30+01:00,7b316592-8036-41e2-b8dc-b06b6a9afd54,41.038285173896426,21.327864456616478,gasResistance,135108
2026-01-22T14:06:30+01:00,7b316592-8036-41e2-b8dc-b06b6a9afd54,41.038285173896426,21.327864456616478,humidity,68
2026-01-22T14:06:30+01:00,7b316592-8036-41e2-b8dc-b06b6a9afd54,41.038285173896426,21.327864456616478,noise,60
2026-01-22T14:06:30+01:00,7b316592-8036-41e2-b8dc-b06b6a9afd54,41.038285173896426,21.327864456616478,noise_dba,51
2026-01-22T14:06:30+01:00,7b316592-8036-41e2-b8dc-b06b6a9afd54,41.038285173896426,21.327864456616478,pm10,105
2026-01-22T14:06:30+01:00,7b316592-8036-41e2-b8dc-b06b6a9afd54,41.038285173896426,21.327864456616478,pm25,65
2026-01-22T14:06:30+01:00,7b316592-8036-41e2-b8dc-b06b6a9afd54,41.038285173896426,21.327864456616478,pressure,926
2026-01-22T14:06:30+01:00,7b316592-8036-41e2-b8dc-b06b6a9afd54,41.038285173896426,21.327864456616478,temperature,7
2026-01-22T14:22:02+01:00,7b316592-8036-41e2-b8dc-b06b6a9afd54,41.038285173896426,21.327864456616478,gasResistance,136640
2026-01-22T14:22:02+01:00,7b316592-8036-41e2-b8dc-b06b6a9afd54,41.038285173896426,21.327864456616478,humidity,69
2026-01-22T14:22:02+01:00,7b316592-8036-41e2-b8dc-b06b6a9afd54,41.038285173896426,21.327864456616478,noise,60
2026-01-22T14:22:02+01:00,7b316592-8036-41e2-b8dc-b06b6a9afd54,41.038285173896426,21.327864456616478,noise_dba,51
2026-01-22T14:22:02+01:00,7b316592-8036-41e2-b8dc-b06b6a9afd54,41.038285173896426,21.327864456616478,pm10,87
2026-01-22T14:22:02+01:00,7b316592-8036-41e2-b8dc-b06b6a9afd54,41.038285173896426,21.327864456616478,pm25,56
2026-01-22T14:22:02+01:00,7b316592-8036-41e2-b8dc-b06b6a9afd54,41.038285173896426,21.327864456616478,pressure,926
2026-01-22T14:22:02+01:00,7b316592-8036-41e2-b8dc-b06b6a9afd54,41.038285173896426,21.327864456616478,temperature,7
2026-01-22T14:37:33+01:00,7b316592-8036-41e2-b8dc-b06b6a9afd54,41.038285173896426,21.327864456616478,gasResistance,137531
2026-01-22T14:37:33+01:00,7b316592-8036-41e2-b8dc-b06b6a9afd54,41.038285173896426,21.327864456616478,humidity,69
2026-01-22T14:37:33+01:00,7b316592-8036-41e2-b8dc-b06b6a9afd54,41.038285173896426,21.327864456616478,noise,61
2026-01-22T14:37:33+01:00,7b316592-8036-41e2-b8dc-b06b6a9afd54,41.038285173896426,21.327864456616478,noise_dba,52
2026-01-22T14:37:33+01:00,7b316592-8036-41e2-b8dc-b06b6a9afd54,41.038285173896426,21.327864456616478,pm10,60
2026-01-22T14:37:33+01:00,7b316592-8036-41e2-b8dc-b06b6a9afd54,41.038285173896426,21.327864456616478,pm25,43
2026-01-22T14:37:33+01:00,7b316592-8036-41e2-b8dc-b06b6a9afd54,41.038285173896426,21.327864456616478,pressure,926
2026-01-22T14:37:33+01:00,7b316592-8036-41e2-b8dc-b06b6a9afd54,41.038285173896426,21.327864456616478,temperature,7
2026-01-22T14:53:05+01:00,7b316592-8036-41e2-b8dc-b06b6a9afd54,41.038285173896426,21.327864456616478,gasResistance,138093
2026-01-22T14:53:05+01:00,7b316592-8036-41e2-b8dc-b06b6a9afd54,41.038285173896426,21.327864456616478,humidity,69
2026-01-22T14:53:05+01:00,7b316592-8036-41e2-b8dc-b06b6a9afd54,41.038285173896426,21.327864456616478,noise,60
2026-01-22T14:53:05+01:00,7b316592-8036-41e2-b8dc-b06b6a9afd54,41.038285173896426,21.327864456616478,noise_dba,51
2026-01-22T14:53:05+01:00,7b316592-8036-41e2-b8dc-b06b6a9afd54,41.038285173896426,21.327864456616478,pm10,100
2026-01-22T14:53:05+01:00,7b316592-8036-41e2-b8dc-b06b6a9afd54,41.038285173896426,21.327864456616478,pm25,64
2026-01-22T14:53:05+01:00,7b316592-8036-41e2-b8dc-b06b6a9afd54,41.038285173896426,21.327864456616478,pressure,926
2026-01-22T14:53:05+01:00,7b316592-8036-41e2-b8dc-b06b6a9afd54,41.038285173896426,21.327864456616478,temperature,7
2026-01-22T15:08:36+01:00,7b316592-8036-41e2-b8dc-b06b6a9afd54,41.038285173896426,21.327864456616478,gasResistance,138661
2026-01-22T15:08:36+01:00,7b316592-8036-41e2-b8dc-b06b6a9afd54,41.038285173896426,21.327864456616478,humidity,70
2026-01-22T15:08:36+01:00,7b316592-8036-41e2-b8dc-b06b6a9afd54,41.038285173896426,21.327864456616478,noise,47
2026-01-22T15:08:36+01:00,7b316592-8036-41e2-b8dc-b06b6a9afd54,41.038285173896426,21.327864456616478,noise_dba,47
2026-01-22T15:08:36+01:00,7b316592-8036-41e2-b8dc-b06b6a9afd54,41.038285173896426,21.327864456616478,pm10,71
2026-01-22T15:08:36+01:00,7b316592-8036-41e2-b8dc-b06b6a9afd54,41.038285173896426,21.327864456616478,pm25,46
2026-01-22T15:08:36+01:00,7b316592-8036-41e2-b8dc-b06b6a9afd54,41.038285173896426,21.327864456616478,pressure,926
2026-01-22T15:08:36+01:00,7b316592-8036-41e2-b8dc-b06b6a9afd54,41.038285173896426,21.327864456616478,temperature,7
2026-01-22T15:24:08+01:00,7b316592-8036-41e2-b8dc-b06b6a9afd54,41.038285173896426,21.327864456616478,gasResistance,144108
2026-01-22T15:24:08+01:00,7b316592-8036-41e2-b8dc-b06b6a9afd54,41.038285173896426,21.327864456616478,humidity,70
2026-01-22T15:24:08+01:00,7b316592-8036-41e2-b8dc-b06b6a9afd54,41.038285173896426,21.327864456616478,noise,52
2026-01-22T15:24:08+01:00,7b316592-8036-41e2-b8dc-b06b6a9afd54,41.038285173896426,21.327864456616478,noise_dba,49
2026-01-22T15:24:08+01:00,7b316592-8036-41e2-b8dc-b06b6a9afd54,41.038285173896426,21.327864456616478,pm10,64
2026-01-22T15:24:08+01:00,7b316592-8036-41e2-b8dc-b06b6a9afd54,41.038285173896426,21.327864456616478,pm25,41
2026-01-22T15:24:08+01:00,7b316592-8036-41e2-b8dc-b06b6a9afd54,41.038285173896426,21.327864456616478,pressure,926
2026-01-22T15:24:08+01:00,7b316592-8036-41e2-b8dc-b06b6a9afd54,41.038285173896426,21.327864456616478,temperature,7
2026-01-22T15:39:40+01:00,7b316592-8036-41e2-b8dc-b06b6a9afd54,41.038285173896426,21.327864456616478,gasResistance,142405
2026-01-22T15:39:40+01:00,7b316592-8036-41e2-b8dc-b06b6a9afd54,41.038285173896426,21.327864456616478,humidity,70
2026-01-22T15:39:40+01:00,7b316592-8036-41e2-b8dc-b06b6a9afd54,41.038285173896426,21.327864456616478,noise,59
2026-01-22T15:39:40+01:00,7b316592-8036-41e2-b8dc-b06b6a9afd54,41.038285173896426,21.327864456616478,noise_dba,51
2026-01-22T15:39:40+01:00,7b316592-8036-41e2-b8dc-b06b6a9afd54,41.038285173896426,21.327864456616478,pm10,72
2026-01-22T15:39:40+01:00,7b316592-8036-41e2-b8dc-b06b6a9afd54,41.038285173896426,21.327864456616478,pm25,50
2026-01-22T15:39:40+01:00,7b316592-8036-41e2-b8dc-b06b6a9afd54,41.038285173896426,21.327864456616478,pressure,926
2026-01-22T15:39:40+01:00,7b316592-8036-41e2-b8dc-b06b6a9afd54,41.038285173896426,21.327864456616478,temperature,7
2026-01-22T15:55:15+01:00,7b316592-8036-41e2-b8dc-b06b6a9afd54,41.038285173896426,21.327864456616478,gasResistance,141450
2026-01-22T15:55:15+01:00,7b316592-8036-41e2-b8dc-b06b6a9afd54,41.038285173896426,21.327864456616478,humidity,70
2026-01-22T15:55:15+01:00,7b316592-8036-41e2-b8dc-b06b6a9afd54,41.038285173896426,21.327864456616478,noise,53
2026-01-22T15:55:15+01:00,7b316592-8036-41e2-b8dc-b06b6a9afd54,41.038285173896426,21.327864456616478,noise_dba,49
2026-01-22T15:55:15+01:00,7b316592-8036-41e2-b8dc-b06b6a9afd54,41.038285173896426,21.327864456616478,pm10,130
2026-01-22T15:55:15+01:00,7b316592-8036-41e2-b8dc-b06b6a9afd54,41.038285173896426,21.327864456616478,pm25,81
2026-01-22T15:55:15+01:00,7b316592-8036-41e2-b8dc-b06b6a9afd54,41.038285173896426,21.327864456616478,pressure,926
2026-01-22T15:55:15+01:00,7b316592-8036-41e2-b8dc-b06b6a9afd54,41.038285173896426,21.327864456616478,temperature,7
2026-01-22T16:10:47+01:00,7b316592-8036-41e2-b8dc-b06b6a9afd54,41.038285173896426,21.327864456616478,gasResistance,143373
2026-01-22T16:10:47+01:00,7b316592-8036-41e2-b8dc-b06b6a9afd54,41.038285173896426,21.327864456616478,humidity,70
2026-01-22T16:10:47+01:00,7b316592-8036-41e2-b8dc-b06b6a9afd54,41.038285173896426,21.327864456616478,noise,50
2026-01-22T16:10:47+01:00,7b316592-8036-41e2-b8dc-b06b6a9afd54,41.038285173896426,21.327864456616478,noise_dba,48
2026-01-22T16:10:47+01:00,7b316592-8036-41e2-b8dc-b06b6a9afd54,41.038285173896426,21.327864456616478,pm10,214
2026-01-22T16:10:47+01:00,7b316592-8036-41e2-b8dc-b06b6a9afd54,41.038285173896426,21.327864456616478,pm25,126
2026-01-22T16:10:47+01:00,7b316592-8036-41e2-b8dc-b06b6a9afd54,41.038285173896426,21.327864456616478,pressure,926
2026-01-22T16:10:47+01:00,7b316592-8036-41e2-b8dc-b06b6a9afd54,41.038285173896426,21.327864456616478,temperature,6
2026-01-22T16:26:19+01:00,7b316592-8036-41e2-b8dc-b06b6a9afd54,41.038285173896426,21.327864456616478,gasResistance,139925
2026-01-22T16:26:19+01:00,7b316592-8036-41e2-b8dc-b06b6a9afd54,41.038285173896426,21.327864456616478,humidity,70
2026-01-22T16:26:19+01:00,7b316592-8036-41e2-b8dc-b06b6a9afd54,41.038285173896426,21.327864456616478,noise,60
2026-01-22T16:26:19+01:00,7b316592-8036-41e2-b8dc-b06b6a9afd54,41.038285173896426,21.327864456616478,noise_dba,51
2026-01-22T16:26:19+01:00,7b316592-8036-41e2-b8dc-b06b6a9afd54,41.038285173896426,21.327864456616478,pm10,195
2026-01-22T16:26:19+01:00,7b316592-8036-41e2-b8dc-b06b6a9afd54,41.038285173896426,21.327864456616478,pm25,118
2026-01-22T16:26:19+01:00,7b316592-8036-41e2-b8dc-b06b6a9afd54,41.038285173896426,21.327864456616478,pressure,926
2026-01-22T16:26:19+01:00,7b316592-8036-41e2-b8dc-b06b6a9afd54,41.038285173896426,21.327864456616478,temperature,6
2026-01-22T16:41:50+01:00,7b316592-8036-41e2-b8dc-b06b6a9afd54,41.038285173896426,21.327864456616478,gasResistance,139003
2026-01-22T16:41:50+01:00,7b316592-8036-41e2-b8dc-b06b6a9afd54,41.038285173896426,21.327864456616478,humidity,71
2026-01-22T16:41:50+01:00,7b316592-8036-41e2-b8dc-b06b6a9afd54,41.038285173896426,21.327864456616478,noise,66
2026-01-22T16:41:50+01:00,7b316592-8036-41e2-b8dc-b06b6a9afd54,41.038285173896426,21.327864456616478,noise_dba,53
2026-01-22T16:41:50+01:00,7b316592-8036-41e2-b8dc-b06b6a9afd54,41.038285173896426,21.327864456616478,pm10,200
2026-01-22T16:41:50+01:00,7b316592-8036-41e2-b8dc-b06b6a9afd54,41.038285173896426,21.327864456616478,pm25,113
2026-01-22T16:41:50+01:00,7b316592-8036-41e2-b8dc-b06b6a9afd54,41.038285173896426,21.327864456616478,pressure,926
2026-01-22T16:41:50+01:00,7b316592-8036-41e2-b8dc-b06b6a9afd54,41.038285173896426,21.327864456616478,temperature,6
2026-01-22T16:57:21+01:00,7b316592-8036-41e2-b8dc-b06b6a9afd54,41.038285173896426,21.327864456616478,gasResistance,136972
2026-01-22T16:57:21+01:00,7b316592-8036-41e2-b8dc-b06b6a9afd54,41.038285173896426,21.327864456616478,humidity,71
2026-01-22T16:57:21+01:00,7b316592-8036-41e2-b8dc-b06b6a9afd54,41.038285173896426,21.327864456616478,noise,55
2026-01-22T16:57:21+01:00,7b316592-8036-41e2-b8dc-b06b6a9afd54,41.038285173896426,21.327864456616478,noise_dba,50
2026-01-22T16:57:21+01:00,7b316592-8036-41e2-b8dc-b06b6a9afd54,41.038285173896426,21.327864456616478,pm10,351
2026-01-22T16:57:21+01:00,7b316592-8036-41e2-b8dc-b06b6a9afd54,41.038285173896426,21.327864456616478,pm25,195
2026-01-22T16:57:21+01:00,7b316592-8036-41e2-b8dc-b06b6a9afd54,41.038285173896426,21.327864456616478,pressure,926
2026-01-22T16:57:21+01:00,7b316592-8036-41e2-b8dc-b06b6a9afd54,41.038285173896426,21.327864456616478,temperature,6
2026-01-22T17:12:53+01:00,7b316592-8036-41e2-b8dc-b06b6a9afd54,41.038285173896426,21.327864456616478,gasResistance,136419
2026-01-22T17:12:53+01:00,7b316592-8036-41e2-b8dc-b06b6a9afd54,41.038285173896426,21.327864456616478,humidity,72
2026-01-22T17:12:53+01:00,7b316592-8036-41e2-b8dc-b06b6a9afd54,41.038285173896426,21.327864456616478,noise,52
2026-01-22T17:12:53+01:00,7b316592-8036-41e2-b8dc-b06b6a9afd54,41.038285173896426,21.327864456616478,noise_dba,49
2026-01-22T17:12:53+01:00,7b316592-8036-41e2-b8dc-b06b6a9afd54,41.038285173896426,21.327864456616478,pm10,615
2026-01-22T17:12:53+01:00,7b316592-8036-41e2-b8dc-b06b6a9afd54,41.038285173896426,21.327864456616478,pm25,358
2026-01-22T17:12:53+01:00,7b316592-8036-41e2-b8dc-b06b6a9afd54,41.038285173896426,21.327864456616478,pressure,926
2026-01-22T17:12:53+01:00,7b316592-8036-41e2-b8dc-b06b6a9afd54,41.038285173896426,21.327864456616478,temperature,6
2026-01-22T17:28:25+01:00,7b316592-8036-41e2-b8dc-b06b6a9afd54,41.038285173896426,21.327864456616478,gasResistance,134355
2026-01-22T17:28:25+01:00,7b316592-8036-41e2-b8dc-b06b6a9afd54,41.038285173896426,21.327864456616478,humidity,72
2026-01-22T17:28:25+01:00,7b316592-8036-41e2-b8dc-b06b6a9afd54,41.038285173896426,21.327864456616478,noise,53
2026-01-22T17:28:25+01:00,7b316592-8036-41e2-b8dc-b06b6a9afd54,41.038285173896426,21.327864456616478,noise_dba,49
2026-01-22T17:28:25+01:00,7b316592-8036-41e2-b8dc-b06b6a9afd54,41.038285173896426,21.327864456616478,pm10,420
2026-01-22T17:28:25+01:00,7b316592-8036-41e2-b8dc-b06b6a9afd54,41.038285173896426,21.327864456616478,pm25,268
2026-01-22T17:28:25+01:00,7b316592-8036-41e2-b8dc-b06b6a9afd54,41.038285173896426,21.327864456616478,pressure,926
2026-01-22T17:28:25+01:00,7b316592-8036-41e2-b8dc-b06b6a9afd54,41.038285173896426,21.327864456616478,temperature,6
2026-01-22T17:43:56+01:00,7b316592-8036-41e2-b8dc-b06b6a9afd54,41.038285173896426,21.327864456616478,gasResistance,132665
2026-01-22T17:43:56+01:00,7b316592-8036-41e2-b8dc-b06b6a9afd54,41.038285173896426,21.327864456616478,humidity,72
2026-01-22T17:43:56+01:00,7b316592-8036-41e2-b8dc-b06b6a9afd54,41.038285173896426,21.327864456616478,noise,55
2026-01-22T17:43:56+01:00,7b316592-8036-41e2-b8dc-b06b6a9afd54,41.038285173896426,21.327864456616478,noise_dba,50
2026-01-22T17:43:56+01:00,7b316592-8036-41e2-b8dc-b06b6a9afd54,41.038285173896426,21.327864456616478,pm10,304
2026-01-22T17:43:56+01:00,7b316592-8036-41e2-b8dc-b06b6a9afd54,41.038285173896426,21.327864456616478,pm25,190
2026-01-22T17:43:56+01:00,7b316592-8036-41e2-b8dc-b06b6a9afd54,41.038285173896426,21.327864456616478,pressure,926
2026-01-22T17:43:56+01:00,7b316592-8036-41e2-b8dc-b06b6a9afd54,41.038285173896426,21.327864456616478,temperature,6
2026-01-22T17:59:28+01:00,7b316592-8036-41e2-b8dc-b06b6a9afd54,41.038285173896426,21.327864456616478,gasResistance,130814
2026-01-22T17:59:28+01:00,7b316592-8036-41e2-b8dc-b06b6a9afd54,41.038285173896426,21.327864456616478,humidity,72
2026-01-22T17:59:28+01:00,7b316592-8036-41e2-b8dc-b06b6a9afd54,41.038285173896426,21.327864456616478,noise,52
2026-01-22T17:59:28+01:00,7b316592-8036-41e2-b8dc-b06b6a9afd54,41.038285173896426,21.327864456616478,noise_dba,49
2026-01-22T17:59:28+01:00,7b316592-8036-41e2-b8dc-b06b6a9afd54,41.038285173896426,21.327864456616478,pm10,294
2026-01-22T17:59:28+01:00,7b316592-8036-41e2-b8dc-b06b6a9afd54,41.038285173896426,21.327864456616478,pm25,194
2026-01-22T17:59:28+01:00,7b316592-8036-41e2-b8dc-b06b6a9afd54,41.038285173896426,21.327864456616478,pressure,926
2026-01-22T17:59:28+01:00,7b316592-8036-41e2-b8dc-b06b6a9afd54,41.038285173896426,21.327864456616478,temperature,6
2026-01-22T18:14:59+01:00,7b316592-8036-41e2-b8dc-b06b6a9afd54,41.038285173896426,21.327864456616478,gasResistance,129410
2026-01-22T18:14:59+01:00,7b316592-8036-41e2-b8dc-b06b6a9afd54,41.038285173896426,21.327864456616478,humidity,73
2026-01-22T18:14:59+01:00,7b316592-8036-41e2-b8dc-b06b6a9afd54,41.038285173896426,21.327864456616478,noise,64
2026-01-22T18:14:59+01:00,7b316592-8036-41e2-b8dc-b06b6a9afd54,41.038285173896426,21.327864456616478,noise_dba,52
2026-01-22T18:14:59+01:00,7b316592-8036-41e2-b8dc-b06b6a9afd54,41.038285173896426,21.327864456616478,pm10,487
2026-01-22T18:14:59+01:00,7b316592-8036-41e2-b8dc-b06b6a9afd54,41.038285173896426,21.327864456616478,pm25,319
2026-01-22T18:14:59+01:00,7b316592-8036-41e2-b8dc-b06b6a9afd54,41.038285173896426,21.327864456616478,pressure,926
2026-01-22T18:14:59+01:00,7b316592-8036-41e2-b8dc-b06b6a9afd54,41.038285173896426,21.327864456616478,temperature,6
2026-01-22T18:30:31+01:00,7b316592-8036-41e2-b8dc-b06b6a9afd54,41.038285173896426,21.327864456616478,gasResistance,127744
2026-01-22T18:30:31+01:00,7b316592-8036-41e2-b8dc-b06b6a9afd54,41.038285173896426,21.327864456616478,humidity,73
2026-01-22T18:30:31+01:00,7b316592-8036-41e2-b8dc-b06b6a9afd54,41.038285173896426,21.327864456616478,noise,63
2026-01-22T18:30:31+01:00,7b316592-8036-41e2-b8dc-b06b6a9afd54,41.038285173896426,21.327864456616478,noise_dba,52
2026-01-22T18:30:31+01:00,7b316592-8036-41e2-b8dc-b06b6a9afd54,41.038285173896426,21.327864456616478,pm10,463
2026-01-22T18:30:31+01:00,7b316592-8036-41e2-b8dc-b06b6a9afd54,41.038285173896426,21.327864456616478,pm25,304
2026-01-22T18:30:31+01:00,7b316592-8036-41e2-b8dc-b06b6a9afd54,41.038285173896426,21.327864456616478,pressure,927
2026-01-22T18:30:31+01:00,7b316592-8036-41e2-b8dc-b06b6a9afd54,41.038285173896426,21.327864456616478,temperature,6
2026-01-22T18:46:02+01:00,7b316592-8036-41e2-b8dc-b06b6a9afd54,41.038285173896426,21.327864456616478,gasResistance,125465
2026-01-22T18:46:02+01:00,7b316592-8036-41e2-b8dc-b06b6a9afd54,41.038285173896426,21.327864456616478,humidity,73
2026-01-22T18:46:02+01:00,7b316592-8036-41e2-b8dc-b06b6a9afd54,41.038285173896426,21.327864456616478,noise,71
2026-01-22T18:46:02+01:00,7b316592-8036-41e2-b8dc-b06b6a9afd54,41.038285173896426,21.327864456616478,noise_dba,54
2026-01-22T18:46:02+01:00,7b316592-8036-41e2-b8dc-b06b6a9afd54,41.038285173896426,21.327864456616478,pm10,434
2026-01-22T18:46:02+01:00,7b316592-8036-41e2-b8dc-b06b6a9afd54,41.038285173896426,21.327864456616478,pm25,285
2026-01-22T18:46:02+01:00,7b316592-8036-41e2-b8dc-b06b6a9afd54,41.038285173896426,21.327864456616478,pressure,927
2026-01-22T18:46:02+01:00,7b316592-8036-41e2-b8dc-b06b6a9afd54,41.038285173896426,21.327864456616478,temperature,6
2026-01-22T19:01:33+01:00,7b316592-8036-41e2-b8dc-b06b6a9afd54,41.038285173896426,21.327864456616478,gasResistance,124355
2026-01-22T19:01:33+01:00,7b316592-8036-41e2-b8dc-b06b6a9afd54,41.038285173896426,21.327864456616478,humidity,73
2026-01-22T19:01:33+01:00,7b316592-8036-41e2-b8dc-b06b6a9afd54,41.038285173896426,21.327864456616478,noise,57
2026-01-22T19:01:33+01:00,7b316592-8036-41e2-b8dc-b06b6a9afd54,41.038285173896426,21.327864456616478,noise_dba,50
2026-01-22T19:01:33+01:00,7b316592-8036-41e2-b8dc-b06b6a9afd54,41.038285173896426,21.327864456616478,pm10,419
2026-01-22T19:01:33+01:00,7b316592-8036-41e2-b8dc-b06b6a9afd54,41.038285173896426,21.327864456616478,pm25,269
2026-01-22T19:01:33+01:00,7b316592-8036-41e2-b8dc-b06b6a9afd54,41.038285173896426,21.327864456616478,pressure,927
2026-01-22T19:01:33+01:00,7b316592-8036-41e2-b8dc-b06b6a9afd54,41.038285173896426,21.327864456616478,temperature,6
2026-01-22T19:17:05+01:00,7b316592-8036-41e2-b8dc-b06b6a9afd54,41.038285173896426,21.327864456616478,gasResistance,124081
2026-01-22T19:17:05+01:00,7b316592-8036-41e2-b8dc-b06b6a9afd54,41.038285173896426,21.327864456616478,humidity,73
2026-01-22T19:17:05+01:00,7b316592-8036-41e2-b8dc-b06b6a9afd54,41.038285173896426,21.327864456616478,noise,53
2026-01-22T19:17:05+01:00,7b316592-8036-41e2-b8dc-b06b6a9afd54,41.038285173896426,21.327864456616478,noise_dba,49
2026-01-22T19:17:05+01:00,7b316592-8036-41e2-b8dc-b06b6a9afd54,41.038285173896426,21.327864456616478,pm10,456
2026-01-22T19:17:05+01:00,7b316592-8036-41e2-b8dc-b06b6a9afd54,41.038285173896426,21.327864456616478,pm25,303
2026-01-22T19:17:05+01:00,7b316592-8036-41e2-b8dc-b06b6a9afd54,41.038285173896426,21.327864456616478,pressure,927
2026-01-22T19:17:05+01:00,7b316592-8036-41e2-b8dc-b06b6a9afd54,41.038285173896426,21.327864456616478,temperature,6
2026-01-22T19:32:37+01:00,7b316592-8036-41e2-b8dc-b06b6a9afd54,41.038285173896426,21.327864456616478,gasResistance,122727
2026-01-22T19:32:37+01:00,7b316592-8036-41e2-b8dc-b06b6a9afd54,41.038285173896426,21.327864456616478,humidity,73
2026-01-22T19:32:37+01:00,7b316592-8036-41e2-b8dc-b06b6a9afd54,41.038285173896426,21.327864456616478,noise,48
2026-01-22T19:32:37+01:00,7b316592-8036-41e2-b8dc-b06b6a9afd54,41.038285173896426,21.327864456616478,noise_dba,48
2026-01-22T19:32:37+01:00,7b316592-8036-41e2-b8dc-b06b6a9afd54,41.038285173896426,21.327864456616478,pm10,432
2026-01-22T19:32:37+01:00,7b316592-8036-41e2-b8dc-b06b6a9afd54,41.038285173896426,21.327864456616478,pm25,290
2026-01-22T19:32:37+01:00,7b316592-8036-41e2-b8dc-b06b6a9afd54,41.038285173896426,21.327864456616478,pressure,927
2026-01-22T19:32:37+01:00,7b316592-8036-41e2-b8dc-b06b6a9afd54,41.038285173896426,21.327864456616478,temperature,6
2026-01-22T19:48:09+01:00,7b316592-8036-41e2-b8dc-b06b6a9afd54,41.038285173896426,21.327864456616478,gasResistance,118838
2026-01-22T19:48:09+01:00,7b316592-8036-41e2-b8dc-b06b6a9afd54,41.038285173896426,21.327864456616478,humidity,69
2026-01-22T19:48:09+01:00,7b316592-8036-41e2-b8dc-b06b6a9afd54,41.038285173896426,21.327864456616478,noise,33
2026-01-22T19:48:09+01:00,7b316592-8036-41e2-b8dc-b06b6a9afd54,41.038285173896426,21.327864456616478,noise_dba,42
2026-01-22T19:48:09+01:00,7b316592-8036-41e2-b8dc-b06b6a9afd54,41.038285173896426,21.327864456616478,pm10,521
2026-01-22T19:48:09+01:00,7b316592-8036-41e2-b8dc-b06b6a9afd54,41.038285173896426,21.327864456616478,pm25,349
2026-01-22T19:48:09+01:00,7b316592-8036-41e2-b8dc-b06b6a9afd54,41.038285173896426,21.327864456616478,pressure,927
2026-01-22T19:48:09+01:00,7b316592-8036-41e2-b8dc-b06b6a9afd54,41.038285173896426,21.327864456616478,temperature,6
2026-01-22T20:03:42+01:00,7b316592-8036-41e2-b8dc-b06b6a9afd54,41.038285173896426,21.327864456616478,gasResistance,112876
2026-01-22T20:03:42+01:00,7b316592-8036-41e2-b8dc-b06b6a9afd54,41.038285173896426,21.327864456616478,humidity,67
2026-01-22T20:03:42+01:00,7b316592-8036-41e2-b8dc-b06b6a9afd54,41.038285173896426,21.327864456616478,noise,38
2026-01-22T20:03:42+01:00,7b316592-8036-41e2-b8dc-b06b6a9afd54,41.038285173896426,21.327864456616478,noise_dba,44
2026-01-22T20:03:42+01:00,7b316592-8036-41e2-b8dc-b06b6a9afd54,41.038285173896426,21.327864456616478,pm10,546
2026-01-22T20:03:42+01:00,7b316592-8036-41e2-b8dc-b06b6a9afd54,41.038285173896426,21.327864456616478,pm25,375
2026-01-22T20:03:42+01:00,7b316592-8036-41e2-b8dc-b06b6a9afd54,41.038285173896426,21.327864456616478,pressure,927
2026-01-22T20:03:42+01:00,7b316592-8036-41e2-b8dc-b06b6a9afd54,41.038285173896426,21.327864456616478,temperature,7
2026-01-22T20:19:14+01:00,7b316592-8036-41e2-b8dc-b06b6a9afd54,41.038285173896426,21.327864456616478,gasResistance,110294
2026-01-22T20:19:14+01:00,7b316592-8036-41e2-b8dc-b06b6a9afd54,41.038285173896426,21.327864456616478,humidity,67
2026-01-22T20:19:14+01:00,7b316592-8036-41e2-b8dc-b06b6a9afd54,41.038285173896426,21.327864456616478,noise,45
2026-01-22T20:19:14+01:00,7b316592-8036-41e2-b8dc-b06b6a9afd54,41.038285173896426,21.327864456616478,noise_dba,47
2026-01-22T20:19:14+01:00,7b316592-8036-41e2-b8dc-b06b6a9afd54,41.038285173896426,21.327864456616478,pm10,223
2026-01-22T20:19:14+01:00,7b316592-8036-41e2-b8dc-b06b6a9afd54,41.038285173896426,21.327864456616478,pm25,141
2026-01-22T20:19:14+01:00,7b316592-8036-41e2-b8dc-b06b6a9afd54,41.038285173896426,21.327864456616478,pressure,927
2026-01-22T20:19:14+01:00,7b316592-8036-41e2-b8dc-b06b6a9afd54,41.038285173896426,21.327864456616478,temperature,7
2026-01-22T20:34:46+01:00,7b316592-8036-41e2-b8dc-b06b6a9afd54,41.038285173896426,21.327864456616478,gasResistance,110150
2026-01-22T20:34:46+01:00,7b316592-8036-41e2-b8dc-b06b6a9afd54,41.038285173896426,21.327864456616478,humidity,67
2026-01-22T20:34:46+01:00,7b316592-8036-41e2-b8dc-b06b6a9afd54,41.038285173896426,21.327864456616478,noise,35
2026-01-22T20:34:46+01:00,7b316592-8036-41e2-b8dc-b06b6a9afd54,41.038285173896426,21.327864456616478,noise_dba,43
2026-01-22T20:34:46+01:00,7b316592-8036-41e2-b8dc-b06b6a9afd54,41.038285173896426,21.327864456616478,pm10,251
2026-01-22T20:34:46+01:00,7b316592-8036-41e2-b8dc-b06b6a9afd54,41.038285173896426,21.327864456616478,pm25,140
2026-01-22T20:34:46+01:00,7b316592-8036-41e2-b8dc-b06b6a9afd54,41.038285173896426,21.327864456616478,pressure,927
2026-01-22T20:34:46+01:00,7b316592-8036-41e2-b8dc-b06b6a9afd54,41.038285173896426,21.327864456616478,temperature,7
2026-01-22T20:50:19+01:00,7b316592-8036-41e2-b8dc-b06b6a9afd54,41.038285173896426,21.327864456616478,gasResistance,108521
2026-01-22T20:50:19+01:00,7b316592-8036-41e2-b8dc-b06b6a9afd54,41.038285173896426,21.327864456616478,humidity,66
2026-01-22T20:50:19+01:00,7b316592-8036-41e2-b8dc-b06b6a9afd54,41.038285173896426,21.327864456616478,noise,45
2026-01-22T20:50:19+01:00,7b316592-8036-41e2-b8dc-b06b6a9afd54,41.038285173896426,21.327864456616478,noise_dba,47
2026-01-22T20:50:19+01:00,7b316592-8036-41e2-b8dc-b06b6a9afd54,41.038285173896426,21.327864456616478,pm10,461
2026-01-22T20:50:19+01:00,7b316592-8036-41e2-b8dc-b06b6a9afd54,41.038285173896426,21.327864456616478,pm25,310
2026-01-22T20:50:19+01:00,7b316592-8036-41e2-b8dc-b06b6a9afd54,41.038285173896426,21.327864456616478,pressure,927
2026-01-22T20:50:19+01:00,7b316592-8036-41e2-b8dc-b06b6a9afd54,41.038285173896426,21.327864456616478,temperature,8
2026-01-22T21:05:51+01:00,7b316592-8036-41e2-b8dc-b06b6a9afd54,41.038285173896426,21.327864456616478,gasResistance,105667
2026-01-22T21:05:51+01:00,7b316592-8036-41e2-b8dc-b06b6a9afd54,41.038285173896426,21.327864456616478,humidity,66
2026-01-22T21:05:51+01:00,7b316592-8036-41e2-b8dc-b06b6a9afd54,41.038285173896426,21.327864456616478,noise,36
2026-01-22T21:05:51+01:00,7b316592-8036-41e2-b8dc-b06b6a9afd54,41.038285173896426,21.327864456616478,noise_dba,43
2026-01-22T21:05:51+01:00,7b316592-8036-41e2-b8dc-b06b6a9afd54,41.038285173896426,21.327864456616478,pm10,507
2026-01-22T21:05:51+01:00,7b316592-8036-41e2-b8dc-b06b6a9afd54,41.038285173896426,21.327864456616478,pm25,338
2026-01-22T21:05:51+01:00,7b316592-8036-41e2-b8dc-b06b6a9afd54,41.038285173896426,21.327864456616478,pressure,927
2026-01-22T21:05:51+01:00,7b316592-8036-41e2-b8dc-b06b6a9afd54,41.038285173896426,21.327864456616478,temperature,8
2026-01-22T21:21:23+01:00,7b316592-8036-41e2-b8dc-b06b6a9afd54,41.038285173896426,21.327864456616478,gasResistance,103528
2026-01-22T21:21:23+01:00,7b316592-8036-41e2-b8dc-b06b6a9afd54,41.038285173896426,21.327864456616478,humidity,66
2026-01-22T21:21:23+01:00,7b316592-8036-41e2-b8dc-b06b6a9afd54,41.038285173896426,21.327864456616478,noise,37
2026-01-22T21:21:23+01:00,7b316592-8036-41e2-b8dc-b06b6a9afd54,41.038285173896426,21.327864456616478,noise_dba,43
2026-01-22T21:21:23+01:00,7b316592-8036-41e2-b8dc-b06b6a9afd54,41.038285173896426,21.327864456616478,pm10,559
2026-01-22T21:21:23+01:00,7b316592-8036-41e2-b8dc-b06b6a9afd54,41.038285173896426,21.327864456616478,pm25,369
2026-01-22T21:21:23+01:00,7b316592-8036-41e2-b8dc-b06b6a9afd54,41.038285173896426,21.327864456616478,pressure,927
2026-01-22T21:21:23+01:00,7b316592-8036-41e2-b8dc-b06b6a9afd54,41.038285173896426,21.327864456616478,temperature,8
2026-01-22T21:36:56+01:00,7b316592-8036-41e2-b8dc-b06b6a9afd54,41.038285173896426,21.327864456616478,gasResistance,101412
2026-01-22T21:36:56+01:00,7b316592-8036-41e2-b8dc-b06b6a9afd54,41.038285173896426,21.327864456616478,humidity,66
2026-01-22T21:36:56+01:00,7b316592-8036-41e2-b8dc-b06b6a9afd54,41.038285173896426,21.327864456616478,noise,37
2026-01-22T21:36:56+01:00,7b316592-8036-41e2-b8dc-b06b6a9afd54,41.038285173896426,21.327864456616478,noise_dba,43
2026-01-22T21:36:56+01:00,7b316592-8036-41e2-b8dc-b06b6a9afd54,41.038285173896426,21.327864456616478,pm10,567
2026-01-22T21:36:56+01:00,7b316592-8036-41e2-b8dc-b06b6a9afd54,41.038285173896426,21.327864456616478,pm25,371
2026-01-22T21:36:56+01:00,7b316592-8036-41e2-b8dc-b06b6a9afd54,41.038285173896426,21.327864456616478,pressure,927
2026-01-22T21:36:56+01:00,7b316592-8036-41e2-b8dc-b06b6a9afd54,41.038285173896426,21.327864456616478,temperature,8
2026-01-22T21:52:28+01:00,7b316592-8036-41e2-b8dc-b06b6a9afd54,41.038285173896426,21.327864456616478,gasResistance,99558
2026-01-22T21:52:28+01:00,7b316592-8036-41e2-b8dc-b06b6a9afd54,41.038285173896426,21.327864456616478,humidity,66
2026-01-22T21:52:28+01:00,7b316592-8036-41e2-b8dc-b06b6a9afd54,41.038285173896426,21.327864456616478,noise,36
2026-01-22T21:52:28+01:00,7b316592-8036-41e2-b8dc-b06b6a9afd54,41.038285173896426,21.327864456616478,noise_dba,43
2026-01-22T21:52:28+01:00,7b316592-8036-41e2-b8dc-b06b6a9afd54,41.038285173896426,21.327864456616478,pm10,383
2026-01-22T21:52:28+01:00,7b316592-8036-41e2-b8dc-b06b6a9afd54,41.038285173896426,21.327864456616478,pm25,243
2026-01-22T21:52:28+01:00,7b316592-8036-41e2-b8dc-b06b6a9afd54,41.038285173896426,21.327864456616478,pressure,927
2026-01-22T21:52:28+01:00,7b316592-8036-41e2-b8dc-b06b6a9afd54,41.038285173896426,21.327864456616478,temperature,8
2026-01-22T22:08:01+01:00,7b316592-8036-41e2-b8dc-b06b6a9afd54,41.038285173896426,21.327864456616478,gasResistance,99148
2026-01-22T22:08:01+01:00,7b316592-8036-41e2-b8dc-b06b6a9afd54,41.038285173896426,21.327864456616478,humidity,66
2026-01-22T22:08:01+01:00,7b316592-8036-41e2-b8dc-b06b6a9afd54,41.038285173896426,21.327864456616478,noise,45
2026-01-22T22:08:01+01:00,7b316592-8036-41e2-b8dc-b06b6a9afd54,41.038285173896426,21.327864456616478,noise_dba,47
2026-01-22T22:08:01+01:00,7b316592-8036-41e2-b8dc-b06b6a9afd54,41.038285173896426,21.327864456616478,pm10,269
2026-01-22T22:08:01+01:00,7b316592-8036-41e2-b8dc-b06b6a9afd54,41.038285173896426,21.327864456616478,pm25,167
2026-01-22T22:08:01+01:00,7b316592-8036-41e2-b8dc-b06b6a9afd54,41.038285173896426,21.327864456616478,pressure,927
2026-01-22T22:08:01+01:00,7b316592-8036-41e2-b8dc-b06b6a9afd54,41.038285173896426,21.327864456616478,temperature,8
2026-01-22T22:23:33+01:00,7b316592-8036-41e2-b8dc-b06b6a9afd54,41.038285173896426,21.327864456616478,gasResistance,98800
2026-01-22T22:23:33+01:00,7b316592-8036-41e2-b8dc-b06b6a9afd54,41.038285173896426,21.327864456616478,humidity,66
2026-01-22T22:23:33+01:00,7b316592-8036-41e2-b8dc-b06b6a9afd54,41.038285173896426,21.327864456616478,noise,42
2026-01-22T22:23:33+01:00,7b316592-8036-41e2-b8dc-b06b6a9afd54,41.038285173896426,21.327864456616478,noise_dba,45
2026-01-22T22:23:33+01:00,7b316592-8036-41e2-b8dc-b06b6a9afd54,41.038285173896426,21.327864456616478,pm10,566
2026-01-22T22:23:33+01:00,7b316592-8036-41e2-b8dc-b06b6a9afd54,41.038285173896426,21.327864456616478,pm25,393
2026-01-22T22:23:33+01:00,7b316592-8036-41e2-b8dc-b06b6a9afd54,41.038285173896426,21.327864456616478,pressure,927
2026-01-22T22:23:33+01:00,7b316592-8036-41e2-b8dc-b06b6a9afd54,41.038285173896426,21.327864456616478,temperature,8
2026-01-22T22:39:06+01:00,7b316592-8036-41e2-b8dc-b06b6a9afd54,41.038285173896426,21.327864456616478,gasResistance,97997
2026-01-22T22:39:06+01:00,7b316592-8036-41e2-b8dc-b06b6a9afd54,41.038285173896426,21.327864456616478,humidity,66
2026-01-22T22:39:06+01:00,7b316592-8036-41e2-b8dc-b06b6a9afd54,41.038285173896426,21.327864456616478,noise,43
2026-01-22T22:39:06+01:00,7b316592-8036-41e2-b8dc-b06b6a9afd54,41.038285173896426,21.327864456616478,noise_dba,46
2026-01-22T22:39:06+01:00,7b316592-8036-41e2-b8dc-b06b6a9afd54,41.038285173896426,21.327864456616478,pm10,310
2026-01-22T22:39:06+01:00,7b316592-8036-41e2-b8dc-b06b6a9afd54,41.038285173896426,21.327864456616478,pm25,181
2026-01-22T22:39:06+01:00,7b316592-8036-41e2-b8dc-b06b6a9afd54,41.038285173896426,21.327864456616478,pressure,927
2026-01-22T22:39:06+01:00,7b316592-8036-41e2-b8dc-b06b6a9afd54,41.038285173896426,21.327864456616478,temperature,8
2026-01-22T22:54:38+01:00,7b316592-8036-41e2-b8dc-b06b6a9afd54,41.038285173896426,21.327864456616478,gasResistance,96927
2026-01-22T22:54:38+01:00,7b316592-8036-41e2-b8dc-b06b6a9afd54,41.038285173896426,21.327864456616478,humidity,66
2026-01-22T22:54:38+01:00,7b316592-8036-41e2-b8dc-b06b6a9afd54,41.038285173896426,21.327864456616478,noise,44
2026-01-22T22:54:38+01:00,7b316592-8036-41e2-b8dc-b06b6a9afd54,41.038285173896426,21.327864456616478,noise_dba,46
2026-01-22T22:54:38+01:00,7b316592-8036-41e2-b8dc-b06b6a9afd54,41.038285173896426,21.327864456616478,pm10,484
2026-01-22T22:54:38+01:00,7b316592-8036-41e2-b8dc-b06b6a9afd54,41.038285173896426,21.327864456616478,pm25,324
2026-01-22T22:54:38+01:00,7b316592-8036-41e2-b8dc-b06b6a9afd54,41.038285173896426,21.327864456616478,pressure,927
2026-01-22T22:54:38+01:00,7b316592-8036-41e2-b8dc-b06b6a9afd54,41.038285173896426,21.327864456616478,temperature,8
2026-01-22T23:10:11+01:00,7b316592-8036-41e2-b8dc-b06b6a9afd54,41.038285173896426,21.327864456616478,gasResistance,96539
2026-01-22T23:10:11+01:00,7b316592-8036-41e2-b8dc-b06b6a9afd54,41.038285173896426,21.327864456616478,humidity,66
2026-01-22T23:10:11+01:00,7b316592-8036-41e2-b8dc-b06b6a9afd54,41.038285173896426,21.327864456616478,noise,40
2026-01-22T23:10:11+01:00,7b316592-8036-41e2-b8dc-b06b6a9afd54,41.038285173896426,21.327864456616478,noise_dba,45
2026-01-22T23:10:11+01:00,7b316592-8036-41e2-b8dc-b06b6a9afd54,41.038285173896426,21.327864456616478,pm10,475
2026-01-22T23:10:11+01:00,7b316592-8036-41e2-b8dc-b06b6a9afd54,41.038285173896426,21.327864456616478,pm25,309
2026-01-22T23:10:11+01:00,7b316592-8036-41e2-b8dc-b06b6a9afd54,41.038285173896426,21.327864456616478,pressure,927
2026-01-22T23:10:11+01:00,7b316592-8036-41e2-b8dc-b06b6a9afd54,41.038285173896426,21.327864456616478,temperature,8
2026-01-22T23:25:44+01:00,7b316592-8036-41e2-b8dc-b06b6a9afd54,41.038285173896426,21.327864456616478,gasResistance,96318
2026-01-22T23:25:44+01:00,7b316592-8036-41e2-b8dc-b06b6a9afd54,41.038285173896426,21.327864456616478,humidity,66
2026-01-22T23:25:44+01:00,7b316592-8036-41e2-b8dc-b06b6a9afd54,41.038285173896426,21.327864456616478,noise,40
2026-01-22T23:25:44+01:00,7b316592-8036-41e2-b8dc-b06b6a9afd54,41.038285173896426,21.327864456616478,noise_dba,45
2026-01-22T23:25:44+01:00,7b316592-8036-41e2-b8dc-b06b6a9afd54,41.038285173896426,21.327864456616478,pm10,421
2026-01-22T23:25:44+01:00,7b316592-8036-41e2-b8dc-b06b6a9afd54,41.038285173896426,21.327864456616478,pm25,266
2026-01-22T23:25:44+01:00,7b316592-8036-41e2-b8dc-b06b6a9afd54,41.038285173896426,21.327864456616478,pressure,927
2026-01-22T23:25:44+01:00,7b316592-8036-41e2-b8dc-b06b6a9afd54,41.038285173896426,21.327864456616478,temperature,8
2026-01-22T23:41:16+01:00,7b316592-8036-41e2-b8dc-b06b6a9afd54,41.038285173896426,21.327864456616478,gasResistance,95501
2026-01-22T23:41:16+01:00,7b316592-8036-41e2-b8dc-b06b6a9afd54,41.038285173896426,21.327864456616478,humidity,66
2026-01-22T23:41:16+01:00,7b316592-8036-41e2-b8dc-b06b6a9afd54,41.038285173896426,21.327864456616478,noise,40
2026-01-22T23:41:16+01:00,7b316592-8036-41e2-b8dc-b06b6a9afd54,41.038285173896426,21.327864456616478,noise_dba,45
2026-01-22T23:41:16+01:00,7b316592-8036-41e2-b8dc-b06b6a9afd54,41.038285173896426,21.327864456616478,pm10,464
2026-01-22T23:41:16+01:00,7b316592-8036-41e2-b8dc-b06b6a9afd54,41.038285173896426,21.327864456616478,pm25,304
2026-01-22T23:41:16+01:00,7b316592-8036-41e2-b8dc-b06b6a9afd54,41.038285173896426,21.327864456616478,pressure,927
2026-01-22T23:41:16+01:00,7b316592-8036-41e2-b8dc-b06b6a9afd54,41.038285173896426,21.327864456616478,temperature,8
2026-01-22T23:56:51+01:00,7b316592-8036-41e2-b8dc-b06b6a9afd54,41.038285173896426,21.327864456616478,gasResistance,95339
2026-01-22T23:56:51+01:00,7b316592-8036-41e2-b8dc-b06b6a9afd54,41.038285173896426,21.327864456616478,humidity,65
2026-01-22T23:56:51+01:00,7b316592-8036-41e2-b8dc-b06b6a9afd54,41.038285173896426,21.327864456616478,noise,29
2026-01-22T23:56:51+01:00,7b316592-8036-41e2-b8dc-b06b6a9afd54,41.038285173896426,21.327864456616478,noise_dba,40
2026-01-22T23:56:51+01:00,7b316592-8036-41e2-b8dc-b06b6a9afd54,41.038285173896426,21.327864456616478,pm10,389
2026-01-22T23:56:51+01:00,7b316592-8036-41e2-b8dc-b06b6a9afd54,41.038285173896426,21.327864456616478,pm25,243
2026-01-22T23:56:51+01:00,7b316592-8036-41e2-b8dc-b06b6a9afd54,41.038285173896426,21.327864456616478,pressure,927
2026-01-22T23:56:51+01:00,7b316592-8036-41e2-b8dc-b06b6a9afd54,41.038285173896426,21.327864456616478,temperature,8
2026-01-23T00:12:23+01:00,7b316592-8036-41e2-b8dc-b06b6a9afd54,41.038285173896426,21.327864456616478,gasResistance,95881
2026-01-23T00:12:23+01:00,7b316592-8036-41e2-b8dc-b06b6a9afd54,41.038285173896426,21.327864456616478,humidity,66
2026-01-23T00:12:23+01:00,7b316592-8036-41e2-b8dc-b06b6a9afd54,41.038285173896426,21.327864456616478,noise,40
2026-01-23T00:12:23+01:00,7b316592-8036-41e2-b8dc-b06b6a9afd54,41.038285173896426,21.327864456616478,noise_dba,45
2026-01-23T00:12:23+01:00,7b316592-8036-41e2-b8dc-b06b6a9afd54,41.038285173896426,21.327864456616478,pm10,474
2026-01-23T00:12:23+01:00,7b316592-8036-41e2-b8dc-b06b6a9afd54,41.038285173896426,21.327864456616478,pm25,275
2026-01-23T00:12:23+01:00,7b316592-8036-41e2-b8dc-b06b6a9afd54,41.038285173896426,21.327864456616478,pressure,927
2026-01-23T00:12:23+01:00,7b316592-8036-41e2-b8dc-b06b6a9afd54,41.038285173896426,21.327864456616478,temperature,8
2026-01-23T00:27:55+01:00,7b316592-8036-41e2-b8dc-b06b6a9afd54,41.038285173896426,21.327864456616478,gasResistance,96649
2026-01-23T00:27:55+01:00,7b316592-8036-41e2-b8dc-b06b6a9afd54,41.038285173896426,21.327864456616478,humidity,65
2026-01-23T00:27:55+01:00,7b316592-8036-41e2-b8dc-b06b6a9afd54,41.038285173896426,21.327864456616478,noise,36
2026-01-23T00:27:55+01:00,7b316592-8036-41e2-b8dc-b06b6a9afd54,41.038285173896426,21.327864456616478,noise_dba,43
2026-01-23T00:27:55+01:00,7b316592-8036-41e2-b8dc-b06b6a9afd54,41.038285173896426,21.327864456616478,pm10,270
2026-01-23T00:27:55+01:00,7b316592-8036-41e2-b8dc-b06b6a9afd54,41.038285173896426,21.327864456616478,pm25,163
2026-01-23T00:27:55+01:00,7b316592-8036-41e2-b8dc-b06b6a9afd54,41.038285173896426,21.327864456616478,pressure,927
2026-01-23T00:27:55+01:00,7b316592-8036-41e2-b8dc-b06b6a9afd54,41.038285173896426,21.327864456616478,temperature,8
2026-01-23T00:43:27+01:00,7b316592-8036-41e2-b8dc-b06b6a9afd54,41.038285173896426,21.327864456616478,gasResistance,96649
2026-01-23T00:43:27+01:00,7b316592-8036-41e2-b8dc-b06b6a9afd54,41.038285173896426,21.327864456616478,humidity,66
2026-01-23T00:43:27+01:00,7b316592-8036-41e2-b8dc-b06b6a9afd54,41.038285173896426,21.327864456616478,noise,33
2026-01-23T00:43:27+01:00,7b316592-8036-41e2-b8dc-b06b6a9afd54,41.038285173896426,21.327864456616478,noise_dba,42
2026-01-23T00:43:27+01:00,7b316592-8036-41e2-b8dc-b06b6a9afd54,41.038285173896426,21.327864456616478,pm10,266
2026-01-23T00:43:27+01:00,7b316592-8036-41e2-b8dc-b06b6a9afd54,41.038285173896426,21.327864456616478,pm25,156
2026-01-23T00:43:27+01:00,7b316592-8036-41e2-b8dc-b06b6a9afd54,41.038285173896426,21.327864456616478,pressure,927
2026-01-23T00:43:27+01:00,7b316592-8036-41e2-b8dc-b06b6a9afd54,41.038285173896426,21.327864456616478,temperature,8
2026-01-23T00:59:00+01:00,7b316592-8036-41e2-b8dc-b06b6a9afd54,41.038285173896426,21.327864456616478,gasResistance,96209
2026-01-23T00:59:00+01:00,7b316592-8036-41e2-b8dc-b06b6a9afd54,41.038285173896426,21.327864456616478,humidity,66
2026-01-23T00:59:00+01:00,7b316592-8036-41e2-b8dc-b06b6a9afd54,41.038285173896426,21.327864456616478,noise,37
2026-01-23T00:59:00+01:00,7b316592-8036-41e2-b8dc-b06b6a9afd54,41.038285173896426,21.327864456616478,noise_dba,43
2026-01-23T00:59:00+01:00,7b316592-8036-41e2-b8dc-b06b6a9afd54,41.038285173896426,21.327864456616478,pm10,241
2026-01-23T00:59:00+01:00,7b316592-8036-41e2-b8dc-b06b6a9afd54,41.038285173896426,21.327864456616478,pm25,138
2026-01-23T00:59:00+01:00,7b316592-8036-41e2-b8dc-b06b6a9afd54,41.038285173896426,21.327864456616478,pressure,927
2026-01-23T00:59:00+01:00,7b316592-8036-41e2-b8dc-b06b6a9afd54,41.038285173896426,21.327864456616478,temperature,8
2026-01-23T01:14:32+01:00,7b316592-8036-41e2-b8dc-b06b6a9afd54,41.038285173896426,21.327864456616478,gasResistance,98339
2026-01-23T01:14:32+01:00,7b316592-8036-41e2-b8dc-b06b6a9afd54,41.038285173896426,21.327864456616478,humidity,66
2026-01-23T01:14:32+01:00,7b316592-8036-41e2-b8dc-b06b6a9afd54,41.038285173896426,21.327864456616478,noise,40
2026-01-23T01:14:32+01:00,7b316592-8036-41e2-b8dc-b06b6a9afd54,41.038285173896426,21.327864456616478,noise_dba,45
2026-01-23T01:14:32+01:00,7b316592-8036-41e2-b8dc-b06b6a9afd54,41.038285173896426,21.327864456616478,pm10,175
2026-01-23T01:14:32+01:00,7b316592-8036-41e2-b8dc-b06b6a9afd54,41.038285173896426,21.327864456616478,pm25,107
2026-01-23T01:14:32+01:00,7b316592-8036-41e2-b8dc-b06b6a9afd54,41.038285173896426,21.327864456616478,pressure,927
2026-01-23T01:14:32+01:00,7b316592-8036-41e2-b8dc-b06b6a9afd54,41.038285173896426,21.327864456616478,temperature,8
2026-01-23T01:30:05+01:00,7b316592-8036-41e2-b8dc-b06b6a9afd54,41.038285173896426,21.327864456616478,gasResistance,98168
2026-01-23T01:30:05+01:00,7b316592-8036-41e2-b8dc-b06b6a9afd54,41.038285173896426,21.327864456616478,humidity,65
2026-01-23T01:30:05+01:00,7b316592-8036-41e2-b8dc-b06b6a9afd54,41.038285173896426,21.327864456616478,noise,42
2026-01-23T01:30:05+01:00,7b316592-8036-41e2-b8dc-b06b6a9afd54,41.038285173896426,21.327864456616478,noise_dba,45
2026-01-23T01:30:05+01:00,7b316592-8036-41e2-b8dc-b06b6a9afd54,41.038285173896426,21.327864456616478,pm10,252
2026-01-23T01:30:05+01:00,7b316592-8036-41e2-b8dc-b06b6a9afd54,41.038285173896426,21.327864456616478,pm25,146
2026-01-23T01:30:05+01:00,7b316592-8036-41e2-b8dc-b06b6a9afd54,41.038285173896426,21.327864456616478,pressure,927
2026-01-23T01:30:05+01:00,7b316592-8036-41e2-b8dc-b06b6a9afd54,41.038285173896426,21.327864456616478,temperature,8
2026-01-23T01:45:37+01:00,7b316592-8036-41e2-b8dc-b06b6a9afd54,41.038285173896426,21.327864456616478,gasResistance,98684
2026-01-23T01:45:37+01:00,7b316592-8036-41e2-b8dc-b06b6a9afd54,41.038285173896426,21.327864456616478,humidity,66
2026-01-23T01:45:37+01:00,7b316592-8036-41e2-b8dc-b06b6a9afd54,41.038285173896426,21.327864456616478,noise,43
2026-01-23T01:45:37+01:00,7b316592-8036-41e2-b8dc-b06b6a9afd54,41.038285173896426,21.327864456616478,noise_dba,46
2026-01-23T01:45:37+01:00,7b316592-8036-41e2-b8dc-b06b6a9afd54,41.038285173896426,21.327864456616478,pm10,304
2026-01-23T01:45:37+01:00,7b316592-8036-41e2-b8dc-b06b6a9afd54,41.038285173896426,21.327864456616478,pm25,165
2026-01-23T01:45:37+01:00,7b316592-8036-41e2-b8dc-b06b6a9afd54,41.038285173896426,21.327864456616478,pressure,927
2026-01-23T01:45:37+01:00,7b316592-8036-41e2-b8dc-b06b6a9afd54,41.038285173896426,21.327864456616478,temperature,8
2026-01-23T02:01:09+01:00,7b316592-8036-41e2-b8dc-b06b6a9afd54,41.038285173896426,21.327864456616478,gasResistance,98397
2026-01-23T02:01:09+01:00,7b316592-8036-41e2-b8dc-b06b6a9afd54,41.038285173896426,21.327864456616478,humidity,65
2026-01-23T02:01:09+01:00,7b316592-8036-41e2-b8dc-b06b6a9afd54,41.038285173896426,21.327864456616478,noise,35
2026-01-23T02:01:09+01:00,7b316592-8036-41e2-b8dc-b06b6a9afd54,41.038285173896426,21.327864456616478,noise_dba,43
2026-01-23T02:01:09+01:00,7b316592-8036-41e2-b8dc-b06b6a9afd54,41.038285173896426,21.327864456616478,pm10,270
2026-01-23T02:01:09+01:00,7b316592-8036-41e2-b8dc-b06b6a9afd54,41.038285173896426,21.327864456616478,pm25,151
2026-01-23T02:01:09+01:00,7b316592-8036-41e2-b8dc-b06b6a9afd54,41.038285173896426,21.327864456616478,pressure,927
2026-01-23T02:01:09+01:00,7b316592-8036-41e2-b8dc-b06b6a9afd54,41.038285173896426,21.327864456616478,temperature,8
2026-01-23T02:16:42+01:00,7b316592-8036-41e2-b8dc-b06b6a9afd54,41.038285173896426,21.327864456616478,gasResistance,98800
2026-01-23T02:16:42+01:00,7b316592-8036-41e2-b8dc-b06b6a9afd54,41.038285173896426,21.327864456616478,humidity,66
2026-01-23T02:16:42+01:00,7b316592-8036-41e2-b8dc-b06b6a9afd54,41.038285173896426,21.327864456616478,noise,44
2026-01-23T02:16:42+01:00,7b316592-8036-41e2-b8dc-b06b6a9afd54,41.038285173896426,21.327864456616478,noise_dba,46
2026-01-23T02:16:42+01:00,7b316592-8036-41e2-b8dc-b06b6a9afd54,41.038285173896426,21.327864456616478,pm10,237
2026-01-23T02:16:42+01:00,7b316592-8036-41e2-b8dc-b06b6a9afd54,41.038285173896426,21.327864456616478,pm25,134
2026-01-23T02:16:42+01:00,7b316592-8036-41e2-b8dc-b06b6a9afd54,41.038285173896426,21.327864456616478,pressure,927
2026-01-23T02:16:42+01:00,7b316592-8036-41e2-b8dc-b06b6a9afd54,41.038285173896426,21.327864456616478,temperature,8
2026-01-23T02:32:14+01:00,7b316592-8036-41e2-b8dc-b06b6a9afd54,41.038285173896426,21.327864456616478,gasResistance,98225
2026-01-23T02:32:14+01:00,7b316592-8036-41e2-b8dc-b06b6a9afd54,41.038285173896426,21.327864456616478,humidity,65
2026-01-23T02:32:14+01:00,7b316592-8036-41e2-b8dc-b06b6a9afd54,41.038285173896426,21.327864456616478,noise,39
2026-01-23T02:32:14+01:00,7b316592-8036-41e2-b8dc-b06b6a9afd54,41.038285173896426,21.327864456616478,noise_dba,44
2026-01-23T02:32:14+01:00,7b316592-8036-41e2-b8dc-b06b6a9afd54,41.038285173896426,21.327864456616478,pm10,284
2026-01-23T02:32:14+01:00,7b316592-8036-41e2-b8dc-b06b6a9afd54,41.038285173896426,21.327864456616478,pm25,150
2026-01-23T02:32:14+01:00,7b316592-8036-41e2-b8dc-b06b6a9afd54,41.038285173896426,21.327864456616478,pressure,927
2026-01-23T02:32:14+01:00,7b316592-8036-41e2-b8dc-b06b6a9afd54,41.038285173896426,21.327864456616478,temperature,8
2026-01-23T02:47:47+01:00,7b316592-8036-41e2-b8dc-b06b6a9afd54,41.038285173896426,21.327864456616478,gasResistance,98684
2026-01-23T02:47:47+01:00,7b316592-8036-41e2-b8dc-b06b6a9afd54,41.038285173896426,21.327864456616478,humidity,65
2026-01-23T02:47:47+01:00,7b316592-8036-41e2-b8dc-b06b6a9afd54,41.038285173896426,21.327864456616478,noise,38
2026-01-23T02:47:47+01:00,7b316592-8036-41e2-b8dc-b06b6a9afd54,41.038285173896426,21.327864456616478,noise_dba,44
2026-01-23T02:47:47+01:00,7b316592-8036-41e2-b8dc-b06b6a9afd54,41.038285173896426,21.327864456616478,pm10,177
2026-01-23T02:47:47+01:00,7b316592-8036-41e2-b8dc-b06b6a9afd54,41.038285173896426,21.327864456616478,pm25,100
2026-01-23T02:47:47+01:00,7b316592-8036-41e2-b8dc-b06b6a9afd54,41.038285173896426,21.327864456616478,pressure,927
2026-01-23T02:47:47+01:00,7b316592-8036-41e2-b8dc-b06b6a9afd54,41.038285173896426,21.327864456616478,temperature,8
2026-01-23T03:03:19+01:00,7b316592-8036-41e2-b8dc-b06b6a9afd54,41.038285173896426,21.327864456616478,gasResistance,100030
2026-01-23T03:03:19+01:00,7b316592-8036-41e2-b8dc-b06b6a9afd54,41.038285173896426,21.327864456616478,humidity,65
2026-01-23T03:03:19+01:00,7b316592-8036-41e2-b8dc-b06b6a9afd54,41.038285173896426,21.327864456616478,noise,30
2026-01-23T03:03:19+01:00,7b316592-8036-41e2-b8dc-b06b6a9afd54,41.038285173896426,21.327864456616478,noise_dba,40
2026-01-23T03:03:19+01:00,7b316592-8036-41e2-b8dc-b06b6a9afd54,41.038285173896426,21.327864456616478,pm10,134
2026-01-23T03:03:19+01:00,7b316592-8036-41e2-b8dc-b06b6a9afd54,41.038285173896426,21.327864456616478,pm25,82
2026-01-23T03:03:19+01:00,7b316592-8036-41e2-b8dc-b06b6a9afd54,41.038285173896426,21.327864456616478,pressure,927
2026-01-23T03:03:19+01:00,7b316592-8036-41e2-b8dc-b06b6a9afd54,41.038285173896426,21.327864456616478,temperature,8
2026-01-23T03:18:51+01:00,7b316592-8036-41e2-b8dc-b06b6a9afd54,41.038285173896426,21.327864456616478,gasResistance,99911
2026-01-23T03:18:51+01:00,7b316592-8036-41e2-b8dc-b06b6a9afd54,41.038285173896426,21.327864456616478,humidity,65
2026-01-23T03:18:51+01:00,7b316592-8036-41e2-b8dc-b06b6a9afd54,41.038285173896426,21.327864456616478,noise,33
2026-01-23T03:18:51+01:00,7b316592-8036-41e2-b8dc-b06b6a9afd54,41.038285173896426,21.327864456616478,noise_dba,42
2026-01-23T03:18:51+01:00,7b316592-8036-41e2-b8dc-b06b6a9afd54,41.038285173896426,21.327864456616478,pm10,218
2026-01-23T03:18:51+01:00,7b316592-8036-41e2-b8dc-b06b6a9afd54,41.038285173896426,21.327864456616478,pm25,132
2026-01-23T03:18:51+01:00,7b316592-8036-41e2-b8dc-b06b6a9afd54,41.038285173896426,21.327864456616478,pressure,927
2026-01-23T03:18:51+01:00,7b316592-8036-41e2-b8dc-b06b6a9afd54,41.038285173896426,21.327864456616478,temperature,8
2026-01-23T03:34:23+01:00,7b316592-8036-41e2-b8dc-b06b6a9afd54,41.038285173896426,21.327864456616478,gasResistance,101048
2026-01-23T03:34:23+01:00,7b316592-8036-41e2-b8dc-b06b6a9afd54,41.038285173896426,21.327864456616478,humidity,69
2026-01-23T03:34:23+01:00,7b316592-8036-41e2-b8dc-b06b6a9afd54,41.038285173896426,21.327864456616478,noise,64
2026-01-23T03:34:23+01:00,7b316592-8036-41e2-b8dc-b06b6a9afd54,41.038285173896426,21.327864456616478,noise_dba,52
2026-01-23T03:34:23+01:00,7b316592-8036-41e2-b8dc-b06b6a9afd54,41.038285173896426,21.327864456616478,pm10,305
2026-01-23T03:34:23+01:00,7b316592-8036-41e2-b8dc-b06b6a9afd54,41.038285173896426,21.327864456616478,pm25,184
2026-01-23T03:34:23+01:00,7b316592-8036-41e2-b8dc-b06b6a9afd54,41.038285173896426,21.327864456616478,pressure,927
2026-01-23T03:34:23+01:00,7b316592-8036-41e2-b8dc-b06b6a9afd54,41.038285173896426,21.327864456616478,temperature,8
2026-01-23T03:49:55+01:00,7b316592-8036-41e2-b8dc-b06b6a9afd54,41.038285173896426,21.327864456616478,gasResistance,103274
2026-01-23T03:49:55+01:00,7b316592-8036-41e2-b8dc-b06b6a9afd54,41.038285173896426,21.327864456616478,humidity,71
2026-01-23T03:49:55+01:00,7b316592-8036-41e2-b8dc-b06b6a9afd54,41.038285173896426,21.327864456616478,noise,54
2026-01-23T03:49:55+01:00,7b316592-8036-41e2-b8dc-b06b6a9afd54,41.038285173896426,21.327864456616478,noise_dba,50
2026-01-23T03:49:55+01:00,7b316592-8036-41e2-b8dc-b06b6a9afd54,41.038285173896426,21.327864456616478,pm10,275
2026-01-23T03:49:55+01:00,7b316592-8036-41e2-b8dc-b06b6a9afd54,41.038285173896426,21.327864456616478,pm25,169
2026-01-23T03:49:55+01:00,7b316592-8036-41e2-b8dc-b06b6a9afd54,41.038285173896426,21.327864456616478,pressure,927
2026-01-23T03:49:55+01:00,7b316592-8036-41e2-b8dc-b06b6a9afd54,41.038285173896426,21.327864456616478,temperature,7
2026-01-23T04:05:27+01:00,7b316592-8036-41e2-b8dc-b06b6a9afd54,41.038285173896426,21.327864456616478,gasResistance,107690
2026-01-23T04:05:27+01:00,7b316592-8036-41e2-b8dc-b06b6a9afd54,41.038285173896426,21.327864456616478,humidity,72
2026-01-23T04:05:27+01:00,7b316592-8036-41e2-b8dc-b06b6a9afd54,41.038285173896426,21.327864456616478,noise,45
2026-01-23T04:05:27+01:00,7b316592-8036-41e2-b8dc-b06b6a9afd54,41.038285173896426,21.327864456616478,noise_dba,47
2026-01-23T04:05:27+01:00,7b316592-8036-41e2-b8dc-b06b6a9afd54,41.038285173896426,21.327864456616478,pm10,255
2026-01-23T04:05:27+01:00,7b316592-8036-41e2-b8dc-b06b6a9afd54,41.038285173896426,21.327864456616478,pm25,157
2026-01-23T04:05:27+01:00,7b316592-8036-41e2-b8dc-b06b6a9afd54,41.038285173896426,21.327864456616478,pressure,927
2026-01-23T04:05:27+01:00,7b316592-8036-41e2-b8dc-b06b6a9afd54,41.038285173896426,21.327864456616478,temperature,6
2026-01-23T04:20:58+01:00,7b316592-8036-41e2-b8dc-b06b6a9afd54,41.038285173896426,21.327864456616478,gasResistance,112126
2026-01-23T04:20:58+01:00,7b316592-8036-41e2-b8dc-b06b6a9afd54,41.038285173896426,21.327864456616478,humidity,72
2026-01-23T04:20:58+01:00,7b316592-8036-41e2-b8dc-b06b6a9afd54,41.038285173896426,21.327864456616478,noise,64
2026-01-23T04:20:58+01:00,7b316592-8036-41e2-b8dc-b06b6a9afd54,41.038285173896426,21.327864456616478,noise_dba,52
2026-01-23T04:20:58+01:00,7b316592-8036-41e2-b8dc-b06b6a9afd54,41.038285173896426,21.327864456616478,pm10,244
2026-01-23T04:20:58+01:00,7b316592-8036-41e2-b8dc-b06b6a9afd54,41.038285173896426,21.327864456616478,pm25,151
2026-01-23T04:20:58+01:00,7b316592-8036-41e2-b8dc-b06b6a9afd54,41.038285173896426,21.327864456616478,pressure,927
2026-01-23T04:20:58+01:00,7b316592-8036-41e2-b8dc-b06b6a9afd54,41.038285173896426,21.327864456616478,temperature,6
2026-01-23T04:36:38+01:00,7b316592-8036-41e2-b8dc-b06b6a9afd54,41.038285173896426,21.327864456616478,gasResistance,112650
2026-01-23T04:36:38+01:00,7b316592-8036-41e2-b8dc-b06b6a9afd54,41.038285173896426,21.327864456616478,humidity,72
2026-01-23T04:36:38+01:00,7b316592-8036-41e2-b8dc-b06b6a9afd54,41.038285173896426,21.327864456616478,noise,51
2026-01-23T04:36:38+01:00,7b316592-8036-41e2-b8dc-b06b6a9afd54,41.038285173896426,21.327864456616478,noise_dba,49
2026-01-23T04:36:38+01:00,7b316592-8036-41e2-b8dc-b06b6a9afd54,41.038285173896426,21.327864456616478,pm10,201
2026-01-23T04:36:38+01:00,7b316592-8036-41e2-b8dc-b06b6a9afd54,41.038285173896426,21.327864456616478,pm25,127
2026-01-23T04:36:38+01:00,7b316592-8036-41e2-b8dc-b06b6a9afd54,41.038285173896426,21.327864456616478,pressure,927
2026-01-23T04:36:38+01:00,7b316592-8036-41e2-b8dc-b06b6a9afd54,41.038285173896426,21.327864456616478,temperature,6
2026-01-23T04:52:09+01:00,7b316592-8036-41e2-b8dc-b06b6a9afd54,41.038285173896426,21.327864456616478,gasResistance,113943
2026-01-23T04:52:09+01:00,7b316592-8036-41e2-b8dc-b06b6a9afd54,41.038285173896426,21.327864456616478,humidity,72
2026-01-23T04:52:09+01:00,7b316592-8036-41e2-b8dc-b06b6a9afd54,41.038285173896426,21.327864456616478,noise,46
2026-01-23T04:52:09+01:00,7b316592-8036-41e2-b8dc-b06b6a9afd54,41.038285173896426,21.327864456616478,noise_dba,47
2026-01-23T04:52:09+01:00,7b316592-8036-41e2-b8dc-b06b6a9afd54,41.038285173896426,21.327864456616478,pm10,279
2026-01-23T04:52:09+01:00,7b316592-8036-41e2-b8dc-b06b6a9afd54,41.038285173896426,21.327864456616478,pm25,170
2026-01-23T04:52:09+01:00,7b316592-8036-41e2-b8dc-b06b6a9afd54,41.038285173896426,21.327864456616478,pressure,927
2026-01-23T04:52:09+01:00,7b316592-8036-41e2-b8dc-b06b6a9afd54,41.038285173896426,21.327864456616478,temperature,6
2026-01-23T05:07:41+01:00,7b316592-8036-41e2-b8dc-b06b6a9afd54,41.038285173896426,21.327864456616478,gasResistance,115582
2026-01-23T05:07:41+01:00,7b316592-8036-41e2-b8dc-b06b6a9afd54,41.038285173896426,21.327864456616478,humidity,72
2026-01-23T05:07:41+01:00,7b316592-8036-41e2-b8dc-b06b6a9afd54,41.038285173896426,21.327864456616478,noise,59
2026-01-23T05:07:41+01:00,7b316592-8036-41e2-b8dc-b06b6a9afd54,41.038285173896426,21.327864456616478,noise_dba,51
2026-01-23T05:07:41+01:00,7b316592-8036-41e2-b8dc-b06b6a9afd54,41.038285173896426,21.327864456616478,pm10,272
2026-01-23T05:07:41+01:00,7b316592-8036-41e2-b8dc-b06b6a9afd54,41.038285173896426,21.327864456616478,pm25,164
2026-01-23T05:07:41+01:00,7b316592-8036-41e2-b8dc-b06b6a9afd54,41.038285173896426,21.327864456616478,pressure,927
2026-01-23T05:07:41+01:00,7b316592-8036-41e2-b8dc-b06b6a9afd54,41.038285173896426,21.327864456616478,temperature,6
2026-01-23T05:23:13+01:00,7b316592-8036-41e2-b8dc-b06b6a9afd54,41.038285173896426,21.327864456616478,gasResistance,119511
2026-01-23T05:23:13+01:00,7b316592-8036-41e2-b8dc-b06b6a9afd54,41.038285173896426,21.327864456616478,humidity,73
2026-01-23T05:23:13+01:00,7b316592-8036-41e2-b8dc-b06b6a9afd54,41.038285173896426,21.327864456616478,noise,60
2026-01-23T05:23:13+01:00,7b316592-8036-41e2-b8dc-b06b6a9afd54,41.038285173896426,21.327864456616478,noise_dba,51
2026-01-23T05:23:13+01:00,7b316592-8036-41e2-b8dc-b06b6a9afd54,41.038285173896426,21.327864456616478,pm10,228
2026-01-23T05:23:13+01:00,7b316592-8036-41e2-b8dc-b06b6a9afd54,41.038285173896426,21.327864456616478,pm25,143
2026-01-23T05:23:13+01:00,7b316592-8036-41e2-b8dc-b06b6a9afd54,41.038285173896426,21.327864456616478,pressure,927
2026-01-23T05:23:13+01:00,7b316592-8036-41e2-b8dc-b06b6a9afd54,41.038285173896426,21.327864456616478,temperature,6
2026-01-23T05:38:44+01:00,7b316592-8036-41e2-b8dc-b06b6a9afd54,41.038285173896426,21.327864456616478,gasResistance,117596
2026-01-23T05:38:44+01:00,7b316592-8036-41e2-b8dc-b06b6a9afd54,41.038285173896426,21.327864456616478,humidity,73
2026-01-23T05:38:44+01:00,7b316592-8036-41e2-b8dc-b06b6a9afd54,41.038285173896426,21.327864456616478,noise,57
2026-01-23T05:38:44+01:00,7b316592-8036-41e2-b8dc-b06b6a9afd54,41.038285173896426,21.327864456616478,noise_dba,50
2026-01-23T05:38:44+01:00,7b316592-8036-41e2-b8dc-b06b6a9afd54,41.038285173896426,21.327864456616478,pm10,212
2026-01-23T05:38:44+01:00,7b316592-8036-41e2-b8dc-b06b6a9afd54,41.038285173896426,21.327864456616478,pm25,136
2026-01-23T05:38:44+01:00,7b316592-8036-41e2-b8dc-b06b6a9afd54,41.038285173896426,21.327864456616478,pressure,927
2026-01-23T05:38:44+01:00,7b316592-8036-41e2-b8dc-b06b6a9afd54,41.038285173896426,21.327864456616478,temperature,6
2026-01-23T05:54:16+01:00,7b316592-8036-41e2-b8dc-b06b6a9afd54,41.038285173896426,21.327864456616478,gasResistance,119258
2026-01-23T05:54:16+01:00,7b316592-8036-41e2-b8dc-b06b6a9afd54,41.038285173896426,21.327864456616478,humidity,73
2026-01-23T05:54:16+01:00,7b316592-8036-41e2-b8dc-b06b6a9afd54,41.038285173896426,21.327864456616478,noise,52
2026-01-23T05:54:16+01:00,7b316592-8036-41e2-b8dc-b06b6a9afd54,41.038285173896426,21.327864456616478,noise_dba,49
2026-01-23T05:54:16+01:00,7b316592-8036-41e2-b8dc-b06b6a9afd54,41.038285173896426,21.327864456616478,pm10,180
2026-01-23T05:54:16+01:00,7b316592-8036-41e2-b8dc-b06b6a9afd54,41.038285173896426,21.327864456616478,pm25,116
2026-01-23T05:54:16+01:00,7b316592-8036-41e2-b8dc-b06b6a9afd54,41.038285173896426,21.327864456616478,pressure,927
2026-01-23T05:54:16+01:00,7b316592-8036-41e2-b8dc-b06b6a9afd54,41.038285173896426,21.327864456616478,temperature,6
2026-01-23T06:09:47+01:00,7b316592-8036-41e2-b8dc-b06b6a9afd54,41.038285173896426,21.327864456616478,gasResistance,119851
2026-01-23T06:09:47+01:00,7b316592-8036-41e2-b8dc-b06b6a9afd54,41.038285173896426,21.327864456616478,humidity,73
2026-01-23T06:09:47+01:00,7b316592-8036-41e2-b8dc-b06b6a9afd54,41.038285173896426,21.327864456616478,noise,49
2026-01-23T06:09:47+01:00,7b316592-8036-41e2-b8dc-b06b6a9afd54,41.038285173896426,21.327864456616478,noise_dba,48
2026-01-23T06:09:47+01:00,7b316592-8036-41e2-b8dc-b06b6a9afd54,41.038285173896426,21.327864456616478,pm10,117
2026-01-23T06:09:47+01:00,7b316592-8036-41e2-b8dc-b06b6a9afd54,41.038285173896426,21.327864456616478,pm25,75
2026-01-23T06:09:47+01:00,7b316592-8036-41e2-b8dc-b06b6a9afd54,41.038285173896426,21.327864456616478,pressure,927
2026-01-23T06:09:47+01:00,7b316592-8036-41e2-b8dc-b06b6a9afd54,41.038285173896426,21.327864456616478,temperature,6
2026-01-23T06:25:19+01:00,7b316592-8036-41e2-b8dc-b06b6a9afd54,41.038285173896426,21.327864456616478,gasResistance,119851
2026-01-23T06:25:19+01:00,7b316592-8036-41e2-b8dc-b06b6a9afd54,41.038285173896426,21.327864456616478,humidity,73
2026-01-23T06:25:19+01:00,7b316592-8036-41e2-b8dc-b06b6a9afd54,41.038285173896426,21.327864456616478,noise,53
2026-01-23T06:25:19+01:00,7b316592-8036-41e2-b8dc-b06b6a9afd54,41.038285173896426,21.327864456616478,noise_dba,49
2026-01-23T06:25:19+01:00,7b316592-8036-41e2-b8dc-b06b6a9afd54,41.038285173896426,21.327864456616478,pm10,99
2026-01-23T06:25:19+01:00,7b316592-8036-41e2-b8dc-b06b6a9afd54,41.038285173896426,21.327864456616478,pm25,66
2026-01-23T06:25:19+01:00,7b316592-8036-41e2-b8dc-b06b6a9afd54,41.038285173896426,21.327864456616478,pressure,927
2026-01-23T06:25:19+01:00,7b316592-8036-41e2-b8dc-b06b6a9afd54,41.038285173896426,21.327864456616478,temperature,6
2026-01-23T06:40:50+01:00,7b316592-8036-41e2-b8dc-b06b6a9afd54,41.038285173896426,21.327864456616478,gasResistance,120881
2026-01-23T06:40:50+01:00,7b316592-8036-41e2-b8dc-b06b6a9afd54,41.038285173896426,21.327864456616478,humidity,73
2026-01-23T06:40:50+01:00,7b316592-8036-41e2-b8dc-b06b6a9afd54,41.038285173896426,21.327864456616478,noise,52
2026-01-23T06:40:50+01:00,7b316592-8036-41e2-b8dc-b06b6a9afd54,41.038285173896426,21.327864456616478,noise_dba,49
2026-01-23T06:40:50+01:00,7b316592-8036-41e2-b8dc-b06b6a9afd54,41.038285173896426,21.327864456616478,pm10,151
2026-01-23T06:40:50+01:00,7b316592-8036-41e2-b8dc-b06b6a9afd54,41.038285173896426,21.327864456616478,pm25,94
2026-01-23T06:40:50+01:00,7b316592-8036-41e2-b8dc-b06b6a9afd54,41.038285173896426,21.327864456616478,pressure,927
2026-01-23T06:40:50+01:00,7b316592-8036-41e2-b8dc-b06b6a9afd54,41.038285173896426,21.327864456616478,temperature,6
2026-01-23T06:56:22+01:00,7b316592-8036-41e2-b8dc-b06b6a9afd54,41.038285173896426,21.327864456616478,gasResistance,121929
2026-01-23T06:56:22+01:00,7b316592-8036-41e2-b8dc-b06b6a9afd54,41.038285173896426,21.327864456616478,humidity,73
2026-01-23T06:56:22+01:00,7b316592-8036-41e2-b8dc-b06b6a9afd54,41.038285173896426,21.327864456616478,noise,64
2026-01-23T06:56:22+01:00,7b316592-8036-41e2-b8dc-b06b6a9afd54,41.038285173896426,21.327864456616478,noise_dba,52
2026-01-23T06:56:22+01:00,7b316592-8036-41e2-b8dc-b06b6a9afd54,41.038285173896426,21.327864456616478,pm10,182
2026-01-23T06:56:22+01:00,7b316592-8036-41e2-b8dc-b06b6a9afd54,41.038285173896426,21.327864456616478,pm25,111
2026-01-23T06:56:22+01:00,7b316592-8036-41e2-b8dc-b06b6a9afd54,41.038285173896426,21.327864456616478,pressure,928
2026-01-23T06:56:22+01:00,7b316592-8036-41e2-b8dc-b06b6a9afd54,41.038285173896426,21.327864456616478,temperature,6
2026-01-23T07:11:53+01:00,7b316592-8036-41e2-b8dc-b06b6a9afd54,41.038285173896426,21.327864456616478,gasResistance,122371
2026-01-23T07:11:53+01:00,7b316592-8036-41e2-b8dc-b06b6a9afd54,41.038285173896426,21.327864456616478,humidity,73
2026-01-23T07:11:53+01:00,7b316592-8036-41e2-b8dc-b06b6a9afd54,41.038285173896426,21.327864456616478,noise,52
2026-01-23T07:11:53+01:00,7b316592-8036-41e2-b8dc-b06b6a9afd54,41.038285173896426,21.327864456616478,noise_dba,49
2026-01-23T07:11:53+01:00,7b316592-8036-41e2-b8dc-b06b6a9afd54,41.038285173896426,21.327864456616478,pm10,233
2026-01-23T07:11:53+01:00,7b316592-8036-41e2-b8dc-b06b6a9afd54,41.038285173896426,21.327864456616478,pm25,140
2026-01-23T07:11:53+01:00,7b316592-8036-41e2-b8dc-b06b6a9afd54,41.038285173896426,21.327864456616478,pressure,928
2026-01-23T07:11:53+01:00,7b316592-8036-41e2-b8dc-b06b6a9afd54,41.038285173896426,21.327864456616478,temperature,6
2026-01-23T07:43:16+01:00,7b316592-8036-41e2-b8dc-b06b6a9afd54,41.038285173896426,21.327864456616478,gasResistance,0
2026-01-23T07:43:16+01:00,7b316592-8036-41e2-b8dc-b06b6a9afd54,41.038285173896426,21.327864456616478,humidity,75
2026-01-23T07:43:16+01:00,7b316592-8036-41e2-b8dc-b06b6a9afd54,41.038285173896426,21.327864456616478,noise,117
2026-01-23T07:43:16+01:00,7b316592-8036-41e2-b8dc-b06b6a9afd54,41.038285173896426,21.327864456616478,noise_dba,62
2026-01-23T07:43:16+01:00,7b316592-8036-41e2-b8dc-b06b6a9afd54,41.038285173896426,21.327864456616478,pm10,201
2026-01-23T07:43:16+01:00,7b316592-8036-41e2-b8dc-b06b6a9afd54,41.038285173896426,21.327864456616478,pm25,153
2026-01-23T07:43:16+01:00,7b316592-8036-41e2-b8dc-b06b6a9afd54,41.038285173896426,21.327864456616478,pressure,928
2026-01-23T07:43:16+01:00,7b316592-8036-41e2-b8dc-b06b6a9afd54,41.038285173896426,21.327864456616478,temperature,6
2026-01-23T07:58:47+01:00,7b316592-8036-41e2-b8dc-b06b6a9afd54,41.038285173896426,21.327864456616478,gasResistance,101779
2026-01-23T07:58:47+01:00,7b316592-8036-41e2-b8dc-b06b6a9afd54,41.038285173896426,21.327864456616478,humidity,73
2026-01-23T07:58:47+01:00,7b316592-8036-41e2-b8dc-b06b6a9afd54,41.038285173896426,21.327864456616478,noise,52
2026-01-23T07:58:47+01:00,7b316592-8036-41e2-b8dc-b06b6a9afd54,41.038285173896426,21.327864456616478,noise_dba,49
2026-01-23T07:58:47+01:00,7b316592-8036-41e2-b8dc-b06b6a9afd54,41.038285173896426,21.327864456616478,pm10,227
2026-01-23T07:58:47+01:00,7b316592-8036-41e2-b8dc-b06b6a9afd54,41.038285173896426,21.327864456616478,pm25,140
2026-01-23T07:58:47+01:00,7b316592-8036-41e2-b8dc-b06b6a9afd54,41.038285173896426,21.327864456616478,pressure,928
2026-01-23T07:58:47+01:00,7b316592-8036-41e2-b8dc-b06b6a9afd54,41.038285173896426,21.327864456616478,temperature,6
2026-01-23T08:14:19+01:00,7b316592-8036-41e2-b8dc-b06b6a9afd54,41.038285173896426,21.327864456616478,gasResistance,107827
2026-01-23T08:14:19+01:00,7b316592-8036-41e2-b8dc-b06b6a9afd54,41.038285173896426,21.327864456616478,humidity,73
2026-01-23T08:14:19+01:00,7b316592-8036-41e2-b8dc-b06b6a9afd54,41.038285173896426,21.327864456616478,noise,47
2026-01-23T08:14:19+01:00,7b316592-8036-41e2-b8dc-b06b6a9afd54,41.038285173896426,21.327864456616478,noise_dba,47
2026-01-23T08:14:19+01:00,7b316592-8036-41e2-b8dc-b06b6a9afd54,41.038285173896426,21.327864456616478,pm10,243
2026-01-23T08:14:19+01:00,7b316592-8036-41e2-b8dc-b06b6a9afd54,41.038285173896426,21.327864456616478,pm25,149
2026-01-23T08:14:19+01:00,7b316592-8036-41e2-b8dc-b06b6a9afd54,41.038285173896426,21.327864456616478,pressure,928
2026-01-23T08:14:19+01:00,7b316592-8036-41e2-b8dc-b06b6a9afd54,41.038285173896426,21.327864456616478,temperature,6
2026-01-23T08:29:50+01:00,7b316592-8036-41e2-b8dc-b06b6a9afd54,41.038285173896426,21.327864456616478,gasResistance,111460
2026-01-23T08:29:50+01:00,7b316592-8036-41e2-b8dc-b06b6a9afd54,41.038285173896426,21.327864456616478,humidity,73
2026-01-23T08:29:50+01:00,7b316592-8036-41e2-b8dc-b06b6a9afd54,41.038285173896426,21.327864456616478,noise,50
2026-01-23T08:29:50+01:00,7b316592-8036-41e2-b8dc-b06b6a9afd54,41.038285173896426,21.327864456616478,noise_dba,48
2026-01-23T08:29:50+01:00,7b316592-8036-41e2-b8dc-b06b6a9afd54,41.038285173896426,21.327864456616478,pm10,401
2026-01-23T08:29:50+01:00,7b316592-8036-41e2-b8dc-b06b6a9afd54,41.038285173896426,21.327864456616478,pm25,229
2026-01-23T08:29:50+01:00,7b316592-8036-41e2-b8dc-b06b6a9afd54,41.038285173896426,21.327864456616478,pressure,928
2026-01-23T08:29:50+01:00,7b316592-8036-41e2-b8dc-b06b6a9afd54,41.038285173896426,21.327864456616478,temperature,6
2026-01-23T08:45:22+01:00,7b316592-8036-41e2-b8dc-b06b6a9afd54,41.038285173896426,21.327864456616478,gasResistance,115503
2026-01-23T08:45:22+01:00,7b316592-8036-41e2-b8dc-b06b6a9afd54,41.038285173896426,21.327864456616478,humidity,76
2026-01-23T08:45:22+01:00,7b316592-8036-41e2-b8dc-b06b6a9afd54,41.038285173896426,21.327864456616478,noise,55
2026-01-23T08:45:22+01:00,7b316592-8036-41e2-b8dc-b06b6a9afd54,41.038285173896426,21.327864456616478,noise_dba,50
2026-01-23T08:45:22+01:00,7b316592-8036-41e2-b8dc-b06b6a9afd54,41.038285173896426,21.327864456616478,pm10,442
2026-01-23T08:45:22+01:00,7b316592-8036-41e2-b8dc-b06b6a9afd54,41.038285173896426,21.327864456616478,pm25,262
2026-01-23T08:45:22+01:00,7b316592-8036-41e2-b8dc-b06b6a9afd54,41.038285173896426,21.327864456616478,pressure,928
2026-01-23T08:45:22+01:00,7b316592-8036-41e2-b8dc-b06b6a9afd54,41.038285173896426,21.327864456616478,temperature,6
2026-01-23T09:00:53+01:00,7b316592-8036-41e2-b8dc-b06b6a9afd54,41.038285173896426,21.327864456616478,gasResistance,119258
2026-01-23T09:00:53+01:00,7b316592-8036-41e2-b8dc-b06b6a9afd54,41.038285173896426,21.327864456616478,humidity,77
2026-01-23T09:00:53+01:00,7b316592-8036-41e2-b8dc-b06b6a9afd54,41.038285173896426,21.327864456616478,noise,54
2026-01-23T09:00:53+01:00,7b316592-8036-41e2-b8dc-b06b6a9afd54,41.038285173896426,21.327864456616478,noise_dba,50
2026-01-23T09:00:53+01:00,7b316592-8036-41e2-b8dc-b06b6a9afd54,41.038285173896426,21.327864456616478,pm10,168
2026-01-23T09:00:53+01:00,7b316592-8036-41e2-b8dc-b06b6a9afd54,41.038285173896426,21.327864456616478,pm25,110
2026-01-23T09:00:53+01:00,7b316592-8036-41e2-b8dc-b06b6a9afd54,41.038285173896426,21.327864456616478,pressure,929
2026-01-23T09:00:53+01:00,7b316592-8036-41e2-b8dc-b06b6a9afd54,41.038285173896426,21.327864456616478,temperature,5
2026-01-23T09:16:29+01:00,7b316592-8036-41e2-b8dc-b06b6a9afd54,41.038285173896426,21.327864456616478,gasResistance,122996
2026-01-23T09:16:29+01:00,7b316592-8036-41e2-b8dc-b06b6a9afd54,41.038285173896426,21.327864456616478,humidity,76
2026-01-23T09:16:29+01:00,7b316592-8036-41e2-b8dc-b06b6a9afd54,41.038285173896426,21.327864456616478,noise,60
2026-01-23T09:16:29+01:00,7b316592-8036-41e2-b8dc-b06b6a9afd54,41.038285173896426,21.327864456616478,noise_dba,51
2026-01-23T09:16:29+01:00,7b316592-8036-41e2-b8dc-b06b6a9afd54,41.038285173896426,21.327864456616478,pm10,144
2026-01-23T09:16:29+01:00,7b316592-8036-41e2-b8dc-b06b6a9afd54,41.038285173896426,21.327864456616478,pm25,96
2026-01-23T09:16:29+01:00,7b316592-8036-41e2-b8dc-b06b6a9afd54,41.038285173896426,21.327864456616478,pressure,929
2026-01-23T09:16:29+01:00,7b316592-8036-41e2-b8dc-b06b6a9afd54,41.038285173896426,21.327864456616478,temperature,5
2026-01-23T09:32:01+01:00,7b316592-8036-41e2-b8dc-b06b6a9afd54,41.038285173896426,21.327864456616478,gasResistance,125371
2026-01-23T09:32:01+01:00,7b316592-8036-41e2-b8dc-b06b6a9afd54,41.038285173896426,21.327864456616478,humidity,75
2026-01-23T09:32:01+01:00,7b316592-8036-41e2-b8dc-b06b6a9afd54,41.038285173896426,21.327864456616478,noise,50
2026-01-23T09:32:01+01:00,7b316592-8036-41e2-b8dc-b06b6a9afd54,41.038285173896426,21.327864456616478,noise_dba,48
2026-01-23T09:32:01+01:00,7b316592-8036-41e2-b8dc-b06b6a9afd54,41.038285173896426,21.327864456616478,pm10,139
2026-01-23T09:32:01+01:00,7b316592-8036-41e2-b8dc-b06b6a9afd54,41.038285173896426,21.327864456616478,pm25,95
2026-01-23T09:32:01+01:00,7b316592-8036-41e2-b8dc-b06b6a9afd54,41.038285173896426,21.327864456616478,pressure,929
2026-01-23T09:32:01+01:00,7b316592-8036-41e2-b8dc-b06b6a9afd54,41.038285173896426,21.327864456616478,temperature,5
2026-01-23T09:47:32+01:00,7b316592-8036-41e2-b8dc-b06b6a9afd54,41.038285173896426,21.327864456616478,gasResistance,129808
2026-01-23T09:47:32+01:00,7b316592-8036-41e2-b8dc-b06b6a9afd54,41.038285173896426,21.327864456616478,humidity,74
2026-01-23T09:47:32+01:00,7b316592-8036-41e2-b8dc-b06b6a9afd54,41.038285173896426,21.327864456616478,noise,47
2026-01-23T09:47:32+01:00,7b316592-8036-41e2-b8dc-b06b6a9afd54,41.038285173896426,21.327864456616478,noise_dba,47
2026-01-23T09:47:32+01:00,7b316592-8036-41e2-b8dc-b06b6a9afd54,41.038285173896426,21.327864456616478,pm10,105
2026-01-23T09:47:32+01:00,7b316592-8036-41e2-b8dc-b06b6a9afd54,41.038285173896426,21.327864456616478,pm25,73
2026-01-23T09:47:32+01:00,7b316592-8036-41e2-b8dc-b06b6a9afd54,41.038285173896426,21.327864456616478,pressure,929
2026-01-23T09:47:32+01:00,7b316592-8036-41e2-b8dc-b06b6a9afd54,41.038285173896426,21.327864456616478,temperature,5
2026-01-23T10:03:04+01:00,7b316592-8036-41e2-b8dc-b06b6a9afd54,41.038285173896426,21.327864456616478,gasResistance,127648
2026-01-23T10:03:04+01:00,7b316592-8036-41e2-b8dc-b06b6a9afd54,41.038285173896426,21.327864456616478,humidity,73
2026-01-23T10:03:04+01:00,7b316592-8036-41e2-b8dc-b06b6a9afd54,41.038285173896426,21.327864456616478,noise,65
2026-01-23T10:03:04+01:00,7b316592-8036-41e2-b8dc-b06b6a9afd54,41.038285173896426,21.327864456616478,noise_dba,53
2026-01-23T10:03:04+01:00,7b316592-8036-41e2-b8dc-b06b6a9afd54,41.038285173896426,21.327864456616478,pm10,86
2026-01-23T10:03:04+01:00,7b316592-8036-41e2-b8dc-b06b6a9afd54,41.038285173896426,21.327864456616478,pm25,57
2026-01-23T10:03:04+01:00,7b316592-8036-41e2-b8dc-b06b6a9afd54,41.038285173896426,21.327864456616478,pressure,929
2026-01-23T10:03:04+01:00,7b316592-8036-41e2-b8dc-b06b6a9afd54,41.038285173896426,21.327864456616478,temperature,6
2026-01-23T10:18:35+01:00,7b316592-8036-41e2-b8dc-b06b6a9afd54,41.038285173896426,21.327864456616478,gasResistance,128817
2026-01-23T10:18:35+01:00,7b316592-8036-41e2-b8dc-b06b6a9afd54,41.038285173896426,21.327864456616478,humidity,72
2026-01-23T10:18:35+01:00,7b316592-8036-41e2-b8dc-b06b6a9afd54,41.038285173896426,21.327864456616478,noise,68
2026-01-23T10:18:35+01:00,7b316592-8036-41e2-b8dc-b06b6a9afd54,41.038285173896426,21.327864456616478,noise_dba,53
2026-01-23T10:18:35+01:00,7b316592-8036-41e2-b8dc-b06b6a9afd54,41.038285173896426,21.327864456616478,pm10,57
2026-01-23T10:18:35+01:00,7b316592-8036-41e2-b8dc-b06b6a9afd54,41.038285173896426,21.327864456616478,pm25,41
2026-01-23T10:18:35+01:00,7b316592-8036-41e2-b8dc-b06b6a9afd54,41.038285173896426,21.327864456616478,pressure,929
2026-01-23T10:18:35+01:00,7b316592-8036-41e2-b8dc-b06b6a9afd54,41.038285173896426,21.327864456616478,temperature,6
2026-01-23T10:34:06+01:00,7b316592-8036-41e2-b8dc-b06b6a9afd54,41.038285173896426,21.327864456616478,gasResistance,127262
2026-01-23T10:34:06+01:00,7b316592-8036-41e2-b8dc-b06b6a9afd54,41.038285173896426,21.327864456616478,humidity,72
2026-01-23T10:34:06+01:00,7b316592-8036-41e2-b8dc-b06b6a9afd54,41.038285173896426,21.327864456616478,noise,59
2026-01-23T10:34:06+01:00,7b316592-8036-41e2-b8dc-b06b6a9afd54,41.038285173896426,21.327864456616478,noise_dba,51
2026-01-23T10:34:06+01:00,7b316592-8036-41e2-b8dc-b06b6a9afd54,41.038285173896426,21.327864456616478,pm10,55
2026-01-23T10:34:06+01:00,7b316592-8036-41e2-b8dc-b06b6a9afd54,41.038285173896426,21.327864456616478,pm25,43
2026-01-23T10:34:06+01:00,7b316592-8036-41e2-b8dc-b06b6a9afd54,41.038285173896426,21.327864456616478,pressure,929
2026-01-23T10:34:06+01:00,7b316592-8036-41e2-b8dc-b06b6a9afd54,41.038285173896426,21.327864456616478,temperature,6
2026-01-23T11:05:30+01:00,7b316592-8036-41e2-b8dc-b06b6a9afd54,41.038285173896426,21.327864456616478,gasResistance,0
2026-01-23T11:05:30+01:00,7b316592-8036-41e2-b8dc-b06b6a9afd54,41.038285173896426,21.327864456616478,humidity,72
2026-01-23T11:05:30+01:00,7b316592-8036-41e2-b8dc-b06b6a9afd54,41.038285173896426,21.327864456616478,noise,104
2026-01-23T11:05:30+01:00,7b316592-8036-41e2-b8dc-b06b6a9afd54,41.038285173896426,21.327864456616478,noise_dba,60
2026-01-23T11:05:30+01:00,7b316592-8036-41e2-b8dc-b06b6a9afd54,41.038285173896426,21.327864456616478,pm10,42
2026-01-23T11:05:30+01:00,7b316592-8036-41e2-b8dc-b06b6a9afd54,41.038285173896426,21.327864456616478,pm25,37
2026-01-23T11:05:30+01:00,7b316592-8036-41e2-b8dc-b06b6a9afd54,41.038285173896426,21.327864456616478,pressure,929
2026-01-23T11:05:30+01:00,7b316592-8036-41e2-b8dc-b06b6a9afd54,41.038285173896426,21.327864456616478,temperature,7
2026-01-23T11:21:01+01:00,7b316592-8036-41e2-b8dc-b06b6a9afd54,41.038285173896426,21.327864456616478,gasResistance,105866
2026-01-23T11:21:01+01:00,7b316592-8036-41e2-b8dc-b06b6a9afd54,41.038285173896426,21.327864456616478,humidity,71
2026-01-23T11:21:01+01:00,7b316592-8036-41e2-b8dc-b06b6a9afd54,41.038285173896426,21.327864456616478,noise,47
2026-01-23T11:21:01+01:00,7b316592-8036-41e2-b8dc-b06b6a9afd54,41.038285173896426,21.327864456616478,noise_dba,47
2026-01-23T11:21:01+01:00,7b316592-8036-41e2-b8dc-b06b6a9afd54,41.038285173896426,21.327864456616478,pm10,62
2026-01-23T11:21:01+01:00,7b316592-8036-41e2-b8dc-b06b6a9afd54,41.038285173896426,21.327864456616478,pm25,43
2026-01-23T11:21:01+01:00,7b316592-8036-41e2-b8dc-b06b6a9afd54,41.038285173896426,21.327864456616478,pressure,929
2026-01-23T11:21:01+01:00,7b316592-8036-41e2-b8dc-b06b6a9afd54,41.038285173896426,21.327864456616478,temperature,7
2026-01-23T11:36:33+01:00,7b316592-8036-41e2-b8dc-b06b6a9afd54,41.038285173896426,21.327864456616478,gasResistance,113560
2026-01-23T11:36:33+01:00,7b316592-8036-41e2-b8dc-b06b6a9afd54,41.038285173896426,21.327864456616478,humidity,71
2026-01-23T11:36:33+01:00,7b316592-8036-41e2-b8dc-b06b6a9afd54,41.038285173896426,21.327864456616478,noise,52
2026-01-23T11:36:33+01:00,7b316592-8036-41e2-b8dc-b06b6a9afd54,41.038285173896426,21.327864456616478,noise_dba,49
2026-01-23T11:36:33+01:00,7b316592-8036-41e2-b8dc-b06b6a9afd54,41.038285173896426,21.327864456616478,pm10,33
2026-01-23T11:36:33+01:00,7b316592-8036-41e2-b8dc-b06b6a9afd54,41.038285173896426,21.327864456616478,pm25,23
2026-01-23T11:36:33+01:00,7b316592-8036-41e2-b8dc-b06b6a9afd54,41.038285173896426,21.327864456616478,pressure,929
2026-01-23T11:36:33+01:00,7b316592-8036-41e2-b8dc-b06b6a9afd54,41.038285173896426,21.327864456616478,temperature,7
2026-01-23T11:52:05+01:00,7b316592-8036-41e2-b8dc-b06b6a9afd54,41.038285173896426,21.327864456616478,gasResistance,117514
2026-01-23T11:52:05+01:00,7b316592-8036-41e2-b8dc-b06b6a9afd54,41.038285173896426,21.327864456616478,humidity,71
2026-01-23T11:52:05+01:00,7b316592-8036-41e2-b8dc-b06b6a9afd54,41.038285173896426,21.327864456616478,noise,57
2026-01-23T11:52:05+01:00,7b316592-8036-41e2-b8dc-b06b6a9afd54,41.038285173896426,21.327864456616478,noise_dba,50
2026-01-23T11:52:05+01:00,7b316592-8036-41e2-b8dc-b06b6a9afd54,41.038285173896426,21.327864456616478,pm10,37
2026-01-23T11:52:05+01:00,7b316592-8036-41e2-b8dc-b06b6a9afd54,41.038285173896426,21.327864456616478,pm25,26
2026-01-23T11:52:05+01:00,7b316592-8036-41e2-b8dc-b06b6a9afd54,41.038285173896426,21.327864456616478,pressure,929
2026-01-23T11:52:05+01:00,7b316592-8036-41e2-b8dc-b06b6a9afd54,41.038285173896426,21.327864456616478,temperature,7
2026-01-23T12:07:37+01:00,7b316592-8036-41e2-b8dc-b06b6a9afd54,41.038285173896426,21.327864456616478,gasResistance,118172
2026-01-23T12:07:37+01:00,7b316592-8036-41e2-b8dc-b06b6a9afd54,41.038285173896426,21.327864456616478,humidity,71
2026-01-23T12:07:37+01:00,7b316592-8036-41e2-b8dc-b06b6a9afd54,41.038285173896426,21.327864456616478,noise,59
2026-01-23T12:07:37+01:00,7b316592-8036-41e2-b8dc-b06b6a9afd54,41.038285173896426,21.327864456616478,noise_dba,51
2026-01-23T12:07:37+01:00,7b316592-8036-41e2-b8dc-b06b6a9afd54,41.038285173896426,21.327864456616478,pm10,40
2026-01-23T12:07:37+01:00,7b316592-8036-41e2-b8dc-b06b6a9afd54,41.038285173896426,21.327864456616478,pm25,30
2026-01-23T12:07:37+01:00,7b316592-8036-41e2-b8dc-b06b6a9afd54,41.038285173896426,21.327864456616478,pressure,929
2026-01-23T12:07:37+01:00,7b316592-8036-41e2-b8dc-b06b6a9afd54,41.038285173896426,21.327864456616478,temperature,7
2026-01-23T12:23:08+01:00,7b316592-8036-41e2-b8dc-b06b6a9afd54,41.038285173896426,21.327864456616478,gasResistance,121490
2026-01-23T12:23:08+01:00,7b316592-8036-41e2-b8dc-b06b6a9afd54,41.038285173896426,21.327864456616478,humidity,72
2026-01-23T12:23:08+01:00,7b316592-8036-41e2-b8dc-b06b6a9afd54,41.038285173896426,21.327864456616478,noise,64
2026-01-23T12:23:08+01:00,7b316592-8036-41e2-b8dc-b06b6a9afd54,41.038285173896426,21.327864456616478,noise_dba,52
2026-01-23T12:23:08+01:00,7b316592-8036-41e2-b8dc-b06b6a9afd54,41.038285173896426,21.327864456616478,pm10,43
2026-01-23T12:23:08+01:00,7b316592-8036-41e2-b8dc-b06b6a9afd54,41.038285173896426,21.327864456616478,pm25,30
2026-01-23T12:23:08+01:00,7b316592-8036-41e2-b8dc-b06b6a9afd54,41.038285173896426,21.327864456616478,pressure,929
2026-01-23T12:23:08+01:00,7b316592-8036-41e2-b8dc-b06b6a9afd54,41.038285173896426,21.327864456616478,temperature,7
2026-01-23T12:38:40+01:00,7b316592-8036-41e2-b8dc-b06b6a9afd54,41.038285173896426,21.327864456616478,gasResistance,120536
2026-01-23T12:38:40+01:00,7b316592-8036-41e2-b8dc-b06b6a9afd54,41.038285173896426,21.327864456616478,humidity,71
2026-01-23T12:38:40+01:00,7b316592-8036-41e2-b8dc-b06b6a9afd54,41.038285173896426,21.327864456616478,noise,52
2026-01-23T12:38:40+01:00,7b316592-8036-41e2-b8dc-b06b6a9afd54,41.038285173896426,21.327864456616478,noise_dba,49
2026-01-23T12:38:40+01:00,7b316592-8036-41e2-b8dc-b06b6a9afd54,41.038285173896426,21.327864456616478,pm10,73
2026-01-23T12:38:40+01:00,7b316592-8036-41e2-b8dc-b06b6a9afd54,41.038285173896426,21.327864456616478,pm25,44
2026-01-23T12:38:40+01:00,7b316592-8036-41e2-b8dc-b06b6a9afd54,41.038285173896426,21.327864456616478,pressure,929
2026-01-23T12:38:40+01:00,7b316592-8036-41e2-b8dc-b06b6a9afd54,41.038285173896426,21.327864456616478,temperature,7
2026-01-23T12:54:13+01:00,7b316592-8036-41e2-b8dc-b06b6a9afd54,41.038285173896426,21.327864456616478,gasResistance,119851
2026-01-23T12:54:13+01:00,7b316592-8036-41e2-b8dc-b06b6a9afd54,41.038285173896426,21.327864456616478,humidity,71
2026-01-23T12:54:13+01:00,7b316592-8036-41e2-b8dc-b06b6a9afd54,41.038285173896426,21.327864456616478,noise,66
2026-01-23T12:54:13+01:00,7b316592-8036-41e2-b8dc-b06b6a9afd54,41.038285173896426,21.327864456616478,noise_dba,53
2026-01-23T12:54:13+01:00,7b316592-8036-41e2-b8dc-b06b6a9afd54,41.038285173896426,21.327864456616478,pm10,51
2026-01-23T12:54:13+01:00,7b316592-8036-41e2-b8dc-b06b6a9afd54,41.038285173896426,21.327864456616478,pm25,33
2026-01-23T12:54:13+01:00,7b316592-8036-41e2-b8dc-b06b6a9afd54,41.038285173896426,21.327864456616478,pressure,929
2026-01-23T12:54:13+01:00,7b316592-8036-41e2-b8dc-b06b6a9afd54,41.038285173896426,21.327864456616478,temperature,7
2026-01-23T13:09:45+01:00,7b316592-8036-41e2-b8dc-b06b6a9afd54,41.038285173896426,21.327864456616478,gasResistance,122106
2026-01-23T13:09:45+01:00,7b316592-8036-41e2-b8dc-b06b6a9afd54,41.038285173896426,21.327864456616478,humidity,71
2026-01-23T13:09:45+01:00,7b316592-8036-41e2-b8dc-b06b6a9afd54,41.038285173896426,21.327864456616478,noise,69
2026-01-23T13:09:45+01:00,7b316592-8036-41e2-b8dc-b06b6a9afd54,41.038285173896426,21.327864456616478,noise_dba,53
2026-01-23T13:09:45+01:00,7b316592-8036-41e2-b8dc-b06b6a9afd54,41.038285173896426,21.327864456616478,pm10,44
2026-01-23T13:09:45+01:00,7b316592-8036-41e2-b8dc-b06b6a9afd54,41.038285173896426,21.327864456616478,pm25,32
2026-01-23T13:09:45+01:00,7b316592-8036-41e2-b8dc-b06b6a9afd54,41.038285173896426,21.327864456616478,pressure,929
2026-01-23T13:09:45+01:00,7b316592-8036-41e2-b8dc-b06b6a9afd54,41.038285173896426,21.327864456616478,temperature,7
2026-01-23T13:25:16+01:00,7b316592-8036-41e2-b8dc-b06b6a9afd54,41.038285173896426,21.327864456616478,gasResistance,121753
2026-01-23T13:25:16+01:00,7b316592-8036-41e2-b8dc-b06b6a9afd54,41.038285173896426,21.327864456616478,humidity,71
2026-01-23T13:25:16+01:00,7b316592-8036-41e2-b8dc-b06b6a9afd54,41.038285173896426,21.327864456616478,noise,49
2026-01-23T13:25:16+01:00,7b316592-8036-41e2-b8dc-b06b6a9afd54,41.038285173896426,21.327864456616478,noise_dba,48
2026-01-23T13:25:16+01:00,7b316592-8036-41e2-b8dc-b06b6a9afd54,41.038285173896426,21.327864456616478,pm10,78
2026-01-23T13:25:16+01:00,7b316592-8036-41e2-b8dc-b06b6a9afd54,41.038285173896426,21.327864456616478,pm25,51
2026-01-23T13:25:16+01:00,7b316592-8036-41e2-b8dc-b06b6a9afd54,41.038285173896426,21.327864456616478,pressure,929
2026-01-23T13:25:16+01:00,7b316592-8036-41e2-b8dc-b06b6a9afd54,41.038285173896426,21.327864456616478,temperature,7
2026-01-23T13:40:48+01:00,7b316592-8036-41e2-b8dc-b06b6a9afd54,41.038285173896426,21.327864456616478,gasResistance,124172
2026-01-23T13:40:48+01:00,7b316592-8036-41e2-b8dc-b06b6a9afd54,41.038285173896426,21.327864456616478,humidity,72
2026-01-23T13:40:48+01:00,7b316592-8036-41e2-b8dc-b06b6a9afd54,41.038285173896426,21.327864456616478,noise,55
2026-01-23T13:40:48+01:00,7b316592-8036-41e2-b8dc-b06b6a9afd54,41.038285173896426,21.327864456616478,noise_dba,50
2026-01-23T13:40:48+01:00,7b316592-8036-41e2-b8dc-b06b6a9afd54,41.038285173896426,21.327864456616478,pm10,33
2026-01-23T13:40:48+01:00,7b316592-8036-41e2-b8dc-b06b6a9afd54,41.038285173896426,21.327864456616478,pm25,25
2026-01-23T13:40:48+01:00,7b316592-8036-41e2-b8dc-b06b6a9afd54,41.038285173896426,21.327864456616478,pressure,929
2026-01-23T13:40:48+01:00,7b316592-8036-41e2-b8dc-b06b6a9afd54,41.038285173896426,21.327864456616478,temperature,7
2026-01-23T13:56:19+01:00,7b316592-8036-41e2-b8dc-b06b6a9afd54,41.038285173896426,21.327864456616478,gasResistance,120968
2026-01-23T13:56:19+01:00,7b316592-8036-41e2-b8dc-b06b6a9afd54,41.038285173896426,21.327864456616478,humidity,71
2026-01-23T13:56:19+01:00,7b316592-8036-41e2-b8dc-b06b6a9afd54,41.038285173896426,21.327864456616478,noise,68
2026-01-23T13:56:19+01:00,7b316592-8036-41e2-b8dc-b06b6a9afd54,41.038285173896426,21.327864456616478,noise_dba,53
2026-01-23T13:56:19+01:00,7b316592-8036-41e2-b8dc-b06b6a9afd54,41.038285173896426,21.327864456616478,pm10,39
2026-01-23T13:56:19+01:00,7b316592-8036-41e2-b8dc-b06b6a9afd54,41.038285173896426,21.327864456616478,pm25,28
2026-01-23T13:56:19+01:00,7b316592-8036-41e2-b8dc-b06b6a9afd54,41.038285173896426,21.327864456616478,pressure,929
2026-01-23T13:56:19+01:00,7b316592-8036-41e2-b8dc-b06b6a9afd54,41.038285173896426,21.327864456616478,temperature,7
2026-01-23T14:11:51+01:00,7b316592-8036-41e2-b8dc-b06b6a9afd54,41.038285173896426,21.327864456616478,gasResistance,120968
2026-01-23T14:11:51+01:00,7b316592-8036-41e2-b8dc-b06b6a9afd54,41.038285173896426,21.327864456616478,humidity,72
2026-01-23T14:11:51+01:00,7b316592-8036-41e2-b8dc-b06b6a9afd54,41.038285173896426,21.327864456616478,noise,64
2026-01-23T14:11:51+01:00,7b316592-8036-41e2-b8dc-b06b6a9afd54,41.038285173896426,21.327864456616478,noise_dba,52
2026-01-23T14:11:51+01:00,7b316592-8036-41e2-b8dc-b06b6a9afd54,41.038285173896426,21.327864456616478,pm10,47
2026-01-23T14:11:51+01:00,7b316592-8036-41e2-b8dc-b06b6a9afd54,41.038285173896426,21.327864456616478,pm25,32
2026-01-23T14:11:51+01:00,7b316592-8036-41e2-b8dc-b06b6a9afd54,41.038285173896426,21.327864456616478,pressure,929
2026-01-23T14:11:51+01:00,7b316592-8036-41e2-b8dc-b06b6a9afd54,41.038285173896426,21.327864456616478,temperature,7
2026-01-23T14:27:22+01:00,7b316592-8036-41e2-b8dc-b06b6a9afd54,41.038285173896426,21.327864456616478,gasResistance,121316
2026-01-23T14:27:22+01:00,7b316592-8036-41e2-b8dc-b06b6a9afd54,41.038285173896426,21.327864456616478,humidity,72
2026-01-23T14:27:22+01:00,7b316592-8036-41e2-b8dc-b06b6a9afd54,41.038285173896426,21.327864456616478,noise,60
2026-01-23T14:27:22+01:00,7b316592-8036-41e2-b8dc-b06b6a9afd54,41.038285173896426,21.327864456616478,noise_dba,51
2026-01-23T14:27:22+01:00,7b316592-8036-41e2-b8dc-b06b6a9afd54,41.038285173896426,21.327864456616478,pm10,56
2026-01-23T14:27:22+01:00,7b316592-8036-41e2-b8dc-b06b6a9afd54,41.038285173896426,21.327864456616478,pm25,41
2026-01-23T14:27:22+01:00,7b316592-8036-41e2-b8dc-b06b6a9afd54,41.038285173896426,21.327864456616478,pressure,929
2026-01-23T14:27:22+01:00,7b316592-8036-41e2-b8dc-b06b6a9afd54,41.038285173896426,21.327864456616478,temperature,7
2026-01-23T14:42:54+01:00,7b316592-8036-41e2-b8dc-b06b6a9afd54,41.038285173896426,21.327864456616478,gasResistance,122283
2026-01-23T14:42:54+01:00,7b316592-8036-41e2-b8dc-b06b6a9afd54,41.038285173896426,21.327864456616478,humidity,73
2026-01-23T14:42:54+01:00,7b316592-8036-41e2-b8dc-b06b6a9afd54,41.038285173896426,21.327864456616478,noise,56
2026-01-23T14:42:54+01:00,7b316592-8036-41e2-b8dc-b06b6a9afd54,41.038285173896426,21.327864456616478,noise_dba,50
2026-01-23T14:42:54+01:00,7b316592-8036-41e2-b8dc-b06b6a9afd54,41.038285173896426,21.327864456616478,pm10,34
2026-01-23T14:42:54+01:00,7b316592-8036-41e2-b8dc-b06b6a9afd54,41.038285173896426,21.327864456616478,pm25,24
2026-01-23T14:42:54+01:00,7b316592-8036-41e2-b8dc-b06b6a9afd54,41.038285173896426,21.327864456616478,pressure,929
2026-01-23T14:42:54+01:00,7b316592-8036-41e2-b8dc-b06b6a9afd54,41.038285173896426,21.327864456616478,temperature,7
2026-01-23T14:58:25+01:00,7b316592-8036-41e2-b8dc-b06b6a9afd54,41.038285173896426,21.327864456616478,gasResistance,123626
2026-01-23T14:58:25+01:00,7b316592-8036-41e2-b8dc-b06b6a9afd54,41.038285173896426,21.327864456616478,humidity,73
2026-01-23T14:58:25+01:00,7b316592-8036-41e2-b8dc-b06b6a9afd54,41.038285173896426,21.327864456616478,noise,64
2026-01-23T14:58:25+01:00,7b316592-8036-41e2-b8dc-b06b6a9afd54,41.038285173896426,21.327864456616478,noise_dba,52
2026-01-23T14:58:25+01:00,7b316592-8036-41e2-b8dc-b06b6a9afd54,41.038285173896426,21.327864456616478,pm10,63
2026-01-23T14:58:25+01:00,7b316592-8036-41e2-b8dc-b06b6a9afd54,41.038285173896426,21.327864456616478,pm25,47
2026-01-23T14:58:25+01:00,7b316592-8036-41e2-b8dc-b06b6a9afd54,41.038285173896426,21.327864456616478,pressure,929
2026-01-23T14:58:25+01:00,7b316592-8036-41e2-b8dc-b06b6a9afd54,41.038285173896426,21.327864456616478,temperature,7
2026-01-23T15:13:57+01:00,7b316592-8036-41e2-b8dc-b06b6a9afd54,41.038285173896426,21.327864456616478,gasResistance,123899
2026-01-23T15:13:57+01:00,7b316592-8036-41e2-b8dc-b06b6a9afd54,41.038285173896426,21.327864456616478,humidity,73
2026-01-23T15:13:57+01:00,7b316592-8036-41e2-b8dc-b06b6a9afd54,41.038285173896426,21.327864456616478,noise,61
2026-01-23T15:13:57+01:00,7b316592-8036-41e2-b8dc-b06b6a9afd54,41.038285173896426,21.327864456616478,noise_dba,52
2026-01-23T15:13:57+01:00,7b316592-8036-41e2-b8dc-b06b6a9afd54,41.038285173896426,21.327864456616478,pm10,30
2026-01-23T15:13:57+01:00,7b316592-8036-41e2-b8dc-b06b6a9afd54,41.038285173896426,21.327864456616478,pm25,21
2026-01-23T15:13:57+01:00,7b316592-8036-41e2-b8dc-b06b6a9afd54,41.038285173896426,21.327864456616478,pressure,929
2026-01-23T15:13:57+01:00,7b316592-8036-41e2-b8dc-b06b6a9afd54,41.038285173896426,21.327864456616478,temperature,7
2026-01-23T15:29:28+01:00,7b316592-8036-41e2-b8dc-b06b6a9afd54,41.038285173896426,21.327864456616478,gasResistance,122996
2026-01-23T15:29:28+01:00,7b316592-8036-41e2-b8dc-b06b6a9afd54,41.038285173896426,21.327864456616478,humidity,73
2026-01-23T15:29:28+01:00,7b316592-8036-41e2-b8dc-b06b6a9afd54,41.038285173896426,21.327864456616478,noise,58
2026-01-23T15:29:28+01:00,7b316592-8036-41e2-b8dc-b06b6a9afd54,41.038285173896426,21.327864456616478,noise_dba,51
2026-01-23T15:29:28+01:00,7b316592-8036-41e2-b8dc-b06b6a9afd54,41.038285173896426,21.327864456616478,pm10,36
2026-01-23T15:29:28+01:00,7b316592-8036-41e2-b8dc-b06b6a9afd54,41.038285173896426,21.327864456616478,pm25,25
2026-01-23T15:29:28+01:00,7b316592-8036-41e2-b8dc-b06b6a9afd54,41.038285173896426,21.327864456616478,pressure,929
2026-01-23T15:29:28+01:00,7b316592-8036-41e2-b8dc-b06b6a9afd54,41.038285173896426,21.327864456616478,temperature,7
2026-01-23T15:45:00+01:00,7b316592-8036-41e2-b8dc-b06b6a9afd54,41.038285173896426,21.327864456616478,gasResistance,123536
2026-01-23T15:45:00+01:00,7b316592-8036-41e2-b8dc-b06b6a9afd54,41.038285173896426,21.327864456616478,humidity,72
2026-01-23T15:45:00+01:00,7b316592-8036-41e2-b8dc-b06b6a9afd54,41.038285173896426,21.327864456616478,noise,65
2026-01-23T15:45:00+01:00,7b316592-8036-41e2-b8dc-b06b6a9afd54,41.038285173896426,21.327864456616478,noise_dba,53
2026-01-23T15:45:00+01:00,7b316592-8036-41e2-b8dc-b06b6a9afd54,41.038285173896426,21.327864456616478,pm10,56
2026-01-23T15:45:00+01:00,7b316592-8036-41e2-b8dc-b06b6a9afd54,41.038285173896426,21.327864456616478,pm25,35
2026-01-23T15:45:00+01:00,7b316592-8036-41e2-b8dc-b06b6a9afd54,41.038285173896426,21.327864456616478,pressure,929
2026-01-23T15:45:00+01:00,7b316592-8036-41e2-b8dc-b06b6a9afd54,41.038285173896426,21.327864456616478,temperature,7
2026-01-23T16:00:31+01:00,7b316592-8036-41e2-b8dc-b06b6a9afd54,41.038285173896426,21.327864456616478,gasResistance,123536
2026-01-23T16:00:31+01:00,7b316592-8036-41e2-b8dc-b06b6a9afd54,41.038285173896426,21.327864456616478,humidity,73
2026-01-23T16:00:31+01:00,7b316592-8036-41e2-b8dc-b06b6a9afd54,41.038285173896426,21.327864456616478,noise,68
2026-01-23T16:00:31+01:00,7b316592-8036-41e2-b8dc-b06b6a9afd54,41.038285173896426,21.327864456616478,noise_dba,53
2026-01-23T16:00:31+01:00,7b316592-8036-41e2-b8dc-b06b6a9afd54,41.038285173896426,21.327864456616478,pm10,63
2026-01-23T16:00:31+01:00,7b316592-8036-41e2-b8dc-b06b6a9afd54,41.038285173896426,21.327864456616478,pm25,44
2026-01-23T16:00:31+01:00,7b316592-8036-41e2-b8dc-b06b6a9afd54,41.038285173896426,21.327864456616478,pressure,929
2026-01-23T16:00:31+01:00,7b316592-8036-41e2-b8dc-b06b6a9afd54,41.038285173896426,21.327864456616478,temperature,7
2026-01-23T16:16:03+01:00,7b316592-8036-41e2-b8dc-b06b6a9afd54,41.038285173896426,21.327864456616478,gasResistance,124172
2026-01-23T16:16:03+01:00,7b316592-8036-41e2-b8dc-b06b6a9afd54,41.038285173896426,21.327864456616478,humidity,73
2026-01-23T16:16:03+01:00,7b316592-8036-41e2-b8dc-b06b6a9afd54,41.038285173896426,21.327864456616478,noise,79
2026-01-23T16:16:03+01:00,7b316592-8036-41e2-b8dc-b06b6a9afd54,41.038285173896426,21.327864456616478,noise_dba,56
2026-01-23T16:16:03+01:00,7b316592-8036-41e2-b8dc-b06b6a9afd54,41.038285173896426,21.327864456616478,pm10,77
2026-01-23T16:16:03+01:00,7b316592-8036-41e2-b8dc-b06b6a9afd54,41.038285173896426,21.327864456616478,pm25,55
2026-01-23T16:16:03+01:00,7b316592-8036-41e2-b8dc-b06b6a9afd54,41.038285173896426,21.327864456616478,pressure,929
2026-01-23T16:16:03+01:00,7b316592-8036-41e2-b8dc-b06b6a9afd54,41.038285173896426,21.327864456616478,temperature,7
2026-01-23T16:31:34+01:00,7b316592-8036-41e2-b8dc-b06b6a9afd54,41.038285173896426,21.327864456616478,gasResistance,125839
2026-01-23T16:31:34+01:00,7b316592-8036-41e2-b8dc-b06b6a9afd54,41.038285173896426,21.327864456616478,humidity,74
2026-01-23T16:31:34+01:00,7b316592-8036-41e2-b8dc-b06b6a9afd54,41.038285173896426,21.327864456616478,noise,54
2026-01-23T16:31:34+01:00,7b316592-8036-41e2-b8dc-b06b6a9afd54,41.038285173896426,21.327864456616478,noise_dba,50
2026-01-23T16:31:34+01:00,7b316592-8036-41e2-b8dc-b06b6a9afd54,41.038285173896426,21.327864456616478,pm10,87
2026-01-23T16:31:34+01:00,7b316592-8036-41e2-b8dc-b06b6a9afd54,41.038285173896426,21.327864456616478,pm25,57
2026-01-23T16:31:34+01:00,7b316592-8036-41e2-b8dc-b06b6a9afd54,41.038285173896426,21.327864456616478,pressure,929
2026-01-23T16:31:34+01:00,7b316592-8036-41e2-b8dc-b06b6a9afd54,41.038285173896426,21.327864456616478,temperature,7
2026-01-23T16:47:06+01:00,7b316592-8036-41e2-b8dc-b06b6a9afd54,41.038285173896426,21.327864456616478,gasResistance,126215
2026-01-23T16:47:06+01:00,7b316592-8036-41e2-b8dc-b06b6a9afd54,41.038285173896426,21.327864456616478,humidity,73
2026-01-23T16:47:06+01:00,7b316592-8036-41e2-b8dc-b06b6a9afd54,41.038285173896426,21.327864456616478,noise,67
2026-01-23T16:47:06+01:00,7b316592-8036-41e2-b8dc-b06b6a9afd54,41.038285173896426,21.327864456616478,noise_dba,53
2026-01-23T16:47:06+01:00,7b316592-8036-41e2-b8dc-b06b6a9afd54,41.038285173896426,21.327864456616478,pm10,93
2026-01-23T16:47:06+01:00,7b316592-8036-41e2-b8dc-b06b6a9afd54,41.038285173896426,21.327864456616478,pm25,61
2026-01-23T16:47:06+01:00,7b316592-8036-41e2-b8dc-b06b6a9afd54,41.038285173896426,21.327864456616478,pressure,929
2026-01-23T16:47:06+01:00,7b316592-8036-41e2-b8dc-b06b6a9afd54,41.038285173896426,21.327864456616478,temperature,7
2026-01-23T17:02:37+01:00,7b316592-8036-41e2-b8dc-b06b6a9afd54,41.038285173896426,21.327864456616478,gasResistance,125933
2026-01-23T17:02:37+01:00,7b316592-8036-41e2-b8dc-b06b6a9afd54,41.038285173896426,21.327864456616478,humidity,73
2026-01-23T17:02:37+01:00,7b316592-8036-41e2-b8dc-b06b6a9afd54,41.038285173896426,21.327864456616478,noise,54
2026-01-23T17:02:37+01:00,7b316592-8036-41e2-b8dc-b06b6a9afd54,41.038285173896426,21.327864456616478,noise_dba,50
2026-01-23T17:02:37+01:00,7b316592-8036-41e2-b8dc-b06b6a9afd54,41.038285173896426,21.327864456616478,pm10,132
2026-01-23T17:02:37+01:00,7b316592-8036-41e2-b8dc-b06b6a9afd54,41.038285173896426,21.327864456616478,pm25,86
2026-01-23T17:02:37+01:00,7b316592-8036-41e2-b8dc-b06b6a9afd54,41.038285173896426,21.327864456616478,pressure,929
2026-01-23T17:02:37+01:00,7b316592-8036-41e2-b8dc-b06b6a9afd54,41.038285173896426,21.327864456616478,temperature,7
2026-01-23T17:18:09+01:00,7b316592-8036-41e2-b8dc-b06b6a9afd54,41.038285173896426,21.327864456616478,gasResistance,125933
2026-01-23T17:18:09+01:00,7b316592-8036-41e2-b8dc-b06b6a9afd54,41.038285173896426,21.327864456616478,humidity,74
2026-01-23T17:18:09+01:00,7b316592-8036-41e2-b8dc-b06b6a9afd54,41.038285173896426,21.327864456616478,noise,55
2026-01-23T17:18:09+01:00,7b316592-8036-41e2-b8dc-b06b6a9afd54,41.038285173896426,21.327864456616478,noise_dba,50
2026-01-23T17:18:09+01:00,7b316592-8036-41e2-b8dc-b06b6a9afd54,41.038285173896426,21.327864456616478,pm10,124
2026-01-23T17:18:09+01:00,7b316592-8036-41e2-b8dc-b06b6a9afd54,41.038285173896426,21.327864456616478,pm25,74
2026-01-23T17:18:09+01:00,7b316592-8036-41e2-b8dc-b06b6a9afd54,41.038285173896426,21.327864456616478,pressure,929
2026-01-23T17:18:09+01:00,7b316592-8036-41e2-b8dc-b06b6a9afd54,41.038285173896426,21.327864456616478,temperature,7
2026-01-23T17:33:41+01:00,7b316592-8036-41e2-b8dc-b06b6a9afd54,41.038285173896426,21.327864456616478,gasResistance,125745
2026-01-23T17:33:41+01:00,7b316592-8036-41e2-b8dc-b06b6a9afd54,41.038285173896426,21.327864456616478,humidity,74
2026-01-23T17:33:41+01:00,7b316592-8036-41e2-b8dc-b06b6a9afd54,41.038285173896426,21.327864456616478,noise,50
2026-01-23T17:33:41+01:00,7b316592-8036-41e2-b8dc-b06b6a9afd54,41.038285173896426,21.327864456616478,noise_dba,48
2026-01-23T17:33:41+01:00,7b316592-8036-41e2-b8dc-b06b6a9afd54,41.038285173896426,21.327864456616478,pm10,101
2026-01-23T17:33:41+01:00,7b316592-8036-41e2-b8dc-b06b6a9afd54,41.038285173896426,21.327864456616478,pm25,59
2026-01-23T17:33:41+01:00,7b316592-8036-41e2-b8dc-b06b6a9afd54,41.038285173896426,21.327864456616478,pressure,929
2026-01-23T17:33:41+01:00,7b316592-8036-41e2-b8dc-b06b6a9afd54,41.038285173896426,21.327864456616478,temperature,7
2026-01-23T17:49:12+01:00,7b316592-8036-41e2-b8dc-b06b6a9afd54,41.038285173896426,21.327864456616478,gasResistance,125371
2026-01-23T17:49:12+01:00,7b316592-8036-41e2-b8dc-b06b6a9afd54,41.038285173896426,21.327864456616478,humidity,73
2026-01-23T17:49:12+01:00,7b316592-8036-41e2-b8dc-b06b6a9afd54,41.038285173896426,21.327864456616478,noise,61
2026-01-23T17:49:12+01:00,7b316592-8036-41e2-b8dc-b06b6a9afd54,41.038285173896426,21.327864456616478,noise_dba,52
2026-01-23T17:49:12+01:00,7b316592-8036-41e2-b8dc-b06b6a9afd54,41.038285173896426,21.327864456616478,pm10,144
2026-01-23T17:49:12+01:00,7b316592-8036-41e2-b8dc-b06b6a9afd54,41.038285173896426,21.327864456616478,pm25,86
2026-01-23T17:49:12+01:00,7b316592-8036-41e2-b8dc-b06b6a9afd54,41.038285173896426,21.327864456616478,pressure,930
2026-01-23T17:49:12+01:00,7b316592-8036-41e2-b8dc-b06b6a9afd54,41.038285173896426,21.327864456616478,temperature,7
2026-01-23T18:04:44+01:00,7b316592-8036-41e2-b8dc-b06b6a9afd54,41.038285173896426,21.327864456616478,gasResistance,125000
2026-01-23T18:04:44+01:00,7b316592-8036-41e2-b8dc-b06b6a9afd54,41.038285173896426,21.327864456616478,humidity,72
2026-01-23T18:04:44+01:00,7b316592-8036-41e2-b8dc-b06b6a9afd54,41.038285173896426,21.327864456616478,noise,54
2026-01-23T18:04:44+01:00,7b316592-8036-41e2-b8dc-b06b6a9afd54,41.038285173896426,21.327864456616478,noise_dba,50
2026-01-23T18:04:44+01:00,7b316592-8036-41e2-b8dc-b06b6a9afd54,41.038285173896426,21.327864456616478,pm10,179
2026-01-23T18:04:44+01:00,7b316592-8036-41e2-b8dc-b06b6a9afd54,41.038285173896426,21.327864456616478,pm25,93
2026-01-23T18:04:44+01:00,7b316592-8036-41e2-b8dc-b06b6a9afd54,41.038285173896426,21.327864456616478,pressure,930
2026-01-23T18:04:44+01:00,7b316592-8036-41e2-b8dc-b06b6a9afd54,41.038285173896426,21.327864456616478,temperature,7
2026-01-23T18:20:16+01:00,7b316592-8036-41e2-b8dc-b06b6a9afd54,41.038285173896426,21.327864456616478,gasResistance,122194
2026-01-23T18:20:16+01:00,7b316592-8036-41e2-b8dc-b06b6a9afd54,41.038285173896426,21.327864456616478,humidity,71
2026-01-23T18:20:16+01:00,7b316592-8036-41e2-b8dc-b06b6a9afd54,41.038285173896426,21.327864456616478,noise,59
2026-01-23T18:20:16+01:00,7b316592-8036-41e2-b8dc-b06b6a9afd54,41.038285173896426,21.327864456616478,noise_dba,51
2026-01-23T18:20:16+01:00,7b316592-8036-41e2-b8dc-b06b6a9afd54,41.038285173896426,21.327864456616478,pm10,103
2026-01-23T18:20:16+01:00,7b316592-8036-41e2-b8dc-b06b6a9afd54,41.038285173896426,21.327864456616478,pm25,55
2026-01-23T18:20:16+01:00,7b316592-8036-41e2-b8dc-b06b6a9afd54,41.038285173896426,21.327864456616478,pressure,930
2026-01-23T18:20:16+01:00,7b316592-8036-41e2-b8dc-b06b6a9afd54,41.038285173896426,21.327864456616478,temperature,7
2026-01-23T18:35:48+01:00,7b316592-8036-41e2-b8dc-b06b6a9afd54,41.038285173896426,21.327864456616478,gasResistance,121403
2026-01-23T18:35:48+01:00,7b316592-8036-41e2-b8dc-b06b6a9afd54,41.038285173896426,21.327864456616478,humidity,69
2026-01-23T18:35:48+01:00,7b316592-8036-41e2-b8dc-b06b6a9afd54,41.038285173896426,21.327864456616478,noise,37
2026-01-23T18:35:48+01:00,7b316592-8036-41e2-b8dc-b06b6a9afd54,41.038285173896426,21.327864456616478,noise_dba,43
2026-01-23T18:35:48+01:00,7b316592-8036-41e2-b8dc-b06b6a9afd54,41.038285173896426,21.327864456616478,pm10,94
2026-01-23T18:35:48+01:00,7b316592-8036-41e2-b8dc-b06b6a9afd54,41.038285173896426,21.327864456616478,pm25,49
2026-01-23T18:35:48+01:00,7b316592-8036-41e2-b8dc-b06b6a9afd54,41.038285173896426,21.327864456616478,pressure,930
2026-01-23T18:35:48+01:00,7b316592-8036-41e2-b8dc-b06b6a9afd54,41.038285173896426,21.327864456616478,temperature,7
2026-01-23T18:51:20+01:00,7b316592-8036-41e2-b8dc-b06b6a9afd54,41.038285173896426,21.327864456616478,gasResistance,117760
2026-01-23T18:51:20+01:00,7b316592-8036-41e2-b8dc-b06b6a9afd54,41.038285173896426,21.327864456616478,humidity,68
2026-01-23T18:51:20+01:00,7b316592-8036-41e2-b8dc-b06b6a9afd54,41.038285173896426,21.327864456616478,noise,31
2026-01-23T18:51:20+01:00,7b316592-8036-41e2-b8dc-b06b6a9afd54,41.038285173896426,21.327864456616478,noise_dba,41
2026-01-23T18:51:20+01:00,7b316592-8036-41e2-b8dc-b06b6a9afd54,41.038285173896426,21.327864456616478,pm10,126
2026-01-23T18:51:20+01:00,7b316592-8036-41e2-b8dc-b06b6a9afd54,41.038285173896426,21.327864456616478,pm25,66
2026-01-23T18:51:20+01:00,7b316592-8036-41e2-b8dc-b06b6a9afd54,41.038285173896426,21.327864456616478,pressure,930
2026-01-23T18:51:20+01:00,7b316592-8036-41e2-b8dc-b06b6a9afd54,41.038285173896426,21.327864456616478,temperature,8
2026-01-23T19:06:52+01:00,7b316592-8036-41e2-b8dc-b06b6a9afd54,41.038285173896426,21.327864456616478,gasResistance,115503
2026-01-23T19:06:52+01:00,7b316592-8036-41e2-b8dc-b06b6a9afd54,41.038285173896426,21.327864456616478,humidity,68
2026-01-23T19:06:52+01:00,7b316592-8036-41e2-b8dc-b06b6a9afd54,41.038285173896426,21.327864456616478,noise,36
2026-01-23T19:06:52+01:00,7b316592-8036-41e2-b8dc-b06b6a9afd54,41.038285173896426,21.327864456616478,noise_dba,43
2026-01-23T19:06:52+01:00,7b316592-8036-41e2-b8dc-b06b6a9afd54,41.038285173896426,21.327864456616478,pm10,105
2026-01-23T19:06:52+01:00,7b316592-8036-41e2-b8dc-b06b6a9afd54,41.038285173896426,21.327864456616478,pm25,52
2026-01-23T19:06:52+01:00,7b316592-8036-41e2-b8dc-b06b6a9afd54,41.038285173896426,21.327864456616478,pressure,930
2026-01-23T19:06:52+01:00,7b316592-8036-41e2-b8dc-b06b6a9afd54,41.038285173896426,21.327864456616478,temperature,8
2026-01-23T19:22:24+01:00,7b316592-8036-41e2-b8dc-b06b6a9afd54,41.038285173896426,21.327864456616478,gasResistance,114796
2026-01-23T19:22:24+01:00,7b316592-8036-41e2-b8dc-b06b6a9afd54,41.038285173896426,21.327864456616478,humidity,68
2026-01-23T19:22:24+01:00,7b316592-8036-41e2-b8dc-b06b6a9afd54,41.038285173896426,21.327864456616478,noise,39
2026-01-23T19:22:24+01:00,7b316592-8036-41e2-b8dc-b06b6a9afd54,41.038285173896426,21.327864456616478,noise_dba,44
2026-01-23T19:22:24+01:00,7b316592-8036-41e2-b8dc-b06b6a9afd54,41.038285173896426,21.327864456616478,pm10,150
2026-01-23T19:22:24+01:00,7b316592-8036-41e2-b8dc-b06b6a9afd54,41.038285173896426,21.327864456616478,pm25,79
2026-01-23T19:22:24+01:00,7b316592-8036-41e2-b8dc-b06b6a9afd54,41.038285173896426,21.327864456616478,pressure,930
2026-01-23T19:22:24+01:00,7b316592-8036-41e2-b8dc-b06b6a9afd54,41.038285173896426,21.327864456616478,temperature,8
2026-01-23T19:37:57+01:00,7b316592-8036-41e2-b8dc-b06b6a9afd54,41.038285173896426,21.327864456616478,gasResistance,112650
2026-01-23T19:37:57+01:00,7b316592-8036-41e2-b8dc-b06b6a9afd54,41.038285173896426,21.327864456616478,humidity,68
2026-01-23T19:37:57+01:00,7b316592-8036-41e2-b8dc-b06b6a9afd54,41.038285173896426,21.327864456616478,noise,29
2026-01-23T19:37:57+01:00,7b316592-8036-41e2-b8dc-b06b6a9afd54,41.038285173896426,21.327864456616478,noise_dba,40
2026-01-23T19:37:57+01:00,7b316592-8036-41e2-b8dc-b06b6a9afd54,41.038285173896426,21.327864456616478,pm10,118
2026-01-23T19:37:57+01:00,7b316592-8036-41e2-b8dc-b06b6a9afd54,41.038285173896426,21.327864456616478,pm25,57
2026-01-23T19:37:57+01:00,7b316592-8036-41e2-b8dc-b06b6a9afd54,41.038285173896426,21.327864456616478,pressure,930
2026-01-23T19:37:57+01:00,7b316592-8036-41e2-b8dc-b06b6a9afd54,41.038285173896426,21.327864456616478,temperature,8
2026-01-23T19:53:29+01:00,7b316592-8036-41e2-b8dc-b06b6a9afd54,41.038285173896426,21.327864456616478,gasResistance,111829
2026-01-23T19:53:29+01:00,7b316592-8036-41e2-b8dc-b06b6a9afd54,41.038285173896426,21.327864456616478,humidity,67
2026-01-23T19:53:29+01:00,7b316592-8036-41e2-b8dc-b06b6a9afd54,41.038285173896426,21.327864456616478,noise,40
2026-01-23T19:53:29+01:00,7b316592-8036-41e2-b8dc-b06b6a9afd54,41.038285173896426,21.327864456616478,noise_dba,45
2026-01-23T19:53:29+01:00,7b316592-8036-41e2-b8dc-b06b6a9afd54,41.038285173896426,21.327864456616478,pm10,166
2026-01-23T19:53:29+01:00,7b316592-8036-41e2-b8dc-b06b6a9afd54,41.038285173896426,21.327864456616478,pm25,72
2026-01-23T19:53:29+01:00,7b316592-8036-41e2-b8dc-b06b6a9afd54,41.038285173896426,21.327864456616478,pressure,931
2026-01-23T19:53:29+01:00,7b316592-8036-41e2-b8dc-b06b6a9afd54,41.038285173896426,21.327864456616478,temperature,8
2026-01-23T20:09:01+01:00,7b316592-8036-41e2-b8dc-b06b6a9afd54,41.038285173896426,21.327864456616478,gasResistance,109792
2026-01-23T20:09:01+01:00,7b316592-8036-41e2-b8dc-b06b6a9afd54,41.038285173896426,21.327864456616478,humidity,67
2026-01-23T20:09:01+01:00,7b316592-8036-41e2-b8dc-b06b6a9afd54,41.038285173896426,21.327864456616478,noise,36
2026-01-23T20:09:01+01:00,7b316592-8036-41e2-b8dc-b06b6a9afd54,41.038285173896426,21.327864456616478,noise_dba,43
2026-01-23T20:09:01+01:00,7b316592-8036-41e2-b8dc-b06b6a9afd54,41.038285173896426,21.327864456616478,pm10,108
2026-01-23T20:09:01+01:00,7b316592-8036-41e2-b8dc-b06b6a9afd54,41.038285173896426,21.327864456616478,pm25,53
2026-01-23T20:09:01+01:00,7b316592-8036-41e2-b8dc-b06b6a9afd54,41.038285173896426,21.327864456616478,pressure,931
2026-01-23T20:09:01+01:00,7b316592-8036-41e2-b8dc-b06b6a9afd54,41.038285173896426,21.327864456616478,temperature,8
2026-01-23T20:24:33+01:00,7b316592-8036-41e2-b8dc-b06b6a9afd54,41.038285173896426,21.327864456616478,gasResistance,109720
2026-01-23T20:24:33+01:00,7b316592-8036-41e2-b8dc-b06b6a9afd54,41.038285173896426,21.327864456616478,humidity,68
2026-01-23T20:24:33+01:00,7b316592-8036-41e2-b8dc-b06b6a9afd54,41.038285173896426,21.327864456616478,noise,38
2026-01-23T20:24:33+01:00,7b316592-8036-41e2-b8dc-b06b6a9afd54,41.038285173896426,21.327864456616478,noise_dba,44
2026-01-23T20:24:33+01:00,7b316592-8036-41e2-b8dc-b06b6a9afd54,41.038285173896426,21.327864456616478,pm10,144
2026-01-23T20:24:33+01:00,7b316592-8036-41e2-b8dc-b06b6a9afd54,41.038285173896426,21.327864456616478,pm25,70
2026-01-23T20:24:33+01:00,7b316592-8036-41e2-b8dc-b06b6a9afd54,41.038285173896426,21.327864456616478,pressure,931
2026-01-23T20:24:33+01:00,7b316592-8036-41e2-b8dc-b06b6a9afd54,41.038285173896426,21.327864456616478,temperature,8
2026-01-23T20:40:05+01:00,7b316592-8036-41e2-b8dc-b06b6a9afd54,41.038285173896426,21.327864456616478,gasResistance,110438
2026-01-23T20:40:05+01:00,7b316592-8036-41e2-b8dc-b06b6a9afd54,41.038285173896426,21.327864456616478,humidity,68
2026-01-23T20:40:05+01:00,7b316592-8036-41e2-b8dc-b06b6a9afd54,41.038285173896426,21.327864456616478,noise,46
2026-01-23T20:40:05+01:00,7b316592-8036-41e2-b8dc-b06b6a9afd54,41.038285173896426,21.327864456616478,noise_dba,47
2026-01-23T20:40:05+01:00,7b316592-8036-41e2-b8dc-b06b6a9afd54,41.038285173896426,21.327864456616478,pm10,76
2026-01-23T20:40:05+01:00,7b316592-8036-41e2-b8dc-b06b6a9afd54,41.038285173896426,21.327864456616478,pm25,44
2026-01-23T20:40:05+01:00,7b316592-8036-41e2-b8dc-b06b6a9afd54,41.038285173896426,21.327864456616478,pressure,931
2026-01-23T20:40:05+01:00,7b316592-8036-41e2-b8dc-b06b6a9afd54,41.038285173896426,21.327864456616478,temperature,8
2026-01-23T20:55:37+01:00,7b316592-8036-41e2-b8dc-b06b6a9afd54,41.038285173896426,21.327864456616478,gasResistance,110007
2026-01-23T20:55:37+01:00,7b316592-8036-41e2-b8dc-b06b6a9afd54,41.038285173896426,21.327864456616478,humidity,68
2026-01-23T20:55:37+01:00,7b316592-8036-41e2-b8dc-b06b6a9afd54,41.038285173896426,21.327864456616478,noise,39
2026-01-23T20:55:37+01:00,7b316592-8036-41e2-b8dc-b06b6a9afd54,41.038285173896426,21.327864456616478,noise_dba,44
2026-01-23T20:55:37+01:00,7b316592-8036-41e2-b8dc-b06b6a9afd54,41.038285173896426,21.327864456616478,pm10,90
2026-01-23T20:55:37+01:00,7b316592-8036-41e2-b8dc-b06b6a9afd54,41.038285173896426,21.327864456616478,pm25,50
2026-01-23T20:55:37+01:00,7b316592-8036-41e2-b8dc-b06b6a9afd54,41.038285173896426,21.327864456616478,pressure,931
2026-01-23T20:55:37+01:00,7b316592-8036-41e2-b8dc-b06b6a9afd54,41.038285173896426,21.327864456616478,temperature,8
2026-01-23T21:11:09+01:00,7b316592-8036-41e2-b8dc-b06b6a9afd54,41.038285173896426,21.327864456616478,gasResistance,110656
2026-01-23T21:11:09+01:00,7b316592-8036-41e2-b8dc-b06b6a9afd54,41.038285173896426,21.327864456616478,humidity,68
2026-01-23T21:11:09+01:00,7b316592-8036-41e2-b8dc-b06b6a9afd54,41.038285173896426,21.327864456616478,noise,40
2026-01-23T21:11:09+01:00,7b316592-8036-41e2-b8dc-b06b6a9afd54,41.038285173896426,21.327864456616478,noise_dba,45
2026-01-23T21:11:09+01:00,7b316592-8036-41e2-b8dc-b06b6a9afd54,41.038285173896426,21.327864456616478,pm10,135
2026-01-23T21:11:09+01:00,7b316592-8036-41e2-b8dc-b06b6a9afd54,41.038285173896426,21.327864456616478,pm25,70
2026-01-23T21:11:09+01:00,7b316592-8036-41e2-b8dc-b06b6a9afd54,41.038285173896426,21.327864456616478,pressure,931
2026-01-23T21:11:09+01:00,7b316592-8036-41e2-b8dc-b06b6a9afd54,41.038285173896426,21.327864456616478,temperature,8
2026-01-23T21:26:41+01:00,7b316592-8036-41e2-b8dc-b06b6a9afd54,41.038285173896426,21.327864456616478,gasResistance,111020
2026-01-23T21:26:41+01:00,7b316592-8036-41e2-b8dc-b06b6a9afd54,41.038285173896426,21.327864456616478,humidity,68
2026-01-23T21:26:41+01:00,7b316592-8036-41e2-b8dc-b06b6a9afd54,41.038285173896426,21.327864456616478,noise,33
2026-01-23T21:26:41+01:00,7b316592-8036-41e2-b8dc-b06b6a9afd54,41.038285173896426,21.327864456616478,noise_dba,42
2026-01-23T21:26:41+01:00,7b316592-8036-41e2-b8dc-b06b6a9afd54,41.038285173896426,21.327864456616478,pm10,119
2026-01-23T21:26:41+01:00,7b316592-8036-41e2-b8dc-b06b6a9afd54,41.038285173896426,21.327864456616478,pm25,57
2026-01-23T21:26:41+01:00,7b316592-8036-41e2-b8dc-b06b6a9afd54,41.038285173896426,21.327864456616478,pressure,931
2026-01-23T21:26:41+01:00,7b316592-8036-41e2-b8dc-b06b6a9afd54,41.038285173896426,21.327864456616478,temperature,8
2026-01-23T21:42:13+01:00,7b316592-8036-41e2-b8dc-b06b6a9afd54,41.038285173896426,21.327864456616478,gasResistance,111386
2026-01-23T21:42:13+01:00,7b316592-8036-41e2-b8dc-b06b6a9afd54,41.038285173896426,21.327864456616478,humidity,68
2026-01-23T21:42:13+01:00,7b316592-8036-41e2-b8dc-b06b6a9afd54,41.038285173896426,21.327864456616478,noise,33
2026-01-23T21:42:13+01:00,7b316592-8036-41e2-b8dc-b06b6a9afd54,41.038285173896426,21.327864456616478,noise_dba,42
2026-01-23T21:42:13+01:00,7b316592-8036-41e2-b8dc-b06b6a9afd54,41.038285173896426,21.327864456616478,pm10,76
2026-01-23T21:42:13+01:00,7b316592-8036-41e2-b8dc-b06b6a9afd54,41.038285173896426,21.327864456616478,pm25,47
2026-01-23T21:42:13+01:00,7b316592-8036-41e2-b8dc-b06b6a9afd54,41.038285173896426,21.327864456616478,pressure,931
2026-01-23T21:42:13+01:00,7b316592-8036-41e2-b8dc-b06b6a9afd54,41.038285173896426,21.327864456616478,temperature,8
2026-01-23T21:57:46+01:00,7b316592-8036-41e2-b8dc-b06b6a9afd54,41.038285173896426,21.327864456616478,gasResistance,111239
2026-01-23T21:57:46+01:00,7b316592-8036-41e2-b8dc-b06b6a9afd54,41.038285173896426,21.327864456616478,humidity,67
2026-01-23T21:57:46+01:00,7b316592-8036-41e2-b8dc-b06b6a9afd54,41.038285173896426,21.327864456616478,noise,33
2026-01-23T21:57:46+01:00,7b316592-8036-41e2-b8dc-b06b6a9afd54,41.038285173896426,21.327864456616478,noise_dba,42
2026-01-23T21:57:46+01:00,7b316592-8036-41e2-b8dc-b06b6a9afd54,41.038285173896426,21.327864456616478,pm10,75
2026-01-23T21:57:46+01:00,7b316592-8036-41e2-b8dc-b06b6a9afd54,41.038285173896426,21.327864456616478,pm25,46
2026-01-23T21:57:46+01:00,7b316592-8036-41e2-b8dc-b06b6a9afd54,41.038285173896426,21.327864456616478,pressure,932
2026-01-23T21:57:46+01:00,7b316592-8036-41e2-b8dc-b06b6a9afd54,41.038285173896426,21.327864456616478,temperature,8
2026-01-23T22:13:18+01:00,7b316592-8036-41e2-b8dc-b06b6a9afd54,41.038285173896426,21.327864456616478,gasResistance,111755
2026-01-23T22:13:18+01:00,7b316592-8036-41e2-b8dc-b06b6a9afd54,41.038285173896426,21.327864456616478,humidity,67
2026-01-23T22:13:18+01:00,7b316592-8036-41e2-b8dc-b06b6a9afd54,41.038285173896426,21.327864456616478,noise,36
2026-01-23T22:13:18+01:00,7b316592-8036-41e2-b8dc-b06b6a9afd54,41.038285173896426,21.327864456616478,noise_dba,43
2026-01-23T22:13:18+01:00,7b316592-8036-41e2-b8dc-b06b6a9afd54,41.038285173896426,21.327864456616478,pm10,81
2026-01-23T22:13:18+01:00,7b316592-8036-41e2-b8dc-b06b6a9afd54,41.038285173896426,21.327864456616478,pm25,52
2026-01-23T22:13:18+01:00,7b316592-8036-41e2-b8dc-b06b6a9afd54,41.038285173896426,21.327864456616478,pressure,932
2026-01-23T22:13:18+01:00,7b316592-8036-41e2-b8dc-b06b6a9afd54,41.038285173896426,21.327864456616478,temperature,8
2026-01-23T22:28:50+01:00,7b316592-8036-41e2-b8dc-b06b6a9afd54,41.038285173896426,21.327864456616478,gasResistance,111166
2026-01-23T22:28:50+01:00,7b316592-8036-41e2-b8dc-b06b6a9afd54,41.038285173896426,21.327864456616478,humidity,67
2026-01-23T22:28:50+01:00,7b316592-8036-41e2-b8dc-b06b6a9afd54,41.038285173896426,21.327864456616478,noise,37
2026-01-23T22:28:50+01:00,7b316592-8036-41e2-b8dc-b06b6a9afd54,41.038285173896426,21.327864456616478,noise_dba,43
2026-01-23T22:28:50+01:00,7b316592-8036-41e2-b8dc-b06b6a9afd54,41.038285173896426,21.327864456616478,pm10,73
2026-01-23T22:28:50+01:00,7b316592-8036-41e2-b8dc-b06b6a9afd54,41.038285173896426,21.327864456616478,pm25,41
2026-01-23T22:28:50+01:00,7b316592-8036-41e2-b8dc-b06b6a9afd54,41.038285173896426,21.327864456616478,pressure,932
2026-01-23T22:28:50+01:00,7b316592-8036-41e2-b8dc-b06b6a9afd54,41.038285173896426,21.327864456616478,temperature,8
2026-01-23T22:44:22+01:00,7b316592-8036-41e2-b8dc-b06b6a9afd54,41.038285173896426,21.327864456616478,gasResistance,111386
2026-01-23T22:44:22+01:00,7b316592-8036-41e2-b8dc-b06b6a9afd54,41.038285173896426,21.327864456616478,humidity,67
2026-01-23T22:44:22+01:00,7b316592-8036-41e2-b8dc-b06b6a9afd54,41.038285173896426,21.327864456616478,noise,33
2026-01-23T22:44:22+01:00,7b316592-8036-41e2-b8dc-b06b6a9afd54,41.038285173896426,21.327864456616478,noise_dba,42
2026-01-23T22:44:22+01:00,7b316592-8036-41e2-b8dc-b06b6a9afd54,41.038285173896426,21.327864456616478,pm10,632
2026-01-23T22:44:22+01:00,7b316592-8036-41e2-b8dc-b06b6a9afd54,41.038285173896426,21.327864456616478,pm25,244
2026-01-23T22:44:22+01:00,7b316592-8036-41e2-b8dc-b06b6a9afd54,41.038285173896426,21.327864456616478,pressure,932
2026-01-23T22:44:22+01:00,7b316592-8036-41e2-b8dc-b06b6a9afd54,41.038285173896426,21.327864456616478,temperature,8
2026-01-23T22:59:54+01:00,7b316592-8036-41e2-b8dc-b06b6a9afd54,41.038285173896426,21.327864456616478,gasResistance,110801
2026-01-23T22:59:54+01:00,7b316592-8036-41e2-b8dc-b06b6a9afd54,41.038285173896426,21.327864456616478,humidity,68
2026-01-23T22:59:54+01:00,7b316592-8036-41e2-b8dc-b06b6a9afd54,41.038285173896426,21.327864456616478,noise,37
2026-01-23T22:59:54+01:00,7b316592-8036-41e2-b8dc-b06b6a9afd54,41.038285173896426,21.327864456616478,noise_dba,43
2026-01-23T22:59:54+01:00,7b316592-8036-41e2-b8dc-b06b6a9afd54,41.038285173896426,21.327864456616478,pm10,93
2026-01-23T22:59:54+01:00,7b316592-8036-41e2-b8dc-b06b6a9afd54,41.038285173896426,21.327864456616478,pm25,47
2026-01-23T22:59:54+01:00,7b316592-8036-41e2-b8dc-b06b6a9afd54,41.038285173896426,21.327864456616478,pressure,932
2026-01-23T22:59:54+01:00,7b316592-8036-41e2-b8dc-b06b6a9afd54,41.038285173896426,21.327864456616478,temperature,8
2026-01-23T23:15:26+01:00,7b316592-8036-41e2-b8dc-b06b6a9afd54,41.038285173896426,21.327864456616478,gasResistance,111093
2026-01-23T23:15:26+01:00,7b316592-8036-41e2-b8dc-b06b6a9afd54,41.038285173896426,21.327864456616478,humidity,68
2026-01-23T23:15:26+01:00,7b316592-8036-41e2-b8dc-b06b6a9afd54,41.038285173896426,21.327864456616478,noise,38
2026-01-23T23:15:26+01:00,7b316592-8036-41e2-b8dc-b06b6a9afd54,41.038285173896426,21.327864456616478,noise_dba,44
2026-01-23T23:15:26+01:00,7b316592-8036-41e2-b8dc-b06b6a9afd54,41.038285173896426,21.327864456616478,pm10,137
2026-01-23T23:15:26+01:00,7b316592-8036-41e2-b8dc-b06b6a9afd54,41.038285173896426,21.327864456616478,pm25,61
2026-01-23T23:15:26+01:00,7b316592-8036-41e2-b8dc-b06b6a9afd54,41.038285173896426,21.327864456616478,pressure,932
2026-01-23T23:15:26+01:00,7b316592-8036-41e2-b8dc-b06b6a9afd54,41.038285173896426,21.327864456616478,temperature,8
2026-01-23T23:30:59+01:00,7b316592-8036-41e2-b8dc-b06b6a9afd54,41.038285173896426,21.327864456616478,gasResistance,111313
2026-01-23T23:30:59+01:00,7b316592-8036-41e2-b8dc-b06b6a9afd54,41.038285173896426,21.327864456616478,humidity,68
2026-01-23T23:30:59+01:00,7b316592-8036-41e2-b8dc-b06b6a9afd54,41.038285173896426,21.327864456616478,noise,38
2026-01-23T23:30:59+01:00,7b316592-8036-41e2-b8dc-b06b6a9afd54,41.038285173896426,21.327864456616478,noise_dba,44
2026-01-23T23:30:59+01:00,7b316592-8036-41e2-b8dc-b06b6a9afd54,41.038285173896426,21.327864456616478,pm10,110
2026-01-23T23:30:59+01:00,7b316592-8036-41e2-b8dc-b06b6a9afd54,41.038285173896426,21.327864456616478,pm25,57
2026-01-23T23:30:59+01:00,7b316592-8036-41e2-b8dc-b06b6a9afd54,41.038285173896426,21.327864456616478,pressure,932
2026-01-23T23:30:59+01:00,7b316592-8036-41e2-b8dc-b06b6a9afd54,41.038285173896426,21.327864456616478,temperature,8
2026-01-23T23:46:31+01:00,7b316592-8036-41e2-b8dc-b06b6a9afd54,41.038285173896426,21.327864456616478,gasResistance,112350
2026-01-23T23:46:31+01:00,7b316592-8036-41e2-b8dc-b06b6a9afd54,41.038285173896426,21.327864456616478,humidity,68
2026-01-23T23:46:31+01:00,7b316592-8036-41e2-b8dc-b06b6a9afd54,41.038285173896426,21.327864456616478,noise,36
2026-01-23T23:46:31+01:00,7b316592-8036-41e2-b8dc-b06b6a9afd54,41.038285173896426,21.327864456616478,noise_dba,43
2026-01-23T23:46:31+01:00,7b316592-8036-41e2-b8dc-b06b6a9afd54,41.038285173896426,21.327864456616478,pm10,79
2026-01-23T23:46:31+01:00,7b316592-8036-41e2-b8dc-b06b6a9afd54,41.038285173896426,21.327864456616478,pm25,42
2026-01-23T23:46:31+01:00,7b316592-8036-41e2-b8dc-b06b6a9afd54,41.038285173896426,21.327864456616478,pressure,932
2026-01-23T23:46:31+01:00,7b316592-8036-41e2-b8dc-b06b6a9afd54,41.038285173896426,21.327864456616478,temperature,8
2026-01-24T00:02:03+01:00,7b316592-8036-41e2-b8dc-b06b6a9afd54,41.038285173896426,21.327864456616478,gasResistance,112275
2026-01-24T00:02:03+01:00,7b316592-8036-41e2-b8dc-b06b6a9afd54,41.038285173896426,21.327864456616478,humidity,68
2026-01-24T00:02:03+01:00,7b316592-8036-41e2-b8dc-b06b6a9afd54,41.038285173896426,21.327864456616478,noise,32
2026-01-24T00:02:03+01:00,7b316592-8036-41e2-b8dc-b06b6a9afd54,41.038285173896426,21.327864456616478,noise_dba,41
2026-01-24T00:02:03+01:00,7b316592-8036-41e2-b8dc-b06b6a9afd54,41.038285173896426,21.327864456616478,pm10,65
2026-01-24T00:02:03+01:00,7b316592-8036-41e2-b8dc-b06b6a9afd54,41.038285173896426,21.327864456616478,pm25,37
2026-01-24T00:02:03+01:00,7b316592-8036-41e2-b8dc-b06b6a9afd54,41.038285173896426,21.327864456616478,pressure,932
2026-01-24T00:02:03+01:00,7b316592-8036-41e2-b8dc-b06b6a9afd54,41.038285173896426,21.327864456616478,temperature,7
2026-01-24T00:17:36+01:00,7b316592-8036-41e2-b8dc-b06b6a9afd54,41.038285173896426,21.327864456616478,gasResistance,113179
2026-01-24T00:17:36+01:00,7b316592-8036-41e2-b8dc-b06b6a9afd54,41.038285173896426,21.327864456616478,humidity,68
2026-01-24T00:17:36+01:00,7b316592-8036-41e2-b8dc-b06b6a9afd54,41.038285173896426,21.327864456616478,noise,36
2026-01-24T00:17:36+01:00,7b316592-8036-41e2-b8dc-b06b6a9afd54,41.038285173896426,21.327864456616478,noise_dba,43
2026-01-24T00:17:36+01:00,7b316592-8036-41e2-b8dc-b06b6a9afd54,41.038285173896426,21.327864456616478,pm10,79
2026-01-24T00:17:36+01:00,7b316592-8036-41e2-b8dc-b06b6a9afd54,41.038285173896426,21.327864456616478,pm25,43
2026-01-24T00:17:36+01:00,7b316592-8036-41e2-b8dc-b06b6a9afd54,41.038285173896426,21.327864456616478,pressure,932
2026-01-24T00:17:36+01:00,7b316592-8036-41e2-b8dc-b06b6a9afd54,41.038285173896426,21.327864456616478,temperature,7
2026-01-24T00:33:10+01:00,7b316592-8036-41e2-b8dc-b06b6a9afd54,41.038285173896426,21.327864456616478,gasResistance,114407
2026-01-24T00:33:10+01:00,7b316592-8036-41e2-b8dc-b06b6a9afd54,41.038285173896426,21.327864456616478,humidity,68
2026-01-24T00:33:10+01:00,7b316592-8036-41e2-b8dc-b06b6a9afd54,41.038285173896426,21.327864456616478,noise,33
2026-01-24T00:33:10+01:00,7b316592-8036-41e2-b8dc-b06b6a9afd54,41.038285173896426,21.327864456616478,noise_dba,42
2026-01-24T00:33:10+01:00,7b316592-8036-41e2-b8dc-b06b6a9afd54,41.038285173896426,21.327864456616478,pm10,63
2026-01-24T00:33:10+01:00,7b316592-8036-41e2-b8dc-b06b6a9afd54,41.038285173896426,21.327864456616478,pm25,35
2026-01-24T00:33:10+01:00,7b316592-8036-41e2-b8dc-b06b6a9afd54,41.038285173896426,21.327864456616478,pressure,932
2026-01-24T00:33:10+01:00,7b316592-8036-41e2-b8dc-b06b6a9afd54,41.038285173896426,21.327864456616478,temperature,7
2026-01-24T00:48:42+01:00,7b316592-8036-41e2-b8dc-b06b6a9afd54,41.038285173896426,21.327864456616478,gasResistance,116219
2026-01-24T00:48:42+01:00,7b316592-8036-41e2-b8dc-b06b6a9afd54,41.038285173896426,21.327864456616478,humidity,68
2026-01-24T00:48:42+01:00,7b316592-8036-41e2-b8dc-b06b6a9afd54,41.038285173896426,21.327864456616478,noise,44
2026-01-24T00:48:42+01:00,7b316592-8036-41e2-b8dc-b06b6a9afd54,41.038285173896426,21.327864456616478,noise_dba,46
2026-01-24T00:48:42+01:00,7b316592-8036-41e2-b8dc-b06b6a9afd54,41.038285173896426,21.327864456616478,pm10,42
2026-01-24T00:48:42+01:00,7b316592-8036-41e2-b8dc-b06b6a9afd54,41.038285173896426,21.327864456616478,pm25,26
2026-01-24T00:48:42+01:00,7b316592-8036-41e2-b8dc-b06b6a9afd54,41.038285173896426,21.327864456616478,pressure,933
2026-01-24T00:48:42+01:00,7b316592-8036-41e2-b8dc-b06b6a9afd54,41.038285173896426,21.327864456616478,temperature,7
2026-01-24T01:04:14+01:00,7b316592-8036-41e2-b8dc-b06b6a9afd54,41.038285173896426,21.327864456616478,gasResistance,117596
2026-01-24T01:04:14+01:00,7b316592-8036-41e2-b8dc-b06b6a9afd54,41.038285173896426,21.327864456616478,humidity,67
2026-01-24T01:04:14+01:00,7b316592-8036-41e2-b8dc-b06b6a9afd54,41.038285173896426,21.327864456616478,noise,33
2026-01-24T01:04:14+01:00,7b316592-8036-41e2-b8dc-b06b6a9afd54,41.038285173896426,21.327864456616478,noise_dba,42
2026-01-24T01:04:14+01:00,7b316592-8036-41e2-b8dc-b06b6a9afd54,41.038285173896426,21.327864456616478,pm10,39
2026-01-24T01:04:14+01:00,7b316592-8036-41e2-b8dc-b06b6a9afd54,41.038285173896426,21.327864456616478,pm25,22
2026-01-24T01:04:14+01:00,7b316592-8036-41e2-b8dc-b06b6a9afd54,41.038285173896426,21.327864456616478,pressure,933
2026-01-24T01:04:14+01:00,7b316592-8036-41e2-b8dc-b06b6a9afd54,41.038285173896426,21.327864456616478,temperature,7
2026-01-24T01:19:46+01:00,7b316592-8036-41e2-b8dc-b06b6a9afd54,41.038285173896426,21.327864456616478,gasResistance,117514
2026-01-24T01:19:46+01:00,7b316592-8036-41e2-b8dc-b06b6a9afd54,41.038285173896426,21.327864456616478,humidity,67
2026-01-24T01:19:46+01:00,7b316592-8036-41e2-b8dc-b06b6a9afd54,41.038285173896426,21.327864456616478,noise,32
2026-01-24T01:19:46+01:00,7b316592-8036-41e2-b8dc-b06b6a9afd54,41.038285173896426,21.327864456616478,noise_dba,41
2026-01-24T01:19:46+01:00,7b316592-8036-41e2-b8dc-b06b6a9afd54,41.038285173896426,21.327864456616478,pm10,55
2026-01-24T01:19:46+01:00,7b316592-8036-41e2-b8dc-b06b6a9afd54,41.038285173896426,21.327864456616478,pm25,34
2026-01-24T01:19:46+01:00,7b316592-8036-41e2-b8dc-b06b6a9afd54,41.038285173896426,21.327864456616478,pressure,933
2026-01-24T01:19:46+01:00,7b316592-8036-41e2-b8dc-b06b6a9afd54,41.038285173896426,21.327864456616478,temperature,7
2026-01-24T01:35:18+01:00,7b316592-8036-41e2-b8dc-b06b6a9afd54,41.038285173896426,21.327864456616478,gasResistance,119681
2026-01-24T01:35:18+01:00,7b316592-8036-41e2-b8dc-b06b6a9afd54,41.038285173896426,21.327864456616478,humidity,68
2026-01-24T01:35:18+01:00,7b316592-8036-41e2-b8dc-b06b6a9afd54,41.038285173896426,21.327864456616478,noise,37
2026-01-24T01:35:18+01:00,7b316592-8036-41e2-b8dc-b06b6a9afd54,41.038285173896426,21.327864456616478,noise_dba,43
2026-01-24T01:35:18+01:00,7b316592-8036-41e2-b8dc-b06b6a9afd54,41.038285173896426,21.327864456616478,pm10,43
2026-01-24T01:35:18+01:00,7b316592-8036-41e2-b8dc-b06b6a9afd54,41.038285173896426,21.327864456616478,pm25,25
2026-01-24T01:35:18+01:00,7b316592-8036-41e2-b8dc-b06b6a9afd54,41.038285173896426,21.327864456616478,pressure,933
2026-01-24T01:35:18+01:00,7b316592-8036-41e2-b8dc-b06b6a9afd54,41.038285173896426,21.327864456616478,temperature,7
2026-01-24T01:50:50+01:00,7b316592-8036-41e2-b8dc-b06b6a9afd54,41.038285173896426,21.327864456616478,gasResistance,120968
2026-01-24T01:50:50+01:00,7b316592-8036-41e2-b8dc-b06b6a9afd54,41.038285173896426,21.327864456616478,humidity,68
2026-01-24T01:50:50+01:00,7b316592-8036-41e2-b8dc-b06b6a9afd54,41.038285173896426,21.327864456616478,noise,37
2026-01-24T01:50:50+01:00,7b316592-8036-41e2-b8dc-b06b6a9afd54,41.038285173896426,21.327864456616478,noise_dba,43
2026-01-24T01:50:50+01:00,7b316592-8036-41e2-b8dc-b06b6a9afd54,41.038285173896426,21.327864456616478,pm10,48
2026-01-24T01:50:50+01:00,7b316592-8036-41e2-b8dc-b06b6a9afd54,41.038285173896426,21.327864456616478,pm25,26
2026-01-24T01:50:50+01:00,7b316592-8036-41e2-b8dc-b06b6a9afd54,41.038285173896426,21.327864456616478,pressure,933
2026-01-24T01:50:50+01:00,7b316592-8036-41e2-b8dc-b06b6a9afd54,41.038285173896426,21.327864456616478,temperature,7
2026-01-24T02:06:22+01:00,7b316592-8036-41e2-b8dc-b06b6a9afd54,41.038285173896426,21.327864456616478,gasResistance,121403
2026-01-24T02:06:22+01:00,7b316592-8036-41e2-b8dc-b06b6a9afd54,41.038285173896426,21.327864456616478,humidity,68
2026-01-24T02:06:22+01:00,7b316592-8036-41e2-b8dc-b06b6a9afd54,41.038285173896426,21.327864456616478,noise,39
2026-01-24T02:06:22+01:00,7b316592-8036-41e2-b8dc-b06b6a9afd54,41.038285173896426,21.327864456616478,noise_dba,44
2026-01-24T02:06:22+01:00,7b316592-8036-41e2-b8dc-b06b6a9afd54,41.038285173896426,21.327864456616478,pm10,49
2026-01-24T02:06:22+01:00,7b316592-8036-41e2-b8dc-b06b6a9afd54,41.038285173896426,21.327864456616478,pm25,30
2026-01-24T02:06:22+01:00,7b316592-8036-41e2-b8dc-b06b6a9afd54,41.038285173896426,21.327864456616478,pressure,933
2026-01-24T02:06:22+01:00,7b316592-8036-41e2-b8dc-b06b6a9afd54,41.038285173896426,21.327864456616478,temperature,7
2026-01-24T02:21:55+01:00,7b316592-8036-41e2-b8dc-b06b6a9afd54,41.038285173896426,21.327864456616478,gasResistance,121228
2026-01-24T02:21:55+01:00,7b316592-8036-41e2-b8dc-b06b6a9afd54,41.038285173896426,21.327864456616478,humidity,68
2026-01-24T02:21:55+01:00,7b316592-8036-41e2-b8dc-b06b6a9afd54,41.038285173896426,21.327864456616478,noise,32
2026-01-24T02:21:55+01:00,7b316592-8036-41e2-b8dc-b06b6a9afd54,41.038285173896426,21.327864456616478,noise_dba,41
2026-01-24T02:21:55+01:00,7b316592-8036-41e2-b8dc-b06b6a9afd54,41.038285173896426,21.327864456616478,pm10,39
2026-01-24T02:21:55+01:00,7b316592-8036-41e2-b8dc-b06b6a9afd54,41.038285173896426,21.327864456616478,pm25,22
2026-01-24T02:21:55+01:00,7b316592-8036-41e2-b8dc-b06b6a9afd54,41.038285173896426,21.327864456616478,pressure,933
2026-01-24T02:21:55+01:00,7b316592-8036-41e2-b8dc-b06b6a9afd54,41.038285173896426,21.327864456616478,temperature,7
2026-01-24T02:37:27+01:00,7b316592-8036-41e2-b8dc-b06b6a9afd54,41.038285173896426,21.327864456616478,gasResistance,121141
2026-01-24T02:37:27+01:00,7b316592-8036-41e2-b8dc-b06b6a9afd54,41.038285173896426,21.327864456616478,humidity,68
2026-01-24T02:37:27+01:00,7b316592-8036-41e2-b8dc-b06b6a9afd54,41.038285173896426,21.327864456616478,noise,36
2026-01-24T02:37:27+01:00,7b316592-8036-41e2-b8dc-b06b6a9afd54,41.038285173896426,21.327864456616478,noise_dba,43
2026-01-24T02:37:27+01:00,7b316592-8036-41e2-b8dc-b06b6a9afd54,41.038285173896426,21.327864456616478,pm10,32
2026-01-24T02:37:27+01:00,7b316592-8036-41e2-b8dc-b06b6a9afd54,41.038285173896426,21.327864456616478,pm25,19
2026-01-24T02:37:27+01:00,7b316592-8036-41e2-b8dc-b06b6a9afd54,41.038285173896426,21.327864456616478,pressure,933
2026-01-24T02:37:27+01:00,7b316592-8036-41e2-b8dc-b06b6a9afd54,41.038285173896426,21.327864456616478,temperature,7
2026-01-24T02:52:59+01:00,7b316592-8036-41e2-b8dc-b06b6a9afd54,41.038285173896426,21.327864456616478,gasResistance,122106
2026-01-24T02:52:59+01:00,7b316592-8036-41e2-b8dc-b06b6a9afd54,41.038285173896426,21.327864456616478,humidity,68
2026-01-24T02:52:59+01:00,7b316592-8036-41e2-b8dc-b06b6a9afd54,41.038285173896426,21.327864456616478,noise,42
2026-01-24T02:52:59+01:00,7b316592-8036-41e2-b8dc-b06b6a9afd54,41.038285173896426,21.327864456616478,noise_dba,45
2026-01-24T02:52:59+01:00,7b316592-8036-41e2-b8dc-b06b6a9afd54,41.038285173896426,21.327864456616478,pm10,27
2026-01-24T02:52:59+01:00,7b316592-8036-41e2-b8dc-b06b6a9afd54,41.038285173896426,21.327864456616478,pm25,16
2026-01-24T02:52:59+01:00,7b316592-8036-41e2-b8dc-b06b6a9afd54,41.038285173896426,21.327864456616478,pressure,933
2026-01-24T02:52:59+01:00,7b316592-8036-41e2-b8dc-b06b6a9afd54,41.038285173896426,21.327864456616478,temperature,7
2026-01-24T03:08:30+01:00,7b316592-8036-41e2-b8dc-b06b6a9afd54,41.038285173896426,21.327864456616478,gasResistance,124815
2026-01-24T03:08:30+01:00,7b316592-8036-41e2-b8dc-b06b6a9afd54,41.038285173896426,21.327864456616478,humidity,71
2026-01-24T03:08:30+01:00,7b316592-8036-41e2-b8dc-b06b6a9afd54,41.038285173896426,21.327864456616478,noise,56
2026-01-24T03:08:30+01:00,7b316592-8036-41e2-b8dc-b06b6a9afd54,41.038285173896426,21.327864456616478,noise_dba,50
2026-01-24T03:08:30+01:00,7b316592-8036-41e2-b8dc-b06b6a9afd54,41.038285173896426,21.327864456616478,pm10,30
2026-01-24T03:08:30+01:00,7b316592-8036-41e2-b8dc-b06b6a9afd54,41.038285173896426,21.327864456616478,pm25,17
2026-01-24T03:08:30+01:00,7b316592-8036-41e2-b8dc-b06b6a9afd54,41.038285173896426,21.327864456616478,pressure,933
2026-01-24T03:08:30+01:00,7b316592-8036-41e2-b8dc-b06b6a9afd54,41.038285173896426,21.327864456616478,temperature,6
2026-01-24T03:24:02+01:00,7b316592-8036-41e2-b8dc-b06b6a9afd54,41.038285173896426,21.327864456616478,gasResistance,130208
2026-01-24T03:24:02+01:00,7b316592-8036-41e2-b8dc-b06b6a9afd54,41.038285173896426,21.327864456616478,humidity,74
2026-01-24T03:24:02+01:00,7b316592-8036-41e2-b8dc-b06b6a9afd54,41.038285173896426,21.327864456616478,noise,61
2026-01-24T03:24:02+01:00,7b316592-8036-41e2-b8dc-b06b6a9afd54,41.038285173896426,21.327864456616478,noise_dba,52
2026-01-24T03:24:02+01:00,7b316592-8036-41e2-b8dc-b06b6a9afd54,41.038285173896426,21.327864456616478,pm10,25
2026-01-24T03:24:02+01:00,7b316592-8036-41e2-b8dc-b06b6a9afd54,41.038285173896426,21.327864456616478,pm25,15
2026-01-24T03:24:02+01:00,7b316592-8036-41e2-b8dc-b06b6a9afd54,41.038285173896426,21.327864456616478,pressure,933
2026-01-24T03:24:02+01:00,7b316592-8036-41e2-b8dc-b06b6a9afd54,41.038285173896426,21.327864456616478,temperature,6
2026-01-24T03:39:33+01:00,7b316592-8036-41e2-b8dc-b06b6a9afd54,41.038285173896426,21.327864456616478,gasResistance,133929
2026-01-24T03:39:33+01:00,7b316592-8036-41e2-b8dc-b06b6a9afd54,41.038285173896426,21.327864456616478,humidity,74
2026-01-24T03:39:33+01:00,7b316592-8036-41e2-b8dc-b06b6a9afd54,41.038285173896426,21.327864456616478,noise,59
2026-01-24T03:39:33+01:00,7b316592-8036-41e2-b8dc-b06b6a9afd54,41.038285173896426,21.327864456616478,noise_dba,51
2026-01-24T03:39:33+01:00,7b316592-8036-41e2-b8dc-b06b6a9afd54,41.038285173896426,21.327864456616478,pm10,24
2026-01-24T03:39:33+01:00,7b316592-8036-41e2-b8dc-b06b6a9afd54,41.038285173896426,21.327864456616478,pm25,14
2026-01-24T03:39:33+01:00,7b316592-8036-41e2-b8dc-b06b6a9afd54,41.038285173896426,21.327864456616478,pressure,933
2026-01-24T03:39:33+01:00,7b316592-8036-41e2-b8dc-b06b6a9afd54,41.038285173896426,21.327864456616478,temperature,5
2026-01-24T03:55:05+01:00,7b316592-8036-41e2-b8dc-b06b6a9afd54,41.038285173896426,21.327864456616478,gasResistance,137980
2026-01-24T03:55:05+01:00,7b316592-8036-41e2-b8dc-b06b6a9afd54,41.038285173896426,21.327864456616478,humidity,75
2026-01-24T03:55:05+01:00,7b316592-8036-41e2-b8dc-b06b6a9afd54,41.038285173896426,21.327864456616478,noise,61
2026-01-24T03:55:05+01:00,7b316592-8036-41e2-b8dc-b06b6a9afd54,41.038285173896426,21.327864456616478,noise_dba,52
2026-01-24T03:55:05+01:00,7b316592-8036-41e2-b8dc-b06b6a9afd54,41.038285173896426,21.327864456616478,pm10,27
2026-01-24T03:55:05+01:00,7b316592-8036-41e2-b8dc-b06b6a9afd54,41.038285173896426,21.327864456616478,pm25,17
2026-01-24T03:55:05+01:00,7b316592-8036-41e2-b8dc-b06b6a9afd54,41.038285173896426,21.327864456616478,pressure,933
2026-01-24T03:55:05+01:00,7b316592-8036-41e2-b8dc-b06b6a9afd54,41.038285173896426,21.327864456616478,temperature,5
2026-01-24T04:10:36+01:00,7b316592-8036-41e2-b8dc-b06b6a9afd54,41.038285173896426,21.327864456616478,gasResistance,142766
2026-01-24T04:10:36+01:00,7b316592-8036-41e2-b8dc-b06b6a9afd54,41.038285173896426,21.327864456616478,humidity,75
2026-01-24T04:10:36+01:00,7b316592-8036-41e2-b8dc-b06b6a9afd54,41.038285173896426,21.327864456616478,noise,72
2026-01-24T04:10:36+01:00,7b316592-8036-41e2-b8dc-b06b6a9afd54,41.038285173896426,21.327864456616478,noise_dba,54
2026-01-24T04:10:36+01:00,7b316592-8036-41e2-b8dc-b06b6a9afd54,41.038285173896426,21.327864456616478,pm10,21
2026-01-24T04:10:36+01:00,7b316592-8036-41e2-b8dc-b06b6a9afd54,41.038285173896426,21.327864456616478,pm25,14
2026-01-24T04:10:36+01:00,7b316592-8036-41e2-b8dc-b06b6a9afd54,41.038285173896426,21.327864456616478,pressure,933
2026-01-24T04:10:36+01:00,7b316592-8036-41e2-b8dc-b06b6a9afd54,41.038285173896426,21.327864456616478,temperature,5
2026-01-24T04:26:08+01:00,7b316592-8036-41e2-b8dc-b06b6a9afd54,41.038285173896426,21.327864456616478,gasResistance,144108
2026-01-24T04:26:08+01:00,7b316592-8036-41e2-b8dc-b06b6a9afd54,41.038285173896426,21.327864456616478,humidity,74
2026-01-24T04:26:08+01:00,7b316592-8036-41e2-b8dc-b06b6a9afd54,41.038285173896426,21.327864456616478,noise,68
2026-01-24T04:26:08+01:00,7b316592-8036-41e2-b8dc-b06b6a9afd54,41.038285173896426,21.327864456616478,noise_dba,53
2026-01-24T04:26:08+01:00,7b316592-8036-41e2-b8dc-b06b6a9afd54,41.038285173896426,21.327864456616478,pm10,17
2026-01-24T04:26:08+01:00,7b316592-8036-41e2-b8dc-b06b6a9afd54,41.038285173896426,21.327864456616478,pm25,11
2026-01-24T04:26:08+01:00,7b316592-8036-41e2-b8dc-b06b6a9afd54,41.038285173896426,21.327864456616478,pressure,933
2026-01-24T04:26:08+01:00,7b316592-8036-41e2-b8dc-b06b6a9afd54,41.038285173896426,21.327864456616478,temperature,5
2026-01-24T04:41:39+01:00,7b316592-8036-41e2-b8dc-b06b6a9afd54,41.038285173896426,21.327864456616478,gasResistance,145224
2026-01-24T04:41:39+01:00,7b316592-8036-41e2-b8dc-b06b6a9afd54,41.038285173896426,21.327864456616478,humidity,75
2026-01-24T04:41:39+01:00,7b316592-8036-41e2-b8dc-b06b6a9afd54,41.038285173896426,21.327864456616478,noise,61
2026-01-24T04:41:39+01:00,7b316592-8036-41e2-b8dc-b06b6a9afd54,41.038285173896426,21.327864456616478,noise_dba,52
2026-01-24T04:41:39+01:00,7b316592-8036-41e2-b8dc-b06b6a9afd54,41.038285173896426,21.327864456616478,pm10,16
2026-01-24T04:41:39+01:00,7b316592-8036-41e2-b8dc-b06b6a9afd54,41.038285173896426,21.327864456616478,pm25,10
2026-01-24T04:41:39+01:00,7b316592-8036-41e2-b8dc-b06b6a9afd54,41.038285173896426,21.327864456616478,pressure,933
2026-01-24T04:41:39+01:00,7b316592-8036-41e2-b8dc-b06b6a9afd54,41.038285173896426,21.327864456616478,temperature,5
2026-01-24T04:57:10+01:00,7b316592-8036-41e2-b8dc-b06b6a9afd54,41.038285173896426,21.327864456616478,gasResistance,152853
2026-01-24T04:57:10+01:00,7b316592-8036-41e2-b8dc-b06b6a9afd54,41.038285173896426,21.327864456616478,humidity,76
2026-01-24T04:57:10+01:00,7b316592-8036-41e2-b8dc-b06b6a9afd54,41.038285173896426,21.327864456616478,noise,67
2026-01-24T04:57:10+01:00,7b316592-8036-41e2-b8dc-b06b6a9afd54,41.038285173896426,21.327864456616478,noise_dba,53
2026-01-24T04:57:10+01:00,7b316592-8036-41e2-b8dc-b06b6a9afd54,41.038285173896426,21.327864456616478,pm10,14
2026-01-24T04:57:10+01:00,7b316592-8036-41e2-b8dc-b06b6a9afd54,41.038285173896426,21.327864456616478,pm25,9
2026-01-24T04:57:10+01:00,7b316592-8036-41e2-b8dc-b06b6a9afd54,41.038285173896426,21.327864456616478,pressure,933
2026-01-24T04:57:10+01:00,7b316592-8036-41e2-b8dc-b06b6a9afd54,41.038285173896426,21.327864456616478,temperature,4
2026-01-24T05:12:42+01:00,7b316592-8036-41e2-b8dc-b06b6a9afd54,41.038285173896426,21.327864456616478,gasResistance,153689
2026-01-24T05:12:42+01:00,7b316592-8036-41e2-b8dc-b06b6a9afd54,41.038285173896426,21.327864456616478,humidity,76
2026-01-24T05:12:42+01:00,7b316592-8036-41e2-b8dc-b06b6a9afd54,41.038285173896426,21.327864456616478,noise,66
2026-01-24T05:12:42+01:00,7b316592-8036-41e2-b8dc-b06b6a9afd54,41.038285173896426,21.327864456616478,noise_dba,53
2026-01-24T05:12:42+01:00,7b316592-8036-41e2-b8dc-b06b6a9afd54,41.038285173896426,21.327864456616478,pm10,14
2026-01-24T05:12:42+01:00,7b316592-8036-41e2-b8dc-b06b6a9afd54,41.038285173896426,21.327864456616478,pm25,11
2026-01-24T05:12:42+01:00,7b316592-8036-41e2-b8dc-b06b6a9afd54,41.038285173896426,21.327864456616478,pressure,933
2026-01-24T05:12:42+01:00,7b316592-8036-41e2-b8dc-b06b6a9afd54,41.038285173896426,21.327864456616478,temperature,4
2026-01-24T05:28:13+01:00,7b316592-8036-41e2-b8dc-b06b6a9afd54,41.038285173896426,21.327864456616478,gasResistance,153969
2026-01-24T05:28:13+01:00,7b316592-8036-41e2-b8dc-b06b6a9afd54,41.038285173896426,21.327864456616478,humidity,75
2026-01-24T05:28:13+01:00,7b316592-8036-41e2-b8dc-b06b6a9afd54,41.038285173896426,21.327864456616478,noise,59
2026-01-24T05:28:13+01:00,7b316592-8036-41e2-b8dc-b06b6a9afd54,41.038285173896426,21.327864456616478,noise_dba,51
2026-01-24T05:28:13+01:00,7b316592-8036-41e2-b8dc-b06b6a9afd54,41.038285173896426,21.327864456616478,pm10,16
2026-01-24T05:28:13+01:00,7b316592-8036-41e2-b8dc-b06b6a9afd54,41.038285173896426,21.327864456616478,pm25,10
2026-01-24T05:28:13+01:00,7b316592-8036-41e2-b8dc-b06b6a9afd54,41.038285173896426,21.327864456616478,pressure,933
2026-01-24T05:28:13+01:00,7b316592-8036-41e2-b8dc-b06b6a9afd54,41.038285173896426,21.327864456616478,temperature,4
2026-01-24T05:43:44+01:00,7b316592-8036-41e2-b8dc-b06b6a9afd54,41.038285173896426,21.327864456616478,gasResistance,155817
2026-01-24T05:43:44+01:00,7b316592-8036-41e2-b8dc-b06b6a9afd54,41.038285173896426,21.327864456616478,humidity,75
2026-01-24T05:43:44+01:00,7b316592-8036-41e2-b8dc-b06b6a9afd54,41.038285173896426,21.327864456616478,noise,56
2026-01-24T05:43:44+01:00,7b316592-8036-41e2-b8dc-b06b6a9afd54,41.038285173896426,21.327864456616478,noise_dba,50
2026-01-24T05:43:44+01:00,7b316592-8036-41e2-b8dc-b06b6a9afd54,41.038285173896426,21.327864456616478,pm10,19
2026-01-24T05:43:44+01:00,7b316592-8036-41e2-b8dc-b06b6a9afd54,41.038285173896426,21.327864456616478,pm25,13
2026-01-24T05:43:44+01:00,7b316592-8036-41e2-b8dc-b06b6a9afd54,41.038285173896426,21.327864456616478,pressure,934
2026-01-24T05:43:44+01:00,7b316592-8036-41e2-b8dc-b06b6a9afd54,41.038285173896426,21.327864456616478,temperature,4
2026-01-24T05:59:16+01:00,7b316592-8036-41e2-b8dc-b06b6a9afd54,41.038285173896426,21.327864456616478,gasResistance,158898
2026-01-24T05:59:16+01:00,7b316592-8036-41e2-b8dc-b06b6a9afd54,41.038285173896426,21.327864456616478,humidity,75
2026-01-24T05:59:16+01:00,7b316592-8036-41e2-b8dc-b06b6a9afd54,41.038285173896426,21.327864456616478,noise,63
2026-01-24T05:59:16+01:00,7b316592-8036-41e2-b8dc-b06b6a9afd54,41.038285173896426,21.327864456616478,noise_dba,52
2026-01-24T05:59:16+01:00,7b316592-8036-41e2-b8dc-b06b6a9afd54,41.038285173896426,21.327864456616478,pm10,28
2026-01-24T05:59:16+01:00,7b316592-8036-41e2-b8dc-b06b6a9afd54,41.038285173896426,21.327864456616478,pm25,19
2026-01-24T05:59:16+01:00,7b316592-8036-41e2-b8dc-b06b6a9afd54,41.038285173896426,21.327864456616478,pressure,934
2026-01-24T05:59:16+01:00,7b316592-8036-41e2-b8dc-b06b6a9afd54,41.038285173896426,21.327864456616478,temperature,4
2026-01-24T06:14:47+01:00,7b316592-8036-41e2-b8dc-b06b6a9afd54,41.038285173896426,21.327864456616478,gasResistance,157710
2026-01-24T06:14:47+01:00,7b316592-8036-41e2-b8dc-b06b6a9afd54,41.038285173896426,21.327864456616478,humidity,75
2026-01-24T06:14:47+01:00,7b316592-8036-41e2-b8dc-b06b6a9afd54,41.038285173896426,21.327864456616478,noise,50
2026-01-24T06:14:47+01:00,7b316592-8036-41e2-b8dc-b06b6a9afd54,41.038285173896426,21.327864456616478,noise_dba,48
2026-01-24T06:14:47+01:00,7b316592-8036-41e2-b8dc-b06b6a9afd54,41.038285173896426,21.327864456616478,pm10,23
2026-01-24T06:14:47+01:00,7b316592-8036-41e2-b8dc-b06b6a9afd54,41.038285173896426,21.327864456616478,pm25,15
2026-01-24T06:14:47+01:00,7b316592-8036-41e2-b8dc-b06b6a9afd54,41.038285173896426,21.327864456616478,pressure,934
2026-01-24T06:14:47+01:00,7b316592-8036-41e2-b8dc-b06b6a9afd54,41.038285173896426,21.327864456616478,temperature,4
2026-01-24T06:30:19+01:00,7b316592-8036-41e2-b8dc-b06b6a9afd54,41.038285173896426,21.327864456616478,gasResistance,158302
2026-01-24T06:30:19+01:00,7b316592-8036-41e2-b8dc-b06b6a9afd54,41.038285173896426,21.327864456616478,humidity,75
2026-01-24T06:30:19+01:00,7b316592-8036-41e2-b8dc-b06b6a9afd54,41.038285173896426,21.327864456616478,noise,62
2026-01-24T06:30:19+01:00,7b316592-8036-41e2-b8dc-b06b6a9afd54,41.038285173896426,21.327864456616478,noise_dba,52
2026-01-24T06:30:19+01:00,7b316592-8036-41e2-b8dc-b06b6a9afd54,41.038285173896426,21.327864456616478,pm10,13
2026-01-24T06:30:19+01:00,7b316592-8036-41e2-b8dc-b06b6a9afd54,41.038285173896426,21.327864456616478,pm25,8
2026-01-24T06:30:19+01:00,7b316592-8036-41e2-b8dc-b06b6a9afd54,41.038285173896426,21.327864456616478,pressure,934
2026-01-24T06:30:19+01:00,7b316592-8036-41e2-b8dc-b06b6a9afd54,41.038285173896426,21.327864456616478,temperature,4
2026-01-24T06:45:51+01:00,7b316592-8036-41e2-b8dc-b06b6a9afd54,41.038285173896426,21.327864456616478,gasResistance,162260
2026-01-24T06:45:51+01:00,7b316592-8036-41e2-b8dc-b06b6a9afd54,41.038285173896426,21.327864456616478,humidity,75
2026-01-24T06:45:51+01:00,7b316592-8036-41e2-b8dc-b06b6a9afd54,41.038285173896426,21.327864456616478,noise,61
2026-01-24T06:45:51+01:00,7b316592-8036-41e2-b8dc-b06b6a9afd54,41.038285173896426,21.327864456616478,noise_dba,52
2026-01-24T06:45:51+01:00,7b316592-8036-41e2-b8dc-b06b6a9afd54,41.038285173896426,21.327864456616478,pm10,24
2026-01-24T06:45:51+01:00,7b316592-8036-41e2-b8dc-b06b6a9afd54,41.038285173896426,21.327864456616478,pm25,13
2026-01-24T06:45:51+01:00,7b316592-8036-41e2-b8dc-b06b6a9afd54,41.038285173896426,21.327864456616478,pressure,934
2026-01-24T06:45:51+01:00,7b316592-8036-41e2-b8dc-b06b6a9afd54,41.038285173896426,21.327864456616478,temperature,4
2026-01-24T07:01:22+01:00,7b316592-8036-41e2-b8dc-b06b6a9afd54,41.038285173896426,21.327864456616478,gasResistance,159801
2026-01-24T07:01:22+01:00,7b316592-8036-41e2-b8dc-b06b6a9afd54,41.038285173896426,21.327864456616478,humidity,75
2026-01-24T07:01:22+01:00,7b316592-8036-41e2-b8dc-b06b6a9afd54,41.038285173896426,21.327864456616478,noise,74
2026-01-24T07:01:22+01:00,7b316592-8036-41e2-b8dc-b06b6a9afd54,41.038285173896426,21.327864456616478,noise_dba,55
2026-01-24T07:01:22+01:00,7b316592-8036-41e2-b8dc-b06b6a9afd54,41.038285173896426,21.327864456616478,pm10,17
2026-01-24T07:01:22+01:00,7b316592-8036-41e2-b8dc-b06b6a9afd54,41.038285173896426,21.327864456616478,pm25,11
2026-01-24T07:01:22+01:00,7b316592-8036-41e2-b8dc-b06b6a9afd54,41.038285173896426,21.327864456616478,pressure,934
2026-01-24T07:01:22+01:00,7b316592-8036-41e2-b8dc-b06b6a9afd54,41.038285173896426,21.327864456616478,temperature,4
2026-01-24T07:16:53+01:00,7b316592-8036-41e2-b8dc-b06b6a9afd54,41.038285173896426,21.327864456616478,gasResistance,161483
2026-01-24T07:16:53+01:00,7b316592-8036-41e2-b8dc-b06b6a9afd54,41.038285173896426,21.327864456616478,humidity,75
2026-01-24T07:16:53+01:00,7b316592-8036-41e2-b8dc-b06b6a9afd54,41.038285173896426,21.327864456616478,noise,46
2026-01-24T07:16:53+01:00,7b316592-8036-41e2-b8dc-b06b6a9afd54,41.038285173896426,21.327864456616478,noise_dba,47
2026-01-24T07:16:53+01:00,7b316592-8036-41e2-b8dc-b06b6a9afd54,41.038285173896426,21.327864456616478,pm10,27
2026-01-24T07:16:53+01:00,7b316592-8036-41e2-b8dc-b06b6a9afd54,41.038285173896426,21.327864456616478,pm25,16
2026-01-24T07:16:53+01:00,7b316592-8036-41e2-b8dc-b06b6a9afd54,41.038285173896426,21.327864456616478,pressure,934
2026-01-24T07:16:53+01:00,7b316592-8036-41e2-b8dc-b06b6a9afd54,41.038285173896426,21.327864456616478,temperature,4
2026-01-24T07:32:25+01:00,7b316592-8036-41e2-b8dc-b06b6a9afd54,41.038285173896426,21.327864456616478,gasResistance,162886
2026-01-24T07:32:25+01:00,7b316592-8036-41e2-b8dc-b06b6a9afd54,41.038285173896426,21.327864456616478,humidity,75
2026-01-24T07:32:25+01:00,7b316592-8036-41e2-b8dc-b06b6a9afd54,41.038285173896426,21.327864456616478,noise,63
2026-01-24T07:32:25+01:00,7b316592-8036-41e2-b8dc-b06b6a9afd54,41.038285173896426,21.327864456616478,noise_dba,52
2026-01-24T07:32:25+01:00,7b316592-8036-41e2-b8dc-b06b6a9afd54,41.038285173896426,21.327864456616478,pm10,26
2026-01-24T07:32:25+01:00,7b316592-8036-41e2-b8dc-b06b6a9afd54,41.038285173896426,21.327864456616478,pm25,15
2026-01-24T07:32:25+01:00,7b316592-8036-41e2-b8dc-b06b6a9afd54,41.038285173896426,21.327864456616478,pressure,934
2026-01-24T07:32:25+01:00,7b316592-8036-41e2-b8dc-b06b6a9afd54,41.038285173896426,21.327864456616478,temperature,4
2026-01-24T07:47:56+01:00,7b316592-8036-41e2-b8dc-b06b6a9afd54,41.038285173896426,21.327864456616478,gasResistance,163517
2026-01-24T07:47:56+01:00,7b316592-8036-41e2-b8dc-b06b6a9afd54,41.038285173896426,21.327864456616478,humidity,76
2026-01-24T07:47:56+01:00,7b316592-8036-41e2-b8dc-b06b6a9afd54,41.038285173896426,21.327864456616478,noise,60
2026-01-24T07:47:56+01:00,7b316592-8036-41e2-b8dc-b06b6a9afd54,41.038285173896426,21.327864456616478,noise_dba,51
2026-01-24T07:47:56+01:00,7b316592-8036-41e2-b8dc-b06b6a9afd54,41.038285173896426,21.327864456616478,pm10,37
2026-01-24T07:47:56+01:00,7b316592-8036-41e2-b8dc-b06b6a9afd54,41.038285173896426,21.327864456616478,pm25,25
2026-01-24T07:47:56+01:00,7b316592-8036-41e2-b8dc-b06b6a9afd54,41.038285173896426,21.327864456616478,pressure,935
2026-01-24T07:47:56+01:00,7b316592-8036-41e2-b8dc-b06b6a9afd54,41.038285173896426,21.327864456616478,temperature,4
2026-01-24T08:03:28+01:00,7b316592-8036-41e2-b8dc-b06b6a9afd54,41.038285173896426,21.327864456616478,gasResistance,162572
2026-01-24T08:03:28+01:00,7b316592-8036-41e2-b8dc-b06b6a9afd54,41.038285173896426,21.327864456616478,humidity,75
2026-01-24T08:03:28+01:00,7b316592-8036-41e2-b8dc-b06b6a9afd54,41.038285173896426,21.327864456616478,noise,59
2026-01-24T08:03:28+01:00,7b316592-8036-41e2-b8dc-b06b6a9afd54,41.038285173896426,21.327864456616478,noise_dba,51
2026-01-24T08:03:28+01:00,7b316592-8036-41e2-b8dc-b06b6a9afd54,41.038285173896426,21.327864456616478,pm10,21
2026-01-24T08:03:28+01:00,7b316592-8036-41e2-b8dc-b06b6a9afd54,41.038285173896426,21.327864456616478,pm25,15
2026-01-24T08:03:28+01:00,7b316592-8036-41e2-b8dc-b06b6a9afd54,41.038285173896426,21.327864456616478,pressure,935
2026-01-24T08:03:28+01:00,7b316592-8036-41e2-b8dc-b06b6a9afd54,41.038285173896426,21.327864456616478,temperature,4
2026-01-24T08:18:59+01:00,7b316592-8036-41e2-b8dc-b06b6a9afd54,41.038285173896426,21.327864456616478,gasResistance,162104
2026-01-24T08:18:59+01:00,7b316592-8036-41e2-b8dc-b06b6a9afd54,41.038285173896426,21.327864456616478,humidity,75
2026-01-24T08:18:59+01:00,7b316592-8036-41e2-b8dc-b06b6a9afd54,41.038285173896426,21.327864456616478,noise,63
2026-01-24T08:18:59+01:00,7b316592-8036-41e2-b8dc-b06b6a9afd54,41.038285173896426,21.327864456616478,noise_dba,52
2026-01-24T08:18:59+01:00,7b316592-8036-41e2-b8dc-b06b6a9afd54,41.038285173896426,21.327864456616478,pm10,35
2026-01-24T08:18:59+01:00,7b316592-8036-41e2-b8dc-b06b6a9afd54,41.038285173896426,21.327864456616478,pm25,24
2026-01-24T08:18:59+01:00,7b316592-8036-41e2-b8dc-b06b6a9afd54,41.038285173896426,21.327864456616478,pressure,935
2026-01-24T08:18:59+01:00,7b316592-8036-41e2-b8dc-b06b6a9afd54,41.038285173896426,21.327864456616478,temperature,4
2026-01-24T08:34:30+01:00,7b316592-8036-41e2-b8dc-b06b6a9afd54,41.038285173896426,21.327864456616478,gasResistance,161175
2026-01-24T08:34:30+01:00,7b316592-8036-41e2-b8dc-b06b6a9afd54,41.038285173896426,21.327864456616478,humidity,76
2026-01-24T08:34:30+01:00,7b316592-8036-41e2-b8dc-b06b6a9afd54,41.038285173896426,21.327864456616478,noise,64
2026-01-24T08:34:30+01:00,7b316592-8036-41e2-b8dc-b06b6a9afd54,41.038285173896426,21.327864456616478,noise_dba,52
2026-01-24T08:34:30+01:00,7b316592-8036-41e2-b8dc-b06b6a9afd54,41.038285173896426,21.327864456616478,pm10,47
2026-01-24T08:34:30+01:00,7b316592-8036-41e2-b8dc-b06b6a9afd54,41.038285173896426,21.327864456616478,pm25,27
2026-01-24T08:34:30+01:00,7b316592-8036-41e2-b8dc-b06b6a9afd54,41.038285173896426,21.327864456616478,pressure,935
2026-01-24T08:34:30+01:00,7b316592-8036-41e2-b8dc-b06b6a9afd54,41.038285173896426,21.327864456616478,temperature,5
2026-01-24T08:50:02+01:00,7b316592-8036-41e2-b8dc-b06b6a9afd54,41.038285173896426,21.327864456616478,gasResistance,162886
2026-01-24T08:50:02+01:00,7b316592-8036-41e2-b8dc-b06b6a9afd54,41.038285173896426,21.327864456616478,humidity,76
2026-01-24T08:50:02+01:00,7b316592-8036-41e2-b8dc-b06b6a9afd54,41.038285173896426,21.327864456616478,noise,69
2026-01-24T08:50:02+01:00,7b316592-8036-41e2-b8dc-b06b6a9afd54,41.038285173896426,21.327864456616478,noise_dba,53
2026-01-24T08:50:02+01:00,7b316592-8036-41e2-b8dc-b06b6a9afd54,41.038285173896426,21.327864456616478,pm10,47
2026-01-24T08:50:02+01:00,7b316592-8036-41e2-b8dc-b06b6a9afd54,41.038285173896426,21.327864456616478,pm25,17
2026-01-24T08:50:02+01:00,7b316592-8036-41e2-b8dc-b06b6a9afd54,41.038285173896426,21.327864456616478,pressure,935
2026-01-24T08:50:02+01:00,7b316592-8036-41e2-b8dc-b06b6a9afd54,41.038285173896426,21.327864456616478,temperature,5
2026-01-24T09:05:34+01:00,7b316592-8036-41e2-b8dc-b06b6a9afd54,41.038285173896426,21.327864456616478,gasResistance,163359
2026-01-24T09:05:34+01:00,7b316592-8036-41e2-b8dc-b06b6a9afd54,41.038285173896426,21.327864456616478,humidity,76
2026-01-24T09:05:34+01:00,7b316592-8036-41e2-b8dc-b06b6a9afd54,41.038285173896426,21.327864456616478,noise,67
2026-01-24T09:05:34+01:00,7b316592-8036-41e2-b8dc-b06b6a9afd54,41.038285173896426,21.327864456616478,noise_dba,53
2026-01-24T09:05:34+01:00,7b316592-8036-41e2-b8dc-b06b6a9afd54,41.038285173896426,21.327864456616478,pm10,37
2026-01-24T09:05:34+01:00,7b316592-8036-41e2-b8dc-b06b6a9afd54,41.038285173896426,21.327864456616478,pm25,22
2026-01-24T09:05:34+01:00,7b316592-8036-41e2-b8dc-b06b6a9afd54,41.038285173896426,21.327864456616478,pressure,935
2026-01-24T09:05:34+01:00,7b316592-8036-41e2-b8dc-b06b6a9afd54,41.038285173896426,21.327864456616478,temperature,5
2026-01-24T09:21:05+01:00,7b316592-8036-41e2-b8dc-b06b6a9afd54,41.038285173896426,21.327864456616478,gasResistance,162886
2026-01-24T09:21:05+01:00,7b316592-8036-41e2-b8dc-b06b6a9afd54,41.038285173896426,21.327864456616478,humidity,76
2026-01-24T09:21:05+01:00,7b316592-8036-41e2-b8dc-b06b6a9afd54,41.038285173896426,21.327864456616478,noise,66
2026-01-24T09:21:05+01:00,7b316592-8036-41e2-b8dc-b06b6a9afd54,41.038285173896426,21.327864456616478,noise_dba,53
2026-01-24T09:21:05+01:00,7b316592-8036-41e2-b8dc-b06b6a9afd54,41.038285173896426,21.327864456616478,pm10,41
2026-01-24T09:21:05+01:00,7b316592-8036-41e2-b8dc-b06b6a9afd54,41.038285173896426,21.327864456616478,pm25,25
2026-01-24T09:21:05+01:00,7b316592-8036-41e2-b8dc-b06b6a9afd54,41.038285173896426,21.327864456616478,pressure,935
2026-01-24T09:21:05+01:00,7b316592-8036-41e2-b8dc-b06b6a9afd54,41.038285173896426,21.327864456616478,temperature,5
2026-01-24T09:36:37+01:00,7b316592-8036-41e2-b8dc-b06b6a9afd54,41.038285173896426,21.327864456616478,gasResistance,162572
2026-01-24T09:36:37+01:00,7b316592-8036-41e2-b8dc-b06b6a9afd54,41.038285173896426,21.327864456616478,humidity,76
2026-01-24T09:36:37+01:00,7b316592-8036-41e2-b8dc-b06b6a9afd54,41.038285173896426,21.327864456616478,noise,61
2026-01-24T09:36:37+01:00,7b316592-8036-41e2-b8dc-b06b6a9afd54,41.038285173896426,21.327864456616478,noise_dba,52
2026-01-24T09:36:37+01:00,7b316592-8036-41e2-b8dc-b06b6a9afd54,41.038285173896426,21.327864456616478,pm10,26
2026-01-24T09:36:37+01:00,7b316592-8036-41e2-b8dc-b06b6a9afd54,41.038285173896426,21.327864456616478,pm25,18
2026-01-24T09:36:37+01:00,7b316592-8036-41e2-b8dc-b06b6a9afd54,41.038285173896426,21.327864456616478,pressure,935
2026-01-24T09:36:37+01:00,7b316592-8036-41e2-b8dc-b06b6a9afd54,41.038285173896426,21.327864456616478,temperature,5
2026-01-24T09:52:08+01:00,7b316592-8036-41e2-b8dc-b06b6a9afd54,41.038285173896426,21.327864456616478,gasResistance,164795
2026-01-24T09:52:08+01:00,7b316592-8036-41e2-b8dc-b06b6a9afd54,41.038285173896426,21.327864456616478,humidity,75
2026-01-24T09:52:08+01:00,7b316592-8036-41e2-b8dc-b06b6a9afd54,41.038285173896426,21.327864456616478,noise,73
2026-01-24T09:52:08+01:00,7b316592-8036-41e2-b8dc-b06b6a9afd54,41.038285173896426,21.327864456616478,noise_dba,54
2026-01-24T09:52:08+01:00,7b316592-8036-41e2-b8dc-b06b6a9afd54,41.038285173896426,21.327864456616478,pm10,29
2026-01-24T09:52:08+01:00,7b316592-8036-41e2-b8dc-b06b6a9afd54,41.038285173896426,21.327864456616478,pm25,19
2026-01-24T09:52:08+01:00,7b316592-8036-41e2-b8dc-b06b6a9afd54,41.038285173896426,21.327864456616478,pressure,935
2026-01-24T09:52:08+01:00,7b316592-8036-41e2-b8dc-b06b6a9afd54,41.038285173896426,21.327864456616478,temperature,5
2026-01-24T10:07:39+01:00,7b316592-8036-41e2-b8dc-b06b6a9afd54,41.038285173896426,21.327864456616478,gasResistance,160867
2026-01-24T10:07:39+01:00,7b316592-8036-41e2-b8dc-b06b6a9afd54,41.038285173896426,21.327864456616478,humidity,75
2026-01-24T10:07:39+01:00,7b316592-8036-41e2-b8dc-b06b6a9afd54,41.038285173896426,21.327864456616478,noise,53
2026-01-24T10:07:39+01:00,7b316592-8036-41e2-b8dc-b06b6a9afd54,41.038285173896426,21.327864456616478,noise_dba,49
2026-01-24T10:07:39+01:00,7b316592-8036-41e2-b8dc-b06b6a9afd54,41.038285173896426,21.327864456616478,pm10,49
2026-01-24T10:07:39+01:00,7b316592-8036-41e2-b8dc-b06b6a9afd54,41.038285173896426,21.327864456616478,pm25,34
2026-01-24T10:07:39+01:00,7b316592-8036-41e2-b8dc-b06b6a9afd54,41.038285173896426,21.327864456616478,pressure,935
2026-01-24T10:07:39+01:00,7b316592-8036-41e2-b8dc-b06b6a9afd54,41.038285173896426,21.327864456616478,temperature,5
2026-01-24T10:23:11+01:00,7b316592-8036-41e2-b8dc-b06b6a9afd54,41.038285173896426,21.327864456616478,gasResistance,159348
2026-01-24T10:23:11+01:00,7b316592-8036-41e2-b8dc-b06b6a9afd54,41.038285173896426,21.327864456616478,humidity,75
2026-01-24T10:23:11+01:00,7b316592-8036-41e2-b8dc-b06b6a9afd54,41.038285173896426,21.327864456616478,noise,65
2026-01-24T10:23:11+01:00,7b316592-8036-41e2-b8dc-b06b6a9afd54,41.038285173896426,21.327864456616478,noise_dba,53
2026-01-24T10:23:11+01:00,7b316592-8036-41e2-b8dc-b06b6a9afd54,41.038285173896426,21.327864456616478,pm10,55
2026-01-24T10:23:11+01:00,7b316592-8036-41e2-b8dc-b06b6a9afd54,41.038285173896426,21.327864456616478,pm25,38
2026-01-24T10:23:11+01:00,7b316592-8036-41e2-b8dc-b06b6a9afd54,41.038285173896426,21.327864456616478,pressure,936
2026-01-24T10:23:11+01:00,7b316592-8036-41e2-b8dc-b06b6a9afd54,41.038285173896426,21.327864456616478,temperature,5
2026-01-24T10:38:42+01:00,7b316592-8036-41e2-b8dc-b06b6a9afd54,41.038285173896426,21.327864456616478,gasResistance,159198
2026-01-24T10:38:42+01:00,7b316592-8036-41e2-b8dc-b06b6a9afd54,41.038285173896426,21.327864456616478,humidity,74
2026-01-24T10:38:42+01:00,7b316592-8036-41e2-b8dc-b06b6a9afd54,41.038285173896426,21.327864456616478,noise,61
2026-01-24T10:38:42+01:00,7b316592-8036-41e2-b8dc-b06b6a9afd54,41.038285173896426,21.327864456616478,noise_dba,52
2026-01-24T10:38:42+01:00,7b316592-8036-41e2-b8dc-b06b6a9afd54,41.038285173896426,21.327864456616478,pm10,35
2026-01-24T10:38:42+01:00,7b316592-8036-41e2-b8dc-b06b6a9afd54,41.038285173896426,21.327864456616478,pm25,28
2026-01-24T10:38:42+01:00,7b316592-8036-41e2-b8dc-b06b6a9afd54,41.038285173896426,21.327864456616478,pressure,936
2026-01-24T10:38:42+01:00,7b316592-8036-41e2-b8dc-b06b6a9afd54,41.038285173896426,21.327864456616478,temperature,5
2026-01-24T10:54:13+01:00,7b316592-8036-41e2-b8dc-b06b6a9afd54,41.038285173896426,21.327864456616478,gasResistance,158302
2026-01-24T10:54:13+01:00,7b316592-8036-41e2-b8dc-b06b6a9afd54,41.038285173896426,21.327864456616478,humidity,74
2026-01-24T10:54:13+01:00,7b316592-8036-41e2-b8dc-b06b6a9afd54,41.038285173896426,21.327864456616478,noise,69
2026-01-24T10:54:13+01:00,7b316592-8036-41e2-b8dc-b06b6a9afd54,41.038285173896426,21.327864456616478,noise_dba,53
2026-01-24T10:54:13+01:00,7b316592-8036-41e2-b8dc-b06b6a9afd54,41.038285173896426,21.327864456616478,pm10,42
2026-01-24T10:54:13+01:00,7b316592-8036-41e2-b8dc-b06b6a9afd54,41.038285173896426,21.327864456616478,pm25,29
2026-01-24T10:54:13+01:00,7b316592-8036-41e2-b8dc-b06b6a9afd54,41.038285173896426,21.327864456616478,pressure,936
2026-01-24T10:54:13+01:00,7b316592-8036-41e2-b8dc-b06b6a9afd54,41.038285173896426,21.327864456616478,temperature,5
2026-01-24T11:09:45+01:00,7b316592-8036-41e2-b8dc-b06b6a9afd54,41.038285173896426,21.327864456616478,gasResistance,157123
2026-01-24T11:09:45+01:00,7b316592-8036-41e2-b8dc-b06b6a9afd54,41.038285173896426,21.327864456616478,humidity,73
2026-01-24T11:09:45+01:00,7b316592-8036-41e2-b8dc-b06b6a9afd54,41.038285173896426,21.327864456616478,noise,57
2026-01-24T11:09:45+01:00,7b316592-8036-41e2-b8dc-b06b6a9afd54,41.038285173896426,21.327864456616478,noise_dba,50
2026-01-24T11:09:45+01:00,7b316592-8036-41e2-b8dc-b06b6a9afd54,41.038285173896426,21.327864456616478,pm10,46
2026-01-24T11:09:45+01:00,7b316592-8036-41e2-b8dc-b06b6a9afd54,41.038285173896426,21.327864456616478,pm25,35
2026-01-24T11:09:45+01:00,7b316592-8036-41e2-b8dc-b06b6a9afd54,41.038285173896426,21.327864456616478,pressure,936
2026-01-24T11:09:45+01:00,7b316592-8036-41e2-b8dc-b06b6a9afd54,41.038285173896426,21.327864456616478,temperature,5
2026-01-24T11:25:17+01:00,7b316592-8036-41e2-b8dc-b06b6a9afd54,41.038285173896426,21.327864456616478,gasResistance,155673
2026-01-24T11:25:17+01:00,7b316592-8036-41e2-b8dc-b06b6a9afd54,41.038285173896426,21.327864456616478,humidity,73
2026-01-24T11:25:17+01:00,7b316592-8036-41e2-b8dc-b06b6a9afd54,41.038285173896426,21.327864456616478,noise,56
2026-01-24T11:25:17+01:00,7b316592-8036-41e2-b8dc-b06b6a9afd54,41.038285173896426,21.327864456616478,noise_dba,50
2026-01-24T11:25:17+01:00,7b316592-8036-41e2-b8dc-b06b6a9afd54,41.038285173896426,21.327864456616478,pm10,75
2026-01-24T11:25:17+01:00,7b316592-8036-41e2-b8dc-b06b6a9afd54,41.038285173896426,21.327864456616478,pm25,50
2026-01-24T11:25:17+01:00,7b316592-8036-41e2-b8dc-b06b6a9afd54,41.038285173896426,21.327864456616478,pressure,936
2026-01-24T11:25:17+01:00,7b316592-8036-41e2-b8dc-b06b6a9afd54,41.038285173896426,21.327864456616478,temperature,6
2026-01-24T11:40:48+01:00,7b316592-8036-41e2-b8dc-b06b6a9afd54,41.038285173896426,21.327864456616478,gasResistance,153969
2026-01-24T11:40:48+01:00,7b316592-8036-41e2-b8dc-b06b6a9afd54,41.038285173896426,21.327864456616478,humidity,73
2026-01-24T11:40:48+01:00,7b316592-8036-41e2-b8dc-b06b6a9afd54,41.038285173896426,21.327864456616478,noise,66
2026-01-24T11:40:48+01:00,7b316592-8036-41e2-b8dc-b06b6a9afd54,41.038285173896426,21.327864456616478,noise_dba,53
2026-01-24T11:40:48+01:00,7b316592-8036-41e2-b8dc-b06b6a9afd54,41.038285173896426,21.327864456616478,pm10,74
2026-01-24T11:40:48+01:00,7b316592-8036-41e2-b8dc-b06b6a9afd54,41.038285173896426,21.327864456616478,pm25,48
2026-01-24T11:40:48+01:00,7b316592-8036-41e2-b8dc-b06b6a9afd54,41.038285173896426,21.327864456616478,pressure,936
2026-01-24T11:40:48+01:00,7b316592-8036-41e2-b8dc-b06b6a9afd54,41.038285173896426,21.327864456616478,temperature,6
2026-01-24T11:56:20+01:00,7b316592-8036-41e2-b8dc-b06b6a9afd54,41.038285173896426,21.327864456616478,gasResistance,152027
2026-01-24T11:56:20+01:00,7b316592-8036-41e2-b8dc-b06b6a9afd54,41.038285173896426,21.327864456616478,humidity,74
2026-01-24T11:56:20+01:00,7b316592-8036-41e2-b8dc-b06b6a9afd54,41.038285173896426,21.327864456616478,noise,61
2026-01-24T11:56:20+01:00,7b316592-8036-41e2-b8dc-b06b6a9afd54,41.038285173896426,21.327864456616478,noise_dba,52
2026-01-24T11:56:20+01:00,7b316592-8036-41e2-b8dc-b06b6a9afd54,41.038285173896426,21.327864456616478,pm10,80
2026-01-24T11:56:20+01:00,7b316592-8036-41e2-b8dc-b06b6a9afd54,41.038285173896426,21.327864456616478,pm25,53
2026-01-24T11:56:20+01:00,7b316592-8036-41e2-b8dc-b06b6a9afd54,41.038285173896426,21.327864456616478,pressure,936
2026-01-24T11:56:20+01:00,7b316592-8036-41e2-b8dc-b06b6a9afd54,41.038285173896426,21.327864456616478,temperature,6
2026-01-24T12:11:51+01:00,7b316592-8036-41e2-b8dc-b06b6a9afd54,41.038285173896426,21.327864456616478,gasResistance,151074
2026-01-24T12:11:51+01:00,7b316592-8036-41e2-b8dc-b06b6a9afd54,41.038285173896426,21.327864456616478,humidity,74
2026-01-24T12:11:51+01:00,7b316592-8036-41e2-b8dc-b06b6a9afd54,41.038285173896426,21.327864456616478,noise,61
2026-01-24T12:11:51+01:00,7b316592-8036-41e2-b8dc-b06b6a9afd54,41.038285173896426,21.327864456616478,noise_dba,52
2026-01-24T12:11:51+01:00,7b316592-8036-41e2-b8dc-b06b6a9afd54,41.038285173896426,21.327864456616478,pm10,96
2026-01-24T12:11:51+01:00,7b316592-8036-41e2-b8dc-b06b6a9afd54,41.038285173896426,21.327864456616478,pm25,61
2026-01-24T12:11:51+01:00,7b316592-8036-41e2-b8dc-b06b6a9afd54,41.038285173896426,21.327864456616478,pressure,936
2026-01-24T12:11:51+01:00,7b316592-8036-41e2-b8dc-b06b6a9afd54,41.038285173896426,21.327864456616478,temperature,6
2026-01-24T12:27:23+01:00,7b316592-8036-41e2-b8dc-b06b6a9afd54,41.038285173896426,21.327864456616478,gasResistance,150000
2026-01-24T12:27:23+01:00,7b316592-8036-41e2-b8dc-b06b6a9afd54,41.038285173896426,21.327864456616478,humidity,74
2026-01-24T12:27:23+01:00,7b316592-8036-41e2-b8dc-b06b6a9afd54,41.038285173896426,21.327864456616478,noise,68
2026-01-24T12:27:23+01:00,7b316592-8036-41e2-b8dc-b06b6a9afd54,41.038285173896426,21.327864456616478,noise_dba,53
2026-01-24T12:27:23+01:00,7b316592-8036-41e2-b8dc-b06b6a9afd54,41.038285173896426,21.327864456616478,pm10,66
2026-01-24T12:27:23+01:00,7b316592-8036-41e2-b8dc-b06b6a9afd54,41.038285173896426,21.327864456616478,pm25,46
2026-01-24T12:27:23+01:00,7b316592-8036-41e2-b8dc-b06b6a9afd54,41.038285173896426,21.327864456616478,pressure,935
2026-01-24T12:27:23+01:00,7b316592-8036-41e2-b8dc-b06b6a9afd54,41.038285173896426,21.327864456616478,temperature,6
2026-01-24T12:42:54+01:00,7b316592-8036-41e2-b8dc-b06b6a9afd54,41.038285173896426,21.327864456616478,gasResistance,150000
2026-01-24T12:42:54+01:00,7b316592-8036-41e2-b8dc-b06b6a9afd54,41.038285173896426,21.327864456616478,humidity,75
2026-01-24T12:42:54+01:00,7b316592-8036-41e2-b8dc-b06b6a9afd54,41.038285173896426,21.327864456616478,noise,55
2026-01-24T12:42:54+01:00,7b316592-8036-41e2-b8dc-b06b6a9afd54,41.038285173896426,21.327864456616478,noise_dba,50
2026-01-24T12:42:54+01:00,7b316592-8036-41e2-b8dc-b06b6a9afd54,41.038285173896426,21.327864456616478,pm10,58
2026-01-24T12:42:54+01:00,7b316592-8036-41e2-b8dc-b06b6a9afd54,41.038285173896426,21.327864456616478,pm25,38
2026-01-24T12:42:54+01:00,7b316592-8036-41e2-b8dc-b06b6a9afd54,41.038285173896426,21.327864456616478,pressure,935
2026-01-24T12:42:54+01:00,7b316592-8036-41e2-b8dc-b06b6a9afd54,41.038285173896426,21.327864456616478,temperature,6
2026-01-24T12:58:25+01:00,7b316592-8036-41e2-b8dc-b06b6a9afd54,41.038285173896426,21.327864456616478,gasResistance,149601
2026-01-24T12:58:25+01:00,7b316592-8036-41e2-b8dc-b06b6a9afd54,41.038285173896426,21.327864456616478,humidity,77
2026-01-24T12:58:25+01:00,7b316592-8036-41e2-b8dc-b06b6a9afd54,41.038285173896426,21.327864456616478,noise,62
2026-01-24T12:58:25+01:00,7b316592-8036-41e2-b8dc-b06b6a9afd54,41.038285173896426,21.327864456616478,noise_dba,52
2026-01-24T12:58:25+01:00,7b316592-8036-41e2-b8dc-b06b6a9afd54,41.038285173896426,21.327864456616478,pm10,34
2026-01-24T12:58:25+01:00,7b316592-8036-41e2-b8dc-b06b6a9afd54,41.038285173896426,21.327864456616478,pm25,24
2026-01-24T12:58:25+01:00,7b316592-8036-41e2-b8dc-b06b6a9afd54,41.038285173896426,21.327864456616478,pressure,935
2026-01-24T12:58:25+01:00,7b316592-8036-41e2-b8dc-b06b6a9afd54,41.038285173896426,21.327864456616478,temperature,6
2026-01-24T13:13:57+01:00,7b316592-8036-41e2-b8dc-b06b6a9afd54,41.038285173896426,21.327864456616478,gasResistance,151345
2026-01-24T13:13:57+01:00,7b316592-8036-41e2-b8dc-b06b6a9afd54,41.038285173896426,21.327864456616478,humidity,76
2026-01-24T13:13:57+01:00,7b316592-8036-41e2-b8dc-b06b6a9afd54,41.038285173896426,21.327864456616478,noise,59
2026-01-24T13:13:57+01:00,7b316592-8036-41e2-b8dc-b06b6a9afd54,41.038285173896426,21.327864456616478,noise_dba,51
2026-01-24T13:13:57+01:00,7b316592-8036-41e2-b8dc-b06b6a9afd54,41.038285173896426,21.327864456616478,pm10,35
2026-01-24T13:13:57+01:00,7b316592-8036-41e2-b8dc-b06b6a9afd54,41.038285173896426,21.327864456616478,pm25,26
2026-01-24T13:13:57+01:00,7b316592-8036-41e2-b8dc-b06b6a9afd54,41.038285173896426,21.327864456616478,pressure,935
2026-01-24T13:13:57+01:00,7b316592-8036-41e2-b8dc-b06b6a9afd54,41.038285173896426,21.327864456616478,temperature,6
2026-01-24T13:29:28+01:00,7b316592-8036-41e2-b8dc-b06b6a9afd54,41.038285173896426,21.327864456616478,gasResistance,149867
2026-01-24T13:29:28+01:00,7b316592-8036-41e2-b8dc-b06b6a9afd54,41.038285173896426,21.327864456616478,humidity,75
2026-01-24T13:29:28+01:00,7b316592-8036-41e2-b8dc-b06b6a9afd54,41.038285173896426,21.327864456616478,noise,63
2026-01-24T13:29:28+01:00,7b316592-8036-41e2-b8dc-b06b6a9afd54,41.038285173896426,21.327864456616478,noise_dba,52
2026-01-24T13:29:28+01:00,7b316592-8036-41e2-b8dc-b06b6a9afd54,41.038285173896426,21.327864456616478,pm10,73
2026-01-24T13:29:28+01:00,7b316592-8036-41e2-b8dc-b06b6a9afd54,41.038285173896426,21.327864456616478,pm25,45
2026-01-24T13:29:28+01:00,7b316592-8036-41e2-b8dc-b06b6a9afd54,41.038285173896426,21.327864456616478,pressure,935
2026-01-24T13:29:28+01:00,7b316592-8036-41e2-b8dc-b06b6a9afd54,41.038285173896426,21.327864456616478,temperature,6
2026-01-24T13:45:00+01:00,7b316592-8036-41e2-b8dc-b06b6a9afd54,41.038285173896426,21.327864456616478,gasResistance,151210
2026-01-24T13:45:00+01:00,7b316592-8036-41e2-b8dc-b06b6a9afd54,41.038285173896426,21.327864456616478,humidity,74
2026-01-24T13:45:00+01:00,7b316592-8036-41e2-b8dc-b06b6a9afd54,41.038285173896426,21.327864456616478,noise,63
2026-01-24T13:45:00+01:00,7b316592-8036-41e2-b8dc-b06b6a9afd54,41.038285173896426,21.327864456616478,noise_dba,52
2026-01-24T13:45:00+01:00,7b316592-8036-41e2-b8dc-b06b6a9afd54,41.038285173896426,21.327864456616478,pm10,68
2026-01-24T13:45:00+01:00,7b316592-8036-41e2-b8dc-b06b6a9afd54,41.038285173896426,21.327864456616478,pm25,43
2026-01-24T13:45:00+01:00,7b316592-8036-41e2-b8dc-b06b6a9afd54,41.038285173896426,21.327864456616478,pressure,935
2026-01-24T13:45:00+01:00,7b316592-8036-41e2-b8dc-b06b6a9afd54,41.038285173896426,21.327864456616478,temperature,6
2026-01-24T14:00:31+01:00,7b316592-8036-41e2-b8dc-b06b6a9afd54,41.038285173896426,21.327864456616478,gasResistance,145099
2026-01-24T14:00:31+01:00,7b316592-8036-41e2-b8dc-b06b6a9afd54,41.038285173896426,21.327864456616478,humidity,74
2026-01-24T14:00:31+01:00,7b316592-8036-41e2-b8dc-b06b6a9afd54,41.038285173896426,21.327864456616478,noise,64
2026-01-24T14:00:31+01:00,7b316592-8036-41e2-b8dc-b06b6a9afd54,41.038285173896426,21.327864456616478,noise_dba,52
2026-01-24T14:00:31+01:00,7b316592-8036-41e2-b8dc-b06b6a9afd54,41.038285173896426,21.327864456616478,pm10,85
2026-01-24T14:00:31+01:00,7b316592-8036-41e2-b8dc-b06b6a9afd54,41.038285173896426,21.327864456616478,pm25,55
2026-01-24T14:00:31+01:00,7b316592-8036-41e2-b8dc-b06b6a9afd54,41.038285173896426,21.327864456616478,pressure,935
2026-01-24T14:00:31+01:00,7b316592-8036-41e2-b8dc-b06b6a9afd54,41.038285173896426,21.327864456616478,temperature,6
2026-01-24T14:16:03+01:00,7b316592-8036-41e2-b8dc-b06b6a9afd54,41.038285173896426,21.327864456616478,gasResistance,143862
2026-01-24T14:16:03+01:00,7b316592-8036-41e2-b8dc-b06b6a9afd54,41.038285173896426,21.327864456616478,humidity,74
2026-01-24T14:16:03+01:00,7b316592-8036-41e2-b8dc-b06b6a9afd54,41.038285173896426,21.327864456616478,noise,74
2026-01-24T14:16:03+01:00,7b316592-8036-41e2-b8dc-b06b6a9afd54,41.038285173896426,21.327864456616478,noise_dba,55
2026-01-24T14:16:03+01:00,7b316592-8036-41e2-b8dc-b06b6a9afd54,41.038285173896426,21.327864456616478,pm10,69
2026-01-24T14:16:03+01:00,7b316592-8036-41e2-b8dc-b06b6a9afd54,41.038285173896426,21.327864456616478,pm25,51
2026-01-24T14:16:03+01:00,7b316592-8036-41e2-b8dc-b06b6a9afd54,41.038285173896426,21.327864456616478,pressure,935
2026-01-24T14:16:03+01:00,7b316592-8036-41e2-b8dc-b06b6a9afd54,41.038285173896426,21.327864456616478,temperature,6
2026-01-24T14:31:34+01:00,7b316592-8036-41e2-b8dc-b06b6a9afd54,41.038285173896426,21.327864456616478,gasResistance,146357
2026-01-24T14:31:34+01:00,7b316592-8036-41e2-b8dc-b06b6a9afd54,41.038285173896426,21.327864456616478,humidity,77
2026-01-24T14:31:34+01:00,7b316592-8036-41e2-b8dc-b06b6a9afd54,41.038285173896426,21.327864456616478,noise,63
2026-01-24T14:31:34+01:00,7b316592-8036-41e2-b8dc-b06b6a9afd54,41.038285173896426,21.327864456616478,noise_dba,52
2026-01-24T14:31:34+01:00,7b316592-8036-41e2-b8dc-b06b6a9afd54,41.038285173896426,21.327864456616478,pm10,32
2026-01-24T14:31:34+01:00,7b316592-8036-41e2-b8dc-b06b6a9afd54,41.038285173896426,21.327864456616478,pm25,23
2026-01-24T14:31:34+01:00,7b316592-8036-41e2-b8dc-b06b6a9afd54,41.038285173896426,21.327864456616478,pressure,935
2026-01-24T14:31:34+01:00,7b316592-8036-41e2-b8dc-b06b6a9afd54,41.038285173896426,21.327864456616478,temperature,6
2026-01-24T14:47:05+01:00,7b316592-8036-41e2-b8dc-b06b6a9afd54,41.038285173896426,21.327864456616478,gasResistance,142766
2026-01-24T14:47:05+01:00,7b316592-8036-41e2-b8dc-b06b6a9afd54,41.038285173896426,21.327864456616478,humidity,75
2026-01-24T14:47:05+01:00,7b316592-8036-41e2-b8dc-b06b6a9afd54,41.038285173896426,21.327864456616478,noise,67
2026-01-24T14:47:05+01:00,7b316592-8036-41e2-b8dc-b06b6a9afd54,41.038285173896426,21.327864456616478,noise_dba,53
2026-01-24T14:47:05+01:00,7b316592-8036-41e2-b8dc-b06b6a9afd54,41.038285173896426,21.327864456616478,pm10,59
2026-01-24T14:47:05+01:00,7b316592-8036-41e2-b8dc-b06b6a9afd54,41.038285173896426,21.327864456616478,pm25,38
2026-01-24T14:47:05+01:00,7b316592-8036-41e2-b8dc-b06b6a9afd54,41.038285173896426,21.327864456616478,pressure,935
2026-01-24T14:47:05+01:00,7b316592-8036-41e2-b8dc-b06b6a9afd54,41.038285173896426,21.327864456616478,temperature,6
2026-01-24T15:02:37+01:00,7b316592-8036-41e2-b8dc-b06b6a9afd54,41.038285173896426,21.327864456616478,gasResistance,141926
2026-01-24T15:02:37+01:00,7b316592-8036-41e2-b8dc-b06b6a9afd54,41.038285173896426,21.327864456616478,humidity,74
2026-01-24T15:02:37+01:00,7b316592-8036-41e2-b8dc-b06b6a9afd54,41.038285173896426,21.327864456616478,noise,63
2026-01-24T15:02:37+01:00,7b316592-8036-41e2-b8dc-b06b6a9afd54,41.038285173896426,21.327864456616478,noise_dba,52
2026-01-24T15:02:37+01:00,7b316592-8036-41e2-b8dc-b06b6a9afd54,41.038285173896426,21.327864456616478,pm10,37
2026-01-24T15:02:37+01:00,7b316592-8036-41e2-b8dc-b06b6a9afd54,41.038285173896426,21.327864456616478,pm25,25
2026-01-24T15:02:37+01:00,7b316592-8036-41e2-b8dc-b06b6a9afd54,41.038285173896426,21.327864456616478,pressure,935
2026-01-24T15:02:37+01:00,7b316592-8036-41e2-b8dc-b06b6a9afd54,41.038285173896426,21.327864456616478,temperature,6
2026-01-24T15:18:08+01:00,7b316592-8036-41e2-b8dc-b06b6a9afd54,41.038285173896426,21.327864456616478,gasResistance,142766
2026-01-24T15:18:08+01:00,7b316592-8036-41e2-b8dc-b06b6a9afd54,41.038285173896426,21.327864456616478,humidity,76
2026-01-24T15:18:08+01:00,7b316592-8036-41e2-b8dc-b06b6a9afd54,41.038285173896426,21.327864456616478,noise,62
2026-01-24T15:18:08+01:00,7b316592-8036-41e2-b8dc-b06b6a9afd54,41.038285173896426,21.327864456616478,noise_dba,52
2026-01-24T15:18:08+01:00,7b316592-8036-41e2-b8dc-b06b6a9afd54,41.038285173896426,21.327864456616478,pm10,54
2026-01-24T15:18:08+01:00,7b316592-8036-41e2-b8dc-b06b6a9afd54,41.038285173896426,21.327864456616478,pm25,37
2026-01-24T15:18:08+01:00,7b316592-8036-41e2-b8dc-b06b6a9afd54,41.038285173896426,21.327864456616478,pressure,935
2026-01-24T15:18:08+01:00,7b316592-8036-41e2-b8dc-b06b6a9afd54,41.038285173896426,21.327864456616478,temperature,6
2026-01-24T15:33:39+01:00,7b316592-8036-41e2-b8dc-b06b6a9afd54,41.038285173896426,21.327864456616478,gasResistance,140977
2026-01-24T15:33:39+01:00,7b316592-8036-41e2-b8dc-b06b6a9afd54,41.038285173896426,21.327864456616478,humidity,75
2026-01-24T15:33:39+01:00,7b316592-8036-41e2-b8dc-b06b6a9afd54,41.038285173896426,21.327864456616478,noise,63
2026-01-24T15:33:39+01:00,7b316592-8036-41e2-b8dc-b06b6a9afd54,41.038285173896426,21.327864456616478,noise_dba,52
2026-01-24T15:33:39+01:00,7b316592-8036-41e2-b8dc-b06b6a9afd54,41.038285173896426,21.327864456616478,pm10,74
2026-01-24T15:33:39+01:00,7b316592-8036-41e2-b8dc-b06b6a9afd54,41.038285173896426,21.327864456616478,pm25,48
2026-01-24T15:33:39+01:00,7b316592-8036-41e2-b8dc-b06b6a9afd54,41.038285173896426,21.327864456616478,pressure,935
2026-01-24T15:33:39+01:00,7b316592-8036-41e2-b8dc-b06b6a9afd54,41.038285173896426,21.327864456616478,temperature,6
2026-01-24T15:49:11+01:00,7b316592-8036-41e2-b8dc-b06b6a9afd54,41.038285173896426,21.327864456616478,gasResistance,140391
2026-01-24T15:49:11+01:00,7b316592-8036-41e2-b8dc-b06b6a9afd54,41.038285173896426,21.327864456616478,humidity,75
2026-01-24T15:49:11+01:00,7b316592-8036-41e2-b8dc-b06b6a9afd54,41.038285173896426,21.327864456616478,noise,58
2026-01-24T15:49:11+01:00,7b316592-8036-41e2-b8dc-b06b6a9afd54,41.038285173896426,21.327864456616478,noise_dba,51
2026-01-24T15:49:11+01:00,7b316592-8036-41e2-b8dc-b06b6a9afd54,41.038285173896426,21.327864456616478,pm10,88
2026-01-24T15:49:11+01:00,7b316592-8036-41e2-b8dc-b06b6a9afd54,41.038285173896426,21.327864456616478,pm25,52
2026-01-24T15:49:11+01:00,7b316592-8036-41e2-b8dc-b06b6a9afd54,41.038285173896426,21.327864456616478,pressure,935
2026-01-24T15:49:11+01:00,7b316592-8036-41e2-b8dc-b06b6a9afd54,41.038285173896426,21.327864456616478,temperature,6
2026-01-24T16:04:42+01:00,7b316592-8036-41e2-b8dc-b06b6a9afd54,41.038285173896426,21.327864456616478,gasResistance,140158
2026-01-24T16:04:42+01:00,7b316592-8036-41e2-b8dc-b06b6a9afd54,41.038285173896426,21.327864456616478,humidity,75
2026-01-24T16:04:42+01:00,7b316592-8036-41e2-b8dc-b06b6a9afd54,41.038285173896426,21.327864456616478,noise,62
2026-01-24T16:04:42+01:00,7b316592-8036-41e2-b8dc-b06b6a9afd54,41.038285173896426,21.327864456616478,noise_dba,52
2026-01-24T16:04:42+01:00,7b316592-8036-41e2-b8dc-b06b6a9afd54,41.038285173896426,21.327864456616478,pm10,65
2026-01-24T16:04:42+01:00,7b316592-8036-41e2-b8dc-b06b6a9afd54,41.038285173896426,21.327864456616478,pm25,46
2026-01-24T16:04:42+01:00,7b316592-8036-41e2-b8dc-b06b6a9afd54,41.038285173896426,21.327864456616478,pressure,935
2026-01-24T16:04:42+01:00,7b316592-8036-41e2-b8dc-b06b6a9afd54,41.038285173896426,21.327864456616478,temperature,6
2026-01-24T16:20:14+01:00,7b316592-8036-41e2-b8dc-b06b6a9afd54,41.038285173896426,21.327864456616478,gasResistance,138661
2026-01-24T16:20:14+01:00,7b316592-8036-41e2-b8dc-b06b6a9afd54,41.038285173896426,21.327864456616478,humidity,75
2026-01-24T16:20:14+01:00,7b316592-8036-41e2-b8dc-b06b6a9afd54,41.038285173896426,21.327864456616478,noise,45
2026-01-24T16:20:14+01:00,7b316592-8036-41e2-b8dc-b06b6a9afd54,41.038285173896426,21.327864456616478,noise_dba,47
2026-01-24T16:20:14+01:00,7b316592-8036-41e2-b8dc-b06b6a9afd54,41.038285173896426,21.327864456616478,pm10,60
2026-01-24T16:20:14+01:00,7b316592-8036-41e2-b8dc-b06b6a9afd54,41.038285173896426,21.327864456616478,pm25,41
2026-01-24T16:20:14+01:00,7b316592-8036-41e2-b8dc-b06b6a9afd54,41.038285173896426,21.327864456616478,pressure,935
2026-01-24T16:20:14+01:00,7b316592-8036-41e2-b8dc-b06b6a9afd54,41.038285173896426,21.327864456616478,temperature,6
2026-01-24T16:35:45+01:00,7b316592-8036-41e2-b8dc-b06b6a9afd54,41.038285173896426,21.327864456616478,gasResistance,137755
2026-01-24T16:35:45+01:00,7b316592-8036-41e2-b8dc-b06b6a9afd54,41.038285173896426,21.327864456616478,humidity,75
2026-01-24T16:35:45+01:00,7b316592-8036-41e2-b8dc-b06b6a9afd54,41.038285173896426,21.327864456616478,noise,61
2026-01-24T16:35:45+01:00,7b316592-8036-41e2-b8dc-b06b6a9afd54,41.038285173896426,21.327864456616478,noise_dba,52
2026-01-24T16:35:45+01:00,7b316592-8036-41e2-b8dc-b06b6a9afd54,41.038285173896426,21.327864456616478,pm10,83
2026-01-24T16:35:45+01:00,7b316592-8036-41e2-b8dc-b06b6a9afd54,41.038285173896426,21.327864456616478,pm25,51
2026-01-24T16:35:45+01:00,7b316592-8036-41e2-b8dc-b06b6a9afd54,41.038285173896426,21.327864456616478,pressure,935
2026-01-24T16:35:45+01:00,7b316592-8036-41e2-b8dc-b06b6a9afd54,41.038285173896426,21.327864456616478,temperature,6
2026-01-24T16:51:16+01:00,7b316592-8036-41e2-b8dc-b06b6a9afd54,41.038285173896426,21.327864456616478,gasResistance,138433
2026-01-24T16:51:16+01:00,7b316592-8036-41e2-b8dc-b06b6a9afd54,41.038285173896426,21.327864456616478,humidity,76
2026-01-24T16:51:16+01:00,7b316592-8036-41e2-b8dc-b06b6a9afd54,41.038285173896426,21.327864456616478,noise,69
2026-01-24T16:51:16+01:00,7b316592-8036-41e2-b8dc-b06b6a9afd54,41.038285173896426,21.327864456616478,noise_dba,53
2026-01-24T16:51:16+01:00,7b316592-8036-41e2-b8dc-b06b6a9afd54,41.038285173896426,21.327864456616478,pm10,65
2026-01-24T16:51:16+01:00,7b316592-8036-41e2-b8dc-b06b6a9afd54,41.038285173896426,21.327864456616478,pm25,41
2026-01-24T16:51:16+01:00,7b316592-8036-41e2-b8dc-b06b6a9afd54,41.038285173896426,21.327864456616478,pressure,936
2026-01-24T16:51:16+01:00,7b316592-8036-41e2-b8dc-b06b6a9afd54,41.038285173896426,21.327864456616478,temperature,6
2026-01-24T17:06:48+01:00,7b316592-8036-41e2-b8dc-b06b6a9afd54,41.038285173896426,21.327864456616478,gasResistance,137980
2026-01-24T17:06:48+01:00,7b316592-8036-41e2-b8dc-b06b6a9afd54,41.038285173896426,21.327864456616478,humidity,76
2026-01-24T17:06:48+01:00,7b316592-8036-41e2-b8dc-b06b6a9afd54,41.038285173896426,21.327864456616478,noise,65
2026-01-24T17:06:48+01:00,7b316592-8036-41e2-b8dc-b06b6a9afd54,41.038285173896426,21.327864456616478,noise_dba,53
2026-01-24T17:06:48+01:00,7b316592-8036-41e2-b8dc-b06b6a9afd54,41.038285173896426,21.327864456616478,pm10,85
2026-01-24T17:06:48+01:00,7b316592-8036-41e2-b8dc-b06b6a9afd54,41.038285173896426,21.327864456616478,pm25,54
2026-01-24T17:06:48+01:00,7b316592-8036-41e2-b8dc-b06b6a9afd54,41.038285173896426,21.327864456616478,pressure,936
2026-01-24T17:06:48+01:00,7b316592-8036-41e2-b8dc-b06b6a9afd54,41.038285173896426,21.327864456616478,temperature,6
2026-01-24T17:22:19+01:00,7b316592-8036-41e2-b8dc-b06b6a9afd54,41.038285173896426,21.327864456616478,gasResistance,137868
2026-01-24T17:22:19+01:00,7b316592-8036-41e2-b8dc-b06b6a9afd54,41.038285173896426,21.327864456616478,humidity,78
2026-01-24T17:22:19+01:00,7b316592-8036-41e2-b8dc-b06b6a9afd54,41.038285173896426,21.327864456616478,noise,66
2026-01-24T17:22:19+01:00,7b316592-8036-41e2-b8dc-b06b6a9afd54,41.038285173896426,21.327864456616478,noise_dba,53
2026-01-24T17:22:19+01:00,7b316592-8036-41e2-b8dc-b06b6a9afd54,41.038285173896426,21.327864456616478,pm10,139
2026-01-24T17:22:19+01:00,7b316592-8036-41e2-b8dc-b06b6a9afd54,41.038285173896426,21.327864456616478,pm25,77
2026-01-24T17:22:19+01:00,7b316592-8036-41e2-b8dc-b06b6a9afd54,41.038285173896426,21.327864456616478,pressure,936
2026-01-24T17:22:19+01:00,7b316592-8036-41e2-b8dc-b06b6a9afd54,41.038285173896426,21.327864456616478,temperature,6
2026-01-24T17:37:50+01:00,7b316592-8036-41e2-b8dc-b06b6a9afd54,41.038285173896426,21.327864456616478,gasResistance,139694
2026-01-24T17:37:50+01:00,7b316592-8036-41e2-b8dc-b06b6a9afd54,41.038285173896426,21.327864456616478,humidity,79
2026-01-24T17:37:50+01:00,7b316592-8036-41e2-b8dc-b06b6a9afd54,41.038285173896426,21.327864456616478,noise,70
2026-01-24T17:37:50+01:00,7b316592-8036-41e2-b8dc-b06b6a9afd54,41.038285173896426,21.327864456616478,noise_dba,54
2026-01-24T17:37:50+01:00,7b316592-8036-41e2-b8dc-b06b6a9afd54,41.038285173896426,21.327864456616478,pm10,55
2026-01-24T17:37:50+01:00,7b316592-8036-41e2-b8dc-b06b6a9afd54,41.038285173896426,21.327864456616478,pm25,36
2026-01-24T17:37:50+01:00,7b316592-8036-41e2-b8dc-b06b6a9afd54,41.038285173896426,21.327864456616478,pressure,936
2026-01-24T17:37:50+01:00,7b316592-8036-41e2-b8dc-b06b6a9afd54,41.038285173896426,21.327864456616478,temperature,6
2026-01-24T17:53:22+01:00,7b316592-8036-41e2-b8dc-b06b6a9afd54,41.038285173896426,21.327864456616478,gasResistance,140625
2026-01-24T17:53:22+01:00,7b316592-8036-41e2-b8dc-b06b6a9afd54,41.038285173896426,21.327864456616478,humidity,78
2026-01-24T17:53:22+01:00,7b316592-8036-41e2-b8dc-b06b6a9afd54,41.038285173896426,21.327864456616478,noise,47
2026-01-24T17:53:22+01:00,7b316592-8036-41e2-b8dc-b06b6a9afd54,41.038285173896426,21.327864456616478,noise_dba,47
2026-01-24T17:53:22+01:00,7b316592-8036-41e2-b8dc-b06b6a9afd54,41.038285173896426,21.327864456616478,pm10,49
2026-01-24T17:53:22+01:00,7b316592-8036-41e2-b8dc-b06b6a9afd54,41.038285173896426,21.327864456616478,pm25,30
2026-01-24T17:53:22+01:00,7b316592-8036-41e2-b8dc-b06b6a9afd54,41.038285173896426,21.327864456616478,pressure,936
2026-01-24T17:53:22+01:00,7b316592-8036-41e2-b8dc-b06b6a9afd54,41.038285173896426,21.327864456616478,temperature,6
2026-01-24T18:08:53+01:00,7b316592-8036-41e2-b8dc-b06b6a9afd54,41.038285173896426,21.327864456616478,gasResistance,141450
2026-01-24T18:08:53+01:00,7b316592-8036-41e2-b8dc-b06b6a9afd54,41.038285173896426,21.327864456616478,humidity,79
2026-01-24T18:08:53+01:00,7b316592-8036-41e2-b8dc-b06b6a9afd54,41.038285173896426,21.327864456616478,noise,57
2026-01-24T18:08:53+01:00,7b316592-8036-41e2-b8dc-b06b6a9afd54,41.038285173896426,21.327864456616478,noise_dba,50
2026-01-24T18:08:53+01:00,7b316592-8036-41e2-b8dc-b06b6a9afd54,41.038285173896426,21.327864456616478,pm10,129
2026-01-24T18:08:53+01:00,7b316592-8036-41e2-b8dc-b06b6a9afd54,41.038285173896426,21.327864456616478,pm25,57
2026-01-24T18:08:53+01:00,7b316592-8036-41e2-b8dc-b06b6a9afd54,41.038285173896426,21.327864456616478,pressure,936
2026-01-24T18:08:53+01:00,7b316592-8036-41e2-b8dc-b06b6a9afd54,41.038285173896426,21.327864456616478,temperature,6
2026-01-24T18:24:25+01:00,7b316592-8036-41e2-b8dc-b06b6a9afd54,41.038285173896426,21.327864456616478,gasResistance,140274
2026-01-24T18:24:25+01:00,7b316592-8036-41e2-b8dc-b06b6a9afd54,41.038285173896426,21.327864456616478,humidity,77
2026-01-24T18:24:25+01:00,7b316592-8036-41e2-b8dc-b06b6a9afd54,41.038285173896426,21.327864456616478,noise,63
2026-01-24T18:24:25+01:00,7b316592-8036-41e2-b8dc-b06b6a9afd54,41.038285173896426,21.327864456616478,noise_dba,52
2026-01-24T18:24:25+01:00,7b316592-8036-41e2-b8dc-b06b6a9afd54,41.038285173896426,21.327864456616478,pm10,84
2026-01-24T18:24:25+01:00,7b316592-8036-41e2-b8dc-b06b6a9afd54,41.038285173896426,21.327864456616478,pm25,53
2026-01-24T18:24:25+01:00,7b316592-8036-41e2-b8dc-b06b6a9afd54,41.038285173896426,21.327864456616478,pressure,936
2026-01-24T18:24:25+01:00,7b316592-8036-41e2-b8dc-b06b6a9afd54,41.038285173896426,21.327864456616478,temperature,6
2026-01-24T18:39:56+01:00,7b316592-8036-41e2-b8dc-b06b6a9afd54,41.038285173896426,21.327864456616478,gasResistance,139809
2026-01-24T18:39:56+01:00,7b316592-8036-41e2-b8dc-b06b6a9afd54,41.038285173896426,21.327864456616478,humidity,78
2026-01-24T18:39:56+01:00,7b316592-8036-41e2-b8dc-b06b6a9afd54,41.038285173896426,21.327864456616478,noise,66
2026-01-24T18:39:56+01:00,7b316592-8036-41e2-b8dc-b06b6a9afd54,41.038285173896426,21.327864456616478,noise_dba,53
2026-01-24T18:39:56+01:00,7b316592-8036-41e2-b8dc-b06b6a9afd54,41.038285173896426,21.327864456616478,pm10,149
2026-01-24T18:39:56+01:00,7b316592-8036-41e2-b8dc-b06b6a9afd54,41.038285173896426,21.327864456616478,pm25,85
2026-01-24T18:39:56+01:00,7b316592-8036-41e2-b8dc-b06b6a9afd54,41.038285173896426,21.327864456616478,pressure,936
2026-01-24T18:39:56+01:00,7b316592-8036-41e2-b8dc-b06b6a9afd54,41.038285173896426,21.327864456616478,temperature,6
2026-01-24T18:55:28+01:00,7b316592-8036-41e2-b8dc-b06b6a9afd54,41.038285173896426,21.327864456616478,gasResistance,138547
2026-01-24T18:55:28+01:00,7b316592-8036-41e2-b8dc-b06b6a9afd54,41.038285173896426,21.327864456616478,humidity,78
2026-01-24T18:55:28+01:00,7b316592-8036-41e2-b8dc-b06b6a9afd54,41.038285173896426,21.327864456616478,noise,52
2026-01-24T18:55:28+01:00,7b316592-8036-41e2-b8dc-b06b6a9afd54,41.038285173896426,21.327864456616478,noise_dba,49
2026-01-24T18:55:28+01:00,7b316592-8036-41e2-b8dc-b06b6a9afd54,41.038285173896426,21.327864456616478,pm10,220
2026-01-24T18:55:28+01:00,7b316592-8036-41e2-b8dc-b06b6a9afd54,41.038285173896426,21.327864456616478,pm25,116
2026-01-24T18:55:28+01:00,7b316592-8036-41e2-b8dc-b06b6a9afd54,41.038285173896426,21.327864456616478,pressure,936
2026-01-24T18:55:28+01:00,7b316592-8036-41e2-b8dc-b06b6a9afd54,41.038285173896426,21.327864456616478,temperature,6
2026-01-24T19:10:59+01:00,7b316592-8036-41e2-b8dc-b06b6a9afd54,41.038285173896426,21.327864456616478,gasResistance,137419
2026-01-24T19:10:59+01:00,7b316592-8036-41e2-b8dc-b06b6a9afd54,41.038285173896426,21.327864456616478,humidity,77
2026-01-24T19:10:59+01:00,7b316592-8036-41e2-b8dc-b06b6a9afd54,41.038285173896426,21.327864456616478,noise,72
2026-01-24T19:10:59+01:00,7b316592-8036-41e2-b8dc-b06b6a9afd54,41.038285173896426,21.327864456616478,noise_dba,54
2026-01-24T19:10:59+01:00,7b316592-8036-41e2-b8dc-b06b6a9afd54,41.038285173896426,21.327864456616478,pm10,211
2026-01-24T19:10:59+01:00,7b316592-8036-41e2-b8dc-b06b6a9afd54,41.038285173896426,21.327864456616478,pm25,120
2026-01-24T19:10:59+01:00,7b316592-8036-41e2-b8dc-b06b6a9afd54,41.038285173896426,21.327864456616478,pressure,936
2026-01-24T19:10:59+01:00,7b316592-8036-41e2-b8dc-b06b6a9afd54,41.038285173896426,21.327864456616478,temperature,6
2026-01-24T19:26:30+01:00,7b316592-8036-41e2-b8dc-b06b6a9afd54,41.038285173896426,21.327864456616478,gasResistance,136089
2026-01-24T19:26:30+01:00,7b316592-8036-41e2-b8dc-b06b6a9afd54,41.038285173896426,21.327864456616478,humidity,77
2026-01-24T19:26:30+01:00,7b316592-8036-41e2-b8dc-b06b6a9afd54,41.038285173896426,21.327864456616478,noise,58
2026-01-24T19:26:30+01:00,7b316592-8036-41e2-b8dc-b06b6a9afd54,41.038285173896426,21.327864456616478,noise_dba,51
2026-01-24T19:26:30+01:00,7b316592-8036-41e2-b8dc-b06b6a9afd54,41.038285173896426,21.327864456616478,pm10,163
2026-01-24T19:26:30+01:00,7b316592-8036-41e2-b8dc-b06b6a9afd54,41.038285173896426,21.327864456616478,pm25,95
2026-01-24T19:26:30+01:00,7b316592-8036-41e2-b8dc-b06b6a9afd54,41.038285173896426,21.327864456616478,pressure,936
2026-01-24T19:26:30+01:00,7b316592-8036-41e2-b8dc-b06b6a9afd54,41.038285173896426,21.327864456616478,temperature,6
2026-01-24T19:42:02+01:00,7b316592-8036-41e2-b8dc-b06b6a9afd54,41.038285173896426,21.327864456616478,gasResistance,136419
2026-01-24T19:42:02+01:00,7b316592-8036-41e2-b8dc-b06b6a9afd54,41.038285173896426,21.327864456616478,humidity,76
2026-01-24T19:42:02+01:00,7b316592-8036-41e2-b8dc-b06b6a9afd54,41.038285173896426,21.327864456616478,noise,72
2026-01-24T19:42:02+01:00,7b316592-8036-41e2-b8dc-b06b6a9afd54,41.038285173896426,21.327864456616478,noise_dba,54
2026-01-24T19:42:02+01:00,7b316592-8036-41e2-b8dc-b06b6a9afd54,41.038285173896426,21.327864456616478,pm10,224
2026-01-24T19:42:02+01:00,7b316592-8036-41e2-b8dc-b06b6a9afd54,41.038285173896426,21.327864456616478,pm25,124
2026-01-24T19:42:02+01:00,7b316592-8036-41e2-b8dc-b06b6a9afd54,41.038285173896426,21.327864456616478,pressure,936
2026-01-24T19:42:02+01:00,7b316592-8036-41e2-b8dc-b06b6a9afd54,41.038285173896426,21.327864456616478,temperature,6
2026-01-24T19:57:34+01:00,7b316592-8036-41e2-b8dc-b06b6a9afd54,41.038285173896426,21.327864456616478,gasResistance,131836
2026-01-24T19:57:34+01:00,7b316592-8036-41e2-b8dc-b06b6a9afd54,41.038285173896426,21.327864456616478,humidity,76
2026-01-24T19:57:34+01:00,7b316592-8036-41e2-b8dc-b06b6a9afd54,41.038285173896426,21.327864456616478,noise,62
2026-01-24T19:57:34+01:00,7b316592-8036-41e2-b8dc-b06b6a9afd54,41.038285173896426,21.327864456616478,noise_dba,52
2026-01-24T19:57:34+01:00,7b316592-8036-41e2-b8dc-b06b6a9afd54,41.038285173896426,21.327864456616478,pm10,299
2026-01-24T19:57:34+01:00,7b316592-8036-41e2-b8dc-b06b6a9afd54,41.038285173896426,21.327864456616478,pm25,168
2026-01-24T19:57:34+01:00,7b316592-8036-41e2-b8dc-b06b6a9afd54,41.038285173896426,21.327864456616478,pressure,936
2026-01-24T19:57:34+01:00,7b316592-8036-41e2-b8dc-b06b6a9afd54,41.038285173896426,21.327864456616478,temperature,6
2026-01-24T20:13:05+01:00,7b316592-8036-41e2-b8dc-b06b6a9afd54,41.038285173896426,21.327864456616478,gasResistance,130008
2026-01-24T20:13:05+01:00,7b316592-8036-41e2-b8dc-b06b6a9afd54,41.038285173896426,21.327864456616478,humidity,77
2026-01-24T20:13:05+01:00,7b316592-8036-41e2-b8dc-b06b6a9afd54,41.038285173896426,21.327864456616478,noise,66
2026-01-24T20:13:05+01:00,7b316592-8036-41e2-b8dc-b06b6a9afd54,41.038285173896426,21.327864456616478,noise_dba,53
2026-01-24T20:13:05+01:00,7b316592-8036-41e2-b8dc-b06b6a9afd54,41.038285173896426,21.327864456616478,pm10,268
2026-01-24T20:13:05+01:00,7b316592-8036-41e2-b8dc-b06b6a9afd54,41.038285173896426,21.327864456616478,pm25,153
2026-01-24T20:13:05+01:00,7b316592-8036-41e2-b8dc-b06b6a9afd54,41.038285173896426,21.327864456616478,pressure,936
2026-01-24T20:13:05+01:00,7b316592-8036-41e2-b8dc-b06b6a9afd54,41.038285173896426,21.327864456616478,temperature,6
2026-01-24T20:28:36+01:00,7b316592-8036-41e2-b8dc-b06b6a9afd54,41.038285173896426,21.327864456616478,gasResistance,129211
2026-01-24T20:28:36+01:00,7b316592-8036-41e2-b8dc-b06b6a9afd54,41.038285173896426,21.327864456616478,humidity,77
2026-01-24T20:28:36+01:00,7b316592-8036-41e2-b8dc-b06b6a9afd54,41.038285173896426,21.327864456616478,noise,73
2026-01-24T20:28:36+01:00,7b316592-8036-41e2-b8dc-b06b6a9afd54,41.038285173896426,21.327864456616478,noise_dba,54
2026-01-24T20:28:36+01:00,7b316592-8036-41e2-b8dc-b06b6a9afd54,41.038285173896426,21.327864456616478,pm10,199
2026-01-24T20:28:36+01:00,7b316592-8036-41e2-b8dc-b06b6a9afd54,41.038285173896426,21.327864456616478,pm25,126
2026-01-24T20:28:36+01:00,7b316592-8036-41e2-b8dc-b06b6a9afd54,41.038285173896426,21.327864456616478,pressure,937
2026-01-24T20:28:36+01:00,7b316592-8036-41e2-b8dc-b06b6a9afd54,41.038285173896426,21.327864456616478,temperature,6
2026-01-24T20:44:08+01:00,7b316592-8036-41e2-b8dc-b06b6a9afd54,41.038285173896426,21.327864456616478,gasResistance,127167
2026-01-24T20:44:08+01:00,7b316592-8036-41e2-b8dc-b06b6a9afd54,41.038285173896426,21.327864456616478,humidity,77
2026-01-24T20:44:08+01:00,7b316592-8036-41e2-b8dc-b06b6a9afd54,41.038285173896426,21.327864456616478,noise,69
2026-01-24T20:44:08+01:00,7b316592-8036-41e2-b8dc-b06b6a9afd54,41.038285173896426,21.327864456616478,noise_dba,53
2026-01-24T20:44:08+01:00,7b316592-8036-41e2-b8dc-b06b6a9afd54,41.038285173896426,21.327864456616478,pm10,144
2026-01-24T20:44:08+01:00,7b316592-8036-41e2-b8dc-b06b6a9afd54,41.038285173896426,21.327864456616478,pm25,89
2026-01-24T20:44:08+01:00,7b316592-8036-41e2-b8dc-b06b6a9afd54,41.038285173896426,21.327864456616478,pressure,937
2026-01-24T20:44:08+01:00,7b316592-8036-41e2-b8dc-b06b6a9afd54,41.038285173896426,21.327864456616478,temperature,6
2026-01-24T20:59:40+01:00,7b316592-8036-41e2-b8dc-b06b6a9afd54,41.038285173896426,21.327864456616478,gasResistance,127841
2026-01-24T20:59:40+01:00,7b316592-8036-41e2-b8dc-b06b6a9afd54,41.038285173896426,21.327864456616478,humidity,77
2026-01-24T20:59:40+01:00,7b316592-8036-41e2-b8dc-b06b6a9afd54,41.038285173896426,21.327864456616478,noise,59
2026-01-24T20:59:40+01:00,7b316592-8036-41e2-b8dc-b06b6a9afd54,41.038285173896426,21.327864456616478,noise_dba,51
2026-01-24T20:59:40+01:00,7b316592-8036-41e2-b8dc-b06b6a9afd54,41.038285173896426,21.327864456616478,pm10,280
2026-01-24T20:59:40+01:00,7b316592-8036-41e2-b8dc-b06b6a9afd54,41.038285173896426,21.327864456616478,pm25,160
2026-01-24T20:59:40+01:00,7b316592-8036-41e2-b8dc-b06b6a9afd54,41.038285173896426,21.327864456616478,pressure,936
2026-01-24T20:59:40+01:00,7b316592-8036-41e2-b8dc-b06b6a9afd54,41.038285173896426,21.327864456616478,temperature,6
2026-01-24T21:15:11+01:00,7b316592-8036-41e2-b8dc-b06b6a9afd54,41.038285173896426,21.327864456616478,gasResistance,126689
2026-01-24T21:15:11+01:00,7b316592-8036-41e2-b8dc-b06b6a9afd54,41.038285173896426,21.327864456616478,humidity,76
2026-01-24T21:15:11+01:00,7b316592-8036-41e2-b8dc-b06b6a9afd54,41.038285173896426,21.327864456616478,noise,52
2026-01-24T21:15:11+01:00,7b316592-8036-41e2-b8dc-b06b6a9afd54,41.038285173896426,21.327864456616478,noise_dba,49
2026-01-24T21:15:11+01:00,7b316592-8036-41e2-b8dc-b06b6a9afd54,41.038285173896426,21.327864456616478,pm10,267
2026-01-24T21:15:11+01:00,7b316592-8036-41e2-b8dc-b06b6a9afd54,41.038285173896426,21.327864456616478,pm25,149
2026-01-24T21:15:11+01:00,7b316592-8036-41e2-b8dc-b06b6a9afd54,41.038285173896426,21.327864456616478,pressure,936
2026-01-24T21:15:11+01:00,7b316592-8036-41e2-b8dc-b06b6a9afd54,41.038285173896426,21.327864456616478,temperature,6
2026-01-24T21:30:44+01:00,7b316592-8036-41e2-b8dc-b06b6a9afd54,41.038285173896426,21.327864456616478,gasResistance,120708
2026-01-24T21:30:44+01:00,7b316592-8036-41e2-b8dc-b06b6a9afd54,41.038285173896426,21.327864456616478,humidity,72
2026-01-24T21:30:44+01:00,7b316592-8036-41e2-b8dc-b06b6a9afd54,41.038285173896426,21.327864456616478,noise,40
2026-01-24T21:30:44+01:00,7b316592-8036-41e2-b8dc-b06b6a9afd54,41.038285173896426,21.327864456616478,noise_dba,45
2026-01-24T21:30:44+01:00,7b316592-8036-41e2-b8dc-b06b6a9afd54,41.038285173896426,21.327864456616478,pm10,273
2026-01-24T21:30:44+01:00,7b316592-8036-41e2-b8dc-b06b6a9afd54,41.038285173896426,21.327864456616478,pm25,156
2026-01-24T21:30:44+01:00,7b316592-8036-41e2-b8dc-b06b6a9afd54,41.038285173896426,21.327864456616478,pressure,937
2026-01-24T21:30:44+01:00,7b316592-8036-41e2-b8dc-b06b6a9afd54,41.038285173896426,21.327864456616478,temperature,7
2026-01-24T21:46:16+01:00,7b316592-8036-41e2-b8dc-b06b6a9afd54,41.038285173896426,21.327864456616478,gasResistance,114484
2026-01-24T21:46:16+01:00,7b316592-8036-41e2-b8dc-b06b6a9afd54,41.038285173896426,21.327864456616478,humidity,71
2026-01-24T21:46:16+01:00,7b316592-8036-41e2-b8dc-b06b6a9afd54,41.038285173896426,21.327864456616478,noise,33
2026-01-24T21:46:16+01:00,7b316592-8036-41e2-b8dc-b06b6a9afd54,41.038285173896426,21.327864456616478,noise_dba,42
2026-01-24T21:46:16+01:00,7b316592-8036-41e2-b8dc-b06b6a9afd54,41.038285173896426,21.327864456616478,pm10,292
2026-01-24T21:46:16+01:00,7b316592-8036-41e2-b8dc-b06b6a9afd54,41.038285173896426,21.327864456616478,pm25,161
2026-01-24T21:46:16+01:00,7b316592-8036-41e2-b8dc-b06b6a9afd54,41.038285173896426,21.327864456616478,pressure,937
2026-01-24T21:46:16+01:00,7b316592-8036-41e2-b8dc-b06b6a9afd54,41.038285173896426,21.327864456616478,temperature,8
2026-01-24T22:01:49+01:00,7b316592-8036-41e2-b8dc-b06b6a9afd54,41.038285173896426,21.327864456616478,gasResistance,109082
2026-01-24T22:01:49+01:00,7b316592-8036-41e2-b8dc-b06b6a9afd54,41.038285173896426,21.327864456616478,humidity,70
2026-01-24T22:01:49+01:00,7b316592-8036-41e2-b8dc-b06b6a9afd54,41.038285173896426,21.327864456616478,noise,45
2026-01-24T22:01:49+01:00,7b316592-8036-41e2-b8dc-b06b6a9afd54,41.038285173896426,21.327864456616478,noise_dba,47
2026-01-24T22:01:49+01:00,7b316592-8036-41e2-b8dc-b06b6a9afd54,41.038285173896426,21.327864456616478,pm10,212
2026-01-24T22:01:49+01:00,7b316592-8036-41e2-b8dc-b06b6a9afd54,41.038285173896426,21.327864456616478,pm25,118
2026-01-24T22:01:49+01:00,7b316592-8036-41e2-b8dc-b06b6a9afd54,41.038285173896426,21.327864456616478,pressure,937
2026-01-24T22:01:49+01:00,7b316592-8036-41e2-b8dc-b06b6a9afd54,41.038285173896426,21.327864456616478,temperature,8
2026-01-24T22:17:21+01:00,7b316592-8036-41e2-b8dc-b06b6a9afd54,41.038285173896426,21.327864456616478,gasResistance,105866
2026-01-24T22:17:21+01:00,7b316592-8036-41e2-b8dc-b06b6a9afd54,41.038285173896426,21.327864456616478,humidity,69
2026-01-24T22:17:21+01:00,7b316592-8036-41e2-b8dc-b06b6a9afd54,41.038285173896426,21.327864456616478,noise,35
2026-01-24T22:17:21+01:00,7b316592-8036-41e2-b8dc-b06b6a9afd54,41.038285173896426,21.327864456616478,noise_dba,43
2026-01-24T22:17:21+01:00,7b316592-8036-41e2-b8dc-b06b6a9afd54,41.038285173896426,21.327864456616478,pm10,336
2026-01-24T22:17:21+01:00,7b316592-8036-41e2-b8dc-b06b6a9afd54,41.038285173896426,21.327864456616478,pm25,205
2026-01-24T22:17:21+01:00,7b316592-8036-41e2-b8dc-b06b6a9afd54,41.038285173896426,21.327864456616478,pressure,937
2026-01-24T22:17:21+01:00,7b316592-8036-41e2-b8dc-b06b6a9afd54,41.038285173896426,21.327864456616478,temperature,8
2026-01-24T22:32:53+01:00,7b316592-8036-41e2-b8dc-b06b6a9afd54,41.038285173896426,21.327864456616478,gasResistance,102771
2026-01-24T22:32:53+01:00,7b316592-8036-41e2-b8dc-b06b6a9afd54,41.038285173896426,21.327864456616478,humidity,69
2026-01-24T22:32:53+01:00,7b316592-8036-41e2-b8dc-b06b6a9afd54,41.038285173896426,21.327864456616478,noise,36
2026-01-24T22:32:53+01:00,7b316592-8036-41e2-b8dc-b06b6a9afd54,41.038285173896426,21.327864456616478,noise_dba,43
2026-01-24T22:32:53+01:00,7b316592-8036-41e2-b8dc-b06b6a9afd54,41.038285173896426,21.327864456616478,pm10,249
2026-01-24T22:32:53+01:00,7b316592-8036-41e2-b8dc-b06b6a9afd54,41.038285173896426,21.327864456616478,pm25,139
2026-01-24T22:32:53+01:00,7b316592-8036-41e2-b8dc-b06b6a9afd54,41.038285173896426,21.327864456616478,pressure,937
2026-01-24T22:32:53+01:00,7b316592-8036-41e2-b8dc-b06b6a9afd54,41.038285173896426,21.327864456616478,temperature,8
2026-01-24T22:48:26+01:00,7b316592-8036-41e2-b8dc-b06b6a9afd54,41.038285173896426,21.327864456616478,gasResistance,99793
2026-01-24T22:48:26+01:00,7b316592-8036-41e2-b8dc-b06b6a9afd54,41.038285173896426,21.327864456616478,humidity,68
2026-01-24T22:48:26+01:00,7b316592-8036-41e2-b8dc-b06b6a9afd54,41.038285173896426,21.327864456616478,noise,73
2026-01-24T22:48:26+01:00,7b316592-8036-41e2-b8dc-b06b6a9afd54,41.038285173896426,21.327864456616478,noise_dba,54
2026-01-24T22:48:26+01:00,7b316592-8036-41e2-b8dc-b06b6a9afd54,41.038285173896426,21.327864456616478,pm10,362
2026-01-24T22:48:26+01:00,7b316592-8036-41e2-b8dc-b06b6a9afd54,41.038285173896426,21.327864456616478,pm25,210
2026-01-24T22:48:26+01:00,7b316592-8036-41e2-b8dc-b06b6a9afd54,41.038285173896426,21.327864456616478,pressure,937
2026-01-24T22:48:26+01:00,7b316592-8036-41e2-b8dc-b06b6a9afd54,41.038285173896426,21.327864456616478,temperature,9
2026-01-24T23:03:58+01:00,7b316592-8036-41e2-b8dc-b06b6a9afd54,41.038285173896426,21.327864456616478,gasResistance,96209
2026-01-24T23:03:58+01:00,7b316592-8036-41e2-b8dc-b06b6a9afd54,41.038285173896426,21.327864456616478,humidity,67
2026-01-24T23:03:58+01:00,7b316592-8036-41e2-b8dc-b06b6a9afd54,41.038285173896426,21.327864456616478,noise,72
2026-01-24T23:03:58+01:00,7b316592-8036-41e2-b8dc-b06b6a9afd54,41.038285173896426,21.327864456616478,noise_dba,54
2026-01-24T23:03:58+01:00,7b316592-8036-41e2-b8dc-b06b6a9afd54,41.038285173896426,21.327864456616478,pm10,284
2026-01-24T23:03:58+01:00,7b316592-8036-41e2-b8dc-b06b6a9afd54,41.038285173896426,21.327864456616478,pm25,163
2026-01-24T23:03:58+01:00,7b316592-8036-41e2-b8dc-b06b6a9afd54,41.038285173896426,21.327864456616478,pressure,937
2026-01-24T23:03:58+01:00,7b316592-8036-41e2-b8dc-b06b6a9afd54,41.038285173896426,21.327864456616478,temperature,9
2026-01-24T23:19:31+01:00,7b316592-8036-41e2-b8dc-b06b6a9afd54,41.038285173896426,21.327864456616478,gasResistance,94676
2026-01-24T23:19:31+01:00,7b316592-8036-41e2-b8dc-b06b6a9afd54,41.038285173896426,21.327864456616478,humidity,66
2026-01-24T23:19:31+01:00,7b316592-8036-41e2-b8dc-b06b6a9afd54,41.038285173896426,21.327864456616478,noise,71
2026-01-24T23:19:31+01:00,7b316592-8036-41e2-b8dc-b06b6a9afd54,41.038285173896426,21.327864456616478,noise_dba,54
2026-01-24T23:19:31+01:00,7b316592-8036-41e2-b8dc-b06b6a9afd54,41.038285173896426,21.327864456616478,pm10,486
2026-01-24T23:19:31+01:00,7b316592-8036-41e2-b8dc-b06b6a9afd54,41.038285173896426,21.327864456616478,pm25,221
2026-01-24T23:19:31+01:00,7b316592-8036-41e2-b8dc-b06b6a9afd54,41.038285173896426,21.327864456616478,pressure,937
2026-01-24T23:19:31+01:00,7b316592-8036-41e2-b8dc-b06b6a9afd54,41.038285173896426,21.327864456616478,temperature,9
2026-01-24T23:35:04+01:00,7b316592-8036-41e2-b8dc-b06b6a9afd54,41.038285173896426,21.327864456616478,gasResistance,92395
2026-01-24T23:35:04+01:00,7b316592-8036-41e2-b8dc-b06b6a9afd54,41.038285173896426,21.327864456616478,humidity,66
2026-01-24T23:35:04+01:00,7b316592-8036-41e2-b8dc-b06b6a9afd54,41.038285173896426,21.327864456616478,noise,71
2026-01-24T23:35:04+01:00,7b316592-8036-41e2-b8dc-b06b6a9afd54,41.038285173896426,21.327864456616478,noise_dba,54
2026-01-24T23:35:04+01:00,7b316592-8036-41e2-b8dc-b06b6a9afd54,41.038285173896426,21.327864456616478,pm10,475
2026-01-24T23:35:04+01:00,7b316592-8036-41e2-b8dc-b06b6a9afd54,41.038285173896426,21.327864456616478,pm25,271
2026-01-24T23:35:04+01:00,7b316592-8036-41e2-b8dc-b06b6a9afd54,41.038285173896426,21.327864456616478,pressure,937
2026-01-24T23:35:04+01:00,7b316592-8036-41e2-b8dc-b06b6a9afd54,41.038285173896426,21.327864456616478,temperature,10
2026-01-24T23:50:38+01:00,7b316592-8036-41e2-b8dc-b06b6a9afd54,41.038285173896426,21.327864456616478,gasResistance,90609
2026-01-24T23:50:38+01:00,7b316592-8036-41e2-b8dc-b06b6a9afd54,41.038285173896426,21.327864456616478,humidity,66
2026-01-24T23:50:38+01:00,7b316592-8036-41e2-b8dc-b06b6a9afd54,41.038285173896426,21.327864456616478,noise,68
2026-01-24T23:50:38+01:00,7b316592-8036-41e2-b8dc-b06b6a9afd54,41.038285173896426,21.327864456616478,noise_dba,53
2026-01-24T23:50:38+01:00,7b316592-8036-41e2-b8dc-b06b6a9afd54,41.038285173896426,21.327864456616478,pm10,501
2026-01-24T23:50:38+01:00,7b316592-8036-41e2-b8dc-b06b6a9afd54,41.038285173896426,21.327864456616478,pm25,252
2026-01-24T23:50:38+01:00,7b316592-8036-41e2-b8dc-b06b6a9afd54,41.038285173896426,21.327864456616478,pressure,937
2026-01-24T23:50:38+01:00,7b316592-8036-41e2-b8dc-b06b6a9afd54,41.038285173896426,21.327864456616478,temperature,10
2026-01-25T00:06:11+01:00,7b316592-8036-41e2-b8dc-b06b6a9afd54,41.038285173896426,21.327864456616478,gasResistance,90029
2026-01-25T00:06:11+01:00,7b316592-8036-41e2-b8dc-b06b6a9afd54,41.038285173896426,21.327864456616478,humidity,66
2026-01-25T00:06:11+01:00,7b316592-8036-41e2-b8dc-b06b6a9afd54,41.038285173896426,21.327864456616478,noise,69
2026-01-25T00:06:11+01:00,7b316592-8036-41e2-b8dc-b06b6a9afd54,41.038285173896426,21.327864456616478,noise_dba,53
2026-01-25T00:06:11+01:00,7b316592-8036-41e2-b8dc-b06b6a9afd54,41.038285173896426,21.327864456616478,pm10,222
2026-01-25T00:06:11+01:00,7b316592-8036-41e2-b8dc-b06b6a9afd54,41.038285173896426,21.327864456616478,pm25,129
2026-01-25T00:06:11+01:00,7b316592-8036-41e2-b8dc-b06b6a9afd54,41.038285173896426,21.327864456616478,pressure,937
2026-01-25T00:06:11+01:00,7b316592-8036-41e2-b8dc-b06b6a9afd54,41.038285173896426,21.327864456616478,temperature,10
2026-01-25T00:21:43+01:00,7b316592-8036-41e2-b8dc-b06b6a9afd54,41.038285173896426,21.327864456616478,gasResistance,89551
2026-01-25T00:21:43+01:00,7b316592-8036-41e2-b8dc-b06b6a9afd54,41.038285173896426,21.327864456616478,humidity,65
2026-01-25T00:21:43+01:00,7b316592-8036-41e2-b8dc-b06b6a9afd54,41.038285173896426,21.327864456616478,noise,69
2026-01-25T00:21:43+01:00,7b316592-8036-41e2-b8dc-b06b6a9afd54,41.038285173896426,21.327864456616478,noise_dba,53
2026-01-25T00:21:43+01:00,7b316592-8036-41e2-b8dc-b06b6a9afd54,41.038285173896426,21.327864456616478,pm10,180
2026-01-25T00:21:43+01:00,7b316592-8036-41e2-b8dc-b06b6a9afd54,41.038285173896426,21.327864456616478,pm25,105
2026-01-25T00:21:43+01:00,7b316592-8036-41e2-b8dc-b06b6a9afd54,41.038285173896426,21.327864456616478,pressure,937
2026-01-25T00:21:43+01:00,7b316592-8036-41e2-b8dc-b06b6a9afd54,41.038285173896426,21.327864456616478,temperature,10
2026-01-25T00:37:16+01:00,7b316592-8036-41e2-b8dc-b06b6a9afd54,41.038285173896426,21.327864456616478,gasResistance,89172
2026-01-25T00:37:16+01:00,7b316592-8036-41e2-b8dc-b06b6a9afd54,41.038285173896426,21.327864456616478,humidity,65
2026-01-25T00:37:16+01:00,7b316592-8036-41e2-b8dc-b06b6a9afd54,41.038285173896426,21.327864456616478,noise,68
2026-01-25T00:37:16+01:00,7b316592-8036-41e2-b8dc-b06b6a9afd54,41.038285173896426,21.327864456616478,noise_dba,53
2026-01-25T00:37:16+01:00,7b316592-8036-41e2-b8dc-b06b6a9afd54,41.038285173896426,21.327864456616478,pm10,279
2026-01-25T00:37:16+01:00,7b316592-8036-41e2-b8dc-b06b6a9afd54,41.038285173896426,21.327864456616478,pm25,166
2026-01-25T00:37:16+01:00,7b316592-8036-41e2-b8dc-b06b6a9afd54,41.038285173896426,21.327864456616478,pressure,937
2026-01-25T00:37:16+01:00,7b316592-8036-41e2-b8dc-b06b6a9afd54,41.038285173896426,21.327864456616478,temperature,10
2026-01-25T00:52:49+01:00,7b316592-8036-41e2-b8dc-b06b6a9afd54,41.038285173896426,21.327864456616478,gasResistance,89078
2026-01-25T00:52:49+01:00,7b316592-8036-41e2-b8dc-b06b6a9afd54,41.038285173896426,21.327864456616478,humidity,65
2026-01-25T00:52:49+01:00,7b316592-8036-41e2-b8dc-b06b6a9afd54,41.038285173896426,21.327864456616478,noise,71
2026-01-25T00:52:49+01:00,7b316592-8036-41e2-b8dc-b06b6a9afd54,41.038285173896426,21.327864456616478,noise_dba,54
2026-01-25T00:52:49+01:00,7b316592-8036-41e2-b8dc-b06b6a9afd54,41.038285173896426,21.327864456616478,pm10,207
2026-01-25T00:52:49+01:00,7b316592-8036-41e2-b8dc-b06b6a9afd54,41.038285173896426,21.327864456616478,pm25,114
2026-01-25T00:52:49+01:00,7b316592-8036-41e2-b8dc-b06b6a9afd54,41.038285173896426,21.327864456616478,pressure,937
2026-01-25T00:52:49+01:00,7b316592-8036-41e2-b8dc-b06b6a9afd54,41.038285173896426,21.327864456616478,temperature,10
2026-01-25T01:08:22+01:00,7b316592-8036-41e2-b8dc-b06b6a9afd54,41.038285173896426,21.327864456616478,gasResistance,88797
2026-01-25T01:08:22+01:00,7b316592-8036-41e2-b8dc-b06b6a9afd54,41.038285173896426,21.327864456616478,humidity,65
2026-01-25T01:08:22+01:00,7b316592-8036-41e2-b8dc-b06b6a9afd54,41.038285173896426,21.327864456616478,noise,69
2026-01-25T01:08:22+01:00,7b316592-8036-41e2-b8dc-b06b6a9afd54,41.038285173896426,21.327864456616478,noise_dba,53
2026-01-25T01:08:22+01:00,7b316592-8036-41e2-b8dc-b06b6a9afd54,41.038285173896426,21.327864456616478,pm10,171
2026-01-25T01:08:22+01:00,7b316592-8036-41e2-b8dc-b06b6a9afd54,41.038285173896426,21.327864456616478,pm25,100
2026-01-25T01:08:22+01:00,7b316592-8036-41e2-b8dc-b06b6a9afd54,41.038285173896426,21.327864456616478,pressure,937
2026-01-25T01:08:22+01:00,7b316592-8036-41e2-b8dc-b06b6a9afd54,41.038285173896426,21.327864456616478,temperature,10
2026-01-25T01:23:55+01:00,7b316592-8036-41e2-b8dc-b06b6a9afd54,41.038285173896426,21.327864456616478,gasResistance,88984
2026-01-25T01:23:55+01:00,7b316592-8036-41e2-b8dc-b06b6a9afd54,41.038285173896426,21.327864456616478,humidity,65
2026-01-25T01:23:55+01:00,7b316592-8036-41e2-b8dc-b06b6a9afd54,41.038285173896426,21.327864456616478,noise,69
2026-01-25T01:23:55+01:00,7b316592-8036-41e2-b8dc-b06b6a9afd54,41.038285173896426,21.327864456616478,noise_dba,53
2026-01-25T01:23:55+01:00,7b316592-8036-41e2-b8dc-b06b6a9afd54,41.038285173896426,21.327864456616478,pm10,219
2026-01-25T01:23:55+01:00,7b316592-8036-41e2-b8dc-b06b6a9afd54,41.038285173896426,21.327864456616478,pm25,123
2026-01-25T01:23:55+01:00,7b316592-8036-41e2-b8dc-b06b6a9afd54,41.038285173896426,21.327864456616478,pressure,937
2026-01-25T01:23:55+01:00,7b316592-8036-41e2-b8dc-b06b6a9afd54,41.038285173896426,21.327864456616478,temperature,9
2026-01-25T01:39:28+01:00,7b316592-8036-41e2-b8dc-b06b6a9afd54,41.038285173896426,21.327864456616478,gasResistance,88704
2026-01-25T01:39:28+01:00,7b316592-8036-41e2-b8dc-b06b6a9afd54,41.038285173896426,21.327864456616478,humidity,65
2026-01-25T01:39:28+01:00,7b316592-8036-41e2-b8dc-b06b6a9afd54,41.038285173896426,21.327864456616478,noise,68
2026-01-25T01:39:28+01:00,7b316592-8036-41e2-b8dc-b06b6a9afd54,41.038285173896426,21.327864456616478,noise_dba,53
2026-01-25T01:39:28+01:00,7b316592-8036-41e2-b8dc-b06b6a9afd54,41.038285173896426,21.327864456616478,pm10,221
2026-01-25T01:39:28+01:00,7b316592-8036-41e2-b8dc-b06b6a9afd54,41.038285173896426,21.327864456616478,pm25,124
2026-01-25T01:39:28+01:00,7b316592-8036-41e2-b8dc-b06b6a9afd54,41.038285173896426,21.327864456616478,pressure,937
2026-01-25T01:39:28+01:00,7b316592-8036-41e2-b8dc-b06b6a9afd54,41.038285173896426,21.327864456616478,temperature,9
2026-01-25T01:55:01+01:00,7b316592-8036-41e2-b8dc-b06b6a9afd54,41.038285173896426,21.327864456616478,gasResistance,88611
2026-01-25T01:55:01+01:00,7b316592-8036-41e2-b8dc-b06b6a9afd54,41.038285173896426,21.327864456616478,humidity,65
2026-01-25T01:55:01+01:00,7b316592-8036-41e2-b8dc-b06b6a9afd54,41.038285173896426,21.327864456616478,noise,68
2026-01-25T01:55:01+01:00,7b316592-8036-41e2-b8dc-b06b6a9afd54,41.038285173896426,21.327864456616478,noise_dba,53
2026-01-25T01:55:01+01:00,7b316592-8036-41e2-b8dc-b06b6a9afd54,41.038285173896426,21.327864456616478,pm10,191
2026-01-25T01:55:01+01:00,7b316592-8036-41e2-b8dc-b06b6a9afd54,41.038285173896426,21.327864456616478,pm25,107
2026-01-25T01:55:01+01:00,7b316592-8036-41e2-b8dc-b06b6a9afd54,41.038285173896426,21.327864456616478,pressure,937
2026-01-25T01:55:01+01:00,7b316592-8036-41e2-b8dc-b06b6a9afd54,41.038285173896426,21.327864456616478,temperature,9
2026-01-25T02:10:34+01:00,7b316592-8036-41e2-b8dc-b06b6a9afd54,41.038285173896426,21.327864456616478,gasResistance,88148
2026-01-25T02:10:34+01:00,7b316592-8036-41e2-b8dc-b06b6a9afd54,41.038285173896426,21.327864456616478,humidity,65
2026-01-25T02:10:34+01:00,7b316592-8036-41e2-b8dc-b06b6a9afd54,41.038285173896426,21.327864456616478,noise,67
2026-01-25T02:10:34+01:00,7b316592-8036-41e2-b8dc-b06b6a9afd54,41.038285173896426,21.327864456616478,noise_dba,53
2026-01-25T02:10:34+01:00,7b316592-8036-41e2-b8dc-b06b6a9afd54,41.038285173896426,21.327864456616478,pm10,162
2026-01-25T02:10:34+01:00,7b316592-8036-41e2-b8dc-b06b6a9afd54,41.038285173896426,21.327864456616478,pm25,99
2026-01-25T02:10:34+01:00,7b316592-8036-41e2-b8dc-b06b6a9afd54,41.038285173896426,21.327864456616478,pressure,937
2026-01-25T02:10:34+01:00,7b316592-8036-41e2-b8dc-b06b6a9afd54,41.038285173896426,21.327864456616478,temperature,9
2026-01-25T02:26:06+01:00,7b316592-8036-41e2-b8dc-b06b6a9afd54,41.038285173896426,21.327864456616478,gasResistance,87327
2026-01-25T02:26:06+01:00,7b316592-8036-41e2-b8dc-b06b6a9afd54,41.038285173896426,21.327864456616478,humidity,65
2026-01-25T02:26:06+01:00,7b316592-8036-41e2-b8dc-b06b6a9afd54,41.038285173896426,21.327864456616478,noise,69
2026-01-25T02:26:06+01:00,7b316592-8036-41e2-b8dc-b06b6a9afd54,41.038285173896426,21.327864456616478,noise_dba,53
2026-01-25T02:26:06+01:00,7b316592-8036-41e2-b8dc-b06b6a9afd54,41.038285173896426,21.327864456616478,pm10,153
2026-01-25T02:26:06+01:00,7b316592-8036-41e2-b8dc-b06b6a9afd54,41.038285173896426,21.327864456616478,pm25,93
2026-01-25T02:26:06+01:00,7b316592-8036-41e2-b8dc-b06b6a9afd54,41.038285173896426,21.327864456616478,pressure,937
2026-01-25T02:26:06+01:00,7b316592-8036-41e2-b8dc-b06b6a9afd54,41.038285173896426,21.327864456616478,temperature,10
2026-01-25T02:41:39+01:00,7b316592-8036-41e2-b8dc-b06b6a9afd54,41.038285173896426,21.327864456616478,gasResistance,87146
2026-01-25T02:41:39+01:00,7b316592-8036-41e2-b8dc-b06b6a9afd54,41.038285173896426,21.327864456616478,humidity,65
2026-01-25T02:41:39+01:00,7b316592-8036-41e2-b8dc-b06b6a9afd54,41.038285173896426,21.327864456616478,noise,68
2026-01-25T02:41:39+01:00,7b316592-8036-41e2-b8dc-b06b6a9afd54,41.038285173896426,21.327864456616478,noise_dba,53
2026-01-25T02:41:39+01:00,7b316592-8036-41e2-b8dc-b06b6a9afd54,41.038285173896426,21.327864456616478,pm10,218
2026-01-25T02:41:39+01:00,7b316592-8036-41e2-b8dc-b06b6a9afd54,41.038285173896426,21.327864456616478,pm25,127
2026-01-25T02:41:39+01:00,7b316592-8036-41e2-b8dc-b06b6a9afd54,41.038285173896426,21.327864456616478,pressure,937
2026-01-25T02:41:39+01:00,7b316592-8036-41e2-b8dc-b06b6a9afd54,41.038285173896426,21.327864456616478,temperature,9
2026-01-25T02:57:12+01:00,7b316592-8036-41e2-b8dc-b06b6a9afd54,41.038285173896426,21.327864456616478,gasResistance,87417
2026-01-25T02:57:12+01:00,7b316592-8036-41e2-b8dc-b06b6a9afd54,41.038285173896426,21.327864456616478,humidity,67
2026-01-25T02:57:12+01:00,7b316592-8036-41e2-b8dc-b06b6a9afd54,41.038285173896426,21.327864456616478,noise,69
2026-01-25T02:57:12+01:00,7b316592-8036-41e2-b8dc-b06b6a9afd54,41.038285173896426,21.327864456616478,noise_dba,53
2026-01-25T02:57:12+01:00,7b316592-8036-41e2-b8dc-b06b6a9afd54,41.038285173896426,21.327864456616478,pm10,69
2026-01-25T02:57:12+01:00,7b316592-8036-41e2-b8dc-b06b6a9afd54,41.038285173896426,21.327864456616478,pm25,44
2026-01-25T02:57:12+01:00,7b316592-8036-41e2-b8dc-b06b6a9afd54,41.038285173896426,21.327864456616478,pressure,937
2026-01-25T02:57:12+01:00,7b316592-8036-41e2-b8dc-b06b6a9afd54,41.038285173896426,21.327864456616478,temperature,9
2026-01-25T03:12:43+01:00,7b316592-8036-41e2-b8dc-b06b6a9afd54,41.038285173896426,21.327864456616478,gasResistance,91592
2026-01-25T03:12:43+01:00,7b316592-8036-41e2-b8dc-b06b6a9afd54,41.038285173896426,21.327864456616478,humidity,72
2026-01-25T03:12:43+01:00,7b316592-8036-41e2-b8dc-b06b6a9afd54,41.038285173896426,21.327864456616478,noise,68
2026-01-25T03:12:43+01:00,7b316592-8036-41e2-b8dc-b06b6a9afd54,41.038285173896426,21.327864456616478,noise_dba,53
2026-01-25T03:12:43+01:00,7b316592-8036-41e2-b8dc-b06b6a9afd54,41.038285173896426,21.327864456616478,pm10,117
2026-01-25T03:12:43+01:00,7b316592-8036-41e2-b8dc-b06b6a9afd54,41.038285173896426,21.327864456616478,pm25,69
2026-01-25T03:12:43+01:00,7b316592-8036-41e2-b8dc-b06b6a9afd54,41.038285173896426,21.327864456616478,pressure,937
2026-01-25T03:12:43+01:00,7b316592-8036-41e2-b8dc-b06b6a9afd54,41.038285173896426,21.327864456616478,temperature,9
2026-01-25T03:28:15+01:00,7b316592-8036-41e2-b8dc-b06b6a9afd54,41.038285173896426,21.327864456616478,gasResistance,94485
2026-01-25T03:28:15+01:00,7b316592-8036-41e2-b8dc-b06b6a9afd54,41.038285173896426,21.327864456616478,humidity,73
2026-01-25T03:28:15+01:00,7b316592-8036-41e2-b8dc-b06b6a9afd54,41.038285173896426,21.327864456616478,noise,48
2026-01-25T03:28:15+01:00,7b316592-8036-41e2-b8dc-b06b6a9afd54,41.038285173896426,21.327864456616478,noise_dba,48
2026-01-25T03:28:15+01:00,7b316592-8036-41e2-b8dc-b06b6a9afd54,41.038285173896426,21.327864456616478,pm10,140
2026-01-25T03:28:15+01:00,7b316592-8036-41e2-b8dc-b06b6a9afd54,41.038285173896426,21.327864456616478,pm25,82
2026-01-25T03:28:15+01:00,7b316592-8036-41e2-b8dc-b06b6a9afd54,41.038285173896426,21.327864456616478,pressure,937
2026-01-25T03:28:15+01:00,7b316592-8036-41e2-b8dc-b06b6a9afd54,41.038285173896426,21.327864456616478,temperature,8
2026-01-25T03:43:46+01:00,7b316592-8036-41e2-b8dc-b06b6a9afd54,41.038285173896426,21.327864456616478,gasResistance,98110
2026-01-25T03:43:46+01:00,7b316592-8036-41e2-b8dc-b06b6a9afd54,41.038285173896426,21.327864456616478,humidity,74
2026-01-25T03:43:46+01:00,7b316592-8036-41e2-b8dc-b06b6a9afd54,41.038285173896426,21.327864456616478,noise,55
2026-01-25T03:43:46+01:00,7b316592-8036-41e2-b8dc-b06b6a9afd54,41.038285173896426,21.327864456616478,noise_dba,50
2026-01-25T03:43:46+01:00,7b316592-8036-41e2-b8dc-b06b6a9afd54,41.038285173896426,21.327864456616478,pm10,158
2026-01-25T03:43:46+01:00,7b316592-8036-41e2-b8dc-b06b6a9afd54,41.038285173896426,21.327864456616478,pm25,92
2026-01-25T03:43:46+01:00,7b316592-8036-41e2-b8dc-b06b6a9afd54,41.038285173896426,21.327864456616478,pressure,937
2026-01-25T03:43:46+01:00,7b316592-8036-41e2-b8dc-b06b6a9afd54,41.038285173896426,21.327864456616478,temperature,7
2026-01-25T03:59:18+01:00,7b316592-8036-41e2-b8dc-b06b6a9afd54,41.038285173896426,21.327864456616478,gasResistance,101534
2026-01-25T03:59:18+01:00,7b316592-8036-41e2-b8dc-b06b6a9afd54,41.038285173896426,21.327864456616478,humidity,74
2026-01-25T03:59:18+01:00,7b316592-8036-41e2-b8dc-b06b6a9afd54,41.038285173896426,21.327864456616478,noise,62
2026-01-25T03:59:18+01:00,7b316592-8036-41e2-b8dc-b06b6a9afd54,41.038285173896426,21.327864456616478,noise_dba,52
2026-01-25T03:59:18+01:00,7b316592-8036-41e2-b8dc-b06b6a9afd54,41.038285173896426,21.327864456616478,pm10,98
2026-01-25T03:59:18+01:00,7b316592-8036-41e2-b8dc-b06b6a9afd54,41.038285173896426,21.327864456616478,pm25,59
2026-01-25T03:59:18+01:00,7b316592-8036-41e2-b8dc-b06b6a9afd54,41.038285173896426,21.327864456616478,pressure,937
2026-01-25T03:59:18+01:00,7b316592-8036-41e2-b8dc-b06b6a9afd54,41.038285173896426,21.327864456616478,temperature,7
2026-01-25T04:14:49+01:00,7b316592-8036-41e2-b8dc-b06b6a9afd54,41.038285173896426,21.327864456616478,gasResistance,104038
2026-01-25T04:14:49+01:00,7b316592-8036-41e2-b8dc-b06b6a9afd54,41.038285173896426,21.327864456616478,humidity,74
2026-01-25T04:14:49+01:00,7b316592-8036-41e2-b8dc-b06b6a9afd54,41.038285173896426,21.327864456616478,noise,59
2026-01-25T04:14:49+01:00,7b316592-8036-41e2-b8dc-b06b6a9afd54,41.038285173896426,21.327864456616478,noise_dba,51
2026-01-25T04:14:49+01:00,7b316592-8036-41e2-b8dc-b06b6a9afd54,41.038285173896426,21.327864456616478,pm10,103
2026-01-25T04:14:49+01:00,7b316592-8036-41e2-b8dc-b06b6a9afd54,41.038285173896426,21.327864456616478,pm25,61
2026-01-25T04:14:49+01:00,7b316592-8036-41e2-b8dc-b06b6a9afd54,41.038285173896426,21.327864456616478,pressure,937
2026-01-25T04:14:49+01:00,7b316592-8036-41e2-b8dc-b06b6a9afd54,41.038285173896426,21.327864456616478,temperature,7
2026-01-25T04:30:21+01:00,7b316592-8036-41e2-b8dc-b06b6a9afd54,41.038285173896426,21.327864456616478,gasResistance,106266
2026-01-25T04:30:21+01:00,7b316592-8036-41e2-b8dc-b06b6a9afd54,41.038285173896426,21.327864456616478,humidity,75
2026-01-25T04:30:21+01:00,7b316592-8036-41e2-b8dc-b06b6a9afd54,41.038285173896426,21.327864456616478,noise,47
2026-01-25T04:30:21+01:00,7b316592-8036-41e2-b8dc-b06b6a9afd54,41.038285173896426,21.327864456616478,noise_dba,47
2026-01-25T04:30:21+01:00,7b316592-8036-41e2-b8dc-b06b6a9afd54,41.038285173896426,21.327864456616478,pm10,109
2026-01-25T04:30:21+01:00,7b316592-8036-41e2-b8dc-b06b6a9afd54,41.038285173896426,21.327864456616478,pm25,62
2026-01-25T04:30:21+01:00,7b316592-8036-41e2-b8dc-b06b6a9afd54,41.038285173896426,21.327864456616478,pressure,937
2026-01-25T04:30:21+01:00,7b316592-8036-41e2-b8dc-b06b6a9afd54,41.038285173896426,21.327864456616478,temperature,7
2026-01-25T04:45:52+01:00,7b316592-8036-41e2-b8dc-b06b6a9afd54,41.038285173896426,21.327864456616478,gasResistance,106804
2026-01-25T04:45:52+01:00,7b316592-8036-41e2-b8dc-b06b6a9afd54,41.038285173896426,21.327864456616478,humidity,75
2026-01-25T04:45:52+01:00,7b316592-8036-41e2-b8dc-b06b6a9afd54,41.038285173896426,21.327864456616478,noise,57
2026-01-25T04:45:52+01:00,7b316592-8036-41e2-b8dc-b06b6a9afd54,41.038285173896426,21.327864456616478,noise_dba,50
2026-01-25T04:45:52+01:00,7b316592-8036-41e2-b8dc-b06b6a9afd54,41.038285173896426,21.327864456616478,pm10,99
2026-01-25T04:45:52+01:00,7b316592-8036-41e2-b8dc-b06b6a9afd54,41.038285173896426,21.327864456616478,pm25,58
2026-01-25T04:45:52+01:00,7b316592-8036-41e2-b8dc-b06b6a9afd54,41.038285173896426,21.327864456616478,pressure,937
2026-01-25T04:45:52+01:00,7b316592-8036-41e2-b8dc-b06b6a9afd54,41.038285173896426,21.327864456616478,temperature,7
2026-01-25T05:01:24+01:00,7b316592-8036-41e2-b8dc-b06b6a9afd54,41.038285173896426,21.327864456616478,gasResistance,107211
2026-01-25T05:01:24+01:00,7b316592-8036-41e2-b8dc-b06b6a9afd54,41.038285173896426,21.327864456616478,humidity,75
2026-01-25T05:01:24+01:00,7b316592-8036-41e2-b8dc-b06b6a9afd54,41.038285173896426,21.327864456616478,noise,57
2026-01-25T05:01:24+01:00,7b316592-8036-41e2-b8dc-b06b6a9afd54,41.038285173896426,21.327864456616478,noise_dba,50
2026-01-25T05:01:24+01:00,7b316592-8036-41e2-b8dc-b06b6a9afd54,41.038285173896426,21.327864456616478,pm10,87
2026-01-25T05:01:24+01:00,7b316592-8036-41e2-b8dc-b06b6a9afd54,41.038285173896426,21.327864456616478,pm25,53
2026-01-25T05:01:24+01:00,7b316592-8036-41e2-b8dc-b06b6a9afd54,41.038285173896426,21.327864456616478,pressure,937
2026-01-25T05:01:24+01:00,7b316592-8036-41e2-b8dc-b06b6a9afd54,41.038285173896426,21.327864456616478,temperature,7
2026-01-25T05:16:55+01:00,7b316592-8036-41e2-b8dc-b06b6a9afd54,41.038285173896426,21.327864456616478,gasResistance,107965
2026-01-25T05:16:55+01:00,7b316592-8036-41e2-b8dc-b06b6a9afd54,41.038285173896426,21.327864456616478,humidity,75
2026-01-25T05:16:55+01:00,7b316592-8036-41e2-b8dc-b06b6a9afd54,41.038285173896426,21.327864456616478,noise,59
2026-01-25T05:16:55+01:00,7b316592-8036-41e2-b8dc-b06b6a9afd54,41.038285173896426,21.327864456616478,noise_dba,51
2026-01-25T05:16:55+01:00,7b316592-8036-41e2-b8dc-b06b6a9afd54,41.038285173896426,21.327864456616478,pm10,82
2026-01-25T05:16:55+01:00,7b316592-8036-41e2-b8dc-b06b6a9afd54,41.038285173896426,21.327864456616478,pm25,53
2026-01-25T05:16:55+01:00,7b316592-8036-41e2-b8dc-b06b6a9afd54,41.038285173896426,21.327864456616478,pressure,937
2026-01-25T05:16:55+01:00,7b316592-8036-41e2-b8dc-b06b6a9afd54,41.038285173896426,21.327864456616478,temperature,7
2026-01-25T05:32:27+01:00,7b316592-8036-41e2-b8dc-b06b6a9afd54,41.038285173896426,21.327864456616478,gasResistance,108731
2026-01-25T05:32:27+01:00,7b316592-8036-41e2-b8dc-b06b6a9afd54,41.038285173896426,21.327864456616478,humidity,75
2026-01-25T05:32:27+01:00,7b316592-8036-41e2-b8dc-b06b6a9afd54,41.038285173896426,21.327864456616478,noise,56
2026-01-25T05:32:27+01:00,7b316592-8036-41e2-b8dc-b06b6a9afd54,41.038285173896426,21.327864456616478,noise_dba,50
2026-01-25T05:32:27+01:00,7b316592-8036-41e2-b8dc-b06b6a9afd54,41.038285173896426,21.327864456616478,pm10,95
2026-01-25T05:32:27+01:00,7b316592-8036-41e2-b8dc-b06b6a9afd54,41.038285173896426,21.327864456616478,pm25,55
2026-01-25T05:32:27+01:00,7b316592-8036-41e2-b8dc-b06b6a9afd54,41.038285173896426,21.327864456616478,pressure,937
2026-01-25T05:32:27+01:00,7b316592-8036-41e2-b8dc-b06b6a9afd54,41.038285173896426,21.327864456616478,temperature,7
2026-01-25T05:47:58+01:00,7b316592-8036-41e2-b8dc-b06b6a9afd54,41.038285173896426,21.327864456616478,gasResistance,109649
2026-01-25T05:47:58+01:00,7b316592-8036-41e2-b8dc-b06b6a9afd54,41.038285173896426,21.327864456616478,humidity,76
2026-01-25T05:47:58+01:00,7b316592-8036-41e2-b8dc-b06b6a9afd54,41.038285173896426,21.327864456616478,noise,66
2026-01-25T05:47:58+01:00,7b316592-8036-41e2-b8dc-b06b6a9afd54,41.038285173896426,21.327864456616478,noise_dba,53
2026-01-25T05:47:58+01:00,7b316592-8036-41e2-b8dc-b06b6a9afd54,41.038285173896426,21.327864456616478,pm10,67
2026-01-25T05:47:58+01:00,7b316592-8036-41e2-b8dc-b06b6a9afd54,41.038285173896426,21.327864456616478,pm25,43
2026-01-25T05:47:58+01:00,7b316592-8036-41e2-b8dc-b06b6a9afd54,41.038285173896426,21.327864456616478,pressure,937
2026-01-25T05:47:58+01:00,7b316592-8036-41e2-b8dc-b06b6a9afd54,41.038285173896426,21.327864456616478,temperature,7
2026-01-25T06:03:30+01:00,7b316592-8036-41e2-b8dc-b06b6a9afd54,41.038285173896426,21.327864456616478,gasResistance,110007
2026-01-25T06:03:30+01:00,7b316592-8036-41e2-b8dc-b06b6a9afd54,41.038285173896426,21.327864456616478,humidity,76
2026-01-25T06:03:30+01:00,7b316592-8036-41e2-b8dc-b06b6a9afd54,41.038285173896426,21.327864456616478,noise,61
2026-01-25T06:03:30+01:00,7b316592-8036-41e2-b8dc-b06b6a9afd54,41.038285173896426,21.327864456616478,noise_dba,52
2026-01-25T06:03:30+01:00,7b316592-8036-41e2-b8dc-b06b6a9afd54,41.038285173896426,21.327864456616478,pm10,51
2026-01-25T06:03:30+01:00,7b316592-8036-41e2-b8dc-b06b6a9afd54,41.038285173896426,21.327864456616478,pm25,34
2026-01-25T06:03:30+01:00,7b316592-8036-41e2-b8dc-b06b6a9afd54,41.038285173896426,21.327864456616478,pressure,937
2026-01-25T06:03:30+01:00,7b316592-8036-41e2-b8dc-b06b6a9afd54,41.038285173896426,21.327864456616478,temperature,7
2026-01-25T06:34:48+01:00,7b316592-8036-41e2-b8dc-b06b6a9afd54,41.038285173896426,21.327864456616478,gasResistance,0
2026-01-25T06:34:48+01:00,7b316592-8036-41e2-b8dc-b06b6a9afd54,41.038285173896426,21.327864456616478,humidity,77
2026-01-25T06:34:48+01:00,7b316592-8036-41e2-b8dc-b06b6a9afd54,41.038285173896426,21.327864456616478,noise,120
2026-01-25T06:34:48+01:00,7b316592-8036-41e2-b8dc-b06b6a9afd54,41.038285173896426,21.327864456616478,noise_dba,62
2026-01-25T06:34:48+01:00,7b316592-8036-41e2-b8dc-b06b6a9afd54,41.038285173896426,21.327864456616478,pm10,63
2026-01-25T06:34:48+01:00,7b316592-8036-41e2-b8dc-b06b6a9afd54,41.038285173896426,21.327864456616478,pm25,45
2026-01-25T06:34:48+01:00,7b316592-8036-41e2-b8dc-b06b6a9afd54,41.038285173896426,21.327864456616478,pressure,937
2026-01-25T06:34:48+01:00,7b316592-8036-41e2-b8dc-b06b6a9afd54,41.038285173896426,21.327864456616478,temperature,7
2026-01-25T06:50:20+01:00,7b316592-8036-41e2-b8dc-b06b6a9afd54,41.038285173896426,21.327864456616478,gasResistance,93418
2026-01-25T06:50:20+01:00,7b316592-8036-41e2-b8dc-b06b6a9afd54,41.038285173896426,21.327864456616478,humidity,75
2026-01-25T06:50:20+01:00,7b316592-8036-41e2-b8dc-b06b6a9afd54,41.038285173896426,21.327864456616478,noise,58
2026-01-25T06:50:20+01:00,7b316592-8036-41e2-b8dc-b06b6a9afd54,41.038285173896426,21.327864456616478,noise_dba,51
2026-01-25T06:50:20+01:00,7b316592-8036-41e2-b8dc-b06b6a9afd54,41.038285173896426,21.327864456616478,pm10,61
2026-01-25T06:50:20+01:00,7b316592-8036-41e2-b8dc-b06b6a9afd54,41.038285173896426,21.327864456616478,pm25,42
2026-01-25T06:50:20+01:00,7b316592-8036-41e2-b8dc-b06b6a9afd54,41.038285173896426,21.327864456616478,pressure,937
2026-01-25T06:50:20+01:00,7b316592-8036-41e2-b8dc-b06b6a9afd54,41.038285173896426,21.327864456616478,temperature,7
2026-01-25T07:05:51+01:00,7b316592-8036-41e2-b8dc-b06b6a9afd54,41.038285173896426,21.327864456616478,gasResistance,97940
2026-01-25T07:05:51+01:00,7b316592-8036-41e2-b8dc-b06b6a9afd54,41.038285173896426,21.327864456616478,humidity,75
2026-01-25T07:05:51+01:00,7b316592-8036-41e2-b8dc-b06b6a9afd54,41.038285173896426,21.327864456616478,noise,51
2026-01-25T07:05:51+01:00,7b316592-8036-41e2-b8dc-b06b6a9afd54,41.038285173896426,21.327864456616478,noise_dba,49
2026-01-25T07:05:51+01:00,7b316592-8036-41e2-b8dc-b06b6a9afd54,41.038285173896426,21.327864456616478,pm10,88
2026-01-25T07:05:51+01:00,7b316592-8036-41e2-b8dc-b06b6a9afd54,41.038285173896426,21.327864456616478,pm25,53
2026-01-25T07:05:51+01:00,7b316592-8036-41e2-b8dc-b06b6a9afd54,41.038285173896426,21.327864456616478,pressure,937
2026-01-25T07:05:51+01:00,7b316592-8036-41e2-b8dc-b06b6a9afd54,41.038285173896426,21.327864456616478,temperature,7
2026-01-25T07:21:22+01:00,7b316592-8036-41e2-b8dc-b06b6a9afd54,41.038285173896426,21.327864456616478,gasResistance,102273
2026-01-25T07:21:22+01:00,7b316592-8036-41e2-b8dc-b06b6a9afd54,41.038285173896426,21.327864456616478,humidity,75
2026-01-25T07:21:22+01:00,7b316592-8036-41e2-b8dc-b06b6a9afd54,41.038285173896426,21.327864456616478,noise,61
2026-01-25T07:21:22+01:00,7b316592-8036-41e2-b8dc-b06b6a9afd54,41.038285173896426,21.327864456616478,noise_dba,52
2026-01-25T07:21:22+01:00,7b316592-8036-41e2-b8dc-b06b6a9afd54,41.038285173896426,21.327864456616478,pm10,178
2026-01-25T07:21:22+01:00,7b316592-8036-41e2-b8dc-b06b6a9afd54,41.038285173896426,21.327864456616478,pm25,115
2026-01-25T07:21:22+01:00,7b316592-8036-41e2-b8dc-b06b6a9afd54,41.038285173896426,21.327864456616478,pressure,937
2026-01-25T07:21:22+01:00,7b316592-8036-41e2-b8dc-b06b6a9afd54,41.038285173896426,21.327864456616478,temperature,7
2026-01-25T07:36:54+01:00,7b316592-8036-41e2-b8dc-b06b6a9afd54,41.038285173896426,21.327864456616478,gasResistance,104038
2026-01-25T07:36:54+01:00,7b316592-8036-41e2-b8dc-b06b6a9afd54,41.038285173896426,21.327864456616478,humidity,75
2026-01-25T07:36:54+01:00,7b316592-8036-41e2-b8dc-b06b6a9afd54,41.038285173896426,21.327864456616478,noise,52
2026-01-25T07:36:54+01:00,7b316592-8036-41e2-b8dc-b06b6a9afd54,41.038285173896426,21.327864456616478,noise_dba,49
2026-01-25T07:36:54+01:00,7b316592-8036-41e2-b8dc-b06b6a9afd54,41.038285173896426,21.327864456616478,pm10,169
2026-01-25T07:36:54+01:00,7b316592-8036-41e2-b8dc-b06b6a9afd54,41.038285173896426,21.327864456616478,pm25,108
2026-01-25T07:36:54+01:00,7b316592-8036-41e2-b8dc-b06b6a9afd54,41.038285173896426,21.327864456616478,pressure,937
2026-01-25T07:36:54+01:00,7b316592-8036-41e2-b8dc-b06b6a9afd54,41.038285173896426,21.327864456616478,temperature,7
2026-01-25T07:52:26+01:00,7b316592-8036-41e2-b8dc-b06b6a9afd54,41.038285173896426,21.327864456616478,gasResistance,106804
2026-01-25T07:52:26+01:00,7b316592-8036-41e2-b8dc-b06b6a9afd54,41.038285173896426,21.327864456616478,humidity,76
2026-01-25T07:52:26+01:00,7b316592-8036-41e2-b8dc-b06b6a9afd54,41.038285173896426,21.327864456616478,noise,56
2026-01-25T07:52:26+01:00,7b316592-8036-41e2-b8dc-b06b6a9afd54,41.038285173896426,21.327864456616478,noise_dba,50
2026-01-25T07:52:26+01:00,7b316592-8036-41e2-b8dc-b06b6a9afd54,41.038285173896426,21.327864456616478,pm10,116
2026-01-25T07:52:26+01:00,7b316592-8036-41e2-b8dc-b06b6a9afd54,41.038285173896426,21.327864456616478,pm25,73
2026-01-25T07:52:26+01:00,7b316592-8036-41e2-b8dc-b06b6a9afd54,41.038285173896426,21.327864456616478,pressure,937
2026-01-25T07:52:26+01:00,7b316592-8036-41e2-b8dc-b06b6a9afd54,41.038285173896426,21.327864456616478,temperature,7
2026-01-25T08:07:57+01:00,7b316592-8036-41e2-b8dc-b06b6a9afd54,41.038285173896426,21.327864456616478,gasResistance,109153
2026-01-25T08:07:57+01:00,7b316592-8036-41e2-b8dc-b06b6a9afd54,41.038285173896426,21.327864456616478,humidity,76
2026-01-25T08:07:57+01:00,7b316592-8036-41e2-b8dc-b06b6a9afd54,41.038285173896426,21.327864456616478,noise,57
2026-01-25T08:07:57+01:00,7b316592-8036-41e2-b8dc-b06b6a9afd54,41.038285173896426,21.327864456616478,noise_dba,50
2026-01-25T08:07:57+01:00,7b316592-8036-41e2-b8dc-b06b6a9afd54,41.038285173896426,21.327864456616478,pm10,63
2026-01-25T08:07:57+01:00,7b316592-8036-41e2-b8dc-b06b6a9afd54,41.038285173896426,21.327864456616478,pm25,43
2026-01-25T08:07:57+01:00,7b316592-8036-41e2-b8dc-b06b6a9afd54,41.038285173896426,21.327864456616478,pressure,937
2026-01-25T08:07:57+01:00,7b316592-8036-41e2-b8dc-b06b6a9afd54,41.038285173896426,21.327864456616478,temperature,7
2026-01-25T08:23:29+01:00,7b316592-8036-41e2-b8dc-b06b6a9afd54,41.038285173896426,21.327864456616478,gasResistance,110874
2026-01-25T08:23:29+01:00,7b316592-8036-41e2-b8dc-b06b6a9afd54,41.038285173896426,21.327864456616478,humidity,76
2026-01-25T08:23:29+01:00,7b316592-8036-41e2-b8dc-b06b6a9afd54,41.038285173896426,21.327864456616478,noise,68
2026-01-25T08:23:29+01:00,7b316592-8036-41e2-b8dc-b06b6a9afd54,41.038285173896426,21.327864456616478,noise_dba,53
2026-01-25T08:23:29+01:00,7b316592-8036-41e2-b8dc-b06b6a9afd54,41.038285173896426,21.327864456616478,pm10,110
2026-01-25T08:23:29+01:00,7b316592-8036-41e2-b8dc-b06b6a9afd54,41.038285173896426,21.327864456616478,pm25,72
2026-01-25T08:23:29+01:00,7b316592-8036-41e2-b8dc-b06b6a9afd54,41.038285173896426,21.327864456616478,pressure,937
2026-01-25T08:23:29+01:00,7b316592-8036-41e2-b8dc-b06b6a9afd54,41.038285173896426,21.327864456616478,temperature,6
2026-01-25T08:39:00+01:00,7b316592-8036-41e2-b8dc-b06b6a9afd54,41.038285173896426,21.327864456616478,gasResistance,111903
2026-01-25T08:39:00+01:00,7b316592-8036-41e2-b8dc-b06b6a9afd54,41.038285173896426,21.327864456616478,humidity,76
2026-01-25T08:39:00+01:00,7b316592-8036-41e2-b8dc-b06b6a9afd54,41.038285173896426,21.327864456616478,noise,63
2026-01-25T08:39:00+01:00,7b316592-8036-41e2-b8dc-b06b6a9afd54,41.038285173896426,21.327864456616478,noise_dba,52
2026-01-25T08:39:00+01:00,7b316592-8036-41e2-b8dc-b06b6a9afd54,41.038285173896426,21.327864456616478,pm10,120
2026-01-25T08:39:00+01:00,7b316592-8036-41e2-b8dc-b06b6a9afd54,41.038285173896426,21.327864456616478,pm25,77
2026-01-25T08:39:00+01:00,7b316592-8036-41e2-b8dc-b06b6a9afd54,41.038285173896426,21.327864456616478,pressure,937
2026-01-25T08:39:00+01:00,7b316592-8036-41e2-b8dc-b06b6a9afd54,41.038285173896426,21.327864456616478,temperature,6
2026-01-25T08:54:33+01:00,7b316592-8036-41e2-b8dc-b06b6a9afd54,41.038285173896426,21.327864456616478,gasResistance,114796
2026-01-25T08:54:33+01:00,7b316592-8036-41e2-b8dc-b06b6a9afd54,41.038285173896426,21.327864456616478,humidity,77
2026-01-25T08:54:33+01:00,7b316592-8036-41e2-b8dc-b06b6a9afd54,41.038285173896426,21.327864456616478,noise,50
2026-01-25T08:54:33+01:00,7b316592-8036-41e2-b8dc-b06b6a9afd54,41.038285173896426,21.327864456616478,noise_dba,48
2026-01-25T08:54:33+01:00,7b316592-8036-41e2-b8dc-b06b6a9afd54,41.038285173896426,21.327864456616478,pm10,157
2026-01-25T08:54:33+01:00,7b316592-8036-41e2-b8dc-b06b6a9afd54,41.038285173896426,21.327864456616478,pm25,101
2026-01-25T08:54:33+01:00,7b316592-8036-41e2-b8dc-b06b6a9afd54,41.038285173896426,21.327864456616478,pressure,937
2026-01-25T08:54:33+01:00,7b316592-8036-41e2-b8dc-b06b6a9afd54,41.038285173896426,21.327864456616478,temperature,7
2026-01-25T09:10:05+01:00,7b316592-8036-41e2-b8dc-b06b6a9afd54,41.038285173896426,21.327864456616478,gasResistance,111166
2026-01-25T09:10:05+01:00,7b316592-8036-41e2-b8dc-b06b6a9afd54,41.038285173896426,21.327864456616478,humidity,77
2026-01-25T09:10:05+01:00,7b316592-8036-41e2-b8dc-b06b6a9afd54,41.038285173896426,21.327864456616478,noise,59
2026-01-25T09:10:05+01:00,7b316592-8036-41e2-b8dc-b06b6a9afd54,41.038285173896426,21.327864456616478,noise_dba,51
2026-01-25T09:10:05+01:00,7b316592-8036-41e2-b8dc-b06b6a9afd54,41.038285173896426,21.327864456616478,pm10,119
2026-01-25T09:10:05+01:00,7b316592-8036-41e2-b8dc-b06b6a9afd54,41.038285173896426,21.327864456616478,pm25,78
2026-01-25T09:10:05+01:00,7b316592-8036-41e2-b8dc-b06b6a9afd54,41.038285173896426,21.327864456616478,pressure,937
2026-01-25T09:10:05+01:00,7b316592-8036-41e2-b8dc-b06b6a9afd54,41.038285173896426,21.327864456616478,temperature,7
2026-01-25T09:25:36+01:00,7b316592-8036-41e2-b8dc-b06b6a9afd54,41.038285173896426,21.327864456616478,gasResistance,112650
2026-01-25T09:25:36+01:00,7b316592-8036-41e2-b8dc-b06b6a9afd54,41.038285173896426,21.327864456616478,humidity,78
2026-01-25T09:25:36+01:00,7b316592-8036-41e2-b8dc-b06b6a9afd54,41.038285173896426,21.327864456616478,noise,48
2026-01-25T09:25:36+01:00,7b316592-8036-41e2-b8dc-b06b6a9afd54,41.038285173896426,21.327864456616478,noise_dba,48
2026-01-25T09:25:36+01:00,7b316592-8036-41e2-b8dc-b06b6a9afd54,41.038285173896426,21.327864456616478,pm10,46
2026-01-25T09:25:36+01:00,7b316592-8036-41e2-b8dc-b06b6a9afd54,41.038285173896426,21.327864456616478,pm25,31
2026-01-25T09:25:36+01:00,7b316592-8036-41e2-b8dc-b06b6a9afd54,41.038285173896426,21.327864456616478,pressure,937
2026-01-25T09:25:36+01:00,7b316592-8036-41e2-b8dc-b06b6a9afd54,41.038285173896426,21.327864456616478,temperature,7
2026-01-25T09:41:08+01:00,7b316592-8036-41e2-b8dc-b06b6a9afd54,41.038285173896426,21.327864456616478,gasResistance,109578
2026-01-25T09:41:08+01:00,7b316592-8036-41e2-b8dc-b06b6a9afd54,41.038285173896426,21.327864456616478,humidity,78
2026-01-25T09:41:08+01:00,7b316592-8036-41e2-b8dc-b06b6a9afd54,41.038285173896426,21.327864456616478,noise,60
2026-01-25T09:41:08+01:00,7b316592-8036-41e2-b8dc-b06b6a9afd54,41.038285173896426,21.327864456616478,noise_dba,51
2026-01-25T09:41:08+01:00,7b316592-8036-41e2-b8dc-b06b6a9afd54,41.038285173896426,21.327864456616478,pm10,148
2026-01-25T09:41:08+01:00,7b316592-8036-41e2-b8dc-b06b6a9afd54,41.038285173896426,21.327864456616478,pm25,103
2026-01-25T09:41:08+01:00,7b316592-8036-41e2-b8dc-b06b6a9afd54,41.038285173896426,21.327864456616478,pressure,937
2026-01-25T09:41:08+01:00,7b316592-8036-41e2-b8dc-b06b6a9afd54,41.038285173896426,21.327864456616478,temperature,7
2026-01-25T09:56:39+01:00,7b316592-8036-41e2-b8dc-b06b6a9afd54,41.038285173896426,21.327864456616478,gasResistance,107553
2026-01-25T09:56:39+01:00,7b316592-8036-41e2-b8dc-b06b6a9afd54,41.038285173896426,21.327864456616478,humidity,76
2026-01-25T09:56:39+01:00,7b316592-8036-41e2-b8dc-b06b6a9afd54,41.038285173896426,21.327864456616478,noise,52
2026-01-25T09:56:39+01:00,7b316592-8036-41e2-b8dc-b06b6a9afd54,41.038285173896426,21.327864456616478,noise_dba,49
2026-01-25T09:56:39+01:00,7b316592-8036-41e2-b8dc-b06b6a9afd54,41.038285173896426,21.327864456616478,pm10,111
2026-01-25T09:56:39+01:00,7b316592-8036-41e2-b8dc-b06b6a9afd54,41.038285173896426,21.327864456616478,pm25,78
2026-01-25T09:56:39+01:00,7b316592-8036-41e2-b8dc-b06b6a9afd54,41.038285173896426,21.327864456616478,pressure,937
2026-01-25T09:56:39+01:00,7b316592-8036-41e2-b8dc-b06b6a9afd54,41.038285173896426,21.327864456616478,temperature,8
2026-01-25T10:12:11+01:00,7b316592-8036-41e2-b8dc-b06b6a9afd54,41.038285173896426,21.327864456616478,gasResistance,105733
2026-01-25T10:12:11+01:00,7b316592-8036-41e2-b8dc-b06b6a9afd54,41.038285173896426,21.327864456616478,humidity,76
2026-01-25T10:12:11+01:00,7b316592-8036-41e2-b8dc-b06b6a9afd54,41.038285173896426,21.327864456616478,noise,60
2026-01-25T10:12:11+01:00,7b316592-8036-41e2-b8dc-b06b6a9afd54,41.038285173896426,21.327864456616478,noise_dba,51
2026-01-25T10:12:11+01:00,7b316592-8036-41e2-b8dc-b06b6a9afd54,41.038285173896426,21.327864456616478,pm10,240
2026-01-25T10:12:11+01:00,7b316592-8036-41e2-b8dc-b06b6a9afd54,41.038285173896426,21.327864456616478,pm25,132
2026-01-25T10:12:11+01:00,7b316592-8036-41e2-b8dc-b06b6a9afd54,41.038285173896426,21.327864456616478,pressure,937
2026-01-25T10:12:11+01:00,7b316592-8036-41e2-b8dc-b06b6a9afd54,41.038285173896426,21.327864456616478,temperature,8
2026-01-25T10:27:42+01:00,7b316592-8036-41e2-b8dc-b06b6a9afd54,41.038285173896426,21.327864456616478,gasResistance,104038
2026-01-25T10:27:42+01:00,7b316592-8036-41e2-b8dc-b06b6a9afd54,41.038285173896426,21.327864456616478,humidity,77
2026-01-25T10:27:42+01:00,7b316592-8036-41e2-b8dc-b06b6a9afd54,41.038285173896426,21.327864456616478,noise,56
2026-01-25T10:27:42+01:00,7b316592-8036-41e2-b8dc-b06b6a9afd54,41.038285173896426,21.327864456616478,noise_dba,50
2026-01-25T10:27:42+01:00,7b316592-8036-41e2-b8dc-b06b6a9afd54,41.038285173896426,21.327864456616478,pm10,49
2026-01-25T10:27:42+01:00,7b316592-8036-41e2-b8dc-b06b6a9afd54,41.038285173896426,21.327864456616478,pm25,36
2026-01-25T10:27:42+01:00,7b316592-8036-41e2-b8dc-b06b6a9afd54,41.038285173896426,21.327864456616478,pressure,937
2026-01-25T10:27:42+01:00,7b316592-8036-41e2-b8dc-b06b6a9afd54,41.038285173896426,21.327864456616478,temperature,8
2026-01-25T10:43:14+01:00,7b316592-8036-41e2-b8dc-b06b6a9afd54,41.038285173896426,21.327864456616478,gasResistance,101534
2026-01-25T10:43:14+01:00,7b316592-8036-41e2-b8dc-b06b6a9afd54,41.038285173896426,21.327864456616478,humidity,76
2026-01-25T10:43:14+01:00,7b316592-8036-41e2-b8dc-b06b6a9afd54,41.038285173896426,21.327864456616478,noise,52
2026-01-25T10:43:14+01:00,7b316592-8036-41e2-b8dc-b06b6a9afd54,41.038285173896426,21.327864456616478,noise_dba,49
2026-01-25T10:43:14+01:00,7b316592-8036-41e2-b8dc-b06b6a9afd54,41.038285173896426,21.327864456616478,pm10,133
2026-01-25T10:43:14+01:00,7b316592-8036-41e2-b8dc-b06b6a9afd54,41.038285173896426,21.327864456616478,pm25,92
2026-01-25T10:43:14+01:00,7b316592-8036-41e2-b8dc-b06b6a9afd54,41.038285173896426,21.327864456616478,pressure,936
2026-01-25T10:43:14+01:00,7b316592-8036-41e2-b8dc-b06b6a9afd54,41.038285173896426,21.327864456616478,temperature,8
2026-01-25T10:58:46+01:00,7b316592-8036-41e2-b8dc-b06b6a9afd54,41.038285173896426,21.327864456616478,gasResistance,99558
2026-01-25T10:58:46+01:00,7b316592-8036-41e2-b8dc-b06b6a9afd54,41.038285173896426,21.327864456616478,humidity,76
2026-01-25T10:58:46+01:00,7b316592-8036-41e2-b8dc-b06b6a9afd54,41.038285173896426,21.327864456616478,noise,62
2026-01-25T10:58:46+01:00,7b316592-8036-41e2-b8dc-b06b6a9afd54,41.038285173896426,21.327864456616478,noise_dba,52
2026-01-25T10:58:46+01:00,7b316592-8036-41e2-b8dc-b06b6a9afd54,41.038285173896426,21.327864456616478,pm10,94
2026-01-25T10:58:46+01:00,7b316592-8036-41e2-b8dc-b06b6a9afd54,41.038285173896426,21.327864456616478,pm25,65
2026-01-25T10:58:46+01:00,7b316592-8036-41e2-b8dc-b06b6a9afd54,41.038285173896426,21.327864456616478,pressure,936
2026-01-25T10:58:46+01:00,7b316592-8036-41e2-b8dc-b06b6a9afd54,41.038285173896426,21.327864456616478,temperature,9
2026-01-25T11:14:17+01:00,7b316592-8036-41e2-b8dc-b06b6a9afd54,41.038285173896426,21.327864456616478,gasResistance,97883
2026-01-25T11:14:17+01:00,7b316592-8036-41e2-b8dc-b06b6a9afd54,41.038285173896426,21.327864456616478,humidity,75
2026-01-25T11:14:17+01:00,7b316592-8036-41e2-b8dc-b06b6a9afd54,41.038285173896426,21.327864456616478,noise,63
2026-01-25T11:14:17+01:00,7b316592-8036-41e2-b8dc-b06b6a9afd54,41.038285173896426,21.327864456616478,noise_dba,52
2026-01-25T11:14:17+01:00,7b316592-8036-41e2-b8dc-b06b6a9afd54,41.038285173896426,21.327864456616478,pm10,66
2026-01-25T11:14:17+01:00,7b316592-8036-41e2-b8dc-b06b6a9afd54,41.038285173896426,21.327864456616478,pm25,51
2026-01-25T11:14:17+01:00,7b316592-8036-41e2-b8dc-b06b6a9afd54,41.038285173896426,21.327864456616478,pressure,936
2026-01-25T11:14:17+01:00,7b316592-8036-41e2-b8dc-b06b6a9afd54,41.038285173896426,21.327864456616478,temperature,9
2026-01-25T11:29:48+01:00,7b316592-8036-41e2-b8dc-b06b6a9afd54,41.038285173896426,21.327864456616478,gasResistance,96649
2026-01-25T11:29:48+01:00,7b316592-8036-41e2-b8dc-b06b6a9afd54,41.038285173896426,21.327864456616478,humidity,75
2026-01-25T11:29:48+01:00,7b316592-8036-41e2-b8dc-b06b6a9afd54,41.038285173896426,21.327864456616478,noise,52
2026-01-25T11:29:48+01:00,7b316592-8036-41e2-b8dc-b06b6a9afd54,41.038285173896426,21.327864456616478,noise_dba,49
2026-01-25T11:29:48+01:00,7b316592-8036-41e2-b8dc-b06b6a9afd54,41.038285173896426,21.327864456616478,pm10,78
2026-01-25T11:29:48+01:00,7b316592-8036-41e2-b8dc-b06b6a9afd54,41.038285173896426,21.327864456616478,pm25,58
2026-01-25T11:29:48+01:00,7b316592-8036-41e2-b8dc-b06b6a9afd54,41.038285173896426,21.327864456616478,pressure,936
2026-01-25T11:29:48+01:00,7b316592-8036-41e2-b8dc-b06b6a9afd54,41.038285173896426,21.327864456616478,temperature,9
2026-01-25T11:45:20+01:00,7b316592-8036-41e2-b8dc-b06b6a9afd54,41.038285173896426,21.327864456616478,gasResistance,95178
2026-01-25T11:45:20+01:00,7b316592-8036-41e2-b8dc-b06b6a9afd54,41.038285173896426,21.327864456616478,humidity,74
2026-01-25T11:45:20+01:00,7b316592-8036-41e2-b8dc-b06b6a9afd54,41.038285173896426,21.327864456616478,noise,64
2026-01-25T11:45:20+01:00,7b316592-8036-41e2-b8dc-b06b6a9afd54,41.038285173896426,21.327864456616478,noise_dba,52
2026-01-25T11:45:20+01:00,7b316592-8036-41e2-b8dc-b06b6a9afd54,41.038285173896426,21.327864456616478,pm10,194
2026-01-25T11:45:20+01:00,7b316592-8036-41e2-b8dc-b06b6a9afd54,41.038285173896426,21.327864456616478,pm25,86
2026-01-25T11:45:20+01:00,7b316592-8036-41e2-b8dc-b06b6a9afd54,41.038285173896426,21.327864456616478,pressure,936
2026-01-25T11:45:20+01:00,7b316592-8036-41e2-b8dc-b06b6a9afd54,41.038285173896426,21.327864456616478,temperature,9
2026-01-25T12:00:51+01:00,7b316592-8036-41e2-b8dc-b06b6a9afd54,41.038285173896426,21.327864456616478,gasResistance,94464
2026-01-25T12:00:51+01:00,7b316592-8036-41e2-b8dc-b06b6a9afd54,41.038285173896426,21.327864456616478,humidity,74
2026-01-25T12:00:51+01:00,7b316592-8036-41e2-b8dc-b06b6a9afd54,41.038285173896426,21.327864456616478,noise,59
2026-01-25T12:00:51+01:00,7b316592-8036-41e2-b8dc-b06b6a9afd54,41.038285173896426,21.327864456616478,noise_dba,51
2026-01-25T12:00:51+01:00,7b316592-8036-41e2-b8dc-b06b6a9afd54,41.038285173896426,21.327864456616478,pm10,134
2026-01-25T12:00:51+01:00,7b316592-8036-41e2-b8dc-b06b6a9afd54,41.038285173896426,21.327864456616478,pm25,81
2026-01-25T12:00:51+01:00,7b316592-8036-41e2-b8dc-b06b6a9afd54,41.038285173896426,21.327864456616478,pressure,936
2026-01-25T12:00:51+01:00,7b316592-8036-41e2-b8dc-b06b6a9afd54,41.038285173896426,21.327864456616478,temperature,10
2026-01-25T12:16:25+01:00,7b316592-8036-41e2-b8dc-b06b6a9afd54,41.038285173896426,21.327864456616478,gasResistance,94570
2026-01-25T12:16:25+01:00,7b316592-8036-41e2-b8dc-b06b6a9afd54,41.038285173896426,21.327864456616478,humidity,74
2026-01-25T12:16:25+01:00,7b316592-8036-41e2-b8dc-b06b6a9afd54,41.038285173896426,21.327864456616478,noise,58
2026-01-25T12:16:25+01:00,7b316592-8036-41e2-b8dc-b06b6a9afd54,41.038285173896426,21.327864456616478,noise_dba,51
2026-01-25T12:16:25+01:00,7b316592-8036-41e2-b8dc-b06b6a9afd54,41.038285173896426,21.327864456616478,pm10,54
2026-01-25T12:16:25+01:00,7b316592-8036-41e2-b8dc-b06b6a9afd54,41.038285173896426,21.327864456616478,pm25,36
2026-01-25T12:16:25+01:00,7b316592-8036-41e2-b8dc-b06b6a9afd54,41.038285173896426,21.327864456616478,pressure,935
2026-01-25T12:16:25+01:00,7b316592-8036-41e2-b8dc-b06b6a9afd54,41.038285173896426,21.327864456616478,temperature,10
2026-01-25T12:31:57+01:00,7b316592-8036-41e2-b8dc-b06b6a9afd54,41.038285173896426,21.327864456616478,gasResistance,91692
2026-01-25T12:31:57+01:00,7b316592-8036-41e2-b8dc-b06b6a9afd54,41.038285173896426,21.327864456616478,humidity,75
2026-01-25T12:31:57+01:00,7b316592-8036-41e2-b8dc-b06b6a9afd54,41.038285173896426,21.327864456616478,noise,65
2026-01-25T12:31:57+01:00,7b316592-8036-41e2-b8dc-b06b6a9afd54,41.038285173896426,21.327864456616478,noise_dba,53
2026-01-25T12:31:57+01:00,7b316592-8036-41e2-b8dc-b06b6a9afd54,41.038285173896426,21.327864456616478,pm10,88
2026-01-25T12:31:57+01:00,7b316592-8036-41e2-b8dc-b06b6a9afd54,41.038285173896426,21.327864456616478,pm25,59
2026-01-25T12:31:57+01:00,7b316592-8036-41e2-b8dc-b06b6a9afd54,41.038285173896426,21.327864456616478,pressure,935
2026-01-25T12:31:57+01:00,7b316592-8036-41e2-b8dc-b06b6a9afd54,41.038285173896426,21.327864456616478,temperature,10
2026-01-25T12:47:28+01:00,7b316592-8036-41e2-b8dc-b06b6a9afd54,41.038285173896426,21.327864456616478,gasResistance,91000
2026-01-25T12:47:28+01:00,7b316592-8036-41e2-b8dc-b06b6a9afd54,41.038285173896426,21.327864456616478,humidity,75
2026-01-25T12:47:28+01:00,7b316592-8036-41e2-b8dc-b06b6a9afd54,41.038285173896426,21.327864456616478,noise,54
2026-01-25T12:47:28+01:00,7b316592-8036-41e2-b8dc-b06b6a9afd54,41.038285173896426,21.327864456616478,noise_dba,50
2026-01-25T12:47:28+01:00,7b316592-8036-41e2-b8dc-b06b6a9afd54,41.038285173896426,21.327864456616478,pm10,29
2026-01-25T12:47:28+01:00,7b316592-8036-41e2-b8dc-b06b6a9afd54,41.038285173896426,21.327864456616478,pm25,24
2026-01-25T12:47:28+01:00,7b316592-8036-41e2-b8dc-b06b6a9afd54,41.038285173896426,21.327864456616478,pressure,935
2026-01-25T12:47:28+01:00,7b316592-8036-41e2-b8dc-b06b6a9afd54,41.038285173896426,21.327864456616478,temperature,10
2026-01-25T13:03:00+01:00,7b316592-8036-41e2-b8dc-b06b6a9afd54,41.038285173896426,21.327864456616478,gasResistance,89646
2026-01-25T13:03:00+01:00,7b316592-8036-41e2-b8dc-b06b6a9afd54,41.038285173896426,21.327864456616478,humidity,74
2026-01-25T13:03:00+01:00,7b316592-8036-41e2-b8dc-b06b6a9afd54,41.038285173896426,21.327864456616478,noise,58
2026-01-25T13:03:00+01:00,7b316592-8036-41e2-b8dc-b06b6a9afd54,41.038285173896426,21.327864456616478,noise_dba,51
2026-01-25T13:03:00+01:00,7b316592-8036-41e2-b8dc-b06b6a9afd54,41.038285173896426,21.327864456616478,pm10,71
2026-01-25T13:03:00+01:00,7b316592-8036-41e2-b8dc-b06b6a9afd54,41.038285173896426,21.327864456616478,pm25,49
2026-01-25T13:03:00+01:00,7b316592-8036-41e2-b8dc-b06b6a9afd54,41.038285173896426,21.327864456616478,pressure,935
2026-01-25T13:03:00+01:00,7b316592-8036-41e2-b8dc-b06b6a9afd54,41.038285173896426,21.327864456616478,temperature,10
2026-01-25T13:18:31+01:00,7b316592-8036-41e2-b8dc-b06b6a9afd54,41.038285173896426,21.327864456616478,gasResistance,88518
2026-01-25T13:18:31+01:00,7b316592-8036-41e2-b8dc-b06b6a9afd54,41.038285173896426,21.327864456616478,humidity,74
2026-01-25T13:18:31+01:00,7b316592-8036-41e2-b8dc-b06b6a9afd54,41.038285173896426,21.327864456616478,noise,55
2026-01-25T13:18:31+01:00,7b316592-8036-41e2-b8dc-b06b6a9afd54,41.038285173896426,21.327864456616478,noise_dba,50
2026-01-25T13:18:31+01:00,7b316592-8036-41e2-b8dc-b06b6a9afd54,41.038285173896426,21.327864456616478,pm10,39
2026-01-25T13:18:31+01:00,7b316592-8036-41e2-b8dc-b06b6a9afd54,41.038285173896426,21.327864456616478,pm25,28
2026-01-25T13:18:31+01:00,7b316592-8036-41e2-b8dc-b06b6a9afd54,41.038285173896426,21.327864456616478,pressure,935
2026-01-25T13:18:31+01:00,7b316592-8036-41e2-b8dc-b06b6a9afd54,41.038285173896426,21.327864456616478,temperature,10
2026-01-25T13:34:03+01:00,7b316592-8036-41e2-b8dc-b06b6a9afd54,41.038285173896426,21.327864456616478,gasResistance,86610
2026-01-25T13:34:03+01:00,7b316592-8036-41e2-b8dc-b06b6a9afd54,41.038285173896426,21.327864456616478,humidity,73
2026-01-25T13:34:03+01:00,7b316592-8036-41e2-b8dc-b06b6a9afd54,41.038285173896426,21.327864456616478,noise,54
2026-01-25T13:34:03+01:00,7b316592-8036-41e2-b8dc-b06b6a9afd54,41.038285173896426,21.327864456616478,noise_dba,50
2026-01-25T13:34:03+01:00,7b316592-8036-41e2-b8dc-b06b6a9afd54,41.038285173896426,21.327864456616478,pm10,31
2026-01-25T13:34:03+01:00,7b316592-8036-41e2-b8dc-b06b6a9afd54,41.038285173896426,21.327864456616478,pm25,24
2026-01-25T13:34:03+01:00,7b316592-8036-41e2-b8dc-b06b6a9afd54,41.038285173896426,21.327864456616478,pressure,935
2026-01-25T13:34:03+01:00,7b316592-8036-41e2-b8dc-b06b6a9afd54,41.038285173896426,21.327864456616478,temperature,11
2026-01-25T13:49:34+01:00,7b316592-8036-41e2-b8dc-b06b6a9afd54,41.038285173896426,21.327864456616478,gasResistance,85296
2026-01-25T13:49:34+01:00,7b316592-8036-41e2-b8dc-b06b6a9afd54,41.038285173896426,21.327864456616478,humidity,72
2026-01-25T13:49:34+01:00,7b316592-8036-41e2-b8dc-b06b6a9afd54,41.038285173896426,21.327864456616478,noise,66
2026-01-25T13:49:34+01:00,7b316592-8036-41e2-b8dc-b06b6a9afd54,41.038285173896426,21.327864456616478,noise_dba,53
2026-01-25T13:49:34+01:00,7b316592-8036-41e2-b8dc-b06b6a9afd54,41.038285173896426,21.327864456616478,pm10,39
2026-01-25T13:49:34+01:00,7b316592-8036-41e2-b8dc-b06b6a9afd54,41.038285173896426,21.327864456616478,pm25,28
2026-01-25T13:49:34+01:00,7b316592-8036-41e2-b8dc-b06b6a9afd54,41.038285173896426,21.327864456616478,pressure,935
2026-01-25T13:49:34+01:00,7b316592-8036-41e2-b8dc-b06b6a9afd54,41.038285173896426,21.327864456616478,temperature,11
2026-01-25T14:05:06+01:00,7b316592-8036-41e2-b8dc-b06b6a9afd54,41.038285173896426,21.327864456616478,gasResistance,84782
2026-01-25T14:05:06+01:00,7b316592-8036-41e2-b8dc-b06b6a9afd54,41.038285173896426,21.327864456616478,humidity,75
2026-01-25T14:05:06+01:00,7b316592-8036-41e2-b8dc-b06b6a9afd54,41.038285173896426,21.327864456616478,noise,64
2026-01-25T14:05:06+01:00,7b316592-8036-41e2-b8dc-b06b6a9afd54,41.038285173896426,21.327864456616478,noise_dba,52
2026-01-25T14:05:06+01:00,7b316592-8036-41e2-b8dc-b06b6a9afd54,41.038285173896426,21.327864456616478,pm10,40
2026-01-25T14:05:06+01:00,7b316592-8036-41e2-b8dc-b06b6a9afd54,41.038285173896426,21.327864456616478,pm25,32
2026-01-25T14:05:06+01:00,7b316592-8036-41e2-b8dc-b06b6a9afd54,41.038285173896426,21.327864456616478,pressure,934
2026-01-25T14:05:06+01:00,7b316592-8036-41e2-b8dc-b06b6a9afd54,41.038285173896426,21.327864456616478,temperature,11
2026-01-25T14:20:38+01:00,7b316592-8036-41e2-b8dc-b06b6a9afd54,41.038285173896426,21.327864456616478,gasResistance,85124
2026-01-25T14:20:38+01:00,7b316592-8036-41e2-b8dc-b06b6a9afd54,41.038285173896426,21.327864456616478,humidity,74
2026-01-25T14:20:38+01:00,7b316592-8036-41e2-b8dc-b06b6a9afd54,41.038285173896426,21.327864456616478,noise,61
2026-01-25T14:20:38+01:00,7b316592-8036-41e2-b8dc-b06b6a9afd54,41.038285173896426,21.327864456616478,noise_dba,52
2026-01-25T14:20:38+01:00,7b316592-8036-41e2-b8dc-b06b6a9afd54,41.038285173896426,21.327864456616478,pm10,51
2026-01-25T14:20:38+01:00,7b316592-8036-41e2-b8dc-b06b6a9afd54,41.038285173896426,21.327864456616478,pm25,40
2026-01-25T14:20:38+01:00,7b316592-8036-41e2-b8dc-b06b6a9afd54,41.038285173896426,21.327864456616478,pressure,934
2026-01-25T14:20:38+01:00,7b316592-8036-41e2-b8dc-b06b6a9afd54,41.038285173896426,21.327864456616478,temperature,11
2026-01-25T14:36:09+01:00,7b316592-8036-41e2-b8dc-b06b6a9afd54,41.038285173896426,21.327864456616478,gasResistance,84190
2026-01-25T14:36:09+01:00,7b316592-8036-41e2-b8dc-b06b6a9afd54,41.038285173896426,21.327864456616478,humidity,72
2026-01-25T14:36:09+01:00,7b316592-8036-41e2-b8dc-b06b6a9afd54,41.038285173896426,21.327864456616478,noise,58
2026-01-25T14:36:09+01:00,7b316592-8036-41e2-b8dc-b06b6a9afd54,41.038285173896426,21.327864456616478,noise_dba,51
2026-01-25T14:36:09+01:00,7b316592-8036-41e2-b8dc-b06b6a9afd54,41.038285173896426,21.327864456616478,pm10,116
2026-01-25T14:36:09+01:00,7b316592-8036-41e2-b8dc-b06b6a9afd54,41.038285173896426,21.327864456616478,pm25,88
2026-01-25T14:36:09+01:00,7b316592-8036-41e2-b8dc-b06b6a9afd54,41.038285173896426,21.327864456616478,pressure,934
2026-01-25T14:36:09+01:00,7b316592-8036-41e2-b8dc-b06b6a9afd54,41.038285173896426,21.327864456616478,temperature,11
2026-01-25T14:51:40+01:00,7b316592-8036-41e2-b8dc-b06b6a9afd54,41.038285173896426,21.327864456616478,gasResistance,82301
2026-01-25T14:51:40+01:00,7b316592-8036-41e2-b8dc-b06b6a9afd54,41.038285173896426,21.327864456616478,humidity,73
2026-01-25T14:51:40+01:00,7b316592-8036-41e2-b8dc-b06b6a9afd54,41.038285173896426,21.327864456616478,noise,74
2026-01-25T14:51:40+01:00,7b316592-8036-41e2-b8dc-b06b6a9afd54,41.038285173896426,21.327864456616478,noise_dba,55
2026-01-25T14:51:40+01:00,7b316592-8036-41e2-b8dc-b06b6a9afd54,41.038285173896426,21.327864456616478,pm10,91
2026-01-25T14:51:40+01:00,7b316592-8036-41e2-b8dc-b06b6a9afd54,41.038285173896426,21.327864456616478,pm25,67
2026-01-25T14:51:40+01:00,7b316592-8036-41e2-b8dc-b06b6a9afd54,41.038285173896426,21.327864456616478,pressure,934
2026-01-25T14:51:40+01:00,7b316592-8036-41e2-b8dc-b06b6a9afd54,41.038285173896426,21.327864456616478,temperature,11
2026-01-25T15:07:12+01:00,7b316592-8036-41e2-b8dc-b06b6a9afd54,41.038285173896426,21.327864456616478,gasResistance,81349
2026-01-25T15:07:12+01:00,7b316592-8036-41e2-b8dc-b06b6a9afd54,41.038285173896426,21.327864456616478,humidity,72
2026-01-25T15:07:12+01:00,7b316592-8036-41e2-b8dc-b06b6a9afd54,41.038285173896426,21.327864456616478,noise,65
2026-01-25T15:07:12+01:00,7b316592-8036-41e2-b8dc-b06b6a9afd54,41.038285173896426,21.327864456616478,noise_dba,53
2026-01-25T15:07:12+01:00,7b316592-8036-41e2-b8dc-b06b6a9afd54,41.038285173896426,21.327864456616478,pm10,51
2026-01-25T15:07:12+01:00,7b316592-8036-41e2-b8dc-b06b6a9afd54,41.038285173896426,21.327864456616478,pm25,42
2026-01-25T15:07:12+01:00,7b316592-8036-41e2-b8dc-b06b6a9afd54,41.038285173896426,21.327864456616478,pressure,934
2026-01-25T15:07:12+01:00,7b316592-8036-41e2-b8dc-b06b6a9afd54,41.038285173896426,21.327864456616478,temperature,12
2026-01-25T15:22:44+01:00,7b316592-8036-41e2-b8dc-b06b6a9afd54,41.038285173896426,21.327864456616478,gasResistance,83030
2026-01-25T15:22:44+01:00,7b316592-8036-41e2-b8dc-b06b6a9afd54,41.038285173896426,21.327864456616478,humidity,75
2026-01-25T15:22:44+01:00,7b316592-8036-41e2-b8dc-b06b6a9afd54,41.038285173896426,21.327864456616478,noise,58
2026-01-25T15:22:44+01:00,7b316592-8036-41e2-b8dc-b06b6a9afd54,41.038285173896426,21.327864456616478,noise_dba,51
2026-01-25T15:22:44+01:00,7b316592-8036-41e2-b8dc-b06b6a9afd54,41.038285173896426,21.327864456616478,pm10,20
2026-01-25T15:22:44+01:00,7b316592-8036-41e2-b8dc-b06b6a9afd54,41.038285173896426,21.327864456616478,pm25,17
2026-01-25T15:22:44+01:00,7b316592-8036-41e2-b8dc-b06b6a9afd54,41.038285173896426,21.327864456616478,pressure,933
2026-01-25T15:22:44+01:00,7b316592-8036-41e2-b8dc-b06b6a9afd54,41.038285173896426,21.327864456616478,temperature,12
2026-01-25T15:38:15+01:00,7b316592-8036-41e2-b8dc-b06b6a9afd54,41.038285173896426,21.327864456616478,gasResistance,81902
2026-01-25T15:38:15+01:00,7b316592-8036-41e2-b8dc-b06b6a9afd54,41.038285173896426,21.327864456616478,humidity,74
2026-01-25T15:38:15+01:00,7b316592-8036-41e2-b8dc-b06b6a9afd54,41.038285173896426,21.327864456616478,noise,50
2026-01-25T15:38:15+01:00,7b316592-8036-41e2-b8dc-b06b6a9afd54,41.038285173896426,21.327864456616478,noise_dba,48
2026-01-25T15:38:15+01:00,7b316592-8036-41e2-b8dc-b06b6a9afd54,41.038285173896426,21.327864456616478,pm10,32
2026-01-25T15:38:15+01:00,7b316592-8036-41e2-b8dc-b06b6a9afd54,41.038285173896426,21.327864456616478,pm25,23
2026-01-25T15:38:15+01:00,7b316592-8036-41e2-b8dc-b06b6a9afd54,41.038285173896426,21.327864456616478,pressure,933
2026-01-25T15:38:15+01:00,7b316592-8036-41e2-b8dc-b06b6a9afd54,41.038285173896426,21.327864456616478,temperature,11
2026-01-25T15:53:48+01:00,7b316592-8036-41e2-b8dc-b06b6a9afd54,41.038285173896426,21.327864456616478,gasResistance,81981
2026-01-25T15:53:48+01:00,7b316592-8036-41e2-b8dc-b06b6a9afd54,41.038285173896426,21.327864456616478,humidity,72
2026-01-25T15:53:48+01:00,7b316592-8036-41e2-b8dc-b06b6a9afd54,41.038285173896426,21.327864456616478,noise,48
2026-01-25T15:53:48+01:00,7b316592-8036-41e2-b8dc-b06b6a9afd54,41.038285173896426,21.327864456616478,noise_dba,48
2026-01-25T15:53:48+01:00,7b316592-8036-41e2-b8dc-b06b6a9afd54,41.038285173896426,21.327864456616478,pm10,19
2026-01-25T15:53:48+01:00,7b316592-8036-41e2-b8dc-b06b6a9afd54,41.038285173896426,21.327864456616478,pm25,14
2026-01-25T15:53:48+01:00,7b316592-8036-41e2-b8dc-b06b6a9afd54,41.038285173896426,21.327864456616478,pressure,933
2026-01-25T15:53:48+01:00,7b316592-8036-41e2-b8dc-b06b6a9afd54,41.038285173896426,21.327864456616478,temperature,12
2026-01-25T16:09:19+01:00,7b316592-8036-41e2-b8dc-b06b6a9afd54,41.038285173896426,21.327864456616478,gasResistance,82704
2026-01-25T16:09:19+01:00,7b316592-8036-41e2-b8dc-b06b6a9afd54,41.038285173896426,21.327864456616478,humidity,72
2026-01-25T16:09:19+01:00,7b316592-8036-41e2-b8dc-b06b6a9afd54,41.038285173896426,21.327864456616478,noise,58
2026-01-25T16:09:19+01:00,7b316592-8036-41e2-b8dc-b06b6a9afd54,41.038285173896426,21.327864456616478,noise_dba,51
2026-01-25T16:09:19+01:00,7b316592-8036-41e2-b8dc-b06b6a9afd54,41.038285173896426,21.327864456616478,pm10,23
2026-01-25T16:09:19+01:00,7b316592-8036-41e2-b8dc-b06b6a9afd54,41.038285173896426,21.327864456616478,pm25,19
2026-01-25T16:09:19+01:00,7b316592-8036-41e2-b8dc-b06b6a9afd54,41.038285173896426,21.327864456616478,pressure,933
2026-01-25T16:09:19+01:00,7b316592-8036-41e2-b8dc-b06b6a9afd54,41.038285173896426,21.327864456616478,temperature,12
2026-01-25T16:24:51+01:00,7b316592-8036-41e2-b8dc-b06b6a9afd54,41.038285173896426,21.327864456616478,gasResistance,81822
2026-01-25T16:24:51+01:00,7b316592-8036-41e2-b8dc-b06b6a9afd54,41.038285173896426,21.327864456616478,humidity,71
2026-01-25T16:24:51+01:00,7b316592-8036-41e2-b8dc-b06b6a9afd54,41.038285173896426,21.327864456616478,noise,59
2026-01-25T16:24:51+01:00,7b316592-8036-41e2-b8dc-b06b6a9afd54,41.038285173896426,21.327864456616478,noise_dba,51
2026-01-25T16:24:51+01:00,7b316592-8036-41e2-b8dc-b06b6a9afd54,41.038285173896426,21.327864456616478,pm10,25
2026-01-25T16:24:51+01:00,7b316592-8036-41e2-b8dc-b06b6a9afd54,41.038285173896426,21.327864456616478,pm25,20
2026-01-25T16:24:51+01:00,7b316592-8036-41e2-b8dc-b06b6a9afd54,41.038285173896426,21.327864456616478,pressure,933
2026-01-25T16:24:51+01:00,7b316592-8036-41e2-b8dc-b06b6a9afd54,41.038285173896426,21.327864456616478,temperature,12
2026-01-25T16:40:22+01:00,7b316592-8036-41e2-b8dc-b06b6a9afd54,41.038285173896426,21.327864456616478,gasResistance,82141
2026-01-25T16:40:22+01:00,7b316592-8036-41e2-b8dc-b06b6a9afd54,41.038285173896426,21.327864456616478,humidity,72
2026-01-25T16:40:22+01:00,7b316592-8036-41e2-b8dc-b06b6a9afd54,41.038285173896426,21.327864456616478,noise,60
2026-01-25T16:40:22+01:00,7b316592-8036-41e2-b8dc-b06b6a9afd54,41.038285173896426,21.327864456616478,noise_dba,51
2026-01-25T16:40:22+01:00,7b316592-8036-41e2-b8dc-b06b6a9afd54,41.038285173896426,21.327864456616478,pm10,48
2026-01-25T16:40:22+01:00,7b316592-8036-41e2-b8dc-b06b6a9afd54,41.038285173896426,21.327864456616478,pm25,31
2026-01-25T16:40:22+01:00,7b316592-8036-41e2-b8dc-b06b6a9afd54,41.038285173896426,21.327864456616478,pressure,933
2026-01-25T16:40:22+01:00,7b316592-8036-41e2-b8dc-b06b6a9afd54,41.038285173896426,21.327864456616478,temperature,11
2026-01-25T16:55:54+01:00,7b316592-8036-41e2-b8dc-b06b6a9afd54,41.038285173896426,21.327864456616478,gasResistance,83606
2026-01-25T16:55:54+01:00,7b316592-8036-41e2-b8dc-b06b6a9afd54,41.038285173896426,21.327864456616478,humidity,72
2026-01-25T16:55:54+01:00,7b316592-8036-41e2-b8dc-b06b6a9afd54,41.038285173896426,21.327864456616478,noise,54
2026-01-25T16:55:54+01:00,7b316592-8036-41e2-b8dc-b06b6a9afd54,41.038285173896426,21.327864456616478,noise_dba,50
2026-01-25T16:55:54+01:00,7b316592-8036-41e2-b8dc-b06b6a9afd54,41.038285173896426,21.327864456616478,pm10,47
2026-01-25T16:55:54+01:00,7b316592-8036-41e2-b8dc-b06b6a9afd54,41.038285173896426,21.327864456616478,pm25,33
2026-01-25T16:55:54+01:00,7b316592-8036-41e2-b8dc-b06b6a9afd54,41.038285173896426,21.327864456616478,pressure,933
2026-01-25T16:55:54+01:00,7b316592-8036-41e2-b8dc-b06b6a9afd54,41.038285173896426,21.327864456616478,temperature,11
2026-01-25T17:11:25+01:00,7b316592-8036-41e2-b8dc-b06b6a9afd54,41.038285173896426,21.327864456616478,gasResistance,84274
2026-01-25T17:11:25+01:00,7b316592-8036-41e2-b8dc-b06b6a9afd54,41.038285173896426,21.327864456616478,humidity,71
2026-01-25T17:11:25+01:00,7b316592-8036-41e2-b8dc-b06b6a9afd54,41.038285173896426,21.327864456616478,noise,69
2026-01-25T17:11:25+01:00,7b316592-8036-41e2-b8dc-b06b6a9afd54,41.038285173896426,21.327864456616478,noise_dba,53
2026-01-25T17:11:25+01:00,7b316592-8036-41e2-b8dc-b06b6a9afd54,41.038285173896426,21.327864456616478,pm10,25
2026-01-25T17:11:25+01:00,7b316592-8036-41e2-b8dc-b06b6a9afd54,41.038285173896426,21.327864456616478,pm25,19
2026-01-25T17:11:25+01:00,7b316592-8036-41e2-b8dc-b06b6a9afd54,41.038285173896426,21.327864456616478,pressure,933
2026-01-25T17:11:25+01:00,7b316592-8036-41e2-b8dc-b06b6a9afd54,41.038285173896426,21.327864456616478,temperature,11
2026-01-25T17:26:57+01:00,7b316592-8036-41e2-b8dc-b06b6a9afd54,41.038285173896426,21.327864456616478,gasResistance,85210
2026-01-25T17:26:57+01:00,7b316592-8036-41e2-b8dc-b06b6a9afd54,41.038285173896426,21.327864456616478,humidity,72
2026-01-25T17:26:57+01:00,7b316592-8036-41e2-b8dc-b06b6a9afd54,41.038285173896426,21.327864456616478,noise,65
2026-01-25T17:26:57+01:00,7b316592-8036-41e2-b8dc-b06b6a9afd54,41.038285173896426,21.327864456616478,noise_dba,53
2026-01-25T17:26:57+01:00,7b316592-8036-41e2-b8dc-b06b6a9afd54,41.038285173896426,21.327864456616478,pm10,47
2026-01-25T17:26:57+01:00,7b316592-8036-41e2-b8dc-b06b6a9afd54,41.038285173896426,21.327864456616478,pm25,24
2026-01-25T17:26:57+01:00,7b316592-8036-41e2-b8dc-b06b6a9afd54,41.038285173896426,21.327864456616478,pressure,933
2026-01-25T17:26:57+01:00,7b316592-8036-41e2-b8dc-b06b6a9afd54,41.038285173896426,21.327864456616478,temperature,11
2026-01-25T17:42:28+01:00,7b316592-8036-41e2-b8dc-b06b6a9afd54,41.038285173896426,21.327864456616478,gasResistance,85643
2026-01-25T17:42:28+01:00,7b316592-8036-41e2-b8dc-b06b6a9afd54,41.038285173896426,21.327864456616478,humidity,72
2026-01-25T17:42:28+01:00,7b316592-8036-41e2-b8dc-b06b6a9afd54,41.038285173896426,21.327864456616478,noise,60
2026-01-25T17:42:28+01:00,7b316592-8036-41e2-b8dc-b06b6a9afd54,41.038285173896426,21.327864456616478,noise_dba,51
2026-01-25T17:42:28+01:00,7b316592-8036-41e2-b8dc-b06b6a9afd54,41.038285173896426,21.327864456616478,pm10,70
2026-01-25T17:42:28+01:00,7b316592-8036-41e2-b8dc-b06b6a9afd54,41.038285173896426,21.327864456616478,pm25,40
2026-01-25T17:42:28+01:00,7b316592-8036-41e2-b8dc-b06b6a9afd54,41.038285173896426,21.327864456616478,pressure,933
2026-01-25T17:42:28+01:00,7b316592-8036-41e2-b8dc-b06b6a9afd54,41.038285173896426,21.327864456616478,temperature,11
2026-01-25T17:58:00+01:00,7b316592-8036-41e2-b8dc-b06b6a9afd54,41.038285173896426,21.327864456616478,gasResistance,86610
2026-01-25T17:58:00+01:00,7b316592-8036-41e2-b8dc-b06b6a9afd54,41.038285173896426,21.327864456616478,humidity,72
2026-01-25T17:58:00+01:00,7b316592-8036-41e2-b8dc-b06b6a9afd54,41.038285173896426,21.327864456616478,noise,70
2026-01-25T17:58:00+01:00,7b316592-8036-41e2-b8dc-b06b6a9afd54,41.038285173896426,21.327864456616478,noise_dba,54
2026-01-25T17:58:00+01:00,7b316592-8036-41e2-b8dc-b06b6a9afd54,41.038285173896426,21.327864456616478,pm10,32
2026-01-25T17:58:00+01:00,7b316592-8036-41e2-b8dc-b06b6a9afd54,41.038285173896426,21.327864456616478,pm25,24
2026-01-25T17:58:00+01:00,7b316592-8036-41e2-b8dc-b06b6a9afd54,41.038285173896426,21.327864456616478,pressure,932
2026-01-25T17:58:00+01:00,7b316592-8036-41e2-b8dc-b06b6a9afd54,41.038285173896426,21.327864456616478,temperature,11
2026-01-25T18:13:32+01:00,7b316592-8036-41e2-b8dc-b06b6a9afd54,41.038285173896426,21.327864456616478,gasResistance,87417
2026-01-25T18:13:32+01:00,7b316592-8036-41e2-b8dc-b06b6a9afd54,41.038285173896426,21.327864456616478,humidity,72
2026-01-25T18:13:32+01:00,7b316592-8036-41e2-b8dc-b06b6a9afd54,41.038285173896426,21.327864456616478,noise,56
2026-01-25T18:13:32+01:00,7b316592-8036-41e2-b8dc-b06b6a9afd54,41.038285173896426,21.327864456616478,noise_dba,50
2026-01-25T18:13:32+01:00,7b316592-8036-41e2-b8dc-b06b6a9afd54,41.038285173896426,21.327864456616478,pm10,54
2026-01-25T18:13:32+01:00,7b316592-8036-41e2-b8dc-b06b6a9afd54,41.038285173896426,21.327864456616478,pm25,39
2026-01-25T18:13:32+01:00,7b316592-8036-41e2-b8dc-b06b6a9afd54,41.038285173896426,21.327864456616478,pressure,932
2026-01-25T18:13:32+01:00,7b316592-8036-41e2-b8dc-b06b6a9afd54,41.038285173896426,21.327864456616478,temperature,11
2026-01-25T18:29:04+01:00,7b316592-8036-41e2-b8dc-b06b6a9afd54,41.038285173896426,21.327864456616478,gasResistance,85730
2026-01-25T18:29:04+01:00,7b316592-8036-41e2-b8dc-b06b6a9afd54,41.038285173896426,21.327864456616478,humidity,67
2026-01-25T18:29:04+01:00,7b316592-8036-41e2-b8dc-b06b6a9afd54,41.038285173896426,21.327864456616478,noise,109
2026-01-25T18:29:04+01:00,7b316592-8036-41e2-b8dc-b06b6a9afd54,41.038285173896426,21.327864456616478,noise_dba,61
2026-01-25T18:29:04+01:00,7b316592-8036-41e2-b8dc-b06b6a9afd54,41.038285173896426,21.327864456616478,pm10,23
2026-01-25T18:29:04+01:00,7b316592-8036-41e2-b8dc-b06b6a9afd54,41.038285173896426,21.327864456616478,pm25,20
2026-01-25T18:29:04+01:00,7b316592-8036-41e2-b8dc-b06b6a9afd54,41.038285173896426,21.327864456616478,pressure,932
2026-01-25T18:29:04+01:00,7b316592-8036-41e2-b8dc-b06b6a9afd54,41.038285173896426,21.327864456616478,temperature,11
2026-01-25T18:44:37+01:00,7b316592-8036-41e2-b8dc-b06b6a9afd54,41.038285173896426,21.327864456616478,gasResistance,85556
2026-01-25T18:44:37+01:00,7b316592-8036-41e2-b8dc-b06b6a9afd54,41.038285173896426,21.327864456616478,humidity,67
2026-01-25T18:44:37+01:00,7b316592-8036-41e2-b8dc-b06b6a9afd54,41.038285173896426,21.327864456616478,noise,40
2026-01-25T18:44:37+01:00,7b316592-8036-41e2-b8dc-b06b6a9afd54,41.038285173896426,21.327864456616478,noise_dba,45
2026-01-25T18:44:37+01:00,7b316592-8036-41e2-b8dc-b06b6a9afd54,41.038285173896426,21.327864456616478,pm10,21
2026-01-25T18:44:37+01:00,7b316592-8036-41e2-b8dc-b06b6a9afd54,41.038285173896426,21.327864456616478,pm25,15
2026-01-25T18:44:37+01:00,7b316592-8036-41e2-b8dc-b06b6a9afd54,41.038285173896426,21.327864456616478,pressure,932
2026-01-25T18:44:37+01:00,7b316592-8036-41e2-b8dc-b06b6a9afd54,41.038285173896426,21.327864456616478,temperature,12
2026-01-25T19:00:10+01:00,7b316592-8036-41e2-b8dc-b06b6a9afd54,41.038285173896426,21.327864456616478,gasResistance,84274
2026-01-25T19:00:10+01:00,7b316592-8036-41e2-b8dc-b06b6a9afd54,41.038285173896426,21.327864456616478,humidity,67
2026-01-25T19:00:10+01:00,7b316592-8036-41e2-b8dc-b06b6a9afd54,41.038285173896426,21.327864456616478,noise,52
2026-01-25T19:00:10+01:00,7b316592-8036-41e2-b8dc-b06b6a9afd54,41.038285173896426,21.327864456616478,noise_dba,49
2026-01-25T19:00:10+01:00,7b316592-8036-41e2-b8dc-b06b6a9afd54,41.038285173896426,21.327864456616478,pm10,27
2026-01-25T19:00:10+01:00,7b316592-8036-41e2-b8dc-b06b6a9afd54,41.038285173896426,21.327864456616478,pm25,22
2026-01-25T19:00:10+01:00,7b316592-8036-41e2-b8dc-b06b6a9afd54,41.038285173896426,21.327864456616478,pressure,932
2026-01-25T19:00:10+01:00,7b316592-8036-41e2-b8dc-b06b6a9afd54,41.038285173896426,21.327864456616478,temperature,12
2026-01-25T19:15:43+01:00,7b316592-8036-41e2-b8dc-b06b6a9afd54,41.038285173896426,21.327864456616478,gasResistance,83523
2026-01-25T19:15:43+01:00,7b316592-8036-41e2-b8dc-b06b6a9afd54,41.038285173896426,21.327864456616478,humidity,68
2026-01-25T19:15:43+01:00,7b316592-8036-41e2-b8dc-b06b6a9afd54,41.038285173896426,21.327864456616478,noise,56
2026-01-25T19:15:43+01:00,7b316592-8036-41e2-b8dc-b06b6a9afd54,41.038285173896426,21.327864456616478,noise_dba,50
2026-01-25T19:15:43+01:00,7b316592-8036-41e2-b8dc-b06b6a9afd54,41.038285173896426,21.327864456616478,pm10,12
2026-01-25T19:15:43+01:00,7b316592-8036-41e2-b8dc-b06b6a9afd54,41.038285173896426,21.327864456616478,pm25,10
2026-01-25T19:15:43+01:00,7b316592-8036-41e2-b8dc-b06b6a9afd54,41.038285173896426,21.327864456616478,pressure,932
2026-01-25T19:15:43+01:00,7b316592-8036-41e2-b8dc-b06b6a9afd54,41.038285173896426,21.327864456616478,temperature,12
2026-01-25T19:31:15+01:00,7b316592-8036-41e2-b8dc-b06b6a9afd54,41.038285173896426,21.327864456616478,gasResistance,83689
2026-01-25T19:31:15+01:00,7b316592-8036-41e2-b8dc-b06b6a9afd54,41.038285173896426,21.327864456616478,humidity,68
2026-01-25T19:31:15+01:00,7b316592-8036-41e2-b8dc-b06b6a9afd54,41.038285173896426,21.327864456616478,noise,36
2026-01-25T19:31:15+01:00,7b316592-8036-41e2-b8dc-b06b6a9afd54,41.038285173896426,21.327864456616478,noise_dba,43
2026-01-25T19:31:15+01:00,7b316592-8036-41e2-b8dc-b06b6a9afd54,41.038285173896426,21.327864456616478,pm10,20
2026-01-25T19:31:15+01:00,7b316592-8036-41e2-b8dc-b06b6a9afd54,41.038285173896426,21.327864456616478,pm25,16
2026-01-25T19:31:15+01:00,7b316592-8036-41e2-b8dc-b06b6a9afd54,41.038285173896426,21.327864456616478,pressure,932
2026-01-25T19:31:15+01:00,7b316592-8036-41e2-b8dc-b06b6a9afd54,41.038285173896426,21.327864456616478,temperature,12
2026-01-25T19:46:47+01:00,7b316592-8036-41e2-b8dc-b06b6a9afd54,41.038285173896426,21.327864456616478,gasResistance,84022
2026-01-25T19:46:47+01:00,7b316592-8036-41e2-b8dc-b06b6a9afd54,41.038285173896426,21.327864456616478,humidity,68
2026-01-25T19:46:47+01:00,7b316592-8036-41e2-b8dc-b06b6a9afd54,41.038285173896426,21.327864456616478,noise,41
2026-01-25T19:46:47+01:00,7b316592-8036-41e2-b8dc-b06b6a9afd54,41.038285173896426,21.327864456616478,noise_dba,45
2026-01-25T19:46:47+01:00,7b316592-8036-41e2-b8dc-b06b6a9afd54,41.038285173896426,21.327864456616478,pm10,22
2026-01-25T19:46:47+01:00,7b316592-8036-41e2-b8dc-b06b6a9afd54,41.038285173896426,21.327864456616478,pm25,17
2026-01-25T19:46:47+01:00,7b316592-8036-41e2-b8dc-b06b6a9afd54,41.038285173896426,21.327864456616478,pressure,932
2026-01-25T19:46:47+01:00,7b316592-8036-41e2-b8dc-b06b6a9afd54,41.038285173896426,21.327864456616478,temperature,12
2026-01-25T20:02:20+01:00,7b316592-8036-41e2-b8dc-b06b6a9afd54,41.038285173896426,21.327864456616478,gasResistance,84782
2026-01-25T20:02:20+01:00,7b316592-8036-41e2-b8dc-b06b6a9afd54,41.038285173896426,21.327864456616478,humidity,68
2026-01-25T20:02:20+01:00,7b316592-8036-41e2-b8dc-b06b6a9afd54,41.038285173896426,21.327864456616478,noise,35
2026-01-25T20:02:20+01:00,7b316592-8036-41e2-b8dc-b06b6a9afd54,41.038285173896426,21.327864456616478,noise_dba,43
2026-01-25T20:02:20+01:00,7b316592-8036-41e2-b8dc-b06b6a9afd54,41.038285173896426,21.327864456616478,pm10,32
2026-01-25T20:02:20+01:00,7b316592-8036-41e2-b8dc-b06b6a9afd54,41.038285173896426,21.327864456616478,pm25,23
2026-01-25T20:02:20+01:00,7b316592-8036-41e2-b8dc-b06b6a9afd54,41.038285173896426,21.327864456616478,pressure,932
2026-01-25T20:02:20+01:00,7b316592-8036-41e2-b8dc-b06b6a9afd54,41.038285173896426,21.327864456616478,temperature,12
2026-01-25T20:17:52+01:00,7b316592-8036-41e2-b8dc-b06b6a9afd54,41.038285173896426,21.327864456616478,gasResistance,85210
2026-01-25T20:17:52+01:00,7b316592-8036-41e2-b8dc-b06b6a9afd54,41.038285173896426,21.327864456616478,humidity,70
2026-01-25T20:17:52+01:00,7b316592-8036-41e2-b8dc-b06b6a9afd54,41.038285173896426,21.327864456616478,noise,38
2026-01-25T20:17:52+01:00,7b316592-8036-41e2-b8dc-b06b6a9afd54,41.038285173896426,21.327864456616478,noise_dba,44
2026-01-25T20:17:52+01:00,7b316592-8036-41e2-b8dc-b06b6a9afd54,41.038285173896426,21.327864456616478,pm10,29
2026-01-25T20:17:52+01:00,7b316592-8036-41e2-b8dc-b06b6a9afd54,41.038285173896426,21.327864456616478,pm25,23
2026-01-25T20:17:52+01:00,7b316592-8036-41e2-b8dc-b06b6a9afd54,41.038285173896426,21.327864456616478,pressure,932
2026-01-25T20:17:52+01:00,7b316592-8036-41e2-b8dc-b06b6a9afd54,41.038285173896426,21.327864456616478,temperature,12
2026-01-25T20:33:25+01:00,7b316592-8036-41e2-b8dc-b06b6a9afd54,41.038285173896426,21.327864456616478,gasResistance,85296
2026-01-25T20:33:25+01:00,7b316592-8036-41e2-b8dc-b06b6a9afd54,41.038285173896426,21.327864456616478,humidity,73
2026-01-25T20:33:25+01:00,7b316592-8036-41e2-b8dc-b06b6a9afd54,41.038285173896426,21.327864456616478,noise,43
2026-01-25T20:33:25+01:00,7b316592-8036-41e2-b8dc-b06b6a9afd54,41.038285173896426,21.327864456616478,noise_dba,46
2026-01-25T20:33:25+01:00,7b316592-8036-41e2-b8dc-b06b6a9afd54,41.038285173896426,21.327864456616478,pm10,25
2026-01-25T20:33:25+01:00,7b316592-8036-41e2-b8dc-b06b6a9afd54,41.038285173896426,21.327864456616478,pm25,19
2026-01-25T20:33:25+01:00,7b316592-8036-41e2-b8dc-b06b6a9afd54,41.038285173896426,21.327864456616478,pressure,932
2026-01-25T20:33:25+01:00,7b316592-8036-41e2-b8dc-b06b6a9afd54,41.038285173896426,21.327864456616478,temperature,12
2026-01-25T20:48:57+01:00,7b316592-8036-41e2-b8dc-b06b6a9afd54,41.038285173896426,21.327864456616478,gasResistance,86967
2026-01-25T20:48:57+01:00,7b316592-8036-41e2-b8dc-b06b6a9afd54,41.038285173896426,21.327864456616478,humidity,73
2026-01-25T20:48:57+01:00,7b316592-8036-41e2-b8dc-b06b6a9afd54,41.038285173896426,21.327864456616478,noise,37
2026-01-25T20:48:57+01:00,7b316592-8036-41e2-b8dc-b06b6a9afd54,41.038285173896426,21.327864456616478,noise_dba,43
2026-01-25T20:48:57+01:00,7b316592-8036-41e2-b8dc-b06b6a9afd54,41.038285173896426,21.327864456616478,pm10,63
2026-01-25T20:48:57+01:00,7b316592-8036-41e2-b8dc-b06b6a9afd54,41.038285173896426,21.327864456616478,pm25,42
2026-01-25T20:48:57+01:00,7b316592-8036-41e2-b8dc-b06b6a9afd54,41.038285173896426,21.327864456616478,pressure,932
2026-01-25T20:48:57+01:00,7b316592-8036-41e2-b8dc-b06b6a9afd54,41.038285173896426,21.327864456616478,temperature,11
2026-01-25T21:04:30+01:00,7b316592-8036-41e2-b8dc-b06b6a9afd54,41.038285173896426,21.327864456616478,gasResistance,87146
2026-01-25T21:04:30+01:00,7b316592-8036-41e2-b8dc-b06b6a9afd54,41.038285173896426,21.327864456616478,humidity,72
2026-01-25T21:04:30+01:00,7b316592-8036-41e2-b8dc-b06b6a9afd54,41.038285173896426,21.327864456616478,noise,45
2026-01-25T21:04:30+01:00,7b316592-8036-41e2-b8dc-b06b6a9afd54,41.038285173896426,21.327864456616478,noise_dba,47
2026-01-25T21:04:30+01:00,7b316592-8036-41e2-b8dc-b06b6a9afd54,41.038285173896426,21.327864456616478,pm10,29
2026-01-25T21:04:30+01:00,7b316592-8036-41e2-b8dc-b06b6a9afd54,41.038285173896426,21.327864456616478,pm25,23
2026-01-25T21:04:30+01:00,7b316592-8036-41e2-b8dc-b06b6a9afd54,41.038285173896426,21.327864456616478,pressure,932
2026-01-25T21:04:30+01:00,7b316592-8036-41e2-b8dc-b06b6a9afd54,41.038285173896426,21.327864456616478,temperature,11
2026-01-25T21:20:03+01:00,7b316592-8036-41e2-b8dc-b06b6a9afd54,41.038285173896426,21.327864456616478,gasResistance,87690
2026-01-25T21:20:03+01:00,7b316592-8036-41e2-b8dc-b06b6a9afd54,41.038285173896426,21.327864456616478,humidity,72
2026-01-25T21:20:03+01:00,7b316592-8036-41e2-b8dc-b06b6a9afd54,41.038285173896426,21.327864456616478,noise,46
2026-01-25T21:20:03+01:00,7b316592-8036-41e2-b8dc-b06b6a9afd54,41.038285173896426,21.327864456616478,noise_dba,47
2026-01-25T21:20:03+01:00,7b316592-8036-41e2-b8dc-b06b6a9afd54,41.038285173896426,21.327864456616478,pm10,25
2026-01-25T21:20:03+01:00,7b316592-8036-41e2-b8dc-b06b6a9afd54,41.038285173896426,21.327864456616478,pm25,20
2026-01-25T21:20:03+01:00,7b316592-8036-41e2-b8dc-b06b6a9afd54,41.038285173896426,21.327864456616478,pressure,932
2026-01-25T21:20:03+01:00,7b316592-8036-41e2-b8dc-b06b6a9afd54,41.038285173896426,21.327864456616478,temperature,11
2026-01-25T21:35:35+01:00,7b316592-8036-41e2-b8dc-b06b6a9afd54,41.038285173896426,21.327864456616478,gasResistance,88704
2026-01-25T21:35:35+01:00,7b316592-8036-41e2-b8dc-b06b6a9afd54,41.038285173896426,21.327864456616478,humidity,73
2026-01-25T21:35:35+01:00,7b316592-8036-41e2-b8dc-b06b6a9afd54,41.038285173896426,21.327864456616478,noise,48
2026-01-25T21:35:35+01:00,7b316592-8036-41e2-b8dc-b06b6a9afd54,41.038285173896426,21.327864456616478,noise_dba,48
2026-01-25T21:35:35+01:00,7b316592-8036-41e2-b8dc-b06b6a9afd54,41.038285173896426,21.327864456616478,pm10,32
2026-01-25T21:35:35+01:00,7b316592-8036-41e2-b8dc-b06b6a9afd54,41.038285173896426,21.327864456616478,pm25,26
2026-01-25T21:35:35+01:00,7b316592-8036-41e2-b8dc-b06b6a9afd54,41.038285173896426,21.327864456616478,pressure,931
2026-01-25T21:35:35+01:00,7b316592-8036-41e2-b8dc-b06b6a9afd54,41.038285173896426,21.327864456616478,temperature,11
2026-01-25T21:51:08+01:00,7b316592-8036-41e2-b8dc-b06b6a9afd54,41.038285173896426,21.327864456616478,gasResistance,89172
2026-01-25T21:51:08+01:00,7b316592-8036-41e2-b8dc-b06b6a9afd54,41.038285173896426,21.327864456616478,humidity,74
2026-01-25T21:51:08+01:00,7b316592-8036-41e2-b8dc-b06b6a9afd54,41.038285173896426,21.327864456616478,noise,49
2026-01-25T21:51:08+01:00,7b316592-8036-41e2-b8dc-b06b6a9afd54,41.038285173896426,21.327864456616478,noise_dba,48
2026-01-25T21:51:08+01:00,7b316592-8036-41e2-b8dc-b06b6a9afd54,41.038285173896426,21.327864456616478,pm10,27
2026-01-25T21:51:08+01:00,7b316592-8036-41e2-b8dc-b06b6a9afd54,41.038285173896426,21.327864456616478,pm25,23
2026-01-25T21:51:08+01:00,7b316592-8036-41e2-b8dc-b06b6a9afd54,41.038285173896426,21.327864456616478,pressure,931
2026-01-25T21:51:08+01:00,7b316592-8036-41e2-b8dc-b06b6a9afd54,41.038285173896426,21.327864456616478,temperature,11
2026-01-25T22:06:41+01:00,7b316592-8036-41e2-b8dc-b06b6a9afd54,41.038285173896426,21.327864456616478,gasResistance,88518
2026-01-25T22:06:41+01:00,7b316592-8036-41e2-b8dc-b06b6a9afd54,41.038285173896426,21.327864456616478,humidity,74
2026-01-25T22:06:41+01:00,7b316592-8036-41e2-b8dc-b06b6a9afd54,41.038285173896426,21.327864456616478,noise,47
2026-01-25T22:06:41+01:00,7b316592-8036-41e2-b8dc-b06b6a9afd54,41.038285173896426,21.327864456616478,noise_dba,47
2026-01-25T22:06:41+01:00,7b316592-8036-41e2-b8dc-b06b6a9afd54,41.038285173896426,21.327864456616478,pm10,44
2026-01-25T22:06:41+01:00,7b316592-8036-41e2-b8dc-b06b6a9afd54,41.038285173896426,21.327864456616478,pm25,29
2026-01-25T22:06:41+01:00,7b316592-8036-41e2-b8dc-b06b6a9afd54,41.038285173896426,21.327864456616478,pressure,931
2026-01-25T22:06:41+01:00,7b316592-8036-41e2-b8dc-b06b6a9afd54,41.038285173896426,21.327864456616478,temperature,11
2026-01-25T22:22:14+01:00,7b316592-8036-41e2-b8dc-b06b6a9afd54,41.038285173896426,21.327864456616478,gasResistance,88332
2026-01-25T22:22:14+01:00,7b316592-8036-41e2-b8dc-b06b6a9afd54,41.038285173896426,21.327864456616478,humidity,74
2026-01-25T22:22:14+01:00,7b316592-8036-41e2-b8dc-b06b6a9afd54,41.038285173896426,21.327864456616478,noise,46
2026-01-25T22:22:14+01:00,7b316592-8036-41e2-b8dc-b06b6a9afd54,41.038285173896426,21.327864456616478,noise_dba,47
2026-01-25T22:22:14+01:00,7b316592-8036-41e2-b8dc-b06b6a9afd54,41.038285173896426,21.327864456616478,pm10,27
2026-01-25T22:22:14+01:00,7b316592-8036-41e2-b8dc-b06b6a9afd54,41.038285173896426,21.327864456616478,pm25,21
2026-01-25T22:22:14+01:00,7b316592-8036-41e2-b8dc-b06b6a9afd54,41.038285173896426,21.327864456616478,pressure,931
2026-01-25T22:22:14+01:00,7b316592-8036-41e2-b8dc-b06b6a9afd54,41.038285173896426,21.327864456616478,temperature,11
2026-01-25T22:37:46+01:00,7b316592-8036-41e2-b8dc-b06b6a9afd54,41.038285173896426,21.327864456616478,gasResistance,87146
2026-01-25T22:37:46+01:00,7b316592-8036-41e2-b8dc-b06b6a9afd54,41.038285173896426,21.327864456616478,humidity,71
2026-01-25T22:37:46+01:00,7b316592-8036-41e2-b8dc-b06b6a9afd54,41.038285173896426,21.327864456616478,noise,44
2026-01-25T22:37:46+01:00,7b316592-8036-41e2-b8dc-b06b6a9afd54,41.038285173896426,21.327864456616478,noise_dba,46
2026-01-25T22:37:46+01:00,7b316592-8036-41e2-b8dc-b06b6a9afd54,41.038285173896426,21.327864456616478,pm10,33
2026-01-25T22:37:46+01:00,7b316592-8036-41e2-b8dc-b06b6a9afd54,41.038285173896426,21.327864456616478,pm25,23
2026-01-25T22:37:46+01:00,7b316592-8036-41e2-b8dc-b06b6a9afd54,41.038285173896426,21.327864456616478,pressure,931
2026-01-25T22:37:46+01:00,7b316592-8036-41e2-b8dc-b06b6a9afd54,41.038285173896426,21.327864456616478,temperature,11
2026-01-25T22:53:19+01:00,7b316592-8036-41e2-b8dc-b06b6a9afd54,41.038285173896426,21.327864456616478,gasResistance,86079
2026-01-25T22:53:19+01:00,7b316592-8036-41e2-b8dc-b06b6a9afd54,41.038285173896426,21.327864456616478,humidity,71
2026-01-25T22:53:19+01:00,7b316592-8036-41e2-b8dc-b06b6a9afd54,41.038285173896426,21.327864456616478,noise,38
2026-01-25T22:53:19+01:00,7b316592-8036-41e2-b8dc-b06b6a9afd54,41.038285173896426,21.327864456616478,noise_dba,44
2026-01-25T22:53:19+01:00,7b316592-8036-41e2-b8dc-b06b6a9afd54,41.038285173896426,21.327864456616478,pm10,30
2026-01-25T22:53:19+01:00,7b316592-8036-41e2-b8dc-b06b6a9afd54,41.038285173896426,21.327864456616478,pm25,21
2026-01-25T22:53:19+01:00,7b316592-8036-41e2-b8dc-b06b6a9afd54,41.038285173896426,21.327864456616478,pressure,931
2026-01-25T22:53:19+01:00,7b316592-8036-41e2-b8dc-b06b6a9afd54,41.038285173896426,21.327864456616478,temperature,12
2026-01-25T23:08:51+01:00,7b316592-8036-41e2-b8dc-b06b6a9afd54,41.038285173896426,21.327864456616478,gasResistance,85817
2026-01-25T23:08:51+01:00,7b316592-8036-41e2-b8dc-b06b6a9afd54,41.038285173896426,21.327864456616478,humidity,73
2026-01-25T23:08:51+01:00,7b316592-8036-41e2-b8dc-b06b6a9afd54,41.038285173896426,21.327864456616478,noise,25
2026-01-25T23:08:51+01:00,7b316592-8036-41e2-b8dc-b06b6a9afd54,41.038285173896426,21.327864456616478,noise_dba,37
2026-01-25T23:08:51+01:00,7b316592-8036-41e2-b8dc-b06b6a9afd54,41.038285173896426,21.327864456616478,pm10,18
2026-01-25T23:08:51+01:00,7b316592-8036-41e2-b8dc-b06b6a9afd54,41.038285173896426,21.327864456616478,pm25,15
2026-01-25T23:08:51+01:00,7b316592-8036-41e2-b8dc-b06b6a9afd54,41.038285173896426,21.327864456616478,pressure,930
2026-01-25T23:08:51+01:00,7b316592-8036-41e2-b8dc-b06b6a9afd54,41.038285173896426,21.327864456616478,temperature,12
2026-01-25T23:24:24+01:00,7b316592-8036-41e2-b8dc-b06b6a9afd54,41.038285173896426,21.327864456616478,gasResistance,85383
2026-01-25T23:24:24+01:00,7b316592-8036-41e2-b8dc-b06b6a9afd54,41.038285173896426,21.327864456616478,humidity,72
2026-01-25T23:24:24+01:00,7b316592-8036-41e2-b8dc-b06b6a9afd54,41.038285173896426,21.327864456616478,noise,39
2026-01-25T23:24:24+01:00,7b316592-8036-41e2-b8dc-b06b6a9afd54,41.038285173896426,21.327864456616478,noise_dba,44
2026-01-25T23:24:24+01:00,7b316592-8036-41e2-b8dc-b06b6a9afd54,41.038285173896426,21.327864456616478,pm10,23
2026-01-25T23:24:24+01:00,7b316592-8036-41e2-b8dc-b06b6a9afd54,41.038285173896426,21.327864456616478,pm25,18
2026-01-25T23:24:24+01:00,7b316592-8036-41e2-b8dc-b06b6a9afd54,41.038285173896426,21.327864456616478,pressure,930
2026-01-25T23:24:24+01:00,7b316592-8036-41e2-b8dc-b06b6a9afd54,41.038285173896426,21.327864456616478,temperature,12
2026-01-25T23:39:56+01:00,7b316592-8036-41e2-b8dc-b06b6a9afd54,41.038285173896426,21.327864456616478,gasResistance,84443
2026-01-25T23:39:56+01:00,7b316592-8036-41e2-b8dc-b06b6a9afd54,41.038285173896426,21.327864456616478,humidity,72
2026-01-25T23:39:56+01:00,7b316592-8036-41e2-b8dc-b06b6a9afd54,41.038285173896426,21.327864456616478,noise,49
2026-01-25T23:39:56+01:00,7b316592-8036-41e2-b8dc-b06b6a9afd54,41.038285173896426,21.327864456616478,noise_dba,48
2026-01-25T23:39:56+01:00,7b316592-8036-41e2-b8dc-b06b6a9afd54,41.038285173896426,21.327864456616478,pm10,21
2026-01-25T23:39:56+01:00,7b316592-8036-41e2-b8dc-b06b6a9afd54,41.038285173896426,21.327864456616478,pm25,15
2026-01-25T23:39:56+01:00,7b316592-8036-41e2-b8dc-b06b6a9afd54,41.038285173896426,21.327864456616478,pressure,930
2026-01-25T23:39:56+01:00,7b316592-8036-41e2-b8dc-b06b6a9afd54,41.038285173896426,21.327864456616478,temperature,12
2026-01-25T23:55:29+01:00,7b316592-8036-41e2-b8dc-b06b6a9afd54,41.038285173896426,21.327864456616478,gasResistance,83030
2026-01-25T23:55:29+01:00,7b316592-8036-41e2-b8dc-b06b6a9afd54,41.038285173896426,21.327864456616478,humidity,69
2026-01-25T23:55:29+01:00,7b316592-8036-41e2-b8dc-b06b6a9afd54,41.038285173896426,21.327864456616478,noise,42
2026-01-25T23:55:29+01:00,7b316592-8036-41e2-b8dc-b06b6a9afd54,41.038285173896426,21.327864456616478,noise_dba,45
2026-01-25T23:55:29+01:00,7b316592-8036-41e2-b8dc-b06b6a9afd54,41.038285173896426,21.327864456616478,pm10,27
2026-01-25T23:55:29+01:00,7b316592-8036-41e2-b8dc-b06b6a9afd54,41.038285173896426,21.327864456616478,pm25,20
2026-01-25T23:55:29+01:00,7b316592-8036-41e2-b8dc-b06b6a9afd54,41.038285173896426,21.327864456616478,pressure,930
2026-01-25T23:55:29+01:00,7b316592-8036-41e2-b8dc-b06b6a9afd54,41.038285173896426,21.327864456616478,temperature,12
2026-01-26T00:11:01+01:00,7b316592-8036-41e2-b8dc-b06b6a9afd54,41.038285173896426,21.327864456616478,gasResistance,83523
2026-01-26T00:11:01+01:00,7b316592-8036-41e2-b8dc-b06b6a9afd54,41.038285173896426,21.327864456616478,humidity,70
2026-01-26T00:11:01+01:00,7b316592-8036-41e2-b8dc-b06b6a9afd54,41.038285173896426,21.327864456616478,noise,36
2026-01-26T00:11:01+01:00,7b316592-8036-41e2-b8dc-b06b6a9afd54,41.038285173896426,21.327864456616478,noise_dba,43
2026-01-26T00:11:01+01:00,7b316592-8036-41e2-b8dc-b06b6a9afd54,41.038285173896426,21.327864456616478,pm10,20
2026-01-26T00:11:01+01:00,7b316592-8036-41e2-b8dc-b06b6a9afd54,41.038285173896426,21.327864456616478,pm25,16
2026-01-26T00:11:01+01:00,7b316592-8036-41e2-b8dc-b06b6a9afd54,41.038285173896426,21.327864456616478,pressure,929
2026-01-26T00:11:01+01:00,7b316592-8036-41e2-b8dc-b06b6a9afd54,41.038285173896426,21.327864456616478,temperature,12
2026-01-26T00:26:33+01:00,7b316592-8036-41e2-b8dc-b06b6a9afd54,41.038285173896426,21.327864456616478,gasResistance,80959
2026-01-26T00:26:33+01:00,7b316592-8036-41e2-b8dc-b06b6a9afd54,41.038285173896426,21.327864456616478,humidity,68
2026-01-26T00:26:33+01:00,7b316592-8036-41e2-b8dc-b06b6a9afd54,41.038285173896426,21.327864456616478,noise,43
2026-01-26T00:26:33+01:00,7b316592-8036-41e2-b8dc-b06b6a9afd54,41.038285173896426,21.327864456616478,noise_dba,46
2026-01-26T00:26:33+01:00,7b316592-8036-41e2-b8dc-b06b6a9afd54,41.038285173896426,21.327864456616478,pm10,98
2026-01-26T00:26:33+01:00,7b316592-8036-41e2-b8dc-b06b6a9afd54,41.038285173896426,21.327864456616478,pm25,55
2026-01-26T00:26:33+01:00,7b316592-8036-41e2-b8dc-b06b6a9afd54,41.038285173896426,21.327864456616478,pressure,929
2026-01-26T00:26:33+01:00,7b316592-8036-41e2-b8dc-b06b6a9afd54,41.038285173896426,21.327864456616478,temperature,12
2026-01-26T00:42:05+01:00,7b316592-8036-41e2-b8dc-b06b6a9afd54,41.038285173896426,21.327864456616478,gasResistance,79961
2026-01-26T00:42:05+01:00,7b316592-8036-41e2-b8dc-b06b6a9afd54,41.038285173896426,21.327864456616478,humidity,70
2026-01-26T00:42:05+01:00,7b316592-8036-41e2-b8dc-b06b6a9afd54,41.038285173896426,21.327864456616478,noise,42
2026-01-26T00:42:05+01:00,7b316592-8036-41e2-b8dc-b06b6a9afd54,41.038285173896426,21.327864456616478,noise_dba,45
2026-01-26T00:42:05+01:00,7b316592-8036-41e2-b8dc-b06b6a9afd54,41.038285173896426,21.327864456616478,pm10,31
2026-01-26T00:42:05+01:00,7b316592-8036-41e2-b8dc-b06b6a9afd54,41.038285173896426,21.327864456616478,pm25,23
2026-01-26T00:42:05+01:00,7b316592-8036-41e2-b8dc-b06b6a9afd54,41.038285173896426,21.327864456616478,pressure,929
2026-01-26T00:42:05+01:00,7b316592-8036-41e2-b8dc-b06b6a9afd54,41.038285173896426,21.327864456616478,temperature,12
2026-01-26T00:57:38+01:00,7b316592-8036-41e2-b8dc-b06b6a9afd54,41.038285173896426,21.327864456616478,gasResistance,80418
2026-01-26T00:57:38+01:00,7b316592-8036-41e2-b8dc-b06b6a9afd54,41.038285173896426,21.327864456616478,humidity,69
2026-01-26T00:57:38+01:00,7b316592-8036-41e2-b8dc-b06b6a9afd54,41.038285173896426,21.327864456616478,noise,37
2026-01-26T00:57:38+01:00,7b316592-8036-41e2-b8dc-b06b6a9afd54,41.038285173896426,21.327864456616478,noise_dba,43
2026-01-26T00:57:38+01:00,7b316592-8036-41e2-b8dc-b06b6a9afd54,41.038285173896426,21.327864456616478,pm10,28
2026-01-26T00:57:38+01:00,7b316592-8036-41e2-b8dc-b06b6a9afd54,41.038285173896426,21.327864456616478,pm25,19
2026-01-26T00:57:38+01:00,7b316592-8036-41e2-b8dc-b06b6a9afd54,41.038285173896426,21.327864456616478,pressure,929
2026-01-26T00:57:38+01:00,7b316592-8036-41e2-b8dc-b06b6a9afd54,41.038285173896426,21.327864456616478,temperature,12
