timestamp,sensorId,lat,lon,type,value
2026-01-26T01:10:57+01:00,40f081a6-4095-43f7-bffb-64e2af8c026e,41.040130226691744,21.340138519731564,gasResistance,13007335
2026-01-26T01:10:57+01:00,40f081a6-4095-43f7-bffb-64e2af8c026e,41.040130226691744,21.340138519731564,humidity,65
2026-01-26T01:10:57+01:00,40f081a6-4095-43f7-bffb-64e2af8c026e,41.040130226691744,21.340138519731564,noise,23
2026-01-26T01:10:57+01:00,40f081a6-4095-43f7-bffb-64e2af8c026e,41.040130226691744,21.340138519731564,noise_dba,36
2026-01-26T01:10:57+01:00,40f081a6-4095-43f7-bffb-64e2af8c026e,41.040130226691744,21.340138519731564,pm10,29
2026-01-26T01:10:57+01:00,40f081a6-4095-43f7-bffb-64e2af8c026e,41.040130226691744,21.340138519731564,pm25,15
2026-01-26T01:10:57+01:00,40f081a6-4095-43f7-bffb-64e2af8c026e,41.040130226691744,21.340138519731564,pressure,932
2026-01-26T01:10:57+01:00,40f081a6-4095-43f7-bffb-64e2af8c026e,41.040130226691744,21.340138519731564,temperature,9
2026-01-26T01:26:29+01:00,40f081a6-4095-43f7-bffb-64e2af8c026e,41.040130226691744,21.340138519731564,gasResistance,13007335
2026-01-26T01:26:29+01:00,40f081a6-4095-43f7-bffb-64e2af8c026e,41.040130226691744,21.340138519731564,humidity,65
2026-01-26T01:26:29+01:00,40f081a6-4095-43f7-bffb-64e2af8c026e,41.040130226691744,21.340138519731564,noise,31
2026-01-26T01:26:29+01:00,40f081a6-4095-43f7-bffb-64e2af8c026e,41.040130226691744,21.340138519731564,noise_dba,41
2026-01-26T01:26:29+01:00,40f081a6-4095-43f7-bffb-64e2af8c026e,41.040130226691744,21.340138519731564,pm10,15
2026-01-26T01:26:29+01:00,40f081a6-4095-43f7-bffb-64e2af8c026e,41.040130226691744,21.340138519731564,pm25,10
2026-01-26T01:26:29+01:00,40f081a6-4095-43f7-bffb-64e2af8c026e,41.040130226691744,21.340138519731564,pressure,932
2026-01-26T01:26:29+01:00,40f081a6-4095-43f7-bffb-64e2af8c026e,41.040130226691744,21.340138519731564,temperature,9
2026-01-26T01:57:36+01:00,40f081a6-4095-43f7-bffb-64e2af8c026e,41.040130226691744,21.340138519731564,gasResistance,0
2026-01-26T01:57:36+01:00,40f081a6-4095-43f7-bffb-64e2af8c026e,41.040130226691744,21.340138519731564,humidity,65
2026-01-26T01:57:36+01:00,40f081a6-4095-43f7-bffb-64e2af8c026e,41.040130226691744,21.340138519731564,noise,20
2026-01-26T01:57:36+01:00,40f081a6-4095-43f7-bffb-64e2af8c026e,41.040130226691744,21.340138519731564,noise_dba,34
2026-01-26T01:57:36+01:00,40f081a6-4095-43f7-bffb-64e2af8c026e,41.040130226691744,21.340138519731564,pressure,932
2026-01-26T01:57:36+01:00,40f081a6-4095-43f7-bffb-64e2af8c026e,41.040130226691744,21.340138519731564,temperature,9
2026-01-26T02:13:08+01:00,40f081a6-4095-43f7-bffb-64e2af8c026e,41.040130226691744,21.340138519731564,gasResistance,13007335
2026-01-26T02:13:08+01:00,40f081a6-4095-43f7-bffb-64e2af8c026e,41.040130226691744,21.340138519731564,humidity,65
2026-01-26T02:13:08+01:00,40f081a6-4095-43f7-bffb-64e2af8c026e,41.040130226691744,21.340138519731564,noise,36
2026-01-26T02:13:08+01:00,40f081a6-4095-43f7-bffb-64e2af8c026e,41.040130226691744,21.340138519731564,noise_dba,43
2026-01-26T02:13:08+01:00,40f081a6-4095-43f7-bffb-64e2af8c026e,41.040130226691744,21.340138519731564,pm10,23
2026-01-26T02:13:08+01:00,40f081a6-4095-43f7-bffb-64e2af8c026e,41.040130226691744,21.340138519731564,pm25,12
2026-01-26T02:13:08+01:00,40f081a6-4095-43f7-bffb-64e2af8c026e,41.040130226691744,21.340138519731564,pressure,932
2026-01-26T02:13:08+01:00,40f081a6-4095-43f7-bffb-64e2af8c026e,41.040130226691744,21.340138519731564,temperature,9
2026-01-26T02:28:40+01:00,40f081a6-4095-43f7-bffb-64e2af8c026e,41.040130226691744,21.340138519731564,gasResistance,13007335
2026-01-26T02:28:40+01:00,40f081a6-4095-43f7-bffb-64e2af8c026e,41.040130226691744,21.340138519731564,humidity,65
2026-01-26T02:28:40+01:00,40f081a6-4095-43f7-bffb-64e2af8c026e,41.040130226691744,21.340138519731564,noise,46
2026-01-26T02:28:40+01:00,40f081a6-4095-43f7-bffb-64e2af8c026e,41.040130226691744,21.340138519731564,noise_dba,47
2026-01-26T02:28:40+01:00,40f081a6-4095-43f7-bffb-64e2af8c026e,41.040130226691744,21.340138519731564,pm10,25
2026-01-26T02:28:40+01:00,40f081a6-4095-43f7-bffb-64e2af8c026e,41.040130226691744,21.340138519731564,pm25,14
2026-01-26T02:28:40+01:00,40f081a6-4095-43f7-bffb-64e2af8c026e,41.040130226691744,21.340138519731564,pressure,931
2026-01-26T02:28:40+01:00,40f081a6-4095-43f7-bffb-64e2af8c026e,41.040130226691744,21.340138519731564,temperature,9
2026-01-26T02:44:12+01:00,40f081a6-4095-43f7-bffb-64e2af8c026e,41.040130226691744,21.340138519731564,gasResistance,13007335
2026-01-26T02:44:12+01:00,40f081a6-4095-43f7-bffb-64e2af8c026e,41.040130226691744,21.340138519731564,humidity,66
2026-01-26T02:44:12+01:00,40f081a6-4095-43f7-bffb-64e2af8c026e,41.040130226691744,21.340138519731564,noise,38
2026-01-26T02:44:12+01:00,40f081a6-4095-43f7-bffb-64e2af8c026e,41.040130226691744,21.340138519731564,noise_dba,44
2026-01-26T02:44:12+01:00,40f081a6-4095-43f7-bffb-64e2af8c026e,41.040130226691744,21.340138519731564,pm10,21
2026-01-26T02:44:12+01:00,40f081a6-4095-43f7-bffb-64e2af8c026e,41.040130226691744,21.340138519731564,pm25,13
2026-01-26T02:44:12+01:00,40f081a6-4095-43f7-bffb-64e2af8c026e,41.040130226691744,21.340138519731564,pressure,931
2026-01-26T02:44:12+01:00,40f081a6-4095-43f7-bffb-64e2af8c026e,41.040130226691744,21.340138519731564,temperature,9
2026-01-26T02:59:44+01:00,40f081a6-4095-43f7-bffb-64e2af8c026e,41.040130226691744,21.340138519731564,gasResistance,12991453
2026-01-26T02:59:44+01:00,40f081a6-4095-43f7-bffb-64e2af8c026e,41.040130226691744,21.340138519731564,humidity,66
2026-01-26T02:59:44+01:00,40f081a6-4095-43f7-bffb-64e2af8c026e,41.040130226691744,21.340138519731564,noise,36
2026-01-26T02:59:44+01:00,40f081a6-4095-43f7-bffb-64e2af8c026e,41.040130226691744,21.340138519731564,noise_dba,43
2026-01-26T02:59:44+01:00,40f081a6-4095-43f7-bffb-64e2af8c026e,41.040130226691744,21.340138519731564,pm10,21
2026-01-26T02:59:44+01:00,40f081a6-4095-43f7-bffb-64e2af8c026e,41.040130226691744,21.340138519731564,pm25,14
2026-01-26T02:59:44+01:00,40f081a6-4095-43f7-bffb-64e2af8c026e,41.040130226691744,21.340138519731564,pressure,931
2026-01-26T02:59:44+01:00,40f081a6-4095-43f7-bffb-64e2af8c026e,41.040130226691744,21.340138519731564,temperature,9
2026-01-26T03:15:16+01:00,40f081a6-4095-43f7-bffb-64e2af8c026e,41.040130226691744,21.340138519731564,gasResistance,12850242
2026-01-26T03:15:16+01:00,40f081a6-4095-43f7-bffb-64e2af8c026e,41.040130226691744,21.340138519731564,humidity,66
2026-01-26T03:15:16+01:00,40f081a6-4095-43f7-bffb-64e2af8c026e,41.040130226691744,21.340138519731564,noise,35
2026-01-26T03:15:16+01:00,40f081a6-4095-43f7-bffb-64e2af8c026e,41.040130226691744,21.340138519731564,noise_dba,43
2026-01-26T03:15:16+01:00,40f081a6-4095-43f7-bffb-64e2af8c026e,41.040130226691744,21.340138519731564,pm10,22
2026-01-26T03:15:16+01:00,40f081a6-4095-43f7-bffb-64e2af8c026e,41.040130226691744,21.340138519731564,pm25,13
2026-01-26T03:15:16+01:00,40f081a6-4095-43f7-bffb-64e2af8c026e,41.040130226691744,21.340138519731564,pressure,931
2026-01-26T03:15:16+01:00,40f081a6-4095-43f7-bffb-64e2af8c026e,41.040130226691744,21.340138519731564,temperature,9
2026-01-26T03:30:48+01:00,40f081a6-4095-43f7-bffb-64e2af8c026e,41.040130226691744,21.340138519731564,gasResistance,12077185
2026-01-26T03:30:48+01:00,40f081a6-4095-43f7-bffb-64e2af8c026e,41.040130226691744,21.340138519731564,humidity,66
2026-01-26T03:30:48+01:00,40f081a6-4095-43f7-bffb-64e2af8c026e,41.040130226691744,21.340138519731564,noise,38
2026-01-26T03:30:48+01:00,40f081a6-4095-43f7-bffb-64e2af8c026e,41.040130226691744,21.340138519731564,noise_dba,44
2026-01-26T03:30:48+01:00,40f081a6-4095-43f7-bffb-64e2af8c026e,41.040130226691744,21.340138519731564,pm10,15
2026-01-26T03:30:48+01:00,40f081a6-4095-43f7-bffb-64e2af8c026e,41.040130226691744,21.340138519731564,pm25,9
2026-01-26T03:30:48+01:00,40f081a6-4095-43f7-bffb-64e2af8c026e,41.040130226691744,21.340138519731564,pressure,931
2026-01-26T03:30:48+01:00,40f081a6-4095-43f7-bffb-64e2af8c026e,41.040130226691744,21.340138519731564,temperature,9
2026-01-26T03:46:20+01:00,40f081a6-4095-43f7-bffb-64e2af8c026e,41.040130226691744,21.340138519731564,gasResistance,12036199
2026-01-26T03:46:20+01:00,40f081a6-4095-43f7-bffb-64e2af8c026e,41.040130226691744,21.340138519731564,humidity,66
2026-01-26T03:46:20+01:00,40f081a6-4095-43f7-bffb-64e2af8c026e,41.040130226691744,21.340138519731564,noise,68
2026-01-26T03:46:20+01:00,40f081a6-4095-43f7-bffb-64e2af8c026e,41.040130226691744,21.340138519731564,noise_dba,53
2026-01-26T03:46:20+01:00,40f081a6-4095-43f7-bffb-64e2af8c026e,41.040130226691744,21.340138519731564,pm10,19
2026-01-26T03:46:20+01:00,40f081a6-4095-43f7-bffb-64e2af8c026e,41.040130226691744,21.340138519731564,pm25,12
2026-01-26T03:46:20+01:00,40f081a6-4095-43f7-bffb-64e2af8c026e,41.040130226691744,21.340138519731564,pressure,930
2026-01-26T03:46:20+01:00,40f081a6-4095-43f7-bffb-64e2af8c026e,41.040130226691744,21.340138519731564,temperature,9
2026-01-26T04:01:52+01:00,40f081a6-4095-43f7-bffb-64e2af8c026e,41.040130226691744,21.340138519731564,gasResistance,12104665
2026-01-26T04:01:52+01:00,40f081a6-4095-43f7-bffb-64e2af8c026e,41.040130226691744,21.340138519731564,humidity,66
2026-01-26T04:01:52+01:00,40f081a6-4095-43f7-bffb-64e2af8c026e,41.040130226691744,21.340138519731564,noise,40
2026-01-26T04:01:52+01:00,40f081a6-4095-43f7-bffb-64e2af8c026e,41.040130226691744,21.340138519731564,noise_dba,45
2026-01-26T04:01:52+01:00,40f081a6-4095-43f7-bffb-64e2af8c026e,41.040130226691744,21.340138519731564,pm10,22
2026-01-26T04:01:52+01:00,40f081a6-4095-43f7-bffb-64e2af8c026e,41.040130226691744,21.340138519731564,pm25,14
2026-01-26T04:01:52+01:00,40f081a6-4095-43f7-bffb-64e2af8c026e,41.040130226691744,21.340138519731564,pressure,930
2026-01-26T04:01:52+01:00,40f081a6-4095-43f7-bffb-64e2af8c026e,41.040130226691744,21.340138519731564,temperature,9
2026-01-26T04:17:24+01:00,40f081a6-4095-43f7-bffb-64e2af8c026e,41.040130226691744,21.340138519731564,gasResistance,12049830
2026-01-26T04:17:24+01:00,40f081a6-4095-43f7-bffb-64e2af8c026e,41.040130226691744,21.340138519731564,humidity,67
2026-01-26T04:17:24+01:00,40f081a6-4095-43f7-bffb-64e2af8c026e,41.040130226691744,21.340138519731564,noise,27
2026-01-26T04:17:24+01:00,40f081a6-4095-43f7-bffb-64e2af8c026e,41.040130226691744,21.340138519731564,noise_dba,38
2026-01-26T04:17:24+01:00,40f081a6-4095-43f7-bffb-64e2af8c026e,41.040130226691744,21.340138519731564,pm10,18
2026-01-26T04:17:24+01:00,40f081a6-4095-43f7-bffb-64e2af8c026e,41.040130226691744,21.340138519731564,pm25,10
2026-01-26T04:17:24+01:00,40f081a6-4095-43f7-bffb-64e2af8c026e,41.040130226691744,21.340138519731564,pressure,930
2026-01-26T04:17:24+01:00,40f081a6-4095-43f7-bffb-64e2af8c026e,41.040130226691744,21.340138519731564,temperature,9
2026-01-26T04:32:56+01:00,40f081a6-4095-43f7-bffb-64e2af8c026e,41.040130226691744,21.340138519731564,gasResistance,11705171
2026-01-26T04:32:56+01:00,40f081a6-4095-43f7-bffb-64e2af8c026e,41.040130226691744,21.340138519731564,humidity,67
2026-01-26T04:32:56+01:00,40f081a6-4095-43f7-bffb-64e2af8c026e,41.040130226691744,21.340138519731564,noise,38
2026-01-26T04:32:56+01:00,40f081a6-4095-43f7-bffb-64e2af8c026e,41.040130226691744,21.340138519731564,noise_dba,44
2026-01-26T04:32:56+01:00,40f081a6-4095-43f7-bffb-64e2af8c026e,41.040130226691744,21.340138519731564,pm10,14
2026-01-26T04:32:56+01:00,40f081a6-4095-43f7-bffb-64e2af8c026e,41.040130226691744,21.340138519731564,pm25,10
2026-01-26T04:32:56+01:00,40f081a6-4095-43f7-bffb-64e2af8c026e,41.040130226691744,21.340138519731564,pressure,929
2026-01-26T04:32:56+01:00,40f081a6-4095-43f7-bffb-64e2af8c026e,41.040130226691744,21.340138519731564,temperature,9
2026-01-26T04:48:28+01:00,40f081a6-4095-43f7-bffb-64e2af8c026e,41.040130226691744,21.340138519731564,gasResistance,11477886
2026-01-26T04:48:28+01:00,40f081a6-4095-43f7-bffb-64e2af8c026e,41.040130226691744,21.340138519731564,humidity,66
2026-01-26T04:48:28+01:00,40f081a6-4095-43f7-bffb-64e2af8c026e,41.040130226691744,21.340138519731564,noise,29
2026-01-26T04:48:28+01:00,40f081a6-4095-43f7-bffb-64e2af8c026e,41.040130226691744,21.340138519731564,noise_dba,40
2026-01-26T04:48:28+01:00,40f081a6-4095-43f7-bffb-64e2af8c026e,41.040130226691744,21.340138519731564,pm10,24
2026-01-26T04:48:28+01:00,40f081a6-4095-43f7-bffb-64e2af8c026e,41.040130226691744,21.340138519731564,pm25,12
2026-01-26T04:48:28+01:00,40f081a6-4095-43f7-bffb-64e2af8c026e,41.040130226691744,21.340138519731564,pressure,929
2026-01-26T04:48:28+01:00,40f081a6-4095-43f7-bffb-64e2af8c026e,41.040130226691744,21.340138519731564,temperature,9
2026-01-26T05:04:00+01:00,40f081a6-4095-43f7-bffb-64e2af8c026e,41.040130226691744,21.340138519731564,gasResistance,11307120
2026-01-26T05:04:00+01:00,40f081a6-4095-43f7-bffb-64e2af8c026e,41.040130226691744,21.340138519731564,humidity,66
2026-01-26T05:04:00+01:00,40f081a6-4095-43f7-bffb-64e2af8c026e,41.040130226691744,21.340138519731564,noise,26
2026-01-26T05:04:00+01:00,40f081a6-4095-43f7-bffb-64e2af8c026e,41.040130226691744,21.340138519731564,noise_dba,38
2026-01-26T05:04:00+01:00,40f081a6-4095-43f7-bffb-64e2af8c026e,41.040130226691744,21.340138519731564,pm10,21
2026-01-26T05:04:00+01:00,40f081a6-4095-43f7-bffb-64e2af8c026e,41.040130226691744,21.340138519731564,pm25,10
2026-01-26T05:04:00+01:00,40f081a6-4095-43f7-bffb-64e2af8c026e,41.040130226691744,21.340138519731564,pressure,929
2026-01-26T05:04:00+01:00,40f081a6-4095-43f7-bffb-64e2af8c026e,41.040130226691744,21.340138519731564,temperature,9
2026-01-26T05:19:32+01:00,40f081a6-4095-43f7-bffb-64e2af8c026e,41.040130226691744,21.340138519731564,gasResistance,11188223
2026-01-26T05:19:32+01:00,40f081a6-4095-43f7-bffb-64e2af8c026e,41.040130226691744,21.340138519731564,humidity,66
2026-01-26T05:19:32+01:00,40f081a6-4095-43f7-bffb-64e2af8c026e,41.040130226691744,21.340138519731564,noise,33
2026-01-26T05:19:32+01:00,40f081a6-4095-43f7-bffb-64e2af8c026e,41.040130226691744,21.340138519731564,noise_dba,42
2026-01-26T05:19:32+01:00,40f081a6-4095-43f7-bffb-64e2af8c026e,41.040130226691744,21.340138519731564,pm10,22
2026-01-26T05:19:32+01:00,40f081a6-4095-43f7-bffb-64e2af8c026e,41.040130226691744,21.340138519731564,pm25,10
2026-01-26T05:19:32+01:00,40f081a6-4095-43f7-bffb-64e2af8c026e,41.040130226691744,21.340138519731564,pressure,929
2026-01-26T05:19:32+01:00,40f081a6-4095-43f7-bffb-64e2af8c026e,41.040130226691744,21.340138519731564,temperature,9
2026-01-26T05:35:05+01:00,40f081a6-4095-43f7-bffb-64e2af8c026e,41.040130226691744,21.340138519731564,gasResistance,11153040
2026-01-26T05:35:05+01:00,40f081a6-4095-43f7-bffb-64e2af8c026e,41.040130226691744,21.340138519731564,humidity,66
2026-01-26T05:35:05+01:00,40f081a6-4095-43f7-bffb-64e2af8c026e,41.040130226691744,21.340138519731564,noise,23
2026-01-26T05:35:05+01:00,40f081a6-4095-43f7-bffb-64e2af8c026e,41.040130226691744,21.340138519731564,noise_dba,36
2026-01-26T05:35:05+01:00,40f081a6-4095-43f7-bffb-64e2af8c026e,41.040130226691744,21.340138519731564,pm10,18
2026-01-26T05:35:05+01:00,40f081a6-4095-43f7-bffb-64e2af8c026e,41.040130226691744,21.340138519731564,pm25,9
2026-01-26T05:35:05+01:00,40f081a6-4095-43f7-bffb-64e2af8c026e,41.040130226691744,21.340138519731564,pressure,929
2026-01-26T05:35:05+01:00,40f081a6-4095-43f7-bffb-64e2af8c026e,41.040130226691744,21.340138519731564,temperature,9
2026-01-26T05:50:37+01:00,40f081a6-4095-43f7-bffb-64e2af8c026e,41.040130226691744,21.340138519731564,gasResistance,11048806
2026-01-26T05:50:37+01:00,40f081a6-4095-43f7-bffb-64e2af8c026e,41.040130226691744,21.340138519731564,humidity,66
2026-01-26T05:50:37+01:00,40f081a6-4095-43f7-bffb-64e2af8c026e,41.040130226691744,21.340138519731564,noise,23
2026-01-26T05:50:37+01:00,40f081a6-4095-43f7-bffb-64e2af8c026e,41.040130226691744,21.340138519731564,noise_dba,36
2026-01-26T05:50:37+01:00,40f081a6-4095-43f7-bffb-64e2af8c026e,41.040130226691744,21.340138519731564,pm10,19
2026-01-26T05:50:37+01:00,40f081a6-4095-43f7-bffb-64e2af8c026e,41.040130226691744,21.340138519731564,pm25,9
2026-01-26T05:50:37+01:00,40f081a6-4095-43f7-bffb-64e2af8c026e,41.040130226691744,21.340138519731564,pressure,929
2026-01-26T05:50:37+01:00,40f081a6-4095-43f7-bffb-64e2af8c026e,41.040130226691744,21.340138519731564,temperature,9
2026-01-26T06:06:09+01:00,40f081a6-4095-43f7-bffb-64e2af8c026e,41.040130226691744,21.340138519731564,gasResistance,11094891
2026-01-26T06:06:09+01:00,40f081a6-4095-43f7-bffb-64e2af8c026e,41.040130226691744,21.340138519731564,humidity,66
2026-01-26T06:06:09+01:00,40f081a6-4095-43f7-bffb-64e2af8c026e,41.040130226691744,21.340138519731564,noise,23
2026-01-26T06:06:09+01:00,40f081a6-4095-43f7-bffb-64e2af8c026e,41.040130226691744,21.340138519731564,noise_dba,36
2026-01-26T06:06:09+01:00,40f081a6-4095-43f7-bffb-64e2af8c026e,41.040130226691744,21.340138519731564,pm10,21
2026-01-26T06:06:09+01:00,40f081a6-4095-43f7-bffb-64e2af8c026e,41.040130226691744,21.340138519731564,pm25,9
2026-01-26T06:06:09+01:00,40f081a6-4095-43f7-bffb-64e2af8c026e,41.040130226691744,21.340138519731564,pressure,928
2026-01-26T06:06:09+01:00,40f081a6-4095-43f7-bffb-64e2af8c026e,41.040130226691744,21.340138519731564,temperature,9
2026-01-26T06:21:41+01:00,40f081a6-4095-43f7-bffb-64e2af8c026e,41.040130226691744,21.340138519731564,gasResistance,11118077
2026-01-26T06:21:41+01:00,40f081a6-4095-43f7-bffb-64e2af8c026e,41.040130226691744,21.340138519731564,humidity,66
2026-01-26T06:21:41+01:00,40f081a6-4095-43f7-bffb-64e2af8c026e,41.040130226691744,21.340138519731564,noise,30
2026-01-26T06:21:41+01:00,40f081a6-4095-43f7-bffb-64e2af8c026e,41.040130226691744,21.340138519731564,noise_dba,40
2026-01-26T06:21:41+01:00,40f081a6-4095-43f7-bffb-64e2af8c026e,41.040130226691744,21.340138519731564,pm10,22
2026-01-26T06:21:41+01:00,40f081a6-4095-43f7-bffb-64e2af8c026e,41.040130226691744,21.340138519731564,pm25,8
2026-01-26T06:21:41+01:00,40f081a6-4095-43f7-bffb-64e2af8c026e,41.040130226691744,21.340138519731564,pressure,928
2026-01-26T06:21:41+01:00,40f081a6-4095-43f7-bffb-64e2af8c026e,41.040130226691744,21.340138519731564,temperature,9
2026-01-26T06:37:13+01:00,40f081a6-4095-43f7-bffb-64e2af8c026e,41.040130226691744,21.340138519731564,gasResistance,11141361
2026-01-26T06:37:13+01:00,40f081a6-4095-43f7-bffb-64e2af8c026e,41.040130226691744,21.340138519731564,humidity,66
2026-01-26T06:37:13+01:00,40f081a6-4095-43f7-bffb-64e2af8c026e,41.040130226691744,21.340138519731564,noise,36
2026-01-26T06:37:13+01:00,40f081a6-4095-43f7-bffb-64e2af8c026e,41.040130226691744,21.340138519731564,noise_dba,43
2026-01-26T06:37:13+01:00,40f081a6-4095-43f7-bffb-64e2af8c026e,41.040130226691744,21.340138519731564,pm10,20
2026-01-26T06:37:13+01:00,40f081a6-4095-43f7-bffb-64e2af8c026e,41.040130226691744,21.340138519731564,pm25,10
2026-01-26T06:37:13+01:00,40f081a6-4095-43f7-bffb-64e2af8c026e,41.040130226691744,21.340138519731564,pressure,928
2026-01-26T06:37:13+01:00,40f081a6-4095-43f7-bffb-64e2af8c026e,41.040130226691744,21.340138519731564,temperature,9
2026-01-26T06:52:45+01:00,40f081a6-4095-43f7-bffb-64e2af8c026e,41.040130226691744,21.340138519731564,gasResistance,11141361
2026-01-26T06:52:45+01:00,40f081a6-4095-43f7-bffb-64e2af8c026e,41.040130226691744,21.340138519731564,humidity,66
2026-01-26T06:52:45+01:00,40f081a6-4095-43f7-bffb-64e2af8c026e,41.040130226691744,21.340138519731564,noise,26
2026-01-26T06:52:45+01:00,40f081a6-4095-43f7-bffb-64e2af8c026e,41.040130226691744,21.340138519731564,noise_dba,38
2026-01-26T06:52:45+01:00,40f081a6-4095-43f7-bffb-64e2af8c026e,41.040130226691744,21.340138519731564,pm10,18
2026-01-26T06:52:45+01:00,40f081a6-4095-43f7-bffb-64e2af8c026e,41.040130226691744,21.340138519731564,pm25,10
2026-01-26T06:52:45+01:00,40f081a6-4095-43f7-bffb-64e2af8c026e,41.040130226691744,21.340138519731564,pressure,928
2026-01-26T06:52:45+01:00,40f081a6-4095-43f7-bffb-64e2af8c026e,41.040130226691744,21.340138519731564,temperature,9
2026-01-26T07:08:19+01:00,40f081a6-4095-43f7-bffb-64e2af8c026e,41.040130226691744,21.340138519731564,gasResistance,11083333
2026-01-26T07:08:19+01:00,40f081a6-4095-43f7-bffb-64e2af8c026e,41.040130226691744,21.340138519731564,humidity,66
2026-01-26T07:08:19+01:00,40f081a6-4095-43f7-bffb-64e2af8c026e,41.040130226691744,21.340138519731564,noise,29
2026-01-26T07:08:19+01:00,40f081a6-4095-43f7-bffb-64e2af8c026e,41.040130226691744,21.340138519731564,noise_dba,40
2026-01-26T07:08:19+01:00,40f081a6-4095-43f7-bffb-64e2af8c026e,41.040130226691744,21.340138519731564,pm10,23
2026-01-26T07:08:19+01:00,40f081a6-4095-43f7-bffb-64e2af8c026e,41.040130226691744,21.340138519731564,pm25,15
2026-01-26T07:08:19+01:00,40f081a6-4095-43f7-bffb-64e2af8c026e,41.040130226691744,21.340138519731564,pressure,928
2026-01-26T07:08:19+01:00,40f081a6-4095-43f7-bffb-64e2af8c026e,41.040130226691744,21.340138519731564,temperature,9
2026-01-26T07:23:51+01:00,40f081a6-4095-43f7-bffb-64e2af8c026e,41.040130226691744,21.340138519731564,gasResistance,11071800
2026-01-26T07:23:51+01:00,40f081a6-4095-43f7-bffb-64e2af8c026e,41.040130226691744,21.340138519731564,humidity,66
2026-01-26T07:23:51+01:00,40f081a6-4095-43f7-bffb-64e2af8c026e,41.040130226691744,21.340138519731564,noise,32
2026-01-26T07:23:51+01:00,40f081a6-4095-43f7-bffb-64e2af8c026e,41.040130226691744,21.340138519731564,noise_dba,41
2026-01-26T07:23:51+01:00,40f081a6-4095-43f7-bffb-64e2af8c026e,41.040130226691744,21.340138519731564,pm10,18
2026-01-26T07:23:51+01:00,40f081a6-4095-43f7-bffb-64e2af8c026e,41.040130226691744,21.340138519731564,pm25,10
2026-01-26T07:23:51+01:00,40f081a6-4095-43f7-bffb-64e2af8c026e,41.040130226691744,21.340138519731564,pressure,928
2026-01-26T07:23:51+01:00,40f081a6-4095-43f7-bffb-64e2af8c026e,41.040130226691744,21.340138519731564,temperature,9
2026-01-26T07:39:24+01:00,40f081a6-4095-43f7-bffb-64e2af8c026e,41.040130226691744,21.340138519731564,gasResistance,11307120
2026-01-26T07:39:24+01:00,40f081a6-4095-43f7-bffb-64e2af8c026e,41.040130226691744,21.340138519731564,humidity,66
2026-01-26T07:39:24+01:00,40f081a6-4095-43f7-bffb-64e2af8c026e,41.040130226691744,21.340138519731564,noise,36
2026-01-26T07:39:24+01:00,40f081a6-4095-43f7-bffb-64e2af8c026e,41.040130226691744,21.340138519731564,noise_dba,43
2026-01-26T07:39:24+01:00,40f081a6-4095-43f7-bffb-64e2af8c026e,41.040130226691744,21.340138519731564,pm10,31
2026-01-26T07:39:24+01:00,40f081a6-4095-43f7-bffb-64e2af8c026e,41.040130226691744,21.340138519731564,pm25,15
2026-01-26T07:39:24+01:00,40f081a6-4095-43f7-bffb-64e2af8c026e,41.040130226691744,21.340138519731564,pressure,928
2026-01-26T07:39:24+01:00,40f081a6-4095-43f7-bffb-64e2af8c026e,41.040130226691744,21.340138519731564,temperature,9
2026-01-26T07:54:57+01:00,40f081a6-4095-43f7-bffb-64e2af8c026e,41.040130226691744,21.340138519731564,gasResistance,11404073
2026-01-26T07:54:57+01:00,40f081a6-4095-43f7-bffb-64e2af8c026e,41.040130226691744,21.340138519731564,humidity,65
2026-01-26T07:54:57+01:00,40f081a6-4095-43f7-bffb-64e2af8c026e,41.040130226691744,21.340138519731564,noise,45
2026-01-26T07:54:57+01:00,40f081a6-4095-43f7-bffb-64e2af8c026e,41.040130226691744,21.340138519731564,noise_dba,47
2026-01-26T07:54:57+01:00,40f081a6-4095-43f7-bffb-64e2af8c026e,41.040130226691744,21.340138519731564,pm10,22
2026-01-26T07:54:57+01:00,40f081a6-4095-43f7-bffb-64e2af8c026e,41.040130226691744,21.340138519731564,pm25,11
2026-01-26T07:54:57+01:00,40f081a6-4095-43f7-bffb-64e2af8c026e,41.040130226691744,21.340138519731564,pressure,928
2026-01-26T07:54:57+01:00,40f081a6-4095-43f7-bffb-64e2af8c026e,41.040130226691744,21.340138519731564,temperature,9
2026-01-26T08:10:30+01:00,40f081a6-4095-43f7-bffb-64e2af8c026e,41.040130226691744,21.340138519731564,gasResistance,11756906
2026-01-26T08:10:30+01:00,40f081a6-4095-43f7-bffb-64e2af8c026e,41.040130226691744,21.340138519731564,humidity,65
2026-01-26T08:10:30+01:00,40f081a6-4095-43f7-bffb-64e2af8c026e,41.040130226691744,21.340138519731564,noise,37
2026-01-26T08:10:30+01:00,40f081a6-4095-43f7-bffb-64e2af8c026e,41.040130226691744,21.340138519731564,noise_dba,43
2026-01-26T08:10:30+01:00,40f081a6-4095-43f7-bffb-64e2af8c026e,41.040130226691744,21.340138519731564,pm10,19
2026-01-26T08:10:30+01:00,40f081a6-4095-43f7-bffb-64e2af8c026e,41.040130226691744,21.340138519731564,pm25,9
2026-01-26T08:10:30+01:00,40f081a6-4095-43f7-bffb-64e2af8c026e,41.040130226691744,21.340138519731564,pressure,928
2026-01-26T08:10:30+01:00,40f081a6-4095-43f7-bffb-64e2af8c026e,41.040130226691744,21.340138519731564,temperature,10
2026-01-26T08:26:04+01:00,40f081a6-4095-43f7-bffb-64e2af8c026e,41.040130226691744,21.340138519731564,gasResistance,11995491
2026-01-26T08:26:04+01:00,40f081a6-4095-43f7-bffb-64e2af8c026e,41.040130226691744,21.340138519731564,humidity,65
2026-01-26T08:26:04+01:00,40f081a6-4095-43f7-bffb-64e2af8c026e,41.040130226691744,21.340138519731564,noise,32
2026-01-26T08:26:04+01:00,40f081a6-4095-43f7-bffb-64e2af8c026e,41.040130226691744,21.340138519731564,noise_dba,41
2026-01-26T08:26:04+01:00,40f081a6-4095-43f7-bffb-64e2af8c026e,41.040130226691744,21.340138519731564,pm10,27
2026-01-26T08:26:04+01:00,40f081a6-4095-43f7-bffb-64e2af8c026e,41.040130226691744,21.340138519731564,pm25,12
2026-01-26T08:26:04+01:00,40f081a6-4095-43f7-bffb-64e2af8c026e,41.040130226691744,21.340138519731564,pressure,928
2026-01-26T08:26:04+01:00,40f081a6-4095-43f7-bffb-64e2af8c026e,41.040130226691744,21.340138519731564,temperature,10
2026-01-26T08:41:38+01:00,40f081a6-4095-43f7-bffb-64e2af8c026e,41.040130226691744,21.340138519731564,gasResistance,13007335
2026-01-26T08:41:38+01:00,40f081a6-4095-43f7-bffb-64e2af8c026e,41.040130226691744,21.340138519731564,humidity,64
2026-01-26T08:41:38+01:00,40f081a6-4095-43f7-bffb-64e2af8c026e,41.040130226691744,21.340138519731564,noise,31
2026-01-26T08:41:38+01:00,40f081a6-4095-43f7-bffb-64e2af8c026e,41.040130226691744,21.340138519731564,noise_dba,41
2026-01-26T08:41:38+01:00,40f081a6-4095-43f7-bffb-64e2af8c026e,41.040130226691744,21.340138519731564,pm10,19
2026-01-26T08:41:38+01:00,40f081a6-4095-43f7-bffb-64e2af8c026e,41.040130226691744,21.340138519731564,pm25,9
2026-01-26T08:41:38+01:00,40f081a6-4095-43f7-bffb-64e2af8c026e,41.040130226691744,21.340138519731564,pressure,927
2026-01-26T08:41:38+01:00,40f081a6-4095-43f7-bffb-64e2af8c026e,41.040130226691744,21.340138519731564,temperature,10
2026-01-26T08:57:11+01:00,40f081a6-4095-43f7-bffb-64e2af8c026e,41.040130226691744,21.340138519731564,gasResistance,13007335
2026-01-26T08:57:11+01:00,40f081a6-4095-43f7-bffb-64e2af8c026e,41.040130226691744,21.340138519731564,humidity,64
2026-01-26T08:57:11+01:00,40f081a6-4095-43f7-bffb-64e2af8c026e,41.040130226691744,21.340138519731564,noise,29
2026-01-26T08:57:11+01:00,40f081a6-4095-43f7-bffb-64e2af8c026e,41.040130226691744,21.340138519731564,noise_dba,40
2026-01-26T08:57:11+01:00,40f081a6-4095-43f7-bffb-64e2af8c026e,41.040130226691744,21.340138519731564,pm10,20
2026-01-26T08:57:11+01:00,40f081a6-4095-43f7-bffb-64e2af8c026e,41.040130226691744,21.340138519731564,pm25,8
2026-01-26T08:57:11+01:00,40f081a6-4095-43f7-bffb-64e2af8c026e,41.040130226691744,21.340138519731564,pressure,927
2026-01-26T08:57:11+01:00,40f081a6-4095-43f7-bffb-64e2af8c026e,41.040130226691744,21.340138519731564,temperature,10
2026-01-26T09:12:44+01:00,40f081a6-4095-43f7-bffb-64e2af8c026e,41.040130226691744,21.340138519731564,gasResistance,11968504
2026-01-26T09:12:44+01:00,40f081a6-4095-43f7-bffb-64e2af8c026e,41.040130226691744,21.340138519731564,humidity,65
2026-01-26T09:12:44+01:00,40f081a6-4095-43f7-bffb-64e2af8c026e,41.040130226691744,21.340138519731564,noise,43
2026-01-26T09:12:44+01:00,40f081a6-4095-43f7-bffb-64e2af8c026e,41.040130226691744,21.340138519731564,noise_dba,46
2026-01-26T09:12:44+01:00,40f081a6-4095-43f7-bffb-64e2af8c026e,41.040130226691744,21.340138519731564,pm10,23
2026-01-26T09:12:44+01:00,40f081a6-4095-43f7-bffb-64e2af8c026e,41.040130226691744,21.340138519731564,pm25,9
2026-01-26T09:12:44+01:00,40f081a6-4095-43f7-bffb-64e2af8c026e,41.040130226691744,21.340138519731564,pressure,927
2026-01-26T09:12:44+01:00,40f081a6-4095-43f7-bffb-64e2af8c026e,41.040130226691744,21.340138519731564,temperature,10
2026-01-26T09:28:17+01:00,40f081a6-4095-43f7-bffb-64e2af8c026e,41.040130226691744,21.340138519731564,gasResistance,11453176
2026-01-26T09:28:17+01:00,40f081a6-4095-43f7-bffb-64e2af8c026e,41.040130226691744,21.340138519731564,humidity,65
2026-01-26T09:28:17+01:00,40f081a6-4095-43f7-bffb-64e2af8c026e,41.040130226691744,21.340138519731564,noise,50
2026-01-26T09:28:17+01:00,40f081a6-4095-43f7-bffb-64e2af8c026e,41.040130226691744,21.340138519731564,noise_dba,48
2026-01-26T09:28:17+01:00,40f081a6-4095-43f7-bffb-64e2af8c026e,41.040130226691744,21.340138519731564,pm10,24
2026-01-26T09:28:17+01:00,40f081a6-4095-43f7-bffb-64e2af8c026e,41.040130226691744,21.340138519731564,pm25,11
2026-01-26T09:28:17+01:00,40f081a6-4095-43f7-bffb-64e2af8c026e,41.040130226691744,21.340138519731564,pressure,927
2026-01-26T09:28:17+01:00,40f081a6-4095-43f7-bffb-64e2af8c026e,41.040130226691744,21.340138519731564,temperature,10
2026-01-26T09:43:50+01:00,40f081a6-4095-43f7-bffb-64e2af8c026e,41.040130226691744,21.340138519731564,gasResistance,11211802
2026-01-26T09:43:50+01:00,40f081a6-4095-43f7-bffb-64e2af8c026e,41.040130226691744,21.340138519731564,humidity,65
2026-01-26T09:43:50+01:00,40f081a6-4095-43f7-bffb-64e2af8c026e,41.040130226691744,21.340138519731564,noise,38
2026-01-26T09:43:50+01:00,40f081a6-4095-43f7-bffb-64e2af8c026e,41.040130226691744,21.340138519731564,noise_dba,44
2026-01-26T09:43:50+01:00,40f081a6-4095-43f7-bffb-64e2af8c026e,41.040130226691744,21.340138519731564,pm10,30
2026-01-26T09:43:50+01:00,40f081a6-4095-43f7-bffb-64e2af8c026e,41.040130226691744,21.340138519731564,pm25,17
2026-01-26T09:43:50+01:00,40f081a6-4095-43f7-bffb-64e2af8c026e,41.040130226691744,21.340138519731564,pressure,927
2026-01-26T09:43:50+01:00,40f081a6-4095-43f7-bffb-64e2af8c026e,41.040130226691744,21.340138519731564,temperature,10
2026-01-26T09:59:23+01:00,40f081a6-4095-43f7-bffb-64e2af8c026e,41.040130226691744,21.340138519731564,gasResistance,10901639
2026-01-26T09:59:23+01:00,40f081a6-4095-43f7-bffb-64e2af8c026e,41.040130226691744,21.340138519731564,humidity,66
2026-01-26T09:59:23+01:00,40f081a6-4095-43f7-bffb-64e2af8c026e,41.040130226691744,21.340138519731564,noise,32
2026-01-26T09:59:23+01:00,40f081a6-4095-43f7-bffb-64e2af8c026e,41.040130226691744,21.340138519731564,noise_dba,41
2026-01-26T09:59:23+01:00,40f081a6-4095-43f7-bffb-64e2af8c026e,41.040130226691744,21.340138519731564,pm10,25
2026-01-26T09:59:23+01:00,40f081a6-4095-43f7-bffb-64e2af8c026e,41.040130226691744,21.340138519731564,pm25,11
2026-01-26T09:59:23+01:00,40f081a6-4095-43f7-bffb-64e2af8c026e,41.040130226691744,21.340138519731564,pressure,927
2026-01-26T09:59:23+01:00,40f081a6-4095-43f7-bffb-64e2af8c026e,41.040130226691744,21.340138519731564,temperature,10
2026-01-26T10:14:55+01:00,40f081a6-4095-43f7-bffb-64e2af8c026e,41.040130226691744,21.340138519731564,gasResistance,10736630
2026-01-26T10:14:55+01:00,40f081a6-4095-43f7-bffb-64e2af8c026e,41.040130226691744,21.340138519731564,humidity,65
2026-01-26T10:14:55+01:00,40f081a6-4095-43f7-bffb-64e2af8c026e,41.040130226691744,21.340138519731564,noise,23
2026-01-26T10:14:55+01:00,40f081a6-4095-43f7-bffb-64e2af8c026e,41.040130226691744,21.340138519731564,noise_dba,36
2026-01-26T10:14:55+01:00,40f081a6-4095-43f7-bffb-64e2af8c026e,41.040130226691744,21.340138519731564,pm10,16
2026-01-26T10:14:55+01:00,40f081a6-4095-43f7-bffb-64e2af8c026e,41.040130226691744,21.340138519731564,pm25,8
2026-01-26T10:14:55+01:00,40f081a6-4095-43f7-bffb-64e2af8c026e,41.040130226691744,21.340138519731564,pressure,926
2026-01-26T10:14:55+01:00,40f081a6-4095-43f7-bffb-64e2af8c026e,41.040130226691744,21.340138519731564,temperature,10
2026-01-26T10:30:28+01:00,40f081a6-4095-43f7-bffb-64e2af8c026e,41.040130226691744,21.340138519731564,gasResistance,10846076
2026-01-26T10:30:28+01:00,40f081a6-4095-43f7-bffb-64e2af8c026e,41.040130226691744,21.340138519731564,humidity,65
2026-01-26T10:30:28+01:00,40f081a6-4095-43f7-bffb-64e2af8c026e,41.040130226691744,21.340138519731564,noise,21
2026-01-26T10:30:28+01:00,40f081a6-4095-43f7-bffb-64e2af8c026e,41.040130226691744,21.340138519731564,noise_dba,34
2026-01-26T10:30:28+01:00,40f081a6-4095-43f7-bffb-64e2af8c026e,41.040130226691744,21.340138519731564,pm10,15
2026-01-26T10:30:28+01:00,40f081a6-4095-43f7-bffb-64e2af8c026e,41.040130226691744,21.340138519731564,pm25,8
2026-01-26T10:30:28+01:00,40f081a6-4095-43f7-bffb-64e2af8c026e,41.040130226691744,21.340138519731564,pressure,926
2026-01-26T10:30:28+01:00,40f081a6-4095-43f7-bffb-64e2af8c026e,41.040130226691744,21.340138519731564,temperature,11
2026-01-26T10:46:01+01:00,40f081a6-4095-43f7-bffb-64e2af8c026e,41.040130226691744,21.340138519731564,gasResistance,12834741
2026-01-26T10:46:01+01:00,40f081a6-4095-43f7-bffb-64e2af8c026e,41.040130226691744,21.340138519731564,humidity,64
2026-01-26T10:46:01+01:00,40f081a6-4095-43f7-bffb-64e2af8c026e,41.040130226691744,21.340138519731564,noise,28
2026-01-26T10:46:01+01:00,40f081a6-4095-43f7-bffb-64e2af8c026e,41.040130226691744,21.340138519731564,noise_dba,39
2026-01-26T10:46:01+01:00,40f081a6-4095-43f7-bffb-64e2af8c026e,41.040130226691744,21.340138519731564,pm10,10
2026-01-26T10:46:01+01:00,40f081a6-4095-43f7-bffb-64e2af8c026e,41.040130226691744,21.340138519731564,pm25,6
2026-01-26T10:46:01+01:00,40f081a6-4095-43f7-bffb-64e2af8c026e,41.040130226691744,21.340138519731564,pressure,926
2026-01-26T10:46:01+01:00,40f081a6-4095-43f7-bffb-64e2af8c026e,41.040130226691744,21.340138519731564,temperature,11
2026-01-26T11:01:34+01:00,40f081a6-4095-43f7-bffb-64e2af8c026e,41.040130226691744,21.340138519731564,gasResistance,13007335
2026-01-26T11:01:34+01:00,40f081a6-4095-43f7-bffb-64e2af8c026e,41.040130226691744,21.340138519731564,humidity,63
2026-01-26T11:01:34+01:00,40f081a6-4095-43f7-bffb-64e2af8c026e,41.040130226691744,21.340138519731564,noise,28
2026-01-26T11:01:34+01:00,40f081a6-4095-43f7-bffb-64e2af8c026e,41.040130226691744,21.340138519731564,noise_dba,39
2026-01-26T11:01:34+01:00,40f081a6-4095-43f7-bffb-64e2af8c026e,41.040130226691744,21.340138519731564,pm10,10
2026-01-26T11:01:34+01:00,40f081a6-4095-43f7-bffb-64e2af8c026e,41.040130226691744,21.340138519731564,pm25,4
2026-01-26T11:01:34+01:00,40f081a6-4095-43f7-bffb-64e2af8c026e,41.040130226691744,21.340138519731564,pressure,926
2026-01-26T11:01:34+01:00,40f081a6-4095-43f7-bffb-64e2af8c026e,41.040130226691744,21.340138519731564,temperature,11
2026-01-26T11:17:07+01:00,40f081a6-4095-43f7-bffb-64e2af8c026e,41.040130226691744,21.340138519731564,gasResistance,13007335
2026-01-26T11:17:07+01:00,40f081a6-4095-43f7-bffb-64e2af8c026e,41.040130226691744,21.340138519731564,humidity,63
2026-01-26T11:17:07+01:00,40f081a6-4095-43f7-bffb-64e2af8c026e,41.040130226691744,21.340138519731564,noise,27
2026-01-26T11:17:07+01:00,40f081a6-4095-43f7-bffb-64e2af8c026e,41.040130226691744,21.340138519731564,noise_dba,38
2026-01-26T11:17:07+01:00,40f081a6-4095-43f7-bffb-64e2af8c026e,41.040130226691744,21.340138519731564,pm10,11
2026-01-26T11:17:07+01:00,40f081a6-4095-43f7-bffb-64e2af8c026e,41.040130226691744,21.340138519731564,pm25,4
2026-01-26T11:17:07+01:00,40f081a6-4095-43f7-bffb-64e2af8c026e,41.040130226691744,21.340138519731564,pressure,926
2026-01-26T11:17:07+01:00,40f081a6-4095-43f7-bffb-64e2af8c026e,41.040130226691744,21.340138519731564,temperature,11
2026-01-26T11:32:40+01:00,40f081a6-4095-43f7-bffb-64e2af8c026e,41.040130226691744,21.340138519731564,gasResistance,13007335
2026-01-26T11:32:40+01:00,40f081a6-4095-43f7-bffb-64e2af8c026e,41.040130226691744,21.340138519731564,humidity,61
2026-01-26T11:32:40+01:00,40f081a6-4095-43f7-bffb-64e2af8c026e,41.040130226691744,21.340138519731564,noise,34
2026-01-26T11:32:40+01:00,40f081a6-4095-43f7-bffb-64e2af8c026e,41.040130226691744,21.340138519731564,noise_dba,42
2026-01-26T11:32:40+01:00,40f081a6-4095-43f7-bffb-64e2af8c026e,41.040130226691744,21.340138519731564,pm10,4
2026-01-26T11:32:40+01:00,40f081a6-4095-43f7-bffb-64e2af8c026e,41.040130226691744,21.340138519731564,pm25,3
2026-01-26T11:32:40+01:00,40f081a6-4095-43f7-bffb-64e2af8c026e,41.040130226691744,21.340138519731564,pressure,926
2026-01-26T11:32:40+01:00,40f081a6-4095-43f7-bffb-64e2af8c026e,41.040130226691744,21.340138519731564,temperature,11
2026-01-26T11:48:12+01:00,40f081a6-4095-43f7-bffb-64e2af8c026e,41.040130226691744,21.340138519731564,gasResistance,13007335
2026-01-26T11:48:12+01:00,40f081a6-4095-43f7-bffb-64e2af8c026e,41.040130226691744,21.340138519731564,humidity,62
2026-01-26T11:48:12+01:00,40f081a6-4095-43f7-bffb-64e2af8c026e,41.040130226691744,21.340138519731564,noise,29
2026-01-26T11:48:12+01:00,40f081a6-4095-43f7-bffb-64e2af8c026e,41.040130226691744,21.340138519731564,noise_dba,40
2026-01-26T11:48:12+01:00,40f081a6-4095-43f7-bffb-64e2af8c026e,41.040130226691744,21.340138519731564,pm10,7
2026-01-26T11:48:12+01:00,40f081a6-4095-43f7-bffb-64e2af8c026e,41.040130226691744,21.340138519731564,pm25,5
2026-01-26T11:48:12+01:00,40f081a6-4095-43f7-bffb-64e2af8c026e,41.040130226691744,21.340138519731564,pressure,926
2026-01-26T11:48:12+01:00,40f081a6-4095-43f7-bffb-64e2af8c026e,41.040130226691744,21.340138519731564,temperature,11
2026-01-26T12:03:45+01:00,40f081a6-4095-43f7-bffb-64e2af8c026e,41.040130226691744,21.340138519731564,gasResistance,13007335
2026-01-26T12:03:45+01:00,40f081a6-4095-43f7-bffb-64e2af8c026e,41.040130226691744,21.340138519731564,humidity,62
2026-01-26T12:03:45+01:00,40f081a6-4095-43f7-bffb-64e2af8c026e,41.040130226691744,21.340138519731564,noise,38
2026-01-26T12:03:45+01:00,40f081a6-4095-43f7-bffb-64e2af8c026e,41.040130226691744,21.340138519731564,noise_dba,44
2026-01-26T12:03:45+01:00,40f081a6-4095-43f7-bffb-64e2af8c026e,41.040130226691744,21.340138519731564,pm10,7
2026-01-26T12:03:45+01:00,40f081a6-4095-43f7-bffb-64e2af8c026e,41.040130226691744,21.340138519731564,pm25,4
2026-01-26T12:03:45+01:00,40f081a6-4095-43f7-bffb-64e2af8c026e,41.040130226691744,21.340138519731564,pressure,926
2026-01-26T12:03:45+01:00,40f081a6-4095-43f7-bffb-64e2af8c026e,41.040130226691744,21.340138519731564,temperature,11
2026-01-26T12:19:18+01:00,40f081a6-4095-43f7-bffb-64e2af8c026e,41.040130226691744,21.340138519731564,gasResistance,13007335
2026-01-26T12:19:18+01:00,40f081a6-4095-43f7-bffb-64e2af8c026e,41.040130226691744,21.340138519731564,humidity,62
2026-01-26T12:19:18+01:00,40f081a6-4095-43f7-bffb-64e2af8c026e,41.040130226691744,21.340138519731564,noise,47
2026-01-26T12:19:18+01:00,40f081a6-4095-43f7-bffb-64e2af8c026e,41.040130226691744,21.340138519731564,noise_dba,47
2026-01-26T12:19:18+01:00,40f081a6-4095-43f7-bffb-64e2af8c026e,41.040130226691744,21.340138519731564,pm10,6
2026-01-26T12:19:18+01:00,40f081a6-4095-43f7-bffb-64e2af8c026e,41.040130226691744,21.340138519731564,pm25,3
2026-01-26T12:19:18+01:00,40f081a6-4095-43f7-bffb-64e2af8c026e,41.040130226691744,21.340138519731564,pressure,926
2026-01-26T12:19:18+01:00,40f081a6-4095-43f7-bffb-64e2af8c026e,41.040130226691744,21.340138519731564,temperature,11
2026-01-26T12:34:51+01:00,40f081a6-4095-43f7-bffb-64e2af8c026e,41.040130226691744,21.340138519731564,gasResistance,13007335
2026-01-26T12:34:51+01:00,40f081a6-4095-43f7-bffb-64e2af8c026e,41.040130226691744,21.340138519731564,humidity,62
2026-01-26T12:34:51+01:00,40f081a6-4095-43f7-bffb-64e2af8c026e,41.040130226691744,21.340138519731564,noise,33
2026-01-26T12:34:51+01:00,40f081a6-4095-43f7-bffb-64e2af8c026e,41.040130226691744,21.340138519731564,noise_dba,42
2026-01-26T12:34:51+01:00,40f081a6-4095-43f7-bffb-64e2af8c026e,41.040130226691744,21.340138519731564,pm10,9
2026-01-26T12:34:51+01:00,40f081a6-4095-43f7-bffb-64e2af8c026e,41.040130226691744,21.340138519731564,pm25,5
2026-01-26T12:34:51+01:00,40f081a6-4095-43f7-bffb-64e2af8c026e,41.040130226691744,21.340138519731564,pressure,925
2026-01-26T12:34:51+01:00,40f081a6-4095-43f7-bffb-64e2af8c026e,41.040130226691744,21.340138519731564,temperature,11
2026-01-26T12:50:24+01:00,40f081a6-4095-43f7-bffb-64e2af8c026e,41.040130226691744,21.340138519731564,gasResistance,13007335
2026-01-26T12:50:24+01:00,40f081a6-4095-43f7-bffb-64e2af8c026e,41.040130226691744,21.340138519731564,humidity,63
2026-01-26T12:50:24+01:00,40f081a6-4095-43f7-bffb-64e2af8c026e,41.040130226691744,21.340138519731564,noise,33
2026-01-26T12:50:24+01:00,40f081a6-4095-43f7-bffb-64e2af8c026e,41.040130226691744,21.340138519731564,noise_dba,42
2026-01-26T12:50:24+01:00,40f081a6-4095-43f7-bffb-64e2af8c026e,41.040130226691744,21.340138519731564,pm10,5
2026-01-26T12:50:24+01:00,40f081a6-4095-43f7-bffb-64e2af8c026e,41.040130226691744,21.340138519731564,pm25,3
2026-01-26T12:50:24+01:00,40f081a6-4095-43f7-bffb-64e2af8c026e,41.040130226691744,21.340138519731564,pressure,925
2026-01-26T12:50:24+01:00,40f081a6-4095-43f7-bffb-64e2af8c026e,41.040130226691744,21.340138519731564,temperature,11
2026-01-26T13:05:57+01:00,40f081a6-4095-43f7-bffb-64e2af8c026e,41.040130226691744,21.340138519731564,gasResistance,13007335
2026-01-26T13:05:57+01:00,40f081a6-4095-43f7-bffb-64e2af8c026e,41.040130226691744,21.340138519731564,humidity,63
2026-01-26T13:05:57+01:00,40f081a6-4095-43f7-bffb-64e2af8c026e,41.040130226691744,21.340138519731564,noise,28
2026-01-26T13:05:57+01:00,40f081a6-4095-43f7-bffb-64e2af8c026e,41.040130226691744,21.340138519731564,noise_dba,39
2026-01-26T13:05:57+01:00,40f081a6-4095-43f7-bffb-64e2af8c026e,41.040130226691744,21.340138519731564,pm10,9
2026-01-26T13:05:57+01:00,40f081a6-4095-43f7-bffb-64e2af8c026e,41.040130226691744,21.340138519731564,pm25,4
2026-01-26T13:05:57+01:00,40f081a6-4095-43f7-bffb-64e2af8c026e,41.040130226691744,21.340138519731564,pressure,925
2026-01-26T13:05:57+01:00,40f081a6-4095-43f7-bffb-64e2af8c026e,41.040130226691744,21.340138519731564,temperature,11
2026-01-26T13:21:30+01:00,40f081a6-4095-43f7-bffb-64e2af8c026e,41.040130226691744,21.340138519731564,gasResistance,13007335
2026-01-26T13:21:30+01:00,40f081a6-4095-43f7-bffb-64e2af8c026e,41.040130226691744,21.340138519731564,humidity,63
2026-01-26T13:21:30+01:00,40f081a6-4095-43f7-bffb-64e2af8c026e,41.040130226691744,21.340138519731564,noise,26
2026-01-26T13:21:30+01:00,40f081a6-4095-43f7-bffb-64e2af8c026e,41.040130226691744,21.340138519731564,noise_dba,38
2026-01-26T13:21:30+01:00,40f081a6-4095-43f7-bffb-64e2af8c026e,41.040130226691744,21.340138519731564,pm10,13
2026-01-26T13:21:30+01:00,40f081a6-4095-43f7-bffb-64e2af8c026e,41.040130226691744,21.340138519731564,pm25,7
2026-01-26T13:21:30+01:00,40f081a6-4095-43f7-bffb-64e2af8c026e,41.040130226691744,21.340138519731564,pressure,925
2026-01-26T13:21:30+01:00,40f081a6-4095-43f7-bffb-64e2af8c026e,41.040130226691744,21.340138519731564,temperature,11
2026-01-26T13:37:02+01:00,40f081a6-4095-43f7-bffb-64e2af8c026e,41.040130226691744,21.340138519731564,gasResistance,13007335
2026-01-26T13:37:02+01:00,40f081a6-4095-43f7-bffb-64e2af8c026e,41.040130226691744,21.340138519731564,humidity,62
2026-01-26T13:37:02+01:00,40f081a6-4095-43f7-bffb-64e2af8c026e,41.040130226691744,21.340138519731564,noise,22
2026-01-26T13:37:02+01:00,40f081a6-4095-43f7-bffb-64e2af8c026e,41.040130226691744,21.340138519731564,noise_dba,35
2026-01-26T13:37:02+01:00,40f081a6-4095-43f7-bffb-64e2af8c026e,41.040130226691744,21.340138519731564,pm10,14
2026-01-26T13:37:02+01:00,40f081a6-4095-43f7-bffb-64e2af8c026e,41.040130226691744,21.340138519731564,pm25,6
2026-01-26T13:37:02+01:00,40f081a6-4095-43f7-bffb-64e2af8c026e,41.040130226691744,21.340138519731564,pressure,924
2026-01-26T13:37:02+01:00,40f081a6-4095-43f7-bffb-64e2af8c026e,41.040130226691744,21.340138519731564,temperature,11
2026-01-26T13:52:35+01:00,40f081a6-4095-43f7-bffb-64e2af8c026e,41.040130226691744,21.340138519731564,gasResistance,13007335
2026-01-26T13:52:35+01:00,40f081a6-4095-43f7-bffb-64e2af8c026e,41.040130226691744,21.340138519731564,humidity,62
2026-01-26T13:52:35+01:00,40f081a6-4095-43f7-bffb-64e2af8c026e,41.040130226691744,21.340138519731564,noise,24
2026-01-26T13:52:35+01:00,40f081a6-4095-43f7-bffb-64e2af8c026e,41.040130226691744,21.340138519731564,noise_dba,36
2026-01-26T13:52:35+01:00,40f081a6-4095-43f7-bffb-64e2af8c026e,41.040130226691744,21.340138519731564,pm10,17
2026-01-26T13:52:35+01:00,40f081a6-4095-43f7-bffb-64e2af8c026e,41.040130226691744,21.340138519731564,pm25,8
2026-01-26T13:52:35+01:00,40f081a6-4095-43f7-bffb-64e2af8c026e,41.040130226691744,21.340138519731564,pressure,924
2026-01-26T13:52:35+01:00,40f081a6-4095-43f7-bffb-64e2af8c026e,41.040130226691744,21.340138519731564,temperature,11
2026-01-26T14:08:09+01:00,40f081a6-4095-43f7-bffb-64e2af8c026e,41.040130226691744,21.340138519731564,gasResistance,13007335
2026-01-26T14:08:09+01:00,40f081a6-4095-43f7-bffb-64e2af8c026e,41.040130226691744,21.340138519731564,humidity,62
2026-01-26T14:08:09+01:00,40f081a6-4095-43f7-bffb-64e2af8c026e,41.040130226691744,21.340138519731564,noise,20
2026-01-26T14:08:09+01:00,40f081a6-4095-43f7-bffb-64e2af8c026e,41.040130226691744,21.340138519731564,noise_dba,34
2026-01-26T14:08:09+01:00,40f081a6-4095-43f7-bffb-64e2af8c026e,41.040130226691744,21.340138519731564,pm10,12
2026-01-26T14:08:09+01:00,40f081a6-4095-43f7-bffb-64e2af8c026e,41.040130226691744,21.340138519731564,pm25,6
2026-01-26T14:08:09+01:00,40f081a6-4095-43f7-bffb-64e2af8c026e,41.040130226691744,21.340138519731564,pressure,924
2026-01-26T14:08:09+01:00,40f081a6-4095-43f7-bffb-64e2af8c026e,41.040130226691744,21.340138519731564,temperature,11
2026-01-26T14:23:41+01:00,40f081a6-4095-43f7-bffb-64e2af8c026e,41.040130226691744,21.340138519731564,gasResistance,13007335
2026-01-26T14:23:41+01:00,40f081a6-4095-43f7-bffb-64e2af8c026e,41.040130226691744,21.340138519731564,humidity,62
2026-01-26T14:23:41+01:00,40f081a6-4095-43f7-bffb-64e2af8c026e,41.040130226691744,21.340138519731564,noise,24
2026-01-26T14:23:41+01:00,40f081a6-4095-43f7-bffb-64e2af8c026e,41.040130226691744,21.340138519731564,noise_dba,36
2026-01-26T14:23:41+01:00,40f081a6-4095-43f7-bffb-64e2af8c026e,41.040130226691744,21.340138519731564,pm10,10
2026-01-26T14:23:41+01:00,40f081a6-4095-43f7-bffb-64e2af8c026e,41.040130226691744,21.340138519731564,pm25,4
2026-01-26T14:23:41+01:00,40f081a6-4095-43f7-bffb-64e2af8c026e,41.040130226691744,21.340138519731564,pressure,924
2026-01-26T14:23:41+01:00,40f081a6-4095-43f7-bffb-64e2af8c026e,41.040130226691744,21.340138519731564,temperature,11
2026-01-26T14:39:14+01:00,40f081a6-4095-43f7-bffb-64e2af8c026e,41.040130226691744,21.340138519731564,gasResistance,13007335
2026-01-26T14:39:14+01:00,40f081a6-4095-43f7-bffb-64e2af8c026e,41.040130226691744,21.340138519731564,humidity,62
2026-01-26T14:39:14+01:00,40f081a6-4095-43f7-bffb-64e2af8c026e,41.040130226691744,21.340138519731564,noise,19
2026-01-26T14:39:14+01:00,40f081a6-4095-43f7-bffb-64e2af8c026e,41.040130226691744,21.340138519731564,noise_dba,33
2026-01-26T14:39:14+01:00,40f081a6-4095-43f7-bffb-64e2af8c026e,41.040130226691744,21.340138519731564,pm10,8
2026-01-26T14:39:14+01:00,40f081a6-4095-43f7-bffb-64e2af8c026e,41.040130226691744,21.340138519731564,pm25,4
2026-01-26T14:39:14+01:00,40f081a6-4095-43f7-bffb-64e2af8c026e,41.040130226691744,21.340138519731564,pressure,924
2026-01-26T14:39:14+01:00,40f081a6-4095-43f7-bffb-64e2af8c026e,41.040130226691744,21.340138519731564,temperature,11
2026-01-26T14:54:47+01:00,40f081a6-4095-43f7-bffb-64e2af8c026e,41.040130226691744,21.340138519731564,gasResistance,13007335
2026-01-26T14:54:47+01:00,40f081a6-4095-43f7-bffb-64e2af8c026e,41.040130226691744,21.340138519731564,humidity,61
2026-01-26T14:54:47+01:00,40f081a6-4095-43f7-bffb-64e2af8c026e,41.040130226691744,21.340138519731564,noise,20
2026-01-26T14:54:47+01:00,40f081a6-4095-43f7-bffb-64e2af8c026e,41.040130226691744,21.340138519731564,noise_dba,34
2026-01-26T14:54:47+01:00,40f081a6-4095-43f7-bffb-64e2af8c026e,41.040130226691744,21.340138519731564,pm10,9
2026-01-26T14:54:47+01:00,40f081a6-4095-43f7-bffb-64e2af8c026e,41.040130226691744,21.340138519731564,pm25,5
2026-01-26T14:54:47+01:00,40f081a6-4095-43f7-bffb-64e2af8c026e,41.040130226691744,21.340138519731564,pressure,924
2026-01-26T14:54:47+01:00,40f081a6-4095-43f7-bffb-64e2af8c026e,41.040130226691744,21.340138519731564,temperature,11
2026-01-26T15:10:20+01:00,40f081a6-4095-43f7-bffb-64e2af8c026e,41.040130226691744,21.340138519731564,gasResistance,13007335
2026-01-26T15:10:20+01:00,40f081a6-4095-43f7-bffb-64e2af8c026e,41.040130226691744,21.340138519731564,humidity,62
2026-01-26T15:10:20+01:00,40f081a6-4095-43f7-bffb-64e2af8c026e,41.040130226691744,21.340138519731564,noise,23
2026-01-26T15:10:20+01:00,40f081a6-4095-43f7-bffb-64e2af8c026e,41.040130226691744,21.340138519731564,noise_dba,36
2026-01-26T15:10:20+01:00,40f081a6-4095-43f7-bffb-64e2af8c026e,41.040130226691744,21.340138519731564,pm10,13
2026-01-26T15:10:20+01:00,40f081a6-4095-43f7-bffb-64e2af8c026e,41.040130226691744,21.340138519731564,pm25,8
2026-01-26T15:10:20+01:00,40f081a6-4095-43f7-bffb-64e2af8c026e,41.040130226691744,21.340138519731564,pressure,924
2026-01-26T15:10:20+01:00,40f081a6-4095-43f7-bffb-64e2af8c026e,41.040130226691744,21.340138519731564,temperature,11
2026-01-26T15:25:54+01:00,40f081a6-4095-43f7-bffb-64e2af8c026e,41.040130226691744,21.340138519731564,gasResistance,13007335
2026-01-26T15:25:54+01:00,40f081a6-4095-43f7-bffb-64e2af8c026e,41.040130226691744,21.340138519731564,humidity,63
2026-01-26T15:25:54+01:00,40f081a6-4095-43f7-bffb-64e2af8c026e,41.040130226691744,21.340138519731564,noise,18
2026-01-26T15:25:54+01:00,40f081a6-4095-43f7-bffb-64e2af8c026e,41.040130226691744,21.340138519731564,noise_dba,32
2026-01-26T15:25:54+01:00,40f081a6-4095-43f7-bffb-64e2af8c026e,41.040130226691744,21.340138519731564,pm10,6
2026-01-26T15:25:54+01:00,40f081a6-4095-43f7-bffb-64e2af8c026e,41.040130226691744,21.340138519731564,pm25,3
2026-01-26T15:25:54+01:00,40f081a6-4095-43f7-bffb-64e2af8c026e,41.040130226691744,21.340138519731564,pressure,924
2026-01-26T15:25:54+01:00,40f081a6-4095-43f7-bffb-64e2af8c026e,41.040130226691744,21.340138519731564,temperature,11
2026-01-26T15:41:27+01:00,40f081a6-4095-43f7-bffb-64e2af8c026e,41.040130226691744,21.340138519731564,gasResistance,13007335
2026-01-26T15:41:27+01:00,40f081a6-4095-43f7-bffb-64e2af8c026e,41.040130226691744,21.340138519731564,humidity,63
2026-01-26T15:41:27+01:00,40f081a6-4095-43f7-bffb-64e2af8c026e,41.040130226691744,21.340138519731564,noise,25
2026-01-26T15:41:27+01:00,40f081a6-4095-43f7-bffb-64e2af8c026e,41.040130226691744,21.340138519731564,noise_dba,37
2026-01-26T15:41:27+01:00,40f081a6-4095-43f7-bffb-64e2af8c026e,41.040130226691744,21.340138519731564,pm10,14
2026-01-26T15:41:27+01:00,40f081a6-4095-43f7-bffb-64e2af8c026e,41.040130226691744,21.340138519731564,pm25,10
2026-01-26T15:41:27+01:00,40f081a6-4095-43f7-bffb-64e2af8c026e,41.040130226691744,21.340138519731564,pressure,924
2026-01-26T15:41:27+01:00,40f081a6-4095-43f7-bffb-64e2af8c026e,41.040130226691744,21.340138519731564,temperature,11
2026-01-26T15:57:00+01:00,40f081a6-4095-43f7-bffb-64e2af8c026e,41.040130226691744,21.340138519731564,gasResistance,13007335
2026-01-26T15:57:00+01:00,40f081a6-4095-43f7-bffb-64e2af8c026e,41.040130226691744,21.340138519731564,humidity,63
2026-01-26T15:57:00+01:00,40f081a6-4095-43f7-bffb-64e2af8c026e,41.040130226691744,21.340138519731564,noise,20
2026-01-26T15:57:00+01:00,40f081a6-4095-43f7-bffb-64e2af8c026e,41.040130226691744,21.340138519731564,noise_dba,34
2026-01-26T15:57:00+01:00,40f081a6-4095-43f7-bffb-64e2af8c026e,41.040130226691744,21.340138519731564,pm10,27
2026-01-26T15:57:00+01:00,40f081a6-4095-43f7-bffb-64e2af8c026e,41.040130226691744,21.340138519731564,pm25,18
2026-01-26T15:57:00+01:00,40f081a6-4095-43f7-bffb-64e2af8c026e,41.040130226691744,21.340138519731564,pressure,924
2026-01-26T15:57:00+01:00,40f081a6-4095-43f7-bffb-64e2af8c026e,41.040130226691744,21.340138519731564,temperature,11
2026-01-26T16:12:33+01:00,40f081a6-4095-43f7-bffb-64e2af8c026e,41.040130226691744,21.340138519731564,gasResistance,13007335
2026-01-26T16:12:33+01:00,40f081a6-4095-43f7-bffb-64e2af8c026e,41.040130226691744,21.340138519731564,humidity,63
2026-01-26T16:12:33+01:00,40f081a6-4095-43f7-bffb-64e2af8c026e,41.040130226691744,21.340138519731564,noise,21
2026-01-26T16:12:33+01:00,40f081a6-4095-43f7-bffb-64e2af8c026e,41.040130226691744,21.340138519731564,noise_dba,34
2026-01-26T16:12:33+01:00,40f081a6-4095-43f7-bffb-64e2af8c026e,41.040130226691744,21.340138519731564,pm10,22
2026-01-26T16:12:33+01:00,40f081a6-4095-43f7-bffb-64e2af8c026e,41.040130226691744,21.340138519731564,pm25,14
2026-01-26T16:12:33+01:00,40f081a6-4095-43f7-bffb-64e2af8c026e,41.040130226691744,21.340138519731564,pressure,924
2026-01-26T16:12:33+01:00,40f081a6-4095-43f7-bffb-64e2af8c026e,41.040130226691744,21.340138519731564,temperature,11
2026-01-26T16:28:06+01:00,40f081a6-4095-43f7-bffb-64e2af8c026e,41.040130226691744,21.340138519731564,gasResistance,13007335
2026-01-26T16:28:06+01:00,40f081a6-4095-43f7-bffb-64e2af8c026e,41.040130226691744,21.340138519731564,humidity,62
2026-01-26T16:28:06+01:00,40f081a6-4095-43f7-bffb-64e2af8c026e,41.040130226691744,21.340138519731564,noise,22
2026-01-26T16:28:06+01:00,40f081a6-4095-43f7-bffb-64e2af8c026e,41.040130226691744,21.340138519731564,noise_dba,35
2026-01-26T16:28:06+01:00,40f081a6-4095-43f7-bffb-64e2af8c026e,41.040130226691744,21.340138519731564,pm10,6
2026-01-26T16:28:06+01:00,40f081a6-4095-43f7-bffb-64e2af8c026e,41.040130226691744,21.340138519731564,pm25,3
2026-01-26T16:28:06+01:00,40f081a6-4095-43f7-bffb-64e2af8c026e,41.040130226691744,21.340138519731564,pressure,924
2026-01-26T16:28:06+01:00,40f081a6-4095-43f7-bffb-64e2af8c026e,41.040130226691744,21.340138519731564,temperature,11
2026-01-26T16:43:39+01:00,40f081a6-4095-43f7-bffb-64e2af8c026e,41.040130226691744,21.340138519731564,gasResistance,13007335
2026-01-26T16:43:39+01:00,40f081a6-4095-43f7-bffb-64e2af8c026e,41.040130226691744,21.340138519731564,humidity,60
2026-01-26T16:43:39+01:00,40f081a6-4095-43f7-bffb-64e2af8c026e,41.040130226691744,21.340138519731564,noise,16
2026-01-26T16:43:39+01:00,40f081a6-4095-43f7-bffb-64e2af8c026e,41.040130226691744,21.340138519731564,noise_dba,30
2026-01-26T16:43:39+01:00,40f081a6-4095-43f7-bffb-64e2af8c026e,41.040130226691744,21.340138519731564,pm10,1
2026-01-26T16:43:39+01:00,40f081a6-4095-43f7-bffb-64e2af8c026e,41.040130226691744,21.340138519731564,pm25,0
2026-01-26T16:43:39+01:00,40f081a6-4095-43f7-bffb-64e2af8c026e,41.040130226691744,21.340138519731564,pressure,924
2026-01-26T16:43:39+01:00,40f081a6-4095-43f7-bffb-64e2af8c026e,41.040130226691744,21.340138519731564,temperature,11
2026-01-26T16:59:11+01:00,40f081a6-4095-43f7-bffb-64e2af8c026e,41.040130226691744,21.340138519731564,gasResistance,13007335
2026-01-26T16:59:11+01:00,40f081a6-4095-43f7-bffb-64e2af8c026e,41.040130226691744,21.340138519731564,humidity,59
2026-01-26T16:59:11+01:00,40f081a6-4095-43f7-bffb-64e2af8c026e,41.040130226691744,21.340138519731564,noise,16
2026-01-26T16:59:11+01:00,40f081a6-4095-43f7-bffb-64e2af8c026e,41.040130226691744,21.340138519731564,noise_dba,30
2026-01-26T16:59:11+01:00,40f081a6-4095-43f7-bffb-64e2af8c026e,41.040130226691744,21.340138519731564,pm10,0
2026-01-26T16:59:11+01:00,40f081a6-4095-43f7-bffb-64e2af8c026e,41.040130226691744,21.340138519731564,pm25,0
2026-01-26T16:59:11+01:00,40f081a6-4095-43f7-bffb-64e2af8c026e,41.040130226691744,21.340138519731564,pressure,924
2026-01-26T16:59:11+01:00,40f081a6-4095-43f7-bffb-64e2af8c026e,41.040130226691744,21.340138519731564,temperature,11
2026-01-26T17:14:43+01:00,40f081a6-4095-43f7-bffb-64e2af8c026e,41.040130226691744,21.340138519731564,gasResistance,13007335
2026-01-26T17:14:43+01:00,40f081a6-4095-43f7-bffb-64e2af8c026e,41.040130226691744,21.340138519731564,humidity,59
2026-01-26T17:14:43+01:00,40f081a6-4095-43f7-bffb-64e2af8c026e,41.040130226691744,21.340138519731564,noise,20
2026-01-26T17:14:43+01:00,40f081a6-4095-43f7-bffb-64e2af8c026e,41.040130226691744,21.340138519731564,noise_dba,34
2026-01-26T17:14:43+01:00,40f081a6-4095-43f7-bffb-64e2af8c026e,41.040130226691744,21.340138519731564,pm10,1
2026-01-26T17:14:43+01:00,40f081a6-4095-43f7-bffb-64e2af8c026e,41.040130226691744,21.340138519731564,pm25,0
2026-01-26T17:14:43+01:00,40f081a6-4095-43f7-bffb-64e2af8c026e,41.040130226691744,21.340138519731564,pressure,924
2026-01-26T17:14:43+01:00,40f081a6-4095-43f7-bffb-64e2af8c026e,41.040130226691744,21.340138519731564,temperature,11
2026-01-26T17:30:15+01:00,40f081a6-4095-43f7-bffb-64e2af8c026e,41.040130226691744,21.340138519731564,gasResistance,13007335
2026-01-26T17:30:15+01:00,40f081a6-4095-43f7-bffb-64e2af8c026e,41.040130226691744,21.340138519731564,humidity,59
2026-01-26T17:30:15+01:00,40f081a6-4095-43f7-bffb-64e2af8c026e,41.040130226691744,21.340138519731564,noise,14
2026-01-26T17:30:15+01:00,40f081a6-4095-43f7-bffb-64e2af8c026e,41.040130226691744,21.340138519731564,noise_dba,28
2026-01-26T17:30:15+01:00,40f081a6-4095-43f7-bffb-64e2af8c026e,41.040130226691744,21.340138519731564,pm10,0
2026-01-26T17:30:15+01:00,40f081a6-4095-43f7-bffb-64e2af8c026e,41.040130226691744,21.340138519731564,pm25,0
2026-01-26T17:30:15+01:00,40f081a6-4095-43f7-bffb-64e2af8c026e,41.040130226691744,21.340138519731564,pressure,924
2026-01-26T17:30:15+01:00,40f081a6-4095-43f7-bffb-64e2af8c026e,41.040130226691744,21.340138519731564,temperature,10
2026-01-26T17:45:47+01:00,40f081a6-4095-43f7-bffb-64e2af8c026e,41.040130226691744,21.340138519731564,gasResistance,13007335
2026-01-26T17:45:47+01:00,40f081a6-4095-43f7-bffb-64e2af8c026e,41.040130226691744,21.340138519731564,humidity,59
2026-01-26T17:45:47+01:00,40f081a6-4095-43f7-bffb-64e2af8c026e,41.040130226691744,21.340138519731564,noise,21
2026-01-26T17:45:47+01:00,40f081a6-4095-43f7-bffb-64e2af8c026e,41.040130226691744,21.340138519731564,noise_dba,34
2026-01-26T17:45:47+01:00,40f081a6-4095-43f7-bffb-64e2af8c026e,41.040130226691744,21.340138519731564,pm10,0
2026-01-26T17:45:47+01:00,40f081a6-4095-43f7-bffb-64e2af8c026e,41.040130226691744,21.340138519731564,pm25,0
2026-01-26T17:45:47+01:00,40f081a6-4095-43f7-bffb-64e2af8c026e,41.040130226691744,21.340138519731564,pressure,924
2026-01-26T17:45:47+01:00,40f081a6-4095-43f7-bffb-64e2af8c026e,41.040130226691744,21.340138519731564,temperature,10
2026-01-26T18:01:20+01:00,40f081a6-4095-43f7-bffb-64e2af8c026e,41.040130226691744,21.340138519731564,gasResistance,13007335
2026-01-26T18:01:20+01:00,40f081a6-4095-43f7-bffb-64e2af8c026e,41.040130226691744,21.340138519731564,humidity,59
2026-01-26T18:01:20+01:00,40f081a6-4095-43f7-bffb-64e2af8c026e,41.040130226691744,21.340138519731564,noise,21
2026-01-26T18:01:20+01:00,40f081a6-4095-43f7-bffb-64e2af8c026e,41.040130226691744,21.340138519731564,noise_dba,34
2026-01-26T18:01:20+01:00,40f081a6-4095-43f7-bffb-64e2af8c026e,41.040130226691744,21.340138519731564,pm10,2
2026-01-26T18:01:20+01:00,40f081a6-4095-43f7-bffb-64e2af8c026e,41.040130226691744,21.340138519731564,pm25,0
2026-01-26T18:01:20+01:00,40f081a6-4095-43f7-bffb-64e2af8c026e,41.040130226691744,21.340138519731564,pressure,924
2026-01-26T18:01:20+01:00,40f081a6-4095-43f7-bffb-64e2af8c026e,41.040130226691744,21.340138519731564,temperature,10
2026-01-26T18:16:52+01:00,40f081a6-4095-43f7-bffb-64e2af8c026e,41.040130226691744,21.340138519731564,gasResistance,13007335
2026-01-26T18:16:52+01:00,40f081a6-4095-43f7-bffb-64e2af8c026e,41.040130226691744,21.340138519731564,humidity,58
2026-01-26T18:16:52+01:00,40f081a6-4095-43f7-bffb-64e2af8c026e,41.040130226691744,21.340138519731564,noise,16
2026-01-26T18:16:52+01:00,40f081a6-4095-43f7-bffb-64e2af8c026e,41.040130226691744,21.340138519731564,noise_dba,30
2026-01-26T18:16:52+01:00,40f081a6-4095-43f7-bffb-64e2af8c026e,41.040130226691744,21.340138519731564,pm10,0
2026-01-26T18:16:52+01:00,40f081a6-4095-43f7-bffb-64e2af8c026e,41.040130226691744,21.340138519731564,pm25,0
2026-01-26T18:16:52+01:00,40f081a6-4095-43f7-bffb-64e2af8c026e,41.040130226691744,21.340138519731564,pressure,924
2026-01-26T18:16:52+01:00,40f081a6-4095-43f7-bffb-64e2af8c026e,41.040130226691744,21.340138519731564,temperature,10
2026-01-26T18:32:24+01:00,40f081a6-4095-43f7-bffb-64e2af8c026e,41.040130226691744,21.340138519731564,gasResistance,13007335
2026-01-26T18:32:24+01:00,40f081a6-4095-43f7-bffb-64e2af8c026e,41.040130226691744,21.340138519731564,humidity,58
2026-01-26T18:32:24+01:00,40f081a6-4095-43f7-bffb-64e2af8c026e,41.040130226691744,21.340138519731564,noise,19
2026-01-26T18:32:24+01:00,40f081a6-4095-43f7-bffb-64e2af8c026e,41.040130226691744,21.340138519731564,noise_dba,33
2026-01-26T18:32:24+01:00,40f081a6-4095-43f7-bffb-64e2af8c026e,41.040130226691744,21.340138519731564,pm10,0
2026-01-26T18:32:24+01:00,40f081a6-4095-43f7-bffb-64e2af8c026e,41.040130226691744,21.340138519731564,pm25,0
2026-01-26T18:32:24+01:00,40f081a6-4095-43f7-bffb-64e2af8c026e,41.040130226691744,21.340138519731564,pressure,924
2026-01-26T18:32:24+01:00,40f081a6-4095-43f7-bffb-64e2af8c026e,41.040130226691744,21.340138519731564,temperature,10
2026-01-26T18:47:56+01:00,40f081a6-4095-43f7-bffb-64e2af8c026e,41.040130226691744,21.340138519731564,gasResistance,13007335
2026-01-26T18:47:56+01:00,40f081a6-4095-43f7-bffb-64e2af8c026e,41.040130226691744,21.340138519731564,humidity,58
2026-01-26T18:47:56+01:00,40f081a6-4095-43f7-bffb-64e2af8c026e,41.040130226691744,21.340138519731564,noise,19
2026-01-26T18:47:56+01:00,40f081a6-4095-43f7-bffb-64e2af8c026e,41.040130226691744,21.340138519731564,noise_dba,33
2026-01-26T18:47:56+01:00,40f081a6-4095-43f7-bffb-64e2af8c026e,41.040130226691744,21.340138519731564,pm10,1
2026-01-26T18:47:56+01:00,40f081a6-4095-43f7-bffb-64e2af8c026e,41.040130226691744,21.340138519731564,pm25,0
2026-01-26T18:47:56+01:00,40f081a6-4095-43f7-bffb-64e2af8c026e,41.040130226691744,21.340138519731564,pressure,924
2026-01-26T18:47:56+01:00,40f081a6-4095-43f7-bffb-64e2af8c026e,41.040130226691744,21.340138519731564,temperature,10
2026-01-26T19:03:28+01:00,40f081a6-4095-43f7-bffb-64e2af8c026e,41.040130226691744,21.340138519731564,gasResistance,13007335
2026-01-26T19:03:28+01:00,40f081a6-4095-43f7-bffb-64e2af8c026e,41.040130226691744,21.340138519731564,humidity,58
2026-01-26T19:03:28+01:00,40f081a6-4095-43f7-bffb-64e2af8c026e,41.040130226691744,21.340138519731564,noise,20
2026-01-26T19:03:28+01:00,40f081a6-4095-43f7-bffb-64e2af8c026e,41.040130226691744,21.340138519731564,noise_dba,34
2026-01-26T19:03:28+01:00,40f081a6-4095-43f7-bffb-64e2af8c026e,41.040130226691744,21.340138519731564,pm10,0
2026-01-26T19:03:28+01:00,40f081a6-4095-43f7-bffb-64e2af8c026e,41.040130226691744,21.340138519731564,pm25,0
2026-01-26T19:03:28+01:00,40f081a6-4095-43f7-bffb-64e2af8c026e,41.040130226691744,21.340138519731564,pressure,924
2026-01-26T19:03:28+01:00,40f081a6-4095-43f7-bffb-64e2af8c026e,41.040130226691744,21.340138519731564,temperature,10
2026-01-26T19:19:00+01:00,40f081a6-4095-43f7-bffb-64e2af8c026e,41.040130226691744,21.340138519731564,gasResistance,13007335
2026-01-26T19:19:00+01:00,40f081a6-4095-43f7-bffb-64e2af8c026e,41.040130226691744,21.340138519731564,humidity,58
2026-01-26T19:19:00+01:00,40f081a6-4095-43f7-bffb-64e2af8c026e,41.040130226691744,21.340138519731564,noise,14
2026-01-26T19:19:00+01:00,40f081a6-4095-43f7-bffb-64e2af8c026e,41.040130226691744,21.340138519731564,noise_dba,28
2026-01-26T19:19:00+01:00,40f081a6-4095-43f7-bffb-64e2af8c026e,41.040130226691744,21.340138519731564,pm10,1
2026-01-26T19:19:00+01:00,40f081a6-4095-43f7-bffb-64e2af8c026e,41.040130226691744,21.340138519731564,pm25,1
2026-01-26T19:19:00+01:00,40f081a6-4095-43f7-bffb-64e2af8c026e,41.040130226691744,21.340138519731564,pressure,924
2026-01-26T19:19:00+01:00,40f081a6-4095-43f7-bffb-64e2af8c026e,41.040130226691744,21.340138519731564,temperature,10
2026-01-26T19:34:32+01:00,40f081a6-4095-43f7-bffb-64e2af8c026e,41.040130226691744,21.340138519731564,gasResistance,13007335
2026-01-26T19:34:32+01:00,40f081a6-4095-43f7-bffb-64e2af8c026e,41.040130226691744,21.340138519731564,humidity,59
2026-01-26T19:34:32+01:00,40f081a6-4095-43f7-bffb-64e2af8c026e,41.040130226691744,21.340138519731564,noise,19
2026-01-26T19:34:32+01:00,40f081a6-4095-43f7-bffb-64e2af8c026e,41.040130226691744,21.340138519731564,noise_dba,33
2026-01-26T19:34:32+01:00,40f081a6-4095-43f7-bffb-64e2af8c026e,41.040130226691744,21.340138519731564,pm10,2
2026-01-26T19:34:32+01:00,40f081a6-4095-43f7-bffb-64e2af8c026e,41.040130226691744,21.340138519731564,pm25,1
2026-01-26T19:34:32+01:00,40f081a6-4095-43f7-bffb-64e2af8c026e,41.040130226691744,21.340138519731564,pressure,924
2026-01-26T19:34:32+01:00,40f081a6-4095-43f7-bffb-64e2af8c026e,41.040130226691744,21.340138519731564,temperature,10
2026-01-26T19:50:04+01:00,40f081a6-4095-43f7-bffb-64e2af8c026e,41.040130226691744,21.340138519731564,gasResistance,13007335
2026-01-26T19:50:04+01:00,40f081a6-4095-43f7-bffb-64e2af8c026e,41.040130226691744,21.340138519731564,humidity,59
2026-01-26T19:50:04+01:00,40f081a6-4095-43f7-bffb-64e2af8c026e,41.040130226691744,21.340138519731564,noise,14
2026-01-26T19:50:04+01:00,40f081a6-4095-43f7-bffb-64e2af8c026e,41.040130226691744,21.340138519731564,noise_dba,28
2026-01-26T19:50:04+01:00,40f081a6-4095-43f7-bffb-64e2af8c026e,41.040130226691744,21.340138519731564,pm10,0
2026-01-26T19:50:04+01:00,40f081a6-4095-43f7-bffb-64e2af8c026e,41.040130226691744,21.340138519731564,pm25,0
2026-01-26T19:50:04+01:00,40f081a6-4095-43f7-bffb-64e2af8c026e,41.040130226691744,21.340138519731564,pressure,924
2026-01-26T19:50:04+01:00,40f081a6-4095-43f7-bffb-64e2af8c026e,41.040130226691744,21.340138519731564,temperature,10
2026-01-26T20:05:36+01:00,40f081a6-4095-43f7-bffb-64e2af8c026e,41.040130226691744,21.340138519731564,gasResistance,13007335
2026-01-26T20:05:36+01:00,40f081a6-4095-43f7-bffb-64e2af8c026e,41.040130226691744,21.340138519731564,humidity,60
2026-01-26T20:05:36+01:00,40f081a6-4095-43f7-bffb-64e2af8c026e,41.040130226691744,21.340138519731564,noise,17
2026-01-26T20:05:36+01:00,40f081a6-4095-43f7-bffb-64e2af8c026e,41.040130226691744,21.340138519731564,noise_dba,31
2026-01-26T20:05:36+01:00,40f081a6-4095-43f7-bffb-64e2af8c026e,41.040130226691744,21.340138519731564,pm10,2
2026-01-26T20:05:36+01:00,40f081a6-4095-43f7-bffb-64e2af8c026e,41.040130226691744,21.340138519731564,pm25,1
2026-01-26T20:05:36+01:00,40f081a6-4095-43f7-bffb-64e2af8c026e,41.040130226691744,21.340138519731564,pressure,924
2026-01-26T20:05:36+01:00,40f081a6-4095-43f7-bffb-64e2af8c026e,41.040130226691744,21.340138519731564,temperature,10
2026-01-26T20:21:08+01:00,40f081a6-4095-43f7-bffb-64e2af8c026e,41.040130226691744,21.340138519731564,gasResistance,13007335
2026-01-26T20:21:08+01:00,40f081a6-4095-43f7-bffb-64e2af8c026e,41.040130226691744,21.340138519731564,humidity,60
2026-01-26T20:21:08+01:00,40f081a6-4095-43f7-bffb-64e2af8c026e,41.040130226691744,21.340138519731564,noise,17
2026-01-26T20:21:08+01:00,40f081a6-4095-43f7-bffb-64e2af8c026e,41.040130226691744,21.340138519731564,noise_dba,31
2026-01-26T20:21:08+01:00,40f081a6-4095-43f7-bffb-64e2af8c026e,41.040130226691744,21.340138519731564,pm10,1
2026-01-26T20:21:08+01:00,40f081a6-4095-43f7-bffb-64e2af8c026e,41.040130226691744,21.340138519731564,pm25,1
2026-01-26T20:21:08+01:00,40f081a6-4095-43f7-bffb-64e2af8c026e,41.040130226691744,21.340138519731564,pressure,924
2026-01-26T20:21:08+01:00,40f081a6-4095-43f7-bffb-64e2af8c026e,41.040130226691744,21.340138519731564,temperature,9
2026-01-26T20:36:40+01:00,40f081a6-4095-43f7-bffb-64e2af8c026e,41.040130226691744,21.340138519731564,gasResistance,13007335
2026-01-26T20:36:40+01:00,40f081a6-4095-43f7-bffb-64e2af8c026e,41.040130226691744,21.340138519731564,humidity,61
2026-01-26T20:36:40+01:00,40f081a6-4095-43f7-bffb-64e2af8c026e,41.040130226691744,21.340138519731564,noise,27
2026-01-26T20:36:40+01:00,40f081a6-4095-43f7-bffb-64e2af8c026e,41.040130226691744,21.340138519731564,noise_dba,38
2026-01-26T20:36:40+01:00,40f081a6-4095-43f7-bffb-64e2af8c026e,41.040130226691744,21.340138519731564,pm10,0
2026-01-26T20:36:40+01:00,40f081a6-4095-43f7-bffb-64e2af8c026e,41.040130226691744,21.340138519731564,pm25,0
2026-01-26T20:36:40+01:00,40f081a6-4095-43f7-bffb-64e2af8c026e,41.040130226691744,21.340138519731564,pressure,924
2026-01-26T20:36:40+01:00,40f081a6-4095-43f7-bffb-64e2af8c026e,41.040130226691744,21.340138519731564,temperature,9
2026-01-26T20:52:12+01:00,40f081a6-4095-43f7-bffb-64e2af8c026e,41.040130226691744,21.340138519731564,gasResistance,13007335
2026-01-26T20:52:12+01:00,40f081a6-4095-43f7-bffb-64e2af8c026e,41.040130226691744,21.340138519731564,humidity,61
2026-01-26T20:52:12+01:00,40f081a6-4095-43f7-bffb-64e2af8c026e,41.040130226691744,21.340138519731564,noise,17
2026-01-26T20:52:12+01:00,40f081a6-4095-43f7-bffb-64e2af8c026e,41.040130226691744,21.340138519731564,noise_dba,31
2026-01-26T20:52:12+01:00,40f081a6-4095-43f7-bffb-64e2af8c026e,41.040130226691744,21.340138519731564,pm10,0
2026-01-26T20:52:12+01:00,40f081a6-4095-43f7-bffb-64e2af8c026e,41.040130226691744,21.340138519731564,pm25,0
2026-01-26T20:52:12+01:00,40f081a6-4095-43f7-bffb-64e2af8c026e,41.040130226691744,21.340138519731564,pressure,924
2026-01-26T20:52:12+01:00,40f081a6-4095-43f7-bffb-64e2af8c026e,41.040130226691744,21.340138519731564,temperature,9
2026-01-26T21:07:45+01:00,40f081a6-4095-43f7-bffb-64e2af8c026e,41.040130226691744,21.340138519731564,gasResistance,13007335
2026-01-26T21:07:45+01:00,40f081a6-4095-43f7-bffb-64e2af8c026e,41.040130226691744,21.340138519731564,humidity,61
2026-01-26T21:07:45+01:00,40f081a6-4095-43f7-bffb-64e2af8c026e,41.040130226691744,21.340138519731564,noise,24
2026-01-26T21:07:45+01:00,40f081a6-4095-43f7-bffb-64e2af8c026e,41.040130226691744,21.340138519731564,noise_dba,36
2026-01-26T21:07:45+01:00,40f081a6-4095-43f7-bffb-64e2af8c026e,41.040130226691744,21.340138519731564,pm10,0
2026-01-26T21:07:45+01:00,40f081a6-4095-43f7-bffb-64e2af8c026e,41.040130226691744,21.340138519731564,pm25,0
2026-01-26T21:07:45+01:00,40f081a6-4095-43f7-bffb-64e2af8c026e,41.040130226691744,21.340138519731564,pressure,925
2026-01-26T21:07:45+01:00,40f081a6-4095-43f7-bffb-64e2af8c026e,41.040130226691744,21.340138519731564,temperature,9
2026-01-26T21:23:17+01:00,40f081a6-4095-43f7-bffb-64e2af8c026e,41.040130226691744,21.340138519731564,gasResistance,13007335
2026-01-26T21:23:17+01:00,40f081a6-4095-43f7-bffb-64e2af8c026e,41.040130226691744,21.340138519731564,humidity,61
2026-01-26T21:23:17+01:00,40f081a6-4095-43f7-bffb-64e2af8c026e,41.040130226691744,21.340138519731564,noise,23
2026-01-26T21:23:17+01:00,40f081a6-4095-43f7-bffb-64e2af8c026e,41.040130226691744,21.340138519731564,noise_dba,36
2026-01-26T21:23:17+01:00,40f081a6-4095-43f7-bffb-64e2af8c026e,41.040130226691744,21.340138519731564,pm10,0
2026-01-26T21:23:17+01:00,40f081a6-4095-43f7-bffb-64e2af8c026e,41.040130226691744,21.340138519731564,pm25,0
2026-01-26T21:23:17+01:00,40f081a6-4095-43f7-bffb-64e2af8c026e,41.040130226691744,21.340138519731564,pressure,925
2026-01-26T21:23:17+01:00,40f081a6-4095-43f7-bffb-64e2af8c026e,41.040130226691744,21.340138519731564,temperature,9
2026-01-26T21:38:48+01:00,40f081a6-4095-43f7-bffb-64e2af8c026e,41.040130226691744,21.340138519731564,gasResistance,13007335
2026-01-26T21:38:48+01:00,40f081a6-4095-43f7-bffb-64e2af8c026e,41.040130226691744,21.340138519731564,humidity,61
2026-01-26T21:38:48+01:00,40f081a6-4095-43f7-bffb-64e2af8c026e,41.040130226691744,21.340138519731564,noise,16
2026-01-26T21:38:48+01:00,40f081a6-4095-43f7-bffb-64e2af8c026e,41.040130226691744,21.340138519731564,noise_dba,30
2026-01-26T21:38:48+01:00,40f081a6-4095-43f7-bffb-64e2af8c026e,41.040130226691744,21.340138519731564,pm10,2
2026-01-26T21:38:48+01:00,40f081a6-4095-43f7-bffb-64e2af8c026e,41.040130226691744,21.340138519731564,pm25,2
2026-01-26T21:38:48+01:00,40f081a6-4095-43f7-bffb-64e2af8c026e,41.040130226691744,21.340138519731564,pressure,925
2026-01-26T21:38:48+01:00,40f081a6-4095-43f7-bffb-64e2af8c026e,41.040130226691744,21.340138519731564,temperature,9
2026-01-26T21:54:20+01:00,40f081a6-4095-43f7-bffb-64e2af8c026e,41.040130226691744,21.340138519731564,gasResistance,13007335
2026-01-26T21:54:20+01:00,40f081a6-4095-43f7-bffb-64e2af8c026e,41.040130226691744,21.340138519731564,humidity,61
2026-01-26T21:54:20+01:00,40f081a6-4095-43f7-bffb-64e2af8c026e,41.040130226691744,21.340138519731564,noise,28
2026-01-26T21:54:20+01:00,40f081a6-4095-43f7-bffb-64e2af8c026e,41.040130226691744,21.340138519731564,noise_dba,39
2026-01-26T21:54:20+01:00,40f081a6-4095-43f7-bffb-64e2af8c026e,41.040130226691744,21.340138519731564,pm10,1
2026-01-26T21:54:20+01:00,40f081a6-4095-43f7-bffb-64e2af8c026e,41.040130226691744,21.340138519731564,pm25,1
2026-01-26T21:54:20+01:00,40f081a6-4095-43f7-bffb-64e2af8c026e,41.040130226691744,21.340138519731564,pressure,925
2026-01-26T21:54:20+01:00,40f081a6-4095-43f7-bffb-64e2af8c026e,41.040130226691744,21.340138519731564,temperature,9
2026-01-26T22:09:53+01:00,40f081a6-4095-43f7-bffb-64e2af8c026e,41.040130226691744,21.340138519731564,gasResistance,13007335
2026-01-26T22:09:53+01:00,40f081a6-4095-43f7-bffb-64e2af8c026e,41.040130226691744,21.340138519731564,humidity,61
2026-01-26T22:09:53+01:00,40f081a6-4095-43f7-bffb-64e2af8c026e,41.040130226691744,21.340138519731564,noise,20
2026-01-26T22:09:53+01:00,40f081a6-4095-43f7-bffb-64e2af8c026e,41.040130226691744,21.340138519731564,noise_dba,34
2026-01-26T22:09:53+01:00,40f081a6-4095-43f7-bffb-64e2af8c026e,41.040130226691744,21.340138519731564,pm10,4
2026-01-26T22:09:53+01:00,40f081a6-4095-43f7-bffb-64e2af8c026e,41.040130226691744,21.340138519731564,pm25,3
2026-01-26T22:09:53+01:00,40f081a6-4095-43f7-bffb-64e2af8c026e,41.040130226691744,21.340138519731564,pressure,925
2026-01-26T22:09:53+01:00,40f081a6-4095-43f7-bffb-64e2af8c026e,41.040130226691744,21.340138519731564,temperature,9
2026-01-26T22:25:25+01:00,40f081a6-4095-43f7-bffb-64e2af8c026e,41.040130226691744,21.340138519731564,gasResistance,13007335
2026-01-26T22:25:25+01:00,40f081a6-4095-43f7-bffb-64e2af8c026e,41.040130226691744,21.340138519731564,humidity,62
2026-01-26T22:25:25+01:00,40f081a6-4095-43f7-bffb-64e2af8c026e,41.040130226691744,21.340138519731564,noise,30
2026-01-26T22:25:25+01:00,40f081a6-4095-43f7-bffb-64e2af8c026e,41.040130226691744,21.340138519731564,noise_dba,40
2026-01-26T22:25:25+01:00,40f081a6-4095-43f7-bffb-64e2af8c026e,41.040130226691744,21.340138519731564,pm10,1
2026-01-26T22:25:25+01:00,40f081a6-4095-43f7-bffb-64e2af8c026e,41.040130226691744,21.340138519731564,pm25,1
2026-01-26T22:25:25+01:00,40f081a6-4095-43f7-bffb-64e2af8c026e,41.040130226691744,21.340138519731564,pressure,925
2026-01-26T22:25:25+01:00,40f081a6-4095-43f7-bffb-64e2af8c026e,41.040130226691744,21.340138519731564,temperature,9
2026-01-26T22:40:57+01:00,40f081a6-4095-43f7-bffb-64e2af8c026e,41.040130226691744,21.340138519731564,gasResistance,13007335
2026-01-26T22:40:57+01:00,40f081a6-4095-43f7-bffb-64e2af8c026e,41.040130226691744,21.340138519731564,humidity,62
2026-01-26T22:40:57+01:00,40f081a6-4095-43f7-bffb-64e2af8c026e,41.040130226691744,21.340138519731564,noise,26
2026-01-26T22:40:57+01:00,40f081a6-4095-43f7-bffb-64e2af8c026e,41.040130226691744,21.340138519731564,noise_dba,38
2026-01-26T22:40:57+01:00,40f081a6-4095-43f7-bffb-64e2af8c026e,41.040130226691744,21.340138519731564,pm10,1
2026-01-26T22:40:57+01:00,40f081a6-4095-43f7-bffb-64e2af8c026e,41.040130226691744,21.340138519731564,pm25,1
2026-01-26T22:40:57+01:00,40f081a6-4095-43f7-bffb-64e2af8c026e,41.040130226691744,21.340138519731564,pressure,925
2026-01-26T22:40:57+01:00,40f081a6-4095-43f7-bffb-64e2af8c026e,41.040130226691744,21.340138519731564,temperature,8
2026-01-26T22:56:30+01:00,40f081a6-4095-43f7-bffb-64e2af8c026e,41.040130226691744,21.340138519731564,gasResistance,13007335
2026-01-26T22:56:30+01:00,40f081a6-4095-43f7-bffb-64e2af8c026e,41.040130226691744,21.340138519731564,humidity,62
2026-01-26T22:56:30+01:00,40f081a6-4095-43f7-bffb-64e2af8c026e,41.040130226691744,21.340138519731564,noise,33
2026-01-26T22:56:30+01:00,40f081a6-4095-43f7-bffb-64e2af8c026e,41.040130226691744,21.340138519731564,noise_dba,42
2026-01-26T22:56:30+01:00,40f081a6-4095-43f7-bffb-64e2af8c026e,41.040130226691744,21.340138519731564,pm10,1
2026-01-26T22:56:30+01:00,40f081a6-4095-43f7-bffb-64e2af8c026e,41.040130226691744,21.340138519731564,pm25,1
2026-01-26T22:56:30+01:00,40f081a6-4095-43f7-bffb-64e2af8c026e,41.040130226691744,21.340138519731564,pressure,925
2026-01-26T22:56:30+01:00,40f081a6-4095-43f7-bffb-64e2af8c026e,41.040130226691744,21.340138519731564,temperature,8
2026-01-26T23:12:02+01:00,40f081a6-4095-43f7-bffb-64e2af8c026e,41.040130226691744,21.340138519731564,gasResistance,13007335
2026-01-26T23:12:02+01:00,40f081a6-4095-43f7-bffb-64e2af8c026e,41.040130226691744,21.340138519731564,humidity,61
2026-01-26T23:12:02+01:00,40f081a6-4095-43f7-bffb-64e2af8c026e,41.040130226691744,21.340138519731564,noise,31
2026-01-26T23:12:02+01:00,40f081a6-4095-43f7-bffb-64e2af8c026e,41.040130226691744,21.340138519731564,noise_dba,41
2026-01-26T23:12:02+01:00,40f081a6-4095-43f7-bffb-64e2af8c026e,41.040130226691744,21.340138519731564,pm10,1
2026-01-26T23:12:02+01:00,40f081a6-4095-43f7-bffb-64e2af8c026e,41.040130226691744,21.340138519731564,pm25,0
2026-01-26T23:12:02+01:00,40f081a6-4095-43f7-bffb-64e2af8c026e,41.040130226691744,21.340138519731564,pressure,925
2026-01-26T23:12:02+01:00,40f081a6-4095-43f7-bffb-64e2af8c026e,41.040130226691744,21.340138519731564,temperature,9
2026-01-26T23:27:34+01:00,40f081a6-4095-43f7-bffb-64e2af8c026e,41.040130226691744,21.340138519731564,gasResistance,13007335
2026-01-26T23:27:34+01:00,40f081a6-4095-43f7-bffb-64e2af8c026e,41.040130226691744,21.340138519731564,humidity,62
2026-01-26T23:27:34+01:00,40f081a6-4095-43f7-bffb-64e2af8c026e,41.040130226691744,21.340138519731564,noise,21
2026-01-26T23:27:34+01:00,40f081a6-4095-43f7-bffb-64e2af8c026e,41.040130226691744,21.340138519731564,noise_dba,34
2026-01-26T23:27:34+01:00,40f081a6-4095-43f7-bffb-64e2af8c026e,41.040130226691744,21.340138519731564,pm10,0
2026-01-26T23:27:34+01:00,40f081a6-4095-43f7-bffb-64e2af8c026e,41.040130226691744,21.340138519731564,pm25,0
2026-01-26T23:27:34+01:00,40f081a6-4095-43f7-bffb-64e2af8c026e,41.040130226691744,21.340138519731564,pressure,925
2026-01-26T23:27:34+01:00,40f081a6-4095-43f7-bffb-64e2af8c026e,41.040130226691744,21.340138519731564,temperature,9
2026-01-26T23:43:06+01:00,40f081a6-4095-43f7-bffb-64e2af8c026e,41.040130226691744,21.340138519731564,gasResistance,13007335
2026-01-26T23:43:06+01:00,40f081a6-4095-43f7-bffb-64e2af8c026e,41.040130226691744,21.340138519731564,humidity,62
2026-01-26T23:43:06+01:00,40f081a6-4095-43f7-bffb-64e2af8c026e,41.040130226691744,21.340138519731564,noise,24
2026-01-26T23:43:06+01:00,40f081a6-4095-43f7-bffb-64e2af8c026e,41.040130226691744,21.340138519731564,noise_dba,36
2026-01-26T23:43:06+01:00,40f081a6-4095-43f7-bffb-64e2af8c026e,41.040130226691744,21.340138519731564,pm10,8
2026-01-26T23:43:06+01:00,40f081a6-4095-43f7-bffb-64e2af8c026e,41.040130226691744,21.340138519731564,pm25,4
2026-01-26T23:43:06+01:00,40f081a6-4095-43f7-bffb-64e2af8c026e,41.040130226691744,21.340138519731564,pressure,926
2026-01-26T23:43:06+01:00,40f081a6-4095-43f7-bffb-64e2af8c026e,41.040130226691744,21.340138519731564,temperature,8
2026-01-26T23:58:38+01:00,40f081a6-4095-43f7-bffb-64e2af8c026e,41.040130226691744,21.340138519731564,gasResistance,13007335
2026-01-26T23:58:38+01:00,40f081a6-4095-43f7-bffb-64e2af8c026e,41.040130226691744,21.340138519731564,humidity,63
2026-01-26T23:58:38+01:00,40f081a6-4095-43f7-bffb-64e2af8c026e,41.040130226691744,21.340138519731564,noise,16
2026-01-26T23:58:38+01:00,40f081a6-4095-43f7-bffb-64e2af8c026e,41.040130226691744,21.340138519731564,noise_dba,30
2026-01-26T23:58:38+01:00,40f081a6-4095-43f7-bffb-64e2af8c026e,41.040130226691744,21.340138519731564,pm10,3
2026-01-26T23:58:38+01:00,40f081a6-4095-43f7-bffb-64e2af8c026e,41.040130226691744,21.340138519731564,pm25,2
2026-01-26T23:58:38+01:00,40f081a6-4095-43f7-bffb-64e2af8c026e,41.040130226691744,21.340138519731564,pressure,926
2026-01-26T23:58:38+01:00,40f081a6-4095-43f7-bffb-64e2af8c026e,41.040130226691744,21.340138519731564,temperature,8
2026-01-27T00:14:13+01:00,40f081a6-4095-43f7-bffb-64e2af8c026e,41.040130226691744,21.340138519731564,gasResistance,13007335
2026-01-27T00:14:13+01:00,40f081a6-4095-43f7-bffb-64e2af8c026e,41.040130226691744,21.340138519731564,humidity,64
2026-01-27T00:14:13+01:00,40f081a6-4095-43f7-bffb-64e2af8c026e,41.040130226691744,21.340138519731564,noise,15
2026-01-27T00:14:13+01:00,40f081a6-4095-43f7-bffb-64e2af8c026e,41.040130226691744,21.340138519731564,noise_dba,29
2026-01-27T00:14:13+01:00,40f081a6-4095-43f7-bffb-64e2af8c026e,41.040130226691744,21.340138519731564,pm10,6
2026-01-27T00:14:13+01:00,40f081a6-4095-43f7-bffb-64e2af8c026e,41.040130226691744,21.340138519731564,pm25,4
2026-01-27T00:14:13+01:00,40f081a6-4095-43f7-bffb-64e2af8c026e,41.040130226691744,21.340138519731564,pressure,926
2026-01-27T00:14:13+01:00,40f081a6-4095-43f7-bffb-64e2af8c026e,41.040130226691744,21.340138519731564,temperature,8
2026-01-27T00:29:45+01:00,40f081a6-4095-43f7-bffb-64e2af8c026e,41.040130226691744,21.340138519731564,gasResistance,13007335
2026-01-27T00:29:45+01:00,40f081a6-4095-43f7-bffb-64e2af8c026e,41.040130226691744,21.340138519731564,humidity,64
2026-01-27T00:29:45+01:00,40f081a6-4095-43f7-bffb-64e2af8c026e,41.040130226691744,21.340138519731564,noise,16
2026-01-27T00:29:45+01:00,40f081a6-4095-43f7-bffb-64e2af8c026e,41.040130226691744,21.340138519731564,noise_dba,30
2026-01-27T00:29:45+01:00,40f081a6-4095-43f7-bffb-64e2af8c026e,41.040130226691744,21.340138519731564,pm10,0
2026-01-27T00:29:45+01:00,40f081a6-4095-43f7-bffb-64e2af8c026e,41.040130226691744,21.340138519731564,pm25,0
2026-01-27T00:29:45+01:00,40f081a6-4095-43f7-bffb-64e2af8c026e,41.040130226691744,21.340138519731564,pressure,926
2026-01-27T00:29:45+01:00,40f081a6-4095-43f7-bffb-64e2af8c026e,41.040130226691744,21.340138519731564,temperature,8
2026-01-27T00:45:17+01:00,40f081a6-4095-43f7-bffb-64e2af8c026e,41.040130226691744,21.340138519731564,gasResistance,13007335
2026-01-27T00:45:17+01:00,40f081a6-4095-43f7-bffb-64e2af8c026e,41.040130226691744,21.340138519731564,humidity,63
2026-01-27T00:45:17+01:00,40f081a6-4095-43f7-bffb-64e2af8c026e,41.040130226691744,21.340138519731564,noise,17
2026-01-27T00:45:17+01:00,40f081a6-4095-43f7-bffb-64e2af8c026e,41.040130226691744,21.340138519731564,noise_dba,31
2026-01-27T00:45:17+01:00,40f081a6-4095-43f7-bffb-64e2af8c026e,41.040130226691744,21.340138519731564,pm10,0
2026-01-27T00:45:17+01:00,40f081a6-4095-43f7-bffb-64e2af8c026e,41.040130226691744,21.340138519731564,pm25,0
2026-01-27T00:45:17+01:00,40f081a6-4095-43f7-bffb-64e2af8c026e,41.040130226691744,21.340138519731564,pressure,926
2026-01-27T00:45:17+01:00,40f081a6-4095-43f7-bffb-64e2af8c026e,41.040130226691744,21.340138519731564,temperature,8
2026-01-27T01:00:49+01:00,40f081a6-4095-43f7-bffb-64e2af8c026e,41.040130226691744,21.340138519731564,gasResistance,13007335
2026-01-27T01:00:49+01:00,40f081a6-4095-43f7-bffb-64e2af8c026e,41.040130226691744,21.340138519731564,humidity,62
2026-01-27T01:00:49+01:00,40f081a6-4095-43f7-bffb-64e2af8c026e,41.040130226691744,21.340138519731564,noise,18
2026-01-27T01:00:49+01:00,40f081a6-4095-43f7-bffb-64e2af8c026e,41.040130226691744,21.340138519731564,noise_dba,32
2026-01-27T01:00:49+01:00,40f081a6-4095-43f7-bffb-64e2af8c026e,41.040130226691744,21.340138519731564,pm10,0
2026-01-27T01:00:49+01:00,40f081a6-4095-43f7-bffb-64e2af8c026e,41.040130226691744,21.340138519731564,pm25,0
2026-01-27T01:00:49+01:00,40f081a6-4095-43f7-bffb-64e2af8c026e,41.040130226691744,21.340138519731564,pressure,926
2026-01-27T01:00:49+01:00,40f081a6-4095-43f7-bffb-64e2af8c026e,41.040130226691744,21.340138519731564,temperature,8
2026-01-27T01:16:21+01:00,40f081a6-4095-43f7-bffb-64e2af8c026e,41.040130226691744,21.340138519731564,gasResistance,13007335
2026-01-27T01:16:21+01:00,40f081a6-4095-43f7-bffb-64e2af8c026e,41.040130226691744,21.340138519731564,humidity,62
2026-01-27T01:16:21+01:00,40f081a6-4095-43f7-bffb-64e2af8c026e,41.040130226691744,21.340138519731564,noise,16
2026-01-27T01:16:21+01:00,40f081a6-4095-43f7-bffb-64e2af8c026e,41.040130226691744,21.340138519731564,noise_dba,30
2026-01-27T01:16:21+01:00,40f081a6-4095-43f7-bffb-64e2af8c026e,41.040130226691744,21.340138519731564,pm10,0
2026-01-27T01:16:21+01:00,40f081a6-4095-43f7-bffb-64e2af8c026e,41.040130226691744,21.340138519731564,pm25,0
2026-01-27T01:16:21+01:00,40f081a6-4095-43f7-bffb-64e2af8c026e,41.040130226691744,21.340138519731564,pressure,926
2026-01-27T01:16:21+01:00,40f081a6-4095-43f7-bffb-64e2af8c026e,41.040130226691744,21.340138519731564,temperature,8
2026-01-27T01:31:53+01:00,40f081a6-4095-43f7-bffb-64e2af8c026e,41.040130226691744,21.340138519731564,gasResistance,13007335
2026-01-27T01:31:53+01:00,40f081a6-4095-43f7-bffb-64e2af8c026e,41.040130226691744,21.340138519731564,humidity,63
2026-01-27T01:31:53+01:00,40f081a6-4095-43f7-bffb-64e2af8c026e,41.040130226691744,21.340138519731564,noise,32
2026-01-27T01:31:53+01:00,40f081a6-4095-43f7-bffb-64e2af8c026e,41.040130226691744,21.340138519731564,noise_dba,41
2026-01-27T01:31:53+01:00,40f081a6-4095-43f7-bffb-64e2af8c026e,41.040130226691744,21.340138519731564,pm10,0
2026-01-27T01:31:53+01:00,40f081a6-4095-43f7-bffb-64e2af8c026e,41.040130226691744,21.340138519731564,pm25,0
2026-01-27T01:31:53+01:00,40f081a6-4095-43f7-bffb-64e2af8c026e,41.040130226691744,21.340138519731564,pressure,926
2026-01-27T01:31:53+01:00,40f081a6-4095-43f7-bffb-64e2af8c026e,41.040130226691744,21.340138519731564,temperature,8
2026-01-27T01:47:25+01:00,40f081a6-4095-43f7-bffb-64e2af8c026e,41.040130226691744,21.340138519731564,gasResistance,13007335
2026-01-27T01:47:25+01:00,40f081a6-4095-43f7-bffb-64e2af8c026e,41.040130226691744,21.340138519731564,humidity,63
2026-01-27T01:47:25+01:00,40f081a6-4095-43f7-bffb-64e2af8c026e,41.040130226691744,21.340138519731564,noise,26
2026-01-27T01:47:25+01:00,40f081a6-4095-43f7-bffb-64e2af8c026e,41.040130226691744,21.340138519731564,noise_dba,38
2026-01-27T01:47:25+01:00,40f081a6-4095-43f7-bffb-64e2af8c026e,41.040130226691744,21.340138519731564,pm10,0
2026-01-27T01:47:25+01:00,40f081a6-4095-43f7-bffb-64e2af8c026e,41.040130226691744,21.340138519731564,pm25,0
2026-01-27T01:47:25+01:00,40f081a6-4095-43f7-bffb-64e2af8c026e,41.040130226691744,21.340138519731564,pressure,926
2026-01-27T01:47:25+01:00,40f081a6-4095-43f7-bffb-64e2af8c026e,41.040130226691744,21.340138519731564,temperature,8
2026-01-27T02:02:57+01:00,40f081a6-4095-43f7-bffb-64e2af8c026e,41.040130226691744,21.340138519731564,gasResistance,13007335
2026-01-27T02:02:57+01:00,40f081a6-4095-43f7-bffb-64e2af8c026e,41.040130226691744,21.340138519731564,humidity,63
2026-01-27T02:02:57+01:00,40f081a6-4095-43f7-bffb-64e2af8c026e,41.040130226691744,21.340138519731564,noise,21
2026-01-27T02:02:57+01:00,40f081a6-4095-43f7-bffb-64e2af8c026e,41.040130226691744,21.340138519731564,noise_dba,34
2026-01-27T02:02:57+01:00,40f081a6-4095-43f7-bffb-64e2af8c026e,41.040130226691744,21.340138519731564,pm10,0
2026-01-27T02:02:57+01:00,40f081a6-4095-43f7-bffb-64e2af8c026e,41.040130226691744,21.340138519731564,pm25,0
2026-01-27T02:02:57+01:00,40f081a6-4095-43f7-bffb-64e2af8c026e,41.040130226691744,21.340138519731564,pressure,926
2026-01-27T02:02:57+01:00,40f081a6-4095-43f7-bffb-64e2af8c026e,41.040130226691744,21.340138519731564,temperature,7
2026-01-27T02:18:29+01:00,40f081a6-4095-43f7-bffb-64e2af8c026e,41.040130226691744,21.340138519731564,gasResistance,13007335
2026-01-27T02:18:29+01:00,40f081a6-4095-43f7-bffb-64e2af8c026e,41.040130226691744,21.340138519731564,humidity,63
2026-01-27T02:18:29+01:00,40f081a6-4095-43f7-bffb-64e2af8c026e,41.040130226691744,21.340138519731564,noise,16
2026-01-27T02:18:29+01:00,40f081a6-4095-43f7-bffb-64e2af8c026e,41.040130226691744,21.340138519731564,noise_dba,30
2026-01-27T02:18:29+01:00,40f081a6-4095-43f7-bffb-64e2af8c026e,41.040130226691744,21.340138519731564,pm10,0
2026-01-27T02:18:29+01:00,40f081a6-4095-43f7-bffb-64e2af8c026e,41.040130226691744,21.340138519731564,pm25,0
2026-01-27T02:18:29+01:00,40f081a6-4095-43f7-bffb-64e2af8c026e,41.040130226691744,21.340138519731564,pressure,926
2026-01-27T02:18:29+01:00,40f081a6-4095-43f7-bffb-64e2af8c026e,41.040130226691744,21.340138519731564,temperature,7
2026-01-27T02:34:01+01:00,40f081a6-4095-43f7-bffb-64e2af8c026e,41.040130226691744,21.340138519731564,gasResistance,13007335
2026-01-27T02:34:01+01:00,40f081a6-4095-43f7-bffb-64e2af8c026e,41.040130226691744,21.340138519731564,humidity,63
2026-01-27T02:34:01+01:00,40f081a6-4095-43f7-bffb-64e2af8c026e,41.040130226691744,21.340138519731564,noise,21
2026-01-27T02:34:01+01:00,40f081a6-4095-43f7-bffb-64e2af8c026e,41.040130226691744,21.340138519731564,noise_dba,34
2026-01-27T02:34:01+01:00,40f081a6-4095-43f7-bffb-64e2af8c026e,41.040130226691744,21.340138519731564,pm10,0
2026-01-27T02:34:01+01:00,40f081a6-4095-43f7-bffb-64e2af8c026e,41.040130226691744,21.340138519731564,pm25,0
2026-01-27T02:34:01+01:00,40f081a6-4095-43f7-bffb-64e2af8c026e,41.040130226691744,21.340138519731564,pressure,926
2026-01-27T02:34:01+01:00,40f081a6-4095-43f7-bffb-64e2af8c026e,41.040130226691744,21.340138519731564,temperature,7
2026-01-27T02:49:33+01:00,40f081a6-4095-43f7-bffb-64e2af8c026e,41.040130226691744,21.340138519731564,gasResistance,13007335
2026-01-27T02:49:33+01:00,40f081a6-4095-43f7-bffb-64e2af8c026e,41.040130226691744,21.340138519731564,humidity,63
2026-01-27T02:49:33+01:00,40f081a6-4095-43f7-bffb-64e2af8c026e,41.040130226691744,21.340138519731564,noise,31
2026-01-27T02:49:33+01:00,40f081a6-4095-43f7-bffb-64e2af8c026e,41.040130226691744,21.340138519731564,noise_dba,41
2026-01-27T02:49:33+01:00,40f081a6-4095-43f7-bffb-64e2af8c026e,41.040130226691744,21.340138519731564,pm10,0
2026-01-27T02:49:33+01:00,40f081a6-4095-43f7-bffb-64e2af8c026e,41.040130226691744,21.340138519731564,pm25,0
2026-01-27T02:49:33+01:00,40f081a6-4095-43f7-bffb-64e2af8c026e,41.040130226691744,21.340138519731564,pressure,927
2026-01-27T02:49:33+01:00,40f081a6-4095-43f7-bffb-64e2af8c026e,41.040130226691744,21.340138519731564,temperature,7
2026-01-27T03:05:05+01:00,40f081a6-4095-43f7-bffb-64e2af8c026e,41.040130226691744,21.340138519731564,gasResistance,13007335
2026-01-27T03:05:05+01:00,40f081a6-4095-43f7-bffb-64e2af8c026e,41.040130226691744,21.340138519731564,humidity,63
2026-01-27T03:05:05+01:00,40f081a6-4095-43f7-bffb-64e2af8c026e,41.040130226691744,21.340138519731564,noise,16
2026-01-27T03:05:05+01:00,40f081a6-4095-43f7-bffb-64e2af8c026e,41.040130226691744,21.340138519731564,noise_dba,30
2026-01-27T03:05:05+01:00,40f081a6-4095-43f7-bffb-64e2af8c026e,41.040130226691744,21.340138519731564,pm10,0
2026-01-27T03:05:05+01:00,40f081a6-4095-43f7-bffb-64e2af8c026e,41.040130226691744,21.340138519731564,pm25,0
2026-01-27T03:05:05+01:00,40f081a6-4095-43f7-bffb-64e2af8c026e,41.040130226691744,21.340138519731564,pressure,927
2026-01-27T03:05:05+01:00,40f081a6-4095-43f7-bffb-64e2af8c026e,41.040130226691744,21.340138519731564,temperature,7
2026-01-27T03:20:37+01:00,40f081a6-4095-43f7-bffb-64e2af8c026e,41.040130226691744,21.340138519731564,gasResistance,13007335
2026-01-27T03:20:37+01:00,40f081a6-4095-43f7-bffb-64e2af8c026e,41.040130226691744,21.340138519731564,humidity,63
2026-01-27T03:20:37+01:00,40f081a6-4095-43f7-bffb-64e2af8c026e,41.040130226691744,21.340138519731564,noise,19
2026-01-27T03:20:37+01:00,40f081a6-4095-43f7-bffb-64e2af8c026e,41.040130226691744,21.340138519731564,noise_dba,33
2026-01-27T03:20:37+01:00,40f081a6-4095-43f7-bffb-64e2af8c026e,41.040130226691744,21.340138519731564,pm10,0
2026-01-27T03:20:37+01:00,40f081a6-4095-43f7-bffb-64e2af8c026e,41.040130226691744,21.340138519731564,pm25,0
2026-01-27T03:20:37+01:00,40f081a6-4095-43f7-bffb-64e2af8c026e,41.040130226691744,21.340138519731564,pressure,927
2026-01-27T03:20:37+01:00,40f081a6-4095-43f7-bffb-64e2af8c026e,41.040130226691744,21.340138519731564,temperature,7
2026-01-27T03:36:09+01:00,40f081a6-4095-43f7-bffb-64e2af8c026e,41.040130226691744,21.340138519731564,gasResistance,13007335
2026-01-27T03:36:09+01:00,40f081a6-4095-43f7-bffb-64e2af8c026e,41.040130226691744,21.340138519731564,humidity,63
2026-01-27T03:36:09+01:00,40f081a6-4095-43f7-bffb-64e2af8c026e,41.040130226691744,21.340138519731564,noise,13
2026-01-27T03:36:09+01:00,40f081a6-4095-43f7-bffb-64e2af8c026e,41.040130226691744,21.340138519731564,noise_dba,27
2026-01-27T03:36:09+01:00,40f081a6-4095-43f7-bffb-64e2af8c026e,41.040130226691744,21.340138519731564,pm10,0
2026-01-27T03:36:09+01:00,40f081a6-4095-43f7-bffb-64e2af8c026e,41.040130226691744,21.340138519731564,pm25,0
2026-01-27T03:36:09+01:00,40f081a6-4095-43f7-bffb-64e2af8c026e,41.040130226691744,21.340138519731564,pressure,927
2026-01-27T03:36:09+01:00,40f081a6-4095-43f7-bffb-64e2af8c026e,41.040130226691744,21.340138519731564,temperature,7
2026-01-27T03:51:40+01:00,40f081a6-4095-43f7-bffb-64e2af8c026e,41.040130226691744,21.340138519731564,gasResistance,13007335
2026-01-27T03:51:40+01:00,40f081a6-4095-43f7-bffb-64e2af8c026e,41.040130226691744,21.340138519731564,humidity,63
2026-01-27T03:51:40+01:00,40f081a6-4095-43f7-bffb-64e2af8c026e,41.040130226691744,21.340138519731564,noise,15
2026-01-27T03:51:40+01:00,40f081a6-4095-43f7-bffb-64e2af8c026e,41.040130226691744,21.340138519731564,noise_dba,29
2026-01-27T03:51:40+01:00,40f081a6-4095-43f7-bffb-64e2af8c026e,41.040130226691744,21.340138519731564,pm10,0
2026-01-27T03:51:40+01:00,40f081a6-4095-43f7-bffb-64e2af8c026e,41.040130226691744,21.340138519731564,pm25,0
2026-01-27T03:51:40+01:00,40f081a6-4095-43f7-bffb-64e2af8c026e,41.040130226691744,21.340138519731564,pressure,927
2026-01-27T03:51:40+01:00,40f081a6-4095-43f7-bffb-64e2af8c026e,41.040130226691744,21.340138519731564,temperature,7
2026-01-27T04:07:13+01:00,40f081a6-4095-43f7-bffb-64e2af8c026e,41.040130226691744,21.340138519731564,gasResistance,13007335
2026-01-27T04:07:13+01:00,40f081a6-4095-43f7-bffb-64e2af8c026e,41.040130226691744,21.340138519731564,humidity,63
2026-01-27T04:07:13+01:00,40f081a6-4095-43f7-bffb-64e2af8c026e,41.040130226691744,21.340138519731564,noise,29
2026-01-27T04:07:13+01:00,40f081a6-4095-43f7-bffb-64e2af8c026e,41.040130226691744,21.340138519731564,noise_dba,40
2026-01-27T04:07:13+01:00,40f081a6-4095-43f7-bffb-64e2af8c026e,41.040130226691744,21.340138519731564,pm10,0
2026-01-27T04:07:13+01:00,40f081a6-4095-43f7-bffb-64e2af8c026e,41.040130226691744,21.340138519731564,pm25,0
2026-01-27T04:07:13+01:00,40f081a6-4095-43f7-bffb-64e2af8c026e,41.040130226691744,21.340138519731564,pressure,927
2026-01-27T04:07:13+01:00,40f081a6-4095-43f7-bffb-64e2af8c026e,41.040130226691744,21.340138519731564,temperature,7
2026-01-27T04:22:45+01:00,40f081a6-4095-43f7-bffb-64e2af8c026e,41.040130226691744,21.340138519731564,gasResistance,13007335
2026-01-27T04:22:45+01:00,40f081a6-4095-43f7-bffb-64e2af8c026e,41.040130226691744,21.340138519731564,humidity,63
2026-01-27T04:22:45+01:00,40f081a6-4095-43f7-bffb-64e2af8c026e,41.040130226691744,21.340138519731564,noise,21
2026-01-27T04:22:45+01:00,40f081a6-4095-43f7-bffb-64e2af8c026e,41.040130226691744,21.340138519731564,noise_dba,34
2026-01-27T04:22:45+01:00,40f081a6-4095-43f7-bffb-64e2af8c026e,41.040130226691744,21.340138519731564,pm10,0
2026-01-27T04:22:45+01:00,40f081a6-4095-43f7-bffb-64e2af8c026e,41.040130226691744,21.340138519731564,pm25,0
2026-01-27T04:22:45+01:00,40f081a6-4095-43f7-bffb-64e2af8c026e,41.040130226691744,21.340138519731564,pressure,927
2026-01-27T04:22:45+01:00,40f081a6-4095-43f7-bffb-64e2af8c026e,41.040130226691744,21.340138519731564,temperature,7
2026-01-27T04:38:17+01:00,40f081a6-4095-43f7-bffb-64e2af8c026e,41.040130226691744,21.340138519731564,gasResistance,13007335
2026-01-27T04:38:17+01:00,40f081a6-4095-43f7-bffb-64e2af8c026e,41.040130226691744,21.340138519731564,humidity,63
2026-01-27T04:38:17+01:00,40f081a6-4095-43f7-bffb-64e2af8c026e,41.040130226691744,21.340138519731564,noise,19
2026-01-27T04:38:17+01:00,40f081a6-4095-43f7-bffb-64e2af8c026e,41.040130226691744,21.340138519731564,noise_dba,33
2026-01-27T04:38:17+01:00,40f081a6-4095-43f7-bffb-64e2af8c026e,41.040130226691744,21.340138519731564,pm10,0
2026-01-27T04:38:17+01:00,40f081a6-4095-43f7-bffb-64e2af8c026e,41.040130226691744,21.340138519731564,pm25,0
2026-01-27T04:38:17+01:00,40f081a6-4095-43f7-bffb-64e2af8c026e,41.040130226691744,21.340138519731564,pressure,927
2026-01-27T04:38:17+01:00,40f081a6-4095-43f7-bffb-64e2af8c026e,41.040130226691744,21.340138519731564,temperature,7
2026-01-27T04:53:49+01:00,40f081a6-4095-43f7-bffb-64e2af8c026e,41.040130226691744,21.340138519731564,gasResistance,13007335
2026-01-27T04:53:49+01:00,40f081a6-4095-43f7-bffb-64e2af8c026e,41.040130226691744,21.340138519731564,humidity,63
2026-01-27T04:53:49+01:00,40f081a6-4095-43f7-bffb-64e2af8c026e,41.040130226691744,21.340138519731564,noise,24
2026-01-27T04:53:49+01:00,40f081a6-4095-43f7-bffb-64e2af8c026e,41.040130226691744,21.340138519731564,noise_dba,36
2026-01-27T04:53:49+01:00,40f081a6-4095-43f7-bffb-64e2af8c026e,41.040130226691744,21.340138519731564,pm10,0
2026-01-27T04:53:49+01:00,40f081a6-4095-43f7-bffb-64e2af8c026e,41.040130226691744,21.340138519731564,pm25,0
2026-01-27T04:53:49+01:00,40f081a6-4095-43f7-bffb-64e2af8c026e,41.040130226691744,21.340138519731564,pressure,927
2026-01-27T04:53:49+01:00,40f081a6-4095-43f7-bffb-64e2af8c026e,41.040130226691744,21.340138519731564,temperature,7
2026-01-27T05:09:21+01:00,40f081a6-4095-43f7-bffb-64e2af8c026e,41.040130226691744,21.340138519731564,gasResistance,13007335
2026-01-27T05:09:21+01:00,40f081a6-4095-43f7-bffb-64e2af8c026e,41.040130226691744,21.340138519731564,humidity,63
2026-01-27T05:09:21+01:00,40f081a6-4095-43f7-bffb-64e2af8c026e,41.040130226691744,21.340138519731564,noise,15
2026-01-27T05:09:21+01:00,40f081a6-4095-43f7-bffb-64e2af8c026e,41.040130226691744,21.340138519731564,noise_dba,29
2026-01-27T05:09:21+01:00,40f081a6-4095-43f7-bffb-64e2af8c026e,41.040130226691744,21.340138519731564,pm10,0
2026-01-27T05:09:21+01:00,40f081a6-4095-43f7-bffb-64e2af8c026e,41.040130226691744,21.340138519731564,pm25,0
2026-01-27T05:09:21+01:00,40f081a6-4095-43f7-bffb-64e2af8c026e,41.040130226691744,21.340138519731564,pressure,927
2026-01-27T05:09:21+01:00,40f081a6-4095-43f7-bffb-64e2af8c026e,41.040130226691744,21.340138519731564,temperature,7
2026-01-27T05:24:52+01:00,40f081a6-4095-43f7-bffb-64e2af8c026e,41.040130226691744,21.340138519731564,gasResistance,13007335
2026-01-27T05:24:52+01:00,40f081a6-4095-43f7-bffb-64e2af8c026e,41.040130226691744,21.340138519731564,humidity,63
2026-01-27T05:24:52+01:00,40f081a6-4095-43f7-bffb-64e2af8c026e,41.040130226691744,21.340138519731564,noise,15
2026-01-27T05:24:52+01:00,40f081a6-4095-43f7-bffb-64e2af8c026e,41.040130226691744,21.340138519731564,noise_dba,29
2026-01-27T05:24:52+01:00,40f081a6-4095-43f7-bffb-64e2af8c026e,41.040130226691744,21.340138519731564,pm10,0
2026-01-27T05:24:52+01:00,40f081a6-4095-43f7-bffb-64e2af8c026e,41.040130226691744,21.340138519731564,pm25,0
2026-01-27T05:24:52+01:00,40f081a6-4095-43f7-bffb-64e2af8c026e,41.040130226691744,21.340138519731564,pressure,927
2026-01-27T05:24:52+01:00,40f081a6-4095-43f7-bffb-64e2af8c026e,41.040130226691744,21.340138519731564,temperature,7
2026-01-27T05:40:25+01:00,40f081a6-4095-43f7-bffb-64e2af8c026e,41.040130226691744,21.340138519731564,gasResistance,13007335
2026-01-27T05:40:25+01:00,40f081a6-4095-43f7-bffb-64e2af8c026e,41.040130226691744,21.340138519731564,humidity,64
2026-01-27T05:40:25+01:00,40f081a6-4095-43f7-bffb-64e2af8c026e,41.040130226691744,21.340138519731564,noise,27
2026-01-27T05:40:25+01:00,40f081a6-4095-43f7-bffb-64e2af8c026e,41.040130226691744,21.340138519731564,noise_dba,38
2026-01-27T05:40:25+01:00,40f081a6-4095-43f7-bffb-64e2af8c026e,41.040130226691744,21.340138519731564,pm10,3
2026-01-27T05:40:25+01:00,40f081a6-4095-43f7-bffb-64e2af8c026e,41.040130226691744,21.340138519731564,pm25,2
2026-01-27T05:40:25+01:00,40f081a6-4095-43f7-bffb-64e2af8c026e,41.040130226691744,21.340138519731564,pressure,927
2026-01-27T05:40:25+01:00,40f081a6-4095-43f7-bffb-64e2af8c026e,41.040130226691744,21.340138519731564,temperature,7
2026-01-27T05:55:56+01:00,40f081a6-4095-43f7-bffb-64e2af8c026e,41.040130226691744,21.340138519731564,gasResistance,13007335
2026-01-27T05:55:56+01:00,40f081a6-4095-43f7-bffb-64e2af8c026e,41.040130226691744,21.340138519731564,humidity,65
2026-01-27T05:55:56+01:00,40f081a6-4095-43f7-bffb-64e2af8c026e,41.040130226691744,21.340138519731564,noise,22
2026-01-27T05:55:56+01:00,40f081a6-4095-43f7-bffb-64e2af8c026e,41.040130226691744,21.340138519731564,noise_dba,35
2026-01-27T05:55:56+01:00,40f081a6-4095-43f7-bffb-64e2af8c026e,41.040130226691744,21.340138519731564,pm10,1
2026-01-27T05:55:56+01:00,40f081a6-4095-43f7-bffb-64e2af8c026e,41.040130226691744,21.340138519731564,pm25,1
2026-01-27T05:55:56+01:00,40f081a6-4095-43f7-bffb-64e2af8c026e,41.040130226691744,21.340138519731564,pressure,928
2026-01-27T05:55:56+01:00,40f081a6-4095-43f7-bffb-64e2af8c026e,41.040130226691744,21.340138519731564,temperature,7
2026-01-27T06:11:29+01:00,40f081a6-4095-43f7-bffb-64e2af8c026e,41.040130226691744,21.340138519731564,gasResistance,13007335
2026-01-27T06:11:29+01:00,40f081a6-4095-43f7-bffb-64e2af8c026e,41.040130226691744,21.340138519731564,humidity,66
2026-01-27T06:11:29+01:00,40f081a6-4095-43f7-bffb-64e2af8c026e,41.040130226691744,21.340138519731564,noise,17
2026-01-27T06:11:29+01:00,40f081a6-4095-43f7-bffb-64e2af8c026e,41.040130226691744,21.340138519731564,noise_dba,31
2026-01-27T06:11:29+01:00,40f081a6-4095-43f7-bffb-64e2af8c026e,41.040130226691744,21.340138519731564,pm10,2
2026-01-27T06:11:29+01:00,40f081a6-4095-43f7-bffb-64e2af8c026e,41.040130226691744,21.340138519731564,pm25,2
2026-01-27T06:11:29+01:00,40f081a6-4095-43f7-bffb-64e2af8c026e,41.040130226691744,21.340138519731564,pressure,928
2026-01-27T06:11:29+01:00,40f081a6-4095-43f7-bffb-64e2af8c026e,41.040130226691744,21.340138519731564,temperature,7
2026-01-27T06:27:01+01:00,40f081a6-4095-43f7-bffb-64e2af8c026e,41.040130226691744,21.340138519731564,gasResistance,13007335
2026-01-27T06:27:01+01:00,40f081a6-4095-43f7-bffb-64e2af8c026e,41.040130226691744,21.340138519731564,humidity,66
2026-01-27T06:27:01+01:00,40f081a6-4095-43f7-bffb-64e2af8c026e,41.040130226691744,21.340138519731564,noise,25
2026-01-27T06:27:01+01:00,40f081a6-4095-43f7-bffb-64e2af8c026e,41.040130226691744,21.340138519731564,noise_dba,37
2026-01-27T06:27:01+01:00,40f081a6-4095-43f7-bffb-64e2af8c026e,41.040130226691744,21.340138519731564,pm10,3
2026-01-27T06:27:01+01:00,40f081a6-4095-43f7-bffb-64e2af8c026e,41.040130226691744,21.340138519731564,pm25,3
2026-01-27T06:27:01+01:00,40f081a6-4095-43f7-bffb-64e2af8c026e,41.040130226691744,21.340138519731564,pressure,928
2026-01-27T06:27:01+01:00,40f081a6-4095-43f7-bffb-64e2af8c026e,41.040130226691744,21.340138519731564,temperature,7
2026-01-27T06:42:33+01:00,40f081a6-4095-43f7-bffb-64e2af8c026e,41.040130226691744,21.340138519731564,gasResistance,13007335
2026-01-27T06:42:33+01:00,40f081a6-4095-43f7-bffb-64e2af8c026e,41.040130226691744,21.340138519731564,humidity,66
2026-01-27T06:42:33+01:00,40f081a6-4095-43f7-bffb-64e2af8c026e,41.040130226691744,21.340138519731564,noise,30
2026-01-27T06:42:33+01:00,40f081a6-4095-43f7-bffb-64e2af8c026e,41.040130226691744,21.340138519731564,noise_dba,40
2026-01-27T06:42:33+01:00,40f081a6-4095-43f7-bffb-64e2af8c026e,41.040130226691744,21.340138519731564,pm10,7
2026-01-27T06:42:33+01:00,40f081a6-4095-43f7-bffb-64e2af8c026e,41.040130226691744,21.340138519731564,pm25,5
2026-01-27T06:42:33+01:00,40f081a6-4095-43f7-bffb-64e2af8c026e,41.040130226691744,21.340138519731564,pressure,928
2026-01-27T06:42:33+01:00,40f081a6-4095-43f7-bffb-64e2af8c026e,41.040130226691744,21.340138519731564,temperature,7
2026-01-27T06:58:05+01:00,40f081a6-4095-43f7-bffb-64e2af8c026e,41.040130226691744,21.340138519731564,gasResistance,13007335
2026-01-27T06:58:05+01:00,40f081a6-4095-43f7-bffb-64e2af8c026e,41.040130226691744,21.340138519731564,humidity,66
2026-01-27T06:58:05+01:00,40f081a6-4095-43f7-bffb-64e2af8c026e,41.040130226691744,21.340138519731564,noise,24
2026-01-27T06:58:05+01:00,40f081a6-4095-43f7-bffb-64e2af8c026e,41.040130226691744,21.340138519731564,noise_dba,36
2026-01-27T06:58:05+01:00,40f081a6-4095-43f7-bffb-64e2af8c026e,41.040130226691744,21.340138519731564,pm10,2
2026-01-27T06:58:05+01:00,40f081a6-4095-43f7-bffb-64e2af8c026e,41.040130226691744,21.340138519731564,pm25,2
2026-01-27T06:58:05+01:00,40f081a6-4095-43f7-bffb-64e2af8c026e,41.040130226691744,21.340138519731564,pressure,928
2026-01-27T06:58:05+01:00,40f081a6-4095-43f7-bffb-64e2af8c026e,41.040130226691744,21.340138519731564,temperature,7
2026-01-27T07:13:38+01:00,40f081a6-4095-43f7-bffb-64e2af8c026e,41.040130226691744,21.340138519731564,gasResistance,13007335
2026-01-27T07:13:38+01:00,40f081a6-4095-43f7-bffb-64e2af8c026e,41.040130226691744,21.340138519731564,humidity,66
2026-01-27T07:13:38+01:00,40f081a6-4095-43f7-bffb-64e2af8c026e,41.040130226691744,21.340138519731564,noise,44
2026-01-27T07:13:38+01:00,40f081a6-4095-43f7-bffb-64e2af8c026e,41.040130226691744,21.340138519731564,noise_dba,46
2026-01-27T07:13:38+01:00,40f081a6-4095-43f7-bffb-64e2af8c026e,41.040130226691744,21.340138519731564,pm10,3
2026-01-27T07:13:38+01:00,40f081a6-4095-43f7-bffb-64e2af8c026e,41.040130226691744,21.340138519731564,pm25,3
2026-01-27T07:13:38+01:00,40f081a6-4095-43f7-bffb-64e2af8c026e,41.040130226691744,21.340138519731564,pressure,928
2026-01-27T07:13:38+01:00,40f081a6-4095-43f7-bffb-64e2af8c026e,41.040130226691744,21.340138519731564,temperature,7
2026-01-27T07:29:11+01:00,40f081a6-4095-43f7-bffb-64e2af8c026e,41.040130226691744,21.340138519731564,gasResistance,13007335
2026-01-27T07:29:11+01:00,40f081a6-4095-43f7-bffb-64e2af8c026e,41.040130226691744,21.340138519731564,humidity,66
2026-01-27T07:29:11+01:00,40f081a6-4095-43f7-bffb-64e2af8c026e,41.040130226691744,21.340138519731564,noise,42
2026-01-27T07:29:11+01:00,40f081a6-4095-43f7-bffb-64e2af8c026e,41.040130226691744,21.340138519731564,noise_dba,45
2026-01-27T07:29:11+01:00,40f081a6-4095-43f7-bffb-64e2af8c026e,41.040130226691744,21.340138519731564,pm10,2
2026-01-27T07:29:11+01:00,40f081a6-4095-43f7-bffb-64e2af8c026e,41.040130226691744,21.340138519731564,pm25,2
2026-01-27T07:29:11+01:00,40f081a6-4095-43f7-bffb-64e2af8c026e,41.040130226691744,21.340138519731564,pressure,928
2026-01-27T07:29:11+01:00,40f081a6-4095-43f7-bffb-64e2af8c026e,41.040130226691744,21.340138519731564,temperature,7
2026-01-27T07:44:44+01:00,40f081a6-4095-43f7-bffb-64e2af8c026e,41.040130226691744,21.340138519731564,gasResistance,13007335
2026-01-27T07:44:44+01:00,40f081a6-4095-43f7-bffb-64e2af8c026e,41.040130226691744,21.340138519731564,humidity,66
2026-01-27T07:44:44+01:00,40f081a6-4095-43f7-bffb-64e2af8c026e,41.040130226691744,21.340138519731564,noise,28
2026-01-27T07:44:44+01:00,40f081a6-4095-43f7-bffb-64e2af8c026e,41.040130226691744,21.340138519731564,noise_dba,39
2026-01-27T07:44:44+01:00,40f081a6-4095-43f7-bffb-64e2af8c026e,41.040130226691744,21.340138519731564,pm10,1
2026-01-27T07:44:44+01:00,40f081a6-4095-43f7-bffb-64e2af8c026e,41.040130226691744,21.340138519731564,pm25,1
2026-01-27T07:44:44+01:00,40f081a6-4095-43f7-bffb-64e2af8c026e,41.040130226691744,21.340138519731564,pressure,929
2026-01-27T07:44:44+01:00,40f081a6-4095-43f7-bffb-64e2af8c026e,41.040130226691744,21.340138519731564,temperature,7
2026-01-27T08:00:16+01:00,40f081a6-4095-43f7-bffb-64e2af8c026e,41.040130226691744,21.340138519731564,gasResistance,13007335
2026-01-27T08:00:16+01:00,40f081a6-4095-43f7-bffb-64e2af8c026e,41.040130226691744,21.340138519731564,humidity,66
2026-01-27T08:00:16+01:00,40f081a6-4095-43f7-bffb-64e2af8c026e,41.040130226691744,21.340138519731564,noise,37
2026-01-27T08:00:16+01:00,40f081a6-4095-43f7-bffb-64e2af8c026e,41.040130226691744,21.340138519731564,noise_dba,43
2026-01-27T08:00:16+01:00,40f081a6-4095-43f7-bffb-64e2af8c026e,41.040130226691744,21.340138519731564,pm10,3
2026-01-27T08:00:16+01:00,40f081a6-4095-43f7-bffb-64e2af8c026e,41.040130226691744,21.340138519731564,pm25,3
2026-01-27T08:00:16+01:00,40f081a6-4095-43f7-bffb-64e2af8c026e,41.040130226691744,21.340138519731564,pressure,929
2026-01-27T08:00:16+01:00,40f081a6-4095-43f7-bffb-64e2af8c026e,41.040130226691744,21.340138519731564,temperature,7
2026-01-27T08:15:49+01:00,40f081a6-4095-43f7-bffb-64e2af8c026e,41.040130226691744,21.340138519731564,gasResistance,13007335
2026-01-27T08:15:49+01:00,40f081a6-4095-43f7-bffb-64e2af8c026e,41.040130226691744,21.340138519731564,humidity,66
2026-01-27T08:15:49+01:00,40f081a6-4095-43f7-bffb-64e2af8c026e,41.040130226691744,21.340138519731564,noise,37
2026-01-27T08:15:49+01:00,40f081a6-4095-43f7-bffb-64e2af8c026e,41.040130226691744,21.340138519731564,noise_dba,43
2026-01-27T08:15:49+01:00,40f081a6-4095-43f7-bffb-64e2af8c026e,41.040130226691744,21.340138519731564,pm10,6
2026-01-27T08:15:49+01:00,40f081a6-4095-43f7-bffb-64e2af8c026e,41.040130226691744,21.340138519731564,pm25,4
2026-01-27T08:15:49+01:00,40f081a6-4095-43f7-bffb-64e2af8c026e,41.040130226691744,21.340138519731564,pressure,929
2026-01-27T08:15:49+01:00,40f081a6-4095-43f7-bffb-64e2af8c026e,41.040130226691744,21.340138519731564,temperature,7
2026-01-27T08:31:21+01:00,40f081a6-4095-43f7-bffb-64e2af8c026e,41.040130226691744,21.340138519731564,gasResistance,13007335
2026-01-27T08:31:21+01:00,40f081a6-4095-43f7-bffb-64e2af8c026e,41.040130226691744,21.340138519731564,humidity,66
2026-01-27T08:31:21+01:00,40f081a6-4095-43f7-bffb-64e2af8c026e,41.040130226691744,21.340138519731564,noise,25
2026-01-27T08:31:21+01:00,40f081a6-4095-43f7-bffb-64e2af8c026e,41.040130226691744,21.340138519731564,noise_dba,37
2026-01-27T08:31:21+01:00,40f081a6-4095-43f7-bffb-64e2af8c026e,41.040130226691744,21.340138519731564,pm10,9
2026-01-27T08:31:21+01:00,40f081a6-4095-43f7-bffb-64e2af8c026e,41.040130226691744,21.340138519731564,pm25,6
2026-01-27T08:31:21+01:00,40f081a6-4095-43f7-bffb-64e2af8c026e,41.040130226691744,21.340138519731564,pressure,929
2026-01-27T08:31:21+01:00,40f081a6-4095-43f7-bffb-64e2af8c026e,41.040130226691744,21.340138519731564,temperature,7
2026-01-27T08:46:53+01:00,40f081a6-4095-43f7-bffb-64e2af8c026e,41.040130226691744,21.340138519731564,gasResistance,13007335
2026-01-27T08:46:53+01:00,40f081a6-4095-43f7-bffb-64e2af8c026e,41.040130226691744,21.340138519731564,humidity,67
2026-01-27T08:46:53+01:00,40f081a6-4095-43f7-bffb-64e2af8c026e,41.040130226691744,21.340138519731564,noise,32
2026-01-27T08:46:53+01:00,40f081a6-4095-43f7-bffb-64e2af8c026e,41.040130226691744,21.340138519731564,noise_dba,41
2026-01-27T08:46:53+01:00,40f081a6-4095-43f7-bffb-64e2af8c026e,41.040130226691744,21.340138519731564,pm10,9
2026-01-27T08:46:53+01:00,40f081a6-4095-43f7-bffb-64e2af8c026e,41.040130226691744,21.340138519731564,pm25,6
2026-01-27T08:46:53+01:00,40f081a6-4095-43f7-bffb-64e2af8c026e,41.040130226691744,21.340138519731564,pressure,929
2026-01-27T08:46:53+01:00,40f081a6-4095-43f7-bffb-64e2af8c026e,41.040130226691744,21.340138519731564,temperature,7
2026-01-27T09:02:26+01:00,40f081a6-4095-43f7-bffb-64e2af8c026e,41.040130226691744,21.340138519731564,gasResistance,13007335
2026-01-27T09:02:26+01:00,40f081a6-4095-43f7-bffb-64e2af8c026e,41.040130226691744,21.340138519731564,humidity,67
2026-01-27T09:02:26+01:00,40f081a6-4095-43f7-bffb-64e2af8c026e,41.040130226691744,21.340138519731564,noise,41
2026-01-27T09:02:26+01:00,40f081a6-4095-43f7-bffb-64e2af8c026e,41.040130226691744,21.340138519731564,noise_dba,45
2026-01-27T09:02:26+01:00,40f081a6-4095-43f7-bffb-64e2af8c026e,41.040130226691744,21.340138519731564,pm10,7
2026-01-27T09:02:26+01:00,40f081a6-4095-43f7-bffb-64e2af8c026e,41.040130226691744,21.340138519731564,pm25,4
2026-01-27T09:02:26+01:00,40f081a6-4095-43f7-bffb-64e2af8c026e,41.040130226691744,21.340138519731564,pressure,930
2026-01-27T09:02:26+01:00,40f081a6-4095-43f7-bffb-64e2af8c026e,41.040130226691744,21.340138519731564,temperature,7
2026-01-27T09:17:58+01:00,40f081a6-4095-43f7-bffb-64e2af8c026e,41.040130226691744,21.340138519731564,gasResistance,13007335
2026-01-27T09:17:58+01:00,40f081a6-4095-43f7-bffb-64e2af8c026e,41.040130226691744,21.340138519731564,humidity,66
2026-01-27T09:17:58+01:00,40f081a6-4095-43f7-bffb-64e2af8c026e,41.040130226691744,21.340138519731564,noise,37
2026-01-27T09:17:58+01:00,40f081a6-4095-43f7-bffb-64e2af8c026e,41.040130226691744,21.340138519731564,noise_dba,43
2026-01-27T09:17:58+01:00,40f081a6-4095-43f7-bffb-64e2af8c026e,41.040130226691744,21.340138519731564,pm10,2
2026-01-27T09:17:58+01:00,40f081a6-4095-43f7-bffb-64e2af8c026e,41.040130226691744,21.340138519731564,pm25,1
2026-01-27T09:17:58+01:00,40f081a6-4095-43f7-bffb-64e2af8c026e,41.040130226691744,21.340138519731564,pressure,930
2026-01-27T09:17:58+01:00,40f081a6-4095-43f7-bffb-64e2af8c026e,41.040130226691744,21.340138519731564,temperature,7
2026-01-27T09:33:30+01:00,40f081a6-4095-43f7-bffb-64e2af8c026e,41.040130226691744,21.340138519731564,gasResistance,13007335
2026-01-27T09:33:30+01:00,40f081a6-4095-43f7-bffb-64e2af8c026e,41.040130226691744,21.340138519731564,humidity,66
2026-01-27T09:33:30+01:00,40f081a6-4095-43f7-bffb-64e2af8c026e,41.040130226691744,21.340138519731564,noise,22
2026-01-27T09:33:30+01:00,40f081a6-4095-43f7-bffb-64e2af8c026e,41.040130226691744,21.340138519731564,noise_dba,35
2026-01-27T09:33:30+01:00,40f081a6-4095-43f7-bffb-64e2af8c026e,41.040130226691744,21.340138519731564,pm10,5
2026-01-27T09:33:30+01:00,40f081a6-4095-43f7-bffb-64e2af8c026e,41.040130226691744,21.340138519731564,pm25,3
2026-01-27T09:33:30+01:00,40f081a6-4095-43f7-bffb-64e2af8c026e,41.040130226691744,21.340138519731564,pressure,930
2026-01-27T09:33:30+01:00,40f081a6-4095-43f7-bffb-64e2af8c026e,41.040130226691744,21.340138519731564,temperature,7
2026-01-27T09:49:03+01:00,40f081a6-4095-43f7-bffb-64e2af8c026e,41.040130226691744,21.340138519731564,gasResistance,13007335
2026-01-27T09:49:03+01:00,40f081a6-4095-43f7-bffb-64e2af8c026e,41.040130226691744,21.340138519731564,humidity,66
2026-01-27T09:49:03+01:00,40f081a6-4095-43f7-bffb-64e2af8c026e,41.040130226691744,21.340138519731564,noise,31
2026-01-27T09:49:03+01:00,40f081a6-4095-43f7-bffb-64e2af8c026e,41.040130226691744,21.340138519731564,noise_dba,41
2026-01-27T09:49:03+01:00,40f081a6-4095-43f7-bffb-64e2af8c026e,41.040130226691744,21.340138519731564,pm10,4
2026-01-27T09:49:03+01:00,40f081a6-4095-43f7-bffb-64e2af8c026e,41.040130226691744,21.340138519731564,pm25,3
2026-01-27T09:49:03+01:00,40f081a6-4095-43f7-bffb-64e2af8c026e,41.040130226691744,21.340138519731564,pressure,930
2026-01-27T09:49:03+01:00,40f081a6-4095-43f7-bffb-64e2af8c026e,41.040130226691744,21.340138519731564,temperature,7
2026-01-27T10:04:35+01:00,40f081a6-4095-43f7-bffb-64e2af8c026e,41.040130226691744,21.340138519731564,gasResistance,13007335
2026-01-27T10:04:35+01:00,40f081a6-4095-43f7-bffb-64e2af8c026e,41.040130226691744,21.340138519731564,humidity,66
2026-01-27T10:04:35+01:00,40f081a6-4095-43f7-bffb-64e2af8c026e,41.040130226691744,21.340138519731564,noise,31
2026-01-27T10:04:35+01:00,40f081a6-4095-43f7-bffb-64e2af8c026e,41.040130226691744,21.340138519731564,noise_dba,41
2026-01-27T10:04:35+01:00,40f081a6-4095-43f7-bffb-64e2af8c026e,41.040130226691744,21.340138519731564,pm10,3
2026-01-27T10:04:35+01:00,40f081a6-4095-43f7-bffb-64e2af8c026e,41.040130226691744,21.340138519731564,pm25,2
2026-01-27T10:04:35+01:00,40f081a6-4095-43f7-bffb-64e2af8c026e,41.040130226691744,21.340138519731564,pressure,930
2026-01-27T10:04:35+01:00,40f081a6-4095-43f7-bffb-64e2af8c026e,41.040130226691744,21.340138519731564,temperature,7
2026-01-27T10:20:07+01:00,40f081a6-4095-43f7-bffb-64e2af8c026e,41.040130226691744,21.340138519731564,gasResistance,13007335
2026-01-27T10:20:07+01:00,40f081a6-4095-43f7-bffb-64e2af8c026e,41.040130226691744,21.340138519731564,humidity,66
2026-01-27T10:20:07+01:00,40f081a6-4095-43f7-bffb-64e2af8c026e,41.040130226691744,21.340138519731564,noise,25
2026-01-27T10:20:07+01:00,40f081a6-4095-43f7-bffb-64e2af8c026e,41.040130226691744,21.340138519731564,noise_dba,37
2026-01-27T10:20:07+01:00,40f081a6-4095-43f7-bffb-64e2af8c026e,41.040130226691744,21.340138519731564,pm10,4
2026-01-27T10:20:07+01:00,40f081a6-4095-43f7-bffb-64e2af8c026e,41.040130226691744,21.340138519731564,pm25,3
2026-01-27T10:20:07+01:00,40f081a6-4095-43f7-bffb-64e2af8c026e,41.040130226691744,21.340138519731564,pressure,930
2026-01-27T10:20:07+01:00,40f081a6-4095-43f7-bffb-64e2af8c026e,41.040130226691744,21.340138519731564,temperature,7
2026-01-27T10:35:40+01:00,40f081a6-4095-43f7-bffb-64e2af8c026e,41.040130226691744,21.340138519731564,gasResistance,13007335
2026-01-27T10:35:40+01:00,40f081a6-4095-43f7-bffb-64e2af8c026e,41.040130226691744,21.340138519731564,humidity,66
2026-01-27T10:35:40+01:00,40f081a6-4095-43f7-bffb-64e2af8c026e,41.040130226691744,21.340138519731564,noise,31
2026-01-27T10:35:40+01:00,40f081a6-4095-43f7-bffb-64e2af8c026e,41.040130226691744,21.340138519731564,noise_dba,41
2026-01-27T10:35:40+01:00,40f081a6-4095-43f7-bffb-64e2af8c026e,41.040130226691744,21.340138519731564,pm10,2
2026-01-27T10:35:40+01:00,40f081a6-4095-43f7-bffb-64e2af8c026e,41.040130226691744,21.340138519731564,pm25,2
2026-01-27T10:35:40+01:00,40f081a6-4095-43f7-bffb-64e2af8c026e,41.040130226691744,21.340138519731564,pressure,930
2026-01-27T10:35:40+01:00,40f081a6-4095-43f7-bffb-64e2af8c026e,41.040130226691744,21.340138519731564,temperature,7
2026-01-27T10:51:13+01:00,40f081a6-4095-43f7-bffb-64e2af8c026e,41.040130226691744,21.340138519731564,gasResistance,13007335
2026-01-27T10:51:13+01:00,40f081a6-4095-43f7-bffb-64e2af8c026e,41.040130226691744,21.340138519731564,humidity,66
2026-01-27T10:51:13+01:00,40f081a6-4095-43f7-bffb-64e2af8c026e,41.040130226691744,21.340138519731564,noise,29
2026-01-27T10:51:13+01:00,40f081a6-4095-43f7-bffb-64e2af8c026e,41.040130226691744,21.340138519731564,noise_dba,40
2026-01-27T10:51:13+01:00,40f081a6-4095-43f7-bffb-64e2af8c026e,41.040130226691744,21.340138519731564,pm10,2
2026-01-27T10:51:13+01:00,40f081a6-4095-43f7-bffb-64e2af8c026e,41.040130226691744,21.340138519731564,pm25,2
2026-01-27T10:51:13+01:00,40f081a6-4095-43f7-bffb-64e2af8c026e,41.040130226691744,21.340138519731564,pressure,930
2026-01-27T10:51:13+01:00,40f081a6-4095-43f7-bffb-64e2af8c026e,41.040130226691744,21.340138519731564,temperature,7
2026-01-27T11:06:45+01:00,40f081a6-4095-43f7-bffb-64e2af8c026e,41.040130226691744,21.340138519731564,gasResistance,13007335
2026-01-27T11:06:45+01:00,40f081a6-4095-43f7-bffb-64e2af8c026e,41.040130226691744,21.340138519731564,humidity,65
2026-01-27T11:06:45+01:00,40f081a6-4095-43f7-bffb-64e2af8c026e,41.040130226691744,21.340138519731564,noise,33
2026-01-27T11:06:45+01:00,40f081a6-4095-43f7-bffb-64e2af8c026e,41.040130226691744,21.340138519731564,noise_dba,42
2026-01-27T11:06:45+01:00,40f081a6-4095-43f7-bffb-64e2af8c026e,41.040130226691744,21.340138519731564,pm10,3
2026-01-27T11:06:45+01:00,40f081a6-4095-43f7-bffb-64e2af8c026e,41.040130226691744,21.340138519731564,pm25,2
2026-01-27T11:06:45+01:00,40f081a6-4095-43f7-bffb-64e2af8c026e,41.040130226691744,21.340138519731564,pressure,930
2026-01-27T11:06:45+01:00,40f081a6-4095-43f7-bffb-64e2af8c026e,41.040130226691744,21.340138519731564,temperature,8
2026-01-27T11:22:17+01:00,40f081a6-4095-43f7-bffb-64e2af8c026e,41.040130226691744,21.340138519731564,gasResistance,13007335
2026-01-27T11:22:17+01:00,40f081a6-4095-43f7-bffb-64e2af8c026e,41.040130226691744,21.340138519731564,humidity,64
2026-01-27T11:22:17+01:00,40f081a6-4095-43f7-bffb-64e2af8c026e,41.040130226691744,21.340138519731564,noise,28
2026-01-27T11:22:17+01:00,40f081a6-4095-43f7-bffb-64e2af8c026e,41.040130226691744,21.340138519731564,noise_dba,39
2026-01-27T11:22:17+01:00,40f081a6-4095-43f7-bffb-64e2af8c026e,41.040130226691744,21.340138519731564,pm10,2
2026-01-27T11:22:17+01:00,40f081a6-4095-43f7-bffb-64e2af8c026e,41.040130226691744,21.340138519731564,pm25,1
2026-01-27T11:22:17+01:00,40f081a6-4095-43f7-bffb-64e2af8c026e,41.040130226691744,21.340138519731564,pressure,930
2026-01-27T11:22:17+01:00,40f081a6-4095-43f7-bffb-64e2af8c026e,41.040130226691744,21.340138519731564,temperature,8
2026-01-27T11:37:50+01:00,40f081a6-4095-43f7-bffb-64e2af8c026e,41.040130226691744,21.340138519731564,gasResistance,13007335
2026-01-27T11:37:50+01:00,40f081a6-4095-43f7-bffb-64e2af8c026e,41.040130226691744,21.340138519731564,humidity,64
2026-01-27T11:37:50+01:00,40f081a6-4095-43f7-bffb-64e2af8c026e,41.040130226691744,21.340138519731564,noise,40
2026-01-27T11:37:50+01:00,40f081a6-4095-43f7-bffb-64e2af8c026e,41.040130226691744,21.340138519731564,noise_dba,45
2026-01-27T11:37:50+01:00,40f081a6-4095-43f7-bffb-64e2af8c026e,41.040130226691744,21.340138519731564,pm10,3
2026-01-27T11:37:50+01:00,40f081a6-4095-43f7-bffb-64e2af8c026e,41.040130226691744,21.340138519731564,pm25,2
2026-01-27T11:37:50+01:00,40f081a6-4095-43f7-bffb-64e2af8c026e,41.040130226691744,21.340138519731564,pressure,930
2026-01-27T11:37:50+01:00,40f081a6-4095-43f7-bffb-64e2af8c026e,41.040130226691744,21.340138519731564,temperature,8
2026-01-27T11:53:22+01:00,40f081a6-4095-43f7-bffb-64e2af8c026e,41.040130226691744,21.340138519731564,gasResistance,13007335
2026-01-27T11:53:22+01:00,40f081a6-4095-43f7-bffb-64e2af8c026e,41.040130226691744,21.340138519731564,humidity,63
2026-01-27T11:53:22+01:00,40f081a6-4095-43f7-bffb-64e2af8c026e,41.040130226691744,21.340138519731564,noise,35
2026-01-27T11:53:22+01:00,40f081a6-4095-43f7-bffb-64e2af8c026e,41.040130226691744,21.340138519731564,noise_dba,43
2026-01-27T11:53:22+01:00,40f081a6-4095-43f7-bffb-64e2af8c026e,41.040130226691744,21.340138519731564,pm10,1
2026-01-27T11:53:22+01:00,40f081a6-4095-43f7-bffb-64e2af8c026e,41.040130226691744,21.340138519731564,pm25,1
2026-01-27T11:53:22+01:00,40f081a6-4095-43f7-bffb-64e2af8c026e,41.040130226691744,21.340138519731564,pressure,930
2026-01-27T11:53:22+01:00,40f081a6-4095-43f7-bffb-64e2af8c026e,41.040130226691744,21.340138519731564,temperature,9
2026-01-27T12:08:54+01:00,40f081a6-4095-43f7-bffb-64e2af8c026e,41.040130226691744,21.340138519731564,gasResistance,13007335
2026-01-27T12:08:54+01:00,40f081a6-4095-43f7-bffb-64e2af8c026e,41.040130226691744,21.340138519731564,humidity,63
2026-01-27T12:08:54+01:00,40f081a6-4095-43f7-bffb-64e2af8c026e,41.040130226691744,21.340138519731564,noise,30
2026-01-27T12:08:54+01:00,40f081a6-4095-43f7-bffb-64e2af8c026e,41.040130226691744,21.340138519731564,noise_dba,40
2026-01-27T12:08:54+01:00,40f081a6-4095-43f7-bffb-64e2af8c026e,41.040130226691744,21.340138519731564,pm10,2
2026-01-27T12:08:54+01:00,40f081a6-4095-43f7-bffb-64e2af8c026e,41.040130226691744,21.340138519731564,pm25,1
2026-01-27T12:08:54+01:00,40f081a6-4095-43f7-bffb-64e2af8c026e,41.040130226691744,21.340138519731564,pressure,930
2026-01-27T12:08:54+01:00,40f081a6-4095-43f7-bffb-64e2af8c026e,41.040130226691744,21.340138519731564,temperature,9
2026-01-27T12:24:27+01:00,40f081a6-4095-43f7-bffb-64e2af8c026e,41.040130226691744,21.340138519731564,gasResistance,13007335
2026-01-27T12:24:27+01:00,40f081a6-4095-43f7-bffb-64e2af8c026e,41.040130226691744,21.340138519731564,humidity,63
2026-01-27T12:24:27+01:00,40f081a6-4095-43f7-bffb-64e2af8c026e,41.040130226691744,21.340138519731564,noise,24
2026-01-27T12:24:27+01:00,40f081a6-4095-43f7-bffb-64e2af8c026e,41.040130226691744,21.340138519731564,noise_dba,36
2026-01-27T12:24:27+01:00,40f081a6-4095-43f7-bffb-64e2af8c026e,41.040130226691744,21.340138519731564,pm10,4
2026-01-27T12:24:27+01:00,40f081a6-4095-43f7-bffb-64e2af8c026e,41.040130226691744,21.340138519731564,pm25,2
2026-01-27T12:24:27+01:00,40f081a6-4095-43f7-bffb-64e2af8c026e,41.040130226691744,21.340138519731564,pressure,930
2026-01-27T12:24:27+01:00,40f081a6-4095-43f7-bffb-64e2af8c026e,41.040130226691744,21.340138519731564,temperature,9
2026-01-27T12:40:00+01:00,40f081a6-4095-43f7-bffb-64e2af8c026e,41.040130226691744,21.340138519731564,gasResistance,13007335
2026-01-27T12:40:00+01:00,40f081a6-4095-43f7-bffb-64e2af8c026e,41.040130226691744,21.340138519731564,humidity,62
2026-01-27T12:40:00+01:00,40f081a6-4095-43f7-bffb-64e2af8c026e,41.040130226691744,21.340138519731564,noise,27
2026-01-27T12:40:00+01:00,40f081a6-4095-43f7-bffb-64e2af8c026e,41.040130226691744,21.340138519731564,noise_dba,38
2026-01-27T12:40:00+01:00,40f081a6-4095-43f7-bffb-64e2af8c026e,41.040130226691744,21.340138519731564,pm10,3
2026-01-27T12:40:00+01:00,40f081a6-4095-43f7-bffb-64e2af8c026e,41.040130226691744,21.340138519731564,pm25,2
2026-01-27T12:40:00+01:00,40f081a6-4095-43f7-bffb-64e2af8c026e,41.040130226691744,21.340138519731564,pressure,930
2026-01-27T12:40:00+01:00,40f081a6-4095-43f7-bffb-64e2af8c026e,41.040130226691744,21.340138519731564,temperature,9
2026-01-27T12:55:32+01:00,40f081a6-4095-43f7-bffb-64e2af8c026e,41.040130226691744,21.340138519731564,gasResistance,13007335
2026-01-27T12:55:32+01:00,40f081a6-4095-43f7-bffb-64e2af8c026e,41.040130226691744,21.340138519731564,humidity,62
2026-01-27T12:55:32+01:00,40f081a6-4095-43f7-bffb-64e2af8c026e,41.040130226691744,21.340138519731564,noise,25
2026-01-27T12:55:32+01:00,40f081a6-4095-43f7-bffb-64e2af8c026e,41.040130226691744,21.340138519731564,noise_dba,37
2026-01-27T12:55:32+01:00,40f081a6-4095-43f7-bffb-64e2af8c026e,41.040130226691744,21.340138519731564,pm10,4
2026-01-27T12:55:32+01:00,40f081a6-4095-43f7-bffb-64e2af8c026e,41.040130226691744,21.340138519731564,pm25,2
2026-01-27T12:55:32+01:00,40f081a6-4095-43f7-bffb-64e2af8c026e,41.040130226691744,21.340138519731564,pressure,930
2026-01-27T12:55:32+01:00,40f081a6-4095-43f7-bffb-64e2af8c026e,41.040130226691744,21.340138519731564,temperature,9
2026-01-27T13:11:05+01:00,40f081a6-4095-43f7-bffb-64e2af8c026e,41.040130226691744,21.340138519731564,gasResistance,13007335
2026-01-27T13:11:05+01:00,40f081a6-4095-43f7-bffb-64e2af8c026e,41.040130226691744,21.340138519731564,humidity,61
2026-01-27T13:11:05+01:00,40f081a6-4095-43f7-bffb-64e2af8c026e,41.040130226691744,21.340138519731564,noise,42
2026-01-27T13:11:05+01:00,40f081a6-4095-43f7-bffb-64e2af8c026e,41.040130226691744,21.340138519731564,noise_dba,45
2026-01-27T13:11:05+01:00,40f081a6-4095-43f7-bffb-64e2af8c026e,41.040130226691744,21.340138519731564,pm10,3
2026-01-27T13:11:05+01:00,40f081a6-4095-43f7-bffb-64e2af8c026e,41.040130226691744,21.340138519731564,pm25,2
2026-01-27T13:11:05+01:00,40f081a6-4095-43f7-bffb-64e2af8c026e,41.040130226691744,21.340138519731564,pressure,930
2026-01-27T13:11:05+01:00,40f081a6-4095-43f7-bffb-64e2af8c026e,41.040130226691744,21.340138519731564,temperature,9
2026-01-27T13:26:37+01:00,40f081a6-4095-43f7-bffb-64e2af8c026e,41.040130226691744,21.340138519731564,gasResistance,13007335
2026-01-27T13:26:37+01:00,40f081a6-4095-43f7-bffb-64e2af8c026e,41.040130226691744,21.340138519731564,humidity,61
2026-01-27T13:26:37+01:00,40f081a6-4095-43f7-bffb-64e2af8c026e,41.040130226691744,21.340138519731564,noise,20
2026-01-27T13:26:37+01:00,40f081a6-4095-43f7-bffb-64e2af8c026e,41.040130226691744,21.340138519731564,noise_dba,34
2026-01-27T13:26:37+01:00,40f081a6-4095-43f7-bffb-64e2af8c026e,41.040130226691744,21.340138519731564,pm10,3
2026-01-27T13:26:37+01:00,40f081a6-4095-43f7-bffb-64e2af8c026e,41.040130226691744,21.340138519731564,pm25,2
2026-01-27T13:26:37+01:00,40f081a6-4095-43f7-bffb-64e2af8c026e,41.040130226691744,21.340138519731564,pressure,930
2026-01-27T13:26:37+01:00,40f081a6-4095-43f7-bffb-64e2af8c026e,41.040130226691744,21.340138519731564,temperature,10
2026-01-27T13:42:12+01:00,40f081a6-4095-43f7-bffb-64e2af8c026e,41.040130226691744,21.340138519731564,gasResistance,13007335
2026-01-27T13:42:12+01:00,40f081a6-4095-43f7-bffb-64e2af8c026e,41.040130226691744,21.340138519731564,humidity,60
2026-01-27T13:42:12+01:00,40f081a6-4095-43f7-bffb-64e2af8c026e,41.040130226691744,21.340138519731564,noise,24
2026-01-27T13:42:12+01:00,40f081a6-4095-43f7-bffb-64e2af8c026e,41.040130226691744,21.340138519731564,noise_dba,36
2026-01-27T13:42:12+01:00,40f081a6-4095-43f7-bffb-64e2af8c026e,41.040130226691744,21.340138519731564,pm10,3
2026-01-27T13:42:12+01:00,40f081a6-4095-43f7-bffb-64e2af8c026e,41.040130226691744,21.340138519731564,pm25,1
2026-01-27T13:42:12+01:00,40f081a6-4095-43f7-bffb-64e2af8c026e,41.040130226691744,21.340138519731564,pressure,930
2026-01-27T13:42:12+01:00,40f081a6-4095-43f7-bffb-64e2af8c026e,41.040130226691744,21.340138519731564,temperature,10
2026-01-27T13:57:45+01:00,40f081a6-4095-43f7-bffb-64e2af8c026e,41.040130226691744,21.340138519731564,gasResistance,13007335
2026-01-27T13:57:45+01:00,40f081a6-4095-43f7-bffb-64e2af8c026e,41.040130226691744,21.340138519731564,humidity,59
2026-01-27T13:57:45+01:00,40f081a6-4095-43f7-bffb-64e2af8c026e,41.040130226691744,21.340138519731564,noise,23
2026-01-27T13:57:45+01:00,40f081a6-4095-43f7-bffb-64e2af8c026e,41.040130226691744,21.340138519731564,noise_dba,36
2026-01-27T13:57:45+01:00,40f081a6-4095-43f7-bffb-64e2af8c026e,41.040130226691744,21.340138519731564,pm10,2
2026-01-27T13:57:45+01:00,40f081a6-4095-43f7-bffb-64e2af8c026e,41.040130226691744,21.340138519731564,pm25,1
2026-01-27T13:57:45+01:00,40f081a6-4095-43f7-bffb-64e2af8c026e,41.040130226691744,21.340138519731564,pressure,930
2026-01-27T13:57:45+01:00,40f081a6-4095-43f7-bffb-64e2af8c026e,41.040130226691744,21.340138519731564,temperature,10
2026-01-27T14:13:17+01:00,40f081a6-4095-43f7-bffb-64e2af8c026e,41.040130226691744,21.340138519731564,gasResistance,13007335
2026-01-27T14:13:17+01:00,40f081a6-4095-43f7-bffb-64e2af8c026e,41.040130226691744,21.340138519731564,humidity,59
2026-01-27T14:13:17+01:00,40f081a6-4095-43f7-bffb-64e2af8c026e,41.040130226691744,21.340138519731564,noise,18
2026-01-27T14:13:17+01:00,40f081a6-4095-43f7-bffb-64e2af8c026e,41.040130226691744,21.340138519731564,noise_dba,32
2026-01-27T14:13:17+01:00,40f081a6-4095-43f7-bffb-64e2af8c026e,41.040130226691744,21.340138519731564,pm10,7
2026-01-27T14:13:17+01:00,40f081a6-4095-43f7-bffb-64e2af8c026e,41.040130226691744,21.340138519731564,pm25,3
2026-01-27T14:13:17+01:00,40f081a6-4095-43f7-bffb-64e2af8c026e,41.040130226691744,21.340138519731564,pressure,930
2026-01-27T14:13:17+01:00,40f081a6-4095-43f7-bffb-64e2af8c026e,41.040130226691744,21.340138519731564,temperature,11
2026-01-27T14:28:49+01:00,40f081a6-4095-43f7-bffb-64e2af8c026e,41.040130226691744,21.340138519731564,gasResistance,13007335
2026-01-27T14:28:49+01:00,40f081a6-4095-43f7-bffb-64e2af8c026e,41.040130226691744,21.340138519731564,humidity,59
2026-01-27T14:28:49+01:00,40f081a6-4095-43f7-bffb-64e2af8c026e,41.040130226691744,21.340138519731564,noise,19
2026-01-27T14:28:49+01:00,40f081a6-4095-43f7-bffb-64e2af8c026e,41.040130226691744,21.340138519731564,noise_dba,33
2026-01-27T14:28:49+01:00,40f081a6-4095-43f7-bffb-64e2af8c026e,41.040130226691744,21.340138519731564,pm10,9
2026-01-27T14:28:49+01:00,40f081a6-4095-43f7-bffb-64e2af8c026e,41.040130226691744,21.340138519731564,pm25,4
2026-01-27T14:28:49+01:00,40f081a6-4095-43f7-bffb-64e2af8c026e,41.040130226691744,21.340138519731564,pressure,930
2026-01-27T14:28:49+01:00,40f081a6-4095-43f7-bffb-64e2af8c026e,41.040130226691744,21.340138519731564,temperature,11
2026-01-27T14:44:21+01:00,40f081a6-4095-43f7-bffb-64e2af8c026e,41.040130226691744,21.340138519731564,gasResistance,13007335
2026-01-27T14:44:21+01:00,40f081a6-4095-43f7-bffb-64e2af8c026e,41.040130226691744,21.340138519731564,humidity,59
2026-01-27T14:44:21+01:00,40f081a6-4095-43f7-bffb-64e2af8c026e,41.040130226691744,21.340138519731564,noise,23
2026-01-27T14:44:21+01:00,40f081a6-4095-43f7-bffb-64e2af8c026e,41.040130226691744,21.340138519731564,noise_dba,36
2026-01-27T14:44:21+01:00,40f081a6-4095-43f7-bffb-64e2af8c026e,41.040130226691744,21.340138519731564,pm10,8
2026-01-27T14:44:21+01:00,40f081a6-4095-43f7-bffb-64e2af8c026e,41.040130226691744,21.340138519731564,pm25,4
2026-01-27T14:44:21+01:00,40f081a6-4095-43f7-bffb-64e2af8c026e,41.040130226691744,21.340138519731564,pressure,931
2026-01-27T14:44:21+01:00,40f081a6-4095-43f7-bffb-64e2af8c026e,41.040130226691744,21.340138519731564,temperature,11
2026-01-27T14:59:54+01:00,40f081a6-4095-43f7-bffb-64e2af8c026e,41.040130226691744,21.340138519731564,gasResistance,13007335
2026-01-27T14:59:54+01:00,40f081a6-4095-43f7-bffb-64e2af8c026e,41.040130226691744,21.340138519731564,humidity,58
2026-01-27T14:59:54+01:00,40f081a6-4095-43f7-bffb-64e2af8c026e,41.040130226691744,21.340138519731564,noise,26
2026-01-27T14:59:54+01:00,40f081a6-4095-43f7-bffb-64e2af8c026e,41.040130226691744,21.340138519731564,noise_dba,38
2026-01-27T14:59:54+01:00,40f081a6-4095-43f7-bffb-64e2af8c026e,41.040130226691744,21.340138519731564,pm10,3
2026-01-27T14:59:54+01:00,40f081a6-4095-43f7-bffb-64e2af8c026e,41.040130226691744,21.340138519731564,pm25,1
2026-01-27T14:59:54+01:00,40f081a6-4095-43f7-bffb-64e2af8c026e,41.040130226691744,21.340138519731564,pressure,931
2026-01-27T14:59:54+01:00,40f081a6-4095-43f7-bffb-64e2af8c026e,41.040130226691744,21.340138519731564,temperature,11
2026-01-27T15:15:28+01:00,40f081a6-4095-43f7-bffb-64e2af8c026e,41.040130226691744,21.340138519731564,gasResistance,13007335
2026-01-27T15:15:28+01:00,40f081a6-4095-43f7-bffb-64e2af8c026e,41.040130226691744,21.340138519731564,humidity,58
2026-01-27T15:15:28+01:00,40f081a6-4095-43f7-bffb-64e2af8c026e,41.040130226691744,21.340138519731564,noise,28
2026-01-27T15:15:28+01:00,40f081a6-4095-43f7-bffb-64e2af8c026e,41.040130226691744,21.340138519731564,noise_dba,39
2026-01-27T15:15:28+01:00,40f081a6-4095-43f7-bffb-64e2af8c026e,41.040130226691744,21.340138519731564,pm10,6
2026-01-27T15:15:28+01:00,40f081a6-4095-43f7-bffb-64e2af8c026e,41.040130226691744,21.340138519731564,pm25,2
2026-01-27T15:15:28+01:00,40f081a6-4095-43f7-bffb-64e2af8c026e,41.040130226691744,21.340138519731564,pressure,931
2026-01-27T15:15:28+01:00,40f081a6-4095-43f7-bffb-64e2af8c026e,41.040130226691744,21.340138519731564,temperature,11
2026-01-27T15:31:00+01:00,40f081a6-4095-43f7-bffb-64e2af8c026e,41.040130226691744,21.340138519731564,gasResistance,13007335
2026-01-27T15:31:00+01:00,40f081a6-4095-43f7-bffb-64e2af8c026e,41.040130226691744,21.340138519731564,humidity,58
2026-01-27T15:31:00+01:00,40f081a6-4095-43f7-bffb-64e2af8c026e,41.040130226691744,21.340138519731564,noise,26
2026-01-27T15:31:00+01:00,40f081a6-4095-43f7-bffb-64e2af8c026e,41.040130226691744,21.340138519731564,noise_dba,38
2026-01-27T15:31:00+01:00,40f081a6-4095-43f7-bffb-64e2af8c026e,41.040130226691744,21.340138519731564,pm10,6
2026-01-27T15:31:00+01:00,40f081a6-4095-43f7-bffb-64e2af8c026e,41.040130226691744,21.340138519731564,pm25,3
2026-01-27T15:31:00+01:00,40f081a6-4095-43f7-bffb-64e2af8c026e,41.040130226691744,21.340138519731564,pressure,931
2026-01-27T15:31:00+01:00,40f081a6-4095-43f7-bffb-64e2af8c026e,41.040130226691744,21.340138519731564,temperature,11
2026-01-27T15:46:33+01:00,40f081a6-4095-43f7-bffb-64e2af8c026e,41.040130226691744,21.340138519731564,gasResistance,13007335
2026-01-27T15:46:33+01:00,40f081a6-4095-43f7-bffb-64e2af8c026e,41.040130226691744,21.340138519731564,humidity,58
2026-01-27T15:46:33+01:00,40f081a6-4095-43f7-bffb-64e2af8c026e,41.040130226691744,21.340138519731564,noise,20
2026-01-27T15:46:33+01:00,40f081a6-4095-43f7-bffb-64e2af8c026e,41.040130226691744,21.340138519731564,noise_dba,34
2026-01-27T15:46:33+01:00,40f081a6-4095-43f7-bffb-64e2af8c026e,41.040130226691744,21.340138519731564,pm10,8
2026-01-27T15:46:33+01:00,40f081a6-4095-43f7-bffb-64e2af8c026e,41.040130226691744,21.340138519731564,pm25,3
2026-01-27T15:46:33+01:00,40f081a6-4095-43f7-bffb-64e2af8c026e,41.040130226691744,21.340138519731564,pressure,931
2026-01-27T15:46:33+01:00,40f081a6-4095-43f7-bffb-64e2af8c026e,41.040130226691744,21.340138519731564,temperature,11
2026-01-27T16:02:05+01:00,40f081a6-4095-43f7-bffb-64e2af8c026e,41.040130226691744,21.340138519731564,gasResistance,13007335
2026-01-27T16:02:05+01:00,40f081a6-4095-43f7-bffb-64e2af8c026e,41.040130226691744,21.340138519731564,humidity,58
2026-01-27T16:02:05+01:00,40f081a6-4095-43f7-bffb-64e2af8c026e,41.040130226691744,21.340138519731564,noise,17
2026-01-27T16:02:05+01:00,40f081a6-4095-43f7-bffb-64e2af8c026e,41.040130226691744,21.340138519731564,noise_dba,31
2026-01-27T16:02:05+01:00,40f081a6-4095-43f7-bffb-64e2af8c026e,41.040130226691744,21.340138519731564,pm10,4
2026-01-27T16:02:05+01:00,40f081a6-4095-43f7-bffb-64e2af8c026e,41.040130226691744,21.340138519731564,pm25,3
2026-01-27T16:02:05+01:00,40f081a6-4095-43f7-bffb-64e2af8c026e,41.040130226691744,21.340138519731564,pressure,931
2026-01-27T16:02:05+01:00,40f081a6-4095-43f7-bffb-64e2af8c026e,41.040130226691744,21.340138519731564,temperature,11
2026-01-27T16:17:37+01:00,40f081a6-4095-43f7-bffb-64e2af8c026e,41.040130226691744,21.340138519731564,gasResistance,13007335
2026-01-27T16:17:37+01:00,40f081a6-4095-43f7-bffb-64e2af8c026e,41.040130226691744,21.340138519731564,humidity,57
2026-01-27T16:17:37+01:00,40f081a6-4095-43f7-bffb-64e2af8c026e,41.040130226691744,21.340138519731564,noise,18
2026-01-27T16:17:37+01:00,40f081a6-4095-43f7-bffb-64e2af8c026e,41.040130226691744,21.340138519731564,noise_dba,32
2026-01-27T16:17:37+01:00,40f081a6-4095-43f7-bffb-64e2af8c026e,41.040130226691744,21.340138519731564,pm10,15
2026-01-27T16:17:37+01:00,40f081a6-4095-43f7-bffb-64e2af8c026e,41.040130226691744,21.340138519731564,pm25,11
2026-01-27T16:17:37+01:00,40f081a6-4095-43f7-bffb-64e2af8c026e,41.040130226691744,21.340138519731564,pressure,931
2026-01-27T16:17:37+01:00,40f081a6-4095-43f7-bffb-64e2af8c026e,41.040130226691744,21.340138519731564,temperature,11
2026-01-27T16:33:11+01:00,40f081a6-4095-43f7-bffb-64e2af8c026e,41.040130226691744,21.340138519731564,gasResistance,13007335
2026-01-27T16:33:11+01:00,40f081a6-4095-43f7-bffb-64e2af8c026e,41.040130226691744,21.340138519731564,humidity,58
2026-01-27T16:33:11+01:00,40f081a6-4095-43f7-bffb-64e2af8c026e,41.040130226691744,21.340138519731564,noise,28
2026-01-27T16:33:11+01:00,40f081a6-4095-43f7-bffb-64e2af8c026e,41.040130226691744,21.340138519731564,noise_dba,39
2026-01-27T16:33:11+01:00,40f081a6-4095-43f7-bffb-64e2af8c026e,41.040130226691744,21.340138519731564,pm10,5
2026-01-27T16:33:11+01:00,40f081a6-4095-43f7-bffb-64e2af8c026e,41.040130226691744,21.340138519731564,pm25,3
2026-01-27T16:33:11+01:00,40f081a6-4095-43f7-bffb-64e2af8c026e,41.040130226691744,21.340138519731564,pressure,932
2026-01-27T16:33:11+01:00,40f081a6-4095-43f7-bffb-64e2af8c026e,41.040130226691744,21.340138519731564,temperature,11
2026-01-27T16:48:43+01:00,40f081a6-4095-43f7-bffb-64e2af8c026e,41.040130226691744,21.340138519731564,gasResistance,13007335
2026-01-27T16:48:43+01:00,40f081a6-4095-43f7-bffb-64e2af8c026e,41.040130226691744,21.340138519731564,humidity,59
2026-01-27T16:48:43+01:00,40f081a6-4095-43f7-bffb-64e2af8c026e,41.040130226691744,21.340138519731564,noise,21
2026-01-27T16:48:43+01:00,40f081a6-4095-43f7-bffb-64e2af8c026e,41.040130226691744,21.340138519731564,noise_dba,34
2026-01-27T16:48:43+01:00,40f081a6-4095-43f7-bffb-64e2af8c026e,41.040130226691744,21.340138519731564,pm10,3
2026-01-27T16:48:43+01:00,40f081a6-4095-43f7-bffb-64e2af8c026e,41.040130226691744,21.340138519731564,pm25,2
2026-01-27T16:48:43+01:00,40f081a6-4095-43f7-bffb-64e2af8c026e,41.040130226691744,21.340138519731564,pressure,932
2026-01-27T16:48:43+01:00,40f081a6-4095-43f7-bffb-64e2af8c026e,41.040130226691744,21.340138519731564,temperature,10
2026-01-27T17:04:15+01:00,40f081a6-4095-43f7-bffb-64e2af8c026e,41.040130226691744,21.340138519731564,gasResistance,13007335
2026-01-27T17:04:15+01:00,40f081a6-4095-43f7-bffb-64e2af8c026e,41.040130226691744,21.340138519731564,humidity,59
2026-01-27T17:04:15+01:00,40f081a6-4095-43f7-bffb-64e2af8c026e,41.040130226691744,21.340138519731564,noise,23
2026-01-27T17:04:15+01:00,40f081a6-4095-43f7-bffb-64e2af8c026e,41.040130226691744,21.340138519731564,noise_dba,36
2026-01-27T17:04:15+01:00,40f081a6-4095-43f7-bffb-64e2af8c026e,41.040130226691744,21.340138519731564,pm10,5
2026-01-27T17:04:15+01:00,40f081a6-4095-43f7-bffb-64e2af8c026e,41.040130226691744,21.340138519731564,pm25,2
2026-01-27T17:04:15+01:00,40f081a6-4095-43f7-bffb-64e2af8c026e,41.040130226691744,21.340138519731564,pressure,932
2026-01-27T17:04:15+01:00,40f081a6-4095-43f7-bffb-64e2af8c026e,41.040130226691744,21.340138519731564,temperature,10
2026-01-27T17:19:48+01:00,40f081a6-4095-43f7-bffb-64e2af8c026e,41.040130226691744,21.340138519731564,gasResistance,13007335
2026-01-27T17:19:48+01:00,40f081a6-4095-43f7-bffb-64e2af8c026e,41.040130226691744,21.340138519731564,humidity,60
2026-01-27T17:19:48+01:00,40f081a6-4095-43f7-bffb-64e2af8c026e,41.040130226691744,21.340138519731564,noise,31
2026-01-27T17:19:48+01:00,40f081a6-4095-43f7-bffb-64e2af8c026e,41.040130226691744,21.340138519731564,noise_dba,41
2026-01-27T17:19:48+01:00,40f081a6-4095-43f7-bffb-64e2af8c026e,41.040130226691744,21.340138519731564,pm10,0
2026-01-27T17:19:48+01:00,40f081a6-4095-43f7-bffb-64e2af8c026e,41.040130226691744,21.340138519731564,pm25,0
2026-01-27T17:19:48+01:00,40f081a6-4095-43f7-bffb-64e2af8c026e,41.040130226691744,21.340138519731564,pressure,932
2026-01-27T17:19:48+01:00,40f081a6-4095-43f7-bffb-64e2af8c026e,41.040130226691744,21.340138519731564,temperature,10
2026-01-27T17:35:20+01:00,40f081a6-4095-43f7-bffb-64e2af8c026e,41.040130226691744,21.340138519731564,gasResistance,13007335
2026-01-27T17:35:20+01:00,40f081a6-4095-43f7-bffb-64e2af8c026e,41.040130226691744,21.340138519731564,humidity,59
2026-01-27T17:35:20+01:00,40f081a6-4095-43f7-bffb-64e2af8c026e,41.040130226691744,21.340138519731564,noise,27
2026-01-27T17:35:20+01:00,40f081a6-4095-43f7-bffb-64e2af8c026e,41.040130226691744,21.340138519731564,noise_dba,38
2026-01-27T17:35:20+01:00,40f081a6-4095-43f7-bffb-64e2af8c026e,41.040130226691744,21.340138519731564,pm10,2
2026-01-27T17:35:20+01:00,40f081a6-4095-43f7-bffb-64e2af8c026e,41.040130226691744,21.340138519731564,pm25,0
2026-01-27T17:35:20+01:00,40f081a6-4095-43f7-bffb-64e2af8c026e,41.040130226691744,21.340138519731564,pressure,932
2026-01-27T17:35:20+01:00,40f081a6-4095-43f7-bffb-64e2af8c026e,41.040130226691744,21.340138519731564,temperature,9
2026-01-27T17:50:52+01:00,40f081a6-4095-43f7-bffb-64e2af8c026e,41.040130226691744,21.340138519731564,gasResistance,13007335
2026-01-27T17:50:52+01:00,40f081a6-4095-43f7-bffb-64e2af8c026e,41.040130226691744,21.340138519731564,humidity,59
2026-01-27T17:50:52+01:00,40f081a6-4095-43f7-bffb-64e2af8c026e,41.040130226691744,21.340138519731564,noise,23
2026-01-27T17:50:52+01:00,40f081a6-4095-43f7-bffb-64e2af8c026e,41.040130226691744,21.340138519731564,noise_dba,36
2026-01-27T17:50:52+01:00,40f081a6-4095-43f7-bffb-64e2af8c026e,41.040130226691744,21.340138519731564,pm10,1
2026-01-27T17:50:52+01:00,40f081a6-4095-43f7-bffb-64e2af8c026e,41.040130226691744,21.340138519731564,pm25,1
2026-01-27T17:50:52+01:00,40f081a6-4095-43f7-bffb-64e2af8c026e,41.040130226691744,21.340138519731564,pressure,932
2026-01-27T17:50:52+01:00,40f081a6-4095-43f7-bffb-64e2af8c026e,41.040130226691744,21.340138519731564,temperature,9
2026-01-27T18:06:24+01:00,40f081a6-4095-43f7-bffb-64e2af8c026e,41.040130226691744,21.340138519731564,gasResistance,13007335
2026-01-27T18:06:24+01:00,40f081a6-4095-43f7-bffb-64e2af8c026e,41.040130226691744,21.340138519731564,humidity,59
2026-01-27T18:06:24+01:00,40f081a6-4095-43f7-bffb-64e2af8c026e,41.040130226691744,21.340138519731564,noise,27
2026-01-27T18:06:24+01:00,40f081a6-4095-43f7-bffb-64e2af8c026e,41.040130226691744,21.340138519731564,noise_dba,38
2026-01-27T18:06:24+01:00,40f081a6-4095-43f7-bffb-64e2af8c026e,41.040130226691744,21.340138519731564,pm10,4
2026-01-27T18:06:24+01:00,40f081a6-4095-43f7-bffb-64e2af8c026e,41.040130226691744,21.340138519731564,pm25,4
2026-01-27T18:06:24+01:00,40f081a6-4095-43f7-bffb-64e2af8c026e,41.040130226691744,21.340138519731564,pressure,933
2026-01-27T18:06:24+01:00,40f081a6-4095-43f7-bffb-64e2af8c026e,41.040130226691744,21.340138519731564,temperature,9
2026-01-27T18:21:57+01:00,40f081a6-4095-43f7-bffb-64e2af8c026e,41.040130226691744,21.340138519731564,gasResistance,13007335
2026-01-27T18:21:57+01:00,40f081a6-4095-43f7-bffb-64e2af8c026e,41.040130226691744,21.340138519731564,humidity,59
2026-01-27T18:21:57+01:00,40f081a6-4095-43f7-bffb-64e2af8c026e,41.040130226691744,21.340138519731564,noise,22
2026-01-27T18:21:57+01:00,40f081a6-4095-43f7-bffb-64e2af8c026e,41.040130226691744,21.340138519731564,noise_dba,35
2026-01-27T18:21:57+01:00,40f081a6-4095-43f7-bffb-64e2af8c026e,41.040130226691744,21.340138519731564,pm10,3
2026-01-27T18:21:57+01:00,40f081a6-4095-43f7-bffb-64e2af8c026e,41.040130226691744,21.340138519731564,pm25,3
2026-01-27T18:21:57+01:00,40f081a6-4095-43f7-bffb-64e2af8c026e,41.040130226691744,21.340138519731564,pressure,933
2026-01-27T18:21:57+01:00,40f081a6-4095-43f7-bffb-64e2af8c026e,41.040130226691744,21.340138519731564,temperature,9
2026-01-27T18:37:29+01:00,40f081a6-4095-43f7-bffb-64e2af8c026e,41.040130226691744,21.340138519731564,gasResistance,13007335
2026-01-27T18:37:29+01:00,40f081a6-4095-43f7-bffb-64e2af8c026e,41.040130226691744,21.340138519731564,humidity,60
2026-01-27T18:37:29+01:00,40f081a6-4095-43f7-bffb-64e2af8c026e,41.040130226691744,21.340138519731564,noise,23
2026-01-27T18:37:29+01:00,40f081a6-4095-43f7-bffb-64e2af8c026e,41.040130226691744,21.340138519731564,noise_dba,36
2026-01-27T18:37:29+01:00,40f081a6-4095-43f7-bffb-64e2af8c026e,41.040130226691744,21.340138519731564,pm10,9
2026-01-27T18:37:29+01:00,40f081a6-4095-43f7-bffb-64e2af8c026e,41.040130226691744,21.340138519731564,pm25,7
2026-01-27T18:37:29+01:00,40f081a6-4095-43f7-bffb-64e2af8c026e,41.040130226691744,21.340138519731564,pressure,933
2026-01-27T18:37:29+01:00,40f081a6-4095-43f7-bffb-64e2af8c026e,41.040130226691744,21.340138519731564,temperature,9
2026-01-27T18:53:01+01:00,40f081a6-4095-43f7-bffb-64e2af8c026e,41.040130226691744,21.340138519731564,gasResistance,13007335
2026-01-27T18:53:01+01:00,40f081a6-4095-43f7-bffb-64e2af8c026e,41.040130226691744,21.340138519731564,humidity,61
2026-01-27T18:53:01+01:00,40f081a6-4095-43f7-bffb-64e2af8c026e,41.040130226691744,21.340138519731564,noise,26
2026-01-27T18:53:01+01:00,40f081a6-4095-43f7-bffb-64e2af8c026e,41.040130226691744,21.340138519731564,noise_dba,38
2026-01-27T18:53:01+01:00,40f081a6-4095-43f7-bffb-64e2af8c026e,41.040130226691744,21.340138519731564,pm10,13
2026-01-27T18:53:01+01:00,40f081a6-4095-43f7-bffb-64e2af8c026e,41.040130226691744,21.340138519731564,pm25,8
2026-01-27T18:53:01+01:00,40f081a6-4095-43f7-bffb-64e2af8c026e,41.040130226691744,21.340138519731564,pressure,933
2026-01-27T18:53:01+01:00,40f081a6-4095-43f7-bffb-64e2af8c026e,41.040130226691744,21.340138519731564,temperature,8
2026-01-27T19:08:33+01:00,40f081a6-4095-43f7-bffb-64e2af8c026e,41.040130226691744,21.340138519731564,gasResistance,13007335
2026-01-27T19:08:33+01:00,40f081a6-4095-43f7-bffb-64e2af8c026e,41.040130226691744,21.340138519731564,humidity,62
2026-01-27T19:08:33+01:00,40f081a6-4095-43f7-bffb-64e2af8c026e,41.040130226691744,21.340138519731564,noise,27
2026-01-27T19:08:33+01:00,40f081a6-4095-43f7-bffb-64e2af8c026e,41.040130226691744,21.340138519731564,noise_dba,38
2026-01-27T19:08:33+01:00,40f081a6-4095-43f7-bffb-64e2af8c026e,41.040130226691744,21.340138519731564,pm10,4
2026-01-27T19:08:33+01:00,40f081a6-4095-43f7-bffb-64e2af8c026e,41.040130226691744,21.340138519731564,pm25,3
2026-01-27T19:08:33+01:00,40f081a6-4095-43f7-bffb-64e2af8c026e,41.040130226691744,21.340138519731564,pressure,933
2026-01-27T19:08:33+01:00,40f081a6-4095-43f7-bffb-64e2af8c026e,41.040130226691744,21.340138519731564,temperature,8
2026-01-27T19:24:08+01:00,40f081a6-4095-43f7-bffb-64e2af8c026e,41.040130226691744,21.340138519731564,gasResistance,13007335
2026-01-27T19:24:08+01:00,40f081a6-4095-43f7-bffb-64e2af8c026e,41.040130226691744,21.340138519731564,humidity,62
2026-01-27T19:24:08+01:00,40f081a6-4095-43f7-bffb-64e2af8c026e,41.040130226691744,21.340138519731564,noise,28
2026-01-27T19:24:08+01:00,40f081a6-4095-43f7-bffb-64e2af8c026e,41.040130226691744,21.340138519731564,noise_dba,39
2026-01-27T19:24:08+01:00,40f081a6-4095-43f7-bffb-64e2af8c026e,41.040130226691744,21.340138519731564,pm10,4
2026-01-27T19:24:08+01:00,40f081a6-4095-43f7-bffb-64e2af8c026e,41.040130226691744,21.340138519731564,pm25,3
2026-01-27T19:24:08+01:00,40f081a6-4095-43f7-bffb-64e2af8c026e,41.040130226691744,21.340138519731564,pressure,933
2026-01-27T19:24:08+01:00,40f081a6-4095-43f7-bffb-64e2af8c026e,41.040130226691744,21.340138519731564,temperature,8
2026-01-27T19:39:41+01:00,40f081a6-4095-43f7-bffb-64e2af8c026e,41.040130226691744,21.340138519731564,gasResistance,13007335
2026-01-27T19:39:41+01:00,40f081a6-4095-43f7-bffb-64e2af8c026e,41.040130226691744,21.340138519731564,humidity,62
2026-01-27T19:39:41+01:00,40f081a6-4095-43f7-bffb-64e2af8c026e,41.040130226691744,21.340138519731564,noise,28
2026-01-27T19:39:41+01:00,40f081a6-4095-43f7-bffb-64e2af8c026e,41.040130226691744,21.340138519731564,noise_dba,39
2026-01-27T19:39:41+01:00,40f081a6-4095-43f7-bffb-64e2af8c026e,41.040130226691744,21.340138519731564,pm10,5
2026-01-27T19:39:41+01:00,40f081a6-4095-43f7-bffb-64e2af8c026e,41.040130226691744,21.340138519731564,pm25,3
2026-01-27T19:39:41+01:00,40f081a6-4095-43f7-bffb-64e2af8c026e,41.040130226691744,21.340138519731564,pressure,933
2026-01-27T19:39:41+01:00,40f081a6-4095-43f7-bffb-64e2af8c026e,41.040130226691744,21.340138519731564,temperature,7
2026-01-27T19:55:13+01:00,40f081a6-4095-43f7-bffb-64e2af8c026e,41.040130226691744,21.340138519731564,gasResistance,13007335
2026-01-27T19:55:13+01:00,40f081a6-4095-43f7-bffb-64e2af8c026e,41.040130226691744,21.340138519731564,humidity,62
2026-01-27T19:55:13+01:00,40f081a6-4095-43f7-bffb-64e2af8c026e,41.040130226691744,21.340138519731564,noise,24
2026-01-27T19:55:13+01:00,40f081a6-4095-43f7-bffb-64e2af8c026e,41.040130226691744,21.340138519731564,noise_dba,36
2026-01-27T19:55:13+01:00,40f081a6-4095-43f7-bffb-64e2af8c026e,41.040130226691744,21.340138519731564,pm10,174
2026-01-27T19:55:13+01:00,40f081a6-4095-43f7-bffb-64e2af8c026e,41.040130226691744,21.340138519731564,pm25,114
2026-01-27T19:55:13+01:00,40f081a6-4095-43f7-bffb-64e2af8c026e,41.040130226691744,21.340138519731564,pressure,933
2026-01-27T19:55:13+01:00,40f081a6-4095-43f7-bffb-64e2af8c026e,41.040130226691744,21.340138519731564,temperature,7
2026-01-27T20:10:46+01:00,40f081a6-4095-43f7-bffb-64e2af8c026e,41.040130226691744,21.340138519731564,gasResistance,13007335
2026-01-27T20:10:46+01:00,40f081a6-4095-43f7-bffb-64e2af8c026e,41.040130226691744,21.340138519731564,humidity,62
2026-01-27T20:10:46+01:00,40f081a6-4095-43f7-bffb-64e2af8c026e,41.040130226691744,21.340138519731564,noise,23
2026-01-27T20:10:46+01:00,40f081a6-4095-43f7-bffb-64e2af8c026e,41.040130226691744,21.340138519731564,noise_dba,36
2026-01-27T20:10:46+01:00,40f081a6-4095-43f7-bffb-64e2af8c026e,41.040130226691744,21.340138519731564,pm10,16
2026-01-27T20:10:46+01:00,40f081a6-4095-43f7-bffb-64e2af8c026e,41.040130226691744,21.340138519731564,pm25,9
2026-01-27T20:10:46+01:00,40f081a6-4095-43f7-bffb-64e2af8c026e,41.040130226691744,21.340138519731564,pressure,933
2026-01-27T20:10:46+01:00,40f081a6-4095-43f7-bffb-64e2af8c026e,41.040130226691744,21.340138519731564,temperature,7
2026-01-27T20:26:18+01:00,40f081a6-4095-43f7-bffb-64e2af8c026e,41.040130226691744,21.340138519731564,gasResistance,13007335
2026-01-27T20:26:18+01:00,40f081a6-4095-43f7-bffb-64e2af8c026e,41.040130226691744,21.340138519731564,humidity,58
2026-01-27T20:26:18+01:00,40f081a6-4095-43f7-bffb-64e2af8c026e,41.040130226691744,21.340138519731564,noise,31
2026-01-27T20:26:18+01:00,40f081a6-4095-43f7-bffb-64e2af8c026e,41.040130226691744,21.340138519731564,noise_dba,41
2026-01-27T20:26:18+01:00,40f081a6-4095-43f7-bffb-64e2af8c026e,41.040130226691744,21.340138519731564,pm10,5
2026-01-27T20:26:18+01:00,40f081a6-4095-43f7-bffb-64e2af8c026e,41.040130226691744,21.340138519731564,pm25,4
2026-01-27T20:26:18+01:00,40f081a6-4095-43f7-bffb-64e2af8c026e,41.040130226691744,21.340138519731564,pressure,933
2026-01-27T20:26:18+01:00,40f081a6-4095-43f7-bffb-64e2af8c026e,41.040130226691744,21.340138519731564,temperature,7
2026-01-27T20:41:51+01:00,40f081a6-4095-43f7-bffb-64e2af8c026e,41.040130226691744,21.340138519731564,gasResistance,13007335
2026-01-27T20:41:51+01:00,40f081a6-4095-43f7-bffb-64e2af8c026e,41.040130226691744,21.340138519731564,humidity,57
2026-01-27T20:41:51+01:00,40f081a6-4095-43f7-bffb-64e2af8c026e,41.040130226691744,21.340138519731564,noise,42
2026-01-27T20:41:51+01:00,40f081a6-4095-43f7-bffb-64e2af8c026e,41.040130226691744,21.340138519731564,noise_dba,45
2026-01-27T20:41:51+01:00,40f081a6-4095-43f7-bffb-64e2af8c026e,41.040130226691744,21.340138519731564,pm10,8
2026-01-27T20:41:51+01:00,40f081a6-4095-43f7-bffb-64e2af8c026e,41.040130226691744,21.340138519731564,pm25,3
2026-01-27T20:41:51+01:00,40f081a6-4095-43f7-bffb-64e2af8c026e,41.040130226691744,21.340138519731564,pressure,933
2026-01-27T20:41:51+01:00,40f081a6-4095-43f7-bffb-64e2af8c026e,41.040130226691744,21.340138519731564,temperature,8
2026-01-27T20:57:23+01:00,40f081a6-4095-43f7-bffb-64e2af8c026e,41.040130226691744,21.340138519731564,gasResistance,13007335
2026-01-27T20:57:23+01:00,40f081a6-4095-43f7-bffb-64e2af8c026e,41.040130226691744,21.340138519731564,humidity,58
2026-01-27T20:57:23+01:00,40f081a6-4095-43f7-bffb-64e2af8c026e,41.040130226691744,21.340138519731564,noise,37
2026-01-27T20:57:23+01:00,40f081a6-4095-43f7-bffb-64e2af8c026e,41.040130226691744,21.340138519731564,noise_dba,43
2026-01-27T20:57:23+01:00,40f081a6-4095-43f7-bffb-64e2af8c026e,41.040130226691744,21.340138519731564,pm10,4
2026-01-27T20:57:23+01:00,40f081a6-4095-43f7-bffb-64e2af8c026e,41.040130226691744,21.340138519731564,pm25,4
2026-01-27T20:57:23+01:00,40f081a6-4095-43f7-bffb-64e2af8c026e,41.040130226691744,21.340138519731564,pressure,934
2026-01-27T20:57:23+01:00,40f081a6-4095-43f7-bffb-64e2af8c026e,41.040130226691744,21.340138519731564,temperature,8
2026-01-27T21:12:59+01:00,40f081a6-4095-43f7-bffb-64e2af8c026e,41.040130226691744,21.340138519731564,gasResistance,13007335
2026-01-27T21:12:59+01:00,40f081a6-4095-43f7-bffb-64e2af8c026e,41.040130226691744,21.340138519731564,humidity,60
2026-01-27T21:12:59+01:00,40f081a6-4095-43f7-bffb-64e2af8c026e,41.040130226691744,21.340138519731564,noise,31
2026-01-27T21:12:59+01:00,40f081a6-4095-43f7-bffb-64e2af8c026e,41.040130226691744,21.340138519731564,noise_dba,41
2026-01-27T21:12:59+01:00,40f081a6-4095-43f7-bffb-64e2af8c026e,41.040130226691744,21.340138519731564,pm10,40
2026-01-27T21:12:59+01:00,40f081a6-4095-43f7-bffb-64e2af8c026e,41.040130226691744,21.340138519731564,pm25,25
2026-01-27T21:12:59+01:00,40f081a6-4095-43f7-bffb-64e2af8c026e,41.040130226691744,21.340138519731564,pressure,934
2026-01-27T21:12:59+01:00,40f081a6-4095-43f7-bffb-64e2af8c026e,41.040130226691744,21.340138519731564,temperature,8
2026-01-27T21:28:31+01:00,40f081a6-4095-43f7-bffb-64e2af8c026e,41.040130226691744,21.340138519731564,gasResistance,13007335
2026-01-27T21:28:31+01:00,40f081a6-4095-43f7-bffb-64e2af8c026e,41.040130226691744,21.340138519731564,humidity,62
2026-01-27T21:28:31+01:00,40f081a6-4095-43f7-bffb-64e2af8c026e,41.040130226691744,21.340138519731564,noise,38
2026-01-27T21:28:31+01:00,40f081a6-4095-43f7-bffb-64e2af8c026e,41.040130226691744,21.340138519731564,noise_dba,44
2026-01-27T21:28:31+01:00,40f081a6-4095-43f7-bffb-64e2af8c026e,41.040130226691744,21.340138519731564,pm10,16
2026-01-27T21:28:31+01:00,40f081a6-4095-43f7-bffb-64e2af8c026e,41.040130226691744,21.340138519731564,pm25,9
2026-01-27T21:28:31+01:00,40f081a6-4095-43f7-bffb-64e2af8c026e,41.040130226691744,21.340138519731564,pressure,934
2026-01-27T21:28:31+01:00,40f081a6-4095-43f7-bffb-64e2af8c026e,41.040130226691744,21.340138519731564,temperature,7
2026-01-27T21:44:03+01:00,40f081a6-4095-43f7-bffb-64e2af8c026e,41.040130226691744,21.340138519731564,gasResistance,13007335
2026-01-27T21:44:03+01:00,40f081a6-4095-43f7-bffb-64e2af8c026e,41.040130226691744,21.340138519731564,humidity,62
2026-01-27T21:44:03+01:00,40f081a6-4095-43f7-bffb-64e2af8c026e,41.040130226691744,21.340138519731564,noise,28
2026-01-27T21:44:03+01:00,40f081a6-4095-43f7-bffb-64e2af8c026e,41.040130226691744,21.340138519731564,noise_dba,39
2026-01-27T21:44:03+01:00,40f081a6-4095-43f7-bffb-64e2af8c026e,41.040130226691744,21.340138519731564,pm10,16
2026-01-27T21:44:03+01:00,40f081a6-4095-43f7-bffb-64e2af8c026e,41.040130226691744,21.340138519731564,pm25,9
2026-01-27T21:44:03+01:00,40f081a6-4095-43f7-bffb-64e2af8c026e,41.040130226691744,21.340138519731564,pressure,934
2026-01-27T21:44:03+01:00,40f081a6-4095-43f7-bffb-64e2af8c026e,41.040130226691744,21.340138519731564,temperature,7
2026-01-27T21:59:36+01:00,40f081a6-4095-43f7-bffb-64e2af8c026e,41.040130226691744,21.340138519731564,gasResistance,13007335
2026-01-27T21:59:36+01:00,40f081a6-4095-43f7-bffb-64e2af8c026e,41.040130226691744,21.340138519731564,humidity,62
2026-01-27T21:59:36+01:00,40f081a6-4095-43f7-bffb-64e2af8c026e,41.040130226691744,21.340138519731564,noise,31
2026-01-27T21:59:36+01:00,40f081a6-4095-43f7-bffb-64e2af8c026e,41.040130226691744,21.340138519731564,noise_dba,41
2026-01-27T21:59:36+01:00,40f081a6-4095-43f7-bffb-64e2af8c026e,41.040130226691744,21.340138519731564,pm10,22
2026-01-27T21:59:36+01:00,40f081a6-4095-43f7-bffb-64e2af8c026e,41.040130226691744,21.340138519731564,pm25,14
2026-01-27T21:59:36+01:00,40f081a6-4095-43f7-bffb-64e2af8c026e,41.040130226691744,21.340138519731564,pressure,934
2026-01-27T21:59:36+01:00,40f081a6-4095-43f7-bffb-64e2af8c026e,41.040130226691744,21.340138519731564,temperature,6
2026-01-27T22:15:08+01:00,40f081a6-4095-43f7-bffb-64e2af8c026e,41.040130226691744,21.340138519731564,gasResistance,13007335
2026-01-27T22:15:08+01:00,40f081a6-4095-43f7-bffb-64e2af8c026e,41.040130226691744,21.340138519731564,humidity,63
2026-01-27T22:15:08+01:00,40f081a6-4095-43f7-bffb-64e2af8c026e,41.040130226691744,21.340138519731564,noise,45
2026-01-27T22:15:08+01:00,40f081a6-4095-43f7-bffb-64e2af8c026e,41.040130226691744,21.340138519731564,noise_dba,47
2026-01-27T22:15:08+01:00,40f081a6-4095-43f7-bffb-64e2af8c026e,41.040130226691744,21.340138519731564,pm10,72
2026-01-27T22:15:08+01:00,40f081a6-4095-43f7-bffb-64e2af8c026e,41.040130226691744,21.340138519731564,pm25,45
2026-01-27T22:15:08+01:00,40f081a6-4095-43f7-bffb-64e2af8c026e,41.040130226691744,21.340138519731564,pressure,934
2026-01-27T22:15:08+01:00,40f081a6-4095-43f7-bffb-64e2af8c026e,41.040130226691744,21.340138519731564,temperature,6
2026-01-27T22:30:42+01:00,40f081a6-4095-43f7-bffb-64e2af8c026e,41.040130226691744,21.340138519731564,gasResistance,13007335
2026-01-27T22:30:42+01:00,40f081a6-4095-43f7-bffb-64e2af8c026e,41.040130226691744,21.340138519731564,humidity,63
2026-01-27T22:30:42+01:00,40f081a6-4095-43f7-bffb-64e2af8c026e,41.040130226691744,21.340138519731564,noise,43
2026-01-27T22:30:42+01:00,40f081a6-4095-43f7-bffb-64e2af8c026e,41.040130226691744,21.340138519731564,noise_dba,46
2026-01-27T22:30:42+01:00,40f081a6-4095-43f7-bffb-64e2af8c026e,41.040130226691744,21.340138519731564,pm10,23
2026-01-27T22:30:42+01:00,40f081a6-4095-43f7-bffb-64e2af8c026e,41.040130226691744,21.340138519731564,pm25,14
2026-01-27T22:30:42+01:00,40f081a6-4095-43f7-bffb-64e2af8c026e,41.040130226691744,21.340138519731564,pressure,934
2026-01-27T22:30:42+01:00,40f081a6-4095-43f7-bffb-64e2af8c026e,41.040130226691744,21.340138519731564,temperature,6
2026-01-27T22:46:14+01:00,40f081a6-4095-43f7-bffb-64e2af8c026e,41.040130226691744,21.340138519731564,gasResistance,13007335
2026-01-27T22:46:14+01:00,40f081a6-4095-43f7-bffb-64e2af8c026e,41.040130226691744,21.340138519731564,humidity,62
2026-01-27T22:46:14+01:00,40f081a6-4095-43f7-bffb-64e2af8c026e,41.040130226691744,21.340138519731564,noise,43
2026-01-27T22:46:14+01:00,40f081a6-4095-43f7-bffb-64e2af8c026e,41.040130226691744,21.340138519731564,noise_dba,46
2026-01-27T22:46:14+01:00,40f081a6-4095-43f7-bffb-64e2af8c026e,41.040130226691744,21.340138519731564,pm10,22
2026-01-27T22:46:14+01:00,40f081a6-4095-43f7-bffb-64e2af8c026e,41.040130226691744,21.340138519731564,pm25,13
2026-01-27T22:46:14+01:00,40f081a6-4095-43f7-bffb-64e2af8c026e,41.040130226691744,21.340138519731564,pressure,934
2026-01-27T22:46:14+01:00,40f081a6-4095-43f7-bffb-64e2af8c026e,41.040130226691744,21.340138519731564,temperature,6
2026-01-27T23:01:47+01:00,40f081a6-4095-43f7-bffb-64e2af8c026e,41.040130226691744,21.340138519731564,gasResistance,13007335
2026-01-27T23:01:47+01:00,40f081a6-4095-43f7-bffb-64e2af8c026e,41.040130226691744,21.340138519731564,humidity,62
2026-01-27T23:01:47+01:00,40f081a6-4095-43f7-bffb-64e2af8c026e,41.040130226691744,21.340138519731564,noise,33
2026-01-27T23:01:47+01:00,40f081a6-4095-43f7-bffb-64e2af8c026e,41.040130226691744,21.340138519731564,noise_dba,42
2026-01-27T23:01:47+01:00,40f081a6-4095-43f7-bffb-64e2af8c026e,41.040130226691744,21.340138519731564,pm10,39
2026-01-27T23:01:47+01:00,40f081a6-4095-43f7-bffb-64e2af8c026e,41.040130226691744,21.340138519731564,pm25,24
2026-01-27T23:01:47+01:00,40f081a6-4095-43f7-bffb-64e2af8c026e,41.040130226691744,21.340138519731564,pressure,934
2026-01-27T23:01:47+01:00,40f081a6-4095-43f7-bffb-64e2af8c026e,41.040130226691744,21.340138519731564,temperature,6
2026-01-27T23:17:19+01:00,40f081a6-4095-43f7-bffb-64e2af8c026e,41.040130226691744,21.340138519731564,gasResistance,13007335
2026-01-27T23:17:19+01:00,40f081a6-4095-43f7-bffb-64e2af8c026e,41.040130226691744,21.340138519731564,humidity,62
2026-01-27T23:17:19+01:00,40f081a6-4095-43f7-bffb-64e2af8c026e,41.040130226691744,21.340138519731564,noise,42
2026-01-27T23:17:19+01:00,40f081a6-4095-43f7-bffb-64e2af8c026e,41.040130226691744,21.340138519731564,noise_dba,45
2026-01-27T23:17:19+01:00,40f081a6-4095-43f7-bffb-64e2af8c026e,41.040130226691744,21.340138519731564,pm10,20
2026-01-27T23:17:19+01:00,40f081a6-4095-43f7-bffb-64e2af8c026e,41.040130226691744,21.340138519731564,pm25,12
2026-01-27T23:17:19+01:00,40f081a6-4095-43f7-bffb-64e2af8c026e,41.040130226691744,21.340138519731564,pressure,934
2026-01-27T23:17:19+01:00,40f081a6-4095-43f7-bffb-64e2af8c026e,41.040130226691744,21.340138519731564,temperature,5
2026-01-27T23:32:52+01:00,40f081a6-4095-43f7-bffb-64e2af8c026e,41.040130226691744,21.340138519731564,gasResistance,13007335
2026-01-27T23:32:52+01:00,40f081a6-4095-43f7-bffb-64e2af8c026e,41.040130226691744,21.340138519731564,humidity,61
2026-01-27T23:32:52+01:00,40f081a6-4095-43f7-bffb-64e2af8c026e,41.040130226691744,21.340138519731564,noise,34
2026-01-27T23:32:52+01:00,40f081a6-4095-43f7-bffb-64e2af8c026e,41.040130226691744,21.340138519731564,noise_dba,42
2026-01-27T23:32:52+01:00,40f081a6-4095-43f7-bffb-64e2af8c026e,41.040130226691744,21.340138519731564,pm10,17
2026-01-27T23:32:52+01:00,40f081a6-4095-43f7-bffb-64e2af8c026e,41.040130226691744,21.340138519731564,pm25,12
2026-01-27T23:32:52+01:00,40f081a6-4095-43f7-bffb-64e2af8c026e,41.040130226691744,21.340138519731564,pressure,934
2026-01-27T23:32:52+01:00,40f081a6-4095-43f7-bffb-64e2af8c026e,41.040130226691744,21.340138519731564,temperature,5
2026-01-27T23:48:24+01:00,40f081a6-4095-43f7-bffb-64e2af8c026e,41.040130226691744,21.340138519731564,gasResistance,13007335
2026-01-27T23:48:24+01:00,40f081a6-4095-43f7-bffb-64e2af8c026e,41.040130226691744,21.340138519731564,humidity,62
2026-01-27T23:48:24+01:00,40f081a6-4095-43f7-bffb-64e2af8c026e,41.040130226691744,21.340138519731564,noise,25
2026-01-27T23:48:24+01:00,40f081a6-4095-43f7-bffb-64e2af8c026e,41.040130226691744,21.340138519731564,noise_dba,37
2026-01-27T23:48:24+01:00,40f081a6-4095-43f7-bffb-64e2af8c026e,41.040130226691744,21.340138519731564,pm10,39
2026-01-27T23:48:24+01:00,40f081a6-4095-43f7-bffb-64e2af8c026e,41.040130226691744,21.340138519731564,pm25,25
2026-01-27T23:48:24+01:00,40f081a6-4095-43f7-bffb-64e2af8c026e,41.040130226691744,21.340138519731564,pressure,934
2026-01-27T23:48:24+01:00,40f081a6-4095-43f7-bffb-64e2af8c026e,41.040130226691744,21.340138519731564,temperature,5
2026-01-28T00:03:56+01:00,40f081a6-4095-43f7-bffb-64e2af8c026e,41.040130226691744,21.340138519731564,gasResistance,13007335
2026-01-28T00:03:56+01:00,40f081a6-4095-43f7-bffb-64e2af8c026e,41.040130226691744,21.340138519731564,humidity,62
2026-01-28T00:03:56+01:00,40f081a6-4095-43f7-bffb-64e2af8c026e,41.040130226691744,21.340138519731564,noise,25
2026-01-28T00:03:56+01:00,40f081a6-4095-43f7-bffb-64e2af8c026e,41.040130226691744,21.340138519731564,noise_dba,37
2026-01-28T00:03:56+01:00,40f081a6-4095-43f7-bffb-64e2af8c026e,41.040130226691744,21.340138519731564,pm10,29
2026-01-28T00:03:56+01:00,40f081a6-4095-43f7-bffb-64e2af8c026e,41.040130226691744,21.340138519731564,pm25,17
2026-01-28T00:03:56+01:00,40f081a6-4095-43f7-bffb-64e2af8c026e,41.040130226691744,21.340138519731564,pressure,934
2026-01-28T00:03:56+01:00,40f081a6-4095-43f7-bffb-64e2af8c026e,41.040130226691744,21.340138519731564,temperature,5
2026-01-28T00:19:29+01:00,40f081a6-4095-43f7-bffb-64e2af8c026e,41.040130226691744,21.340138519731564,gasResistance,13007335
2026-01-28T00:19:29+01:00,40f081a6-4095-43f7-bffb-64e2af8c026e,41.040130226691744,21.340138519731564,humidity,63
2026-01-28T00:19:29+01:00,40f081a6-4095-43f7-bffb-64e2af8c026e,41.040130226691744,21.340138519731564,noise,30
2026-01-28T00:19:29+01:00,40f081a6-4095-43f7-bffb-64e2af8c026e,41.040130226691744,21.340138519731564,noise_dba,40
2026-01-28T00:19:29+01:00,40f081a6-4095-43f7-bffb-64e2af8c026e,41.040130226691744,21.340138519731564,pm10,87
2026-01-28T00:19:29+01:00,40f081a6-4095-43f7-bffb-64e2af8c026e,41.040130226691744,21.340138519731564,pm25,51
2026-01-28T00:19:29+01:00,40f081a6-4095-43f7-bffb-64e2af8c026e,41.040130226691744,21.340138519731564,pressure,934
2026-01-28T00:19:29+01:00,40f081a6-4095-43f7-bffb-64e2af8c026e,41.040130226691744,21.340138519731564,temperature,5
2026-01-28T00:35:01+01:00,40f081a6-4095-43f7-bffb-64e2af8c026e,41.040130226691744,21.340138519731564,gasResistance,13007335
2026-01-28T00:35:01+01:00,40f081a6-4095-43f7-bffb-64e2af8c026e,41.040130226691744,21.340138519731564,humidity,63
2026-01-28T00:35:01+01:00,40f081a6-4095-43f7-bffb-64e2af8c026e,41.040130226691744,21.340138519731564,noise,23
2026-01-28T00:35:01+01:00,40f081a6-4095-43f7-bffb-64e2af8c026e,41.040130226691744,21.340138519731564,noise_dba,36
2026-01-28T00:35:01+01:00,40f081a6-4095-43f7-bffb-64e2af8c026e,41.040130226691744,21.340138519731564,pm10,76
2026-01-28T00:35:01+01:00,40f081a6-4095-43f7-bffb-64e2af8c026e,41.040130226691744,21.340138519731564,pm25,44
2026-01-28T00:35:01+01:00,40f081a6-4095-43f7-bffb-64e2af8c026e,41.040130226691744,21.340138519731564,pressure,934
2026-01-28T00:35:01+01:00,40f081a6-4095-43f7-bffb-64e2af8c026e,41.040130226691744,21.340138519731564,temperature,5
2026-01-28T00:50:34+01:00,40f081a6-4095-43f7-bffb-64e2af8c026e,41.040130226691744,21.340138519731564,gasResistance,13007335
2026-01-28T00:50:34+01:00,40f081a6-4095-43f7-bffb-64e2af8c026e,41.040130226691744,21.340138519731564,humidity,63
2026-01-28T00:50:34+01:00,40f081a6-4095-43f7-bffb-64e2af8c026e,41.040130226691744,21.340138519731564,pm10,17
2026-01-28T00:50:34+01:00,40f081a6-4095-43f7-bffb-64e2af8c026e,41.040130226691744,21.340138519731564,pm25,11
2026-01-28T00:50:34+01:00,40f081a6-4095-43f7-bffb-64e2af8c026e,41.040130226691744,21.340138519731564,pressure,934
2026-01-28T00:50:34+01:00,40f081a6-4095-43f7-bffb-64e2af8c026e,41.040130226691744,21.340138519731564,temperature,4
2026-01-28T01:06:06+01:00,40f081a6-4095-43f7-bffb-64e2af8c026e,41.040130226691744,21.340138519731564,gasResistance,13007335
2026-01-28T01:06:06+01:00,40f081a6-4095-43f7-bffb-64e2af8c026e,41.040130226691744,21.340138519731564,humidity,64
2026-01-28T01:06:06+01:00,40f081a6-4095-43f7-bffb-64e2af8c026e,41.040130226691744,21.340138519731564,pm10,118
2026-01-28T01:06:06+01:00,40f081a6-4095-43f7-bffb-64e2af8c026e,41.040130226691744,21.340138519731564,pm25,69
2026-01-28T01:06:06+01:00,40f081a6-4095-43f7-bffb-64e2af8c026e,41.040130226691744,21.340138519731564,pressure,934
2026-01-28T01:06:06+01:00,40f081a6-4095-43f7-bffb-64e2af8c026e,41.040130226691744,21.340138519731564,temperature,4
2026-01-28T01:21:38+01:00,40f081a6-4095-43f7-bffb-64e2af8c026e,41.040130226691744,21.340138519731564,gasResistance,13007335
2026-01-28T01:21:38+01:00,40f081a6-4095-43f7-bffb-64e2af8c026e,41.040130226691744,21.340138519731564,humidity,64
2026-01-28T01:21:38+01:00,40f081a6-4095-43f7-bffb-64e2af8c026e,41.040130226691744,21.340138519731564,pm10,67
2026-01-28T01:21:38+01:00,40f081a6-4095-43f7-bffb-64e2af8c026e,41.040130226691744,21.340138519731564,pm25,39
2026-01-28T01:21:38+01:00,40f081a6-4095-43f7-bffb-64e2af8c026e,41.040130226691744,21.340138519731564,pressure,935
2026-01-28T01:21:38+01:00,40f081a6-4095-43f7-bffb-64e2af8c026e,41.040130226691744,21.340138519731564,temperature,4
2026-01-28T01:37:10+01:00,40f081a6-4095-43f7-bffb-64e2af8c026e,41.040130226691744,21.340138519731564,gasResistance,13007335
2026-01-28T01:37:10+01:00,40f081a6-4095-43f7-bffb-64e2af8c026e,41.040130226691744,21.340138519731564,humidity,62
2026-01-28T01:37:10+01:00,40f081a6-4095-43f7-bffb-64e2af8c026e,41.040130226691744,21.340138519731564,pm10,5
2026-01-28T01:37:10+01:00,40f081a6-4095-43f7-bffb-64e2af8c026e,41.040130226691744,21.340138519731564,pm25,3
2026-01-28T01:37:10+01:00,40f081a6-4095-43f7-bffb-64e2af8c026e,41.040130226691744,21.340138519731564,pressure,935
2026-01-28T01:37:10+01:00,40f081a6-4095-43f7-bffb-64e2af8c026e,41.040130226691744,21.340138519731564,temperature,4
2026-01-28T01:52:42+01:00,40f081a6-4095-43f7-bffb-64e2af8c026e,41.040130226691744,21.340138519731564,gasResistance,13007335
2026-01-28T01:52:42+01:00,40f081a6-4095-43f7-bffb-64e2af8c026e,41.040130226691744,21.340138519731564,humidity,61
2026-01-28T01:52:42+01:00,40f081a6-4095-43f7-bffb-64e2af8c026e,41.040130226691744,21.340138519731564,pm10,28
2026-01-28T01:52:42+01:00,40f081a6-4095-43f7-bffb-64e2af8c026e,41.040130226691744,21.340138519731564,pm25,17
2026-01-28T01:52:42+01:00,40f081a6-4095-43f7-bffb-64e2af8c026e,41.040130226691744,21.340138519731564,pressure,935
2026-01-28T01:52:42+01:00,40f081a6-4095-43f7-bffb-64e2af8c026e,41.040130226691744,21.340138519731564,temperature,4
2026-01-28T02:08:16+01:00,40f081a6-4095-43f7-bffb-64e2af8c026e,41.040130226691744,21.340138519731564,gasResistance,13007335
2026-01-28T02:08:16+01:00,40f081a6-4095-43f7-bffb-64e2af8c026e,41.040130226691744,21.340138519731564,humidity,61
2026-01-28T02:08:16+01:00,40f081a6-4095-43f7-bffb-64e2af8c026e,41.040130226691744,21.340138519731564,noise,19
2026-01-28T02:08:16+01:00,40f081a6-4095-43f7-bffb-64e2af8c026e,41.040130226691744,21.340138519731564,noise_dba,33
2026-01-28T02:08:16+01:00,40f081a6-4095-43f7-bffb-64e2af8c026e,41.040130226691744,21.340138519731564,pm10,21
2026-01-28T02:08:16+01:00,40f081a6-4095-43f7-bffb-64e2af8c026e,41.040130226691744,21.340138519731564,pm25,11
2026-01-28T02:08:16+01:00,40f081a6-4095-43f7-bffb-64e2af8c026e,41.040130226691744,21.340138519731564,pressure,935
2026-01-28T02:08:16+01:00,40f081a6-4095-43f7-bffb-64e2af8c026e,41.040130226691744,21.340138519731564,temperature,4
2026-01-28T02:23:48+01:00,40f081a6-4095-43f7-bffb-64e2af8c026e,41.040130226691744,21.340138519731564,gasResistance,13007335
2026-01-28T02:23:48+01:00,40f081a6-4095-43f7-bffb-64e2af8c026e,41.040130226691744,21.340138519731564,humidity,62
2026-01-28T02:23:48+01:00,40f081a6-4095-43f7-bffb-64e2af8c026e,41.040130226691744,21.340138519731564,noise,34
2026-01-28T02:23:48+01:00,40f081a6-4095-43f7-bffb-64e2af8c026e,41.040130226691744,21.340138519731564,noise_dba,42
2026-01-28T02:23:48+01:00,40f081a6-4095-43f7-bffb-64e2af8c026e,41.040130226691744,21.340138519731564,pm10,35
2026-01-28T02:23:48+01:00,40f081a6-4095-43f7-bffb-64e2af8c026e,41.040130226691744,21.340138519731564,pm25,19
2026-01-28T02:23:48+01:00,40f081a6-4095-43f7-bffb-64e2af8c026e,41.040130226691744,21.340138519731564,pressure,935
2026-01-28T02:23:48+01:00,40f081a6-4095-43f7-bffb-64e2af8c026e,41.040130226691744,21.340138519731564,temperature,4
2026-01-28T02:39:20+01:00,40f081a6-4095-43f7-bffb-64e2af8c026e,41.040130226691744,21.340138519731564,gasResistance,13007335
2026-01-28T02:39:20+01:00,40f081a6-4095-43f7-bffb-64e2af8c026e,41.040130226691744,21.340138519731564,humidity,63
2026-01-28T02:39:20+01:00,40f081a6-4095-43f7-bffb-64e2af8c026e,41.040130226691744,21.340138519731564,pm10,43
2026-01-28T02:39:20+01:00,40f081a6-4095-43f7-bffb-64e2af8c026e,41.040130226691744,21.340138519731564,pm25,25
2026-01-28T02:39:20+01:00,40f081a6-4095-43f7-bffb-64e2af8c026e,41.040130226691744,21.340138519731564,pressure,935
2026-01-28T02:39:20+01:00,40f081a6-4095-43f7-bffb-64e2af8c026e,41.040130226691744,21.340138519731564,temperature,4
2026-01-28T02:54:52+01:00,40f081a6-4095-43f7-bffb-64e2af8c026e,41.040130226691744,21.340138519731564,gasResistance,13007335
2026-01-28T02:54:52+01:00,40f081a6-4095-43f7-bffb-64e2af8c026e,41.040130226691744,21.340138519731564,humidity,63
2026-01-28T02:54:52+01:00,40f081a6-4095-43f7-bffb-64e2af8c026e,41.040130226691744,21.340138519731564,pm10,15
2026-01-28T02:54:52+01:00,40f081a6-4095-43f7-bffb-64e2af8c026e,41.040130226691744,21.340138519731564,pm25,9
2026-01-28T02:54:52+01:00,40f081a6-4095-43f7-bffb-64e2af8c026e,41.040130226691744,21.340138519731564,pressure,935
2026-01-28T02:54:52+01:00,40f081a6-4095-43f7-bffb-64e2af8c026e,41.040130226691744,21.340138519731564,temperature,4
2026-01-28T03:10:24+01:00,40f081a6-4095-43f7-bffb-64e2af8c026e,41.040130226691744,21.340138519731564,gasResistance,13007335
2026-01-28T03:10:24+01:00,40f081a6-4095-43f7-bffb-64e2af8c026e,41.040130226691744,21.340138519731564,humidity,63
2026-01-28T03:10:24+01:00,40f081a6-4095-43f7-bffb-64e2af8c026e,41.040130226691744,21.340138519731564,pm10,4
2026-01-28T03:10:24+01:00,40f081a6-4095-43f7-bffb-64e2af8c026e,41.040130226691744,21.340138519731564,pm25,3
2026-01-28T03:10:24+01:00,40f081a6-4095-43f7-bffb-64e2af8c026e,41.040130226691744,21.340138519731564,pressure,935
2026-01-28T03:10:24+01:00,40f081a6-4095-43f7-bffb-64e2af8c026e,41.040130226691744,21.340138519731564,temperature,4
2026-01-28T03:25:57+01:00,40f081a6-4095-43f7-bffb-64e2af8c026e,41.040130226691744,21.340138519731564,gasResistance,13007335
2026-01-28T03:25:57+01:00,40f081a6-4095-43f7-bffb-64e2af8c026e,41.040130226691744,21.340138519731564,humidity,61
2026-01-28T03:25:57+01:00,40f081a6-4095-43f7-bffb-64e2af8c026e,41.040130226691744,21.340138519731564,noise,12
2026-01-28T03:25:57+01:00,40f081a6-4095-43f7-bffb-64e2af8c026e,41.040130226691744,21.340138519731564,noise_dba,25
2026-01-28T03:25:57+01:00,40f081a6-4095-43f7-bffb-64e2af8c026e,41.040130226691744,21.340138519731564,pm10,8
2026-01-28T03:25:57+01:00,40f081a6-4095-43f7-bffb-64e2af8c026e,41.040130226691744,21.340138519731564,pm25,4
2026-01-28T03:25:57+01:00,40f081a6-4095-43f7-bffb-64e2af8c026e,41.040130226691744,21.340138519731564,pressure,935
2026-01-28T03:25:57+01:00,40f081a6-4095-43f7-bffb-64e2af8c026e,41.040130226691744,21.340138519731564,temperature,4
2026-01-28T03:41:29+01:00,40f081a6-4095-43f7-bffb-64e2af8c026e,41.040130226691744,21.340138519731564,gasResistance,13007335
2026-01-28T03:41:29+01:00,40f081a6-4095-43f7-bffb-64e2af8c026e,41.040130226691744,21.340138519731564,humidity,61
2026-01-28T03:41:29+01:00,40f081a6-4095-43f7-bffb-64e2af8c026e,41.040130226691744,21.340138519731564,noise,24
2026-01-28T03:41:29+01:00,40f081a6-4095-43f7-bffb-64e2af8c026e,41.040130226691744,21.340138519731564,noise_dba,36
2026-01-28T03:41:29+01:00,40f081a6-4095-43f7-bffb-64e2af8c026e,41.040130226691744,21.340138519731564,pm10,8
2026-01-28T03:41:29+01:00,40f081a6-4095-43f7-bffb-64e2af8c026e,41.040130226691744,21.340138519731564,pm25,5
2026-01-28T03:41:29+01:00,40f081a6-4095-43f7-bffb-64e2af8c026e,41.040130226691744,21.340138519731564,pressure,935
2026-01-28T03:41:29+01:00,40f081a6-4095-43f7-bffb-64e2af8c026e,41.040130226691744,21.340138519731564,temperature,5
2026-01-28T03:57:01+01:00,40f081a6-4095-43f7-bffb-64e2af8c026e,41.040130226691744,21.340138519731564,gasResistance,13007335
2026-01-28T03:57:01+01:00,40f081a6-4095-43f7-bffb-64e2af8c026e,41.040130226691744,21.340138519731564,humidity,60
2026-01-28T03:57:01+01:00,40f081a6-4095-43f7-bffb-64e2af8c026e,41.040130226691744,21.340138519731564,noise,12
2026-01-28T03:57:01+01:00,40f081a6-4095-43f7-bffb-64e2af8c026e,41.040130226691744,21.340138519731564,noise_dba,25
2026-01-28T03:57:01+01:00,40f081a6-4095-43f7-bffb-64e2af8c026e,41.040130226691744,21.340138519731564,pm10,15
2026-01-28T03:57:01+01:00,40f081a6-4095-43f7-bffb-64e2af8c026e,41.040130226691744,21.340138519731564,pm25,10
2026-01-28T03:57:01+01:00,40f081a6-4095-43f7-bffb-64e2af8c026e,41.040130226691744,21.340138519731564,pressure,935
2026-01-28T03:57:01+01:00,40f081a6-4095-43f7-bffb-64e2af8c026e,41.040130226691744,21.340138519731564,temperature,5
2026-01-28T04:12:33+01:00,40f081a6-4095-43f7-bffb-64e2af8c026e,41.040130226691744,21.340138519731564,gasResistance,13007335
2026-01-28T04:12:33+01:00,40f081a6-4095-43f7-bffb-64e2af8c026e,41.040130226691744,21.340138519731564,humidity,62
2026-01-28T04:12:33+01:00,40f081a6-4095-43f7-bffb-64e2af8c026e,41.040130226691744,21.340138519731564,pm10,35
2026-01-28T04:12:33+01:00,40f081a6-4095-43f7-bffb-64e2af8c026e,41.040130226691744,21.340138519731564,pm25,21
2026-01-28T04:12:33+01:00,40f081a6-4095-43f7-bffb-64e2af8c026e,41.040130226691744,21.340138519731564,pressure,935
2026-01-28T04:12:33+01:00,40f081a6-4095-43f7-bffb-64e2af8c026e,41.040130226691744,21.340138519731564,temperature,4
2026-01-28T04:28:05+01:00,40f081a6-4095-43f7-bffb-64e2af8c026e,41.040130226691744,21.340138519731564,gasResistance,13007335
2026-01-28T04:28:05+01:00,40f081a6-4095-43f7-bffb-64e2af8c026e,41.040130226691744,21.340138519731564,humidity,63
2026-01-28T04:28:05+01:00,40f081a6-4095-43f7-bffb-64e2af8c026e,41.040130226691744,21.340138519731564,pm10,24
2026-01-28T04:28:05+01:00,40f081a6-4095-43f7-bffb-64e2af8c026e,41.040130226691744,21.340138519731564,pm25,18
2026-01-28T04:28:05+01:00,40f081a6-4095-43f7-bffb-64e2af8c026e,41.040130226691744,21.340138519731564,pressure,935
2026-01-28T04:28:05+01:00,40f081a6-4095-43f7-bffb-64e2af8c026e,41.040130226691744,21.340138519731564,temperature,3
2026-01-28T04:43:37+01:00,40f081a6-4095-43f7-bffb-64e2af8c026e,41.040130226691744,21.340138519731564,gasResistance,13007335
2026-01-28T04:43:37+01:00,40f081a6-4095-43f7-bffb-64e2af8c026e,41.040130226691744,21.340138519731564,humidity,63
2026-01-28T04:43:37+01:00,40f081a6-4095-43f7-bffb-64e2af8c026e,41.040130226691744,21.340138519731564,pm10,17
2026-01-28T04:43:37+01:00,40f081a6-4095-43f7-bffb-64e2af8c026e,41.040130226691744,21.340138519731564,pm25,11
2026-01-28T04:43:37+01:00,40f081a6-4095-43f7-bffb-64e2af8c026e,41.040130226691744,21.340138519731564,pressure,935
2026-01-28T04:43:37+01:00,40f081a6-4095-43f7-bffb-64e2af8c026e,41.040130226691744,21.340138519731564,temperature,3
2026-01-28T04:59:10+01:00,40f081a6-4095-43f7-bffb-64e2af8c026e,41.040130226691744,21.340138519731564,gasResistance,13007335
2026-01-28T04:59:10+01:00,40f081a6-4095-43f7-bffb-64e2af8c026e,41.040130226691744,21.340138519731564,humidity,64
2026-01-28T04:59:10+01:00,40f081a6-4095-43f7-bffb-64e2af8c026e,41.040130226691744,21.340138519731564,pm10,13
2026-01-28T04:59:10+01:00,40f081a6-4095-43f7-bffb-64e2af8c026e,41.040130226691744,21.340138519731564,pm25,9
2026-01-28T04:59:10+01:00,40f081a6-4095-43f7-bffb-64e2af8c026e,41.040130226691744,21.340138519731564,pressure,935
2026-01-28T04:59:10+01:00,40f081a6-4095-43f7-bffb-64e2af8c026e,41.040130226691744,21.340138519731564,temperature,3
2026-01-28T05:14:42+01:00,40f081a6-4095-43f7-bffb-64e2af8c026e,41.040130226691744,21.340138519731564,gasResistance,13007335
2026-01-28T05:14:42+01:00,40f081a6-4095-43f7-bffb-64e2af8c026e,41.040130226691744,21.340138519731564,humidity,65
2026-01-28T05:14:42+01:00,40f081a6-4095-43f7-bffb-64e2af8c026e,41.040130226691744,21.340138519731564,pm10,44
2026-01-28T05:14:42+01:00,40f081a6-4095-43f7-bffb-64e2af8c026e,41.040130226691744,21.340138519731564,pm25,26
2026-01-28T05:14:42+01:00,40f081a6-4095-43f7-bffb-64e2af8c026e,41.040130226691744,21.340138519731564,pressure,935
2026-01-28T05:14:42+01:00,40f081a6-4095-43f7-bffb-64e2af8c026e,41.040130226691744,21.340138519731564,temperature,2
2026-01-28T05:30:14+01:00,40f081a6-4095-43f7-bffb-64e2af8c026e,41.040130226691744,21.340138519731564,gasResistance,13007335
2026-01-28T05:30:14+01:00,40f081a6-4095-43f7-bffb-64e2af8c026e,41.040130226691744,21.340138519731564,humidity,65
2026-01-28T05:30:14+01:00,40f081a6-4095-43f7-bffb-64e2af8c026e,41.040130226691744,21.340138519731564,pm10,43
2026-01-28T05:30:14+01:00,40f081a6-4095-43f7-bffb-64e2af8c026e,41.040130226691744,21.340138519731564,pm25,25
2026-01-28T05:30:14+01:00,40f081a6-4095-43f7-bffb-64e2af8c026e,41.040130226691744,21.340138519731564,pressure,935
2026-01-28T05:30:14+01:00,40f081a6-4095-43f7-bffb-64e2af8c026e,41.040130226691744,21.340138519731564,temperature,2
2026-01-28T05:45:46+01:00,40f081a6-4095-43f7-bffb-64e2af8c026e,41.040130226691744,21.340138519731564,gasResistance,13007335
2026-01-28T05:45:46+01:00,40f081a6-4095-43f7-bffb-64e2af8c026e,41.040130226691744,21.340138519731564,humidity,65
2026-01-28T05:45:46+01:00,40f081a6-4095-43f7-bffb-64e2af8c026e,41.040130226691744,21.340138519731564,pm10,107
2026-01-28T05:45:46+01:00,40f081a6-4095-43f7-bffb-64e2af8c026e,41.040130226691744,21.340138519731564,pm25,40
2026-01-28T05:45:46+01:00,40f081a6-4095-43f7-bffb-64e2af8c026e,41.040130226691744,21.340138519731564,pressure,935
2026-01-28T05:45:46+01:00,40f081a6-4095-43f7-bffb-64e2af8c026e,41.040130226691744,21.340138519731564,temperature,2
2026-01-28T06:01:19+01:00,40f081a6-4095-43f7-bffb-64e2af8c026e,41.040130226691744,21.340138519731564,gasResistance,13007335
2026-01-28T06:01:19+01:00,40f081a6-4095-43f7-bffb-64e2af8c026e,41.040130226691744,21.340138519731564,humidity,65
2026-01-28T06:01:19+01:00,40f081a6-4095-43f7-bffb-64e2af8c026e,41.040130226691744,21.340138519731564,pm10,11
2026-01-28T06:01:19+01:00,40f081a6-4095-43f7-bffb-64e2af8c026e,41.040130226691744,21.340138519731564,pm25,7
2026-01-28T06:01:19+01:00,40f081a6-4095-43f7-bffb-64e2af8c026e,41.040130226691744,21.340138519731564,pressure,935
2026-01-28T06:01:19+01:00,40f081a6-4095-43f7-bffb-64e2af8c026e,41.040130226691744,21.340138519731564,temperature,2
2026-01-28T06:16:51+01:00,40f081a6-4095-43f7-bffb-64e2af8c026e,41.040130226691744,21.340138519731564,gasResistance,13007335
2026-01-28T06:16:51+01:00,40f081a6-4095-43f7-bffb-64e2af8c026e,41.040130226691744,21.340138519731564,humidity,65
2026-01-28T06:16:51+01:00,40f081a6-4095-43f7-bffb-64e2af8c026e,41.040130226691744,21.340138519731564,pm10,6
2026-01-28T06:16:51+01:00,40f081a6-4095-43f7-bffb-64e2af8c026e,41.040130226691744,21.340138519731564,pm25,4
2026-01-28T06:16:51+01:00,40f081a6-4095-43f7-bffb-64e2af8c026e,41.040130226691744,21.340138519731564,pressure,935
2026-01-28T06:16:51+01:00,40f081a6-4095-43f7-bffb-64e2af8c026e,41.040130226691744,21.340138519731564,temperature,2
2026-01-28T06:32:23+01:00,40f081a6-4095-43f7-bffb-64e2af8c026e,41.040130226691744,21.340138519731564,gasResistance,13007335
2026-01-28T06:32:23+01:00,40f081a6-4095-43f7-bffb-64e2af8c026e,41.040130226691744,21.340138519731564,humidity,64
2026-01-28T06:32:23+01:00,40f081a6-4095-43f7-bffb-64e2af8c026e,41.040130226691744,21.340138519731564,pm10,18
2026-01-28T06:32:23+01:00,40f081a6-4095-43f7-bffb-64e2af8c026e,41.040130226691744,21.340138519731564,pm25,11
2026-01-28T06:32:23+01:00,40f081a6-4095-43f7-bffb-64e2af8c026e,41.040130226691744,21.340138519731564,pressure,935
2026-01-28T06:32:23+01:00,40f081a6-4095-43f7-bffb-64e2af8c026e,41.040130226691744,21.340138519731564,temperature,3
2026-01-28T06:47:56+01:00,40f081a6-4095-43f7-bffb-64e2af8c026e,41.040130226691744,21.340138519731564,gasResistance,13007335
2026-01-28T06:47:56+01:00,40f081a6-4095-43f7-bffb-64e2af8c026e,41.040130226691744,21.340138519731564,humidity,64
2026-01-28T06:47:56+01:00,40f081a6-4095-43f7-bffb-64e2af8c026e,41.040130226691744,21.340138519731564,pm10,21
2026-01-28T06:47:56+01:00,40f081a6-4095-43f7-bffb-64e2af8c026e,41.040130226691744,21.340138519731564,pm25,12
2026-01-28T06:47:56+01:00,40f081a6-4095-43f7-bffb-64e2af8c026e,41.040130226691744,21.340138519731564,pressure,935
2026-01-28T06:47:56+01:00,40f081a6-4095-43f7-bffb-64e2af8c026e,41.040130226691744,21.340138519731564,temperature,3
2026-01-28T07:03:28+01:00,40f081a6-4095-43f7-bffb-64e2af8c026e,41.040130226691744,21.340138519731564,gasResistance,13007335
2026-01-28T07:03:28+01:00,40f081a6-4095-43f7-bffb-64e2af8c026e,41.040130226691744,21.340138519731564,humidity,64
2026-01-28T07:03:28+01:00,40f081a6-4095-43f7-bffb-64e2af8c026e,41.040130226691744,21.340138519731564,pm10,7
2026-01-28T07:03:28+01:00,40f081a6-4095-43f7-bffb-64e2af8c026e,41.040130226691744,21.340138519731564,pm25,5
2026-01-28T07:03:28+01:00,40f081a6-4095-43f7-bffb-64e2af8c026e,41.040130226691744,21.340138519731564,pressure,935
2026-01-28T07:03:28+01:00,40f081a6-4095-43f7-bffb-64e2af8c026e,41.040130226691744,21.340138519731564,temperature,3
2026-01-28T07:19:01+01:00,40f081a6-4095-43f7-bffb-64e2af8c026e,41.040130226691744,21.340138519731564,gasResistance,13007335
2026-01-28T07:19:01+01:00,40f081a6-4095-43f7-bffb-64e2af8c026e,41.040130226691744,21.340138519731564,humidity,60
2026-01-28T07:19:01+01:00,40f081a6-4095-43f7-bffb-64e2af8c026e,41.040130226691744,21.340138519731564,noise,29
2026-01-28T07:19:01+01:00,40f081a6-4095-43f7-bffb-64e2af8c026e,41.040130226691744,21.340138519731564,noise_dba,40
2026-01-28T07:19:01+01:00,40f081a6-4095-43f7-bffb-64e2af8c026e,41.040130226691744,21.340138519731564,pm10,24
2026-01-28T07:19:01+01:00,40f081a6-4095-43f7-bffb-64e2af8c026e,41.040130226691744,21.340138519731564,pm25,15
2026-01-28T07:19:01+01:00,40f081a6-4095-43f7-bffb-64e2af8c026e,41.040130226691744,21.340138519731564,pressure,935
2026-01-28T07:19:01+01:00,40f081a6-4095-43f7-bffb-64e2af8c026e,41.040130226691744,21.340138519731564,temperature,5
2026-01-28T07:34:33+01:00,40f081a6-4095-43f7-bffb-64e2af8c026e,41.040130226691744,21.340138519731564,gasResistance,13007335
2026-01-28T07:34:33+01:00,40f081a6-4095-43f7-bffb-64e2af8c026e,41.040130226691744,21.340138519731564,humidity,57
2026-01-28T07:34:33+01:00,40f081a6-4095-43f7-bffb-64e2af8c026e,41.040130226691744,21.340138519731564,noise,23
2026-01-28T07:34:33+01:00,40f081a6-4095-43f7-bffb-64e2af8c026e,41.040130226691744,21.340138519731564,noise_dba,36
2026-01-28T07:34:33+01:00,40f081a6-4095-43f7-bffb-64e2af8c026e,41.040130226691744,21.340138519731564,pm10,86
2026-01-28T07:34:33+01:00,40f081a6-4095-43f7-bffb-64e2af8c026e,41.040130226691744,21.340138519731564,pm25,49
2026-01-28T07:34:33+01:00,40f081a6-4095-43f7-bffb-64e2af8c026e,41.040130226691744,21.340138519731564,pressure,936
2026-01-28T07:34:33+01:00,40f081a6-4095-43f7-bffb-64e2af8c026e,41.040130226691744,21.340138519731564,temperature,7
2026-01-28T07:50:04+01:00,40f081a6-4095-43f7-bffb-64e2af8c026e,41.040130226691744,21.340138519731564,gasResistance,13007335
2026-01-28T07:50:04+01:00,40f081a6-4095-43f7-bffb-64e2af8c026e,41.040130226691744,21.340138519731564,humidity,53
2026-01-28T07:50:04+01:00,40f081a6-4095-43f7-bffb-64e2af8c026e,41.040130226691744,21.340138519731564,noise,20
2026-01-28T07:50:04+01:00,40f081a6-4095-43f7-bffb-64e2af8c026e,41.040130226691744,21.340138519731564,noise_dba,34
2026-01-28T07:50:04+01:00,40f081a6-4095-43f7-bffb-64e2af8c026e,41.040130226691744,21.340138519731564,pm10,70
2026-01-28T07:50:04+01:00,40f081a6-4095-43f7-bffb-64e2af8c026e,41.040130226691744,21.340138519731564,pm25,44
2026-01-28T07:50:04+01:00,40f081a6-4095-43f7-bffb-64e2af8c026e,41.040130226691744,21.340138519731564,pressure,936
2026-01-28T07:50:04+01:00,40f081a6-4095-43f7-bffb-64e2af8c026e,41.040130226691744,21.340138519731564,temperature,9
2026-01-28T08:05:37+01:00,40f081a6-4095-43f7-bffb-64e2af8c026e,41.040130226691744,21.340138519731564,gasResistance,13007335
2026-01-28T08:05:37+01:00,40f081a6-4095-43f7-bffb-64e2af8c026e,41.040130226691744,21.340138519731564,humidity,57
2026-01-28T08:05:37+01:00,40f081a6-4095-43f7-bffb-64e2af8c026e,41.040130226691744,21.340138519731564,noise,23
2026-01-28T08:05:37+01:00,40f081a6-4095-43f7-bffb-64e2af8c026e,41.040130226691744,21.340138519731564,noise_dba,36
2026-01-28T08:05:37+01:00,40f081a6-4095-43f7-bffb-64e2af8c026e,41.040130226691744,21.340138519731564,pm10,120
2026-01-28T08:05:37+01:00,40f081a6-4095-43f7-bffb-64e2af8c026e,41.040130226691744,21.340138519731564,pm25,76
2026-01-28T08:05:37+01:00,40f081a6-4095-43f7-bffb-64e2af8c026e,41.040130226691744,21.340138519731564,pressure,935
2026-01-28T08:05:37+01:00,40f081a6-4095-43f7-bffb-64e2af8c026e,41.040130226691744,21.340138519731564,temperature,9
2026-01-28T08:21:09+01:00,40f081a6-4095-43f7-bffb-64e2af8c026e,41.040130226691744,21.340138519731564,gasResistance,13007335
2026-01-28T08:21:09+01:00,40f081a6-4095-43f7-bffb-64e2af8c026e,41.040130226691744,21.340138519731564,humidity,58
2026-01-28T08:21:09+01:00,40f081a6-4095-43f7-bffb-64e2af8c026e,41.040130226691744,21.340138519731564,noise,20
2026-01-28T08:21:09+01:00,40f081a6-4095-43f7-bffb-64e2af8c026e,41.040130226691744,21.340138519731564,noise_dba,34
2026-01-28T08:21:09+01:00,40f081a6-4095-43f7-bffb-64e2af8c026e,41.040130226691744,21.340138519731564,pm10,109
2026-01-28T08:21:09+01:00,40f081a6-4095-43f7-bffb-64e2af8c026e,41.040130226691744,21.340138519731564,pm25,66
2026-01-28T08:21:09+01:00,40f081a6-4095-43f7-bffb-64e2af8c026e,41.040130226691744,21.340138519731564,pressure,935
2026-01-28T08:21:09+01:00,40f081a6-4095-43f7-bffb-64e2af8c026e,41.040130226691744,21.340138519731564,temperature,9
2026-01-28T08:36:41+01:00,40f081a6-4095-43f7-bffb-64e2af8c026e,41.040130226691744,21.340138519731564,gasResistance,13007335
2026-01-28T08:36:41+01:00,40f081a6-4095-43f7-bffb-64e2af8c026e,41.040130226691744,21.340138519731564,humidity,58
2026-01-28T08:36:41+01:00,40f081a6-4095-43f7-bffb-64e2af8c026e,41.040130226691744,21.340138519731564,noise,24
2026-01-28T08:36:41+01:00,40f081a6-4095-43f7-bffb-64e2af8c026e,41.040130226691744,21.340138519731564,noise_dba,36
2026-01-28T08:36:41+01:00,40f081a6-4095-43f7-bffb-64e2af8c026e,41.040130226691744,21.340138519731564,pm10,68
2026-01-28T08:36:41+01:00,40f081a6-4095-43f7-bffb-64e2af8c026e,41.040130226691744,21.340138519731564,pm25,39
2026-01-28T08:36:41+01:00,40f081a6-4095-43f7-bffb-64e2af8c026e,41.040130226691744,21.340138519731564,pressure,935
2026-01-28T08:36:41+01:00,40f081a6-4095-43f7-bffb-64e2af8c026e,41.040130226691744,21.340138519731564,temperature,9
2026-01-28T08:52:13+01:00,40f081a6-4095-43f7-bffb-64e2af8c026e,41.040130226691744,21.340138519731564,gasResistance,13007335
2026-01-28T08:52:13+01:00,40f081a6-4095-43f7-bffb-64e2af8c026e,41.040130226691744,21.340138519731564,humidity,59
2026-01-28T08:52:13+01:00,40f081a6-4095-43f7-bffb-64e2af8c026e,41.040130226691744,21.340138519731564,noise,18
2026-01-28T08:52:13+01:00,40f081a6-4095-43f7-bffb-64e2af8c026e,41.040130226691744,21.340138519731564,noise_dba,32
2026-01-28T08:52:13+01:00,40f081a6-4095-43f7-bffb-64e2af8c026e,41.040130226691744,21.340138519731564,pm10,26
2026-01-28T08:52:13+01:00,40f081a6-4095-43f7-bffb-64e2af8c026e,41.040130226691744,21.340138519731564,pm25,17
2026-01-28T08:52:13+01:00,40f081a6-4095-43f7-bffb-64e2af8c026e,41.040130226691744,21.340138519731564,pressure,935
2026-01-28T08:52:13+01:00,40f081a6-4095-43f7-bffb-64e2af8c026e,41.040130226691744,21.340138519731564,temperature,8
2026-01-28T09:07:46+01:00,40f081a6-4095-43f7-bffb-64e2af8c026e,41.040130226691744,21.340138519731564,gasResistance,13007335
2026-01-28T09:07:46+01:00,40f081a6-4095-43f7-bffb-64e2af8c026e,41.040130226691744,21.340138519731564,humidity,60
2026-01-28T09:07:46+01:00,40f081a6-4095-43f7-bffb-64e2af8c026e,41.040130226691744,21.340138519731564,noise,35
2026-01-28T09:07:46+01:00,40f081a6-4095-43f7-bffb-64e2af8c026e,41.040130226691744,21.340138519731564,noise_dba,43
2026-01-28T09:07:46+01:00,40f081a6-4095-43f7-bffb-64e2af8c026e,41.040130226691744,21.340138519731564,pm10,32
2026-01-28T09:07:46+01:00,40f081a6-4095-43f7-bffb-64e2af8c026e,41.040130226691744,21.340138519731564,pm25,18
2026-01-28T09:07:46+01:00,40f081a6-4095-43f7-bffb-64e2af8c026e,41.040130226691744,21.340138519731564,pressure,935
2026-01-28T09:07:46+01:00,40f081a6-4095-43f7-bffb-64e2af8c026e,41.040130226691744,21.340138519731564,temperature,8
2026-01-28T09:23:18+01:00,40f081a6-4095-43f7-bffb-64e2af8c026e,41.040130226691744,21.340138519731564,gasResistance,13007335
2026-01-28T09:23:18+01:00,40f081a6-4095-43f7-bffb-64e2af8c026e,41.040130226691744,21.340138519731564,humidity,58
2026-01-28T09:23:18+01:00,40f081a6-4095-43f7-bffb-64e2af8c026e,41.040130226691744,21.340138519731564,noise,24
2026-01-28T09:23:18+01:00,40f081a6-4095-43f7-bffb-64e2af8c026e,41.040130226691744,21.340138519731564,noise_dba,36
2026-01-28T09:23:18+01:00,40f081a6-4095-43f7-bffb-64e2af8c026e,41.040130226691744,21.340138519731564,pm10,28
2026-01-28T09:23:18+01:00,40f081a6-4095-43f7-bffb-64e2af8c026e,41.040130226691744,21.340138519731564,pm25,15
2026-01-28T09:23:18+01:00,40f081a6-4095-43f7-bffb-64e2af8c026e,41.040130226691744,21.340138519731564,pressure,935
2026-01-28T09:23:18+01:00,40f081a6-4095-43f7-bffb-64e2af8c026e,41.040130226691744,21.340138519731564,temperature,8
2026-01-28T09:38:50+01:00,40f081a6-4095-43f7-bffb-64e2af8c026e,41.040130226691744,21.340138519731564,gasResistance,13007335
2026-01-28T09:38:50+01:00,40f081a6-4095-43f7-bffb-64e2af8c026e,41.040130226691744,21.340138519731564,humidity,57
2026-01-28T09:38:50+01:00,40f081a6-4095-43f7-bffb-64e2af8c026e,41.040130226691744,21.340138519731564,noise,23
2026-01-28T09:38:50+01:00,40f081a6-4095-43f7-bffb-64e2af8c026e,41.040130226691744,21.340138519731564,noise_dba,36
2026-01-28T09:38:50+01:00,40f081a6-4095-43f7-bffb-64e2af8c026e,41.040130226691744,21.340138519731564,pm10,36
2026-01-28T09:38:50+01:00,40f081a6-4095-43f7-bffb-64e2af8c026e,41.040130226691744,21.340138519731564,pm25,23
2026-01-28T09:38:50+01:00,40f081a6-4095-43f7-bffb-64e2af8c026e,41.040130226691744,21.340138519731564,pressure,935
2026-01-28T09:38:50+01:00,40f081a6-4095-43f7-bffb-64e2af8c026e,41.040130226691744,21.340138519731564,temperature,8
2026-01-28T09:54:22+01:00,40f081a6-4095-43f7-bffb-64e2af8c026e,41.040130226691744,21.340138519731564,gasResistance,13007335
2026-01-28T09:54:22+01:00,40f081a6-4095-43f7-bffb-64e2af8c026e,41.040130226691744,21.340138519731564,humidity,57
2026-01-28T09:54:22+01:00,40f081a6-4095-43f7-bffb-64e2af8c026e,41.040130226691744,21.340138519731564,noise,29
2026-01-28T09:54:22+01:00,40f081a6-4095-43f7-bffb-64e2af8c026e,41.040130226691744,21.340138519731564,noise_dba,40
2026-01-28T09:54:22+01:00,40f081a6-4095-43f7-bffb-64e2af8c026e,41.040130226691744,21.340138519731564,pm10,35
2026-01-28T09:54:22+01:00,40f081a6-4095-43f7-bffb-64e2af8c026e,41.040130226691744,21.340138519731564,pm25,21
2026-01-28T09:54:22+01:00,40f081a6-4095-43f7-bffb-64e2af8c026e,41.040130226691744,21.340138519731564,pressure,935
2026-01-28T09:54:22+01:00,40f081a6-4095-43f7-bffb-64e2af8c026e,41.040130226691744,21.340138519731564,temperature,8
2026-01-28T10:09:54+01:00,40f081a6-4095-43f7-bffb-64e2af8c026e,41.040130226691744,21.340138519731564,gasResistance,13007335
2026-01-28T10:09:54+01:00,40f081a6-4095-43f7-bffb-64e2af8c026e,41.040130226691744,21.340138519731564,humidity,55
2026-01-28T10:09:54+01:00,40f081a6-4095-43f7-bffb-64e2af8c026e,41.040130226691744,21.340138519731564,noise,25
2026-01-28T10:09:54+01:00,40f081a6-4095-43f7-bffb-64e2af8c026e,41.040130226691744,21.340138519731564,noise_dba,37
2026-01-28T10:09:54+01:00,40f081a6-4095-43f7-bffb-64e2af8c026e,41.040130226691744,21.340138519731564,pm10,32
2026-01-28T10:09:54+01:00,40f081a6-4095-43f7-bffb-64e2af8c026e,41.040130226691744,21.340138519731564,pm25,20
2026-01-28T10:09:54+01:00,40f081a6-4095-43f7-bffb-64e2af8c026e,41.040130226691744,21.340138519731564,pressure,935
2026-01-28T10:09:54+01:00,40f081a6-4095-43f7-bffb-64e2af8c026e,41.040130226691744,21.340138519731564,temperature,9
2026-01-28T10:25:27+01:00,40f081a6-4095-43f7-bffb-64e2af8c026e,41.040130226691744,21.340138519731564,gasResistance,13007335
2026-01-28T10:25:27+01:00,40f081a6-4095-43f7-bffb-64e2af8c026e,41.040130226691744,21.340138519731564,humidity,58
2026-01-28T10:25:27+01:00,40f081a6-4095-43f7-bffb-64e2af8c026e,41.040130226691744,21.340138519731564,noise,22
2026-01-28T10:25:27+01:00,40f081a6-4095-43f7-bffb-64e2af8c026e,41.040130226691744,21.340138519731564,noise_dba,35
2026-01-28T10:25:27+01:00,40f081a6-4095-43f7-bffb-64e2af8c026e,41.040130226691744,21.340138519731564,pm10,16
2026-01-28T10:25:27+01:00,40f081a6-4095-43f7-bffb-64e2af8c026e,41.040130226691744,21.340138519731564,pm25,9
2026-01-28T10:25:27+01:00,40f081a6-4095-43f7-bffb-64e2af8c026e,41.040130226691744,21.340138519731564,pressure,935
2026-01-28T10:25:27+01:00,40f081a6-4095-43f7-bffb-64e2af8c026e,41.040130226691744,21.340138519731564,temperature,9
2026-01-28T10:40:59+01:00,40f081a6-4095-43f7-bffb-64e2af8c026e,41.040130226691744,21.340138519731564,gasResistance,13007335
2026-01-28T10:40:59+01:00,40f081a6-4095-43f7-bffb-64e2af8c026e,41.040130226691744,21.340138519731564,humidity,58
2026-01-28T10:40:59+01:00,40f081a6-4095-43f7-bffb-64e2af8c026e,41.040130226691744,21.340138519731564,noise,37
2026-01-28T10:40:59+01:00,40f081a6-4095-43f7-bffb-64e2af8c026e,41.040130226691744,21.340138519731564,noise_dba,43
2026-01-28T10:40:59+01:00,40f081a6-4095-43f7-bffb-64e2af8c026e,41.040130226691744,21.340138519731564,pm10,20
2026-01-28T10:40:59+01:00,40f081a6-4095-43f7-bffb-64e2af8c026e,41.040130226691744,21.340138519731564,pm25,11
2026-01-28T10:40:59+01:00,40f081a6-4095-43f7-bffb-64e2af8c026e,41.040130226691744,21.340138519731564,pressure,934
2026-01-28T10:40:59+01:00,40f081a6-4095-43f7-bffb-64e2af8c026e,41.040130226691744,21.340138519731564,temperature,9
2026-01-28T10:56:31+01:00,40f081a6-4095-43f7-bffb-64e2af8c026e,41.040130226691744,21.340138519731564,gasResistance,13007335
2026-01-28T10:56:31+01:00,40f081a6-4095-43f7-bffb-64e2af8c026e,41.040130226691744,21.340138519731564,humidity,58
2026-01-28T10:56:31+01:00,40f081a6-4095-43f7-bffb-64e2af8c026e,41.040130226691744,21.340138519731564,noise,22
2026-01-28T10:56:31+01:00,40f081a6-4095-43f7-bffb-64e2af8c026e,41.040130226691744,21.340138519731564,noise_dba,35
2026-01-28T10:56:31+01:00,40f081a6-4095-43f7-bffb-64e2af8c026e,41.040130226691744,21.340138519731564,pm10,31
2026-01-28T10:56:31+01:00,40f081a6-4095-43f7-bffb-64e2af8c026e,41.040130226691744,21.340138519731564,pm25,13
2026-01-28T10:56:31+01:00,40f081a6-4095-43f7-bffb-64e2af8c026e,41.040130226691744,21.340138519731564,pressure,934
2026-01-28T10:56:31+01:00,40f081a6-4095-43f7-bffb-64e2af8c026e,41.040130226691744,21.340138519731564,temperature,9
2026-01-28T11:12:03+01:00,40f081a6-4095-43f7-bffb-64e2af8c026e,41.040130226691744,21.340138519731564,gasResistance,13007335
2026-01-28T11:12:03+01:00,40f081a6-4095-43f7-bffb-64e2af8c026e,41.040130226691744,21.340138519731564,humidity,59
2026-01-28T11:12:03+01:00,40f081a6-4095-43f7-bffb-64e2af8c026e,41.040130226691744,21.340138519731564,noise,21
2026-01-28T11:12:03+01:00,40f081a6-4095-43f7-bffb-64e2af8c026e,41.040130226691744,21.340138519731564,noise_dba,34
2026-01-28T11:12:03+01:00,40f081a6-4095-43f7-bffb-64e2af8c026e,41.040130226691744,21.340138519731564,pm10,19
2026-01-28T11:12:03+01:00,40f081a6-4095-43f7-bffb-64e2af8c026e,41.040130226691744,21.340138519731564,pm25,11
2026-01-28T11:12:03+01:00,40f081a6-4095-43f7-bffb-64e2af8c026e,41.040130226691744,21.340138519731564,pressure,934
2026-01-28T11:12:03+01:00,40f081a6-4095-43f7-bffb-64e2af8c026e,41.040130226691744,21.340138519731564,temperature,9
2026-01-28T11:27:36+01:00,40f081a6-4095-43f7-bffb-64e2af8c026e,41.040130226691744,21.340138519731564,gasResistance,13007335
2026-01-28T11:27:36+01:00,40f081a6-4095-43f7-bffb-64e2af8c026e,41.040130226691744,21.340138519731564,humidity,60
2026-01-28T11:27:36+01:00,40f081a6-4095-43f7-bffb-64e2af8c026e,41.040130226691744,21.340138519731564,noise,25
2026-01-28T11:27:36+01:00,40f081a6-4095-43f7-bffb-64e2af8c026e,41.040130226691744,21.340138519731564,noise_dba,37
2026-01-28T11:27:36+01:00,40f081a6-4095-43f7-bffb-64e2af8c026e,41.040130226691744,21.340138519731564,pm10,27
2026-01-28T11:27:36+01:00,40f081a6-4095-43f7-bffb-64e2af8c026e,41.040130226691744,21.340138519731564,pm25,14
2026-01-28T11:27:36+01:00,40f081a6-4095-43f7-bffb-64e2af8c026e,41.040130226691744,21.340138519731564,pressure,934
2026-01-28T11:27:36+01:00,40f081a6-4095-43f7-bffb-64e2af8c026e,41.040130226691744,21.340138519731564,temperature,8
2026-01-28T11:43:08+01:00,40f081a6-4095-43f7-bffb-64e2af8c026e,41.040130226691744,21.340138519731564,gasResistance,13007335
2026-01-28T11:43:08+01:00,40f081a6-4095-43f7-bffb-64e2af8c026e,41.040130226691744,21.340138519731564,humidity,60
2026-01-28T11:43:08+01:00,40f081a6-4095-43f7-bffb-64e2af8c026e,41.040130226691744,21.340138519731564,noise,28
2026-01-28T11:43:08+01:00,40f081a6-4095-43f7-bffb-64e2af8c026e,41.040130226691744,21.340138519731564,noise_dba,39
2026-01-28T11:43:08+01:00,40f081a6-4095-43f7-bffb-64e2af8c026e,41.040130226691744,21.340138519731564,pm10,31
2026-01-28T11:43:08+01:00,40f081a6-4095-43f7-bffb-64e2af8c026e,41.040130226691744,21.340138519731564,pm25,15
2026-01-28T11:43:08+01:00,40f081a6-4095-43f7-bffb-64e2af8c026e,41.040130226691744,21.340138519731564,pressure,934
2026-01-28T11:43:08+01:00,40f081a6-4095-43f7-bffb-64e2af8c026e,41.040130226691744,21.340138519731564,temperature,8
2026-01-28T11:58:41+01:00,40f081a6-4095-43f7-bffb-64e2af8c026e,41.040130226691744,21.340138519731564,gasResistance,13007335
2026-01-28T11:58:41+01:00,40f081a6-4095-43f7-bffb-64e2af8c026e,41.040130226691744,21.340138519731564,humidity,59
2026-01-28T11:58:41+01:00,40f081a6-4095-43f7-bffb-64e2af8c026e,41.040130226691744,21.340138519731564,noise,27
2026-01-28T11:58:41+01:00,40f081a6-4095-43f7-bffb-64e2af8c026e,41.040130226691744,21.340138519731564,noise_dba,38
2026-01-28T11:58:41+01:00,40f081a6-4095-43f7-bffb-64e2af8c026e,41.040130226691744,21.340138519731564,pm10,26
2026-01-28T11:58:41+01:00,40f081a6-4095-43f7-bffb-64e2af8c026e,41.040130226691744,21.340138519731564,pm25,16
2026-01-28T11:58:41+01:00,40f081a6-4095-43f7-bffb-64e2af8c026e,41.040130226691744,21.340138519731564,pressure,934
2026-01-28T11:58:41+01:00,40f081a6-4095-43f7-bffb-64e2af8c026e,41.040130226691744,21.340138519731564,temperature,8
2026-01-28T12:14:13+01:00,40f081a6-4095-43f7-bffb-64e2af8c026e,41.040130226691744,21.340138519731564,gasResistance,13007335
2026-01-28T12:14:13+01:00,40f081a6-4095-43f7-bffb-64e2af8c026e,41.040130226691744,21.340138519731564,humidity,60
2026-01-28T12:14:13+01:00,40f081a6-4095-43f7-bffb-64e2af8c026e,41.040130226691744,21.340138519731564,noise,26
2026-01-28T12:14:13+01:00,40f081a6-4095-43f7-bffb-64e2af8c026e,41.040130226691744,21.340138519731564,noise_dba,38
2026-01-28T12:14:13+01:00,40f081a6-4095-43f7-bffb-64e2af8c026e,41.040130226691744,21.340138519731564,pm10,24
2026-01-28T12:14:13+01:00,40f081a6-4095-43f7-bffb-64e2af8c026e,41.040130226691744,21.340138519731564,pm25,15
2026-01-28T12:14:13+01:00,40f081a6-4095-43f7-bffb-64e2af8c026e,41.040130226691744,21.340138519731564,pressure,934
2026-01-28T12:14:13+01:00,40f081a6-4095-43f7-bffb-64e2af8c026e,41.040130226691744,21.340138519731564,temperature,8
2026-01-28T12:29:45+01:00,40f081a6-4095-43f7-bffb-64e2af8c026e,41.040130226691744,21.340138519731564,gasResistance,13007335
2026-01-28T12:29:45+01:00,40f081a6-4095-43f7-bffb-64e2af8c026e,41.040130226691744,21.340138519731564,humidity,60
2026-01-28T12:29:45+01:00,40f081a6-4095-43f7-bffb-64e2af8c026e,41.040130226691744,21.340138519731564,noise,24
2026-01-28T12:29:45+01:00,40f081a6-4095-43f7-bffb-64e2af8c026e,41.040130226691744,21.340138519731564,noise_dba,36
2026-01-28T12:29:45+01:00,40f081a6-4095-43f7-bffb-64e2af8c026e,41.040130226691744,21.340138519731564,pm10,53
2026-01-28T12:29:45+01:00,40f081a6-4095-43f7-bffb-64e2af8c026e,41.040130226691744,21.340138519731564,pm25,30
2026-01-28T12:29:45+01:00,40f081a6-4095-43f7-bffb-64e2af8c026e,41.040130226691744,21.340138519731564,pressure,933
2026-01-28T12:29:45+01:00,40f081a6-4095-43f7-bffb-64e2af8c026e,41.040130226691744,21.340138519731564,temperature,9
2026-01-28T12:45:17+01:00,40f081a6-4095-43f7-bffb-64e2af8c026e,41.040130226691744,21.340138519731564,gasResistance,13007335
2026-01-28T12:45:17+01:00,40f081a6-4095-43f7-bffb-64e2af8c026e,41.040130226691744,21.340138519731564,humidity,60
2026-01-28T12:45:17+01:00,40f081a6-4095-43f7-bffb-64e2af8c026e,41.040130226691744,21.340138519731564,noise,25
2026-01-28T12:45:17+01:00,40f081a6-4095-43f7-bffb-64e2af8c026e,41.040130226691744,21.340138519731564,noise_dba,37
2026-01-28T12:45:17+01:00,40f081a6-4095-43f7-bffb-64e2af8c026e,41.040130226691744,21.340138519731564,pm10,33
2026-01-28T12:45:17+01:00,40f081a6-4095-43f7-bffb-64e2af8c026e,41.040130226691744,21.340138519731564,pm25,21
2026-01-28T12:45:17+01:00,40f081a6-4095-43f7-bffb-64e2af8c026e,41.040130226691744,21.340138519731564,pressure,933
2026-01-28T12:45:17+01:00,40f081a6-4095-43f7-bffb-64e2af8c026e,41.040130226691744,21.340138519731564,temperature,9
2026-01-28T13:00:50+01:00,40f081a6-4095-43f7-bffb-64e2af8c026e,41.040130226691744,21.340138519731564,gasResistance,13007335
2026-01-28T13:00:50+01:00,40f081a6-4095-43f7-bffb-64e2af8c026e,41.040130226691744,21.340138519731564,humidity,58
2026-01-28T13:00:50+01:00,40f081a6-4095-43f7-bffb-64e2af8c026e,41.040130226691744,21.340138519731564,noise,24
2026-01-28T13:00:50+01:00,40f081a6-4095-43f7-bffb-64e2af8c026e,41.040130226691744,21.340138519731564,noise_dba,36
2026-01-28T13:00:50+01:00,40f081a6-4095-43f7-bffb-64e2af8c026e,41.040130226691744,21.340138519731564,pm10,21
2026-01-28T13:00:50+01:00,40f081a6-4095-43f7-bffb-64e2af8c026e,41.040130226691744,21.340138519731564,pm25,13
2026-01-28T13:00:50+01:00,40f081a6-4095-43f7-bffb-64e2af8c026e,41.040130226691744,21.340138519731564,pressure,933
2026-01-28T13:00:50+01:00,40f081a6-4095-43f7-bffb-64e2af8c026e,41.040130226691744,21.340138519731564,temperature,9
2026-01-28T13:16:24+01:00,40f081a6-4095-43f7-bffb-64e2af8c026e,41.040130226691744,21.340138519731564,gasResistance,13007335
2026-01-28T13:16:24+01:00,40f081a6-4095-43f7-bffb-64e2af8c026e,41.040130226691744,21.340138519731564,humidity,57
2026-01-28T13:16:24+01:00,40f081a6-4095-43f7-bffb-64e2af8c026e,41.040130226691744,21.340138519731564,noise,28
2026-01-28T13:16:24+01:00,40f081a6-4095-43f7-bffb-64e2af8c026e,41.040130226691744,21.340138519731564,noise_dba,39
2026-01-28T13:16:24+01:00,40f081a6-4095-43f7-bffb-64e2af8c026e,41.040130226691744,21.340138519731564,pm10,23
2026-01-28T13:16:24+01:00,40f081a6-4095-43f7-bffb-64e2af8c026e,41.040130226691744,21.340138519731564,pm25,14
2026-01-28T13:16:24+01:00,40f081a6-4095-43f7-bffb-64e2af8c026e,41.040130226691744,21.340138519731564,pressure,933
2026-01-28T13:16:24+01:00,40f081a6-4095-43f7-bffb-64e2af8c026e,41.040130226691744,21.340138519731564,temperature,9
2026-01-28T13:31:56+01:00,40f081a6-4095-43f7-bffb-64e2af8c026e,41.040130226691744,21.340138519731564,gasResistance,13007335
2026-01-28T13:31:56+01:00,40f081a6-4095-43f7-bffb-64e2af8c026e,41.040130226691744,21.340138519731564,humidity,55
2026-01-28T13:31:56+01:00,40f081a6-4095-43f7-bffb-64e2af8c026e,41.040130226691744,21.340138519731564,noise,33
2026-01-28T13:31:56+01:00,40f081a6-4095-43f7-bffb-64e2af8c026e,41.040130226691744,21.340138519731564,noise_dba,42
2026-01-28T13:31:56+01:00,40f081a6-4095-43f7-bffb-64e2af8c026e,41.040130226691744,21.340138519731564,pm10,19
2026-01-28T13:31:56+01:00,40f081a6-4095-43f7-bffb-64e2af8c026e,41.040130226691744,21.340138519731564,pm25,11
2026-01-28T13:31:56+01:00,40f081a6-4095-43f7-bffb-64e2af8c026e,41.040130226691744,21.340138519731564,pressure,932
2026-01-28T13:31:56+01:00,40f081a6-4095-43f7-bffb-64e2af8c026e,41.040130226691744,21.340138519731564,temperature,9
2026-01-28T13:47:28+01:00,40f081a6-4095-43f7-bffb-64e2af8c026e,41.040130226691744,21.340138519731564,gasResistance,13007335
2026-01-28T13:47:28+01:00,40f081a6-4095-43f7-bffb-64e2af8c026e,41.040130226691744,21.340138519731564,humidity,54
2026-01-28T13:47:28+01:00,40f081a6-4095-43f7-bffb-64e2af8c026e,41.040130226691744,21.340138519731564,noise,24
2026-01-28T13:47:28+01:00,40f081a6-4095-43f7-bffb-64e2af8c026e,41.040130226691744,21.340138519731564,noise_dba,36
2026-01-28T13:47:28+01:00,40f081a6-4095-43f7-bffb-64e2af8c026e,41.040130226691744,21.340138519731564,pm10,35
2026-01-28T13:47:28+01:00,40f081a6-4095-43f7-bffb-64e2af8c026e,41.040130226691744,21.340138519731564,pm25,21
2026-01-28T13:47:28+01:00,40f081a6-4095-43f7-bffb-64e2af8c026e,41.040130226691744,21.340138519731564,pressure,932
2026-01-28T13:47:28+01:00,40f081a6-4095-43f7-bffb-64e2af8c026e,41.040130226691744,21.340138519731564,temperature,9
2026-01-28T14:03:01+01:00,40f081a6-4095-43f7-bffb-64e2af8c026e,41.040130226691744,21.340138519731564,gasResistance,13007335
2026-01-28T14:03:01+01:00,40f081a6-4095-43f7-bffb-64e2af8c026e,41.040130226691744,21.340138519731564,humidity,56
2026-01-28T14:03:01+01:00,40f081a6-4095-43f7-bffb-64e2af8c026e,41.040130226691744,21.340138519731564,noise,25
2026-01-28T14:03:01+01:00,40f081a6-4095-43f7-bffb-64e2af8c026e,41.040130226691744,21.340138519731564,noise_dba,37
2026-01-28T14:03:01+01:00,40f081a6-4095-43f7-bffb-64e2af8c026e,41.040130226691744,21.340138519731564,pm10,16
2026-01-28T14:03:01+01:00,40f081a6-4095-43f7-bffb-64e2af8c026e,41.040130226691744,21.340138519731564,pm25,8
2026-01-28T14:03:01+01:00,40f081a6-4095-43f7-bffb-64e2af8c026e,41.040130226691744,21.340138519731564,pressure,932
2026-01-28T14:03:01+01:00,40f081a6-4095-43f7-bffb-64e2af8c026e,41.040130226691744,21.340138519731564,temperature,9
2026-01-28T14:18:33+01:00,40f081a6-4095-43f7-bffb-64e2af8c026e,41.040130226691744,21.340138519731564,gasResistance,13007335
2026-01-28T14:18:33+01:00,40f081a6-4095-43f7-bffb-64e2af8c026e,41.040130226691744,21.340138519731564,humidity,57
2026-01-28T14:18:33+01:00,40f081a6-4095-43f7-bffb-64e2af8c026e,41.040130226691744,21.340138519731564,noise,28
2026-01-28T14:18:33+01:00,40f081a6-4095-43f7-bffb-64e2af8c026e,41.040130226691744,21.340138519731564,noise_dba,39
2026-01-28T14:18:33+01:00,40f081a6-4095-43f7-bffb-64e2af8c026e,41.040130226691744,21.340138519731564,pm10,18
2026-01-28T14:18:33+01:00,40f081a6-4095-43f7-bffb-64e2af8c026e,41.040130226691744,21.340138519731564,pm25,10
2026-01-28T14:18:33+01:00,40f081a6-4095-43f7-bffb-64e2af8c026e,41.040130226691744,21.340138519731564,pressure,932
2026-01-28T14:18:33+01:00,40f081a6-4095-43f7-bffb-64e2af8c026e,41.040130226691744,21.340138519731564,temperature,9
2026-01-28T14:34:06+01:00,40f081a6-4095-43f7-bffb-64e2af8c026e,41.040130226691744,21.340138519731564,gasResistance,13007335
2026-01-28T14:34:06+01:00,40f081a6-4095-43f7-bffb-64e2af8c026e,41.040130226691744,21.340138519731564,humidity,57
2026-01-28T14:34:06+01:00,40f081a6-4095-43f7-bffb-64e2af8c026e,41.040130226691744,21.340138519731564,noise,31
2026-01-28T14:34:06+01:00,40f081a6-4095-43f7-bffb-64e2af8c026e,41.040130226691744,21.340138519731564,noise_dba,41
2026-01-28T14:34:06+01:00,40f081a6-4095-43f7-bffb-64e2af8c026e,41.040130226691744,21.340138519731564,pm10,21
2026-01-28T14:34:06+01:00,40f081a6-4095-43f7-bffb-64e2af8c026e,41.040130226691744,21.340138519731564,pm25,12
2026-01-28T14:34:06+01:00,40f081a6-4095-43f7-bffb-64e2af8c026e,41.040130226691744,21.340138519731564,pressure,931
2026-01-28T14:34:06+01:00,40f081a6-4095-43f7-bffb-64e2af8c026e,41.040130226691744,21.340138519731564,temperature,9
2026-01-28T14:49:38+01:00,40f081a6-4095-43f7-bffb-64e2af8c026e,41.040130226691744,21.340138519731564,gasResistance,13007335
2026-01-28T14:49:38+01:00,40f081a6-4095-43f7-bffb-64e2af8c026e,41.040130226691744,21.340138519731564,humidity,57
2026-01-28T14:49:38+01:00,40f081a6-4095-43f7-bffb-64e2af8c026e,41.040130226691744,21.340138519731564,noise,27
2026-01-28T14:49:38+01:00,40f081a6-4095-43f7-bffb-64e2af8c026e,41.040130226691744,21.340138519731564,noise_dba,38
2026-01-28T14:49:38+01:00,40f081a6-4095-43f7-bffb-64e2af8c026e,41.040130226691744,21.340138519731564,pm10,16
2026-01-28T14:49:38+01:00,40f081a6-4095-43f7-bffb-64e2af8c026e,41.040130226691744,21.340138519731564,pm25,8
2026-01-28T14:49:38+01:00,40f081a6-4095-43f7-bffb-64e2af8c026e,41.040130226691744,21.340138519731564,pressure,931
2026-01-28T14:49:38+01:00,40f081a6-4095-43f7-bffb-64e2af8c026e,41.040130226691744,21.340138519731564,temperature,9
2026-01-28T15:05:11+01:00,40f081a6-4095-43f7-bffb-64e2af8c026e,41.040130226691744,21.340138519731564,gasResistance,13007335
2026-01-28T15:05:11+01:00,40f081a6-4095-43f7-bffb-64e2af8c026e,41.040130226691744,21.340138519731564,humidity,57
2026-01-28T15:05:11+01:00,40f081a6-4095-43f7-bffb-64e2af8c026e,41.040130226691744,21.340138519731564,noise,35
2026-01-28T15:05:11+01:00,40f081a6-4095-43f7-bffb-64e2af8c026e,41.040130226691744,21.340138519731564,noise_dba,43
2026-01-28T15:05:11+01:00,40f081a6-4095-43f7-bffb-64e2af8c026e,41.040130226691744,21.340138519731564,pm10,17
2026-01-28T15:05:11+01:00,40f081a6-4095-43f7-bffb-64e2af8c026e,41.040130226691744,21.340138519731564,pm25,11
2026-01-28T15:05:11+01:00,40f081a6-4095-43f7-bffb-64e2af8c026e,41.040130226691744,21.340138519731564,pressure,931
2026-01-28T15:05:11+01:00,40f081a6-4095-43f7-bffb-64e2af8c026e,41.040130226691744,21.340138519731564,temperature,9
2026-01-28T15:20:44+01:00,40f081a6-4095-43f7-bffb-64e2af8c026e,41.040130226691744,21.340138519731564,gasResistance,13007335
2026-01-28T15:20:44+01:00,40f081a6-4095-43f7-bffb-64e2af8c026e,41.040130226691744,21.340138519731564,humidity,57
2026-01-28T15:20:44+01:00,40f081a6-4095-43f7-bffb-64e2af8c026e,41.040130226691744,21.340138519731564,noise,37
2026-01-28T15:20:44+01:00,40f081a6-4095-43f7-bffb-64e2af8c026e,41.040130226691744,21.340138519731564,noise_dba,43
2026-01-28T15:20:44+01:00,40f081a6-4095-43f7-bffb-64e2af8c026e,41.040130226691744,21.340138519731564,pm10,15
2026-01-28T15:20:44+01:00,40f081a6-4095-43f7-bffb-64e2af8c026e,41.040130226691744,21.340138519731564,pm25,6
2026-01-28T15:20:44+01:00,40f081a6-4095-43f7-bffb-64e2af8c026e,41.040130226691744,21.340138519731564,pressure,931
2026-01-28T15:20:44+01:00,40f081a6-4095-43f7-bffb-64e2af8c026e,41.040130226691744,21.340138519731564,temperature,9
2026-01-28T15:36:16+01:00,40f081a6-4095-43f7-bffb-64e2af8c026e,41.040130226691744,21.340138519731564,gasResistance,13007335
2026-01-28T15:36:16+01:00,40f081a6-4095-43f7-bffb-64e2af8c026e,41.040130226691744,21.340138519731564,humidity,57
2026-01-28T15:36:16+01:00,40f081a6-4095-43f7-bffb-64e2af8c026e,41.040130226691744,21.340138519731564,noise,24
2026-01-28T15:36:16+01:00,40f081a6-4095-43f7-bffb-64e2af8c026e,41.040130226691744,21.340138519731564,noise_dba,36
2026-01-28T15:36:16+01:00,40f081a6-4095-43f7-bffb-64e2af8c026e,41.040130226691744,21.340138519731564,pm10,87
2026-01-28T15:36:16+01:00,40f081a6-4095-43f7-bffb-64e2af8c026e,41.040130226691744,21.340138519731564,pm25,54
2026-01-28T15:36:16+01:00,40f081a6-4095-43f7-bffb-64e2af8c026e,41.040130226691744,21.340138519731564,pressure,931
2026-01-28T15:36:16+01:00,40f081a6-4095-43f7-bffb-64e2af8c026e,41.040130226691744,21.340138519731564,temperature,9
2026-01-28T15:51:48+01:00,40f081a6-4095-43f7-bffb-64e2af8c026e,41.040130226691744,21.340138519731564,gasResistance,13007335
2026-01-28T15:51:48+01:00,40f081a6-4095-43f7-bffb-64e2af8c026e,41.040130226691744,21.340138519731564,humidity,57
2026-01-28T15:51:48+01:00,40f081a6-4095-43f7-bffb-64e2af8c026e,41.040130226691744,21.340138519731564,noise,28
2026-01-28T15:51:48+01:00,40f081a6-4095-43f7-bffb-64e2af8c026e,41.040130226691744,21.340138519731564,noise_dba,39
2026-01-28T15:51:48+01:00,40f081a6-4095-43f7-bffb-64e2af8c026e,41.040130226691744,21.340138519731564,pm10,52
2026-01-28T15:51:48+01:00,40f081a6-4095-43f7-bffb-64e2af8c026e,41.040130226691744,21.340138519731564,pm25,30
2026-01-28T15:51:48+01:00,40f081a6-4095-43f7-bffb-64e2af8c026e,41.040130226691744,21.340138519731564,pressure,930
2026-01-28T15:51:48+01:00,40f081a6-4095-43f7-bffb-64e2af8c026e,41.040130226691744,21.340138519731564,temperature,9
2026-01-28T16:07:20+01:00,40f081a6-4095-43f7-bffb-64e2af8c026e,41.040130226691744,21.340138519731564,gasResistance,13007335
2026-01-28T16:07:20+01:00,40f081a6-4095-43f7-bffb-64e2af8c026e,41.040130226691744,21.340138519731564,humidity,57
2026-01-28T16:07:20+01:00,40f081a6-4095-43f7-bffb-64e2af8c026e,41.040130226691744,21.340138519731564,noise,35
2026-01-28T16:07:20+01:00,40f081a6-4095-43f7-bffb-64e2af8c026e,41.040130226691744,21.340138519731564,noise_dba,43
2026-01-28T16:07:20+01:00,40f081a6-4095-43f7-bffb-64e2af8c026e,41.040130226691744,21.340138519731564,pm10,22
2026-01-28T16:07:20+01:00,40f081a6-4095-43f7-bffb-64e2af8c026e,41.040130226691744,21.340138519731564,pm25,13
2026-01-28T16:07:20+01:00,40f081a6-4095-43f7-bffb-64e2af8c026e,41.040130226691744,21.340138519731564,pressure,930
2026-01-28T16:07:20+01:00,40f081a6-4095-43f7-bffb-64e2af8c026e,41.040130226691744,21.340138519731564,temperature,9
2026-01-28T16:22:53+01:00,40f081a6-4095-43f7-bffb-64e2af8c026e,41.040130226691744,21.340138519731564,gasResistance,13007335
2026-01-28T16:22:53+01:00,40f081a6-4095-43f7-bffb-64e2af8c026e,41.040130226691744,21.340138519731564,humidity,58
2026-01-28T16:22:53+01:00,40f081a6-4095-43f7-bffb-64e2af8c026e,41.040130226691744,21.340138519731564,noise,35
2026-01-28T16:22:53+01:00,40f081a6-4095-43f7-bffb-64e2af8c026e,41.040130226691744,21.340138519731564,noise_dba,43
2026-01-28T16:22:53+01:00,40f081a6-4095-43f7-bffb-64e2af8c026e,41.040130226691744,21.340138519731564,pm10,19
2026-01-28T16:22:53+01:00,40f081a6-4095-43f7-bffb-64e2af8c026e,41.040130226691744,21.340138519731564,pm25,11
2026-01-28T16:22:53+01:00,40f081a6-4095-43f7-bffb-64e2af8c026e,41.040130226691744,21.340138519731564,pressure,930
2026-01-28T16:22:53+01:00,40f081a6-4095-43f7-bffb-64e2af8c026e,41.040130226691744,21.340138519731564,temperature,9
2026-01-28T16:38:25+01:00,40f081a6-4095-43f7-bffb-64e2af8c026e,41.040130226691744,21.340138519731564,gasResistance,13007335
2026-01-28T16:38:25+01:00,40f081a6-4095-43f7-bffb-64e2af8c026e,41.040130226691744,21.340138519731564,humidity,59
2026-01-28T16:38:25+01:00,40f081a6-4095-43f7-bffb-64e2af8c026e,41.040130226691744,21.340138519731564,noise,30
2026-01-28T16:38:25+01:00,40f081a6-4095-43f7-bffb-64e2af8c026e,41.040130226691744,21.340138519731564,noise_dba,40
2026-01-28T16:38:25+01:00,40f081a6-4095-43f7-bffb-64e2af8c026e,41.040130226691744,21.340138519731564,pm10,27
2026-01-28T16:38:25+01:00,40f081a6-4095-43f7-bffb-64e2af8c026e,41.040130226691744,21.340138519731564,pm25,17
2026-01-28T16:38:25+01:00,40f081a6-4095-43f7-bffb-64e2af8c026e,41.040130226691744,21.340138519731564,pressure,930
2026-01-28T16:38:25+01:00,40f081a6-4095-43f7-bffb-64e2af8c026e,41.040130226691744,21.340138519731564,temperature,9
2026-01-28T16:53:58+01:00,40f081a6-4095-43f7-bffb-64e2af8c026e,41.040130226691744,21.340138519731564,gasResistance,13007335
2026-01-28T16:53:58+01:00,40f081a6-4095-43f7-bffb-64e2af8c026e,41.040130226691744,21.340138519731564,humidity,59
2026-01-28T16:53:58+01:00,40f081a6-4095-43f7-bffb-64e2af8c026e,41.040130226691744,21.340138519731564,noise,46
2026-01-28T16:53:58+01:00,40f081a6-4095-43f7-bffb-64e2af8c026e,41.040130226691744,21.340138519731564,noise_dba,47
2026-01-28T16:53:58+01:00,40f081a6-4095-43f7-bffb-64e2af8c026e,41.040130226691744,21.340138519731564,pm10,30
2026-01-28T16:53:58+01:00,40f081a6-4095-43f7-bffb-64e2af8c026e,41.040130226691744,21.340138519731564,pm25,18
2026-01-28T16:53:58+01:00,40f081a6-4095-43f7-bffb-64e2af8c026e,41.040130226691744,21.340138519731564,pressure,930
2026-01-28T16:53:58+01:00,40f081a6-4095-43f7-bffb-64e2af8c026e,41.040130226691744,21.340138519731564,temperature,9
2026-01-28T17:09:30+01:00,40f081a6-4095-43f7-bffb-64e2af8c026e,41.040130226691744,21.340138519731564,gasResistance,13007335
2026-01-28T17:09:30+01:00,40f081a6-4095-43f7-bffb-64e2af8c026e,41.040130226691744,21.340138519731564,humidity,59
2026-01-28T17:09:30+01:00,40f081a6-4095-43f7-bffb-64e2af8c026e,41.040130226691744,21.340138519731564,noise,61
2026-01-28T17:09:30+01:00,40f081a6-4095-43f7-bffb-64e2af8c026e,41.040130226691744,21.340138519731564,noise_dba,52
2026-01-28T17:09:30+01:00,40f081a6-4095-43f7-bffb-64e2af8c026e,41.040130226691744,21.340138519731564,pm10,14
2026-01-28T17:09:30+01:00,40f081a6-4095-43f7-bffb-64e2af8c026e,41.040130226691744,21.340138519731564,pm25,9
2026-01-28T17:09:30+01:00,40f081a6-4095-43f7-bffb-64e2af8c026e,41.040130226691744,21.340138519731564,pressure,930
2026-01-28T17:09:30+01:00,40f081a6-4095-43f7-bffb-64e2af8c026e,41.040130226691744,21.340138519731564,temperature,9
2026-01-28T17:25:02+01:00,40f081a6-4095-43f7-bffb-64e2af8c026e,41.040130226691744,21.340138519731564,gasResistance,13007335
2026-01-28T17:25:02+01:00,40f081a6-4095-43f7-bffb-64e2af8c026e,41.040130226691744,21.340138519731564,humidity,59
2026-01-28T17:25:02+01:00,40f081a6-4095-43f7-bffb-64e2af8c026e,41.040130226691744,21.340138519731564,noise,47
2026-01-28T17:25:02+01:00,40f081a6-4095-43f7-bffb-64e2af8c026e,41.040130226691744,21.340138519731564,noise_dba,47
2026-01-28T17:25:02+01:00,40f081a6-4095-43f7-bffb-64e2af8c026e,41.040130226691744,21.340138519731564,pm10,13
2026-01-28T17:25:02+01:00,40f081a6-4095-43f7-bffb-64e2af8c026e,41.040130226691744,21.340138519731564,pm25,8
2026-01-28T17:25:02+01:00,40f081a6-4095-43f7-bffb-64e2af8c026e,41.040130226691744,21.340138519731564,pressure,930
2026-01-28T17:25:02+01:00,40f081a6-4095-43f7-bffb-64e2af8c026e,41.040130226691744,21.340138519731564,temperature,9
2026-01-28T17:40:35+01:00,40f081a6-4095-43f7-bffb-64e2af8c026e,41.040130226691744,21.340138519731564,gasResistance,13007335
2026-01-28T17:40:35+01:00,40f081a6-4095-43f7-bffb-64e2af8c026e,41.040130226691744,21.340138519731564,humidity,59
2026-01-28T17:40:35+01:00,40f081a6-4095-43f7-bffb-64e2af8c026e,41.040130226691744,21.340138519731564,noise,71
2026-01-28T17:40:35+01:00,40f081a6-4095-43f7-bffb-64e2af8c026e,41.040130226691744,21.340138519731564,noise_dba,54
2026-01-28T17:40:35+01:00,40f081a6-4095-43f7-bffb-64e2af8c026e,41.040130226691744,21.340138519731564,pm10,13
2026-01-28T17:40:35+01:00,40f081a6-4095-43f7-bffb-64e2af8c026e,41.040130226691744,21.340138519731564,pm25,10
2026-01-28T17:40:35+01:00,40f081a6-4095-43f7-bffb-64e2af8c026e,41.040130226691744,21.340138519731564,pressure,929
2026-01-28T17:40:35+01:00,40f081a6-4095-43f7-bffb-64e2af8c026e,41.040130226691744,21.340138519731564,temperature,9
2026-01-28T17:56:07+01:00,40f081a6-4095-43f7-bffb-64e2af8c026e,41.040130226691744,21.340138519731564,gasResistance,13007335
2026-01-28T17:56:07+01:00,40f081a6-4095-43f7-bffb-64e2af8c026e,41.040130226691744,21.340138519731564,humidity,59
2026-01-28T17:56:07+01:00,40f081a6-4095-43f7-bffb-64e2af8c026e,41.040130226691744,21.340138519731564,noise,68
2026-01-28T17:56:07+01:00,40f081a6-4095-43f7-bffb-64e2af8c026e,41.040130226691744,21.340138519731564,noise_dba,53
2026-01-28T17:56:07+01:00,40f081a6-4095-43f7-bffb-64e2af8c026e,41.040130226691744,21.340138519731564,pm10,15
2026-01-28T17:56:07+01:00,40f081a6-4095-43f7-bffb-64e2af8c026e,41.040130226691744,21.340138519731564,pm25,9
2026-01-28T17:56:07+01:00,40f081a6-4095-43f7-bffb-64e2af8c026e,41.040130226691744,21.340138519731564,pressure,929
2026-01-28T17:56:07+01:00,40f081a6-4095-43f7-bffb-64e2af8c026e,41.040130226691744,21.340138519731564,temperature,9
2026-01-28T18:11:41+01:00,40f081a6-4095-43f7-bffb-64e2af8c026e,41.040130226691744,21.340138519731564,gasResistance,13007335
2026-01-28T18:11:41+01:00,40f081a6-4095-43f7-bffb-64e2af8c026e,41.040130226691744,21.340138519731564,humidity,60
2026-01-28T18:11:41+01:00,40f081a6-4095-43f7-bffb-64e2af8c026e,41.040130226691744,21.340138519731564,noise,68
2026-01-28T18:11:41+01:00,40f081a6-4095-43f7-bffb-64e2af8c026e,41.040130226691744,21.340138519731564,noise_dba,53
2026-01-28T18:11:41+01:00,40f081a6-4095-43f7-bffb-64e2af8c026e,41.040130226691744,21.340138519731564,pm10,14
2026-01-28T18:11:41+01:00,40f081a6-4095-43f7-bffb-64e2af8c026e,41.040130226691744,21.340138519731564,pm25,9
2026-01-28T18:11:41+01:00,40f081a6-4095-43f7-bffb-64e2af8c026e,41.040130226691744,21.340138519731564,pressure,930
2026-01-28T18:11:41+01:00,40f081a6-4095-43f7-bffb-64e2af8c026e,41.040130226691744,21.340138519731564,temperature,9
2026-01-28T18:27:13+01:00,40f081a6-4095-43f7-bffb-64e2af8c026e,41.040130226691744,21.340138519731564,gasResistance,13007335
2026-01-28T18:27:13+01:00,40f081a6-4095-43f7-bffb-64e2af8c026e,41.040130226691744,21.340138519731564,humidity,60
2026-01-28T18:27:13+01:00,40f081a6-4095-43f7-bffb-64e2af8c026e,41.040130226691744,21.340138519731564,noise,72
2026-01-28T18:27:13+01:00,40f081a6-4095-43f7-bffb-64e2af8c026e,41.040130226691744,21.340138519731564,noise_dba,54
2026-01-28T18:27:13+01:00,40f081a6-4095-43f7-bffb-64e2af8c026e,41.040130226691744,21.340138519731564,pm10,11
2026-01-28T18:27:13+01:00,40f081a6-4095-43f7-bffb-64e2af8c026e,41.040130226691744,21.340138519731564,pm25,7
2026-01-28T18:27:13+01:00,40f081a6-4095-43f7-bffb-64e2af8c026e,41.040130226691744,21.340138519731564,pressure,930
2026-01-28T18:27:13+01:00,40f081a6-4095-43f7-bffb-64e2af8c026e,41.040130226691744,21.340138519731564,temperature,8
2026-01-28T18:42:45+01:00,40f081a6-4095-43f7-bffb-64e2af8c026e,41.040130226691744,21.340138519731564,gasResistance,13007335
2026-01-28T18:42:45+01:00,40f081a6-4095-43f7-bffb-64e2af8c026e,41.040130226691744,21.340138519731564,humidity,60
2026-01-28T18:42:45+01:00,40f081a6-4095-43f7-bffb-64e2af8c026e,41.040130226691744,21.340138519731564,noise,83
2026-01-28T18:42:45+01:00,40f081a6-4095-43f7-bffb-64e2af8c026e,41.040130226691744,21.340138519731564,noise_dba,56
2026-01-28T18:42:45+01:00,40f081a6-4095-43f7-bffb-64e2af8c026e,41.040130226691744,21.340138519731564,pm10,9
2026-01-28T18:42:45+01:00,40f081a6-4095-43f7-bffb-64e2af8c026e,41.040130226691744,21.340138519731564,pm25,6
2026-01-28T18:42:45+01:00,40f081a6-4095-43f7-bffb-64e2af8c026e,41.040130226691744,21.340138519731564,pressure,930
2026-01-28T18:42:45+01:00,40f081a6-4095-43f7-bffb-64e2af8c026e,41.040130226691744,21.340138519731564,temperature,8
2026-01-28T18:58:18+01:00,40f081a6-4095-43f7-bffb-64e2af8c026e,41.040130226691744,21.340138519731564,gasResistance,13007335
2026-01-28T18:58:18+01:00,40f081a6-4095-43f7-bffb-64e2af8c026e,41.040130226691744,21.340138519731564,humidity,61
2026-01-28T18:58:18+01:00,40f081a6-4095-43f7-bffb-64e2af8c026e,41.040130226691744,21.340138519731564,noise,106
2026-01-28T18:58:18+01:00,40f081a6-4095-43f7-bffb-64e2af8c026e,41.040130226691744,21.340138519731564,noise_dba,60
2026-01-28T18:58:18+01:00,40f081a6-4095-43f7-bffb-64e2af8c026e,41.040130226691744,21.340138519731564,pm10,9
2026-01-28T18:58:18+01:00,40f081a6-4095-43f7-bffb-64e2af8c026e,41.040130226691744,21.340138519731564,pm25,6
2026-01-28T18:58:18+01:00,40f081a6-4095-43f7-bffb-64e2af8c026e,41.040130226691744,21.340138519731564,pressure,929
2026-01-28T18:58:18+01:00,40f081a6-4095-43f7-bffb-64e2af8c026e,41.040130226691744,21.340138519731564,temperature,8
2026-01-28T19:13:50+01:00,40f081a6-4095-43f7-bffb-64e2af8c026e,41.040130226691744,21.340138519731564,gasResistance,13007335
2026-01-28T19:13:50+01:00,40f081a6-4095-43f7-bffb-64e2af8c026e,41.040130226691744,21.340138519731564,humidity,61
2026-01-28T19:13:50+01:00,40f081a6-4095-43f7-bffb-64e2af8c026e,41.040130226691744,21.340138519731564,noise,70
2026-01-28T19:13:50+01:00,40f081a6-4095-43f7-bffb-64e2af8c026e,41.040130226691744,21.340138519731564,noise_dba,54
2026-01-28T19:13:50+01:00,40f081a6-4095-43f7-bffb-64e2af8c026e,41.040130226691744,21.340138519731564,pm10,11
2026-01-28T19:13:50+01:00,40f081a6-4095-43f7-bffb-64e2af8c026e,41.040130226691744,21.340138519731564,pm25,7
2026-01-28T19:13:50+01:00,40f081a6-4095-43f7-bffb-64e2af8c026e,41.040130226691744,21.340138519731564,pressure,929
2026-01-28T19:13:50+01:00,40f081a6-4095-43f7-bffb-64e2af8c026e,41.040130226691744,21.340138519731564,temperature,8
2026-01-28T19:29:22+01:00,40f081a6-4095-43f7-bffb-64e2af8c026e,41.040130226691744,21.340138519731564,gasResistance,13007335
2026-01-28T19:29:22+01:00,40f081a6-4095-43f7-bffb-64e2af8c026e,41.040130226691744,21.340138519731564,humidity,61
2026-01-28T19:29:22+01:00,40f081a6-4095-43f7-bffb-64e2af8c026e,41.040130226691744,21.340138519731564,noise,53
2026-01-28T19:29:22+01:00,40f081a6-4095-43f7-bffb-64e2af8c026e,41.040130226691744,21.340138519731564,noise_dba,49
2026-01-28T19:29:22+01:00,40f081a6-4095-43f7-bffb-64e2af8c026e,41.040130226691744,21.340138519731564,pm10,11
2026-01-28T19:29:22+01:00,40f081a6-4095-43f7-bffb-64e2af8c026e,41.040130226691744,21.340138519731564,pm25,8
2026-01-28T19:29:22+01:00,40f081a6-4095-43f7-bffb-64e2af8c026e,41.040130226691744,21.340138519731564,pressure,929
2026-01-28T19:29:22+01:00,40f081a6-4095-43f7-bffb-64e2af8c026e,41.040130226691744,21.340138519731564,temperature,8
2026-01-28T19:44:54+01:00,40f081a6-4095-43f7-bffb-64e2af8c026e,41.040130226691744,21.340138519731564,gasResistance,13007335
2026-01-28T19:44:54+01:00,40f081a6-4095-43f7-bffb-64e2af8c026e,41.040130226691744,21.340138519731564,humidity,62
2026-01-28T19:44:54+01:00,40f081a6-4095-43f7-bffb-64e2af8c026e,41.040130226691744,21.340138519731564,noise,37
2026-01-28T19:44:54+01:00,40f081a6-4095-43f7-bffb-64e2af8c026e,41.040130226691744,21.340138519731564,noise_dba,43
2026-01-28T19:44:54+01:00,40f081a6-4095-43f7-bffb-64e2af8c026e,41.040130226691744,21.340138519731564,pm10,9
2026-01-28T19:44:54+01:00,40f081a6-4095-43f7-bffb-64e2af8c026e,41.040130226691744,21.340138519731564,pm25,6
2026-01-28T19:44:54+01:00,40f081a6-4095-43f7-bffb-64e2af8c026e,41.040130226691744,21.340138519731564,pressure,929
2026-01-28T19:44:54+01:00,40f081a6-4095-43f7-bffb-64e2af8c026e,41.040130226691744,21.340138519731564,temperature,8
2026-01-28T20:00:26+01:00,40f081a6-4095-43f7-bffb-64e2af8c026e,41.040130226691744,21.340138519731564,gasResistance,13007335
2026-01-28T20:00:26+01:00,40f081a6-4095-43f7-bffb-64e2af8c026e,41.040130226691744,21.340138519731564,humidity,62
2026-01-28T20:00:26+01:00,40f081a6-4095-43f7-bffb-64e2af8c026e,41.040130226691744,21.340138519731564,noise,28
2026-01-28T20:00:26+01:00,40f081a6-4095-43f7-bffb-64e2af8c026e,41.040130226691744,21.340138519731564,noise_dba,39
2026-01-28T20:00:26+01:00,40f081a6-4095-43f7-bffb-64e2af8c026e,41.040130226691744,21.340138519731564,pm10,16
2026-01-28T20:00:26+01:00,40f081a6-4095-43f7-bffb-64e2af8c026e,41.040130226691744,21.340138519731564,pm25,11
2026-01-28T20:00:26+01:00,40f081a6-4095-43f7-bffb-64e2af8c026e,41.040130226691744,21.340138519731564,pressure,929
2026-01-28T20:00:26+01:00,40f081a6-4095-43f7-bffb-64e2af8c026e,41.040130226691744,21.340138519731564,temperature,8
2026-01-28T20:15:58+01:00,40f081a6-4095-43f7-bffb-64e2af8c026e,41.040130226691744,21.340138519731564,gasResistance,13007335
2026-01-28T20:15:58+01:00,40f081a6-4095-43f7-bffb-64e2af8c026e,41.040130226691744,21.340138519731564,humidity,62
2026-01-28T20:15:58+01:00,40f081a6-4095-43f7-bffb-64e2af8c026e,41.040130226691744,21.340138519731564,noise,28
2026-01-28T20:15:58+01:00,40f081a6-4095-43f7-bffb-64e2af8c026e,41.040130226691744,21.340138519731564,noise_dba,39
2026-01-28T20:15:58+01:00,40f081a6-4095-43f7-bffb-64e2af8c026e,41.040130226691744,21.340138519731564,pm10,36
2026-01-28T20:15:58+01:00,40f081a6-4095-43f7-bffb-64e2af8c026e,41.040130226691744,21.340138519731564,pm25,23
2026-01-28T20:15:58+01:00,40f081a6-4095-43f7-bffb-64e2af8c026e,41.040130226691744,21.340138519731564,pressure,929
2026-01-28T20:15:58+01:00,40f081a6-4095-43f7-bffb-64e2af8c026e,41.040130226691744,21.340138519731564,temperature,8
2026-01-28T20:31:31+01:00,40f081a6-4095-43f7-bffb-64e2af8c026e,41.040130226691744,21.340138519731564,gasResistance,13007335
2026-01-28T20:31:31+01:00,40f081a6-4095-43f7-bffb-64e2af8c026e,41.040130226691744,21.340138519731564,humidity,62
2026-01-28T20:31:31+01:00,40f081a6-4095-43f7-bffb-64e2af8c026e,41.040130226691744,21.340138519731564,noise,23
2026-01-28T20:31:31+01:00,40f081a6-4095-43f7-bffb-64e2af8c026e,41.040130226691744,21.340138519731564,noise_dba,36
2026-01-28T20:31:31+01:00,40f081a6-4095-43f7-bffb-64e2af8c026e,41.040130226691744,21.340138519731564,pm10,31
2026-01-28T20:31:31+01:00,40f081a6-4095-43f7-bffb-64e2af8c026e,41.040130226691744,21.340138519731564,pm25,19
2026-01-28T20:31:31+01:00,40f081a6-4095-43f7-bffb-64e2af8c026e,41.040130226691744,21.340138519731564,pressure,929
2026-01-28T20:31:31+01:00,40f081a6-4095-43f7-bffb-64e2af8c026e,41.040130226691744,21.340138519731564,temperature,8
2026-01-28T20:47:04+01:00,40f081a6-4095-43f7-bffb-64e2af8c026e,41.040130226691744,21.340138519731564,gasResistance,13007335
2026-01-28T20:47:04+01:00,40f081a6-4095-43f7-bffb-64e2af8c026e,41.040130226691744,21.340138519731564,humidity,63
2026-01-28T20:47:04+01:00,40f081a6-4095-43f7-bffb-64e2af8c026e,41.040130226691744,21.340138519731564,noise,27
2026-01-28T20:47:04+01:00,40f081a6-4095-43f7-bffb-64e2af8c026e,41.040130226691744,21.340138519731564,noise_dba,38
2026-01-28T20:47:04+01:00,40f081a6-4095-43f7-bffb-64e2af8c026e,41.040130226691744,21.340138519731564,pm10,52
2026-01-28T20:47:04+01:00,40f081a6-4095-43f7-bffb-64e2af8c026e,41.040130226691744,21.340138519731564,pm25,32
2026-01-28T20:47:04+01:00,40f081a6-4095-43f7-bffb-64e2af8c026e,41.040130226691744,21.340138519731564,pressure,929
2026-01-28T20:47:04+01:00,40f081a6-4095-43f7-bffb-64e2af8c026e,41.040130226691744,21.340138519731564,temperature,8
2026-01-28T21:02:36+01:00,40f081a6-4095-43f7-bffb-64e2af8c026e,41.040130226691744,21.340138519731564,gasResistance,13007335
2026-01-28T21:02:36+01:00,40f081a6-4095-43f7-bffb-64e2af8c026e,41.040130226691744,21.340138519731564,humidity,64
2026-01-28T21:02:36+01:00,40f081a6-4095-43f7-bffb-64e2af8c026e,41.040130226691744,21.340138519731564,noise,30
2026-01-28T21:02:36+01:00,40f081a6-4095-43f7-bffb-64e2af8c026e,41.040130226691744,21.340138519731564,noise_dba,40
2026-01-28T21:02:36+01:00,40f081a6-4095-43f7-bffb-64e2af8c026e,41.040130226691744,21.340138519731564,pm10,111
2026-01-28T21:02:36+01:00,40f081a6-4095-43f7-bffb-64e2af8c026e,41.040130226691744,21.340138519731564,pm25,68
2026-01-28T21:02:36+01:00,40f081a6-4095-43f7-bffb-64e2af8c026e,41.040130226691744,21.340138519731564,pressure,929
2026-01-28T21:02:36+01:00,40f081a6-4095-43f7-bffb-64e2af8c026e,41.040130226691744,21.340138519731564,temperature,8
2026-01-28T21:18:09+01:00,40f081a6-4095-43f7-bffb-64e2af8c026e,41.040130226691744,21.340138519731564,gasResistance,13007335
2026-01-28T21:18:09+01:00,40f081a6-4095-43f7-bffb-64e2af8c026e,41.040130226691744,21.340138519731564,humidity,64
2026-01-28T21:18:09+01:00,40f081a6-4095-43f7-bffb-64e2af8c026e,41.040130226691744,21.340138519731564,noise,32
2026-01-28T21:18:09+01:00,40f081a6-4095-43f7-bffb-64e2af8c026e,41.040130226691744,21.340138519731564,noise_dba,41
2026-01-28T21:18:09+01:00,40f081a6-4095-43f7-bffb-64e2af8c026e,41.040130226691744,21.340138519731564,pm10,28
2026-01-28T21:18:09+01:00,40f081a6-4095-43f7-bffb-64e2af8c026e,41.040130226691744,21.340138519731564,pm25,18
2026-01-28T21:18:09+01:00,40f081a6-4095-43f7-bffb-64e2af8c026e,41.040130226691744,21.340138519731564,pressure,929
2026-01-28T21:18:09+01:00,40f081a6-4095-43f7-bffb-64e2af8c026e,41.040130226691744,21.340138519731564,temperature,8
2026-01-28T21:33:43+01:00,40f081a6-4095-43f7-bffb-64e2af8c026e,41.040130226691744,21.340138519731564,gasResistance,13007335
2026-01-28T21:33:43+01:00,40f081a6-4095-43f7-bffb-64e2af8c026e,41.040130226691744,21.340138519731564,humidity,64
2026-01-28T21:33:43+01:00,40f081a6-4095-43f7-bffb-64e2af8c026e,41.040130226691744,21.340138519731564,noise,62
2026-01-28T21:33:43+01:00,40f081a6-4095-43f7-bffb-64e2af8c026e,41.040130226691744,21.340138519731564,noise_dba,52
2026-01-28T21:33:43+01:00,40f081a6-4095-43f7-bffb-64e2af8c026e,41.040130226691744,21.340138519731564,pm10,10
2026-01-28T21:33:43+01:00,40f081a6-4095-43f7-bffb-64e2af8c026e,41.040130226691744,21.340138519731564,pm25,5
2026-01-28T21:33:43+01:00,40f081a6-4095-43f7-bffb-64e2af8c026e,41.040130226691744,21.340138519731564,pressure,929
2026-01-28T21:33:43+01:00,40f081a6-4095-43f7-bffb-64e2af8c026e,41.040130226691744,21.340138519731564,temperature,8
2026-01-28T21:49:17+01:00,40f081a6-4095-43f7-bffb-64e2af8c026e,41.040130226691744,21.340138519731564,gasResistance,13007335
2026-01-28T21:49:17+01:00,40f081a6-4095-43f7-bffb-64e2af8c026e,41.040130226691744,21.340138519731564,humidity,64
2026-01-28T21:49:17+01:00,40f081a6-4095-43f7-bffb-64e2af8c026e,41.040130226691744,21.340138519731564,noise,55
2026-01-28T21:49:17+01:00,40f081a6-4095-43f7-bffb-64e2af8c026e,41.040130226691744,21.340138519731564,noise_dba,50
2026-01-28T21:49:17+01:00,40f081a6-4095-43f7-bffb-64e2af8c026e,41.040130226691744,21.340138519731564,pm10,10
2026-01-28T21:49:17+01:00,40f081a6-4095-43f7-bffb-64e2af8c026e,41.040130226691744,21.340138519731564,pm25,7
2026-01-28T21:49:17+01:00,40f081a6-4095-43f7-bffb-64e2af8c026e,41.040130226691744,21.340138519731564,pressure,929
2026-01-28T21:49:17+01:00,40f081a6-4095-43f7-bffb-64e2af8c026e,41.040130226691744,21.340138519731564,temperature,7
2026-01-28T22:04:49+01:00,40f081a6-4095-43f7-bffb-64e2af8c026e,41.040130226691744,21.340138519731564,gasResistance,13007335
2026-01-28T22:04:49+01:00,40f081a6-4095-43f7-bffb-64e2af8c026e,41.040130226691744,21.340138519731564,humidity,64
2026-01-28T22:04:49+01:00,40f081a6-4095-43f7-bffb-64e2af8c026e,41.040130226691744,21.340138519731564,noise,33
2026-01-28T22:04:49+01:00,40f081a6-4095-43f7-bffb-64e2af8c026e,41.040130226691744,21.340138519731564,noise_dba,42
2026-01-28T22:04:49+01:00,40f081a6-4095-43f7-bffb-64e2af8c026e,41.040130226691744,21.340138519731564,pm10,9
2026-01-28T22:04:49+01:00,40f081a6-4095-43f7-bffb-64e2af8c026e,41.040130226691744,21.340138519731564,pm25,7
2026-01-28T22:04:49+01:00,40f081a6-4095-43f7-bffb-64e2af8c026e,41.040130226691744,21.340138519731564,pressure,929
2026-01-28T22:04:49+01:00,40f081a6-4095-43f7-bffb-64e2af8c026e,41.040130226691744,21.340138519731564,temperature,8
2026-01-28T22:20:21+01:00,40f081a6-4095-43f7-bffb-64e2af8c026e,41.040130226691744,21.340138519731564,gasResistance,13007335
2026-01-28T22:20:21+01:00,40f081a6-4095-43f7-bffb-64e2af8c026e,41.040130226691744,21.340138519731564,humidity,63
2026-01-28T22:20:21+01:00,40f081a6-4095-43f7-bffb-64e2af8c026e,41.040130226691744,21.340138519731564,noise,33
2026-01-28T22:20:21+01:00,40f081a6-4095-43f7-bffb-64e2af8c026e,41.040130226691744,21.340138519731564,noise_dba,42
2026-01-28T22:20:21+01:00,40f081a6-4095-43f7-bffb-64e2af8c026e,41.040130226691744,21.340138519731564,pm10,8
2026-01-28T22:20:21+01:00,40f081a6-4095-43f7-bffb-64e2af8c026e,41.040130226691744,21.340138519731564,pm25,6
2026-01-28T22:20:21+01:00,40f081a6-4095-43f7-bffb-64e2af8c026e,41.040130226691744,21.340138519731564,pressure,929
2026-01-28T22:20:21+01:00,40f081a6-4095-43f7-bffb-64e2af8c026e,41.040130226691744,21.340138519731564,temperature,8
2026-01-28T22:35:54+01:00,40f081a6-4095-43f7-bffb-64e2af8c026e,41.040130226691744,21.340138519731564,gasResistance,13007335
2026-01-28T22:35:54+01:00,40f081a6-4095-43f7-bffb-64e2af8c026e,41.040130226691744,21.340138519731564,humidity,63
2026-01-28T22:35:54+01:00,40f081a6-4095-43f7-bffb-64e2af8c026e,41.040130226691744,21.340138519731564,noise,37
2026-01-28T22:35:54+01:00,40f081a6-4095-43f7-bffb-64e2af8c026e,41.040130226691744,21.340138519731564,noise_dba,43
2026-01-28T22:35:54+01:00,40f081a6-4095-43f7-bffb-64e2af8c026e,41.040130226691744,21.340138519731564,pm10,11
2026-01-28T22:35:54+01:00,40f081a6-4095-43f7-bffb-64e2af8c026e,41.040130226691744,21.340138519731564,pm25,7
2026-01-28T22:35:54+01:00,40f081a6-4095-43f7-bffb-64e2af8c026e,41.040130226691744,21.340138519731564,pressure,929
2026-01-28T22:35:54+01:00,40f081a6-4095-43f7-bffb-64e2af8c026e,41.040130226691744,21.340138519731564,temperature,8
2026-01-28T22:51:30+01:00,40f081a6-4095-43f7-bffb-64e2af8c026e,41.040130226691744,21.340138519731564,gasResistance,13007335
2026-01-28T22:51:30+01:00,40f081a6-4095-43f7-bffb-64e2af8c026e,41.040130226691744,21.340138519731564,humidity,63
2026-01-28T22:51:30+01:00,40f081a6-4095-43f7-bffb-64e2af8c026e,41.040130226691744,21.340138519731564,noise,30
2026-01-28T22:51:30+01:00,40f081a6-4095-43f7-bffb-64e2af8c026e,41.040130226691744,21.340138519731564,noise_dba,40
2026-01-28T22:51:30+01:00,40f081a6-4095-43f7-bffb-64e2af8c026e,41.040130226691744,21.340138519731564,pm10,13
2026-01-28T22:51:30+01:00,40f081a6-4095-43f7-bffb-64e2af8c026e,41.040130226691744,21.340138519731564,pm25,8
2026-01-28T22:51:30+01:00,40f081a6-4095-43f7-bffb-64e2af8c026e,41.040130226691744,21.340138519731564,pressure,929
2026-01-28T22:51:30+01:00,40f081a6-4095-43f7-bffb-64e2af8c026e,41.040130226691744,21.340138519731564,temperature,8
2026-01-28T23:07:03+01:00,40f081a6-4095-43f7-bffb-64e2af8c026e,41.040130226691744,21.340138519731564,gasResistance,13007335
2026-01-28T23:07:03+01:00,40f081a6-4095-43f7-bffb-64e2af8c026e,41.040130226691744,21.340138519731564,humidity,63
2026-01-28T23:07:03+01:00,40f081a6-4095-43f7-bffb-64e2af8c026e,41.040130226691744,21.340138519731564,noise,45
2026-01-28T23:07:03+01:00,40f081a6-4095-43f7-bffb-64e2af8c026e,41.040130226691744,21.340138519731564,noise_dba,47
2026-01-28T23:07:03+01:00,40f081a6-4095-43f7-bffb-64e2af8c026e,41.040130226691744,21.340138519731564,pm10,15
2026-01-28T23:07:03+01:00,40f081a6-4095-43f7-bffb-64e2af8c026e,41.040130226691744,21.340138519731564,pm25,9
2026-01-28T23:07:03+01:00,40f081a6-4095-43f7-bffb-64e2af8c026e,41.040130226691744,21.340138519731564,pressure,929
2026-01-28T23:07:03+01:00,40f081a6-4095-43f7-bffb-64e2af8c026e,41.040130226691744,21.340138519731564,temperature,8
2026-01-28T23:22:35+01:00,40f081a6-4095-43f7-bffb-64e2af8c026e,41.040130226691744,21.340138519731564,gasResistance,13007335
2026-01-28T23:22:35+01:00,40f081a6-4095-43f7-bffb-64e2af8c026e,41.040130226691744,21.340138519731564,humidity,63
2026-01-28T23:22:35+01:00,40f081a6-4095-43f7-bffb-64e2af8c026e,41.040130226691744,21.340138519731564,noise,34
2026-01-28T23:22:35+01:00,40f081a6-4095-43f7-bffb-64e2af8c026e,41.040130226691744,21.340138519731564,noise_dba,42
2026-01-28T23:22:35+01:00,40f081a6-4095-43f7-bffb-64e2af8c026e,41.040130226691744,21.340138519731564,pm10,15
2026-01-28T23:22:35+01:00,40f081a6-4095-43f7-bffb-64e2af8c026e,41.040130226691744,21.340138519731564,pm25,7
2026-01-28T23:22:35+01:00,40f081a6-4095-43f7-bffb-64e2af8c026e,41.040130226691744,21.340138519731564,pressure,928
2026-01-28T23:22:35+01:00,40f081a6-4095-43f7-bffb-64e2af8c026e,41.040130226691744,21.340138519731564,temperature,8
2026-01-28T23:38:07+01:00,40f081a6-4095-43f7-bffb-64e2af8c026e,41.040130226691744,21.340138519731564,gasResistance,13007335
2026-01-28T23:38:07+01:00,40f081a6-4095-43f7-bffb-64e2af8c026e,41.040130226691744,21.340138519731564,humidity,63
2026-01-28T23:38:07+01:00,40f081a6-4095-43f7-bffb-64e2af8c026e,41.040130226691744,21.340138519731564,noise,32
2026-01-28T23:38:07+01:00,40f081a6-4095-43f7-bffb-64e2af8c026e,41.040130226691744,21.340138519731564,noise_dba,41
2026-01-28T23:38:07+01:00,40f081a6-4095-43f7-bffb-64e2af8c026e,41.040130226691744,21.340138519731564,pm10,13
2026-01-28T23:38:07+01:00,40f081a6-4095-43f7-bffb-64e2af8c026e,41.040130226691744,21.340138519731564,pm25,8
2026-01-28T23:38:07+01:00,40f081a6-4095-43f7-bffb-64e2af8c026e,41.040130226691744,21.340138519731564,pressure,928
2026-01-28T23:38:07+01:00,40f081a6-4095-43f7-bffb-64e2af8c026e,41.040130226691744,21.340138519731564,temperature,8
2026-01-28T23:53:39+01:00,40f081a6-4095-43f7-bffb-64e2af8c026e,41.040130226691744,21.340138519731564,gasResistance,13007335
2026-01-28T23:53:39+01:00,40f081a6-4095-43f7-bffb-64e2af8c026e,41.040130226691744,21.340138519731564,humidity,62
2026-01-28T23:53:39+01:00,40f081a6-4095-43f7-bffb-64e2af8c026e,41.040130226691744,21.340138519731564,noise,17
2026-01-28T23:53:39+01:00,40f081a6-4095-43f7-bffb-64e2af8c026e,41.040130226691744,21.340138519731564,noise_dba,31
2026-01-28T23:53:39+01:00,40f081a6-4095-43f7-bffb-64e2af8c026e,41.040130226691744,21.340138519731564,pm10,49
2026-01-28T23:53:39+01:00,40f081a6-4095-43f7-bffb-64e2af8c026e,41.040130226691744,21.340138519731564,pm25,24
2026-01-28T23:53:39+01:00,40f081a6-4095-43f7-bffb-64e2af8c026e,41.040130226691744,21.340138519731564,pressure,928
2026-01-28T23:53:39+01:00,40f081a6-4095-43f7-bffb-64e2af8c026e,41.040130226691744,21.340138519731564,temperature,8
2026-01-29T00:09:11+01:00,40f081a6-4095-43f7-bffb-64e2af8c026e,41.040130226691744,21.340138519731564,gasResistance,13007335
2026-01-29T00:09:11+01:00,40f081a6-4095-43f7-bffb-64e2af8c026e,41.040130226691744,21.340138519731564,humidity,61
2026-01-29T00:09:11+01:00,40f081a6-4095-43f7-bffb-64e2af8c026e,41.040130226691744,21.340138519731564,noise,26
2026-01-29T00:09:11+01:00,40f081a6-4095-43f7-bffb-64e2af8c026e,41.040130226691744,21.340138519731564,noise_dba,38
2026-01-29T00:09:11+01:00,40f081a6-4095-43f7-bffb-64e2af8c026e,41.040130226691744,21.340138519731564,pm10,15
2026-01-29T00:09:11+01:00,40f081a6-4095-43f7-bffb-64e2af8c026e,41.040130226691744,21.340138519731564,pm25,7
2026-01-29T00:09:11+01:00,40f081a6-4095-43f7-bffb-64e2af8c026e,41.040130226691744,21.340138519731564,pressure,928
2026-01-29T00:09:11+01:00,40f081a6-4095-43f7-bffb-64e2af8c026e,41.040130226691744,21.340138519731564,temperature,8
2026-01-29T00:24:43+01:00,40f081a6-4095-43f7-bffb-64e2af8c026e,41.040130226691744,21.340138519731564,gasResistance,13007335
2026-01-29T00:24:43+01:00,40f081a6-4095-43f7-bffb-64e2af8c026e,41.040130226691744,21.340138519731564,humidity,60
2026-01-29T00:24:43+01:00,40f081a6-4095-43f7-bffb-64e2af8c026e,41.040130226691744,21.340138519731564,noise,22
2026-01-29T00:24:43+01:00,40f081a6-4095-43f7-bffb-64e2af8c026e,41.040130226691744,21.340138519731564,noise_dba,35
2026-01-29T00:24:43+01:00,40f081a6-4095-43f7-bffb-64e2af8c026e,41.040130226691744,21.340138519731564,pm10,11
2026-01-29T00:24:43+01:00,40f081a6-4095-43f7-bffb-64e2af8c026e,41.040130226691744,21.340138519731564,pm25,5
2026-01-29T00:24:43+01:00,40f081a6-4095-43f7-bffb-64e2af8c026e,41.040130226691744,21.340138519731564,pressure,928
2026-01-29T00:24:43+01:00,40f081a6-4095-43f7-bffb-64e2af8c026e,41.040130226691744,21.340138519731564,temperature,9
2026-01-29T00:40:17+01:00,40f081a6-4095-43f7-bffb-64e2af8c026e,41.040130226691744,21.340138519731564,gasResistance,13007335
2026-01-29T00:40:17+01:00,40f081a6-4095-43f7-bffb-64e2af8c026e,41.040130226691744,21.340138519731564,humidity,60
2026-01-29T00:40:17+01:00,40f081a6-4095-43f7-bffb-64e2af8c026e,41.040130226691744,21.340138519731564,noise,22
2026-01-29T00:40:17+01:00,40f081a6-4095-43f7-bffb-64e2af8c026e,41.040130226691744,21.340138519731564,noise_dba,35
2026-01-29T00:40:17+01:00,40f081a6-4095-43f7-bffb-64e2af8c026e,41.040130226691744,21.340138519731564,pm10,6
2026-01-29T00:40:17+01:00,40f081a6-4095-43f7-bffb-64e2af8c026e,41.040130226691744,21.340138519731564,pm25,2
2026-01-29T00:40:17+01:00,40f081a6-4095-43f7-bffb-64e2af8c026e,41.040130226691744,21.340138519731564,pressure,928
2026-01-29T00:40:17+01:00,40f081a6-4095-43f7-bffb-64e2af8c026e,41.040130226691744,21.340138519731564,temperature,9
2026-01-29T00:55:49+01:00,40f081a6-4095-43f7-bffb-64e2af8c026e,41.040130226691744,21.340138519731564,gasResistance,13007335
2026-01-29T00:55:49+01:00,40f081a6-4095-43f7-bffb-64e2af8c026e,41.040130226691744,21.340138519731564,humidity,58
2026-01-29T00:55:49+01:00,40f081a6-4095-43f7-bffb-64e2af8c026e,41.040130226691744,21.340138519731564,noise,18
2026-01-29T00:55:49+01:00,40f081a6-4095-43f7-bffb-64e2af8c026e,41.040130226691744,21.340138519731564,noise_dba,32
2026-01-29T00:55:49+01:00,40f081a6-4095-43f7-bffb-64e2af8c026e,41.040130226691744,21.340138519731564,pm10,3
2026-01-29T00:55:49+01:00,40f081a6-4095-43f7-bffb-64e2af8c026e,41.040130226691744,21.340138519731564,pm25,1
2026-01-29T00:55:49+01:00,40f081a6-4095-43f7-bffb-64e2af8c026e,41.040130226691744,21.340138519731564,pressure,928
2026-01-29T00:55:49+01:00,40f081a6-4095-43f7-bffb-64e2af8c026e,41.040130226691744,21.340138519731564,temperature,9
2026-01-29T01:11:21+01:00,40f081a6-4095-43f7-bffb-64e2af8c026e,41.040130226691744,21.340138519731564,gasResistance,13007335
2026-01-29T01:11:21+01:00,40f081a6-4095-43f7-bffb-64e2af8c026e,41.040130226691744,21.340138519731564,humidity,58
2026-01-29T01:11:21+01:00,40f081a6-4095-43f7-bffb-64e2af8c026e,41.040130226691744,21.340138519731564,noise,23
2026-01-29T01:11:21+01:00,40f081a6-4095-43f7-bffb-64e2af8c026e,41.040130226691744,21.340138519731564,noise_dba,36
2026-01-29T01:11:21+01:00,40f081a6-4095-43f7-bffb-64e2af8c026e,41.040130226691744,21.340138519731564,pm10,12
2026-01-29T01:11:21+01:00,40f081a6-4095-43f7-bffb-64e2af8c026e,41.040130226691744,21.340138519731564,pm25,5
2026-01-29T01:11:21+01:00,40f081a6-4095-43f7-bffb-64e2af8c026e,41.040130226691744,21.340138519731564,pressure,927
2026-01-29T01:11:21+01:00,40f081a6-4095-43f7-bffb-64e2af8c026e,41.040130226691744,21.340138519731564,temperature,9
2026-01-29T01:26:53+01:00,40f081a6-4095-43f7-bffb-64e2af8c026e,41.040130226691744,21.340138519731564,gasResistance,13007335
2026-01-29T01:26:53+01:00,40f081a6-4095-43f7-bffb-64e2af8c026e,41.040130226691744,21.340138519731564,humidity,60
2026-01-29T01:26:53+01:00,40f081a6-4095-43f7-bffb-64e2af8c026e,41.040130226691744,21.340138519731564,noise,21
2026-01-29T01:26:53+01:00,40f081a6-4095-43f7-bffb-64e2af8c026e,41.040130226691744,21.340138519731564,noise_dba,34
2026-01-29T01:26:53+01:00,40f081a6-4095-43f7-bffb-64e2af8c026e,41.040130226691744,21.340138519731564,pm10,3
2026-01-29T01:26:53+01:00,40f081a6-4095-43f7-bffb-64e2af8c026e,41.040130226691744,21.340138519731564,pm25,1
2026-01-29T01:26:53+01:00,40f081a6-4095-43f7-bffb-64e2af8c026e,41.040130226691744,21.340138519731564,pressure,927
2026-01-29T01:26:53+01:00,40f081a6-4095-43f7-bffb-64e2af8c026e,41.040130226691744,21.340138519731564,temperature,9
2026-01-29T01:42:25+01:00,40f081a6-4095-43f7-bffb-64e2af8c026e,41.040130226691744,21.340138519731564,gasResistance,13007335
2026-01-29T01:42:25+01:00,40f081a6-4095-43f7-bffb-64e2af8c026e,41.040130226691744,21.340138519731564,humidity,61
2026-01-29T01:42:25+01:00,40f081a6-4095-43f7-bffb-64e2af8c026e,41.040130226691744,21.340138519731564,noise,14
2026-01-29T01:42:25+01:00,40f081a6-4095-43f7-bffb-64e2af8c026e,41.040130226691744,21.340138519731564,noise_dba,28
2026-01-29T01:42:25+01:00,40f081a6-4095-43f7-bffb-64e2af8c026e,41.040130226691744,21.340138519731564,pm10,51
2026-01-29T01:42:25+01:00,40f081a6-4095-43f7-bffb-64e2af8c026e,41.040130226691744,21.340138519731564,pm25,18
2026-01-29T01:42:25+01:00,40f081a6-4095-43f7-bffb-64e2af8c026e,41.040130226691744,21.340138519731564,pressure,927
2026-01-29T01:42:25+01:00,40f081a6-4095-43f7-bffb-64e2af8c026e,41.040130226691744,21.340138519731564,temperature,9
2026-01-29T01:57:57+01:00,40f081a6-4095-43f7-bffb-64e2af8c026e,41.040130226691744,21.340138519731564,gasResistance,13007335
2026-01-29T01:57:57+01:00,40f081a6-4095-43f7-bffb-64e2af8c026e,41.040130226691744,21.340138519731564,humidity,62
2026-01-29T01:57:57+01:00,40f081a6-4095-43f7-bffb-64e2af8c026e,41.040130226691744,21.340138519731564,noise,23
2026-01-29T01:57:57+01:00,40f081a6-4095-43f7-bffb-64e2af8c026e,41.040130226691744,21.340138519731564,noise_dba,36
2026-01-29T01:57:57+01:00,40f081a6-4095-43f7-bffb-64e2af8c026e,41.040130226691744,21.340138519731564,pm10,5
2026-01-29T01:57:57+01:00,40f081a6-4095-43f7-bffb-64e2af8c026e,41.040130226691744,21.340138519731564,pm25,2
2026-01-29T01:57:57+01:00,40f081a6-4095-43f7-bffb-64e2af8c026e,41.040130226691744,21.340138519731564,pressure,927
2026-01-29T01:57:57+01:00,40f081a6-4095-43f7-bffb-64e2af8c026e,41.040130226691744,21.340138519731564,temperature,8
2026-01-29T02:13:30+01:00,40f081a6-4095-43f7-bffb-64e2af8c026e,41.040130226691744,21.340138519731564,gasResistance,13007335
2026-01-29T02:13:30+01:00,40f081a6-4095-43f7-bffb-64e2af8c026e,41.040130226691744,21.340138519731564,humidity,62
2026-01-29T02:13:30+01:00,40f081a6-4095-43f7-bffb-64e2af8c026e,41.040130226691744,21.340138519731564,noise,24
2026-01-29T02:13:30+01:00,40f081a6-4095-43f7-bffb-64e2af8c026e,41.040130226691744,21.340138519731564,noise_dba,36
2026-01-29T02:13:30+01:00,40f081a6-4095-43f7-bffb-64e2af8c026e,41.040130226691744,21.340138519731564,pm10,10
2026-01-29T02:13:30+01:00,40f081a6-4095-43f7-bffb-64e2af8c026e,41.040130226691744,21.340138519731564,pm25,4
2026-01-29T02:13:30+01:00,40f081a6-4095-43f7-bffb-64e2af8c026e,41.040130226691744,21.340138519731564,pressure,927
2026-01-29T02:13:30+01:00,40f081a6-4095-43f7-bffb-64e2af8c026e,41.040130226691744,21.340138519731564,temperature,8
2026-01-29T02:29:02+01:00,40f081a6-4095-43f7-bffb-64e2af8c026e,41.040130226691744,21.340138519731564,gasResistance,13007335
2026-01-29T02:29:02+01:00,40f081a6-4095-43f7-bffb-64e2af8c026e,41.040130226691744,21.340138519731564,humidity,63
2026-01-29T02:29:02+01:00,40f081a6-4095-43f7-bffb-64e2af8c026e,41.040130226691744,21.340138519731564,noise,24
2026-01-29T02:29:02+01:00,40f081a6-4095-43f7-bffb-64e2af8c026e,41.040130226691744,21.340138519731564,noise_dba,36
2026-01-29T02:29:02+01:00,40f081a6-4095-43f7-bffb-64e2af8c026e,41.040130226691744,21.340138519731564,pm10,6
2026-01-29T02:29:02+01:00,40f081a6-4095-43f7-bffb-64e2af8c026e,41.040130226691744,21.340138519731564,pm25,2
2026-01-29T02:29:02+01:00,40f081a6-4095-43f7-bffb-64e2af8c026e,41.040130226691744,21.340138519731564,pressure,927
2026-01-29T02:29:02+01:00,40f081a6-4095-43f7-bffb-64e2af8c026e,41.040130226691744,21.340138519731564,temperature,8
2026-01-29T02:44:34+01:00,40f081a6-4095-43f7-bffb-64e2af8c026e,41.040130226691744,21.340138519731564,gasResistance,13007335
2026-01-29T02:44:34+01:00,40f081a6-4095-43f7-bffb-64e2af8c026e,41.040130226691744,21.340138519731564,humidity,63
2026-01-29T02:44:34+01:00,40f081a6-4095-43f7-bffb-64e2af8c026e,41.040130226691744,21.340138519731564,noise,14
2026-01-29T02:44:34+01:00,40f081a6-4095-43f7-bffb-64e2af8c026e,41.040130226691744,21.340138519731564,noise_dba,28
2026-01-29T02:44:34+01:00,40f081a6-4095-43f7-bffb-64e2af8c026e,41.040130226691744,21.340138519731564,pm10,5
2026-01-29T02:44:34+01:00,40f081a6-4095-43f7-bffb-64e2af8c026e,41.040130226691744,21.340138519731564,pm25,2
2026-01-29T02:44:34+01:00,40f081a6-4095-43f7-bffb-64e2af8c026e,41.040130226691744,21.340138519731564,pressure,927
2026-01-29T02:44:34+01:00,40f081a6-4095-43f7-bffb-64e2af8c026e,41.040130226691744,21.340138519731564,temperature,8
2026-01-29T03:00:06+01:00,40f081a6-4095-43f7-bffb-64e2af8c026e,41.040130226691744,21.340138519731564,gasResistance,13007335
2026-01-29T03:00:06+01:00,40f081a6-4095-43f7-bffb-64e2af8c026e,41.040130226691744,21.340138519731564,humidity,63
2026-01-29T03:00:06+01:00,40f081a6-4095-43f7-bffb-64e2af8c026e,41.040130226691744,21.340138519731564,noise,16
2026-01-29T03:00:06+01:00,40f081a6-4095-43f7-bffb-64e2af8c026e,41.040130226691744,21.340138519731564,noise_dba,30
2026-01-29T03:00:06+01:00,40f081a6-4095-43f7-bffb-64e2af8c026e,41.040130226691744,21.340138519731564,pm10,4
2026-01-29T03:00:06+01:00,40f081a6-4095-43f7-bffb-64e2af8c026e,41.040130226691744,21.340138519731564,pm25,2
2026-01-29T03:00:06+01:00,40f081a6-4095-43f7-bffb-64e2af8c026e,41.040130226691744,21.340138519731564,pressure,927
2026-01-29T03:00:06+01:00,40f081a6-4095-43f7-bffb-64e2af8c026e,41.040130226691744,21.340138519731564,temperature,8
2026-01-29T03:15:38+01:00,40f081a6-4095-43f7-bffb-64e2af8c026e,41.040130226691744,21.340138519731564,gasResistance,13007335
2026-01-29T03:15:38+01:00,40f081a6-4095-43f7-bffb-64e2af8c026e,41.040130226691744,21.340138519731564,humidity,63
2026-01-29T03:15:38+01:00,40f081a6-4095-43f7-bffb-64e2af8c026e,41.040130226691744,21.340138519731564,noise,19
2026-01-29T03:15:38+01:00,40f081a6-4095-43f7-bffb-64e2af8c026e,41.040130226691744,21.340138519731564,noise_dba,33
2026-01-29T03:15:38+01:00,40f081a6-4095-43f7-bffb-64e2af8c026e,41.040130226691744,21.340138519731564,pm10,3
2026-01-29T03:15:38+01:00,40f081a6-4095-43f7-bffb-64e2af8c026e,41.040130226691744,21.340138519731564,pm25,1
2026-01-29T03:15:38+01:00,40f081a6-4095-43f7-bffb-64e2af8c026e,41.040130226691744,21.340138519731564,pressure,927
2026-01-29T03:15:38+01:00,40f081a6-4095-43f7-bffb-64e2af8c026e,41.040130226691744,21.340138519731564,temperature,8
2026-01-29T03:31:10+01:00,40f081a6-4095-43f7-bffb-64e2af8c026e,41.040130226691744,21.340138519731564,gasResistance,13007335
2026-01-29T03:31:10+01:00,40f081a6-4095-43f7-bffb-64e2af8c026e,41.040130226691744,21.340138519731564,humidity,63
2026-01-29T03:31:10+01:00,40f081a6-4095-43f7-bffb-64e2af8c026e,41.040130226691744,21.340138519731564,noise,13
2026-01-29T03:31:10+01:00,40f081a6-4095-43f7-bffb-64e2af8c026e,41.040130226691744,21.340138519731564,noise_dba,27
2026-01-29T03:31:10+01:00,40f081a6-4095-43f7-bffb-64e2af8c026e,41.040130226691744,21.340138519731564,pm10,18
2026-01-29T03:31:10+01:00,40f081a6-4095-43f7-bffb-64e2af8c026e,41.040130226691744,21.340138519731564,pm25,9
2026-01-29T03:31:10+01:00,40f081a6-4095-43f7-bffb-64e2af8c026e,41.040130226691744,21.340138519731564,pressure,927
2026-01-29T03:31:10+01:00,40f081a6-4095-43f7-bffb-64e2af8c026e,41.040130226691744,21.340138519731564,temperature,8
2026-01-29T03:46:42+01:00,40f081a6-4095-43f7-bffb-64e2af8c026e,41.040130226691744,21.340138519731564,gasResistance,13007335
2026-01-29T03:46:42+01:00,40f081a6-4095-43f7-bffb-64e2af8c026e,41.040130226691744,21.340138519731564,humidity,63
2026-01-29T03:46:42+01:00,40f081a6-4095-43f7-bffb-64e2af8c026e,41.040130226691744,21.340138519731564,noise,13
2026-01-29T03:46:42+01:00,40f081a6-4095-43f7-bffb-64e2af8c026e,41.040130226691744,21.340138519731564,noise_dba,27
2026-01-29T03:46:42+01:00,40f081a6-4095-43f7-bffb-64e2af8c026e,41.040130226691744,21.340138519731564,pm10,13
2026-01-29T03:46:42+01:00,40f081a6-4095-43f7-bffb-64e2af8c026e,41.040130226691744,21.340138519731564,pm25,6
2026-01-29T03:46:42+01:00,40f081a6-4095-43f7-bffb-64e2af8c026e,41.040130226691744,21.340138519731564,pressure,927
2026-01-29T03:46:42+01:00,40f081a6-4095-43f7-bffb-64e2af8c026e,41.040130226691744,21.340138519731564,temperature,8
2026-01-29T04:02:14+01:00,40f081a6-4095-43f7-bffb-64e2af8c026e,41.040130226691744,21.340138519731564,gasResistance,13007335
2026-01-29T04:02:14+01:00,40f081a6-4095-43f7-bffb-64e2af8c026e,41.040130226691744,21.340138519731564,humidity,63
2026-01-29T04:02:14+01:00,40f081a6-4095-43f7-bffb-64e2af8c026e,41.040130226691744,21.340138519731564,noise,18
2026-01-29T04:02:14+01:00,40f081a6-4095-43f7-bffb-64e2af8c026e,41.040130226691744,21.340138519731564,noise_dba,32
2026-01-29T04:02:14+01:00,40f081a6-4095-43f7-bffb-64e2af8c026e,41.040130226691744,21.340138519731564,pm10,3
2026-01-29T04:02:14+01:00,40f081a6-4095-43f7-bffb-64e2af8c026e,41.040130226691744,21.340138519731564,pm25,2
2026-01-29T04:02:14+01:00,40f081a6-4095-43f7-bffb-64e2af8c026e,41.040130226691744,21.340138519731564,pressure,926
2026-01-29T04:02:14+01:00,40f081a6-4095-43f7-bffb-64e2af8c026e,41.040130226691744,21.340138519731564,temperature,8
2026-01-29T04:17:46+01:00,40f081a6-4095-43f7-bffb-64e2af8c026e,41.040130226691744,21.340138519731564,gasResistance,13007335
2026-01-29T04:17:46+01:00,40f081a6-4095-43f7-bffb-64e2af8c026e,41.040130226691744,21.340138519731564,humidity,63
2026-01-29T04:17:46+01:00,40f081a6-4095-43f7-bffb-64e2af8c026e,41.040130226691744,21.340138519731564,noise,19
2026-01-29T04:17:46+01:00,40f081a6-4095-43f7-bffb-64e2af8c026e,41.040130226691744,21.340138519731564,noise_dba,33
2026-01-29T04:17:46+01:00,40f081a6-4095-43f7-bffb-64e2af8c026e,41.040130226691744,21.340138519731564,pm10,12
2026-01-29T04:17:46+01:00,40f081a6-4095-43f7-bffb-64e2af8c026e,41.040130226691744,21.340138519731564,pm25,5
2026-01-29T04:17:46+01:00,40f081a6-4095-43f7-bffb-64e2af8c026e,41.040130226691744,21.340138519731564,pressure,926
2026-01-29T04:17:46+01:00,40f081a6-4095-43f7-bffb-64e2af8c026e,41.040130226691744,21.340138519731564,temperature,8
2026-01-29T04:33:18+01:00,40f081a6-4095-43f7-bffb-64e2af8c026e,41.040130226691744,21.340138519731564,gasResistance,13007335
2026-01-29T04:33:18+01:00,40f081a6-4095-43f7-bffb-64e2af8c026e,41.040130226691744,21.340138519731564,humidity,63
2026-01-29T04:33:18+01:00,40f081a6-4095-43f7-bffb-64e2af8c026e,41.040130226691744,21.340138519731564,noise,14
2026-01-29T04:33:18+01:00,40f081a6-4095-43f7-bffb-64e2af8c026e,41.040130226691744,21.340138519731564,noise_dba,28
2026-01-29T04:33:18+01:00,40f081a6-4095-43f7-bffb-64e2af8c026e,41.040130226691744,21.340138519731564,pm10,21
2026-01-29T04:33:18+01:00,40f081a6-4095-43f7-bffb-64e2af8c026e,41.040130226691744,21.340138519731564,pm25,12
2026-01-29T04:33:18+01:00,40f081a6-4095-43f7-bffb-64e2af8c026e,41.040130226691744,21.340138519731564,pressure,926
2026-01-29T04:33:18+01:00,40f081a6-4095-43f7-bffb-64e2af8c026e,41.040130226691744,21.340138519731564,temperature,8
2026-01-29T04:48:50+01:00,40f081a6-4095-43f7-bffb-64e2af8c026e,41.040130226691744,21.340138519731564,gasResistance,13007335
2026-01-29T04:48:50+01:00,40f081a6-4095-43f7-bffb-64e2af8c026e,41.040130226691744,21.340138519731564,humidity,63
2026-01-29T04:48:50+01:00,40f081a6-4095-43f7-bffb-64e2af8c026e,41.040130226691744,21.340138519731564,noise,25
2026-01-29T04:48:50+01:00,40f081a6-4095-43f7-bffb-64e2af8c026e,41.040130226691744,21.340138519731564,noise_dba,37
2026-01-29T04:48:50+01:00,40f081a6-4095-43f7-bffb-64e2af8c026e,41.040130226691744,21.340138519731564,pm10,17
2026-01-29T04:48:50+01:00,40f081a6-4095-43f7-bffb-64e2af8c026e,41.040130226691744,21.340138519731564,pm25,9
2026-01-29T04:48:50+01:00,40f081a6-4095-43f7-bffb-64e2af8c026e,41.040130226691744,21.340138519731564,pressure,926
2026-01-29T04:48:50+01:00,40f081a6-4095-43f7-bffb-64e2af8c026e,41.040130226691744,21.340138519731564,temperature,8
2026-01-29T05:04:22+01:00,40f081a6-4095-43f7-bffb-64e2af8c026e,41.040130226691744,21.340138519731564,gasResistance,13007335
2026-01-29T05:04:22+01:00,40f081a6-4095-43f7-bffb-64e2af8c026e,41.040130226691744,21.340138519731564,humidity,64
2026-01-29T05:04:22+01:00,40f081a6-4095-43f7-bffb-64e2af8c026e,41.040130226691744,21.340138519731564,noise,20
2026-01-29T05:04:22+01:00,40f081a6-4095-43f7-bffb-64e2af8c026e,41.040130226691744,21.340138519731564,noise_dba,34
2026-01-29T05:04:22+01:00,40f081a6-4095-43f7-bffb-64e2af8c026e,41.040130226691744,21.340138519731564,pm10,15
2026-01-29T05:04:22+01:00,40f081a6-4095-43f7-bffb-64e2af8c026e,41.040130226691744,21.340138519731564,pm25,6
2026-01-29T05:04:22+01:00,40f081a6-4095-43f7-bffb-64e2af8c026e,41.040130226691744,21.340138519731564,pressure,926
2026-01-29T05:04:22+01:00,40f081a6-4095-43f7-bffb-64e2af8c026e,41.040130226691744,21.340138519731564,temperature,8
2026-01-29T05:19:54+01:00,40f081a6-4095-43f7-bffb-64e2af8c026e,41.040130226691744,21.340138519731564,gasResistance,13007335
2026-01-29T05:19:54+01:00,40f081a6-4095-43f7-bffb-64e2af8c026e,41.040130226691744,21.340138519731564,humidity,64
2026-01-29T05:19:54+01:00,40f081a6-4095-43f7-bffb-64e2af8c026e,41.040130226691744,21.340138519731564,noise,21
2026-01-29T05:19:54+01:00,40f081a6-4095-43f7-bffb-64e2af8c026e,41.040130226691744,21.340138519731564,noise_dba,34
2026-01-29T05:19:54+01:00,40f081a6-4095-43f7-bffb-64e2af8c026e,41.040130226691744,21.340138519731564,pm10,6
2026-01-29T05:19:54+01:00,40f081a6-4095-43f7-bffb-64e2af8c026e,41.040130226691744,21.340138519731564,pm25,3
2026-01-29T05:19:54+01:00,40f081a6-4095-43f7-bffb-64e2af8c026e,41.040130226691744,21.340138519731564,pressure,926
2026-01-29T05:19:54+01:00,40f081a6-4095-43f7-bffb-64e2af8c026e,41.040130226691744,21.340138519731564,temperature,8
2026-01-29T05:35:26+01:00,40f081a6-4095-43f7-bffb-64e2af8c026e,41.040130226691744,21.340138519731564,gasResistance,13007335
2026-01-29T05:35:26+01:00,40f081a6-4095-43f7-bffb-64e2af8c026e,41.040130226691744,21.340138519731564,humidity,64
2026-01-29T05:35:26+01:00,40f081a6-4095-43f7-bffb-64e2af8c026e,41.040130226691744,21.340138519731564,noise,24
2026-01-29T05:35:26+01:00,40f081a6-4095-43f7-bffb-64e2af8c026e,41.040130226691744,21.340138519731564,noise_dba,36
2026-01-29T05:35:26+01:00,40f081a6-4095-43f7-bffb-64e2af8c026e,41.040130226691744,21.340138519731564,pm10,9
2026-01-29T05:35:26+01:00,40f081a6-4095-43f7-bffb-64e2af8c026e,41.040130226691744,21.340138519731564,pm25,5
2026-01-29T05:35:26+01:00,40f081a6-4095-43f7-bffb-64e2af8c026e,41.040130226691744,21.340138519731564,pressure,926
2026-01-29T05:35:26+01:00,40f081a6-4095-43f7-bffb-64e2af8c026e,41.040130226691744,21.340138519731564,temperature,8
2026-01-29T05:50:58+01:00,40f081a6-4095-43f7-bffb-64e2af8c026e,41.040130226691744,21.340138519731564,gasResistance,13007335
2026-01-29T05:50:58+01:00,40f081a6-4095-43f7-bffb-64e2af8c026e,41.040130226691744,21.340138519731564,humidity,64
2026-01-29T05:50:58+01:00,40f081a6-4095-43f7-bffb-64e2af8c026e,41.040130226691744,21.340138519731564,noise,21
2026-01-29T05:50:58+01:00,40f081a6-4095-43f7-bffb-64e2af8c026e,41.040130226691744,21.340138519731564,noise_dba,34
2026-01-29T05:50:58+01:00,40f081a6-4095-43f7-bffb-64e2af8c026e,41.040130226691744,21.340138519731564,pm10,8
2026-01-29T05:50:58+01:00,40f081a6-4095-43f7-bffb-64e2af8c026e,41.040130226691744,21.340138519731564,pm25,3
2026-01-29T05:50:58+01:00,40f081a6-4095-43f7-bffb-64e2af8c026e,41.040130226691744,21.340138519731564,pressure,926
2026-01-29T05:50:58+01:00,40f081a6-4095-43f7-bffb-64e2af8c026e,41.040130226691744,21.340138519731564,temperature,8
2026-01-29T06:06:31+01:00,40f081a6-4095-43f7-bffb-64e2af8c026e,41.040130226691744,21.340138519731564,gasResistance,13007335
2026-01-29T06:06:31+01:00,40f081a6-4095-43f7-bffb-64e2af8c026e,41.040130226691744,21.340138519731564,humidity,64
2026-01-29T06:06:31+01:00,40f081a6-4095-43f7-bffb-64e2af8c026e,41.040130226691744,21.340138519731564,noise,31
2026-01-29T06:06:31+01:00,40f081a6-4095-43f7-bffb-64e2af8c026e,41.040130226691744,21.340138519731564,noise_dba,41
2026-01-29T06:06:31+01:00,40f081a6-4095-43f7-bffb-64e2af8c026e,41.040130226691744,21.340138519731564,pm10,9
2026-01-29T06:06:31+01:00,40f081a6-4095-43f7-bffb-64e2af8c026e,41.040130226691744,21.340138519731564,pm25,5
2026-01-29T06:06:31+01:00,40f081a6-4095-43f7-bffb-64e2af8c026e,41.040130226691744,21.340138519731564,pressure,926
2026-01-29T06:06:31+01:00,40f081a6-4095-43f7-bffb-64e2af8c026e,41.040130226691744,21.340138519731564,temperature,8
2026-01-29T06:22:03+01:00,40f081a6-4095-43f7-bffb-64e2af8c026e,41.040130226691744,21.340138519731564,gasResistance,13007335
2026-01-29T06:22:03+01:00,40f081a6-4095-43f7-bffb-64e2af8c026e,41.040130226691744,21.340138519731564,humidity,64
2026-01-29T06:22:03+01:00,40f081a6-4095-43f7-bffb-64e2af8c026e,41.040130226691744,21.340138519731564,noise,18
2026-01-29T06:22:03+01:00,40f081a6-4095-43f7-bffb-64e2af8c026e,41.040130226691744,21.340138519731564,noise_dba,32
2026-01-29T06:22:03+01:00,40f081a6-4095-43f7-bffb-64e2af8c026e,41.040130226691744,21.340138519731564,pm10,6
2026-01-29T06:22:03+01:00,40f081a6-4095-43f7-bffb-64e2af8c026e,41.040130226691744,21.340138519731564,pm25,3
2026-01-29T06:22:03+01:00,40f081a6-4095-43f7-bffb-64e2af8c026e,41.040130226691744,21.340138519731564,pressure,926
2026-01-29T06:22:03+01:00,40f081a6-4095-43f7-bffb-64e2af8c026e,41.040130226691744,21.340138519731564,temperature,8
2026-01-29T06:37:35+01:00,40f081a6-4095-43f7-bffb-64e2af8c026e,41.040130226691744,21.340138519731564,gasResistance,13007335
2026-01-29T06:37:35+01:00,40f081a6-4095-43f7-bffb-64e2af8c026e,41.040130226691744,21.340138519731564,humidity,64
2026-01-29T06:37:35+01:00,40f081a6-4095-43f7-bffb-64e2af8c026e,41.040130226691744,21.340138519731564,noise,29
2026-01-29T06:37:35+01:00,40f081a6-4095-43f7-bffb-64e2af8c026e,41.040130226691744,21.340138519731564,noise_dba,40
2026-01-29T06:37:35+01:00,40f081a6-4095-43f7-bffb-64e2af8c026e,41.040130226691744,21.340138519731564,pm10,7
2026-01-29T06:37:35+01:00,40f081a6-4095-43f7-bffb-64e2af8c026e,41.040130226691744,21.340138519731564,pm25,2
2026-01-29T06:37:35+01:00,40f081a6-4095-43f7-bffb-64e2af8c026e,41.040130226691744,21.340138519731564,pressure,925
2026-01-29T06:37:35+01:00,40f081a6-4095-43f7-bffb-64e2af8c026e,41.040130226691744,21.340138519731564,temperature,8
2026-01-29T06:53:07+01:00,40f081a6-4095-43f7-bffb-64e2af8c026e,41.040130226691744,21.340138519731564,gasResistance,13007335
2026-01-29T06:53:07+01:00,40f081a6-4095-43f7-bffb-64e2af8c026e,41.040130226691744,21.340138519731564,humidity,64
2026-01-29T06:53:07+01:00,40f081a6-4095-43f7-bffb-64e2af8c026e,41.040130226691744,21.340138519731564,noise,29
2026-01-29T06:53:07+01:00,40f081a6-4095-43f7-bffb-64e2af8c026e,41.040130226691744,21.340138519731564,noise_dba,40
2026-01-29T06:53:07+01:00,40f081a6-4095-43f7-bffb-64e2af8c026e,41.040130226691744,21.340138519731564,pm10,15
2026-01-29T06:53:07+01:00,40f081a6-4095-43f7-bffb-64e2af8c026e,41.040130226691744,21.340138519731564,pm25,8
2026-01-29T06:53:07+01:00,40f081a6-4095-43f7-bffb-64e2af8c026e,41.040130226691744,21.340138519731564,pressure,925
2026-01-29T06:53:07+01:00,40f081a6-4095-43f7-bffb-64e2af8c026e,41.040130226691744,21.340138519731564,temperature,8
2026-01-29T07:08:40+01:00,40f081a6-4095-43f7-bffb-64e2af8c026e,41.040130226691744,21.340138519731564,gasResistance,13007335
2026-01-29T07:08:40+01:00,40f081a6-4095-43f7-bffb-64e2af8c026e,41.040130226691744,21.340138519731564,humidity,64
2026-01-29T07:08:40+01:00,40f081a6-4095-43f7-bffb-64e2af8c026e,41.040130226691744,21.340138519731564,noise,36
2026-01-29T07:08:40+01:00,40f081a6-4095-43f7-bffb-64e2af8c026e,41.040130226691744,21.340138519731564,noise_dba,43
2026-01-29T07:08:40+01:00,40f081a6-4095-43f7-bffb-64e2af8c026e,41.040130226691744,21.340138519731564,pm10,19
2026-01-29T07:08:40+01:00,40f081a6-4095-43f7-bffb-64e2af8c026e,41.040130226691744,21.340138519731564,pm25,11
2026-01-29T07:08:40+01:00,40f081a6-4095-43f7-bffb-64e2af8c026e,41.040130226691744,21.340138519731564,pressure,925
2026-01-29T07:08:40+01:00,40f081a6-4095-43f7-bffb-64e2af8c026e,41.040130226691744,21.340138519731564,temperature,8
2026-01-29T07:24:12+01:00,40f081a6-4095-43f7-bffb-64e2af8c026e,41.040130226691744,21.340138519731564,gasResistance,13007335
2026-01-29T07:24:12+01:00,40f081a6-4095-43f7-bffb-64e2af8c026e,41.040130226691744,21.340138519731564,humidity,64
2026-01-29T07:24:12+01:00,40f081a6-4095-43f7-bffb-64e2af8c026e,41.040130226691744,21.340138519731564,noise,22
2026-01-29T07:24:12+01:00,40f081a6-4095-43f7-bffb-64e2af8c026e,41.040130226691744,21.340138519731564,noise_dba,35
2026-01-29T07:24:12+01:00,40f081a6-4095-43f7-bffb-64e2af8c026e,41.040130226691744,21.340138519731564,pm10,8
2026-01-29T07:24:12+01:00,40f081a6-4095-43f7-bffb-64e2af8c026e,41.040130226691744,21.340138519731564,pm25,5
2026-01-29T07:24:12+01:00,40f081a6-4095-43f7-bffb-64e2af8c026e,41.040130226691744,21.340138519731564,pressure,925
2026-01-29T07:24:12+01:00,40f081a6-4095-43f7-bffb-64e2af8c026e,41.040130226691744,21.340138519731564,temperature,8
2026-01-29T07:39:45+01:00,40f081a6-4095-43f7-bffb-64e2af8c026e,41.040130226691744,21.340138519731564,gasResistance,13007335
2026-01-29T07:39:45+01:00,40f081a6-4095-43f7-bffb-64e2af8c026e,41.040130226691744,21.340138519731564,humidity,65
2026-01-29T07:39:45+01:00,40f081a6-4095-43f7-bffb-64e2af8c026e,41.040130226691744,21.340138519731564,noise,38
2026-01-29T07:39:45+01:00,40f081a6-4095-43f7-bffb-64e2af8c026e,41.040130226691744,21.340138519731564,noise_dba,44
2026-01-29T07:39:45+01:00,40f081a6-4095-43f7-bffb-64e2af8c026e,41.040130226691744,21.340138519731564,pm10,6
2026-01-29T07:39:45+01:00,40f081a6-4095-43f7-bffb-64e2af8c026e,41.040130226691744,21.340138519731564,pm25,4
2026-01-29T07:39:45+01:00,40f081a6-4095-43f7-bffb-64e2af8c026e,41.040130226691744,21.340138519731564,pressure,925
2026-01-29T07:39:45+01:00,40f081a6-4095-43f7-bffb-64e2af8c026e,41.040130226691744,21.340138519731564,temperature,8
2026-01-29T07:55:17+01:00,40f081a6-4095-43f7-bffb-64e2af8c026e,41.040130226691744,21.340138519731564,gasResistance,13007335
2026-01-29T07:55:17+01:00,40f081a6-4095-43f7-bffb-64e2af8c026e,41.040130226691744,21.340138519731564,humidity,65
2026-01-29T07:55:17+01:00,40f081a6-4095-43f7-bffb-64e2af8c026e,41.040130226691744,21.340138519731564,noise,41
2026-01-29T07:55:17+01:00,40f081a6-4095-43f7-bffb-64e2af8c026e,41.040130226691744,21.340138519731564,noise_dba,45
2026-01-29T07:55:17+01:00,40f081a6-4095-43f7-bffb-64e2af8c026e,41.040130226691744,21.340138519731564,pm10,7
2026-01-29T07:55:17+01:00,40f081a6-4095-43f7-bffb-64e2af8c026e,41.040130226691744,21.340138519731564,pm25,3
2026-01-29T07:55:17+01:00,40f081a6-4095-43f7-bffb-64e2af8c026e,41.040130226691744,21.340138519731564,pressure,925
2026-01-29T07:55:17+01:00,40f081a6-4095-43f7-bffb-64e2af8c026e,41.040130226691744,21.340138519731564,temperature,8
2026-01-29T08:10:49+01:00,40f081a6-4095-43f7-bffb-64e2af8c026e,41.040130226691744,21.340138519731564,gasResistance,13007335
2026-01-29T08:10:49+01:00,40f081a6-4095-43f7-bffb-64e2af8c026e,41.040130226691744,21.340138519731564,humidity,65
2026-01-29T08:10:49+01:00,40f081a6-4095-43f7-bffb-64e2af8c026e,41.040130226691744,21.340138519731564,noise,36
2026-01-29T08:10:49+01:00,40f081a6-4095-43f7-bffb-64e2af8c026e,41.040130226691744,21.340138519731564,noise_dba,43
2026-01-29T08:10:49+01:00,40f081a6-4095-43f7-bffb-64e2af8c026e,41.040130226691744,21.340138519731564,pm10,15
2026-01-29T08:10:49+01:00,40f081a6-4095-43f7-bffb-64e2af8c026e,41.040130226691744,21.340138519731564,pm25,9
2026-01-29T08:10:49+01:00,40f081a6-4095-43f7-bffb-64e2af8c026e,41.040130226691744,21.340138519731564,pressure,925
2026-01-29T08:10:49+01:00,40f081a6-4095-43f7-bffb-64e2af8c026e,41.040130226691744,21.340138519731564,temperature,7
2026-01-29T08:26:22+01:00,40f081a6-4095-43f7-bffb-64e2af8c026e,41.040130226691744,21.340138519731564,gasResistance,13007335
2026-01-29T08:26:22+01:00,40f081a6-4095-43f7-bffb-64e2af8c026e,41.040130226691744,21.340138519731564,humidity,66
2026-01-29T08:26:22+01:00,40f081a6-4095-43f7-bffb-64e2af8c026e,41.040130226691744,21.340138519731564,noise,37
2026-01-29T08:26:22+01:00,40f081a6-4095-43f7-bffb-64e2af8c026e,41.040130226691744,21.340138519731564,noise_dba,43
2026-01-29T08:26:22+01:00,40f081a6-4095-43f7-bffb-64e2af8c026e,41.040130226691744,21.340138519731564,pm10,8
2026-01-29T08:26:22+01:00,40f081a6-4095-43f7-bffb-64e2af8c026e,41.040130226691744,21.340138519731564,pm25,5
2026-01-29T08:26:22+01:00,40f081a6-4095-43f7-bffb-64e2af8c026e,41.040130226691744,21.340138519731564,pressure,925
2026-01-29T08:26:22+01:00,40f081a6-4095-43f7-bffb-64e2af8c026e,41.040130226691744,21.340138519731564,temperature,7
2026-01-29T08:41:54+01:00,40f081a6-4095-43f7-bffb-64e2af8c026e,41.040130226691744,21.340138519731564,gasResistance,13007335
2026-01-29T08:41:54+01:00,40f081a6-4095-43f7-bffb-64e2af8c026e,41.040130226691744,21.340138519731564,humidity,66
2026-01-29T08:41:54+01:00,40f081a6-4095-43f7-bffb-64e2af8c026e,41.040130226691744,21.340138519731564,noise,26
2026-01-29T08:41:54+01:00,40f081a6-4095-43f7-bffb-64e2af8c026e,41.040130226691744,21.340138519731564,noise_dba,38
2026-01-29T08:41:54+01:00,40f081a6-4095-43f7-bffb-64e2af8c026e,41.040130226691744,21.340138519731564,pm10,11
2026-01-29T08:41:54+01:00,40f081a6-4095-43f7-bffb-64e2af8c026e,41.040130226691744,21.340138519731564,pm25,6
2026-01-29T08:41:54+01:00,40f081a6-4095-43f7-bffb-64e2af8c026e,41.040130226691744,21.340138519731564,pressure,925
2026-01-29T08:41:54+01:00,40f081a6-4095-43f7-bffb-64e2af8c026e,41.040130226691744,21.340138519731564,temperature,7
2026-01-29T08:57:26+01:00,40f081a6-4095-43f7-bffb-64e2af8c026e,41.040130226691744,21.340138519731564,gasResistance,13007335
2026-01-29T08:57:26+01:00,40f081a6-4095-43f7-bffb-64e2af8c026e,41.040130226691744,21.340138519731564,humidity,66
2026-01-29T08:57:26+01:00,40f081a6-4095-43f7-bffb-64e2af8c026e,41.040130226691744,21.340138519731564,noise,21
2026-01-29T08:57:26+01:00,40f081a6-4095-43f7-bffb-64e2af8c026e,41.040130226691744,21.340138519731564,noise_dba,34
2026-01-29T08:57:26+01:00,40f081a6-4095-43f7-bffb-64e2af8c026e,41.040130226691744,21.340138519731564,pm10,7
2026-01-29T08:57:26+01:00,40f081a6-4095-43f7-bffb-64e2af8c026e,41.040130226691744,21.340138519731564,pm25,5
2026-01-29T08:57:26+01:00,40f081a6-4095-43f7-bffb-64e2af8c026e,41.040130226691744,21.340138519731564,pressure,925
2026-01-29T08:57:26+01:00,40f081a6-4095-43f7-bffb-64e2af8c026e,41.040130226691744,21.340138519731564,temperature,7
2026-01-29T09:12:59+01:00,40f081a6-4095-43f7-bffb-64e2af8c026e,41.040130226691744,21.340138519731564,gasResistance,13007335
2026-01-29T09:12:59+01:00,40f081a6-4095-43f7-bffb-64e2af8c026e,41.040130226691744,21.340138519731564,humidity,65
2026-01-29T09:12:59+01:00,40f081a6-4095-43f7-bffb-64e2af8c026e,41.040130226691744,21.340138519731564,noise,18
2026-01-29T09:12:59+01:00,40f081a6-4095-43f7-bffb-64e2af8c026e,41.040130226691744,21.340138519731564,noise_dba,32
2026-01-29T09:12:59+01:00,40f081a6-4095-43f7-bffb-64e2af8c026e,41.040130226691744,21.340138519731564,pm10,25
2026-01-29T09:12:59+01:00,40f081a6-4095-43f7-bffb-64e2af8c026e,41.040130226691744,21.340138519731564,pm25,13
2026-01-29T09:12:59+01:00,40f081a6-4095-43f7-bffb-64e2af8c026e,41.040130226691744,21.340138519731564,pressure,925
2026-01-29T09:12:59+01:00,40f081a6-4095-43f7-bffb-64e2af8c026e,41.040130226691744,21.340138519731564,temperature,7
2026-01-29T09:28:31+01:00,40f081a6-4095-43f7-bffb-64e2af8c026e,41.040130226691744,21.340138519731564,gasResistance,13007335
2026-01-29T09:28:31+01:00,40f081a6-4095-43f7-bffb-64e2af8c026e,41.040130226691744,21.340138519731564,humidity,66
2026-01-29T09:28:31+01:00,40f081a6-4095-43f7-bffb-64e2af8c026e,41.040130226691744,21.340138519731564,noise,26
2026-01-29T09:28:31+01:00,40f081a6-4095-43f7-bffb-64e2af8c026e,41.040130226691744,21.340138519731564,noise_dba,38
2026-01-29T09:28:31+01:00,40f081a6-4095-43f7-bffb-64e2af8c026e,41.040130226691744,21.340138519731564,pm10,21
2026-01-29T09:28:31+01:00,40f081a6-4095-43f7-bffb-64e2af8c026e,41.040130226691744,21.340138519731564,pm25,13
2026-01-29T09:28:31+01:00,40f081a6-4095-43f7-bffb-64e2af8c026e,41.040130226691744,21.340138519731564,pressure,925
2026-01-29T09:28:31+01:00,40f081a6-4095-43f7-bffb-64e2af8c026e,41.040130226691744,21.340138519731564,temperature,7
2026-01-29T09:44:04+01:00,40f081a6-4095-43f7-bffb-64e2af8c026e,41.040130226691744,21.340138519731564,gasResistance,13007335
2026-01-29T09:44:04+01:00,40f081a6-4095-43f7-bffb-64e2af8c026e,41.040130226691744,21.340138519731564,humidity,66
2026-01-29T09:44:04+01:00,40f081a6-4095-43f7-bffb-64e2af8c026e,41.040130226691744,21.340138519731564,noise,45
2026-01-29T09:44:04+01:00,40f081a6-4095-43f7-bffb-64e2af8c026e,41.040130226691744,21.340138519731564,noise_dba,47
2026-01-29T09:44:04+01:00,40f081a6-4095-43f7-bffb-64e2af8c026e,41.040130226691744,21.340138519731564,pm10,22
2026-01-29T09:44:04+01:00,40f081a6-4095-43f7-bffb-64e2af8c026e,41.040130226691744,21.340138519731564,pm25,17
2026-01-29T09:44:04+01:00,40f081a6-4095-43f7-bffb-64e2af8c026e,41.040130226691744,21.340138519731564,pressure,925
2026-01-29T09:44:04+01:00,40f081a6-4095-43f7-bffb-64e2af8c026e,41.040130226691744,21.340138519731564,temperature,7
2026-01-29T09:59:36+01:00,40f081a6-4095-43f7-bffb-64e2af8c026e,41.040130226691744,21.340138519731564,gasResistance,13007335
2026-01-29T09:59:36+01:00,40f081a6-4095-43f7-bffb-64e2af8c026e,41.040130226691744,21.340138519731564,humidity,66
2026-01-29T09:59:36+01:00,40f081a6-4095-43f7-bffb-64e2af8c026e,41.040130226691744,21.340138519731564,noise,34
2026-01-29T09:59:36+01:00,40f081a6-4095-43f7-bffb-64e2af8c026e,41.040130226691744,21.340138519731564,noise_dba,42
2026-01-29T09:59:36+01:00,40f081a6-4095-43f7-bffb-64e2af8c026e,41.040130226691744,21.340138519731564,pm10,19
2026-01-29T09:59:36+01:00,40f081a6-4095-43f7-bffb-64e2af8c026e,41.040130226691744,21.340138519731564,pm25,13
2026-01-29T09:59:36+01:00,40f081a6-4095-43f7-bffb-64e2af8c026e,41.040130226691744,21.340138519731564,pressure,925
2026-01-29T09:59:36+01:00,40f081a6-4095-43f7-bffb-64e2af8c026e,41.040130226691744,21.340138519731564,temperature,8
2026-01-29T10:15:09+01:00,40f081a6-4095-43f7-bffb-64e2af8c026e,41.040130226691744,21.340138519731564,gasResistance,13007335
2026-01-29T10:15:09+01:00,40f081a6-4095-43f7-bffb-64e2af8c026e,41.040130226691744,21.340138519731564,humidity,66
2026-01-29T10:15:09+01:00,40f081a6-4095-43f7-bffb-64e2af8c026e,41.040130226691744,21.340138519731564,noise,39
2026-01-29T10:15:09+01:00,40f081a6-4095-43f7-bffb-64e2af8c026e,41.040130226691744,21.340138519731564,noise_dba,44
2026-01-29T10:15:09+01:00,40f081a6-4095-43f7-bffb-64e2af8c026e,41.040130226691744,21.340138519731564,pm10,12
2026-01-29T10:15:09+01:00,40f081a6-4095-43f7-bffb-64e2af8c026e,41.040130226691744,21.340138519731564,pm25,8
2026-01-29T10:15:09+01:00,40f081a6-4095-43f7-bffb-64e2af8c026e,41.040130226691744,21.340138519731564,pressure,924
2026-01-29T10:15:09+01:00,40f081a6-4095-43f7-bffb-64e2af8c026e,41.040130226691744,21.340138519731564,temperature,8
2026-01-29T10:30:42+01:00,40f081a6-4095-43f7-bffb-64e2af8c026e,41.040130226691744,21.340138519731564,gasResistance,13007335
2026-01-29T10:30:42+01:00,40f081a6-4095-43f7-bffb-64e2af8c026e,41.040130226691744,21.340138519731564,humidity,66
2026-01-29T10:30:42+01:00,40f081a6-4095-43f7-bffb-64e2af8c026e,41.040130226691744,21.340138519731564,noise,37
2026-01-29T10:30:42+01:00,40f081a6-4095-43f7-bffb-64e2af8c026e,41.040130226691744,21.340138519731564,noise_dba,43
2026-01-29T10:30:42+01:00,40f081a6-4095-43f7-bffb-64e2af8c026e,41.040130226691744,21.340138519731564,pm10,24
2026-01-29T10:30:42+01:00,40f081a6-4095-43f7-bffb-64e2af8c026e,41.040130226691744,21.340138519731564,pm25,16
2026-01-29T10:30:42+01:00,40f081a6-4095-43f7-bffb-64e2af8c026e,41.040130226691744,21.340138519731564,pressure,924
2026-01-29T10:30:42+01:00,40f081a6-4095-43f7-bffb-64e2af8c026e,41.040130226691744,21.340138519731564,temperature,8
2026-01-29T10:46:14+01:00,40f081a6-4095-43f7-bffb-64e2af8c026e,41.040130226691744,21.340138519731564,gasResistance,12865780
2026-01-29T10:46:14+01:00,40f081a6-4095-43f7-bffb-64e2af8c026e,41.040130226691744,21.340138519731564,humidity,66
2026-01-29T10:46:14+01:00,40f081a6-4095-43f7-bffb-64e2af8c026e,41.040130226691744,21.340138519731564,noise,30
2026-01-29T10:46:14+01:00,40f081a6-4095-43f7-bffb-64e2af8c026e,41.040130226691744,21.340138519731564,noise_dba,40
2026-01-29T10:46:14+01:00,40f081a6-4095-43f7-bffb-64e2af8c026e,41.040130226691744,21.340138519731564,pm10,21
2026-01-29T10:46:14+01:00,40f081a6-4095-43f7-bffb-64e2af8c026e,41.040130226691744,21.340138519731564,pm25,15
2026-01-29T10:46:14+01:00,40f081a6-4095-43f7-bffb-64e2af8c026e,41.040130226691744,21.340138519731564,pressure,924
2026-01-29T10:46:14+01:00,40f081a6-4095-43f7-bffb-64e2af8c026e,41.040130226691744,21.340138519731564,temperature,8
2026-01-29T11:01:46+01:00,40f081a6-4095-43f7-bffb-64e2af8c026e,41.040130226691744,21.340138519731564,gasResistance,12896970
2026-01-29T11:01:46+01:00,40f081a6-4095-43f7-bffb-64e2af8c026e,41.040130226691744,21.340138519731564,humidity,66
2026-01-29T11:01:46+01:00,40f081a6-4095-43f7-bffb-64e2af8c026e,41.040130226691744,21.340138519731564,noise,28
2026-01-29T11:01:46+01:00,40f081a6-4095-43f7-bffb-64e2af8c026e,41.040130226691744,21.340138519731564,noise_dba,39
2026-01-29T11:01:46+01:00,40f081a6-4095-43f7-bffb-64e2af8c026e,41.040130226691744,21.340138519731564,pm10,14
2026-01-29T11:01:46+01:00,40f081a6-4095-43f7-bffb-64e2af8c026e,41.040130226691744,21.340138519731564,pm25,9
2026-01-29T11:01:46+01:00,40f081a6-4095-43f7-bffb-64e2af8c026e,41.040130226691744,21.340138519731564,pressure,924
2026-01-29T11:01:46+01:00,40f081a6-4095-43f7-bffb-64e2af8c026e,41.040130226691744,21.340138519731564,temperature,8
2026-01-29T11:17:19+01:00,40f081a6-4095-43f7-bffb-64e2af8c026e,41.040130226691744,21.340138519731564,gasResistance,13007335
2026-01-29T11:17:19+01:00,40f081a6-4095-43f7-bffb-64e2af8c026e,41.040130226691744,21.340138519731564,humidity,65
2026-01-29T11:17:19+01:00,40f081a6-4095-43f7-bffb-64e2af8c026e,41.040130226691744,21.340138519731564,noise,30
2026-01-29T11:17:19+01:00,40f081a6-4095-43f7-bffb-64e2af8c026e,41.040130226691744,21.340138519731564,noise_dba,40
2026-01-29T11:17:19+01:00,40f081a6-4095-43f7-bffb-64e2af8c026e,41.040130226691744,21.340138519731564,pm10,11
2026-01-29T11:17:19+01:00,40f081a6-4095-43f7-bffb-64e2af8c026e,41.040130226691744,21.340138519731564,pm25,7
2026-01-29T11:17:19+01:00,40f081a6-4095-43f7-bffb-64e2af8c026e,41.040130226691744,21.340138519731564,pressure,924
2026-01-29T11:17:19+01:00,40f081a6-4095-43f7-bffb-64e2af8c026e,41.040130226691744,21.340138519731564,temperature,8
2026-01-29T11:32:51+01:00,40f081a6-4095-43f7-bffb-64e2af8c026e,41.040130226691744,21.340138519731564,gasResistance,13007335
2026-01-29T11:32:51+01:00,40f081a6-4095-43f7-bffb-64e2af8c026e,41.040130226691744,21.340138519731564,humidity,65
2026-01-29T11:32:51+01:00,40f081a6-4095-43f7-bffb-64e2af8c026e,41.040130226691744,21.340138519731564,noise,21
2026-01-29T11:32:51+01:00,40f081a6-4095-43f7-bffb-64e2af8c026e,41.040130226691744,21.340138519731564,noise_dba,34
2026-01-29T11:32:51+01:00,40f081a6-4095-43f7-bffb-64e2af8c026e,41.040130226691744,21.340138519731564,pm10,8
2026-01-29T11:32:51+01:00,40f081a6-4095-43f7-bffb-64e2af8c026e,41.040130226691744,21.340138519731564,pm25,6
2026-01-29T11:32:51+01:00,40f081a6-4095-43f7-bffb-64e2af8c026e,41.040130226691744,21.340138519731564,pressure,924
2026-01-29T11:32:51+01:00,40f081a6-4095-43f7-bffb-64e2af8c026e,41.040130226691744,21.340138519731564,temperature,8
2026-01-29T11:48:26+01:00,40f081a6-4095-43f7-bffb-64e2af8c026e,41.040130226691744,21.340138519731564,gasResistance,13007335
2026-01-29T11:48:26+01:00,40f081a6-4095-43f7-bffb-64e2af8c026e,41.040130226691744,21.340138519731564,humidity,65
2026-01-29T11:48:26+01:00,40f081a6-4095-43f7-bffb-64e2af8c026e,41.040130226691744,21.340138519731564,noise,34
2026-01-29T11:48:26+01:00,40f081a6-4095-43f7-bffb-64e2af8c026e,41.040130226691744,21.340138519731564,noise_dba,42
2026-01-29T11:48:26+01:00,40f081a6-4095-43f7-bffb-64e2af8c026e,41.040130226691744,21.340138519731564,pm10,10
2026-01-29T11:48:26+01:00,40f081a6-4095-43f7-bffb-64e2af8c026e,41.040130226691744,21.340138519731564,pm25,7
2026-01-29T11:48:26+01:00,40f081a6-4095-43f7-bffb-64e2af8c026e,41.040130226691744,21.340138519731564,pressure,923
2026-01-29T11:48:26+01:00,40f081a6-4095-43f7-bffb-64e2af8c026e,41.040130226691744,21.340138519731564,temperature,8
2026-01-29T12:03:50+01:00,40f081a6-4095-43f7-bffb-64e2af8c026e,41.040130226691744,21.340138519731564,gasResistance,13007335
2026-01-29T12:03:50+01:00,40f081a6-4095-43f7-bffb-64e2af8c026e,41.040130226691744,21.340138519731564,humidity,65
2026-01-29T12:03:50+01:00,40f081a6-4095-43f7-bffb-64e2af8c026e,41.040130226691744,21.340138519731564,noise,42
2026-01-29T12:03:50+01:00,40f081a6-4095-43f7-bffb-64e2af8c026e,41.040130226691744,21.340138519731564,noise_dba,45
2026-01-29T12:03:50+01:00,40f081a6-4095-43f7-bffb-64e2af8c026e,41.040130226691744,21.340138519731564,pressure,923
2026-01-29T12:03:50+01:00,40f081a6-4095-43f7-bffb-64e2af8c026e,41.040130226691744,21.340138519731564,temperature,8
2026-01-29T12:19:22+01:00,40f081a6-4095-43f7-bffb-64e2af8c026e,41.040130226691744,21.340138519731564,gasResistance,13007335
2026-01-29T12:19:22+01:00,40f081a6-4095-43f7-bffb-64e2af8c026e,41.040130226691744,21.340138519731564,humidity,65
2026-01-29T12:19:22+01:00,40f081a6-4095-43f7-bffb-64e2af8c026e,41.040130226691744,21.340138519731564,noise,22
2026-01-29T12:19:22+01:00,40f081a6-4095-43f7-bffb-64e2af8c026e,41.040130226691744,21.340138519731564,noise_dba,35
2026-01-29T12:19:22+01:00,40f081a6-4095-43f7-bffb-64e2af8c026e,41.040130226691744,21.340138519731564,pm10,12
2026-01-29T12:19:22+01:00,40f081a6-4095-43f7-bffb-64e2af8c026e,41.040130226691744,21.340138519731564,pm25,8
2026-01-29T12:19:22+01:00,40f081a6-4095-43f7-bffb-64e2af8c026e,41.040130226691744,21.340138519731564,pressure,923
2026-01-29T12:19:22+01:00,40f081a6-4095-43f7-bffb-64e2af8c026e,41.040130226691744,21.340138519731564,temperature,9
2026-01-29T12:34:55+01:00,40f081a6-4095-43f7-bffb-64e2af8c026e,41.040130226691744,21.340138519731564,gasResistance,13007335
2026-01-29T12:34:55+01:00,40f081a6-4095-43f7-bffb-64e2af8c026e,41.040130226691744,21.340138519731564,humidity,65
2026-01-29T12:34:55+01:00,40f081a6-4095-43f7-bffb-64e2af8c026e,41.040130226691744,21.340138519731564,noise,29
2026-01-29T12:34:55+01:00,40f081a6-4095-43f7-bffb-64e2af8c026e,41.040130226691744,21.340138519731564,noise_dba,40
2026-01-29T12:34:55+01:00,40f081a6-4095-43f7-bffb-64e2af8c026e,41.040130226691744,21.340138519731564,pm10,20
2026-01-29T12:34:55+01:00,40f081a6-4095-43f7-bffb-64e2af8c026e,41.040130226691744,21.340138519731564,pm25,13
2026-01-29T12:34:55+01:00,40f081a6-4095-43f7-bffb-64e2af8c026e,41.040130226691744,21.340138519731564,pressure,922
2026-01-29T12:34:55+01:00,40f081a6-4095-43f7-bffb-64e2af8c026e,41.040130226691744,21.340138519731564,temperature,9
2026-01-29T12:50:27+01:00,40f081a6-4095-43f7-bffb-64e2af8c026e,41.040130226691744,21.340138519731564,gasResistance,12865780
2026-01-29T12:50:27+01:00,40f081a6-4095-43f7-bffb-64e2af8c026e,41.040130226691744,21.340138519731564,humidity,66
2026-01-29T12:50:27+01:00,40f081a6-4095-43f7-bffb-64e2af8c026e,41.040130226691744,21.340138519731564,noise,21
2026-01-29T12:50:27+01:00,40f081a6-4095-43f7-bffb-64e2af8c026e,41.040130226691744,21.340138519731564,noise_dba,34
2026-01-29T12:50:27+01:00,40f081a6-4095-43f7-bffb-64e2af8c026e,41.040130226691744,21.340138519731564,pm10,8
2026-01-29T12:50:27+01:00,40f081a6-4095-43f7-bffb-64e2af8c026e,41.040130226691744,21.340138519731564,pm25,6
2026-01-29T12:50:27+01:00,40f081a6-4095-43f7-bffb-64e2af8c026e,41.040130226691744,21.340138519731564,pressure,922
2026-01-29T12:50:27+01:00,40f081a6-4095-43f7-bffb-64e2af8c026e,41.040130226691744,21.340138519731564,temperature,9
2026-01-29T13:05:59+01:00,40f081a6-4095-43f7-bffb-64e2af8c026e,41.040130226691744,21.340138519731564,gasResistance,13007335
2026-01-29T13:05:59+01:00,40f081a6-4095-43f7-bffb-64e2af8c026e,41.040130226691744,21.340138519731564,humidity,66
2026-01-29T13:05:59+01:00,40f081a6-4095-43f7-bffb-64e2af8c026e,41.040130226691744,21.340138519731564,noise,37
2026-01-29T13:05:59+01:00,40f081a6-4095-43f7-bffb-64e2af8c026e,41.040130226691744,21.340138519731564,noise_dba,43
2026-01-29T13:05:59+01:00,40f081a6-4095-43f7-bffb-64e2af8c026e,41.040130226691744,21.340138519731564,pm10,21
2026-01-29T13:05:59+01:00,40f081a6-4095-43f7-bffb-64e2af8c026e,41.040130226691744,21.340138519731564,pm25,13
2026-01-29T13:05:59+01:00,40f081a6-4095-43f7-bffb-64e2af8c026e,41.040130226691744,21.340138519731564,pressure,922
2026-01-29T13:05:59+01:00,40f081a6-4095-43f7-bffb-64e2af8c026e,41.040130226691744,21.340138519731564,temperature,9
2026-01-29T13:21:32+01:00,40f081a6-4095-43f7-bffb-64e2af8c026e,41.040130226691744,21.340138519731564,gasResistance,12118451
2026-01-29T13:21:32+01:00,40f081a6-4095-43f7-bffb-64e2af8c026e,41.040130226691744,21.340138519731564,humidity,65
2026-01-29T13:21:32+01:00,40f081a6-4095-43f7-bffb-64e2af8c026e,41.040130226691744,21.340138519731564,noise,30
2026-01-29T13:21:32+01:00,40f081a6-4095-43f7-bffb-64e2af8c026e,41.040130226691744,21.340138519731564,noise_dba,40
2026-01-29T13:21:32+01:00,40f081a6-4095-43f7-bffb-64e2af8c026e,41.040130226691744,21.340138519731564,pm10,20
2026-01-29T13:21:32+01:00,40f081a6-4095-43f7-bffb-64e2af8c026e,41.040130226691744,21.340138519731564,pm25,11
2026-01-29T13:21:32+01:00,40f081a6-4095-43f7-bffb-64e2af8c026e,41.040130226691744,21.340138519731564,pressure,922
2026-01-29T13:21:32+01:00,40f081a6-4095-43f7-bffb-64e2af8c026e,41.040130226691744,21.340138519731564,temperature,9
2026-01-29T13:37:04+01:00,40f081a6-4095-43f7-bffb-64e2af8c026e,41.040130226691744,21.340138519731564,gasResistance,13007335
2026-01-29T13:37:04+01:00,40f081a6-4095-43f7-bffb-64e2af8c026e,41.040130226691744,21.340138519731564,humidity,65
2026-01-29T13:37:04+01:00,40f081a6-4095-43f7-bffb-64e2af8c026e,41.040130226691744,21.340138519731564,noise,28
2026-01-29T13:37:04+01:00,40f081a6-4095-43f7-bffb-64e2af8c026e,41.040130226691744,21.340138519731564,noise_dba,39
2026-01-29T13:37:04+01:00,40f081a6-4095-43f7-bffb-64e2af8c026e,41.040130226691744,21.340138519731564,pm10,8
2026-01-29T13:37:04+01:00,40f081a6-4095-43f7-bffb-64e2af8c026e,41.040130226691744,21.340138519731564,pm25,7
2026-01-29T13:37:04+01:00,40f081a6-4095-43f7-bffb-64e2af8c026e,41.040130226691744,21.340138519731564,pressure,922
2026-01-29T13:37:04+01:00,40f081a6-4095-43f7-bffb-64e2af8c026e,41.040130226691744,21.340138519731564,temperature,9
2026-01-29T13:52:37+01:00,40f081a6-4095-43f7-bffb-64e2af8c026e,41.040130226691744,21.340138519731564,gasResistance,13007335
2026-01-29T13:52:37+01:00,40f081a6-4095-43f7-bffb-64e2af8c026e,41.040130226691744,21.340138519731564,humidity,65
2026-01-29T13:52:37+01:00,40f081a6-4095-43f7-bffb-64e2af8c026e,41.040130226691744,21.340138519731564,noise,23
2026-01-29T13:52:37+01:00,40f081a6-4095-43f7-bffb-64e2af8c026e,41.040130226691744,21.340138519731564,noise_dba,36
2026-01-29T13:52:37+01:00,40f081a6-4095-43f7-bffb-64e2af8c026e,41.040130226691744,21.340138519731564,pm10,18
2026-01-29T13:52:37+01:00,40f081a6-4095-43f7-bffb-64e2af8c026e,41.040130226691744,21.340138519731564,pm25,14
2026-01-29T13:52:37+01:00,40f081a6-4095-43f7-bffb-64e2af8c026e,41.040130226691744,21.340138519731564,pressure,921
2026-01-29T13:52:37+01:00,40f081a6-4095-43f7-bffb-64e2af8c026e,41.040130226691744,21.340138519731564,temperature,9
2026-01-29T14:08:09+01:00,40f081a6-4095-43f7-bffb-64e2af8c026e,41.040130226691744,21.340138519731564,gasResistance,13007335
2026-01-29T14:08:09+01:00,40f081a6-4095-43f7-bffb-64e2af8c026e,41.040130226691744,21.340138519731564,humidity,65
2026-01-29T14:08:09+01:00,40f081a6-4095-43f7-bffb-64e2af8c026e,41.040130226691744,21.340138519731564,noise,34
2026-01-29T14:08:09+01:00,40f081a6-4095-43f7-bffb-64e2af8c026e,41.040130226691744,21.340138519731564,noise_dba,42
2026-01-29T14:08:09+01:00,40f081a6-4095-43f7-bffb-64e2af8c026e,41.040130226691744,21.340138519731564,pm10,72
2026-01-29T14:08:09+01:00,40f081a6-4095-43f7-bffb-64e2af8c026e,41.040130226691744,21.340138519731564,pm25,54
2026-01-29T14:08:09+01:00,40f081a6-4095-43f7-bffb-64e2af8c026e,41.040130226691744,21.340138519731564,pressure,921
2026-01-29T14:08:09+01:00,40f081a6-4095-43f7-bffb-64e2af8c026e,41.040130226691744,21.340138519731564,temperature,9
2026-01-29T14:23:42+01:00,40f081a6-4095-43f7-bffb-64e2af8c026e,41.040130226691744,21.340138519731564,gasResistance,12132269
2026-01-29T14:23:42+01:00,40f081a6-4095-43f7-bffb-64e2af8c026e,41.040130226691744,21.340138519731564,humidity,65
2026-01-29T14:23:42+01:00,40f081a6-4095-43f7-bffb-64e2af8c026e,41.040130226691744,21.340138519731564,noise,30
2026-01-29T14:23:42+01:00,40f081a6-4095-43f7-bffb-64e2af8c026e,41.040130226691744,21.340138519731564,noise_dba,40
2026-01-29T14:23:42+01:00,40f081a6-4095-43f7-bffb-64e2af8c026e,41.040130226691744,21.340138519731564,pm10,8
2026-01-29T14:23:42+01:00,40f081a6-4095-43f7-bffb-64e2af8c026e,41.040130226691744,21.340138519731564,pm25,7
2026-01-29T14:23:42+01:00,40f081a6-4095-43f7-bffb-64e2af8c026e,41.040130226691744,21.340138519731564,pressure,921
2026-01-29T14:23:42+01:00,40f081a6-4095-43f7-bffb-64e2af8c026e,41.040130226691744,21.340138519731564,temperature,9
2026-01-29T14:39:15+01:00,40f081a6-4095-43f7-bffb-64e2af8c026e,41.040130226691744,21.340138519731564,gasResistance,12077185
2026-01-29T14:39:15+01:00,40f081a6-4095-43f7-bffb-64e2af8c026e,41.040130226691744,21.340138519731564,humidity,66
2026-01-29T14:39:15+01:00,40f081a6-4095-43f7-bffb-64e2af8c026e,41.040130226691744,21.340138519731564,noise,23
2026-01-29T14:39:15+01:00,40f081a6-4095-43f7-bffb-64e2af8c026e,41.040130226691744,21.340138519731564,noise_dba,36
2026-01-29T14:39:15+01:00,40f081a6-4095-43f7-bffb-64e2af8c026e,41.040130226691744,21.340138519731564,pm10,13
2026-01-29T14:39:15+01:00,40f081a6-4095-43f7-bffb-64e2af8c026e,41.040130226691744,21.340138519731564,pm25,10
2026-01-29T14:39:15+01:00,40f081a6-4095-43f7-bffb-64e2af8c026e,41.040130226691744,21.340138519731564,pressure,921
2026-01-29T14:39:15+01:00,40f081a6-4095-43f7-bffb-64e2af8c026e,41.040130226691744,21.340138519731564,temperature,9
2026-01-29T14:54:47+01:00,40f081a6-4095-43f7-bffb-64e2af8c026e,41.040130226691744,21.340138519731564,gasResistance,11968504
2026-01-29T14:54:47+01:00,40f081a6-4095-43f7-bffb-64e2af8c026e,41.040130226691744,21.340138519731564,humidity,65
2026-01-29T14:54:47+01:00,40f081a6-4095-43f7-bffb-64e2af8c026e,41.040130226691744,21.340138519731564,noise,23
2026-01-29T14:54:47+01:00,40f081a6-4095-43f7-bffb-64e2af8c026e,41.040130226691744,21.340138519731564,noise_dba,36
2026-01-29T14:54:47+01:00,40f081a6-4095-43f7-bffb-64e2af8c026e,41.040130226691744,21.340138519731564,pm10,10
2026-01-29T14:54:47+01:00,40f081a6-4095-43f7-bffb-64e2af8c026e,41.040130226691744,21.340138519731564,pm25,6
2026-01-29T14:54:47+01:00,40f081a6-4095-43f7-bffb-64e2af8c026e,41.040130226691744,21.340138519731564,pressure,921
2026-01-29T14:54:47+01:00,40f081a6-4095-43f7-bffb-64e2af8c026e,41.040130226691744,21.340138519731564,temperature,9
2026-01-29T15:10:20+01:00,40f081a6-4095-43f7-bffb-64e2af8c026e,41.040130226691744,21.340138519731564,gasResistance,12104665
2026-01-29T15:10:20+01:00,40f081a6-4095-43f7-bffb-64e2af8c026e,41.040130226691744,21.340138519731564,humidity,65
2026-01-29T15:10:20+01:00,40f081a6-4095-43f7-bffb-64e2af8c026e,41.040130226691744,21.340138519731564,noise,32
2026-01-29T15:10:20+01:00,40f081a6-4095-43f7-bffb-64e2af8c026e,41.040130226691744,21.340138519731564,noise_dba,41
2026-01-29T15:10:20+01:00,40f081a6-4095-43f7-bffb-64e2af8c026e,41.040130226691744,21.340138519731564,pm10,11
2026-01-29T15:10:20+01:00,40f081a6-4095-43f7-bffb-64e2af8c026e,41.040130226691744,21.340138519731564,pm25,7
2026-01-29T15:10:20+01:00,40f081a6-4095-43f7-bffb-64e2af8c026e,41.040130226691744,21.340138519731564,pressure,921
2026-01-29T15:10:20+01:00,40f081a6-4095-43f7-bffb-64e2af8c026e,41.040130226691744,21.340138519731564,temperature,9
2026-01-29T15:25:52+01:00,40f081a6-4095-43f7-bffb-64e2af8c026e,41.040130226691744,21.340138519731564,gasResistance,13007335
2026-01-29T15:25:52+01:00,40f081a6-4095-43f7-bffb-64e2af8c026e,41.040130226691744,21.340138519731564,humidity,65
2026-01-29T15:25:52+01:00,40f081a6-4095-43f7-bffb-64e2af8c026e,41.040130226691744,21.340138519731564,noise,18
2026-01-29T15:25:52+01:00,40f081a6-4095-43f7-bffb-64e2af8c026e,41.040130226691744,21.340138519731564,noise_dba,32
2026-01-29T15:25:52+01:00,40f081a6-4095-43f7-bffb-64e2af8c026e,41.040130226691744,21.340138519731564,pm10,6
2026-01-29T15:25:52+01:00,40f081a6-4095-43f7-bffb-64e2af8c026e,41.040130226691744,21.340138519731564,pm25,3
2026-01-29T15:25:52+01:00,40f081a6-4095-43f7-bffb-64e2af8c026e,41.040130226691744,21.340138519731564,pressure,921
2026-01-29T15:25:52+01:00,40f081a6-4095-43f7-bffb-64e2af8c026e,41.040130226691744,21.340138519731564,temperature,9
2026-01-29T15:41:24+01:00,40f081a6-4095-43f7-bffb-64e2af8c026e,41.040130226691744,21.340138519731564,gasResistance,13007335
2026-01-29T15:41:24+01:00,40f081a6-4095-43f7-bffb-64e2af8c026e,41.040130226691744,21.340138519731564,humidity,65
2026-01-29T15:41:24+01:00,40f081a6-4095-43f7-bffb-64e2af8c026e,41.040130226691744,21.340138519731564,noise,18
2026-01-29T15:41:24+01:00,40f081a6-4095-43f7-bffb-64e2af8c026e,41.040130226691744,21.340138519731564,noise_dba,32
2026-01-29T15:41:24+01:00,40f081a6-4095-43f7-bffb-64e2af8c026e,41.040130226691744,21.340138519731564,pm10,5
2026-01-29T15:41:24+01:00,40f081a6-4095-43f7-bffb-64e2af8c026e,41.040130226691744,21.340138519731564,pm25,3
2026-01-29T15:41:24+01:00,40f081a6-4095-43f7-bffb-64e2af8c026e,41.040130226691744,21.340138519731564,pressure,921
2026-01-29T15:41:24+01:00,40f081a6-4095-43f7-bffb-64e2af8c026e,41.040130226691744,21.340138519731564,temperature,10
2026-01-29T15:56:56+01:00,40f081a6-4095-43f7-bffb-64e2af8c026e,41.040130226691744,21.340138519731564,gasResistance,13007335
2026-01-29T15:56:56+01:00,40f081a6-4095-43f7-bffb-64e2af8c026e,41.040130226691744,21.340138519731564,humidity,65
2026-01-29T15:56:56+01:00,40f081a6-4095-43f7-bffb-64e2af8c026e,41.040130226691744,21.340138519731564,noise,29
2026-01-29T15:56:56+01:00,40f081a6-4095-43f7-bffb-64e2af8c026e,41.040130226691744,21.340138519731564,noise_dba,40
2026-01-29T15:56:56+01:00,40f081a6-4095-43f7-bffb-64e2af8c026e,41.040130226691744,21.340138519731564,pm10,37
2026-01-29T15:56:56+01:00,40f081a6-4095-43f7-bffb-64e2af8c026e,41.040130226691744,21.340138519731564,pm25,26
2026-01-29T15:56:56+01:00,40f081a6-4095-43f7-bffb-64e2af8c026e,41.040130226691744,21.340138519731564,pressure,921
2026-01-29T15:56:56+01:00,40f081a6-4095-43f7-bffb-64e2af8c026e,41.040130226691744,21.340138519731564,temperature,10
2026-01-29T16:12:29+01:00,40f081a6-4095-43f7-bffb-64e2af8c026e,41.040130226691744,21.340138519731564,gasResistance,13007335
2026-01-29T16:12:29+01:00,40f081a6-4095-43f7-bffb-64e2af8c026e,41.040130226691744,21.340138519731564,humidity,65
2026-01-29T16:12:29+01:00,40f081a6-4095-43f7-bffb-64e2af8c026e,41.040130226691744,21.340138519731564,noise,18
2026-01-29T16:12:29+01:00,40f081a6-4095-43f7-bffb-64e2af8c026e,41.040130226691744,21.340138519731564,noise_dba,32
2026-01-29T16:12:29+01:00,40f081a6-4095-43f7-bffb-64e2af8c026e,41.040130226691744,21.340138519731564,pm10,94
2026-01-29T16:12:29+01:00,40f081a6-4095-43f7-bffb-64e2af8c026e,41.040130226691744,21.340138519731564,pm25,68
2026-01-29T16:12:29+01:00,40f081a6-4095-43f7-bffb-64e2af8c026e,41.040130226691744,21.340138519731564,pressure,921
2026-01-29T16:12:29+01:00,40f081a6-4095-43f7-bffb-64e2af8c026e,41.040130226691744,21.340138519731564,temperature,10
2026-01-29T16:28:02+01:00,40f081a6-4095-43f7-bffb-64e2af8c026e,41.040130226691744,21.340138519731564,gasResistance,12881356
2026-01-29T16:28:02+01:00,40f081a6-4095-43f7-bffb-64e2af8c026e,41.040130226691744,21.340138519731564,humidity,65
2026-01-29T16:28:02+01:00,40f081a6-4095-43f7-bffb-64e2af8c026e,41.040130226691744,21.340138519731564,noise,16
2026-01-29T16:28:02+01:00,40f081a6-4095-43f7-bffb-64e2af8c026e,41.040130226691744,21.340138519731564,noise_dba,30
2026-01-29T16:28:02+01:00,40f081a6-4095-43f7-bffb-64e2af8c026e,41.040130226691744,21.340138519731564,pm10,113
2026-01-29T16:28:02+01:00,40f081a6-4095-43f7-bffb-64e2af8c026e,41.040130226691744,21.340138519731564,pm25,82
2026-01-29T16:28:02+01:00,40f081a6-4095-43f7-bffb-64e2af8c026e,41.040130226691744,21.340138519731564,pressure,921
2026-01-29T16:28:02+01:00,40f081a6-4095-43f7-bffb-64e2af8c026e,41.040130226691744,21.340138519731564,temperature,9
2026-01-29T16:43:34+01:00,40f081a6-4095-43f7-bffb-64e2af8c026e,41.040130226691744,21.340138519731564,gasResistance,11928251
2026-01-29T16:43:34+01:00,40f081a6-4095-43f7-bffb-64e2af8c026e,41.040130226691744,21.340138519731564,humidity,65
2026-01-29T16:43:34+01:00,40f081a6-4095-43f7-bffb-64e2af8c026e,41.040130226691744,21.340138519731564,noise,24
2026-01-29T16:43:34+01:00,40f081a6-4095-43f7-bffb-64e2af8c026e,41.040130226691744,21.340138519731564,noise_dba,36
2026-01-29T16:43:34+01:00,40f081a6-4095-43f7-bffb-64e2af8c026e,41.040130226691744,21.340138519731564,pm10,65
2026-01-29T16:43:34+01:00,40f081a6-4095-43f7-bffb-64e2af8c026e,41.040130226691744,21.340138519731564,pm25,48
2026-01-29T16:43:34+01:00,40f081a6-4095-43f7-bffb-64e2af8c026e,41.040130226691744,21.340138519731564,pressure,921
2026-01-29T16:43:34+01:00,40f081a6-4095-43f7-bffb-64e2af8c026e,41.040130226691744,21.340138519731564,temperature,9
2026-01-29T16:59:07+01:00,40f081a6-4095-43f7-bffb-64e2af8c026e,41.040130226691744,21.340138519731564,gasResistance,12865780
2026-01-29T16:59:07+01:00,40f081a6-4095-43f7-bffb-64e2af8c026e,41.040130226691744,21.340138519731564,humidity,65
2026-01-29T16:59:07+01:00,40f081a6-4095-43f7-bffb-64e2af8c026e,41.040130226691744,21.340138519731564,noise,24
2026-01-29T16:59:07+01:00,40f081a6-4095-43f7-bffb-64e2af8c026e,41.040130226691744,21.340138519731564,noise_dba,36
2026-01-29T16:59:07+01:00,40f081a6-4095-43f7-bffb-64e2af8c026e,41.040130226691744,21.340138519731564,pm10,44
2026-01-29T16:59:07+01:00,40f081a6-4095-43f7-bffb-64e2af8c026e,41.040130226691744,21.340138519731564,pm25,32
2026-01-29T16:59:07+01:00,40f081a6-4095-43f7-bffb-64e2af8c026e,41.040130226691744,21.340138519731564,pressure,921
2026-01-29T16:59:07+01:00,40f081a6-4095-43f7-bffb-64e2af8c026e,41.040130226691744,21.340138519731564,temperature,9
2026-01-29T17:30:22+01:00,40f081a6-4095-43f7-bffb-64e2af8c026e,41.040130226691744,21.340138519731564,gasResistance,0
2026-01-29T17:30:22+01:00,40f081a6-4095-43f7-bffb-64e2af8c026e,41.040130226691744,21.340138519731564,humidity,65
2026-01-29T17:30:22+01:00,40f081a6-4095-43f7-bffb-64e2af8c026e,41.040130226691744,21.340138519731564,noise,17
2026-01-29T17:30:22+01:00,40f081a6-4095-43f7-bffb-64e2af8c026e,41.040130226691744,21.340138519731564,noise_dba,31
2026-01-29T17:30:22+01:00,40f081a6-4095-43f7-bffb-64e2af8c026e,41.040130226691744,21.340138519731564,pm10,99
2026-01-29T17:30:22+01:00,40f081a6-4095-43f7-bffb-64e2af8c026e,41.040130226691744,21.340138519731564,pm25,72
2026-01-29T17:30:22+01:00,40f081a6-4095-43f7-bffb-64e2af8c026e,41.040130226691744,21.340138519731564,pressure,921
2026-01-29T17:30:22+01:00,40f081a6-4095-43f7-bffb-64e2af8c026e,41.040130226691744,21.340138519731564,temperature,9
2026-01-29T17:45:56+01:00,40f081a6-4095-43f7-bffb-64e2af8c026e,41.040130226691744,21.340138519731564,gasResistance,11861762
2026-01-29T17:45:56+01:00,40f081a6-4095-43f7-bffb-64e2af8c026e,41.040130226691744,21.340138519731564,humidity,66
2026-01-29T17:45:56+01:00,40f081a6-4095-43f7-bffb-64e2af8c026e,41.040130226691744,21.340138519731564,noise,23
2026-01-29T17:45:56+01:00,40f081a6-4095-43f7-bffb-64e2af8c026e,41.040130226691744,21.340138519731564,noise_dba,36
2026-01-29T17:45:56+01:00,40f081a6-4095-43f7-bffb-64e2af8c026e,41.040130226691744,21.340138519731564,pm10,94
2026-01-29T17:45:56+01:00,40f081a6-4095-43f7-bffb-64e2af8c026e,41.040130226691744,21.340138519731564,pm25,68
2026-01-29T17:45:56+01:00,40f081a6-4095-43f7-bffb-64e2af8c026e,41.040130226691744,21.340138519731564,pressure,921
2026-01-29T17:45:56+01:00,40f081a6-4095-43f7-bffb-64e2af8c026e,41.040130226691744,21.340138519731564,temperature,9
2026-01-29T18:01:28+01:00,40f081a6-4095-43f7-bffb-64e2af8c026e,41.040130226691744,21.340138519731564,gasResistance,11782946
2026-01-29T18:01:28+01:00,40f081a6-4095-43f7-bffb-64e2af8c026e,41.040130226691744,21.340138519731564,humidity,66
2026-01-29T18:01:28+01:00,40f081a6-4095-43f7-bffb-64e2af8c026e,41.040130226691744,21.340138519731564,noise,25
2026-01-29T18:01:28+01:00,40f081a6-4095-43f7-bffb-64e2af8c026e,41.040130226691744,21.340138519731564,noise_dba,37
2026-01-29T18:01:28+01:00,40f081a6-4095-43f7-bffb-64e2af8c026e,41.040130226691744,21.340138519731564,pm10,99
2026-01-29T18:01:28+01:00,40f081a6-4095-43f7-bffb-64e2af8c026e,41.040130226691744,21.340138519731564,pm25,70
2026-01-29T18:01:28+01:00,40f081a6-4095-43f7-bffb-64e2af8c026e,41.040130226691744,21.340138519731564,pressure,921
2026-01-29T18:01:28+01:00,40f081a6-4095-43f7-bffb-64e2af8c026e,41.040130226691744,21.340138519731564,temperature,9
2026-01-29T18:17:00+01:00,40f081a6-4095-43f7-bffb-64e2af8c026e,41.040130226691744,21.340138519731564,gasResistance,11679473
2026-01-29T18:17:00+01:00,40f081a6-4095-43f7-bffb-64e2af8c026e,41.040130226691744,21.340138519731564,humidity,66
2026-01-29T18:17:00+01:00,40f081a6-4095-43f7-bffb-64e2af8c026e,41.040130226691744,21.340138519731564,noise,24
2026-01-29T18:17:00+01:00,40f081a6-4095-43f7-bffb-64e2af8c026e,41.040130226691744,21.340138519731564,noise_dba,36
2026-01-29T18:17:00+01:00,40f081a6-4095-43f7-bffb-64e2af8c026e,41.040130226691744,21.340138519731564,pm10,36
2026-01-29T18:17:00+01:00,40f081a6-4095-43f7-bffb-64e2af8c026e,41.040130226691744,21.340138519731564,pm25,27
2026-01-29T18:17:00+01:00,40f081a6-4095-43f7-bffb-64e2af8c026e,41.040130226691744,21.340138519731564,pressure,921
2026-01-29T18:17:00+01:00,40f081a6-4095-43f7-bffb-64e2af8c026e,41.040130226691744,21.340138519731564,temperature,9
2026-01-29T18:32:33+01:00,40f081a6-4095-43f7-bffb-64e2af8c026e,41.040130226691744,21.340138519731564,gasResistance,11565218
2026-01-29T18:32:33+01:00,40f081a6-4095-43f7-bffb-64e2af8c026e,41.040130226691744,21.340138519731564,humidity,66
2026-01-29T18:32:33+01:00,40f081a6-4095-43f7-bffb-64e2af8c026e,41.040130226691744,21.340138519731564,noise,19
2026-01-29T18:32:33+01:00,40f081a6-4095-43f7-bffb-64e2af8c026e,41.040130226691744,21.340138519731564,noise_dba,33
2026-01-29T18:32:33+01:00,40f081a6-4095-43f7-bffb-64e2af8c026e,41.040130226691744,21.340138519731564,pm10,30
2026-01-29T18:32:33+01:00,40f081a6-4095-43f7-bffb-64e2af8c026e,41.040130226691744,21.340138519731564,pm25,23
2026-01-29T18:32:33+01:00,40f081a6-4095-43f7-bffb-64e2af8c026e,41.040130226691744,21.340138519731564,pressure,921
2026-01-29T18:32:33+01:00,40f081a6-4095-43f7-bffb-64e2af8c026e,41.040130226691744,21.340138519731564,temperature,9
2026-01-29T18:48:06+01:00,40f081a6-4095-43f7-bffb-64e2af8c026e,41.040130226691744,21.340138519731564,gasResistance,11590414
2026-01-29T18:48:06+01:00,40f081a6-4095-43f7-bffb-64e2af8c026e,41.040130226691744,21.340138519731564,humidity,66
2026-01-29T18:48:06+01:00,40f081a6-4095-43f7-bffb-64e2af8c026e,41.040130226691744,21.340138519731564,noise,22
2026-01-29T18:48:06+01:00,40f081a6-4095-43f7-bffb-64e2af8c026e,41.040130226691744,21.340138519731564,noise_dba,35
2026-01-29T18:48:06+01:00,40f081a6-4095-43f7-bffb-64e2af8c026e,41.040130226691744,21.340138519731564,pm10,49
2026-01-29T18:48:06+01:00,40f081a6-4095-43f7-bffb-64e2af8c026e,41.040130226691744,21.340138519731564,pm25,34
2026-01-29T18:48:06+01:00,40f081a6-4095-43f7-bffb-64e2af8c026e,41.040130226691744,21.340138519731564,pressure,921
2026-01-29T18:48:06+01:00,40f081a6-4095-43f7-bffb-64e2af8c026e,41.040130226691744,21.340138519731564,temperature,9
2026-01-29T19:03:41+01:00,40f081a6-4095-43f7-bffb-64e2af8c026e,41.040130226691744,21.340138519731564,gasResistance,11666667
2026-01-29T19:03:41+01:00,40f081a6-4095-43f7-bffb-64e2af8c026e,41.040130226691744,21.340138519731564,humidity,66
2026-01-29T19:03:41+01:00,40f081a6-4095-43f7-bffb-64e2af8c026e,41.040130226691744,21.340138519731564,noise,24
2026-01-29T19:03:41+01:00,40f081a6-4095-43f7-bffb-64e2af8c026e,41.040130226691744,21.340138519731564,noise_dba,36
2026-01-29T19:03:41+01:00,40f081a6-4095-43f7-bffb-64e2af8c026e,41.040130226691744,21.340138519731564,pm10,27
2026-01-29T19:03:41+01:00,40f081a6-4095-43f7-bffb-64e2af8c026e,41.040130226691744,21.340138519731564,pm25,20
2026-01-29T19:03:41+01:00,40f081a6-4095-43f7-bffb-64e2af8c026e,41.040130226691744,21.340138519731564,pressure,921
2026-01-29T19:03:41+01:00,40f081a6-4095-43f7-bffb-64e2af8c026e,41.040130226691744,21.340138519731564,temperature,9
2026-01-29T19:19:13+01:00,40f081a6-4095-43f7-bffb-64e2af8c026e,41.040130226691744,21.340138519731564,gasResistance,11743929
2026-01-29T19:19:13+01:00,40f081a6-4095-43f7-bffb-64e2af8c026e,41.040130226691744,21.340138519731564,humidity,66
2026-01-29T19:19:13+01:00,40f081a6-4095-43f7-bffb-64e2af8c026e,41.040130226691744,21.340138519731564,noise,27
2026-01-29T19:19:13+01:00,40f081a6-4095-43f7-bffb-64e2af8c026e,41.040130226691744,21.340138519731564,noise_dba,38
2026-01-29T19:19:13+01:00,40f081a6-4095-43f7-bffb-64e2af8c026e,41.040130226691744,21.340138519731564,pm10,34
2026-01-29T19:19:13+01:00,40f081a6-4095-43f7-bffb-64e2af8c026e,41.040130226691744,21.340138519731564,pm25,25
2026-01-29T19:19:13+01:00,40f081a6-4095-43f7-bffb-64e2af8c026e,41.040130226691744,21.340138519731564,pressure,921
2026-01-29T19:19:13+01:00,40f081a6-4095-43f7-bffb-64e2af8c026e,41.040130226691744,21.340138519731564,temperature,9
2026-01-29T19:34:45+01:00,40f081a6-4095-43f7-bffb-64e2af8c026e,41.040130226691744,21.340138519731564,gasResistance,11782946
2026-01-29T19:34:45+01:00,40f081a6-4095-43f7-bffb-64e2af8c026e,41.040130226691744,21.340138519731564,humidity,66
2026-01-29T19:34:45+01:00,40f081a6-4095-43f7-bffb-64e2af8c026e,41.040130226691744,21.340138519731564,noise,28
2026-01-29T19:34:45+01:00,40f081a6-4095-43f7-bffb-64e2af8c026e,41.040130226691744,21.340138519731564,noise_dba,39
2026-01-29T19:34:45+01:00,40f081a6-4095-43f7-bffb-64e2af8c026e,41.040130226691744,21.340138519731564,pm10,68
2026-01-29T19:34:45+01:00,40f081a6-4095-43f7-bffb-64e2af8c026e,41.040130226691744,21.340138519731564,pm25,53
2026-01-29T19:34:45+01:00,40f081a6-4095-43f7-bffb-64e2af8c026e,41.040130226691744,21.340138519731564,pressure,921
2026-01-29T19:34:45+01:00,40f081a6-4095-43f7-bffb-64e2af8c026e,41.040130226691744,21.340138519731564,temperature,9
2026-01-29T19:50:19+01:00,40f081a6-4095-43f7-bffb-64e2af8c026e,41.040130226691744,21.340138519731564,gasResistance,11355390
2026-01-29T19:50:19+01:00,40f081a6-4095-43f7-bffb-64e2af8c026e,41.040130226691744,21.340138519731564,humidity,66
2026-01-29T19:50:19+01:00,40f081a6-4095-43f7-bffb-64e2af8c026e,41.040130226691744,21.340138519731564,noise,20
2026-01-29T19:50:19+01:00,40f081a6-4095-43f7-bffb-64e2af8c026e,41.040130226691744,21.340138519731564,noise_dba,34
2026-01-29T19:50:19+01:00,40f081a6-4095-43f7-bffb-64e2af8c026e,41.040130226691744,21.340138519731564,pm10,59
2026-01-29T19:50:19+01:00,40f081a6-4095-43f7-bffb-64e2af8c026e,41.040130226691744,21.340138519731564,pm25,46
2026-01-29T19:50:19+01:00,40f081a6-4095-43f7-bffb-64e2af8c026e,41.040130226691744,21.340138519731564,pressure,921
2026-01-29T19:50:19+01:00,40f081a6-4095-43f7-bffb-64e2af8c026e,41.040130226691744,21.340138519731564,temperature,9
2026-01-29T20:05:51+01:00,40f081a6-4095-43f7-bffb-64e2af8c026e,41.040130226691744,21.340138519731564,gasResistance,11200000
2026-01-29T20:05:51+01:00,40f081a6-4095-43f7-bffb-64e2af8c026e,41.040130226691744,21.340138519731564,humidity,66
2026-01-29T20:05:51+01:00,40f081a6-4095-43f7-bffb-64e2af8c026e,41.040130226691744,21.340138519731564,noise,17
2026-01-29T20:05:51+01:00,40f081a6-4095-43f7-bffb-64e2af8c026e,41.040130226691744,21.340138519731564,noise_dba,31
2026-01-29T20:05:51+01:00,40f081a6-4095-43f7-bffb-64e2af8c026e,41.040130226691744,21.340138519731564,pm10,17
2026-01-29T20:05:51+01:00,40f081a6-4095-43f7-bffb-64e2af8c026e,41.040130226691744,21.340138519731564,pm25,14
2026-01-29T20:05:51+01:00,40f081a6-4095-43f7-bffb-64e2af8c026e,41.040130226691744,21.340138519731564,pressure,921
2026-01-29T20:05:51+01:00,40f081a6-4095-43f7-bffb-64e2af8c026e,41.040130226691744,21.340138519731564,temperature,9
2026-01-29T20:21:24+01:00,40f081a6-4095-43f7-bffb-64e2af8c026e,41.040130226691744,21.340138519731564,gasResistance,11071800
2026-01-29T20:21:24+01:00,40f081a6-4095-43f7-bffb-64e2af8c026e,41.040130226691744,21.340138519731564,humidity,66
2026-01-29T20:21:24+01:00,40f081a6-4095-43f7-bffb-64e2af8c026e,41.040130226691744,21.340138519731564,noise,27
2026-01-29T20:21:24+01:00,40f081a6-4095-43f7-bffb-64e2af8c026e,41.040130226691744,21.340138519731564,noise_dba,38
2026-01-29T20:21:24+01:00,40f081a6-4095-43f7-bffb-64e2af8c026e,41.040130226691744,21.340138519731564,pm10,76
2026-01-29T20:21:24+01:00,40f081a6-4095-43f7-bffb-64e2af8c026e,41.040130226691744,21.340138519731564,pm25,51
2026-01-29T20:21:24+01:00,40f081a6-4095-43f7-bffb-64e2af8c026e,41.040130226691744,21.340138519731564,pressure,921
2026-01-29T20:21:24+01:00,40f081a6-4095-43f7-bffb-64e2af8c026e,41.040130226691744,21.340138519731564,temperature,9
2026-01-29T20:36:56+01:00,40f081a6-4095-43f7-bffb-64e2af8c026e,41.040130226691744,21.340138519731564,gasResistance,11235481
2026-01-29T20:36:56+01:00,40f081a6-4095-43f7-bffb-64e2af8c026e,41.040130226691744,21.340138519731564,humidity,66
2026-01-29T20:36:56+01:00,40f081a6-4095-43f7-bffb-64e2af8c026e,41.040130226691744,21.340138519731564,noise,24
2026-01-29T20:36:56+01:00,40f081a6-4095-43f7-bffb-64e2af8c026e,41.040130226691744,21.340138519731564,noise_dba,36
2026-01-29T20:36:56+01:00,40f081a6-4095-43f7-bffb-64e2af8c026e,41.040130226691744,21.340138519731564,pm10,48
2026-01-29T20:36:56+01:00,40f081a6-4095-43f7-bffb-64e2af8c026e,41.040130226691744,21.340138519731564,pm25,35
2026-01-29T20:36:56+01:00,40f081a6-4095-43f7-bffb-64e2af8c026e,41.040130226691744,21.340138519731564,pressure,921
2026-01-29T20:36:56+01:00,40f081a6-4095-43f7-bffb-64e2af8c026e,41.040130226691744,21.340138519731564,temperature,9
2026-01-29T20:52:28+01:00,40f081a6-4095-43f7-bffb-64e2af8c026e,41.040130226691744,21.340138519731564,gasResistance,11153040
2026-01-29T20:52:28+01:00,40f081a6-4095-43f7-bffb-64e2af8c026e,41.040130226691744,21.340138519731564,humidity,66
2026-01-29T20:52:28+01:00,40f081a6-4095-43f7-bffb-64e2af8c026e,41.040130226691744,21.340138519731564,noise,38
2026-01-29T20:52:28+01:00,40f081a6-4095-43f7-bffb-64e2af8c026e,41.040130226691744,21.340138519731564,noise_dba,44
2026-01-29T20:52:28+01:00,40f081a6-4095-43f7-bffb-64e2af8c026e,41.040130226691744,21.340138519731564,pm10,56
2026-01-29T20:52:28+01:00,40f081a6-4095-43f7-bffb-64e2af8c026e,41.040130226691744,21.340138519731564,pm25,38
2026-01-29T20:52:28+01:00,40f081a6-4095-43f7-bffb-64e2af8c026e,41.040130226691744,21.340138519731564,pressure,922
2026-01-29T20:52:28+01:00,40f081a6-4095-43f7-bffb-64e2af8c026e,41.040130226691744,21.340138519731564,temperature,9
2026-01-29T21:08:01+01:00,40f081a6-4095-43f7-bffb-64e2af8c026e,41.040130226691744,21.340138519731564,gasResistance,11188223
2026-01-29T21:08:01+01:00,40f081a6-4095-43f7-bffb-64e2af8c026e,41.040130226691744,21.340138519731564,humidity,66
2026-01-29T21:08:01+01:00,40f081a6-4095-43f7-bffb-64e2af8c026e,41.040130226691744,21.340138519731564,noise,26
2026-01-29T21:08:01+01:00,40f081a6-4095-43f7-bffb-64e2af8c026e,41.040130226691744,21.340138519731564,noise_dba,38
2026-01-29T21:08:01+01:00,40f081a6-4095-43f7-bffb-64e2af8c026e,41.040130226691744,21.340138519731564,pm10,27
2026-01-29T21:08:01+01:00,40f081a6-4095-43f7-bffb-64e2af8c026e,41.040130226691744,21.340138519731564,pm25,21
2026-01-29T21:08:01+01:00,40f081a6-4095-43f7-bffb-64e2af8c026e,41.040130226691744,21.340138519731564,pressure,922
2026-01-29T21:08:01+01:00,40f081a6-4095-43f7-bffb-64e2af8c026e,41.040130226691744,21.340138519731564,temperature,9
2026-01-29T21:23:33+01:00,40f081a6-4095-43f7-bffb-64e2af8c026e,41.040130226691744,21.340138519731564,gasResistance,10980392
2026-01-29T21:23:33+01:00,40f081a6-4095-43f7-bffb-64e2af8c026e,41.040130226691744,21.340138519731564,humidity,66
2026-01-29T21:23:33+01:00,40f081a6-4095-43f7-bffb-64e2af8c026e,41.040130226691744,21.340138519731564,noise,24
2026-01-29T21:23:33+01:00,40f081a6-4095-43f7-bffb-64e2af8c026e,41.040130226691744,21.340138519731564,noise_dba,36
2026-01-29T21:23:33+01:00,40f081a6-4095-43f7-bffb-64e2af8c026e,41.040130226691744,21.340138519731564,pm10,26
2026-01-29T21:23:33+01:00,40f081a6-4095-43f7-bffb-64e2af8c026e,41.040130226691744,21.340138519731564,pm25,20
2026-01-29T21:23:33+01:00,40f081a6-4095-43f7-bffb-64e2af8c026e,41.040130226691744,21.340138519731564,pressure,922
2026-01-29T21:23:33+01:00,40f081a6-4095-43f7-bffb-64e2af8c026e,41.040130226691744,21.340138519731564,temperature,9
2026-01-29T21:39:05+01:00,40f081a6-4095-43f7-bffb-64e2af8c026e,41.040130226691744,21.340138519731564,gasResistance,10566038
2026-01-29T21:39:05+01:00,40f081a6-4095-43f7-bffb-64e2af8c026e,41.040130226691744,21.340138519731564,humidity,66
2026-01-29T21:39:05+01:00,40f081a6-4095-43f7-bffb-64e2af8c026e,41.040130226691744,21.340138519731564,noise,22
2026-01-29T21:39:05+01:00,40f081a6-4095-43f7-bffb-64e2af8c026e,41.040130226691744,21.340138519731564,noise_dba,35
2026-01-29T21:39:05+01:00,40f081a6-4095-43f7-bffb-64e2af8c026e,41.040130226691744,21.340138519731564,pm10,13
2026-01-29T21:39:05+01:00,40f081a6-4095-43f7-bffb-64e2af8c026e,41.040130226691744,21.340138519731564,pm25,10
2026-01-29T21:39:05+01:00,40f081a6-4095-43f7-bffb-64e2af8c026e,41.040130226691744,21.340138519731564,pressure,922
2026-01-29T21:39:05+01:00,40f081a6-4095-43f7-bffb-64e2af8c026e,41.040130226691744,21.340138519731564,temperature,8
2026-01-29T21:54:38+01:00,40f081a6-4095-43f7-bffb-64e2af8c026e,41.040130226691744,21.340138519731564,gasResistance,10935252
2026-01-29T21:54:38+01:00,40f081a6-4095-43f7-bffb-64e2af8c026e,41.040130226691744,21.340138519731564,humidity,65
2026-01-29T21:54:38+01:00,40f081a6-4095-43f7-bffb-64e2af8c026e,41.040130226691744,21.340138519731564,noise,19
2026-01-29T21:54:38+01:00,40f081a6-4095-43f7-bffb-64e2af8c026e,41.040130226691744,21.340138519731564,noise_dba,33
2026-01-29T21:54:38+01:00,40f081a6-4095-43f7-bffb-64e2af8c026e,41.040130226691744,21.340138519731564,pm10,0
2026-01-29T21:54:38+01:00,40f081a6-4095-43f7-bffb-64e2af8c026e,41.040130226691744,21.340138519731564,pm25,0
2026-01-29T21:54:38+01:00,40f081a6-4095-43f7-bffb-64e2af8c026e,41.040130226691744,21.340138519731564,pressure,922
2026-01-29T21:54:38+01:00,40f081a6-4095-43f7-bffb-64e2af8c026e,41.040130226691744,21.340138519731564,temperature,8
2026-01-29T22:10:10+01:00,40f081a6-4095-43f7-bffb-64e2af8c026e,41.040130226691744,21.340138519731564,gasResistance,13007335
2026-01-29T22:10:10+01:00,40f081a6-4095-43f7-bffb-64e2af8c026e,41.040130226691744,21.340138519731564,humidity,65
2026-01-29T22:10:10+01:00,40f081a6-4095-43f7-bffb-64e2af8c026e,41.040130226691744,21.340138519731564,noise,18
2026-01-29T22:10:10+01:00,40f081a6-4095-43f7-bffb-64e2af8c026e,41.040130226691744,21.340138519731564,noise_dba,32
2026-01-29T22:10:10+01:00,40f081a6-4095-43f7-bffb-64e2af8c026e,41.040130226691744,21.340138519731564,pm10,0
2026-01-29T22:10:10+01:00,40f081a6-4095-43f7-bffb-64e2af8c026e,41.040130226691744,21.340138519731564,pm25,0
2026-01-29T22:10:10+01:00,40f081a6-4095-43f7-bffb-64e2af8c026e,41.040130226691744,21.340138519731564,pressure,922
2026-01-29T22:10:10+01:00,40f081a6-4095-43f7-bffb-64e2af8c026e,41.040130226691744,21.340138519731564,temperature,8
2026-01-29T22:25:43+01:00,40f081a6-4095-43f7-bffb-64e2af8c026e,41.040130226691744,21.340138519731564,gasResistance,13007335
2026-01-29T22:25:43+01:00,40f081a6-4095-43f7-bffb-64e2af8c026e,41.040130226691744,21.340138519731564,humidity,64
2026-01-29T22:25:43+01:00,40f081a6-4095-43f7-bffb-64e2af8c026e,41.040130226691744,21.340138519731564,noise,21
2026-01-29T22:25:43+01:00,40f081a6-4095-43f7-bffb-64e2af8c026e,41.040130226691744,21.340138519731564,noise_dba,34
2026-01-29T22:25:43+01:00,40f081a6-4095-43f7-bffb-64e2af8c026e,41.040130226691744,21.340138519731564,pm10,6
2026-01-29T22:25:43+01:00,40f081a6-4095-43f7-bffb-64e2af8c026e,41.040130226691744,21.340138519731564,pm25,4
2026-01-29T22:25:43+01:00,40f081a6-4095-43f7-bffb-64e2af8c026e,41.040130226691744,21.340138519731564,pressure,922
2026-01-29T22:25:43+01:00,40f081a6-4095-43f7-bffb-64e2af8c026e,41.040130226691744,21.340138519731564,temperature,8
2026-01-29T22:41:15+01:00,40f081a6-4095-43f7-bffb-64e2af8c026e,41.040130226691744,21.340138519731564,gasResistance,11822222
2026-01-29T22:41:15+01:00,40f081a6-4095-43f7-bffb-64e2af8c026e,41.040130226691744,21.340138519731564,humidity,65
2026-01-29T22:41:15+01:00,40f081a6-4095-43f7-bffb-64e2af8c026e,41.040130226691744,21.340138519731564,noise,26
2026-01-29T22:41:15+01:00,40f081a6-4095-43f7-bffb-64e2af8c026e,41.040130226691744,21.340138519731564,noise_dba,38
2026-01-29T22:41:15+01:00,40f081a6-4095-43f7-bffb-64e2af8c026e,41.040130226691744,21.340138519731564,pm10,10
2026-01-29T22:41:15+01:00,40f081a6-4095-43f7-bffb-64e2af8c026e,41.040130226691744,21.340138519731564,pm25,7
2026-01-29T22:41:15+01:00,40f081a6-4095-43f7-bffb-64e2af8c026e,41.040130226691744,21.340138519731564,pressure,922
2026-01-29T22:41:15+01:00,40f081a6-4095-43f7-bffb-64e2af8c026e,41.040130226691744,21.340138519731564,temperature,8
2026-01-29T22:56:47+01:00,40f081a6-4095-43f7-bffb-64e2af8c026e,41.040130226691744,21.340138519731564,gasResistance,11319149
2026-01-29T22:56:47+01:00,40f081a6-4095-43f7-bffb-64e2af8c026e,41.040130226691744,21.340138519731564,humidity,65
2026-01-29T22:56:47+01:00,40f081a6-4095-43f7-bffb-64e2af8c026e,41.040130226691744,21.340138519731564,noise,22
2026-01-29T22:56:47+01:00,40f081a6-4095-43f7-bffb-64e2af8c026e,41.040130226691744,21.340138519731564,noise_dba,35
2026-01-29T22:56:47+01:00,40f081a6-4095-43f7-bffb-64e2af8c026e,41.040130226691744,21.340138519731564,pm10,38
2026-01-29T22:56:47+01:00,40f081a6-4095-43f7-bffb-64e2af8c026e,41.040130226691744,21.340138519731564,pm25,21
2026-01-29T22:56:47+01:00,40f081a6-4095-43f7-bffb-64e2af8c026e,41.040130226691744,21.340138519731564,pressure,923
2026-01-29T22:56:47+01:00,40f081a6-4095-43f7-bffb-64e2af8c026e,41.040130226691744,21.340138519731564,temperature,8
2026-01-29T23:12:19+01:00,40f081a6-4095-43f7-bffb-64e2af8c026e,41.040130226691744,21.340138519731564,gasResistance,10715005
2026-01-29T23:12:19+01:00,40f081a6-4095-43f7-bffb-64e2af8c026e,41.040130226691744,21.340138519731564,humidity,65
2026-01-29T23:12:19+01:00,40f081a6-4095-43f7-bffb-64e2af8c026e,41.040130226691744,21.340138519731564,noise,23
2026-01-29T23:12:19+01:00,40f081a6-4095-43f7-bffb-64e2af8c026e,41.040130226691744,21.340138519731564,noise_dba,36
2026-01-29T23:12:19+01:00,40f081a6-4095-43f7-bffb-64e2af8c026e,41.040130226691744,21.340138519731564,pm10,8
2026-01-29T23:12:19+01:00,40f081a6-4095-43f7-bffb-64e2af8c026e,41.040130226691744,21.340138519731564,pm25,5
2026-01-29T23:12:19+01:00,40f081a6-4095-43f7-bffb-64e2af8c026e,41.040130226691744,21.340138519731564,pressure,923
2026-01-29T23:12:19+01:00,40f081a6-4095-43f7-bffb-64e2af8c026e,41.040130226691744,21.340138519731564,temperature,8
2026-01-29T23:27:52+01:00,40f081a6-4095-43f7-bffb-64e2af8c026e,41.040130226691744,21.340138519731564,gasResistance,11048806
2026-01-29T23:27:52+01:00,40f081a6-4095-43f7-bffb-64e2af8c026e,41.040130226691744,21.340138519731564,humidity,65
2026-01-29T23:27:52+01:00,40f081a6-4095-43f7-bffb-64e2af8c026e,41.040130226691744,21.340138519731564,noise,14
2026-01-29T23:27:52+01:00,40f081a6-4095-43f7-bffb-64e2af8c026e,41.040130226691744,21.340138519731564,noise_dba,28
2026-01-29T23:27:52+01:00,40f081a6-4095-43f7-bffb-64e2af8c026e,41.040130226691744,21.340138519731564,pm10,10
2026-01-29T23:27:52+01:00,40f081a6-4095-43f7-bffb-64e2af8c026e,41.040130226691744,21.340138519731564,pm25,5
2026-01-29T23:27:52+01:00,40f081a6-4095-43f7-bffb-64e2af8c026e,41.040130226691744,21.340138519731564,pressure,923
2026-01-29T23:27:52+01:00,40f081a6-4095-43f7-bffb-64e2af8c026e,41.040130226691744,21.340138519731564,temperature,8
2026-01-29T23:43:25+01:00,40f081a6-4095-43f7-bffb-64e2af8c026e,41.040130226691744,21.340138519731564,gasResistance,11106472
2026-01-29T23:43:25+01:00,40f081a6-4095-43f7-bffb-64e2af8c026e,41.040130226691744,21.340138519731564,humidity,65
2026-01-29T23:43:25+01:00,40f081a6-4095-43f7-bffb-64e2af8c026e,41.040130226691744,21.340138519731564,noise,17
2026-01-29T23:43:25+01:00,40f081a6-4095-43f7-bffb-64e2af8c026e,41.040130226691744,21.340138519731564,noise_dba,31
2026-01-29T23:43:25+01:00,40f081a6-4095-43f7-bffb-64e2af8c026e,41.040130226691744,21.340138519731564,pm10,13
2026-01-29T23:43:25+01:00,40f081a6-4095-43f7-bffb-64e2af8c026e,41.040130226691744,21.340138519731564,pm25,9
2026-01-29T23:43:25+01:00,40f081a6-4095-43f7-bffb-64e2af8c026e,41.040130226691744,21.340138519731564,pressure,923
2026-01-29T23:43:25+01:00,40f081a6-4095-43f7-bffb-64e2af8c026e,41.040130226691744,21.340138519731564,temperature,8
2026-01-29T23:58:57+01:00,40f081a6-4095-43f7-bffb-64e2af8c026e,41.040130226691744,21.340138519731564,gasResistance,11453176
2026-01-29T23:58:57+01:00,40f081a6-4095-43f7-bffb-64e2af8c026e,41.040130226691744,21.340138519731564,humidity,65
2026-01-29T23:58:57+01:00,40f081a6-4095-43f7-bffb-64e2af8c026e,41.040130226691744,21.340138519731564,noise,16
2026-01-29T23:58:57+01:00,40f081a6-4095-43f7-bffb-64e2af8c026e,41.040130226691744,21.340138519731564,noise_dba,30
2026-01-29T23:58:57+01:00,40f081a6-4095-43f7-bffb-64e2af8c026e,41.040130226691744,21.340138519731564,pm10,12
2026-01-29T23:58:57+01:00,40f081a6-4095-43f7-bffb-64e2af8c026e,41.040130226691744,21.340138519731564,pm25,8
2026-01-29T23:58:57+01:00,40f081a6-4095-43f7-bffb-64e2af8c026e,41.040130226691744,21.340138519731564,pressure,923
2026-01-29T23:58:57+01:00,40f081a6-4095-43f7-bffb-64e2af8c026e,41.040130226691744,21.340138519731564,temperature,8
2026-01-30T00:14:29+01:00,40f081a6-4095-43f7-bffb-64e2af8c026e,41.040130226691744,21.340138519731564,gasResistance,11379679
2026-01-30T00:14:29+01:00,40f081a6-4095-43f7-bffb-64e2af8c026e,41.040130226691744,21.340138519731564,humidity,65
2026-01-30T00:14:29+01:00,40f081a6-4095-43f7-bffb-64e2af8c026e,41.040130226691744,21.340138519731564,noise,19
2026-01-30T00:14:29+01:00,40f081a6-4095-43f7-bffb-64e2af8c026e,41.040130226691744,21.340138519731564,noise_dba,33
2026-01-30T00:14:29+01:00,40f081a6-4095-43f7-bffb-64e2af8c026e,41.040130226691744,21.340138519731564,pm10,18
2026-01-30T00:14:29+01:00,40f081a6-4095-43f7-bffb-64e2af8c026e,41.040130226691744,21.340138519731564,pm25,11
2026-01-30T00:14:29+01:00,40f081a6-4095-43f7-bffb-64e2af8c026e,41.040130226691744,21.340138519731564,pressure,923
2026-01-30T00:14:29+01:00,40f081a6-4095-43f7-bffb-64e2af8c026e,41.040130226691744,21.340138519731564,temperature,7
2026-01-30T00:30:01+01:00,40f081a6-4095-43f7-bffb-64e2af8c026e,41.040130226691744,21.340138519731564,gasResistance,10693467
2026-01-30T00:30:01+01:00,40f081a6-4095-43f7-bffb-64e2af8c026e,41.040130226691744,21.340138519731564,humidity,66
2026-01-30T00:30:01+01:00,40f081a6-4095-43f7-bffb-64e2af8c026e,41.040130226691744,21.340138519731564,noise,26
2026-01-30T00:30:01+01:00,40f081a6-4095-43f7-bffb-64e2af8c026e,41.040130226691744,21.340138519731564,noise_dba,38
2026-01-30T00:30:01+01:00,40f081a6-4095-43f7-bffb-64e2af8c026e,41.040130226691744,21.340138519731564,pm10,14
2026-01-30T00:30:01+01:00,40f081a6-4095-43f7-bffb-64e2af8c026e,41.040130226691744,21.340138519731564,pm25,9
2026-01-30T00:30:01+01:00,40f081a6-4095-43f7-bffb-64e2af8c026e,41.040130226691744,21.340138519731564,pressure,923
2026-01-30T00:30:01+01:00,40f081a6-4095-43f7-bffb-64e2af8c026e,41.040130226691744,21.340138519731564,temperature,7
2026-01-30T00:45:33+01:00,40f081a6-4095-43f7-bffb-64e2af8c026e,41.040130226691744,21.340138519731564,gasResistance,10629371
2026-01-30T00:45:33+01:00,40f081a6-4095-43f7-bffb-64e2af8c026e,41.040130226691744,21.340138519731564,humidity,66
2026-01-30T00:45:33+01:00,40f081a6-4095-43f7-bffb-64e2af8c026e,41.040130226691744,21.340138519731564,noise,19
2026-01-30T00:45:33+01:00,40f081a6-4095-43f7-bffb-64e2af8c026e,41.040130226691744,21.340138519731564,noise_dba,33
2026-01-30T00:45:33+01:00,40f081a6-4095-43f7-bffb-64e2af8c026e,41.040130226691744,21.340138519731564,pm10,12
2026-01-30T00:45:33+01:00,40f081a6-4095-43f7-bffb-64e2af8c026e,41.040130226691744,21.340138519731564,pm25,7
2026-01-30T00:45:33+01:00,40f081a6-4095-43f7-bffb-64e2af8c026e,41.040130226691744,21.340138519731564,pressure,923
2026-01-30T00:45:33+01:00,40f081a6-4095-43f7-bffb-64e2af8c026e,41.040130226691744,21.340138519731564,temperature,7
2026-01-30T01:01:05+01:00,40f081a6-4095-43f7-bffb-64e2af8c026e,41.040130226691744,21.340138519731564,gasResistance,10813008
2026-01-30T01:01:05+01:00,40f081a6-4095-43f7-bffb-64e2af8c026e,41.040130226691744,21.340138519731564,humidity,66
2026-01-30T01:01:05+01:00,40f081a6-4095-43f7-bffb-64e2af8c026e,41.040130226691744,21.340138519731564,noise,20
2026-01-30T01:01:05+01:00,40f081a6-4095-43f7-bffb-64e2af8c026e,41.040130226691744,21.340138519731564,noise_dba,34
2026-01-30T01:01:05+01:00,40f081a6-4095-43f7-bffb-64e2af8c026e,41.040130226691744,21.340138519731564,pm10,9
2026-01-30T01:01:05+01:00,40f081a6-4095-43f7-bffb-64e2af8c026e,41.040130226691744,21.340138519731564,pm25,6
2026-01-30T01:01:05+01:00,40f081a6-4095-43f7-bffb-64e2af8c026e,41.040130226691744,21.340138519731564,pressure,923
2026-01-30T01:01:05+01:00,40f081a6-4095-43f7-bffb-64e2af8c026e,41.040130226691744,21.340138519731564,temperature,7
2026-01-30T01:16:38+01:00,40f081a6-4095-43f7-bffb-64e2af8c026e,41.040130226691744,21.340138519731564,gasResistance,11809101
2026-01-30T01:16:38+01:00,40f081a6-4095-43f7-bffb-64e2af8c026e,41.040130226691744,21.340138519731564,humidity,65
2026-01-30T01:16:38+01:00,40f081a6-4095-43f7-bffb-64e2af8c026e,41.040130226691744,21.340138519731564,noise,14
2026-01-30T01:16:38+01:00,40f081a6-4095-43f7-bffb-64e2af8c026e,41.040130226691744,21.340138519731564,noise_dba,28
2026-01-30T01:16:38+01:00,40f081a6-4095-43f7-bffb-64e2af8c026e,41.040130226691744,21.340138519731564,pm10,0
2026-01-30T01:16:38+01:00,40f081a6-4095-43f7-bffb-64e2af8c026e,41.040130226691744,21.340138519731564,pm25,0
2026-01-30T01:16:38+01:00,40f081a6-4095-43f7-bffb-64e2af8c026e,41.040130226691744,21.340138519731564,pressure,923
2026-01-30T01:16:38+01:00,40f081a6-4095-43f7-bffb-64e2af8c026e,41.040130226691744,21.340138519731564,temperature,7
2026-01-30T01:32:10+01:00,40f081a6-4095-43f7-bffb-64e2af8c026e,41.040130226691744,21.340138519731564,gasResistance,13007335
2026-01-30T01:32:10+01:00,40f081a6-4095-43f7-bffb-64e2af8c026e,41.040130226691744,21.340138519731564,humidity,63
2026-01-30T01:32:10+01:00,40f081a6-4095-43f7-bffb-64e2af8c026e,41.040130226691744,21.340138519731564,noise,17
2026-01-30T01:32:10+01:00,40f081a6-4095-43f7-bffb-64e2af8c026e,41.040130226691744,21.340138519731564,noise_dba,31
2026-01-30T01:32:10+01:00,40f081a6-4095-43f7-bffb-64e2af8c026e,41.040130226691744,21.340138519731564,pm10,0
2026-01-30T01:32:10+01:00,40f081a6-4095-43f7-bffb-64e2af8c026e,41.040130226691744,21.340138519731564,pm25,0
2026-01-30T01:32:10+01:00,40f081a6-4095-43f7-bffb-64e2af8c026e,41.040130226691744,21.340138519731564,pressure,924
2026-01-30T01:32:10+01:00,40f081a6-4095-43f7-bffb-64e2af8c026e,41.040130226691744,21.340138519731564,temperature,7
2026-01-30T01:47:43+01:00,40f081a6-4095-43f7-bffb-64e2af8c026e,41.040130226691744,21.340138519731564,gasResistance,13007335
2026-01-30T01:47:43+01:00,40f081a6-4095-43f7-bffb-64e2af8c026e,41.040130226691744,21.340138519731564,humidity,61
2026-01-30T01:47:43+01:00,40f081a6-4095-43f7-bffb-64e2af8c026e,41.040130226691744,21.340138519731564,noise,15
2026-01-30T01:47:43+01:00,40f081a6-4095-43f7-bffb-64e2af8c026e,41.040130226691744,21.340138519731564,noise_dba,29
2026-01-30T01:47:43+01:00,40f081a6-4095-43f7-bffb-64e2af8c026e,41.040130226691744,21.340138519731564,pm10,2
2026-01-30T01:47:43+01:00,40f081a6-4095-43f7-bffb-64e2af8c026e,41.040130226691744,21.340138519731564,pm25,2
2026-01-30T01:47:43+01:00,40f081a6-4095-43f7-bffb-64e2af8c026e,41.040130226691744,21.340138519731564,pressure,924
2026-01-30T01:47:43+01:00,40f081a6-4095-43f7-bffb-64e2af8c026e,41.040130226691744,21.340138519731564,temperature,8
2026-01-30T02:03:15+01:00,40f081a6-4095-43f7-bffb-64e2af8c026e,41.040130226691744,21.340138519731564,gasResistance,13007335
2026-01-30T02:03:15+01:00,40f081a6-4095-43f7-bffb-64e2af8c026e,41.040130226691744,21.340138519731564,humidity,60
2026-01-30T02:03:15+01:00,40f081a6-4095-43f7-bffb-64e2af8c026e,41.040130226691744,21.340138519731564,noise,14
2026-01-30T02:03:15+01:00,40f081a6-4095-43f7-bffb-64e2af8c026e,41.040130226691744,21.340138519731564,noise_dba,28
2026-01-30T02:03:15+01:00,40f081a6-4095-43f7-bffb-64e2af8c026e,41.040130226691744,21.340138519731564,pm10,0
2026-01-30T02:03:15+01:00,40f081a6-4095-43f7-bffb-64e2af8c026e,41.040130226691744,21.340138519731564,pm25,0
2026-01-30T02:03:15+01:00,40f081a6-4095-43f7-bffb-64e2af8c026e,41.040130226691744,21.340138519731564,pressure,924
2026-01-30T02:03:15+01:00,40f081a6-4095-43f7-bffb-64e2af8c026e,41.040130226691744,21.340138519731564,temperature,8
2026-01-30T02:18:47+01:00,40f081a6-4095-43f7-bffb-64e2af8c026e,41.040130226691744,21.340138519731564,gasResistance,13007335
2026-01-30T02:18:47+01:00,40f081a6-4095-43f7-bffb-64e2af8c026e,41.040130226691744,21.340138519731564,humidity,60
2026-01-30T02:18:47+01:00,40f081a6-4095-43f7-bffb-64e2af8c026e,41.040130226691744,21.340138519731564,noise,13
2026-01-30T02:18:47+01:00,40f081a6-4095-43f7-bffb-64e2af8c026e,41.040130226691744,21.340138519731564,noise_dba,27
2026-01-30T02:18:47+01:00,40f081a6-4095-43f7-bffb-64e2af8c026e,41.040130226691744,21.340138519731564,pm10,0
2026-01-30T02:18:47+01:00,40f081a6-4095-43f7-bffb-64e2af8c026e,41.040130226691744,21.340138519731564,pm25,0
2026-01-30T02:18:47+01:00,40f081a6-4095-43f7-bffb-64e2af8c026e,41.040130226691744,21.340138519731564,pressure,924
2026-01-30T02:18:47+01:00,40f081a6-4095-43f7-bffb-64e2af8c026e,41.040130226691744,21.340138519731564,temperature,8
2026-01-30T02:34:19+01:00,40f081a6-4095-43f7-bffb-64e2af8c026e,41.040130226691744,21.340138519731564,gasResistance,13007335
2026-01-30T02:34:19+01:00,40f081a6-4095-43f7-bffb-64e2af8c026e,41.040130226691744,21.340138519731564,humidity,59
2026-01-30T02:34:19+01:00,40f081a6-4095-43f7-bffb-64e2af8c026e,41.040130226691744,21.340138519731564,noise,23
2026-01-30T02:34:19+01:00,40f081a6-4095-43f7-bffb-64e2af8c026e,41.040130226691744,21.340138519731564,noise_dba,36
2026-01-30T02:34:19+01:00,40f081a6-4095-43f7-bffb-64e2af8c026e,41.040130226691744,21.340138519731564,pm10,0
2026-01-30T02:34:19+01:00,40f081a6-4095-43f7-bffb-64e2af8c026e,41.040130226691744,21.340138519731564,pm25,0
2026-01-30T02:34:19+01:00,40f081a6-4095-43f7-bffb-64e2af8c026e,41.040130226691744,21.340138519731564,pressure,924
2026-01-30T02:34:19+01:00,40f081a6-4095-43f7-bffb-64e2af8c026e,41.040130226691744,21.340138519731564,temperature,8
2026-01-30T02:49:51+01:00,40f081a6-4095-43f7-bffb-64e2af8c026e,41.040130226691744,21.340138519731564,gasResistance,13007335
2026-01-30T02:49:51+01:00,40f081a6-4095-43f7-bffb-64e2af8c026e,41.040130226691744,21.340138519731564,humidity,60
2026-01-30T02:49:51+01:00,40f081a6-4095-43f7-bffb-64e2af8c026e,41.040130226691744,21.340138519731564,noise,12
2026-01-30T02:49:51+01:00,40f081a6-4095-43f7-bffb-64e2af8c026e,41.040130226691744,21.340138519731564,noise_dba,25
2026-01-30T02:49:51+01:00,40f081a6-4095-43f7-bffb-64e2af8c026e,41.040130226691744,21.340138519731564,pm10,0
2026-01-30T02:49:51+01:00,40f081a6-4095-43f7-bffb-64e2af8c026e,41.040130226691744,21.340138519731564,pm25,0
2026-01-30T02:49:51+01:00,40f081a6-4095-43f7-bffb-64e2af8c026e,41.040130226691744,21.340138519731564,pressure,924
2026-01-30T02:49:51+01:00,40f081a6-4095-43f7-bffb-64e2af8c026e,41.040130226691744,21.340138519731564,temperature,8
2026-01-30T03:05:23+01:00,40f081a6-4095-43f7-bffb-64e2af8c026e,41.040130226691744,21.340138519731564,gasResistance,13007335
2026-01-30T03:05:23+01:00,40f081a6-4095-43f7-bffb-64e2af8c026e,41.040130226691744,21.340138519731564,humidity,60
2026-01-30T03:05:23+01:00,40f081a6-4095-43f7-bffb-64e2af8c026e,41.040130226691744,21.340138519731564,noise,15
2026-01-30T03:05:23+01:00,40f081a6-4095-43f7-bffb-64e2af8c026e,41.040130226691744,21.340138519731564,noise_dba,29
2026-01-30T03:05:23+01:00,40f081a6-4095-43f7-bffb-64e2af8c026e,41.040130226691744,21.340138519731564,pm10,0
2026-01-30T03:05:23+01:00,40f081a6-4095-43f7-bffb-64e2af8c026e,41.040130226691744,21.340138519731564,pm25,0
2026-01-30T03:05:23+01:00,40f081a6-4095-43f7-bffb-64e2af8c026e,41.040130226691744,21.340138519731564,pressure,924
2026-01-30T03:05:23+01:00,40f081a6-4095-43f7-bffb-64e2af8c026e,41.040130226691744,21.340138519731564,temperature,8
2026-01-30T03:20:55+01:00,40f081a6-4095-43f7-bffb-64e2af8c026e,41.040130226691744,21.340138519731564,gasResistance,13007335
2026-01-30T03:20:55+01:00,40f081a6-4095-43f7-bffb-64e2af8c026e,41.040130226691744,21.340138519731564,humidity,60
2026-01-30T03:20:55+01:00,40f081a6-4095-43f7-bffb-64e2af8c026e,41.040130226691744,21.340138519731564,noise,18
2026-01-30T03:20:55+01:00,40f081a6-4095-43f7-bffb-64e2af8c026e,41.040130226691744,21.340138519731564,noise_dba,32
2026-01-30T03:20:55+01:00,40f081a6-4095-43f7-bffb-64e2af8c026e,41.040130226691744,21.340138519731564,pm10,0
2026-01-30T03:20:55+01:00,40f081a6-4095-43f7-bffb-64e2af8c026e,41.040130226691744,21.340138519731564,pm25,0
2026-01-30T03:20:55+01:00,40f081a6-4095-43f7-bffb-64e2af8c026e,41.040130226691744,21.340138519731564,pressure,924
2026-01-30T03:20:55+01:00,40f081a6-4095-43f7-bffb-64e2af8c026e,41.040130226691744,21.340138519731564,temperature,8
2026-01-30T03:36:27+01:00,40f081a6-4095-43f7-bffb-64e2af8c026e,41.040130226691744,21.340138519731564,gasResistance,13007335
2026-01-30T03:36:27+01:00,40f081a6-4095-43f7-bffb-64e2af8c026e,41.040130226691744,21.340138519731564,humidity,60
2026-01-30T03:36:27+01:00,40f081a6-4095-43f7-bffb-64e2af8c026e,41.040130226691744,21.340138519731564,noise,13
2026-01-30T03:36:27+01:00,40f081a6-4095-43f7-bffb-64e2af8c026e,41.040130226691744,21.340138519731564,noise_dba,27
2026-01-30T03:36:27+01:00,40f081a6-4095-43f7-bffb-64e2af8c026e,41.040130226691744,21.340138519731564,pm10,0
2026-01-30T03:36:27+01:00,40f081a6-4095-43f7-bffb-64e2af8c026e,41.040130226691744,21.340138519731564,pm25,0
2026-01-30T03:36:27+01:00,40f081a6-4095-43f7-bffb-64e2af8c026e,41.040130226691744,21.340138519731564,pressure,925
2026-01-30T03:36:27+01:00,40f081a6-4095-43f7-bffb-64e2af8c026e,41.040130226691744,21.340138519731564,temperature,8
2026-01-30T03:52:00+01:00,40f081a6-4095-43f7-bffb-64e2af8c026e,41.040130226691744,21.340138519731564,gasResistance,13007335
2026-01-30T03:52:00+01:00,40f081a6-4095-43f7-bffb-64e2af8c026e,41.040130226691744,21.340138519731564,humidity,60
2026-01-30T03:52:00+01:00,40f081a6-4095-43f7-bffb-64e2af8c026e,41.040130226691744,21.340138519731564,noise,18
2026-01-30T03:52:00+01:00,40f081a6-4095-43f7-bffb-64e2af8c026e,41.040130226691744,21.340138519731564,noise_dba,32
2026-01-30T03:52:00+01:00,40f081a6-4095-43f7-bffb-64e2af8c026e,41.040130226691744,21.340138519731564,pm10,0
2026-01-30T03:52:00+01:00,40f081a6-4095-43f7-bffb-64e2af8c026e,41.040130226691744,21.340138519731564,pm25,0
2026-01-30T03:52:00+01:00,40f081a6-4095-43f7-bffb-64e2af8c026e,41.040130226691744,21.340138519731564,pressure,925
2026-01-30T03:52:00+01:00,40f081a6-4095-43f7-bffb-64e2af8c026e,41.040130226691744,21.340138519731564,temperature,8
2026-01-30T04:07:32+01:00,40f081a6-4095-43f7-bffb-64e2af8c026e,41.040130226691744,21.340138519731564,gasResistance,13007335
2026-01-30T04:07:32+01:00,40f081a6-4095-43f7-bffb-64e2af8c026e,41.040130226691744,21.340138519731564,humidity,61
2026-01-30T04:07:32+01:00,40f081a6-4095-43f7-bffb-64e2af8c026e,41.040130226691744,21.340138519731564,noise,19
2026-01-30T04:07:32+01:00,40f081a6-4095-43f7-bffb-64e2af8c026e,41.040130226691744,21.340138519731564,noise_dba,33
2026-01-30T04:07:32+01:00,40f081a6-4095-43f7-bffb-64e2af8c026e,41.040130226691744,21.340138519731564,pm10,0
2026-01-30T04:07:32+01:00,40f081a6-4095-43f7-bffb-64e2af8c026e,41.040130226691744,21.340138519731564,pm25,0
2026-01-30T04:07:32+01:00,40f081a6-4095-43f7-bffb-64e2af8c026e,41.040130226691744,21.340138519731564,pressure,925
2026-01-30T04:07:32+01:00,40f081a6-4095-43f7-bffb-64e2af8c026e,41.040130226691744,21.340138519731564,temperature,8
2026-01-30T04:23:04+01:00,40f081a6-4095-43f7-bffb-64e2af8c026e,41.040130226691744,21.340138519731564,gasResistance,13007335
2026-01-30T04:23:04+01:00,40f081a6-4095-43f7-bffb-64e2af8c026e,41.040130226691744,21.340138519731564,humidity,62
2026-01-30T04:23:04+01:00,40f081a6-4095-43f7-bffb-64e2af8c026e,41.040130226691744,21.340138519731564,noise,14
2026-01-30T04:23:04+01:00,40f081a6-4095-43f7-bffb-64e2af8c026e,41.040130226691744,21.340138519731564,noise_dba,28
2026-01-30T04:23:04+01:00,40f081a6-4095-43f7-bffb-64e2af8c026e,41.040130226691744,21.340138519731564,pm10,0
2026-01-30T04:23:04+01:00,40f081a6-4095-43f7-bffb-64e2af8c026e,41.040130226691744,21.340138519731564,pm25,0
2026-01-30T04:23:04+01:00,40f081a6-4095-43f7-bffb-64e2af8c026e,41.040130226691744,21.340138519731564,pressure,925
2026-01-30T04:23:04+01:00,40f081a6-4095-43f7-bffb-64e2af8c026e,41.040130226691744,21.340138519731564,temperature,8
2026-01-30T04:38:36+01:00,40f081a6-4095-43f7-bffb-64e2af8c026e,41.040130226691744,21.340138519731564,gasResistance,13007335
2026-01-30T04:38:36+01:00,40f081a6-4095-43f7-bffb-64e2af8c026e,41.040130226691744,21.340138519731564,humidity,62
2026-01-30T04:38:36+01:00,40f081a6-4095-43f7-bffb-64e2af8c026e,41.040130226691744,21.340138519731564,noise,16
2026-01-30T04:38:36+01:00,40f081a6-4095-43f7-bffb-64e2af8c026e,41.040130226691744,21.340138519731564,noise_dba,30
2026-01-30T04:38:36+01:00,40f081a6-4095-43f7-bffb-64e2af8c026e,41.040130226691744,21.340138519731564,pm10,1
2026-01-30T04:38:36+01:00,40f081a6-4095-43f7-bffb-64e2af8c026e,41.040130226691744,21.340138519731564,pm25,0
2026-01-30T04:38:36+01:00,40f081a6-4095-43f7-bffb-64e2af8c026e,41.040130226691744,21.340138519731564,pressure,925
2026-01-30T04:38:36+01:00,40f081a6-4095-43f7-bffb-64e2af8c026e,41.040130226691744,21.340138519731564,temperature,8
2026-01-30T04:54:08+01:00,40f081a6-4095-43f7-bffb-64e2af8c026e,41.040130226691744,21.340138519731564,gasResistance,13007335
2026-01-30T04:54:08+01:00,40f081a6-4095-43f7-bffb-64e2af8c026e,41.040130226691744,21.340138519731564,humidity,61
2026-01-30T04:54:08+01:00,40f081a6-4095-43f7-bffb-64e2af8c026e,41.040130226691744,21.340138519731564,noise,21
2026-01-30T04:54:08+01:00,40f081a6-4095-43f7-bffb-64e2af8c026e,41.040130226691744,21.340138519731564,noise_dba,34
2026-01-30T04:54:08+01:00,40f081a6-4095-43f7-bffb-64e2af8c026e,41.040130226691744,21.340138519731564,pm10,0
2026-01-30T04:54:08+01:00,40f081a6-4095-43f7-bffb-64e2af8c026e,41.040130226691744,21.340138519731564,pm25,0
2026-01-30T04:54:08+01:00,40f081a6-4095-43f7-bffb-64e2af8c026e,41.040130226691744,21.340138519731564,pressure,925
2026-01-30T04:54:08+01:00,40f081a6-4095-43f7-bffb-64e2af8c026e,41.040130226691744,21.340138519731564,temperature,8
2026-01-30T05:09:41+01:00,40f081a6-4095-43f7-bffb-64e2af8c026e,41.040130226691744,21.340138519731564,gasResistance,13007335
2026-01-30T05:09:41+01:00,40f081a6-4095-43f7-bffb-64e2af8c026e,41.040130226691744,21.340138519731564,humidity,61
2026-01-30T05:09:41+01:00,40f081a6-4095-43f7-bffb-64e2af8c026e,41.040130226691744,21.340138519731564,noise,14
2026-01-30T05:09:41+01:00,40f081a6-4095-43f7-bffb-64e2af8c026e,41.040130226691744,21.340138519731564,noise_dba,28
2026-01-30T05:09:41+01:00,40f081a6-4095-43f7-bffb-64e2af8c026e,41.040130226691744,21.340138519731564,pm10,0
2026-01-30T05:09:41+01:00,40f081a6-4095-43f7-bffb-64e2af8c026e,41.040130226691744,21.340138519731564,pm25,0
2026-01-30T05:09:41+01:00,40f081a6-4095-43f7-bffb-64e2af8c026e,41.040130226691744,21.340138519731564,pressure,925
2026-01-30T05:09:41+01:00,40f081a6-4095-43f7-bffb-64e2af8c026e,41.040130226691744,21.340138519731564,temperature,8
2026-01-30T05:25:13+01:00,40f081a6-4095-43f7-bffb-64e2af8c026e,41.040130226691744,21.340138519731564,gasResistance,13007335
2026-01-30T05:25:13+01:00,40f081a6-4095-43f7-bffb-64e2af8c026e,41.040130226691744,21.340138519731564,humidity,62
2026-01-30T05:25:13+01:00,40f081a6-4095-43f7-bffb-64e2af8c026e,41.040130226691744,21.340138519731564,noise,28
2026-01-30T05:25:13+01:00,40f081a6-4095-43f7-bffb-64e2af8c026e,41.040130226691744,21.340138519731564,noise_dba,39
2026-01-30T05:25:13+01:00,40f081a6-4095-43f7-bffb-64e2af8c026e,41.040130226691744,21.340138519731564,pm10,2
2026-01-30T05:25:13+01:00,40f081a6-4095-43f7-bffb-64e2af8c026e,41.040130226691744,21.340138519731564,pm25,1
2026-01-30T05:25:13+01:00,40f081a6-4095-43f7-bffb-64e2af8c026e,41.040130226691744,21.340138519731564,pressure,925
2026-01-30T05:25:13+01:00,40f081a6-4095-43f7-bffb-64e2af8c026e,41.040130226691744,21.340138519731564,temperature,8
2026-01-30T05:40:45+01:00,40f081a6-4095-43f7-bffb-64e2af8c026e,41.040130226691744,21.340138519731564,gasResistance,13007335
2026-01-30T05:40:45+01:00,40f081a6-4095-43f7-bffb-64e2af8c026e,41.040130226691744,21.340138519731564,humidity,63
2026-01-30T05:40:45+01:00,40f081a6-4095-43f7-bffb-64e2af8c026e,41.040130226691744,21.340138519731564,noise,13
2026-01-30T05:40:45+01:00,40f081a6-4095-43f7-bffb-64e2af8c026e,41.040130226691744,21.340138519731564,noise_dba,27
2026-01-30T05:40:45+01:00,40f081a6-4095-43f7-bffb-64e2af8c026e,41.040130226691744,21.340138519731564,pm10,0
2026-01-30T05:40:45+01:00,40f081a6-4095-43f7-bffb-64e2af8c026e,41.040130226691744,21.340138519731564,pm25,0
2026-01-30T05:40:45+01:00,40f081a6-4095-43f7-bffb-64e2af8c026e,41.040130226691744,21.340138519731564,pressure,925
2026-01-30T05:40:45+01:00,40f081a6-4095-43f7-bffb-64e2af8c026e,41.040130226691744,21.340138519731564,temperature,7
2026-01-30T05:56:17+01:00,40f081a6-4095-43f7-bffb-64e2af8c026e,41.040130226691744,21.340138519731564,gasResistance,13007335
2026-01-30T05:56:17+01:00,40f081a6-4095-43f7-bffb-64e2af8c026e,41.040130226691744,21.340138519731564,humidity,62
2026-01-30T05:56:17+01:00,40f081a6-4095-43f7-bffb-64e2af8c026e,41.040130226691744,21.340138519731564,noise,24
2026-01-30T05:56:17+01:00,40f081a6-4095-43f7-bffb-64e2af8c026e,41.040130226691744,21.340138519731564,noise_dba,36
2026-01-30T05:56:17+01:00,40f081a6-4095-43f7-bffb-64e2af8c026e,41.040130226691744,21.340138519731564,pm10,0
2026-01-30T05:56:17+01:00,40f081a6-4095-43f7-bffb-64e2af8c026e,41.040130226691744,21.340138519731564,pm25,0
2026-01-30T05:56:17+01:00,40f081a6-4095-43f7-bffb-64e2af8c026e,41.040130226691744,21.340138519731564,pressure,925
2026-01-30T05:56:17+01:00,40f081a6-4095-43f7-bffb-64e2af8c026e,41.040130226691744,21.340138519731564,temperature,7
2026-01-30T06:11:49+01:00,40f081a6-4095-43f7-bffb-64e2af8c026e,41.040130226691744,21.340138519731564,gasResistance,13007335
2026-01-30T06:11:49+01:00,40f081a6-4095-43f7-bffb-64e2af8c026e,41.040130226691744,21.340138519731564,humidity,61
2026-01-30T06:11:49+01:00,40f081a6-4095-43f7-bffb-64e2af8c026e,41.040130226691744,21.340138519731564,noise,14
2026-01-30T06:11:49+01:00,40f081a6-4095-43f7-bffb-64e2af8c026e,41.040130226691744,21.340138519731564,noise_dba,28
2026-01-30T06:11:49+01:00,40f081a6-4095-43f7-bffb-64e2af8c026e,41.040130226691744,21.340138519731564,pm10,0
2026-01-30T06:11:49+01:00,40f081a6-4095-43f7-bffb-64e2af8c026e,41.040130226691744,21.340138519731564,pm25,0
2026-01-30T06:11:49+01:00,40f081a6-4095-43f7-bffb-64e2af8c026e,41.040130226691744,21.340138519731564,pressure,925
2026-01-30T06:11:49+01:00,40f081a6-4095-43f7-bffb-64e2af8c026e,41.040130226691744,21.340138519731564,temperature,8
2026-01-30T06:27:21+01:00,40f081a6-4095-43f7-bffb-64e2af8c026e,41.040130226691744,21.340138519731564,gasResistance,13007335
2026-01-30T06:27:21+01:00,40f081a6-4095-43f7-bffb-64e2af8c026e,41.040130226691744,21.340138519731564,humidity,61
2026-01-30T06:27:21+01:00,40f081a6-4095-43f7-bffb-64e2af8c026e,41.040130226691744,21.340138519731564,noise,16
2026-01-30T06:27:21+01:00,40f081a6-4095-43f7-bffb-64e2af8c026e,41.040130226691744,21.340138519731564,noise_dba,30
2026-01-30T06:27:21+01:00,40f081a6-4095-43f7-bffb-64e2af8c026e,41.040130226691744,21.340138519731564,pm10,0
2026-01-30T06:27:21+01:00,40f081a6-4095-43f7-bffb-64e2af8c026e,41.040130226691744,21.340138519731564,pm25,0
2026-01-30T06:27:21+01:00,40f081a6-4095-43f7-bffb-64e2af8c026e,41.040130226691744,21.340138519731564,pressure,925
2026-01-30T06:27:21+01:00,40f081a6-4095-43f7-bffb-64e2af8c026e,41.040130226691744,21.340138519731564,temperature,8
2026-01-30T06:42:53+01:00,40f081a6-4095-43f7-bffb-64e2af8c026e,41.040130226691744,21.340138519731564,gasResistance,13007335
2026-01-30T06:42:53+01:00,40f081a6-4095-43f7-bffb-64e2af8c026e,41.040130226691744,21.340138519731564,humidity,61
2026-01-30T06:42:53+01:00,40f081a6-4095-43f7-bffb-64e2af8c026e,41.040130226691744,21.340138519731564,noise,30
2026-01-30T06:42:53+01:00,40f081a6-4095-43f7-bffb-64e2af8c026e,41.040130226691744,21.340138519731564,noise_dba,40
2026-01-30T06:42:53+01:00,40f081a6-4095-43f7-bffb-64e2af8c026e,41.040130226691744,21.340138519731564,pm10,1
2026-01-30T06:42:53+01:00,40f081a6-4095-43f7-bffb-64e2af8c026e,41.040130226691744,21.340138519731564,pm25,0
2026-01-30T06:42:53+01:00,40f081a6-4095-43f7-bffb-64e2af8c026e,41.040130226691744,21.340138519731564,pressure,926
2026-01-30T06:42:53+01:00,40f081a6-4095-43f7-bffb-64e2af8c026e,41.040130226691744,21.340138519731564,temperature,8
2026-01-30T06:58:25+01:00,40f081a6-4095-43f7-bffb-64e2af8c026e,41.040130226691744,21.340138519731564,gasResistance,13007335
2026-01-30T06:58:25+01:00,40f081a6-4095-43f7-bffb-64e2af8c026e,41.040130226691744,21.340138519731564,humidity,60
2026-01-30T06:58:25+01:00,40f081a6-4095-43f7-bffb-64e2af8c026e,41.040130226691744,21.340138519731564,noise,24
2026-01-30T06:58:25+01:00,40f081a6-4095-43f7-bffb-64e2af8c026e,41.040130226691744,21.340138519731564,noise_dba,36
2026-01-30T06:58:25+01:00,40f081a6-4095-43f7-bffb-64e2af8c026e,41.040130226691744,21.340138519731564,pm10,1
2026-01-30T06:58:25+01:00,40f081a6-4095-43f7-bffb-64e2af8c026e,41.040130226691744,21.340138519731564,pm25,1
2026-01-30T06:58:25+01:00,40f081a6-4095-43f7-bffb-64e2af8c026e,41.040130226691744,21.340138519731564,pressure,926
2026-01-30T06:58:25+01:00,40f081a6-4095-43f7-bffb-64e2af8c026e,41.040130226691744,21.340138519731564,temperature,8
2026-01-30T07:13:57+01:00,40f081a6-4095-43f7-bffb-64e2af8c026e,41.040130226691744,21.340138519731564,gasResistance,13007335
2026-01-30T07:13:57+01:00,40f081a6-4095-43f7-bffb-64e2af8c026e,41.040130226691744,21.340138519731564,humidity,61
2026-01-30T07:13:57+01:00,40f081a6-4095-43f7-bffb-64e2af8c026e,41.040130226691744,21.340138519731564,noise,26
2026-01-30T07:13:57+01:00,40f081a6-4095-43f7-bffb-64e2af8c026e,41.040130226691744,21.340138519731564,noise_dba,38
2026-01-30T07:13:57+01:00,40f081a6-4095-43f7-bffb-64e2af8c026e,41.040130226691744,21.340138519731564,pm10,13
2026-01-30T07:13:57+01:00,40f081a6-4095-43f7-bffb-64e2af8c026e,41.040130226691744,21.340138519731564,pm25,8
2026-01-30T07:13:57+01:00,40f081a6-4095-43f7-bffb-64e2af8c026e,41.040130226691744,21.340138519731564,pressure,926
2026-01-30T07:13:57+01:00,40f081a6-4095-43f7-bffb-64e2af8c026e,41.040130226691744,21.340138519731564,temperature,8
2026-01-30T07:29:30+01:00,40f081a6-4095-43f7-bffb-64e2af8c026e,41.040130226691744,21.340138519731564,gasResistance,13007335
2026-01-30T07:29:30+01:00,40f081a6-4095-43f7-bffb-64e2af8c026e,41.040130226691744,21.340138519731564,humidity,62
2026-01-30T07:29:30+01:00,40f081a6-4095-43f7-bffb-64e2af8c026e,41.040130226691744,21.340138519731564,noise,28
2026-01-30T07:29:30+01:00,40f081a6-4095-43f7-bffb-64e2af8c026e,41.040130226691744,21.340138519731564,noise_dba,39
2026-01-30T07:29:30+01:00,40f081a6-4095-43f7-bffb-64e2af8c026e,41.040130226691744,21.340138519731564,pm10,8
2026-01-30T07:29:30+01:00,40f081a6-4095-43f7-bffb-64e2af8c026e,41.040130226691744,21.340138519731564,pm25,5
2026-01-30T07:29:30+01:00,40f081a6-4095-43f7-bffb-64e2af8c026e,41.040130226691744,21.340138519731564,pressure,926
2026-01-30T07:29:30+01:00,40f081a6-4095-43f7-bffb-64e2af8c026e,41.040130226691744,21.340138519731564,temperature,8
2026-01-30T07:45:02+01:00,40f081a6-4095-43f7-bffb-64e2af8c026e,41.040130226691744,21.340138519731564,gasResistance,13007335
2026-01-30T07:45:02+01:00,40f081a6-4095-43f7-bffb-64e2af8c026e,41.040130226691744,21.340138519731564,humidity,63
2026-01-30T07:45:02+01:00,40f081a6-4095-43f7-bffb-64e2af8c026e,41.040130226691744,21.340138519731564,noise,24
2026-01-30T07:45:02+01:00,40f081a6-4095-43f7-bffb-64e2af8c026e,41.040130226691744,21.340138519731564,noise_dba,36
2026-01-30T07:45:02+01:00,40f081a6-4095-43f7-bffb-64e2af8c026e,41.040130226691744,21.340138519731564,pm10,26
2026-01-30T07:45:02+01:00,40f081a6-4095-43f7-bffb-64e2af8c026e,41.040130226691744,21.340138519731564,pm25,15
2026-01-30T07:45:02+01:00,40f081a6-4095-43f7-bffb-64e2af8c026e,41.040130226691744,21.340138519731564,pressure,926
2026-01-30T07:45:02+01:00,40f081a6-4095-43f7-bffb-64e2af8c026e,41.040130226691744,21.340138519731564,temperature,8
2026-01-30T08:00:34+01:00,40f081a6-4095-43f7-bffb-64e2af8c026e,41.040130226691744,21.340138519731564,gasResistance,13007335
2026-01-30T08:00:34+01:00,40f081a6-4095-43f7-bffb-64e2af8c026e,41.040130226691744,21.340138519731564,humidity,63
2026-01-30T08:00:34+01:00,40f081a6-4095-43f7-bffb-64e2af8c026e,41.040130226691744,21.340138519731564,noise,18
2026-01-30T08:00:34+01:00,40f081a6-4095-43f7-bffb-64e2af8c026e,41.040130226691744,21.340138519731564,noise_dba,32
2026-01-30T08:00:34+01:00,40f081a6-4095-43f7-bffb-64e2af8c026e,41.040130226691744,21.340138519731564,pm10,21
2026-01-30T08:00:34+01:00,40f081a6-4095-43f7-bffb-64e2af8c026e,41.040130226691744,21.340138519731564,pm25,15
2026-01-30T08:00:34+01:00,40f081a6-4095-43f7-bffb-64e2af8c026e,41.040130226691744,21.340138519731564,pressure,926
2026-01-30T08:00:34+01:00,40f081a6-4095-43f7-bffb-64e2af8c026e,41.040130226691744,21.340138519731564,temperature,8
2026-01-30T08:16:07+01:00,40f081a6-4095-43f7-bffb-64e2af8c026e,41.040130226691744,21.340138519731564,gasResistance,13007335
2026-01-30T08:16:07+01:00,40f081a6-4095-43f7-bffb-64e2af8c026e,41.040130226691744,21.340138519731564,humidity,62
2026-01-30T08:16:07+01:00,40f081a6-4095-43f7-bffb-64e2af8c026e,41.040130226691744,21.340138519731564,noise,26
2026-01-30T08:16:07+01:00,40f081a6-4095-43f7-bffb-64e2af8c026e,41.040130226691744,21.340138519731564,noise_dba,38
2026-01-30T08:16:07+01:00,40f081a6-4095-43f7-bffb-64e2af8c026e,41.040130226691744,21.340138519731564,pm10,20
2026-01-30T08:16:07+01:00,40f081a6-4095-43f7-bffb-64e2af8c026e,41.040130226691744,21.340138519731564,pm25,14
2026-01-30T08:16:07+01:00,40f081a6-4095-43f7-bffb-64e2af8c026e,41.040130226691744,21.340138519731564,pressure,927
2026-01-30T08:16:07+01:00,40f081a6-4095-43f7-bffb-64e2af8c026e,41.040130226691744,21.340138519731564,temperature,8
2026-01-30T08:31:39+01:00,40f081a6-4095-43f7-bffb-64e2af8c026e,41.040130226691744,21.340138519731564,gasResistance,13007335
2026-01-30T08:31:39+01:00,40f081a6-4095-43f7-bffb-64e2af8c026e,41.040130226691744,21.340138519731564,humidity,60
2026-01-30T08:31:39+01:00,40f081a6-4095-43f7-bffb-64e2af8c026e,41.040130226691744,21.340138519731564,noise,29
2026-01-30T08:31:39+01:00,40f081a6-4095-43f7-bffb-64e2af8c026e,41.040130226691744,21.340138519731564,noise_dba,40
2026-01-30T08:31:39+01:00,40f081a6-4095-43f7-bffb-64e2af8c026e,41.040130226691744,21.340138519731564,pm10,15
2026-01-30T08:31:39+01:00,40f081a6-4095-43f7-bffb-64e2af8c026e,41.040130226691744,21.340138519731564,pm25,9
2026-01-30T08:31:39+01:00,40f081a6-4095-43f7-bffb-64e2af8c026e,41.040130226691744,21.340138519731564,pressure,927
2026-01-30T08:31:39+01:00,40f081a6-4095-43f7-bffb-64e2af8c026e,41.040130226691744,21.340138519731564,temperature,8
2026-01-30T08:47:11+01:00,40f081a6-4095-43f7-bffb-64e2af8c026e,41.040130226691744,21.340138519731564,gasResistance,13007335
2026-01-30T08:47:11+01:00,40f081a6-4095-43f7-bffb-64e2af8c026e,41.040130226691744,21.340138519731564,humidity,59
2026-01-30T08:47:11+01:00,40f081a6-4095-43f7-bffb-64e2af8c026e,41.040130226691744,21.340138519731564,noise,27
2026-01-30T08:47:11+01:00,40f081a6-4095-43f7-bffb-64e2af8c026e,41.040130226691744,21.340138519731564,noise_dba,38
2026-01-30T08:47:11+01:00,40f081a6-4095-43f7-bffb-64e2af8c026e,41.040130226691744,21.340138519731564,pm10,3
2026-01-30T08:47:11+01:00,40f081a6-4095-43f7-bffb-64e2af8c026e,41.040130226691744,21.340138519731564,pm25,2
2026-01-30T08:47:11+01:00,40f081a6-4095-43f7-bffb-64e2af8c026e,41.040130226691744,21.340138519731564,pressure,927
2026-01-30T08:47:11+01:00,40f081a6-4095-43f7-bffb-64e2af8c026e,41.040130226691744,21.340138519731564,temperature,9
2026-01-30T09:02:43+01:00,40f081a6-4095-43f7-bffb-64e2af8c026e,41.040130226691744,21.340138519731564,gasResistance,13007335
2026-01-30T09:02:43+01:00,40f081a6-4095-43f7-bffb-64e2af8c026e,41.040130226691744,21.340138519731564,humidity,61
2026-01-30T09:02:43+01:00,40f081a6-4095-43f7-bffb-64e2af8c026e,41.040130226691744,21.340138519731564,noise,18
2026-01-30T09:02:43+01:00,40f081a6-4095-43f7-bffb-64e2af8c026e,41.040130226691744,21.340138519731564,noise_dba,32
2026-01-30T09:02:43+01:00,40f081a6-4095-43f7-bffb-64e2af8c026e,41.040130226691744,21.340138519731564,pm10,7
2026-01-30T09:02:43+01:00,40f081a6-4095-43f7-bffb-64e2af8c026e,41.040130226691744,21.340138519731564,pm25,5
2026-01-30T09:02:43+01:00,40f081a6-4095-43f7-bffb-64e2af8c026e,41.040130226691744,21.340138519731564,pressure,927
2026-01-30T09:02:43+01:00,40f081a6-4095-43f7-bffb-64e2af8c026e,41.040130226691744,21.340138519731564,temperature,9
2026-01-30T09:18:15+01:00,40f081a6-4095-43f7-bffb-64e2af8c026e,41.040130226691744,21.340138519731564,gasResistance,13007335
2026-01-30T09:18:15+01:00,40f081a6-4095-43f7-bffb-64e2af8c026e,41.040130226691744,21.340138519731564,humidity,60
2026-01-30T09:18:15+01:00,40f081a6-4095-43f7-bffb-64e2af8c026e,41.040130226691744,21.340138519731564,noise,27
2026-01-30T09:18:15+01:00,40f081a6-4095-43f7-bffb-64e2af8c026e,41.040130226691744,21.340138519731564,noise_dba,38
2026-01-30T09:18:15+01:00,40f081a6-4095-43f7-bffb-64e2af8c026e,41.040130226691744,21.340138519731564,pm10,4
2026-01-30T09:18:15+01:00,40f081a6-4095-43f7-bffb-64e2af8c026e,41.040130226691744,21.340138519731564,pm25,3
2026-01-30T09:18:15+01:00,40f081a6-4095-43f7-bffb-64e2af8c026e,41.040130226691744,21.340138519731564,pressure,927
2026-01-30T09:18:15+01:00,40f081a6-4095-43f7-bffb-64e2af8c026e,41.040130226691744,21.340138519731564,temperature,9
2026-01-30T09:33:48+01:00,40f081a6-4095-43f7-bffb-64e2af8c026e,41.040130226691744,21.340138519731564,gasResistance,13007335
2026-01-30T09:33:48+01:00,40f081a6-4095-43f7-bffb-64e2af8c026e,41.040130226691744,21.340138519731564,humidity,60
2026-01-30T09:33:48+01:00,40f081a6-4095-43f7-bffb-64e2af8c026e,41.040130226691744,21.340138519731564,noise,31
2026-01-30T09:33:48+01:00,40f081a6-4095-43f7-bffb-64e2af8c026e,41.040130226691744,21.340138519731564,noise_dba,41
2026-01-30T09:33:48+01:00,40f081a6-4095-43f7-bffb-64e2af8c026e,41.040130226691744,21.340138519731564,pm10,20
2026-01-30T09:33:48+01:00,40f081a6-4095-43f7-bffb-64e2af8c026e,41.040130226691744,21.340138519731564,pm25,12
2026-01-30T09:33:48+01:00,40f081a6-4095-43f7-bffb-64e2af8c026e,41.040130226691744,21.340138519731564,pressure,928
2026-01-30T09:33:48+01:00,40f081a6-4095-43f7-bffb-64e2af8c026e,41.040130226691744,21.340138519731564,temperature,9
2026-01-30T09:49:20+01:00,40f081a6-4095-43f7-bffb-64e2af8c026e,41.040130226691744,21.340138519731564,gasResistance,13007335
2026-01-30T09:49:20+01:00,40f081a6-4095-43f7-bffb-64e2af8c026e,41.040130226691744,21.340138519731564,humidity,60
2026-01-30T09:49:20+01:00,40f081a6-4095-43f7-bffb-64e2af8c026e,41.040130226691744,21.340138519731564,noise,32
2026-01-30T09:49:20+01:00,40f081a6-4095-43f7-bffb-64e2af8c026e,41.040130226691744,21.340138519731564,noise_dba,41
2026-01-30T09:49:20+01:00,40f081a6-4095-43f7-bffb-64e2af8c026e,41.040130226691744,21.340138519731564,pm10,20
2026-01-30T09:49:20+01:00,40f081a6-4095-43f7-bffb-64e2af8c026e,41.040130226691744,21.340138519731564,pm25,14
2026-01-30T09:49:20+01:00,40f081a6-4095-43f7-bffb-64e2af8c026e,41.040130226691744,21.340138519731564,pressure,928
2026-01-30T09:49:20+01:00,40f081a6-4095-43f7-bffb-64e2af8c026e,41.040130226691744,21.340138519731564,temperature,9
2026-01-30T10:04:52+01:00,40f081a6-4095-43f7-bffb-64e2af8c026e,41.040130226691744,21.340138519731564,gasResistance,13007335
2026-01-30T10:04:52+01:00,40f081a6-4095-43f7-bffb-64e2af8c026e,41.040130226691744,21.340138519731564,humidity,61
2026-01-30T10:04:52+01:00,40f081a6-4095-43f7-bffb-64e2af8c026e,41.040130226691744,21.340138519731564,noise,23
2026-01-30T10:04:52+01:00,40f081a6-4095-43f7-bffb-64e2af8c026e,41.040130226691744,21.340138519731564,noise_dba,36
2026-01-30T10:04:52+01:00,40f081a6-4095-43f7-bffb-64e2af8c026e,41.040130226691744,21.340138519731564,pm10,16
2026-01-30T10:04:52+01:00,40f081a6-4095-43f7-bffb-64e2af8c026e,41.040130226691744,21.340138519731564,pm25,13
2026-01-30T10:04:52+01:00,40f081a6-4095-43f7-bffb-64e2af8c026e,41.040130226691744,21.340138519731564,pressure,928
2026-01-30T10:04:52+01:00,40f081a6-4095-43f7-bffb-64e2af8c026e,41.040130226691744,21.340138519731564,temperature,9
2026-01-30T10:20:25+01:00,40f081a6-4095-43f7-bffb-64e2af8c026e,41.040130226691744,21.340138519731564,gasResistance,13007335
2026-01-30T10:20:25+01:00,40f081a6-4095-43f7-bffb-64e2af8c026e,41.040130226691744,21.340138519731564,humidity,60
2026-01-30T10:20:25+01:00,40f081a6-4095-43f7-bffb-64e2af8c026e,41.040130226691744,21.340138519731564,noise,26
2026-01-30T10:20:25+01:00,40f081a6-4095-43f7-bffb-64e2af8c026e,41.040130226691744,21.340138519731564,noise_dba,38
2026-01-30T10:20:25+01:00,40f081a6-4095-43f7-bffb-64e2af8c026e,41.040130226691744,21.340138519731564,pm10,25
2026-01-30T10:20:25+01:00,40f081a6-4095-43f7-bffb-64e2af8c026e,41.040130226691744,21.340138519731564,pm25,12
2026-01-30T10:20:25+01:00,40f081a6-4095-43f7-bffb-64e2af8c026e,41.040130226691744,21.340138519731564,pressure,928
2026-01-30T10:20:25+01:00,40f081a6-4095-43f7-bffb-64e2af8c026e,41.040130226691744,21.340138519731564,temperature,9
2026-01-30T10:35:57+01:00,40f081a6-4095-43f7-bffb-64e2af8c026e,41.040130226691744,21.340138519731564,gasResistance,13007335
2026-01-30T10:35:57+01:00,40f081a6-4095-43f7-bffb-64e2af8c026e,41.040130226691744,21.340138519731564,humidity,60
2026-01-30T10:35:57+01:00,40f081a6-4095-43f7-bffb-64e2af8c026e,41.040130226691744,21.340138519731564,noise,23
2026-01-30T10:35:57+01:00,40f081a6-4095-43f7-bffb-64e2af8c026e,41.040130226691744,21.340138519731564,noise_dba,36
2026-01-30T10:35:57+01:00,40f081a6-4095-43f7-bffb-64e2af8c026e,41.040130226691744,21.340138519731564,pm10,18
2026-01-30T10:35:57+01:00,40f081a6-4095-43f7-bffb-64e2af8c026e,41.040130226691744,21.340138519731564,pm25,9
2026-01-30T10:35:57+01:00,40f081a6-4095-43f7-bffb-64e2af8c026e,41.040130226691744,21.340138519731564,pressure,928
2026-01-30T10:35:57+01:00,40f081a6-4095-43f7-bffb-64e2af8c026e,41.040130226691744,21.340138519731564,temperature,10
2026-01-30T10:51:30+01:00,40f081a6-4095-43f7-bffb-64e2af8c026e,41.040130226691744,21.340138519731564,gasResistance,13007335
2026-01-30T10:51:30+01:00,40f081a6-4095-43f7-bffb-64e2af8c026e,41.040130226691744,21.340138519731564,humidity,58
2026-01-30T10:51:30+01:00,40f081a6-4095-43f7-bffb-64e2af8c026e,41.040130226691744,21.340138519731564,noise,27
2026-01-30T10:51:30+01:00,40f081a6-4095-43f7-bffb-64e2af8c026e,41.040130226691744,21.340138519731564,noise_dba,38
2026-01-30T10:51:30+01:00,40f081a6-4095-43f7-bffb-64e2af8c026e,41.040130226691744,21.340138519731564,pm10,3
2026-01-30T10:51:30+01:00,40f081a6-4095-43f7-bffb-64e2af8c026e,41.040130226691744,21.340138519731564,pm25,2
2026-01-30T10:51:30+01:00,40f081a6-4095-43f7-bffb-64e2af8c026e,41.040130226691744,21.340138519731564,pressure,928
2026-01-30T10:51:30+01:00,40f081a6-4095-43f7-bffb-64e2af8c026e,41.040130226691744,21.340138519731564,temperature,10
2026-01-30T11:07:02+01:00,40f081a6-4095-43f7-bffb-64e2af8c026e,41.040130226691744,21.340138519731564,gasResistance,13007335
2026-01-30T11:07:02+01:00,40f081a6-4095-43f7-bffb-64e2af8c026e,41.040130226691744,21.340138519731564,humidity,59
2026-01-30T11:07:02+01:00,40f081a6-4095-43f7-bffb-64e2af8c026e,41.040130226691744,21.340138519731564,noise,27
2026-01-30T11:07:02+01:00,40f081a6-4095-43f7-bffb-64e2af8c026e,41.040130226691744,21.340138519731564,noise_dba,38
2026-01-30T11:07:02+01:00,40f081a6-4095-43f7-bffb-64e2af8c026e,41.040130226691744,21.340138519731564,pm10,2
2026-01-30T11:07:02+01:00,40f081a6-4095-43f7-bffb-64e2af8c026e,41.040130226691744,21.340138519731564,pm25,1
2026-01-30T11:07:02+01:00,40f081a6-4095-43f7-bffb-64e2af8c026e,41.040130226691744,21.340138519731564,pressure,928
2026-01-30T11:07:02+01:00,40f081a6-4095-43f7-bffb-64e2af8c026e,41.040130226691744,21.340138519731564,temperature,10
2026-01-30T11:22:34+01:00,40f081a6-4095-43f7-bffb-64e2af8c026e,41.040130226691744,21.340138519731564,gasResistance,13007335
2026-01-30T11:22:34+01:00,40f081a6-4095-43f7-bffb-64e2af8c026e,41.040130226691744,21.340138519731564,humidity,58
2026-01-30T11:22:34+01:00,40f081a6-4095-43f7-bffb-64e2af8c026e,41.040130226691744,21.340138519731564,noise,31
2026-01-30T11:22:34+01:00,40f081a6-4095-43f7-bffb-64e2af8c026e,41.040130226691744,21.340138519731564,noise_dba,41
2026-01-30T11:22:34+01:00,40f081a6-4095-43f7-bffb-64e2af8c026e,41.040130226691744,21.340138519731564,pm10,5
2026-01-30T11:22:34+01:00,40f081a6-4095-43f7-bffb-64e2af8c026e,41.040130226691744,21.340138519731564,pm25,2
2026-01-30T11:22:34+01:00,40f081a6-4095-43f7-bffb-64e2af8c026e,41.040130226691744,21.340138519731564,pressure,928
2026-01-30T11:22:34+01:00,40f081a6-4095-43f7-bffb-64e2af8c026e,41.040130226691744,21.340138519731564,temperature,10
2026-01-30T11:38:06+01:00,40f081a6-4095-43f7-bffb-64e2af8c026e,41.040130226691744,21.340138519731564,gasResistance,13007335
2026-01-30T11:38:06+01:00,40f081a6-4095-43f7-bffb-64e2af8c026e,41.040130226691744,21.340138519731564,humidity,57
2026-01-30T11:38:06+01:00,40f081a6-4095-43f7-bffb-64e2af8c026e,41.040130226691744,21.340138519731564,noise,29
2026-01-30T11:38:06+01:00,40f081a6-4095-43f7-bffb-64e2af8c026e,41.040130226691744,21.340138519731564,noise_dba,40
2026-01-30T11:38:06+01:00,40f081a6-4095-43f7-bffb-64e2af8c026e,41.040130226691744,21.340138519731564,pm10,3
2026-01-30T11:38:06+01:00,40f081a6-4095-43f7-bffb-64e2af8c026e,41.040130226691744,21.340138519731564,pm25,1
2026-01-30T11:38:06+01:00,40f081a6-4095-43f7-bffb-64e2af8c026e,41.040130226691744,21.340138519731564,pressure,928
2026-01-30T11:38:06+01:00,40f081a6-4095-43f7-bffb-64e2af8c026e,41.040130226691744,21.340138519731564,temperature,11
2026-01-30T11:53:39+01:00,40f081a6-4095-43f7-bffb-64e2af8c026e,41.040130226691744,21.340138519731564,gasResistance,13007335
2026-01-30T11:53:39+01:00,40f081a6-4095-43f7-bffb-64e2af8c026e,41.040130226691744,21.340138519731564,humidity,57
2026-01-30T11:53:39+01:00,40f081a6-4095-43f7-bffb-64e2af8c026e,41.040130226691744,21.340138519731564,noise,20
2026-01-30T11:53:39+01:00,40f081a6-4095-43f7-bffb-64e2af8c026e,41.040130226691744,21.340138519731564,noise_dba,34
2026-01-30T11:53:39+01:00,40f081a6-4095-43f7-bffb-64e2af8c026e,41.040130226691744,21.340138519731564,pm10,7
2026-01-30T11:53:39+01:00,40f081a6-4095-43f7-bffb-64e2af8c026e,41.040130226691744,21.340138519731564,pm25,3
2026-01-30T11:53:39+01:00,40f081a6-4095-43f7-bffb-64e2af8c026e,41.040130226691744,21.340138519731564,pressure,928
2026-01-30T11:53:39+01:00,40f081a6-4095-43f7-bffb-64e2af8c026e,41.040130226691744,21.340138519731564,temperature,11
2026-01-30T12:09:11+01:00,40f081a6-4095-43f7-bffb-64e2af8c026e,41.040130226691744,21.340138519731564,gasResistance,13007335
2026-01-30T12:09:11+01:00,40f081a6-4095-43f7-bffb-64e2af8c026e,41.040130226691744,21.340138519731564,humidity,56
2026-01-30T12:09:11+01:00,40f081a6-4095-43f7-bffb-64e2af8c026e,41.040130226691744,21.340138519731564,noise,23
2026-01-30T12:09:11+01:00,40f081a6-4095-43f7-bffb-64e2af8c026e,41.040130226691744,21.340138519731564,noise_dba,36
2026-01-30T12:09:11+01:00,40f081a6-4095-43f7-bffb-64e2af8c026e,41.040130226691744,21.340138519731564,pm10,4
2026-01-30T12:09:11+01:00,40f081a6-4095-43f7-bffb-64e2af8c026e,41.040130226691744,21.340138519731564,pm25,2
2026-01-30T12:09:11+01:00,40f081a6-4095-43f7-bffb-64e2af8c026e,41.040130226691744,21.340138519731564,pressure,928
2026-01-30T12:09:11+01:00,40f081a6-4095-43f7-bffb-64e2af8c026e,41.040130226691744,21.340138519731564,temperature,11
2026-01-30T12:24:44+01:00,40f081a6-4095-43f7-bffb-64e2af8c026e,41.040130226691744,21.340138519731564,gasResistance,13007335
2026-01-30T12:24:44+01:00,40f081a6-4095-43f7-bffb-64e2af8c026e,41.040130226691744,21.340138519731564,humidity,56
2026-01-30T12:24:44+01:00,40f081a6-4095-43f7-bffb-64e2af8c026e,41.040130226691744,21.340138519731564,noise,20
2026-01-30T12:24:44+01:00,40f081a6-4095-43f7-bffb-64e2af8c026e,41.040130226691744,21.340138519731564,noise_dba,34
2026-01-30T12:24:44+01:00,40f081a6-4095-43f7-bffb-64e2af8c026e,41.040130226691744,21.340138519731564,pm10,11
2026-01-30T12:24:44+01:00,40f081a6-4095-43f7-bffb-64e2af8c026e,41.040130226691744,21.340138519731564,pm25,5
2026-01-30T12:24:44+01:00,40f081a6-4095-43f7-bffb-64e2af8c026e,41.040130226691744,21.340138519731564,pressure,928
2026-01-30T12:24:44+01:00,40f081a6-4095-43f7-bffb-64e2af8c026e,41.040130226691744,21.340138519731564,temperature,12
2026-01-30T12:40:17+01:00,40f081a6-4095-43f7-bffb-64e2af8c026e,41.040130226691744,21.340138519731564,gasResistance,13007335
2026-01-30T12:40:17+01:00,40f081a6-4095-43f7-bffb-64e2af8c026e,41.040130226691744,21.340138519731564,humidity,55
2026-01-30T12:40:17+01:00,40f081a6-4095-43f7-bffb-64e2af8c026e,41.040130226691744,21.340138519731564,noise,22
2026-01-30T12:40:17+01:00,40f081a6-4095-43f7-bffb-64e2af8c026e,41.040130226691744,21.340138519731564,noise_dba,35
2026-01-30T12:40:17+01:00,40f081a6-4095-43f7-bffb-64e2af8c026e,41.040130226691744,21.340138519731564,pm10,6
2026-01-30T12:40:17+01:00,40f081a6-4095-43f7-bffb-64e2af8c026e,41.040130226691744,21.340138519731564,pm25,4
2026-01-30T12:40:17+01:00,40f081a6-4095-43f7-bffb-64e2af8c026e,41.040130226691744,21.340138519731564,pressure,928
2026-01-30T12:40:17+01:00,40f081a6-4095-43f7-bffb-64e2af8c026e,41.040130226691744,21.340138519731564,temperature,12
2026-01-30T12:55:49+01:00,40f081a6-4095-43f7-bffb-64e2af8c026e,41.040130226691744,21.340138519731564,gasResistance,13007335
2026-01-30T12:55:49+01:00,40f081a6-4095-43f7-bffb-64e2af8c026e,41.040130226691744,21.340138519731564,humidity,55
2026-01-30T12:55:49+01:00,40f081a6-4095-43f7-bffb-64e2af8c026e,41.040130226691744,21.340138519731564,noise,32
2026-01-30T12:55:49+01:00,40f081a6-4095-43f7-bffb-64e2af8c026e,41.040130226691744,21.340138519731564,noise_dba,41
2026-01-30T12:55:49+01:00,40f081a6-4095-43f7-bffb-64e2af8c026e,41.040130226691744,21.340138519731564,pm10,4
2026-01-30T12:55:49+01:00,40f081a6-4095-43f7-bffb-64e2af8c026e,41.040130226691744,21.340138519731564,pm25,3
2026-01-30T12:55:49+01:00,40f081a6-4095-43f7-bffb-64e2af8c026e,41.040130226691744,21.340138519731564,pressure,928
2026-01-30T12:55:49+01:00,40f081a6-4095-43f7-bffb-64e2af8c026e,41.040130226691744,21.340138519731564,temperature,12
2026-01-30T13:11:22+01:00,40f081a6-4095-43f7-bffb-64e2af8c026e,41.040130226691744,21.340138519731564,gasResistance,13007335
2026-01-30T13:11:22+01:00,40f081a6-4095-43f7-bffb-64e2af8c026e,41.040130226691744,21.340138519731564,humidity,53
2026-01-30T13:11:22+01:00,40f081a6-4095-43f7-bffb-64e2af8c026e,41.040130226691744,21.340138519731564,noise,27
2026-01-30T13:11:22+01:00,40f081a6-4095-43f7-bffb-64e2af8c026e,41.040130226691744,21.340138519731564,noise_dba,38
2026-01-30T13:11:22+01:00,40f081a6-4095-43f7-bffb-64e2af8c026e,41.040130226691744,21.340138519731564,pm10,3
2026-01-30T13:11:22+01:00,40f081a6-4095-43f7-bffb-64e2af8c026e,41.040130226691744,21.340138519731564,pm25,3
2026-01-30T13:11:22+01:00,40f081a6-4095-43f7-bffb-64e2af8c026e,41.040130226691744,21.340138519731564,pressure,927
2026-01-30T13:11:22+01:00,40f081a6-4095-43f7-bffb-64e2af8c026e,41.040130226691744,21.340138519731564,temperature,12
2026-01-30T13:26:54+01:00,40f081a6-4095-43f7-bffb-64e2af8c026e,41.040130226691744,21.340138519731564,gasResistance,13007335
2026-01-30T13:26:54+01:00,40f081a6-4095-43f7-bffb-64e2af8c026e,41.040130226691744,21.340138519731564,humidity,51
2026-01-30T13:26:54+01:00,40f081a6-4095-43f7-bffb-64e2af8c026e,41.040130226691744,21.340138519731564,noise,18
2026-01-30T13:26:54+01:00,40f081a6-4095-43f7-bffb-64e2af8c026e,41.040130226691744,21.340138519731564,noise_dba,32
2026-01-30T13:26:54+01:00,40f081a6-4095-43f7-bffb-64e2af8c026e,41.040130226691744,21.340138519731564,pm10,1
2026-01-30T13:26:54+01:00,40f081a6-4095-43f7-bffb-64e2af8c026e,41.040130226691744,21.340138519731564,pm25,1
2026-01-30T13:26:54+01:00,40f081a6-4095-43f7-bffb-64e2af8c026e,41.040130226691744,21.340138519731564,pressure,927
2026-01-30T13:26:54+01:00,40f081a6-4095-43f7-bffb-64e2af8c026e,41.040130226691744,21.340138519731564,temperature,13
2026-01-30T13:42:26+01:00,40f081a6-4095-43f7-bffb-64e2af8c026e,41.040130226691744,21.340138519731564,gasResistance,13007335
2026-01-30T13:42:26+01:00,40f081a6-4095-43f7-bffb-64e2af8c026e,41.040130226691744,21.340138519731564,humidity,49
2026-01-30T13:42:26+01:00,40f081a6-4095-43f7-bffb-64e2af8c026e,41.040130226691744,21.340138519731564,noise,18
2026-01-30T13:42:26+01:00,40f081a6-4095-43f7-bffb-64e2af8c026e,41.040130226691744,21.340138519731564,noise_dba,32
2026-01-30T13:42:26+01:00,40f081a6-4095-43f7-bffb-64e2af8c026e,41.040130226691744,21.340138519731564,pm10,7
2026-01-30T13:42:26+01:00,40f081a6-4095-43f7-bffb-64e2af8c026e,41.040130226691744,21.340138519731564,pm25,4
2026-01-30T13:42:26+01:00,40f081a6-4095-43f7-bffb-64e2af8c026e,41.040130226691744,21.340138519731564,pressure,927
2026-01-30T13:42:26+01:00,40f081a6-4095-43f7-bffb-64e2af8c026e,41.040130226691744,21.340138519731564,temperature,13
2026-01-30T13:57:58+01:00,40f081a6-4095-43f7-bffb-64e2af8c026e,41.040130226691744,21.340138519731564,gasResistance,13007335
2026-01-30T13:57:58+01:00,40f081a6-4095-43f7-bffb-64e2af8c026e,41.040130226691744,21.340138519731564,humidity,54
2026-01-30T13:57:58+01:00,40f081a6-4095-43f7-bffb-64e2af8c026e,41.040130226691744,21.340138519731564,noise,20
2026-01-30T13:57:58+01:00,40f081a6-4095-43f7-bffb-64e2af8c026e,41.040130226691744,21.340138519731564,noise_dba,34
2026-01-30T13:57:58+01:00,40f081a6-4095-43f7-bffb-64e2af8c026e,41.040130226691744,21.340138519731564,pm10,7
2026-01-30T13:57:58+01:00,40f081a6-4095-43f7-bffb-64e2af8c026e,41.040130226691744,21.340138519731564,pm25,5
2026-01-30T13:57:58+01:00,40f081a6-4095-43f7-bffb-64e2af8c026e,41.040130226691744,21.340138519731564,pressure,927
2026-01-30T13:57:58+01:00,40f081a6-4095-43f7-bffb-64e2af8c026e,41.040130226691744,21.340138519731564,temperature,13
2026-01-30T14:13:31+01:00,40f081a6-4095-43f7-bffb-64e2af8c026e,41.040130226691744,21.340138519731564,gasResistance,13007335
2026-01-30T14:13:31+01:00,40f081a6-4095-43f7-bffb-64e2af8c026e,41.040130226691744,21.340138519731564,humidity,50
2026-01-30T14:13:31+01:00,40f081a6-4095-43f7-bffb-64e2af8c026e,41.040130226691744,21.340138519731564,noise,23
2026-01-30T14:13:31+01:00,40f081a6-4095-43f7-bffb-64e2af8c026e,41.040130226691744,21.340138519731564,noise_dba,36
2026-01-30T14:13:31+01:00,40f081a6-4095-43f7-bffb-64e2af8c026e,41.040130226691744,21.340138519731564,pm10,3
2026-01-30T14:13:31+01:00,40f081a6-4095-43f7-bffb-64e2af8c026e,41.040130226691744,21.340138519731564,pm25,2
2026-01-30T14:13:31+01:00,40f081a6-4095-43f7-bffb-64e2af8c026e,41.040130226691744,21.340138519731564,pressure,927
2026-01-30T14:13:31+01:00,40f081a6-4095-43f7-bffb-64e2af8c026e,41.040130226691744,21.340138519731564,temperature,13
2026-01-30T14:29:03+01:00,40f081a6-4095-43f7-bffb-64e2af8c026e,41.040130226691744,21.340138519731564,gasResistance,13007335
2026-01-30T14:29:03+01:00,40f081a6-4095-43f7-bffb-64e2af8c026e,41.040130226691744,21.340138519731564,humidity,48
2026-01-30T14:29:03+01:00,40f081a6-4095-43f7-bffb-64e2af8c026e,41.040130226691744,21.340138519731564,noise,27
2026-01-30T14:29:03+01:00,40f081a6-4095-43f7-bffb-64e2af8c026e,41.040130226691744,21.340138519731564,noise_dba,38
2026-01-30T14:29:03+01:00,40f081a6-4095-43f7-bffb-64e2af8c026e,41.040130226691744,21.340138519731564,pm10,12
2026-01-30T14:29:03+01:00,40f081a6-4095-43f7-bffb-64e2af8c026e,41.040130226691744,21.340138519731564,pm25,6
2026-01-30T14:29:03+01:00,40f081a6-4095-43f7-bffb-64e2af8c026e,41.040130226691744,21.340138519731564,pressure,927
2026-01-30T14:29:03+01:00,40f081a6-4095-43f7-bffb-64e2af8c026e,41.040130226691744,21.340138519731564,temperature,12
2026-01-30T14:44:36+01:00,40f081a6-4095-43f7-bffb-64e2af8c026e,41.040130226691744,21.340138519731564,gasResistance,13007335
2026-01-30T14:44:36+01:00,40f081a6-4095-43f7-bffb-64e2af8c026e,41.040130226691744,21.340138519731564,humidity,55
2026-01-30T14:44:36+01:00,40f081a6-4095-43f7-bffb-64e2af8c026e,41.040130226691744,21.340138519731564,noise,25
2026-01-30T14:44:36+01:00,40f081a6-4095-43f7-bffb-64e2af8c026e,41.040130226691744,21.340138519731564,noise_dba,37
2026-01-30T14:44:36+01:00,40f081a6-4095-43f7-bffb-64e2af8c026e,41.040130226691744,21.340138519731564,pm10,11
2026-01-30T14:44:36+01:00,40f081a6-4095-43f7-bffb-64e2af8c026e,41.040130226691744,21.340138519731564,pm25,4
2026-01-30T14:44:36+01:00,40f081a6-4095-43f7-bffb-64e2af8c026e,41.040130226691744,21.340138519731564,pressure,927
2026-01-30T14:44:36+01:00,40f081a6-4095-43f7-bffb-64e2af8c026e,41.040130226691744,21.340138519731564,temperature,12
2026-01-30T15:00:08+01:00,40f081a6-4095-43f7-bffb-64e2af8c026e,41.040130226691744,21.340138519731564,gasResistance,13007335
2026-01-30T15:00:08+01:00,40f081a6-4095-43f7-bffb-64e2af8c026e,41.040130226691744,21.340138519731564,humidity,52
2026-01-30T15:00:08+01:00,40f081a6-4095-43f7-bffb-64e2af8c026e,41.040130226691744,21.340138519731564,noise,20
2026-01-30T15:00:08+01:00,40f081a6-4095-43f7-bffb-64e2af8c026e,41.040130226691744,21.340138519731564,noise_dba,34
2026-01-30T15:00:08+01:00,40f081a6-4095-43f7-bffb-64e2af8c026e,41.040130226691744,21.340138519731564,pm10,7
2026-01-30T15:00:08+01:00,40f081a6-4095-43f7-bffb-64e2af8c026e,41.040130226691744,21.340138519731564,pm25,3
2026-01-30T15:00:08+01:00,40f081a6-4095-43f7-bffb-64e2af8c026e,41.040130226691744,21.340138519731564,pressure,927
2026-01-30T15:00:08+01:00,40f081a6-4095-43f7-bffb-64e2af8c026e,41.040130226691744,21.340138519731564,temperature,12
2026-01-30T15:15:40+01:00,40f081a6-4095-43f7-bffb-64e2af8c026e,41.040130226691744,21.340138519731564,gasResistance,13007335
2026-01-30T15:15:40+01:00,40f081a6-4095-43f7-bffb-64e2af8c026e,41.040130226691744,21.340138519731564,humidity,53
2026-01-30T15:15:40+01:00,40f081a6-4095-43f7-bffb-64e2af8c026e,41.040130226691744,21.340138519731564,noise,24
2026-01-30T15:15:40+01:00,40f081a6-4095-43f7-bffb-64e2af8c026e,41.040130226691744,21.340138519731564,noise_dba,36
2026-01-30T15:15:40+01:00,40f081a6-4095-43f7-bffb-64e2af8c026e,41.040130226691744,21.340138519731564,pm10,10
2026-01-30T15:15:40+01:00,40f081a6-4095-43f7-bffb-64e2af8c026e,41.040130226691744,21.340138519731564,pm25,6
2026-01-30T15:15:40+01:00,40f081a6-4095-43f7-bffb-64e2af8c026e,41.040130226691744,21.340138519731564,pressure,927
2026-01-30T15:15:40+01:00,40f081a6-4095-43f7-bffb-64e2af8c026e,41.040130226691744,21.340138519731564,temperature,12
2026-01-30T15:31:12+01:00,40f081a6-4095-43f7-bffb-64e2af8c026e,41.040130226691744,21.340138519731564,gasResistance,13007335
2026-01-30T15:31:12+01:00,40f081a6-4095-43f7-bffb-64e2af8c026e,41.040130226691744,21.340138519731564,humidity,53
2026-01-30T15:31:12+01:00,40f081a6-4095-43f7-bffb-64e2af8c026e,41.040130226691744,21.340138519731564,noise,22
2026-01-30T15:31:12+01:00,40f081a6-4095-43f7-bffb-64e2af8c026e,41.040130226691744,21.340138519731564,noise_dba,35
2026-01-30T15:31:12+01:00,40f081a6-4095-43f7-bffb-64e2af8c026e,41.040130226691744,21.340138519731564,pm10,2
2026-01-30T15:31:12+01:00,40f081a6-4095-43f7-bffb-64e2af8c026e,41.040130226691744,21.340138519731564,pm25,2
2026-01-30T15:31:12+01:00,40f081a6-4095-43f7-bffb-64e2af8c026e,41.040130226691744,21.340138519731564,pressure,927
2026-01-30T15:31:12+01:00,40f081a6-4095-43f7-bffb-64e2af8c026e,41.040130226691744,21.340138519731564,temperature,12
2026-01-30T15:46:44+01:00,40f081a6-4095-43f7-bffb-64e2af8c026e,41.040130226691744,21.340138519731564,gasResistance,13007335
2026-01-30T15:46:44+01:00,40f081a6-4095-43f7-bffb-64e2af8c026e,41.040130226691744,21.340138519731564,humidity,53
2026-01-30T15:46:44+01:00,40f081a6-4095-43f7-bffb-64e2af8c026e,41.040130226691744,21.340138519731564,noise,21
2026-01-30T15:46:44+01:00,40f081a6-4095-43f7-bffb-64e2af8c026e,41.040130226691744,21.340138519731564,noise_dba,34
2026-01-30T15:46:44+01:00,40f081a6-4095-43f7-bffb-64e2af8c026e,41.040130226691744,21.340138519731564,pm10,6
2026-01-30T15:46:44+01:00,40f081a6-4095-43f7-bffb-64e2af8c026e,41.040130226691744,21.340138519731564,pm25,5
2026-01-30T15:46:44+01:00,40f081a6-4095-43f7-bffb-64e2af8c026e,41.040130226691744,21.340138519731564,pressure,927
2026-01-30T15:46:44+01:00,40f081a6-4095-43f7-bffb-64e2af8c026e,41.040130226691744,21.340138519731564,temperature,12
2026-01-30T16:02:17+01:00,40f081a6-4095-43f7-bffb-64e2af8c026e,41.040130226691744,21.340138519731564,gasResistance,13007335
2026-01-30T16:02:17+01:00,40f081a6-4095-43f7-bffb-64e2af8c026e,41.040130226691744,21.340138519731564,humidity,52
2026-01-30T16:02:17+01:00,40f081a6-4095-43f7-bffb-64e2af8c026e,41.040130226691744,21.340138519731564,noise,26
2026-01-30T16:02:17+01:00,40f081a6-4095-43f7-bffb-64e2af8c026e,41.040130226691744,21.340138519731564,noise_dba,38
2026-01-30T16:02:17+01:00,40f081a6-4095-43f7-bffb-64e2af8c026e,41.040130226691744,21.340138519731564,pm10,5
2026-01-30T16:02:17+01:00,40f081a6-4095-43f7-bffb-64e2af8c026e,41.040130226691744,21.340138519731564,pm25,2
2026-01-30T16:02:17+01:00,40f081a6-4095-43f7-bffb-64e2af8c026e,41.040130226691744,21.340138519731564,pressure,927
2026-01-30T16:02:17+01:00,40f081a6-4095-43f7-bffb-64e2af8c026e,41.040130226691744,21.340138519731564,temperature,12
2026-01-30T16:17:50+01:00,40f081a6-4095-43f7-bffb-64e2af8c026e,41.040130226691744,21.340138519731564,gasResistance,13007335
2026-01-30T16:17:50+01:00,40f081a6-4095-43f7-bffb-64e2af8c026e,41.040130226691744,21.340138519731564,humidity,54
2026-01-30T16:17:50+01:00,40f081a6-4095-43f7-bffb-64e2af8c026e,41.040130226691744,21.340138519731564,noise,20
2026-01-30T16:17:50+01:00,40f081a6-4095-43f7-bffb-64e2af8c026e,41.040130226691744,21.340138519731564,noise_dba,34
2026-01-30T16:17:50+01:00,40f081a6-4095-43f7-bffb-64e2af8c026e,41.040130226691744,21.340138519731564,pm10,5
2026-01-30T16:17:50+01:00,40f081a6-4095-43f7-bffb-64e2af8c026e,41.040130226691744,21.340138519731564,pm25,3
2026-01-30T16:17:50+01:00,40f081a6-4095-43f7-bffb-64e2af8c026e,41.040130226691744,21.340138519731564,pressure,927
2026-01-30T16:17:50+01:00,40f081a6-4095-43f7-bffb-64e2af8c026e,41.040130226691744,21.340138519731564,temperature,12
2026-01-30T16:33:22+01:00,40f081a6-4095-43f7-bffb-64e2af8c026e,41.040130226691744,21.340138519731564,gasResistance,13007335
2026-01-30T16:33:22+01:00,40f081a6-4095-43f7-bffb-64e2af8c026e,41.040130226691744,21.340138519731564,humidity,54
2026-01-30T16:33:22+01:00,40f081a6-4095-43f7-bffb-64e2af8c026e,41.040130226691744,21.340138519731564,noise,26
2026-01-30T16:33:22+01:00,40f081a6-4095-43f7-bffb-64e2af8c026e,41.040130226691744,21.340138519731564,noise_dba,38
2026-01-30T16:33:22+01:00,40f081a6-4095-43f7-bffb-64e2af8c026e,41.040130226691744,21.340138519731564,pm10,17
2026-01-30T16:33:22+01:00,40f081a6-4095-43f7-bffb-64e2af8c026e,41.040130226691744,21.340138519731564,pm25,9
2026-01-30T16:33:22+01:00,40f081a6-4095-43f7-bffb-64e2af8c026e,41.040130226691744,21.340138519731564,pressure,927
2026-01-30T16:33:22+01:00,40f081a6-4095-43f7-bffb-64e2af8c026e,41.040130226691744,21.340138519731564,temperature,11
2026-01-30T16:48:55+01:00,40f081a6-4095-43f7-bffb-64e2af8c026e,41.040130226691744,21.340138519731564,gasResistance,13007335
2026-01-30T16:48:55+01:00,40f081a6-4095-43f7-bffb-64e2af8c026e,41.040130226691744,21.340138519731564,humidity,53
2026-01-30T16:48:55+01:00,40f081a6-4095-43f7-bffb-64e2af8c026e,41.040130226691744,21.340138519731564,noise,26
2026-01-30T16:48:55+01:00,40f081a6-4095-43f7-bffb-64e2af8c026e,41.040130226691744,21.340138519731564,noise_dba,38
2026-01-30T16:48:55+01:00,40f081a6-4095-43f7-bffb-64e2af8c026e,41.040130226691744,21.340138519731564,pm10,25
2026-01-30T16:48:55+01:00,40f081a6-4095-43f7-bffb-64e2af8c026e,41.040130226691744,21.340138519731564,pm25,16
2026-01-30T16:48:55+01:00,40f081a6-4095-43f7-bffb-64e2af8c026e,41.040130226691744,21.340138519731564,pressure,927
2026-01-30T16:48:55+01:00,40f081a6-4095-43f7-bffb-64e2af8c026e,41.040130226691744,21.340138519731564,temperature,11
2026-01-30T17:04:28+01:00,40f081a6-4095-43f7-bffb-64e2af8c026e,41.040130226691744,21.340138519731564,gasResistance,13007335
2026-01-30T17:04:28+01:00,40f081a6-4095-43f7-bffb-64e2af8c026e,41.040130226691744,21.340138519731564,humidity,55
2026-01-30T17:04:28+01:00,40f081a6-4095-43f7-bffb-64e2af8c026e,41.040130226691744,21.340138519731564,noise,24
2026-01-30T17:04:28+01:00,40f081a6-4095-43f7-bffb-64e2af8c026e,41.040130226691744,21.340138519731564,noise_dba,36
2026-01-30T17:04:28+01:00,40f081a6-4095-43f7-bffb-64e2af8c026e,41.040130226691744,21.340138519731564,pm10,6
2026-01-30T17:04:28+01:00,40f081a6-4095-43f7-bffb-64e2af8c026e,41.040130226691744,21.340138519731564,pm25,3
2026-01-30T17:04:28+01:00,40f081a6-4095-43f7-bffb-64e2af8c026e,41.040130226691744,21.340138519731564,pressure,928
2026-01-30T17:04:28+01:00,40f081a6-4095-43f7-bffb-64e2af8c026e,41.040130226691744,21.340138519731564,temperature,11
2026-01-30T17:20:02+01:00,40f081a6-4095-43f7-bffb-64e2af8c026e,41.040130226691744,21.340138519731564,gasResistance,13007335
2026-01-30T17:20:02+01:00,40f081a6-4095-43f7-bffb-64e2af8c026e,41.040130226691744,21.340138519731564,humidity,56
2026-01-30T17:20:02+01:00,40f081a6-4095-43f7-bffb-64e2af8c026e,41.040130226691744,21.340138519731564,noise,17
2026-01-30T17:20:02+01:00,40f081a6-4095-43f7-bffb-64e2af8c026e,41.040130226691744,21.340138519731564,noise_dba,31
2026-01-30T17:20:02+01:00,40f081a6-4095-43f7-bffb-64e2af8c026e,41.040130226691744,21.340138519731564,pm10,14
2026-01-30T17:20:02+01:00,40f081a6-4095-43f7-bffb-64e2af8c026e,41.040130226691744,21.340138519731564,pm25,9
2026-01-30T17:20:02+01:00,40f081a6-4095-43f7-bffb-64e2af8c026e,41.040130226691744,21.340138519731564,pressure,928
2026-01-30T17:20:02+01:00,40f081a6-4095-43f7-bffb-64e2af8c026e,41.040130226691744,21.340138519731564,temperature,11
2026-01-30T17:35:35+01:00,40f081a6-4095-43f7-bffb-64e2af8c026e,41.040130226691744,21.340138519731564,gasResistance,13007335
2026-01-30T17:35:35+01:00,40f081a6-4095-43f7-bffb-64e2af8c026e,41.040130226691744,21.340138519731564,humidity,57
2026-01-30T17:35:35+01:00,40f081a6-4095-43f7-bffb-64e2af8c026e,41.040130226691744,21.340138519731564,noise,18
2026-01-30T17:35:35+01:00,40f081a6-4095-43f7-bffb-64e2af8c026e,41.040130226691744,21.340138519731564,noise_dba,32
2026-01-30T17:35:35+01:00,40f081a6-4095-43f7-bffb-64e2af8c026e,41.040130226691744,21.340138519731564,pm10,2
2026-01-30T17:35:35+01:00,40f081a6-4095-43f7-bffb-64e2af8c026e,41.040130226691744,21.340138519731564,pm25,0
2026-01-30T17:35:35+01:00,40f081a6-4095-43f7-bffb-64e2af8c026e,41.040130226691744,21.340138519731564,pressure,928
2026-01-30T17:35:35+01:00,40f081a6-4095-43f7-bffb-64e2af8c026e,41.040130226691744,21.340138519731564,temperature,11
2026-01-30T17:51:08+01:00,40f081a6-4095-43f7-bffb-64e2af8c026e,41.040130226691744,21.340138519731564,gasResistance,13007335
2026-01-30T17:51:08+01:00,40f081a6-4095-43f7-bffb-64e2af8c026e,41.040130226691744,21.340138519731564,humidity,57
2026-01-30T17:51:08+01:00,40f081a6-4095-43f7-bffb-64e2af8c026e,41.040130226691744,21.340138519731564,noise,22
2026-01-30T17:51:08+01:00,40f081a6-4095-43f7-bffb-64e2af8c026e,41.040130226691744,21.340138519731564,noise_dba,35
2026-01-30T17:51:08+01:00,40f081a6-4095-43f7-bffb-64e2af8c026e,41.040130226691744,21.340138519731564,pm10,17
2026-01-30T17:51:08+01:00,40f081a6-4095-43f7-bffb-64e2af8c026e,41.040130226691744,21.340138519731564,pm25,9
2026-01-30T17:51:08+01:00,40f081a6-4095-43f7-bffb-64e2af8c026e,41.040130226691744,21.340138519731564,pressure,928
2026-01-30T17:51:08+01:00,40f081a6-4095-43f7-bffb-64e2af8c026e,41.040130226691744,21.340138519731564,temperature,10
2026-01-30T18:06:41+01:00,40f081a6-4095-43f7-bffb-64e2af8c026e,41.040130226691744,21.340138519731564,gasResistance,13007335
2026-01-30T18:06:41+01:00,40f081a6-4095-43f7-bffb-64e2af8c026e,41.040130226691744,21.340138519731564,humidity,57
2026-01-30T18:06:41+01:00,40f081a6-4095-43f7-bffb-64e2af8c026e,41.040130226691744,21.340138519731564,noise,15
2026-01-30T18:06:41+01:00,40f081a6-4095-43f7-bffb-64e2af8c026e,41.040130226691744,21.340138519731564,noise_dba,29
2026-01-30T18:06:41+01:00,40f081a6-4095-43f7-bffb-64e2af8c026e,41.040130226691744,21.340138519731564,pm10,1
2026-01-30T18:06:41+01:00,40f081a6-4095-43f7-bffb-64e2af8c026e,41.040130226691744,21.340138519731564,pm25,0
2026-01-30T18:06:41+01:00,40f081a6-4095-43f7-bffb-64e2af8c026e,41.040130226691744,21.340138519731564,pressure,928
2026-01-30T18:06:41+01:00,40f081a6-4095-43f7-bffb-64e2af8c026e,41.040130226691744,21.340138519731564,temperature,10
2026-01-30T18:22:14+01:00,40f081a6-4095-43f7-bffb-64e2af8c026e,41.040130226691744,21.340138519731564,gasResistance,13007335
2026-01-30T18:22:14+01:00,40f081a6-4095-43f7-bffb-64e2af8c026e,41.040130226691744,21.340138519731564,humidity,57
2026-01-30T18:22:14+01:00,40f081a6-4095-43f7-bffb-64e2af8c026e,41.040130226691744,21.340138519731564,noise,15
2026-01-30T18:22:14+01:00,40f081a6-4095-43f7-bffb-64e2af8c026e,41.040130226691744,21.340138519731564,noise_dba,29
2026-01-30T18:22:14+01:00,40f081a6-4095-43f7-bffb-64e2af8c026e,41.040130226691744,21.340138519731564,pm10,44
2026-01-30T18:22:14+01:00,40f081a6-4095-43f7-bffb-64e2af8c026e,41.040130226691744,21.340138519731564,pm25,28
2026-01-30T18:22:14+01:00,40f081a6-4095-43f7-bffb-64e2af8c026e,41.040130226691744,21.340138519731564,pressure,928
2026-01-30T18:22:14+01:00,40f081a6-4095-43f7-bffb-64e2af8c026e,41.040130226691744,21.340138519731564,temperature,10
2026-01-30T18:37:46+01:00,40f081a6-4095-43f7-bffb-64e2af8c026e,41.040130226691744,21.340138519731564,gasResistance,13007335
2026-01-30T18:37:46+01:00,40f081a6-4095-43f7-bffb-64e2af8c026e,41.040130226691744,21.340138519731564,humidity,57
2026-01-30T18:37:46+01:00,40f081a6-4095-43f7-bffb-64e2af8c026e,41.040130226691744,21.340138519731564,noise,34
2026-01-30T18:37:46+01:00,40f081a6-4095-43f7-bffb-64e2af8c026e,41.040130226691744,21.340138519731564,noise_dba,42
2026-01-30T18:37:46+01:00,40f081a6-4095-43f7-bffb-64e2af8c026e,41.040130226691744,21.340138519731564,pm10,22
2026-01-30T18:37:46+01:00,40f081a6-4095-43f7-bffb-64e2af8c026e,41.040130226691744,21.340138519731564,pm25,14
2026-01-30T18:37:46+01:00,40f081a6-4095-43f7-bffb-64e2af8c026e,41.040130226691744,21.340138519731564,pressure,928
2026-01-30T18:37:46+01:00,40f081a6-4095-43f7-bffb-64e2af8c026e,41.040130226691744,21.340138519731564,temperature,10
2026-01-30T18:53:18+01:00,40f081a6-4095-43f7-bffb-64e2af8c026e,41.040130226691744,21.340138519731564,gasResistance,13007335
2026-01-30T18:53:18+01:00,40f081a6-4095-43f7-bffb-64e2af8c026e,41.040130226691744,21.340138519731564,humidity,58
2026-01-30T18:53:18+01:00,40f081a6-4095-43f7-bffb-64e2af8c026e,41.040130226691744,21.340138519731564,noise,35
2026-01-30T18:53:18+01:00,40f081a6-4095-43f7-bffb-64e2af8c026e,41.040130226691744,21.340138519731564,noise_dba,43
2026-01-30T18:53:18+01:00,40f081a6-4095-43f7-bffb-64e2af8c026e,41.040130226691744,21.340138519731564,pm10,31
2026-01-30T18:53:18+01:00,40f081a6-4095-43f7-bffb-64e2af8c026e,41.040130226691744,21.340138519731564,pm25,16
2026-01-30T18:53:18+01:00,40f081a6-4095-43f7-bffb-64e2af8c026e,41.040130226691744,21.340138519731564,pressure,928
2026-01-30T18:53:18+01:00,40f081a6-4095-43f7-bffb-64e2af8c026e,41.040130226691744,21.340138519731564,temperature,9
2026-01-30T19:08:51+01:00,40f081a6-4095-43f7-bffb-64e2af8c026e,41.040130226691744,21.340138519731564,gasResistance,13007335
2026-01-30T19:08:51+01:00,40f081a6-4095-43f7-bffb-64e2af8c026e,41.040130226691744,21.340138519731564,humidity,59
2026-01-30T19:08:51+01:00,40f081a6-4095-43f7-bffb-64e2af8c026e,41.040130226691744,21.340138519731564,noise,25
2026-01-30T19:08:51+01:00,40f081a6-4095-43f7-bffb-64e2af8c026e,41.040130226691744,21.340138519731564,noise_dba,37
2026-01-30T19:08:51+01:00,40f081a6-4095-43f7-bffb-64e2af8c026e,41.040130226691744,21.340138519731564,pm10,28
2026-01-30T19:08:51+01:00,40f081a6-4095-43f7-bffb-64e2af8c026e,41.040130226691744,21.340138519731564,pm25,18
2026-01-30T19:08:51+01:00,40f081a6-4095-43f7-bffb-64e2af8c026e,41.040130226691744,21.340138519731564,pressure,928
2026-01-30T19:08:51+01:00,40f081a6-4095-43f7-bffb-64e2af8c026e,41.040130226691744,21.340138519731564,temperature,9
2026-01-30T19:24:26+01:00,40f081a6-4095-43f7-bffb-64e2af8c026e,41.040130226691744,21.340138519731564,gasResistance,13007335
2026-01-30T19:24:26+01:00,40f081a6-4095-43f7-bffb-64e2af8c026e,41.040130226691744,21.340138519731564,humidity,58
2026-01-30T19:24:26+01:00,40f081a6-4095-43f7-bffb-64e2af8c026e,41.040130226691744,21.340138519731564,noise,27
2026-01-30T19:24:26+01:00,40f081a6-4095-43f7-bffb-64e2af8c026e,41.040130226691744,21.340138519731564,noise_dba,38
2026-01-30T19:24:26+01:00,40f081a6-4095-43f7-bffb-64e2af8c026e,41.040130226691744,21.340138519731564,pm10,21
2026-01-30T19:24:26+01:00,40f081a6-4095-43f7-bffb-64e2af8c026e,41.040130226691744,21.340138519731564,pm25,14
2026-01-30T19:24:26+01:00,40f081a6-4095-43f7-bffb-64e2af8c026e,41.040130226691744,21.340138519731564,pressure,928
2026-01-30T19:24:26+01:00,40f081a6-4095-43f7-bffb-64e2af8c026e,41.040130226691744,21.340138519731564,temperature,9
2026-01-30T19:39:59+01:00,40f081a6-4095-43f7-bffb-64e2af8c026e,41.040130226691744,21.340138519731564,gasResistance,13007335
2026-01-30T19:39:59+01:00,40f081a6-4095-43f7-bffb-64e2af8c026e,41.040130226691744,21.340138519731564,humidity,59
2026-01-30T19:39:59+01:00,40f081a6-4095-43f7-bffb-64e2af8c026e,41.040130226691744,21.340138519731564,noise,35
2026-01-30T19:39:59+01:00,40f081a6-4095-43f7-bffb-64e2af8c026e,41.040130226691744,21.340138519731564,noise_dba,43
2026-01-30T19:39:59+01:00,40f081a6-4095-43f7-bffb-64e2af8c026e,41.040130226691744,21.340138519731564,pm10,59
2026-01-30T19:39:59+01:00,40f081a6-4095-43f7-bffb-64e2af8c026e,41.040130226691744,21.340138519731564,pm25,39
2026-01-30T19:39:59+01:00,40f081a6-4095-43f7-bffb-64e2af8c026e,41.040130226691744,21.340138519731564,pressure,928
2026-01-30T19:39:59+01:00,40f081a6-4095-43f7-bffb-64e2af8c026e,41.040130226691744,21.340138519731564,temperature,8
2026-01-30T19:55:31+01:00,40f081a6-4095-43f7-bffb-64e2af8c026e,41.040130226691744,21.340138519731564,gasResistance,13007335
2026-01-30T19:55:31+01:00,40f081a6-4095-43f7-bffb-64e2af8c026e,41.040130226691744,21.340138519731564,humidity,59
2026-01-30T19:55:31+01:00,40f081a6-4095-43f7-bffb-64e2af8c026e,41.040130226691744,21.340138519731564,noise,20
2026-01-30T19:55:31+01:00,40f081a6-4095-43f7-bffb-64e2af8c026e,41.040130226691744,21.340138519731564,noise_dba,34
2026-01-30T19:55:31+01:00,40f081a6-4095-43f7-bffb-64e2af8c026e,41.040130226691744,21.340138519731564,pm10,80
2026-01-30T19:55:31+01:00,40f081a6-4095-43f7-bffb-64e2af8c026e,41.040130226691744,21.340138519731564,pm25,44
2026-01-30T19:55:31+01:00,40f081a6-4095-43f7-bffb-64e2af8c026e,41.040130226691744,21.340138519731564,pressure,928
2026-01-30T19:55:31+01:00,40f081a6-4095-43f7-bffb-64e2af8c026e,41.040130226691744,21.340138519731564,temperature,8
2026-01-30T20:11:04+01:00,40f081a6-4095-43f7-bffb-64e2af8c026e,41.040130226691744,21.340138519731564,gasResistance,13007335
2026-01-30T20:11:04+01:00,40f081a6-4095-43f7-bffb-64e2af8c026e,41.040130226691744,21.340138519731564,humidity,59
2026-01-30T20:11:04+01:00,40f081a6-4095-43f7-bffb-64e2af8c026e,41.040130226691744,21.340138519731564,noise,34
2026-01-30T20:11:04+01:00,40f081a6-4095-43f7-bffb-64e2af8c026e,41.040130226691744,21.340138519731564,noise_dba,42
2026-01-30T20:11:04+01:00,40f081a6-4095-43f7-bffb-64e2af8c026e,41.040130226691744,21.340138519731564,pm10,16
2026-01-30T20:11:04+01:00,40f081a6-4095-43f7-bffb-64e2af8c026e,41.040130226691744,21.340138519731564,pm25,11
2026-01-30T20:11:04+01:00,40f081a6-4095-43f7-bffb-64e2af8c026e,41.040130226691744,21.340138519731564,pressure,928
2026-01-30T20:11:04+01:00,40f081a6-4095-43f7-bffb-64e2af8c026e,41.040130226691744,21.340138519731564,temperature,8
2026-01-30T20:26:36+01:00,40f081a6-4095-43f7-bffb-64e2af8c026e,41.040130226691744,21.340138519731564,gasResistance,13007335
2026-01-30T20:26:36+01:00,40f081a6-4095-43f7-bffb-64e2af8c026e,41.040130226691744,21.340138519731564,humidity,58
2026-01-30T20:26:36+01:00,40f081a6-4095-43f7-bffb-64e2af8c026e,41.040130226691744,21.340138519731564,noise,31
2026-01-30T20:26:36+01:00,40f081a6-4095-43f7-bffb-64e2af8c026e,41.040130226691744,21.340138519731564,noise_dba,41
2026-01-30T20:26:36+01:00,40f081a6-4095-43f7-bffb-64e2af8c026e,41.040130226691744,21.340138519731564,pm10,8
2026-01-30T20:26:36+01:00,40f081a6-4095-43f7-bffb-64e2af8c026e,41.040130226691744,21.340138519731564,pm25,5
2026-01-30T20:26:36+01:00,40f081a6-4095-43f7-bffb-64e2af8c026e,41.040130226691744,21.340138519731564,pressure,928
2026-01-30T20:26:36+01:00,40f081a6-4095-43f7-bffb-64e2af8c026e,41.040130226691744,21.340138519731564,temperature,8
2026-01-30T20:42:08+01:00,40f081a6-4095-43f7-bffb-64e2af8c026e,41.040130226691744,21.340138519731564,gasResistance,13007335
2026-01-30T20:42:08+01:00,40f081a6-4095-43f7-bffb-64e2af8c026e,41.040130226691744,21.340138519731564,humidity,59
2026-01-30T20:42:08+01:00,40f081a6-4095-43f7-bffb-64e2af8c026e,41.040130226691744,21.340138519731564,noise,27
2026-01-30T20:42:08+01:00,40f081a6-4095-43f7-bffb-64e2af8c026e,41.040130226691744,21.340138519731564,noise_dba,38
2026-01-30T20:42:08+01:00,40f081a6-4095-43f7-bffb-64e2af8c026e,41.040130226691744,21.340138519731564,pm10,64
2026-01-30T20:42:08+01:00,40f081a6-4095-43f7-bffb-64e2af8c026e,41.040130226691744,21.340138519731564,pm25,38
2026-01-30T20:42:08+01:00,40f081a6-4095-43f7-bffb-64e2af8c026e,41.040130226691744,21.340138519731564,pressure,928
2026-01-30T20:42:08+01:00,40f081a6-4095-43f7-bffb-64e2af8c026e,41.040130226691744,21.340138519731564,temperature,8
2026-01-30T20:57:41+01:00,40f081a6-4095-43f7-bffb-64e2af8c026e,41.040130226691744,21.340138519731564,gasResistance,13007335
2026-01-30T20:57:41+01:00,40f081a6-4095-43f7-bffb-64e2af8c026e,41.040130226691744,21.340138519731564,humidity,60
2026-01-30T20:57:41+01:00,40f081a6-4095-43f7-bffb-64e2af8c026e,41.040130226691744,21.340138519731564,noise,26
2026-01-30T20:57:41+01:00,40f081a6-4095-43f7-bffb-64e2af8c026e,41.040130226691744,21.340138519731564,noise_dba,38
2026-01-30T20:57:41+01:00,40f081a6-4095-43f7-bffb-64e2af8c026e,41.040130226691744,21.340138519731564,pm10,50
2026-01-30T20:57:41+01:00,40f081a6-4095-43f7-bffb-64e2af8c026e,41.040130226691744,21.340138519731564,pm25,28
2026-01-30T20:57:41+01:00,40f081a6-4095-43f7-bffb-64e2af8c026e,41.040130226691744,21.340138519731564,pressure,929
2026-01-30T20:57:41+01:00,40f081a6-4095-43f7-bffb-64e2af8c026e,41.040130226691744,21.340138519731564,temperature,7
2026-01-30T21:13:13+01:00,40f081a6-4095-43f7-bffb-64e2af8c026e,41.040130226691744,21.340138519731564,gasResistance,13007335
2026-01-30T21:13:13+01:00,40f081a6-4095-43f7-bffb-64e2af8c026e,41.040130226691744,21.340138519731564,humidity,60
2026-01-30T21:13:13+01:00,40f081a6-4095-43f7-bffb-64e2af8c026e,41.040130226691744,21.340138519731564,noise,28
2026-01-30T21:13:13+01:00,40f081a6-4095-43f7-bffb-64e2af8c026e,41.040130226691744,21.340138519731564,noise_dba,39
2026-01-30T21:13:13+01:00,40f081a6-4095-43f7-bffb-64e2af8c026e,41.040130226691744,21.340138519731564,pm10,48
2026-01-30T21:13:13+01:00,40f081a6-4095-43f7-bffb-64e2af8c026e,41.040130226691744,21.340138519731564,pm25,27
2026-01-30T21:13:13+01:00,40f081a6-4095-43f7-bffb-64e2af8c026e,41.040130226691744,21.340138519731564,pressure,929
2026-01-30T21:13:13+01:00,40f081a6-4095-43f7-bffb-64e2af8c026e,41.040130226691744,21.340138519731564,temperature,7
2026-01-30T21:28:46+01:00,40f081a6-4095-43f7-bffb-64e2af8c026e,41.040130226691744,21.340138519731564,gasResistance,13007335
2026-01-30T21:28:46+01:00,40f081a6-4095-43f7-bffb-64e2af8c026e,41.040130226691744,21.340138519731564,humidity,60
2026-01-30T21:28:46+01:00,40f081a6-4095-43f7-bffb-64e2af8c026e,41.040130226691744,21.340138519731564,noise,29
2026-01-30T21:28:46+01:00,40f081a6-4095-43f7-bffb-64e2af8c026e,41.040130226691744,21.340138519731564,noise_dba,40
2026-01-30T21:28:46+01:00,40f081a6-4095-43f7-bffb-64e2af8c026e,41.040130226691744,21.340138519731564,pm10,29
2026-01-30T21:28:46+01:00,40f081a6-4095-43f7-bffb-64e2af8c026e,41.040130226691744,21.340138519731564,pm25,16
2026-01-30T21:28:46+01:00,40f081a6-4095-43f7-bffb-64e2af8c026e,41.040130226691744,21.340138519731564,pressure,929
2026-01-30T21:28:46+01:00,40f081a6-4095-43f7-bffb-64e2af8c026e,41.040130226691744,21.340138519731564,temperature,7
2026-01-30T21:44:18+01:00,40f081a6-4095-43f7-bffb-64e2af8c026e,41.040130226691744,21.340138519731564,gasResistance,13007335
2026-01-30T21:44:18+01:00,40f081a6-4095-43f7-bffb-64e2af8c026e,41.040130226691744,21.340138519731564,humidity,60
2026-01-30T21:44:18+01:00,40f081a6-4095-43f7-bffb-64e2af8c026e,41.040130226691744,21.340138519731564,noise,42
2026-01-30T21:44:18+01:00,40f081a6-4095-43f7-bffb-64e2af8c026e,41.040130226691744,21.340138519731564,noise_dba,45
2026-01-30T21:44:18+01:00,40f081a6-4095-43f7-bffb-64e2af8c026e,41.040130226691744,21.340138519731564,pm10,106
2026-01-30T21:44:18+01:00,40f081a6-4095-43f7-bffb-64e2af8c026e,41.040130226691744,21.340138519731564,pm25,64
2026-01-30T21:44:18+01:00,40f081a6-4095-43f7-bffb-64e2af8c026e,41.040130226691744,21.340138519731564,pressure,929
2026-01-30T21:44:18+01:00,40f081a6-4095-43f7-bffb-64e2af8c026e,41.040130226691744,21.340138519731564,temperature,7
2026-01-30T21:59:51+01:00,40f081a6-4095-43f7-bffb-64e2af8c026e,41.040130226691744,21.340138519731564,gasResistance,13007335
2026-01-30T21:59:51+01:00,40f081a6-4095-43f7-bffb-64e2af8c026e,41.040130226691744,21.340138519731564,humidity,60
2026-01-30T21:59:51+01:00,40f081a6-4095-43f7-bffb-64e2af8c026e,41.040130226691744,21.340138519731564,noise,34
2026-01-30T21:59:51+01:00,40f081a6-4095-43f7-bffb-64e2af8c026e,41.040130226691744,21.340138519731564,noise_dba,42
2026-01-30T21:59:51+01:00,40f081a6-4095-43f7-bffb-64e2af8c026e,41.040130226691744,21.340138519731564,pm10,48
2026-01-30T21:59:51+01:00,40f081a6-4095-43f7-bffb-64e2af8c026e,41.040130226691744,21.340138519731564,pm25,31
2026-01-30T21:59:51+01:00,40f081a6-4095-43f7-bffb-64e2af8c026e,41.040130226691744,21.340138519731564,pressure,929
2026-01-30T21:59:51+01:00,40f081a6-4095-43f7-bffb-64e2af8c026e,41.040130226691744,21.340138519731564,temperature,6
2026-01-30T22:15:23+01:00,40f081a6-4095-43f7-bffb-64e2af8c026e,41.040130226691744,21.340138519731564,gasResistance,13007335
2026-01-30T22:15:23+01:00,40f081a6-4095-43f7-bffb-64e2af8c026e,41.040130226691744,21.340138519731564,humidity,60
2026-01-30T22:15:23+01:00,40f081a6-4095-43f7-bffb-64e2af8c026e,41.040130226691744,21.340138519731564,noise,34
2026-01-30T22:15:23+01:00,40f081a6-4095-43f7-bffb-64e2af8c026e,41.040130226691744,21.340138519731564,noise_dba,42
2026-01-30T22:15:23+01:00,40f081a6-4095-43f7-bffb-64e2af8c026e,41.040130226691744,21.340138519731564,pm10,107
2026-01-30T22:15:23+01:00,40f081a6-4095-43f7-bffb-64e2af8c026e,41.040130226691744,21.340138519731564,pm25,63
2026-01-30T22:15:23+01:00,40f081a6-4095-43f7-bffb-64e2af8c026e,41.040130226691744,21.340138519731564,pressure,929
2026-01-30T22:15:23+01:00,40f081a6-4095-43f7-bffb-64e2af8c026e,41.040130226691744,21.340138519731564,temperature,6
2026-01-30T22:30:55+01:00,40f081a6-4095-43f7-bffb-64e2af8c026e,41.040130226691744,21.340138519731564,gasResistance,13007335
2026-01-30T22:30:55+01:00,40f081a6-4095-43f7-bffb-64e2af8c026e,41.040130226691744,21.340138519731564,humidity,60
2026-01-30T22:30:55+01:00,40f081a6-4095-43f7-bffb-64e2af8c026e,41.040130226691744,21.340138519731564,noise,23
2026-01-30T22:30:55+01:00,40f081a6-4095-43f7-bffb-64e2af8c026e,41.040130226691744,21.340138519731564,noise_dba,36
2026-01-30T22:30:55+01:00,40f081a6-4095-43f7-bffb-64e2af8c026e,41.040130226691744,21.340138519731564,pm10,31
2026-01-30T22:30:55+01:00,40f081a6-4095-43f7-bffb-64e2af8c026e,41.040130226691744,21.340138519731564,pm25,19
2026-01-30T22:30:55+01:00,40f081a6-4095-43f7-bffb-64e2af8c026e,41.040130226691744,21.340138519731564,pressure,929
2026-01-30T22:30:55+01:00,40f081a6-4095-43f7-bffb-64e2af8c026e,41.040130226691744,21.340138519731564,temperature,6
2026-01-30T22:46:28+01:00,40f081a6-4095-43f7-bffb-64e2af8c026e,41.040130226691744,21.340138519731564,gasResistance,13007335
2026-01-30T22:46:28+01:00,40f081a6-4095-43f7-bffb-64e2af8c026e,41.040130226691744,21.340138519731564,humidity,60
2026-01-30T22:46:28+01:00,40f081a6-4095-43f7-bffb-64e2af8c026e,41.040130226691744,21.340138519731564,noise,38
2026-01-30T22:46:28+01:00,40f081a6-4095-43f7-bffb-64e2af8c026e,41.040130226691744,21.340138519731564,noise_dba,44
2026-01-30T22:46:28+01:00,40f081a6-4095-43f7-bffb-64e2af8c026e,41.040130226691744,21.340138519731564,pm10,14
2026-01-30T22:46:28+01:00,40f081a6-4095-43f7-bffb-64e2af8c026e,41.040130226691744,21.340138519731564,pm25,8
2026-01-30T22:46:28+01:00,40f081a6-4095-43f7-bffb-64e2af8c026e,41.040130226691744,21.340138519731564,pressure,929
2026-01-30T22:46:28+01:00,40f081a6-4095-43f7-bffb-64e2af8c026e,41.040130226691744,21.340138519731564,temperature,6
2026-01-30T23:02:00+01:00,40f081a6-4095-43f7-bffb-64e2af8c026e,41.040130226691744,21.340138519731564,gasResistance,13007335
2026-01-30T23:02:00+01:00,40f081a6-4095-43f7-bffb-64e2af8c026e,41.040130226691744,21.340138519731564,humidity,60
2026-01-30T23:02:00+01:00,40f081a6-4095-43f7-bffb-64e2af8c026e,41.040130226691744,21.340138519731564,noise,20
2026-01-30T23:02:00+01:00,40f081a6-4095-43f7-bffb-64e2af8c026e,41.040130226691744,21.340138519731564,noise_dba,34
2026-01-30T23:02:00+01:00,40f081a6-4095-43f7-bffb-64e2af8c026e,41.040130226691744,21.340138519731564,pm10,31
2026-01-30T23:02:00+01:00,40f081a6-4095-43f7-bffb-64e2af8c026e,41.040130226691744,21.340138519731564,pm25,19
2026-01-30T23:02:00+01:00,40f081a6-4095-43f7-bffb-64e2af8c026e,41.040130226691744,21.340138519731564,pressure,929
2026-01-30T23:02:00+01:00,40f081a6-4095-43f7-bffb-64e2af8c026e,41.040130226691744,21.340138519731564,temperature,6
2026-01-30T23:17:32+01:00,40f081a6-4095-43f7-bffb-64e2af8c026e,41.040130226691744,21.340138519731564,gasResistance,13007335
2026-01-30T23:17:32+01:00,40f081a6-4095-43f7-bffb-64e2af8c026e,41.040130226691744,21.340138519731564,humidity,60
2026-01-30T23:17:32+01:00,40f081a6-4095-43f7-bffb-64e2af8c026e,41.040130226691744,21.340138519731564,noise,22
2026-01-30T23:17:32+01:00,40f081a6-4095-43f7-bffb-64e2af8c026e,41.040130226691744,21.340138519731564,noise_dba,35
2026-01-30T23:17:32+01:00,40f081a6-4095-43f7-bffb-64e2af8c026e,41.040130226691744,21.340138519731564,pm10,54
2026-01-30T23:17:32+01:00,40f081a6-4095-43f7-bffb-64e2af8c026e,41.040130226691744,21.340138519731564,pm25,32
2026-01-30T23:17:32+01:00,40f081a6-4095-43f7-bffb-64e2af8c026e,41.040130226691744,21.340138519731564,pressure,929
2026-01-30T23:17:32+01:00,40f081a6-4095-43f7-bffb-64e2af8c026e,41.040130226691744,21.340138519731564,temperature,6
2026-01-30T23:33:05+01:00,40f081a6-4095-43f7-bffb-64e2af8c026e,41.040130226691744,21.340138519731564,gasResistance,13007335
2026-01-30T23:33:05+01:00,40f081a6-4095-43f7-bffb-64e2af8c026e,41.040130226691744,21.340138519731564,humidity,59
2026-01-30T23:33:05+01:00,40f081a6-4095-43f7-bffb-64e2af8c026e,41.040130226691744,21.340138519731564,noise,30
2026-01-30T23:33:05+01:00,40f081a6-4095-43f7-bffb-64e2af8c026e,41.040130226691744,21.340138519731564,noise_dba,40
2026-01-30T23:33:05+01:00,40f081a6-4095-43f7-bffb-64e2af8c026e,41.040130226691744,21.340138519731564,pm10,2
2026-01-30T23:33:05+01:00,40f081a6-4095-43f7-bffb-64e2af8c026e,41.040130226691744,21.340138519731564,pm25,0
2026-01-30T23:33:05+01:00,40f081a6-4095-43f7-bffb-64e2af8c026e,41.040130226691744,21.340138519731564,pressure,929
2026-01-30T23:33:05+01:00,40f081a6-4095-43f7-bffb-64e2af8c026e,41.040130226691744,21.340138519731564,temperature,6
2026-01-30T23:48:37+01:00,40f081a6-4095-43f7-bffb-64e2af8c026e,41.040130226691744,21.340138519731564,gasResistance,13007335
2026-01-30T23:48:37+01:00,40f081a6-4095-43f7-bffb-64e2af8c026e,41.040130226691744,21.340138519731564,humidity,60
2026-01-30T23:48:37+01:00,40f081a6-4095-43f7-bffb-64e2af8c026e,41.040130226691744,21.340138519731564,noise,23
2026-01-30T23:48:37+01:00,40f081a6-4095-43f7-bffb-64e2af8c026e,41.040130226691744,21.340138519731564,noise_dba,36
2026-01-30T23:48:37+01:00,40f081a6-4095-43f7-bffb-64e2af8c026e,41.040130226691744,21.340138519731564,pm10,55
2026-01-30T23:48:37+01:00,40f081a6-4095-43f7-bffb-64e2af8c026e,41.040130226691744,21.340138519731564,pm25,31
2026-01-30T23:48:37+01:00,40f081a6-4095-43f7-bffb-64e2af8c026e,41.040130226691744,21.340138519731564,pressure,929
2026-01-30T23:48:37+01:00,40f081a6-4095-43f7-bffb-64e2af8c026e,41.040130226691744,21.340138519731564,temperature,6
2026-01-31T00:04:09+01:00,40f081a6-4095-43f7-bffb-64e2af8c026e,41.040130226691744,21.340138519731564,gasResistance,13007335
2026-01-31T00:04:09+01:00,40f081a6-4095-43f7-bffb-64e2af8c026e,41.040130226691744,21.340138519731564,humidity,60
2026-01-31T00:04:09+01:00,40f081a6-4095-43f7-bffb-64e2af8c026e,41.040130226691744,21.340138519731564,noise,37
2026-01-31T00:04:09+01:00,40f081a6-4095-43f7-bffb-64e2af8c026e,41.040130226691744,21.340138519731564,noise_dba,43
2026-01-31T00:04:09+01:00,40f081a6-4095-43f7-bffb-64e2af8c026e,41.040130226691744,21.340138519731564,pm10,32
2026-01-31T00:04:09+01:00,40f081a6-4095-43f7-bffb-64e2af8c026e,41.040130226691744,21.340138519731564,pm25,18
2026-01-31T00:04:09+01:00,40f081a6-4095-43f7-bffb-64e2af8c026e,41.040130226691744,21.340138519731564,pressure,929
2026-01-31T00:04:09+01:00,40f081a6-4095-43f7-bffb-64e2af8c026e,41.040130226691744,21.340138519731564,temperature,6
2026-01-31T00:19:41+01:00,40f081a6-4095-43f7-bffb-64e2af8c026e,41.040130226691744,21.340138519731564,gasResistance,13007335
2026-01-31T00:19:41+01:00,40f081a6-4095-43f7-bffb-64e2af8c026e,41.040130226691744,21.340138519731564,humidity,60
2026-01-31T00:19:41+01:00,40f081a6-4095-43f7-bffb-64e2af8c026e,41.040130226691744,21.340138519731564,noise,23
2026-01-31T00:19:41+01:00,40f081a6-4095-43f7-bffb-64e2af8c026e,41.040130226691744,21.340138519731564,noise_dba,36
2026-01-31T00:19:41+01:00,40f081a6-4095-43f7-bffb-64e2af8c026e,41.040130226691744,21.340138519731564,pm10,26
2026-01-31T00:19:41+01:00,40f081a6-4095-43f7-bffb-64e2af8c026e,41.040130226691744,21.340138519731564,pm25,14
2026-01-31T00:19:41+01:00,40f081a6-4095-43f7-bffb-64e2af8c026e,41.040130226691744,21.340138519731564,pressure,929
2026-01-31T00:19:41+01:00,40f081a6-4095-43f7-bffb-64e2af8c026e,41.040130226691744,21.340138519731564,temperature,6
2026-01-31T00:35:14+01:00,40f081a6-4095-43f7-bffb-64e2af8c026e,41.040130226691744,21.340138519731564,gasResistance,13007335
2026-01-31T00:35:14+01:00,40f081a6-4095-43f7-bffb-64e2af8c026e,41.040130226691744,21.340138519731564,humidity,61
2026-01-31T00:35:14+01:00,40f081a6-4095-43f7-bffb-64e2af8c026e,41.040130226691744,21.340138519731564,noise,21
2026-01-31T00:35:14+01:00,40f081a6-4095-43f7-bffb-64e2af8c026e,41.040130226691744,21.340138519731564,noise_dba,34
2026-01-31T00:35:14+01:00,40f081a6-4095-43f7-bffb-64e2af8c026e,41.040130226691744,21.340138519731564,pm10,19
2026-01-31T00:35:14+01:00,40f081a6-4095-43f7-bffb-64e2af8c026e,41.040130226691744,21.340138519731564,pm25,11
2026-01-31T00:35:14+01:00,40f081a6-4095-43f7-bffb-64e2af8c026e,41.040130226691744,21.340138519731564,pressure,929
2026-01-31T00:35:14+01:00,40f081a6-4095-43f7-bffb-64e2af8c026e,41.040130226691744,21.340138519731564,temperature,6
2026-01-31T00:50:46+01:00,40f081a6-4095-43f7-bffb-64e2af8c026e,41.040130226691744,21.340138519731564,gasResistance,13007335
2026-01-31T00:50:46+01:00,40f081a6-4095-43f7-bffb-64e2af8c026e,41.040130226691744,21.340138519731564,humidity,61
2026-01-31T00:50:46+01:00,40f081a6-4095-43f7-bffb-64e2af8c026e,41.040130226691744,21.340138519731564,noise,25
2026-01-31T00:50:46+01:00,40f081a6-4095-43f7-bffb-64e2af8c026e,41.040130226691744,21.340138519731564,noise_dba,37
2026-01-31T00:50:46+01:00,40f081a6-4095-43f7-bffb-64e2af8c026e,41.040130226691744,21.340138519731564,pm10,13
2026-01-31T00:50:46+01:00,40f081a6-4095-43f7-bffb-64e2af8c026e,41.040130226691744,21.340138519731564,pm25,7
2026-01-31T00:50:46+01:00,40f081a6-4095-43f7-bffb-64e2af8c026e,41.040130226691744,21.340138519731564,pressure,929
2026-01-31T00:50:46+01:00,40f081a6-4095-43f7-bffb-64e2af8c026e,41.040130226691744,21.340138519731564,temperature,6
2026-01-31T01:06:19+01:00,40f081a6-4095-43f7-bffb-64e2af8c026e,41.040130226691744,21.340138519731564,gasResistance,13007335
2026-01-31T01:06:19+01:00,40f081a6-4095-43f7-bffb-64e2af8c026e,41.040130226691744,21.340138519731564,humidity,61
2026-01-31T01:06:19+01:00,40f081a6-4095-43f7-bffb-64e2af8c026e,41.040130226691744,21.340138519731564,noise,31
2026-01-31T01:06:19+01:00,40f081a6-4095-43f7-bffb-64e2af8c026e,41.040130226691744,21.340138519731564,noise_dba,41
2026-01-31T01:06:19+01:00,40f081a6-4095-43f7-bffb-64e2af8c026e,41.040130226691744,21.340138519731564,pm10,72
2026-01-31T01:06:19+01:00,40f081a6-4095-43f7-bffb-64e2af8c026e,41.040130226691744,21.340138519731564,pm25,41
2026-01-31T01:06:19+01:00,40f081a6-4095-43f7-bffb-64e2af8c026e,41.040130226691744,21.340138519731564,pressure,929
2026-01-31T01:06:19+01:00,40f081a6-4095-43f7-bffb-64e2af8c026e,41.040130226691744,21.340138519731564,temperature,6
2026-01-31T01:21:51+01:00,40f081a6-4095-43f7-bffb-64e2af8c026e,41.040130226691744,21.340138519731564,gasResistance,13007335
2026-01-31T01:21:51+01:00,40f081a6-4095-43f7-bffb-64e2af8c026e,41.040130226691744,21.340138519731564,humidity,61
2026-01-31T01:21:51+01:00,40f081a6-4095-43f7-bffb-64e2af8c026e,41.040130226691744,21.340138519731564,noise,30
2026-01-31T01:21:51+01:00,40f081a6-4095-43f7-bffb-64e2af8c026e,41.040130226691744,21.340138519731564,noise_dba,40
2026-01-31T01:21:51+01:00,40f081a6-4095-43f7-bffb-64e2af8c026e,41.040130226691744,21.340138519731564,pm10,51
2026-01-31T01:21:51+01:00,40f081a6-4095-43f7-bffb-64e2af8c026e,41.040130226691744,21.340138519731564,pm25,27
2026-01-31T01:21:51+01:00,40f081a6-4095-43f7-bffb-64e2af8c026e,41.040130226691744,21.340138519731564,pressure,929
2026-01-31T01:21:51+01:00,40f081a6-4095-43f7-bffb-64e2af8c026e,41.040130226691744,21.340138519731564,temperature,6
2026-01-31T01:37:23+01:00,40f081a6-4095-43f7-bffb-64e2af8c026e,41.040130226691744,21.340138519731564,gasResistance,13007335
2026-01-31T01:37:23+01:00,40f081a6-4095-43f7-bffb-64e2af8c026e,41.040130226691744,21.340138519731564,humidity,61
2026-01-31T01:37:23+01:00,40f081a6-4095-43f7-bffb-64e2af8c026e,41.040130226691744,21.340138519731564,noise,20
2026-01-31T01:37:23+01:00,40f081a6-4095-43f7-bffb-64e2af8c026e,41.040130226691744,21.340138519731564,noise_dba,34
2026-01-31T01:37:23+01:00,40f081a6-4095-43f7-bffb-64e2af8c026e,41.040130226691744,21.340138519731564,pm10,40
2026-01-31T01:37:23+01:00,40f081a6-4095-43f7-bffb-64e2af8c026e,41.040130226691744,21.340138519731564,pm25,21
2026-01-31T01:37:23+01:00,40f081a6-4095-43f7-bffb-64e2af8c026e,41.040130226691744,21.340138519731564,pressure,929
2026-01-31T01:37:23+01:00,40f081a6-4095-43f7-bffb-64e2af8c026e,41.040130226691744,21.340138519731564,temperature,6
2026-01-31T01:52:55+01:00,40f081a6-4095-43f7-bffb-64e2af8c026e,41.040130226691744,21.340138519731564,gasResistance,13007335
2026-01-31T01:52:55+01:00,40f081a6-4095-43f7-bffb-64e2af8c026e,41.040130226691744,21.340138519731564,humidity,62
2026-01-31T01:52:55+01:00,40f081a6-4095-43f7-bffb-64e2af8c026e,41.040130226691744,21.340138519731564,noise,29
2026-01-31T01:52:55+01:00,40f081a6-4095-43f7-bffb-64e2af8c026e,41.040130226691744,21.340138519731564,noise_dba,40
2026-01-31T01:52:55+01:00,40f081a6-4095-43f7-bffb-64e2af8c026e,41.040130226691744,21.340138519731564,pm10,28
2026-01-31T01:52:55+01:00,40f081a6-4095-43f7-bffb-64e2af8c026e,41.040130226691744,21.340138519731564,pm25,18
2026-01-31T01:52:55+01:00,40f081a6-4095-43f7-bffb-64e2af8c026e,41.040130226691744,21.340138519731564,pressure,929
2026-01-31T01:52:55+01:00,40f081a6-4095-43f7-bffb-64e2af8c026e,41.040130226691744,21.340138519731564,temperature,5
2026-01-31T02:08:27+01:00,40f081a6-4095-43f7-bffb-64e2af8c026e,41.040130226691744,21.340138519731564,gasResistance,13007335
2026-01-31T02:08:27+01:00,40f081a6-4095-43f7-bffb-64e2af8c026e,41.040130226691744,21.340138519731564,humidity,62
2026-01-31T02:08:27+01:00,40f081a6-4095-43f7-bffb-64e2af8c026e,41.040130226691744,21.340138519731564,noise,20
2026-01-31T02:08:27+01:00,40f081a6-4095-43f7-bffb-64e2af8c026e,41.040130226691744,21.340138519731564,noise_dba,34
2026-01-31T02:08:27+01:00,40f081a6-4095-43f7-bffb-64e2af8c026e,41.040130226691744,21.340138519731564,pm10,22
2026-01-31T02:08:27+01:00,40f081a6-4095-43f7-bffb-64e2af8c026e,41.040130226691744,21.340138519731564,pm25,13
2026-01-31T02:08:27+01:00,40f081a6-4095-43f7-bffb-64e2af8c026e,41.040130226691744,21.340138519731564,pressure,929
2026-01-31T02:08:27+01:00,40f081a6-4095-43f7-bffb-64e2af8c026e,41.040130226691744,21.340138519731564,temperature,5
2026-01-31T02:24:00+01:00,40f081a6-4095-43f7-bffb-64e2af8c026e,41.040130226691744,21.340138519731564,gasResistance,13007335
2026-01-31T02:24:00+01:00,40f081a6-4095-43f7-bffb-64e2af8c026e,41.040130226691744,21.340138519731564,humidity,62
2026-01-31T02:24:00+01:00,40f081a6-4095-43f7-bffb-64e2af8c026e,41.040130226691744,21.340138519731564,noise,18
2026-01-31T02:24:00+01:00,40f081a6-4095-43f7-bffb-64e2af8c026e,41.040130226691744,21.340138519731564,noise_dba,32
2026-01-31T02:24:00+01:00,40f081a6-4095-43f7-bffb-64e2af8c026e,41.040130226691744,21.340138519731564,pm10,21
2026-01-31T02:24:00+01:00,40f081a6-4095-43f7-bffb-64e2af8c026e,41.040130226691744,21.340138519731564,pm25,13
2026-01-31T02:24:00+01:00,40f081a6-4095-43f7-bffb-64e2af8c026e,41.040130226691744,21.340138519731564,pressure,929
2026-01-31T02:24:00+01:00,40f081a6-4095-43f7-bffb-64e2af8c026e,41.040130226691744,21.340138519731564,temperature,5
2026-01-31T02:39:32+01:00,40f081a6-4095-43f7-bffb-64e2af8c026e,41.040130226691744,21.340138519731564,gasResistance,13007335
2026-01-31T02:39:32+01:00,40f081a6-4095-43f7-bffb-64e2af8c026e,41.040130226691744,21.340138519731564,humidity,62
2026-01-31T02:39:32+01:00,40f081a6-4095-43f7-bffb-64e2af8c026e,41.040130226691744,21.340138519731564,noise,31
2026-01-31T02:39:32+01:00,40f081a6-4095-43f7-bffb-64e2af8c026e,41.040130226691744,21.340138519731564,noise_dba,41
2026-01-31T02:39:32+01:00,40f081a6-4095-43f7-bffb-64e2af8c026e,41.040130226691744,21.340138519731564,pm10,28
2026-01-31T02:39:32+01:00,40f081a6-4095-43f7-bffb-64e2af8c026e,41.040130226691744,21.340138519731564,pm25,17
2026-01-31T02:39:32+01:00,40f081a6-4095-43f7-bffb-64e2af8c026e,41.040130226691744,21.340138519731564,pressure,929
2026-01-31T02:39:32+01:00,40f081a6-4095-43f7-bffb-64e2af8c026e,41.040130226691744,21.340138519731564,temperature,5
2026-01-31T02:55:04+01:00,40f081a6-4095-43f7-bffb-64e2af8c026e,41.040130226691744,21.340138519731564,gasResistance,13007335
2026-01-31T02:55:04+01:00,40f081a6-4095-43f7-bffb-64e2af8c026e,41.040130226691744,21.340138519731564,humidity,62
2026-01-31T02:55:04+01:00,40f081a6-4095-43f7-bffb-64e2af8c026e,41.040130226691744,21.340138519731564,noise,29
2026-01-31T02:55:04+01:00,40f081a6-4095-43f7-bffb-64e2af8c026e,41.040130226691744,21.340138519731564,noise_dba,40
2026-01-31T02:55:04+01:00,40f081a6-4095-43f7-bffb-64e2af8c026e,41.040130226691744,21.340138519731564,pm10,101
2026-01-31T02:55:04+01:00,40f081a6-4095-43f7-bffb-64e2af8c026e,41.040130226691744,21.340138519731564,pm25,51
2026-01-31T02:55:04+01:00,40f081a6-4095-43f7-bffb-64e2af8c026e,41.040130226691744,21.340138519731564,pressure,929
2026-01-31T02:55:04+01:00,40f081a6-4095-43f7-bffb-64e2af8c026e,41.040130226691744,21.340138519731564,temperature,5
2026-01-31T03:10:36+01:00,40f081a6-4095-43f7-bffb-64e2af8c026e,41.040130226691744,21.340138519731564,gasResistance,13007335
2026-01-31T03:10:36+01:00,40f081a6-4095-43f7-bffb-64e2af8c026e,41.040130226691744,21.340138519731564,humidity,62
2026-01-31T03:10:36+01:00,40f081a6-4095-43f7-bffb-64e2af8c026e,41.040130226691744,21.340138519731564,noise,15
2026-01-31T03:10:36+01:00,40f081a6-4095-43f7-bffb-64e2af8c026e,41.040130226691744,21.340138519731564,noise_dba,29
2026-01-31T03:10:36+01:00,40f081a6-4095-43f7-bffb-64e2af8c026e,41.040130226691744,21.340138519731564,pm10,33
2026-01-31T03:10:36+01:00,40f081a6-4095-43f7-bffb-64e2af8c026e,41.040130226691744,21.340138519731564,pm25,19
2026-01-31T03:10:36+01:00,40f081a6-4095-43f7-bffb-64e2af8c026e,41.040130226691744,21.340138519731564,pressure,929
2026-01-31T03:10:36+01:00,40f081a6-4095-43f7-bffb-64e2af8c026e,41.040130226691744,21.340138519731564,temperature,5
2026-01-31T03:26:08+01:00,40f081a6-4095-43f7-bffb-64e2af8c026e,41.040130226691744,21.340138519731564,gasResistance,13007335
2026-01-31T03:26:08+01:00,40f081a6-4095-43f7-bffb-64e2af8c026e,41.040130226691744,21.340138519731564,humidity,62
2026-01-31T03:26:08+01:00,40f081a6-4095-43f7-bffb-64e2af8c026e,41.040130226691744,21.340138519731564,noise,23
2026-01-31T03:26:08+01:00,40f081a6-4095-43f7-bffb-64e2af8c026e,41.040130226691744,21.340138519731564,noise_dba,36
2026-01-31T03:26:08+01:00,40f081a6-4095-43f7-bffb-64e2af8c026e,41.040130226691744,21.340138519731564,pm10,20
2026-01-31T03:26:08+01:00,40f081a6-4095-43f7-bffb-64e2af8c026e,41.040130226691744,21.340138519731564,pm25,12
2026-01-31T03:26:08+01:00,40f081a6-4095-43f7-bffb-64e2af8c026e,41.040130226691744,21.340138519731564,pressure,929
2026-01-31T03:26:08+01:00,40f081a6-4095-43f7-bffb-64e2af8c026e,41.040130226691744,21.340138519731564,temperature,5
2026-01-31T03:41:40+01:00,40f081a6-4095-43f7-bffb-64e2af8c026e,41.040130226691744,21.340138519731564,gasResistance,13007335
2026-01-31T03:41:40+01:00,40f081a6-4095-43f7-bffb-64e2af8c026e,41.040130226691744,21.340138519731564,humidity,62
2026-01-31T03:41:40+01:00,40f081a6-4095-43f7-bffb-64e2af8c026e,41.040130226691744,21.340138519731564,noise,19
2026-01-31T03:41:40+01:00,40f081a6-4095-43f7-bffb-64e2af8c026e,41.040130226691744,21.340138519731564,noise_dba,33
2026-01-31T03:41:40+01:00,40f081a6-4095-43f7-bffb-64e2af8c026e,41.040130226691744,21.340138519731564,pm10,49
2026-01-31T03:41:40+01:00,40f081a6-4095-43f7-bffb-64e2af8c026e,41.040130226691744,21.340138519731564,pm25,24
2026-01-31T03:41:40+01:00,40f081a6-4095-43f7-bffb-64e2af8c026e,41.040130226691744,21.340138519731564,pressure,929
2026-01-31T03:41:40+01:00,40f081a6-4095-43f7-bffb-64e2af8c026e,41.040130226691744,21.340138519731564,temperature,5
2026-01-31T03:57:12+01:00,40f081a6-4095-43f7-bffb-64e2af8c026e,41.040130226691744,21.340138519731564,gasResistance,13007335
2026-01-31T03:57:12+01:00,40f081a6-4095-43f7-bffb-64e2af8c026e,41.040130226691744,21.340138519731564,humidity,63
2026-01-31T03:57:12+01:00,40f081a6-4095-43f7-bffb-64e2af8c026e,41.040130226691744,21.340138519731564,noise,24
2026-01-31T03:57:12+01:00,40f081a6-4095-43f7-bffb-64e2af8c026e,41.040130226691744,21.340138519731564,noise_dba,36
2026-01-31T03:57:12+01:00,40f081a6-4095-43f7-bffb-64e2af8c026e,41.040130226691744,21.340138519731564,pm10,63
2026-01-31T03:57:12+01:00,40f081a6-4095-43f7-bffb-64e2af8c026e,41.040130226691744,21.340138519731564,pm25,37
2026-01-31T03:57:12+01:00,40f081a6-4095-43f7-bffb-64e2af8c026e,41.040130226691744,21.340138519731564,pressure,929
2026-01-31T03:57:12+01:00,40f081a6-4095-43f7-bffb-64e2af8c026e,41.040130226691744,21.340138519731564,temperature,4
2026-01-31T04:12:44+01:00,40f081a6-4095-43f7-bffb-64e2af8c026e,41.040130226691744,21.340138519731564,gasResistance,13007335
2026-01-31T04:12:44+01:00,40f081a6-4095-43f7-bffb-64e2af8c026e,41.040130226691744,21.340138519731564,humidity,64
2026-01-31T04:12:44+01:00,40f081a6-4095-43f7-bffb-64e2af8c026e,41.040130226691744,21.340138519731564,pm10,52
2026-01-31T04:12:44+01:00,40f081a6-4095-43f7-bffb-64e2af8c026e,41.040130226691744,21.340138519731564,pm25,30
2026-01-31T04:12:44+01:00,40f081a6-4095-43f7-bffb-64e2af8c026e,41.040130226691744,21.340138519731564,pressure,929
2026-01-31T04:12:44+01:00,40f081a6-4095-43f7-bffb-64e2af8c026e,41.040130226691744,21.340138519731564,temperature,4
2026-01-31T04:28:16+01:00,40f081a6-4095-43f7-bffb-64e2af8c026e,41.040130226691744,21.340138519731564,gasResistance,13007335
2026-01-31T04:28:16+01:00,40f081a6-4095-43f7-bffb-64e2af8c026e,41.040130226691744,21.340138519731564,humidity,64
2026-01-31T04:28:16+01:00,40f081a6-4095-43f7-bffb-64e2af8c026e,41.040130226691744,21.340138519731564,pm10,46
2026-01-31T04:28:16+01:00,40f081a6-4095-43f7-bffb-64e2af8c026e,41.040130226691744,21.340138519731564,pm25,28
2026-01-31T04:28:16+01:00,40f081a6-4095-43f7-bffb-64e2af8c026e,41.040130226691744,21.340138519731564,pressure,929
2026-01-31T04:28:16+01:00,40f081a6-4095-43f7-bffb-64e2af8c026e,41.040130226691744,21.340138519731564,temperature,4
2026-01-31T04:43:48+01:00,40f081a6-4095-43f7-bffb-64e2af8c026e,41.040130226691744,21.340138519731564,gasResistance,13007335
2026-01-31T04:43:48+01:00,40f081a6-4095-43f7-bffb-64e2af8c026e,41.040130226691744,21.340138519731564,humidity,64
2026-01-31T04:43:48+01:00,40f081a6-4095-43f7-bffb-64e2af8c026e,41.040130226691744,21.340138519731564,pm10,60
2026-01-31T04:43:48+01:00,40f081a6-4095-43f7-bffb-64e2af8c026e,41.040130226691744,21.340138519731564,pm25,33
2026-01-31T04:43:48+01:00,40f081a6-4095-43f7-bffb-64e2af8c026e,41.040130226691744,21.340138519731564,pressure,929
2026-01-31T04:43:48+01:00,40f081a6-4095-43f7-bffb-64e2af8c026e,41.040130226691744,21.340138519731564,temperature,4
2026-01-31T04:59:21+01:00,40f081a6-4095-43f7-bffb-64e2af8c026e,41.040130226691744,21.340138519731564,gasResistance,11941639
2026-01-31T04:59:21+01:00,40f081a6-4095-43f7-bffb-64e2af8c026e,41.040130226691744,21.340138519731564,humidity,64
2026-01-31T04:59:21+01:00,40f081a6-4095-43f7-bffb-64e2af8c026e,41.040130226691744,21.340138519731564,pm10,25
2026-01-31T04:59:21+01:00,40f081a6-4095-43f7-bffb-64e2af8c026e,41.040130226691744,21.340138519731564,pm25,14
2026-01-31T04:59:21+01:00,40f081a6-4095-43f7-bffb-64e2af8c026e,41.040130226691744,21.340138519731564,pressure,929
2026-01-31T04:59:21+01:00,40f081a6-4095-43f7-bffb-64e2af8c026e,41.040130226691744,21.340138519731564,temperature,4
2026-01-31T05:14:53+01:00,40f081a6-4095-43f7-bffb-64e2af8c026e,41.040130226691744,21.340138519731564,gasResistance,11822222
2026-01-31T05:14:53+01:00,40f081a6-4095-43f7-bffb-64e2af8c026e,41.040130226691744,21.340138519731564,humidity,64
2026-01-31T05:14:53+01:00,40f081a6-4095-43f7-bffb-64e2af8c026e,41.040130226691744,21.340138519731564,pm10,35
2026-01-31T05:14:53+01:00,40f081a6-4095-43f7-bffb-64e2af8c026e,41.040130226691744,21.340138519731564,pm25,21
2026-01-31T05:14:53+01:00,40f081a6-4095-43f7-bffb-64e2af8c026e,41.040130226691744,21.340138519731564,pressure,929
2026-01-31T05:14:53+01:00,40f081a6-4095-43f7-bffb-64e2af8c026e,41.040130226691744,21.340138519731564,temperature,4
2026-01-31T05:30:25+01:00,40f081a6-4095-43f7-bffb-64e2af8c026e,41.040130226691744,21.340138519731564,gasResistance,11995491
2026-01-31T05:30:25+01:00,40f081a6-4095-43f7-bffb-64e2af8c026e,41.040130226691744,21.340138519731564,humidity,64
2026-01-31T05:30:25+01:00,40f081a6-4095-43f7-bffb-64e2af8c026e,41.040130226691744,21.340138519731564,pm10,25
2026-01-31T05:30:25+01:00,40f081a6-4095-43f7-bffb-64e2af8c026e,41.040130226691744,21.340138519731564,pm25,14
2026-01-31T05:30:25+01:00,40f081a6-4095-43f7-bffb-64e2af8c026e,41.040130226691744,21.340138519731564,pressure,929
2026-01-31T05:30:25+01:00,40f081a6-4095-43f7-bffb-64e2af8c026e,41.040130226691744,21.340138519731564,temperature,3
2026-01-31T05:45:57+01:00,40f081a6-4095-43f7-bffb-64e2af8c026e,41.040130226691744,21.340138519731564,gasResistance,13007335
2026-01-31T05:45:57+01:00,40f081a6-4095-43f7-bffb-64e2af8c026e,41.040130226691744,21.340138519731564,humidity,64
2026-01-31T05:45:57+01:00,40f081a6-4095-43f7-bffb-64e2af8c026e,41.040130226691744,21.340138519731564,pm10,7
2026-01-31T05:45:57+01:00,40f081a6-4095-43f7-bffb-64e2af8c026e,41.040130226691744,21.340138519731564,pm25,4
2026-01-31T05:45:57+01:00,40f081a6-4095-43f7-bffb-64e2af8c026e,41.040130226691744,21.340138519731564,pressure,929
2026-01-31T05:45:57+01:00,40f081a6-4095-43f7-bffb-64e2af8c026e,41.040130226691744,21.340138519731564,temperature,3
2026-01-31T06:01:30+01:00,40f081a6-4095-43f7-bffb-64e2af8c026e,41.040130226691744,21.340138519731564,gasResistance,13007335
2026-01-31T06:01:30+01:00,40f081a6-4095-43f7-bffb-64e2af8c026e,41.040130226691744,21.340138519731564,humidity,64
2026-01-31T06:01:30+01:00,40f081a6-4095-43f7-bffb-64e2af8c026e,41.040130226691744,21.340138519731564,pm10,12
2026-01-31T06:01:30+01:00,40f081a6-4095-43f7-bffb-64e2af8c026e,41.040130226691744,21.340138519731564,pm25,7
2026-01-31T06:01:30+01:00,40f081a6-4095-43f7-bffb-64e2af8c026e,41.040130226691744,21.340138519731564,pressure,929
2026-01-31T06:01:30+01:00,40f081a6-4095-43f7-bffb-64e2af8c026e,41.040130226691744,21.340138519731564,temperature,3
2026-01-31T06:17:02+01:00,40f081a6-4095-43f7-bffb-64e2af8c026e,41.040130226691744,21.340138519731564,gasResistance,13007335
2026-01-31T06:17:02+01:00,40f081a6-4095-43f7-bffb-64e2af8c026e,41.040130226691744,21.340138519731564,humidity,64
2026-01-31T06:17:02+01:00,40f081a6-4095-43f7-bffb-64e2af8c026e,41.040130226691744,21.340138519731564,pm10,26
2026-01-31T06:17:02+01:00,40f081a6-4095-43f7-bffb-64e2af8c026e,41.040130226691744,21.340138519731564,pm25,17
2026-01-31T06:17:02+01:00,40f081a6-4095-43f7-bffb-64e2af8c026e,41.040130226691744,21.340138519731564,pressure,929
2026-01-31T06:17:02+01:00,40f081a6-4095-43f7-bffb-64e2af8c026e,41.040130226691744,21.340138519731564,temperature,3
2026-01-31T06:32:33+01:00,40f081a6-4095-43f7-bffb-64e2af8c026e,41.040130226691744,21.340138519731564,gasResistance,13007335
2026-01-31T06:32:33+01:00,40f081a6-4095-43f7-bffb-64e2af8c026e,41.040130226691744,21.340138519731564,humidity,64
2026-01-31T06:32:33+01:00,40f081a6-4095-43f7-bffb-64e2af8c026e,41.040130226691744,21.340138519731564,pm10,21
2026-01-31T06:32:33+01:00,40f081a6-4095-43f7-bffb-64e2af8c026e,41.040130226691744,21.340138519731564,pm25,12
2026-01-31T06:32:33+01:00,40f081a6-4095-43f7-bffb-64e2af8c026e,41.040130226691744,21.340138519731564,pressure,929
2026-01-31T06:32:33+01:00,40f081a6-4095-43f7-bffb-64e2af8c026e,41.040130226691744,21.340138519731564,temperature,3
2026-01-31T06:48:06+01:00,40f081a6-4095-43f7-bffb-64e2af8c026e,41.040130226691744,21.340138519731564,gasResistance,13007335
2026-01-31T06:48:06+01:00,40f081a6-4095-43f7-bffb-64e2af8c026e,41.040130226691744,21.340138519731564,humidity,64
2026-01-31T06:48:06+01:00,40f081a6-4095-43f7-bffb-64e2af8c026e,41.040130226691744,21.340138519731564,pm10,37
2026-01-31T06:48:06+01:00,40f081a6-4095-43f7-bffb-64e2af8c026e,41.040130226691744,21.340138519731564,pm25,20
2026-01-31T06:48:06+01:00,40f081a6-4095-43f7-bffb-64e2af8c026e,41.040130226691744,21.340138519731564,pressure,929
2026-01-31T06:48:06+01:00,40f081a6-4095-43f7-bffb-64e2af8c026e,41.040130226691744,21.340138519731564,temperature,3
2026-01-31T07:03:38+01:00,40f081a6-4095-43f7-bffb-64e2af8c026e,41.040130226691744,21.340138519731564,gasResistance,13007335
2026-01-31T07:03:38+01:00,40f081a6-4095-43f7-bffb-64e2af8c026e,41.040130226691744,21.340138519731564,humidity,64
2026-01-31T07:03:38+01:00,40f081a6-4095-43f7-bffb-64e2af8c026e,41.040130226691744,21.340138519731564,pm10,43
2026-01-31T07:03:38+01:00,40f081a6-4095-43f7-bffb-64e2af8c026e,41.040130226691744,21.340138519731564,pm25,24
2026-01-31T07:03:38+01:00,40f081a6-4095-43f7-bffb-64e2af8c026e,41.040130226691744,21.340138519731564,pressure,929
2026-01-31T07:03:38+01:00,40f081a6-4095-43f7-bffb-64e2af8c026e,41.040130226691744,21.340138519731564,temperature,3
2026-01-31T07:19:10+01:00,40f081a6-4095-43f7-bffb-64e2af8c026e,41.040130226691744,21.340138519731564,gasResistance,13007335
2026-01-31T07:19:10+01:00,40f081a6-4095-43f7-bffb-64e2af8c026e,41.040130226691744,21.340138519731564,humidity,63
2026-01-31T07:19:10+01:00,40f081a6-4095-43f7-bffb-64e2af8c026e,41.040130226691744,21.340138519731564,noise,24
2026-01-31T07:19:10+01:00,40f081a6-4095-43f7-bffb-64e2af8c026e,41.040130226691744,21.340138519731564,noise_dba,36
2026-01-31T07:19:10+01:00,40f081a6-4095-43f7-bffb-64e2af8c026e,41.040130226691744,21.340138519731564,pm10,82
2026-01-31T07:19:10+01:00,40f081a6-4095-43f7-bffb-64e2af8c026e,41.040130226691744,21.340138519731564,pm25,45
2026-01-31T07:19:10+01:00,40f081a6-4095-43f7-bffb-64e2af8c026e,41.040130226691744,21.340138519731564,pressure,929
2026-01-31T07:19:10+01:00,40f081a6-4095-43f7-bffb-64e2af8c026e,41.040130226691744,21.340138519731564,temperature,4
2026-01-31T07:34:43+01:00,40f081a6-4095-43f7-bffb-64e2af8c026e,41.040130226691744,21.340138519731564,gasResistance,0
2026-01-31T07:34:43+01:00,40f081a6-4095-43f7-bffb-64e2af8c026e,41.040130226691744,21.340138519731564,humidity,58
2026-01-31T07:34:43+01:00,40f081a6-4095-43f7-bffb-64e2af8c026e,41.040130226691744,21.340138519731564,noise,25
2026-01-31T07:34:43+01:00,40f081a6-4095-43f7-bffb-64e2af8c026e,41.040130226691744,21.340138519731564,noise_dba,37
2026-01-31T07:34:43+01:00,40f081a6-4095-43f7-bffb-64e2af8c026e,41.040130226691744,21.340138519731564,pm10,86
2026-01-31T07:34:43+01:00,40f081a6-4095-43f7-bffb-64e2af8c026e,41.040130226691744,21.340138519731564,pm25,49
2026-01-31T07:34:43+01:00,40f081a6-4095-43f7-bffb-64e2af8c026e,41.040130226691744,21.340138519731564,pressure,930
2026-01-31T07:34:43+01:00,40f081a6-4095-43f7-bffb-64e2af8c026e,41.040130226691744,21.340138519731564,temperature,6
2026-01-31T07:50:15+01:00,40f081a6-4095-43f7-bffb-64e2af8c026e,41.040130226691744,21.340138519731564,gasResistance,0
2026-01-31T07:50:15+01:00,40f081a6-4095-43f7-bffb-64e2af8c026e,41.040130226691744,21.340138519731564,humidity,56
2026-01-31T07:50:15+01:00,40f081a6-4095-43f7-bffb-64e2af8c026e,41.040130226691744,21.340138519731564,noise,17
2026-01-31T07:50:15+01:00,40f081a6-4095-43f7-bffb-64e2af8c026e,41.040130226691744,21.340138519731564,noise_dba,31
2026-01-31T07:50:15+01:00,40f081a6-4095-43f7-bffb-64e2af8c026e,41.040130226691744,21.340138519731564,pm10,156
2026-01-31T07:50:15+01:00,40f081a6-4095-43f7-bffb-64e2af8c026e,41.040130226691744,21.340138519731564,pm25,94
2026-01-31T07:50:15+01:00,40f081a6-4095-43f7-bffb-64e2af8c026e,41.040130226691744,21.340138519731564,pressure,930
2026-01-31T07:50:15+01:00,40f081a6-4095-43f7-bffb-64e2af8c026e,41.040130226691744,21.340138519731564,temperature,7
2026-01-31T08:05:48+01:00,40f081a6-4095-43f7-bffb-64e2af8c026e,41.040130226691744,21.340138519731564,gasResistance,0
2026-01-31T08:05:48+01:00,40f081a6-4095-43f7-bffb-64e2af8c026e,41.040130226691744,21.340138519731564,humidity,59
2026-01-31T08:05:48+01:00,40f081a6-4095-43f7-bffb-64e2af8c026e,41.040130226691744,21.340138519731564,noise,26
2026-01-31T08:05:48+01:00,40f081a6-4095-43f7-bffb-64e2af8c026e,41.040130226691744,21.340138519731564,noise_dba,38
2026-01-31T08:05:48+01:00,40f081a6-4095-43f7-bffb-64e2af8c026e,41.040130226691744,21.340138519731564,pm10,67
2026-01-31T08:05:48+01:00,40f081a6-4095-43f7-bffb-64e2af8c026e,41.040130226691744,21.340138519731564,pm25,42
2026-01-31T08:05:48+01:00,40f081a6-4095-43f7-bffb-64e2af8c026e,41.040130226691744,21.340138519731564,pressure,930
2026-01-31T08:05:48+01:00,40f081a6-4095-43f7-bffb-64e2af8c026e,41.040130226691744,21.340138519731564,temperature,8
2026-01-31T08:21:21+01:00,40f081a6-4095-43f7-bffb-64e2af8c026e,41.040130226691744,21.340138519731564,gasResistance,0
2026-01-31T08:21:21+01:00,40f081a6-4095-43f7-bffb-64e2af8c026e,41.040130226691744,21.340138519731564,humidity,59
2026-01-31T08:21:21+01:00,40f081a6-4095-43f7-bffb-64e2af8c026e,41.040130226691744,21.340138519731564,noise,22
2026-01-31T08:21:21+01:00,40f081a6-4095-43f7-bffb-64e2af8c026e,41.040130226691744,21.340138519731564,noise_dba,35
2026-01-31T08:21:21+01:00,40f081a6-4095-43f7-bffb-64e2af8c026e,41.040130226691744,21.340138519731564,pm10,52
2026-01-31T08:21:21+01:00,40f081a6-4095-43f7-bffb-64e2af8c026e,41.040130226691744,21.340138519731564,pm25,33
2026-01-31T08:21:21+01:00,40f081a6-4095-43f7-bffb-64e2af8c026e,41.040130226691744,21.340138519731564,pressure,930
2026-01-31T08:21:21+01:00,40f081a6-4095-43f7-bffb-64e2af8c026e,41.040130226691744,21.340138519731564,temperature,8
2026-01-31T08:36:54+01:00,40f081a6-4095-43f7-bffb-64e2af8c026e,41.040130226691744,21.340138519731564,gasResistance,0
2026-01-31T08:36:54+01:00,40f081a6-4095-43f7-bffb-64e2af8c026e,41.040130226691744,21.340138519731564,humidity,59
2026-01-31T08:36:54+01:00,40f081a6-4095-43f7-bffb-64e2af8c026e,41.040130226691744,21.340138519731564,noise,30
2026-01-31T08:36:54+01:00,40f081a6-4095-43f7-bffb-64e2af8c026e,41.040130226691744,21.340138519731564,noise_dba,40
2026-01-31T08:36:54+01:00,40f081a6-4095-43f7-bffb-64e2af8c026e,41.040130226691744,21.340138519731564,pm10,20
2026-01-31T08:36:54+01:00,40f081a6-4095-43f7-bffb-64e2af8c026e,41.040130226691744,21.340138519731564,pm25,12
2026-01-31T08:36:54+01:00,40f081a6-4095-43f7-bffb-64e2af8c026e,41.040130226691744,21.340138519731564,pressure,930
2026-01-31T08:36:54+01:00,40f081a6-4095-43f7-bffb-64e2af8c026e,41.040130226691744,21.340138519731564,temperature,8
2026-01-31T08:52:29+01:00,40f081a6-4095-43f7-bffb-64e2af8c026e,41.040130226691744,21.340138519731564,gasResistance,0
2026-01-31T08:52:29+01:00,40f081a6-4095-43f7-bffb-64e2af8c026e,41.040130226691744,21.340138519731564,humidity,60
2026-01-31T08:52:29+01:00,40f081a6-4095-43f7-bffb-64e2af8c026e,41.040130226691744,21.340138519731564,noise,23
2026-01-31T08:52:29+01:00,40f081a6-4095-43f7-bffb-64e2af8c026e,41.040130226691744,21.340138519731564,noise_dba,36
2026-01-31T08:52:29+01:00,40f081a6-4095-43f7-bffb-64e2af8c026e,41.040130226691744,21.340138519731564,pm10,38
2026-01-31T08:52:29+01:00,40f081a6-4095-43f7-bffb-64e2af8c026e,41.040130226691744,21.340138519731564,pm25,21
2026-01-31T08:52:29+01:00,40f081a6-4095-43f7-bffb-64e2af8c026e,41.040130226691744,21.340138519731564,pressure,930
2026-01-31T08:52:29+01:00,40f081a6-4095-43f7-bffb-64e2af8c026e,41.040130226691744,21.340138519731564,temperature,8
2026-01-31T09:08:01+01:00,40f081a6-4095-43f7-bffb-64e2af8c026e,41.040130226691744,21.340138519731564,gasResistance,0
2026-01-31T09:08:01+01:00,40f081a6-4095-43f7-bffb-64e2af8c026e,41.040130226691744,21.340138519731564,humidity,60
2026-01-31T09:08:01+01:00,40f081a6-4095-43f7-bffb-64e2af8c026e,41.040130226691744,21.340138519731564,noise,23
2026-01-31T09:08:01+01:00,40f081a6-4095-43f7-bffb-64e2af8c026e,41.040130226691744,21.340138519731564,noise_dba,36
2026-01-31T09:08:01+01:00,40f081a6-4095-43f7-bffb-64e2af8c026e,41.040130226691744,21.340138519731564,pm10,35
2026-01-31T09:08:01+01:00,40f081a6-4095-43f7-bffb-64e2af8c026e,41.040130226691744,21.340138519731564,pm25,19
2026-01-31T09:08:01+01:00,40f081a6-4095-43f7-bffb-64e2af8c026e,41.040130226691744,21.340138519731564,pressure,930
2026-01-31T09:08:01+01:00,40f081a6-4095-43f7-bffb-64e2af8c026e,41.040130226691744,21.340138519731564,temperature,7
2026-01-31T09:23:33+01:00,40f081a6-4095-43f7-bffb-64e2af8c026e,41.040130226691744,21.340138519731564,gasResistance,0
2026-01-31T09:23:33+01:00,40f081a6-4095-43f7-bffb-64e2af8c026e,41.040130226691744,21.340138519731564,humidity,59
2026-01-31T09:23:33+01:00,40f081a6-4095-43f7-bffb-64e2af8c026e,41.040130226691744,21.340138519731564,noise,21
2026-01-31T09:23:33+01:00,40f081a6-4095-43f7-bffb-64e2af8c026e,41.040130226691744,21.340138519731564,noise_dba,34
2026-01-31T09:23:33+01:00,40f081a6-4095-43f7-bffb-64e2af8c026e,41.040130226691744,21.340138519731564,pm10,26
2026-01-31T09:23:33+01:00,40f081a6-4095-43f7-bffb-64e2af8c026e,41.040130226691744,21.340138519731564,pm25,15
2026-01-31T09:23:33+01:00,40f081a6-4095-43f7-bffb-64e2af8c026e,41.040130226691744,21.340138519731564,pressure,930
2026-01-31T09:23:33+01:00,40f081a6-4095-43f7-bffb-64e2af8c026e,41.040130226691744,21.340138519731564,temperature,8
2026-01-31T09:39:06+01:00,40f081a6-4095-43f7-bffb-64e2af8c026e,41.040130226691744,21.340138519731564,gasResistance,0
2026-01-31T09:39:06+01:00,40f081a6-4095-43f7-bffb-64e2af8c026e,41.040130226691744,21.340138519731564,humidity,59
2026-01-31T09:39:06+01:00,40f081a6-4095-43f7-bffb-64e2af8c026e,41.040130226691744,21.340138519731564,noise,36
2026-01-31T09:39:06+01:00,40f081a6-4095-43f7-bffb-64e2af8c026e,41.040130226691744,21.340138519731564,noise_dba,43
2026-01-31T09:39:06+01:00,40f081a6-4095-43f7-bffb-64e2af8c026e,41.040130226691744,21.340138519731564,pm10,21
2026-01-31T09:39:06+01:00,40f081a6-4095-43f7-bffb-64e2af8c026e,41.040130226691744,21.340138519731564,pm25,13
2026-01-31T09:39:06+01:00,40f081a6-4095-43f7-bffb-64e2af8c026e,41.040130226691744,21.340138519731564,pressure,930
2026-01-31T09:39:06+01:00,40f081a6-4095-43f7-bffb-64e2af8c026e,41.040130226691744,21.340138519731564,temperature,8
2026-01-31T09:54:38+01:00,40f081a6-4095-43f7-bffb-64e2af8c026e,41.040130226691744,21.340138519731564,gasResistance,0
2026-01-31T09:54:38+01:00,40f081a6-4095-43f7-bffb-64e2af8c026e,41.040130226691744,21.340138519731564,humidity,58
2026-01-31T09:54:38+01:00,40f081a6-4095-43f7-bffb-64e2af8c026e,41.040130226691744,21.340138519731564,noise,19
2026-01-31T09:54:38+01:00,40f081a6-4095-43f7-bffb-64e2af8c026e,41.040130226691744,21.340138519731564,noise_dba,33
2026-01-31T09:54:38+01:00,40f081a6-4095-43f7-bffb-64e2af8c026e,41.040130226691744,21.340138519731564,pm10,18
2026-01-31T09:54:38+01:00,40f081a6-4095-43f7-bffb-64e2af8c026e,41.040130226691744,21.340138519731564,pm25,10
2026-01-31T09:54:38+01:00,40f081a6-4095-43f7-bffb-64e2af8c026e,41.040130226691744,21.340138519731564,pressure,930
2026-01-31T09:54:38+01:00,40f081a6-4095-43f7-bffb-64e2af8c026e,41.040130226691744,21.340138519731564,temperature,9
2026-01-31T10:10:11+01:00,40f081a6-4095-43f7-bffb-64e2af8c026e,41.040130226691744,21.340138519731564,gasResistance,0
2026-01-31T10:10:11+01:00,40f081a6-4095-43f7-bffb-64e2af8c026e,41.040130226691744,21.340138519731564,humidity,56
2026-01-31T10:10:11+01:00,40f081a6-4095-43f7-bffb-64e2af8c026e,41.040130226691744,21.340138519731564,noise,23
2026-01-31T10:10:11+01:00,40f081a6-4095-43f7-bffb-64e2af8c026e,41.040130226691744,21.340138519731564,noise_dba,36
2026-01-31T10:10:11+01:00,40f081a6-4095-43f7-bffb-64e2af8c026e,41.040130226691744,21.340138519731564,pm10,11
2026-01-31T10:10:11+01:00,40f081a6-4095-43f7-bffb-64e2af8c026e,41.040130226691744,21.340138519731564,pm25,6
2026-01-31T10:10:11+01:00,40f081a6-4095-43f7-bffb-64e2af8c026e,41.040130226691744,21.340138519731564,pressure,930
2026-01-31T10:10:11+01:00,40f081a6-4095-43f7-bffb-64e2af8c026e,41.040130226691744,21.340138519731564,temperature,9
2026-01-31T10:25:43+01:00,40f081a6-4095-43f7-bffb-64e2af8c026e,41.040130226691744,21.340138519731564,gasResistance,0
2026-01-31T10:25:43+01:00,40f081a6-4095-43f7-bffb-64e2af8c026e,41.040130226691744,21.340138519731564,humidity,57
2026-01-31T10:25:43+01:00,40f081a6-4095-43f7-bffb-64e2af8c026e,41.040130226691744,21.340138519731564,noise,18
2026-01-31T10:25:43+01:00,40f081a6-4095-43f7-bffb-64e2af8c026e,41.040130226691744,21.340138519731564,noise_dba,32
2026-01-31T10:25:43+01:00,40f081a6-4095-43f7-bffb-64e2af8c026e,41.040130226691744,21.340138519731564,pm10,5
2026-01-31T10:25:43+01:00,40f081a6-4095-43f7-bffb-64e2af8c026e,41.040130226691744,21.340138519731564,pm25,3
2026-01-31T10:25:43+01:00,40f081a6-4095-43f7-bffb-64e2af8c026e,41.040130226691744,21.340138519731564,pressure,930
2026-01-31T10:25:43+01:00,40f081a6-4095-43f7-bffb-64e2af8c026e,41.040130226691744,21.340138519731564,temperature,9
2026-01-31T10:41:16+01:00,40f081a6-4095-43f7-bffb-64e2af8c026e,41.040130226691744,21.340138519731564,gasResistance,0
2026-01-31T10:41:16+01:00,40f081a6-4095-43f7-bffb-64e2af8c026e,41.040130226691744,21.340138519731564,humidity,58
2026-01-31T10:41:16+01:00,40f081a6-4095-43f7-bffb-64e2af8c026e,41.040130226691744,21.340138519731564,noise,24
2026-01-31T10:41:16+01:00,40f081a6-4095-43f7-bffb-64e2af8c026e,41.040130226691744,21.340138519731564,noise_dba,36
2026-01-31T10:41:16+01:00,40f081a6-4095-43f7-bffb-64e2af8c026e,41.040130226691744,21.340138519731564,pm10,3
2026-01-31T10:41:16+01:00,40f081a6-4095-43f7-bffb-64e2af8c026e,41.040130226691744,21.340138519731564,pm25,2
2026-01-31T10:41:16+01:00,40f081a6-4095-43f7-bffb-64e2af8c026e,41.040130226691744,21.340138519731564,pressure,930
2026-01-31T10:41:16+01:00,40f081a6-4095-43f7-bffb-64e2af8c026e,41.040130226691744,21.340138519731564,temperature,9
2026-01-31T10:56:48+01:00,40f081a6-4095-43f7-bffb-64e2af8c026e,41.040130226691744,21.340138519731564,gasResistance,0
2026-01-31T10:56:48+01:00,40f081a6-4095-43f7-bffb-64e2af8c026e,41.040130226691744,21.340138519731564,humidity,56
2026-01-31T10:56:48+01:00,40f081a6-4095-43f7-bffb-64e2af8c026e,41.040130226691744,21.340138519731564,noise,26
2026-01-31T10:56:48+01:00,40f081a6-4095-43f7-bffb-64e2af8c026e,41.040130226691744,21.340138519731564,noise_dba,38
2026-01-31T10:56:48+01:00,40f081a6-4095-43f7-bffb-64e2af8c026e,41.040130226691744,21.340138519731564,pm10,4
2026-01-31T10:56:48+01:00,40f081a6-4095-43f7-bffb-64e2af8c026e,41.040130226691744,21.340138519731564,pm25,2
2026-01-31T10:56:48+01:00,40f081a6-4095-43f7-bffb-64e2af8c026e,41.040130226691744,21.340138519731564,pressure,930
2026-01-31T10:56:48+01:00,40f081a6-4095-43f7-bffb-64e2af8c026e,41.040130226691744,21.340138519731564,temperature,10
2026-01-31T11:12:20+01:00,40f081a6-4095-43f7-bffb-64e2af8c026e,41.040130226691744,21.340138519731564,gasResistance,0
2026-01-31T11:12:20+01:00,40f081a6-4095-43f7-bffb-64e2af8c026e,41.040130226691744,21.340138519731564,humidity,56
2026-01-31T11:12:20+01:00,40f081a6-4095-43f7-bffb-64e2af8c026e,41.040130226691744,21.340138519731564,noise,21
2026-01-31T11:12:20+01:00,40f081a6-4095-43f7-bffb-64e2af8c026e,41.040130226691744,21.340138519731564,noise_dba,34
2026-01-31T11:12:20+01:00,40f081a6-4095-43f7-bffb-64e2af8c026e,41.040130226691744,21.340138519731564,pm10,6
2026-01-31T11:12:20+01:00,40f081a6-4095-43f7-bffb-64e2af8c026e,41.040130226691744,21.340138519731564,pm25,2
2026-01-31T11:12:20+01:00,40f081a6-4095-43f7-bffb-64e2af8c026e,41.040130226691744,21.340138519731564,pressure,930
2026-01-31T11:12:20+01:00,40f081a6-4095-43f7-bffb-64e2af8c026e,41.040130226691744,21.340138519731564,temperature,10
2026-01-31T11:27:52+01:00,40f081a6-4095-43f7-bffb-64e2af8c026e,41.040130226691744,21.340138519731564,gasResistance,0
2026-01-31T11:27:52+01:00,40f081a6-4095-43f7-bffb-64e2af8c026e,41.040130226691744,21.340138519731564,humidity,57
2026-01-31T11:27:52+01:00,40f081a6-4095-43f7-bffb-64e2af8c026e,41.040130226691744,21.340138519731564,noise,24
2026-01-31T11:27:52+01:00,40f081a6-4095-43f7-bffb-64e2af8c026e,41.040130226691744,21.340138519731564,noise_dba,36
2026-01-31T11:27:52+01:00,40f081a6-4095-43f7-bffb-64e2af8c026e,41.040130226691744,21.340138519731564,pm10,4
2026-01-31T11:27:52+01:00,40f081a6-4095-43f7-bffb-64e2af8c026e,41.040130226691744,21.340138519731564,pm25,2
2026-01-31T11:27:52+01:00,40f081a6-4095-43f7-bffb-64e2af8c026e,41.040130226691744,21.340138519731564,pressure,930
2026-01-31T11:27:52+01:00,40f081a6-4095-43f7-bffb-64e2af8c026e,41.040130226691744,21.340138519731564,temperature,10
2026-01-31T11:43:25+01:00,40f081a6-4095-43f7-bffb-64e2af8c026e,41.040130226691744,21.340138519731564,gasResistance,0
2026-01-31T11:43:25+01:00,40f081a6-4095-43f7-bffb-64e2af8c026e,41.040130226691744,21.340138519731564,humidity,54
2026-01-31T11:43:25+01:00,40f081a6-4095-43f7-bffb-64e2af8c026e,41.040130226691744,21.340138519731564,noise,23
2026-01-31T11:43:25+01:00,40f081a6-4095-43f7-bffb-64e2af8c026e,41.040130226691744,21.340138519731564,noise_dba,36
2026-01-31T11:43:25+01:00,40f081a6-4095-43f7-bffb-64e2af8c026e,41.040130226691744,21.340138519731564,pm10,7
2026-01-31T11:43:25+01:00,40f081a6-4095-43f7-bffb-64e2af8c026e,41.040130226691744,21.340138519731564,pm25,4
2026-01-31T11:43:25+01:00,40f081a6-4095-43f7-bffb-64e2af8c026e,41.040130226691744,21.340138519731564,pressure,930
2026-01-31T11:43:25+01:00,40f081a6-4095-43f7-bffb-64e2af8c026e,41.040130226691744,21.340138519731564,temperature,10
2026-01-31T11:58:57+01:00,40f081a6-4095-43f7-bffb-64e2af8c026e,41.040130226691744,21.340138519731564,gasResistance,0
2026-01-31T11:58:57+01:00,40f081a6-4095-43f7-bffb-64e2af8c026e,41.040130226691744,21.340138519731564,humidity,55
2026-01-31T11:58:57+01:00,40f081a6-4095-43f7-bffb-64e2af8c026e,41.040130226691744,21.340138519731564,noise,20
2026-01-31T11:58:57+01:00,40f081a6-4095-43f7-bffb-64e2af8c026e,41.040130226691744,21.340138519731564,noise_dba,34
2026-01-31T11:58:57+01:00,40f081a6-4095-43f7-bffb-64e2af8c026e,41.040130226691744,21.340138519731564,pm10,7
2026-01-31T11:58:57+01:00,40f081a6-4095-43f7-bffb-64e2af8c026e,41.040130226691744,21.340138519731564,pm25,2
2026-01-31T11:58:57+01:00,40f081a6-4095-43f7-bffb-64e2af8c026e,41.040130226691744,21.340138519731564,pressure,930
2026-01-31T11:58:57+01:00,40f081a6-4095-43f7-bffb-64e2af8c026e,41.040130226691744,21.340138519731564,temperature,10
2026-01-31T12:14:29+01:00,40f081a6-4095-43f7-bffb-64e2af8c026e,41.040130226691744,21.340138519731564,gasResistance,0
2026-01-31T12:14:29+01:00,40f081a6-4095-43f7-bffb-64e2af8c026e,41.040130226691744,21.340138519731564,humidity,54
2026-01-31T12:14:29+01:00,40f081a6-4095-43f7-bffb-64e2af8c026e,41.040130226691744,21.340138519731564,noise,29
2026-01-31T12:14:29+01:00,40f081a6-4095-43f7-bffb-64e2af8c026e,41.040130226691744,21.340138519731564,noise_dba,40
2026-01-31T12:14:29+01:00,40f081a6-4095-43f7-bffb-64e2af8c026e,41.040130226691744,21.340138519731564,pm10,3
2026-01-31T12:14:29+01:00,40f081a6-4095-43f7-bffb-64e2af8c026e,41.040130226691744,21.340138519731564,pm25,1
2026-01-31T12:14:29+01:00,40f081a6-4095-43f7-bffb-64e2af8c026e,41.040130226691744,21.340138519731564,pressure,930
2026-01-31T12:14:29+01:00,40f081a6-4095-43f7-bffb-64e2af8c026e,41.040130226691744,21.340138519731564,temperature,10
2026-01-31T12:30:02+01:00,40f081a6-4095-43f7-bffb-64e2af8c026e,41.040130226691744,21.340138519731564,gasResistance,0
2026-01-31T12:30:02+01:00,40f081a6-4095-43f7-bffb-64e2af8c026e,41.040130226691744,21.340138519731564,humidity,55
2026-01-31T12:30:02+01:00,40f081a6-4095-43f7-bffb-64e2af8c026e,41.040130226691744,21.340138519731564,noise,26
2026-01-31T12:30:02+01:00,40f081a6-4095-43f7-bffb-64e2af8c026e,41.040130226691744,21.340138519731564,noise_dba,38
2026-01-31T12:30:02+01:00,40f081a6-4095-43f7-bffb-64e2af8c026e,41.040130226691744,21.340138519731564,pm10,6
2026-01-31T12:30:02+01:00,40f081a6-4095-43f7-bffb-64e2af8c026e,41.040130226691744,21.340138519731564,pm25,2
2026-01-31T12:30:02+01:00,40f081a6-4095-43f7-bffb-64e2af8c026e,41.040130226691744,21.340138519731564,pressure,929
2026-01-31T12:30:02+01:00,40f081a6-4095-43f7-bffb-64e2af8c026e,41.040130226691744,21.340138519731564,temperature,10
2026-01-31T12:45:34+01:00,40f081a6-4095-43f7-bffb-64e2af8c026e,41.040130226691744,21.340138519731564,gasResistance,0
2026-01-31T12:45:34+01:00,40f081a6-4095-43f7-bffb-64e2af8c026e,41.040130226691744,21.340138519731564,humidity,53
2026-01-31T12:45:34+01:00,40f081a6-4095-43f7-bffb-64e2af8c026e,41.040130226691744,21.340138519731564,noise,34
2026-01-31T12:45:34+01:00,40f081a6-4095-43f7-bffb-64e2af8c026e,41.040130226691744,21.340138519731564,noise_dba,42
2026-01-31T12:45:34+01:00,40f081a6-4095-43f7-bffb-64e2af8c026e,41.040130226691744,21.340138519731564,pm10,10
2026-01-31T12:45:34+01:00,40f081a6-4095-43f7-bffb-64e2af8c026e,41.040130226691744,21.340138519731564,pm25,5
2026-01-31T12:45:34+01:00,40f081a6-4095-43f7-bffb-64e2af8c026e,41.040130226691744,21.340138519731564,pressure,929
2026-01-31T12:45:34+01:00,40f081a6-4095-43f7-bffb-64e2af8c026e,41.040130226691744,21.340138519731564,temperature,11
2026-01-31T13:01:08+01:00,40f081a6-4095-43f7-bffb-64e2af8c026e,41.040130226691744,21.340138519731564,gasResistance,0
2026-01-31T13:01:08+01:00,40f081a6-4095-43f7-bffb-64e2af8c026e,41.040130226691744,21.340138519731564,humidity,53
2026-01-31T13:01:08+01:00,40f081a6-4095-43f7-bffb-64e2af8c026e,41.040130226691744,21.340138519731564,noise,20
2026-01-31T13:01:08+01:00,40f081a6-4095-43f7-bffb-64e2af8c026e,41.040130226691744,21.340138519731564,noise_dba,34
2026-01-31T13:01:08+01:00,40f081a6-4095-43f7-bffb-64e2af8c026e,41.040130226691744,21.340138519731564,pm10,6
2026-01-31T13:01:08+01:00,40f081a6-4095-43f7-bffb-64e2af8c026e,41.040130226691744,21.340138519731564,pm25,2
2026-01-31T13:01:08+01:00,40f081a6-4095-43f7-bffb-64e2af8c026e,41.040130226691744,21.340138519731564,pressure,929
2026-01-31T13:01:08+01:00,40f081a6-4095-43f7-bffb-64e2af8c026e,41.040130226691744,21.340138519731564,temperature,11
2026-01-31T13:16:40+01:00,40f081a6-4095-43f7-bffb-64e2af8c026e,41.040130226691744,21.340138519731564,gasResistance,0
2026-01-31T13:16:40+01:00,40f081a6-4095-43f7-bffb-64e2af8c026e,41.040130226691744,21.340138519731564,humidity,54
2026-01-31T13:16:40+01:00,40f081a6-4095-43f7-bffb-64e2af8c026e,41.040130226691744,21.340138519731564,noise,23
2026-01-31T13:16:40+01:00,40f081a6-4095-43f7-bffb-64e2af8c026e,41.040130226691744,21.340138519731564,noise_dba,36
2026-01-31T13:16:40+01:00,40f081a6-4095-43f7-bffb-64e2af8c026e,41.040130226691744,21.340138519731564,pm10,409
2026-01-31T13:16:40+01:00,40f081a6-4095-43f7-bffb-64e2af8c026e,41.040130226691744,21.340138519731564,pm25,235
2026-01-31T13:16:40+01:00,40f081a6-4095-43f7-bffb-64e2af8c026e,41.040130226691744,21.340138519731564,pressure,929
2026-01-31T13:16:40+01:00,40f081a6-4095-43f7-bffb-64e2af8c026e,41.040130226691744,21.340138519731564,temperature,11
2026-01-31T13:32:13+01:00,40f081a6-4095-43f7-bffb-64e2af8c026e,41.040130226691744,21.340138519731564,gasResistance,0
2026-01-31T13:32:13+01:00,40f081a6-4095-43f7-bffb-64e2af8c026e,41.040130226691744,21.340138519731564,humidity,52
2026-01-31T13:32:13+01:00,40f081a6-4095-43f7-bffb-64e2af8c026e,41.040130226691744,21.340138519731564,noise,20
2026-01-31T13:32:13+01:00,40f081a6-4095-43f7-bffb-64e2af8c026e,41.040130226691744,21.340138519731564,noise_dba,34
2026-01-31T13:32:13+01:00,40f081a6-4095-43f7-bffb-64e2af8c026e,41.040130226691744,21.340138519731564,pm10,5
2026-01-31T13:32:13+01:00,40f081a6-4095-43f7-bffb-64e2af8c026e,41.040130226691744,21.340138519731564,pm25,3
2026-01-31T13:32:13+01:00,40f081a6-4095-43f7-bffb-64e2af8c026e,41.040130226691744,21.340138519731564,pressure,929
2026-01-31T13:32:13+01:00,40f081a6-4095-43f7-bffb-64e2af8c026e,41.040130226691744,21.340138519731564,temperature,11
2026-01-31T13:47:45+01:00,40f081a6-4095-43f7-bffb-64e2af8c026e,41.040130226691744,21.340138519731564,gasResistance,0
2026-01-31T13:47:45+01:00,40f081a6-4095-43f7-bffb-64e2af8c026e,41.040130226691744,21.340138519731564,humidity,52
2026-01-31T13:47:45+01:00,40f081a6-4095-43f7-bffb-64e2af8c026e,41.040130226691744,21.340138519731564,noise,21
2026-01-31T13:47:45+01:00,40f081a6-4095-43f7-bffb-64e2af8c026e,41.040130226691744,21.340138519731564,noise_dba,34
2026-01-31T13:47:45+01:00,40f081a6-4095-43f7-bffb-64e2af8c026e,41.040130226691744,21.340138519731564,pm10,4
2026-01-31T13:47:45+01:00,40f081a6-4095-43f7-bffb-64e2af8c026e,41.040130226691744,21.340138519731564,pm25,2
2026-01-31T13:47:45+01:00,40f081a6-4095-43f7-bffb-64e2af8c026e,41.040130226691744,21.340138519731564,pressure,929
2026-01-31T13:47:45+01:00,40f081a6-4095-43f7-bffb-64e2af8c026e,41.040130226691744,21.340138519731564,temperature,11
2026-01-31T14:03:17+01:00,40f081a6-4095-43f7-bffb-64e2af8c026e,41.040130226691744,21.340138519731564,gasResistance,0
2026-01-31T14:03:17+01:00,40f081a6-4095-43f7-bffb-64e2af8c026e,41.040130226691744,21.340138519731564,humidity,51
2026-01-31T14:03:17+01:00,40f081a6-4095-43f7-bffb-64e2af8c026e,41.040130226691744,21.340138519731564,noise,21
2026-01-31T14:03:17+01:00,40f081a6-4095-43f7-bffb-64e2af8c026e,41.040130226691744,21.340138519731564,noise_dba,34
2026-01-31T14:03:17+01:00,40f081a6-4095-43f7-bffb-64e2af8c026e,41.040130226691744,21.340138519731564,pm10,7
2026-01-31T14:03:17+01:00,40f081a6-4095-43f7-bffb-64e2af8c026e,41.040130226691744,21.340138519731564,pm25,1
2026-01-31T14:03:17+01:00,40f081a6-4095-43f7-bffb-64e2af8c026e,41.040130226691744,21.340138519731564,pressure,929
2026-01-31T14:03:17+01:00,40f081a6-4095-43f7-bffb-64e2af8c026e,41.040130226691744,21.340138519731564,temperature,11
2026-01-31T14:18:49+01:00,40f081a6-4095-43f7-bffb-64e2af8c026e,41.040130226691744,21.340138519731564,gasResistance,0
2026-01-31T14:18:49+01:00,40f081a6-4095-43f7-bffb-64e2af8c026e,41.040130226691744,21.340138519731564,humidity,51
2026-01-31T14:18:49+01:00,40f081a6-4095-43f7-bffb-64e2af8c026e,41.040130226691744,21.340138519731564,noise,22
2026-01-31T14:18:49+01:00,40f081a6-4095-43f7-bffb-64e2af8c026e,41.040130226691744,21.340138519731564,noise_dba,35
2026-01-31T14:18:49+01:00,40f081a6-4095-43f7-bffb-64e2af8c026e,41.040130226691744,21.340138519731564,pm10,5
2026-01-31T14:18:49+01:00,40f081a6-4095-43f7-bffb-64e2af8c026e,41.040130226691744,21.340138519731564,pm25,1
2026-01-31T14:18:49+01:00,40f081a6-4095-43f7-bffb-64e2af8c026e,41.040130226691744,21.340138519731564,pressure,929
2026-01-31T14:18:49+01:00,40f081a6-4095-43f7-bffb-64e2af8c026e,41.040130226691744,21.340138519731564,temperature,11
2026-01-31T14:34:22+01:00,40f081a6-4095-43f7-bffb-64e2af8c026e,41.040130226691744,21.340138519731564,gasResistance,0
2026-01-31T14:34:22+01:00,40f081a6-4095-43f7-bffb-64e2af8c026e,41.040130226691744,21.340138519731564,humidity,50
2026-01-31T14:34:22+01:00,40f081a6-4095-43f7-bffb-64e2af8c026e,41.040130226691744,21.340138519731564,noise,33
2026-01-31T14:34:22+01:00,40f081a6-4095-43f7-bffb-64e2af8c026e,41.040130226691744,21.340138519731564,noise_dba,42
2026-01-31T14:34:22+01:00,40f081a6-4095-43f7-bffb-64e2af8c026e,41.040130226691744,21.340138519731564,pm10,2
2026-01-31T14:34:22+01:00,40f081a6-4095-43f7-bffb-64e2af8c026e,41.040130226691744,21.340138519731564,pm25,1
2026-01-31T14:34:22+01:00,40f081a6-4095-43f7-bffb-64e2af8c026e,41.040130226691744,21.340138519731564,pressure,929
2026-01-31T14:34:22+01:00,40f081a6-4095-43f7-bffb-64e2af8c026e,41.040130226691744,21.340138519731564,temperature,12
2026-01-31T14:49:54+01:00,40f081a6-4095-43f7-bffb-64e2af8c026e,41.040130226691744,21.340138519731564,gasResistance,0
2026-01-31T14:49:54+01:00,40f081a6-4095-43f7-bffb-64e2af8c026e,41.040130226691744,21.340138519731564,humidity,51
2026-01-31T14:49:54+01:00,40f081a6-4095-43f7-bffb-64e2af8c026e,41.040130226691744,21.340138519731564,noise,20
2026-01-31T14:49:54+01:00,40f081a6-4095-43f7-bffb-64e2af8c026e,41.040130226691744,21.340138519731564,noise_dba,34
2026-01-31T14:49:54+01:00,40f081a6-4095-43f7-bffb-64e2af8c026e,41.040130226691744,21.340138519731564,pm10,3
2026-01-31T14:49:54+01:00,40f081a6-4095-43f7-bffb-64e2af8c026e,41.040130226691744,21.340138519731564,pm25,1
2026-01-31T14:49:54+01:00,40f081a6-4095-43f7-bffb-64e2af8c026e,41.040130226691744,21.340138519731564,pressure,930
2026-01-31T14:49:54+01:00,40f081a6-4095-43f7-bffb-64e2af8c026e,41.040130226691744,21.340138519731564,temperature,12
2026-01-31T15:05:27+01:00,40f081a6-4095-43f7-bffb-64e2af8c026e,41.040130226691744,21.340138519731564,gasResistance,0
2026-01-31T15:05:27+01:00,40f081a6-4095-43f7-bffb-64e2af8c026e,41.040130226691744,21.340138519731564,humidity,51
2026-01-31T15:05:27+01:00,40f081a6-4095-43f7-bffb-64e2af8c026e,41.040130226691744,21.340138519731564,noise,18
2026-01-31T15:05:27+01:00,40f081a6-4095-43f7-bffb-64e2af8c026e,41.040130226691744,21.340138519731564,noise_dba,32
2026-01-31T15:05:27+01:00,40f081a6-4095-43f7-bffb-64e2af8c026e,41.040130226691744,21.340138519731564,pm10,5
2026-01-31T15:05:27+01:00,40f081a6-4095-43f7-bffb-64e2af8c026e,41.040130226691744,21.340138519731564,pm25,2
2026-01-31T15:05:27+01:00,40f081a6-4095-43f7-bffb-64e2af8c026e,41.040130226691744,21.340138519731564,pressure,930
2026-01-31T15:05:27+01:00,40f081a6-4095-43f7-bffb-64e2af8c026e,41.040130226691744,21.340138519731564,temperature,12
2026-01-31T15:20:59+01:00,40f081a6-4095-43f7-bffb-64e2af8c026e,41.040130226691744,21.340138519731564,gasResistance,0
2026-01-31T15:20:59+01:00,40f081a6-4095-43f7-bffb-64e2af8c026e,41.040130226691744,21.340138519731564,humidity,51
2026-01-31T15:20:59+01:00,40f081a6-4095-43f7-bffb-64e2af8c026e,41.040130226691744,21.340138519731564,noise,18
2026-01-31T15:20:59+01:00,40f081a6-4095-43f7-bffb-64e2af8c026e,41.040130226691744,21.340138519731564,noise_dba,32
2026-01-31T15:20:59+01:00,40f081a6-4095-43f7-bffb-64e2af8c026e,41.040130226691744,21.340138519731564,pm10,22
2026-01-31T15:20:59+01:00,40f081a6-4095-43f7-bffb-64e2af8c026e,41.040130226691744,21.340138519731564,pm25,11
2026-01-31T15:20:59+01:00,40f081a6-4095-43f7-bffb-64e2af8c026e,41.040130226691744,21.340138519731564,pressure,930
2026-01-31T15:20:59+01:00,40f081a6-4095-43f7-bffb-64e2af8c026e,41.040130226691744,21.340138519731564,temperature,12
2026-01-31T15:36:31+01:00,40f081a6-4095-43f7-bffb-64e2af8c026e,41.040130226691744,21.340138519731564,gasResistance,0
2026-01-31T15:36:31+01:00,40f081a6-4095-43f7-bffb-64e2af8c026e,41.040130226691744,21.340138519731564,humidity,52
2026-01-31T15:36:31+01:00,40f081a6-4095-43f7-bffb-64e2af8c026e,41.040130226691744,21.340138519731564,noise,20
2026-01-31T15:36:31+01:00,40f081a6-4095-43f7-bffb-64e2af8c026e,41.040130226691744,21.340138519731564,noise_dba,34
2026-01-31T15:36:31+01:00,40f081a6-4095-43f7-bffb-64e2af8c026e,41.040130226691744,21.340138519731564,pm10,49
2026-01-31T15:36:31+01:00,40f081a6-4095-43f7-bffb-64e2af8c026e,41.040130226691744,21.340138519731564,pm25,32
2026-01-31T15:36:31+01:00,40f081a6-4095-43f7-bffb-64e2af8c026e,41.040130226691744,21.340138519731564,pressure,930
2026-01-31T15:36:31+01:00,40f081a6-4095-43f7-bffb-64e2af8c026e,41.040130226691744,21.340138519731564,temperature,12
2026-01-31T15:52:03+01:00,40f081a6-4095-43f7-bffb-64e2af8c026e,41.040130226691744,21.340138519731564,gasResistance,0
2026-01-31T15:52:03+01:00,40f081a6-4095-43f7-bffb-64e2af8c026e,41.040130226691744,21.340138519731564,humidity,53
2026-01-31T15:52:03+01:00,40f081a6-4095-43f7-bffb-64e2af8c026e,41.040130226691744,21.340138519731564,noise,21
2026-01-31T15:52:03+01:00,40f081a6-4095-43f7-bffb-64e2af8c026e,41.040130226691744,21.340138519731564,noise_dba,34
2026-01-31T15:52:03+01:00,40f081a6-4095-43f7-bffb-64e2af8c026e,41.040130226691744,21.340138519731564,pm10,8
2026-01-31T15:52:03+01:00,40f081a6-4095-43f7-bffb-64e2af8c026e,41.040130226691744,21.340138519731564,pm25,5
2026-01-31T15:52:03+01:00,40f081a6-4095-43f7-bffb-64e2af8c026e,41.040130226691744,21.340138519731564,pressure,930
2026-01-31T15:52:03+01:00,40f081a6-4095-43f7-bffb-64e2af8c026e,41.040130226691744,21.340138519731564,temperature,12
2026-01-31T16:07:35+01:00,40f081a6-4095-43f7-bffb-64e2af8c026e,41.040130226691744,21.340138519731564,gasResistance,0
2026-01-31T16:07:35+01:00,40f081a6-4095-43f7-bffb-64e2af8c026e,41.040130226691744,21.340138519731564,humidity,52
2026-01-31T16:07:35+01:00,40f081a6-4095-43f7-bffb-64e2af8c026e,41.040130226691744,21.340138519731564,noise,21
2026-01-31T16:07:35+01:00,40f081a6-4095-43f7-bffb-64e2af8c026e,41.040130226691744,21.340138519731564,noise_dba,34
2026-01-31T16:07:35+01:00,40f081a6-4095-43f7-bffb-64e2af8c026e,41.040130226691744,21.340138519731564,pm10,5
2026-01-31T16:07:35+01:00,40f081a6-4095-43f7-bffb-64e2af8c026e,41.040130226691744,21.340138519731564,pm25,3
2026-01-31T16:07:35+01:00,40f081a6-4095-43f7-bffb-64e2af8c026e,41.040130226691744,21.340138519731564,pressure,930
2026-01-31T16:07:35+01:00,40f081a6-4095-43f7-bffb-64e2af8c026e,41.040130226691744,21.340138519731564,temperature,11
2026-01-31T16:23:08+01:00,40f081a6-4095-43f7-bffb-64e2af8c026e,41.040130226691744,21.340138519731564,gasResistance,0
2026-01-31T16:23:08+01:00,40f081a6-4095-43f7-bffb-64e2af8c026e,41.040130226691744,21.340138519731564,humidity,53
2026-01-31T16:23:08+01:00,40f081a6-4095-43f7-bffb-64e2af8c026e,41.040130226691744,21.340138519731564,noise,24
2026-01-31T16:23:08+01:00,40f081a6-4095-43f7-bffb-64e2af8c026e,41.040130226691744,21.340138519731564,noise_dba,36
2026-01-31T16:23:08+01:00,40f081a6-4095-43f7-bffb-64e2af8c026e,41.040130226691744,21.340138519731564,pm10,28
2026-01-31T16:23:08+01:00,40f081a6-4095-43f7-bffb-64e2af8c026e,41.040130226691744,21.340138519731564,pm25,15
2026-01-31T16:23:08+01:00,40f081a6-4095-43f7-bffb-64e2af8c026e,41.040130226691744,21.340138519731564,pressure,930
2026-01-31T16:23:08+01:00,40f081a6-4095-43f7-bffb-64e2af8c026e,41.040130226691744,21.340138519731564,temperature,11
2026-01-31T16:38:40+01:00,40f081a6-4095-43f7-bffb-64e2af8c026e,41.040130226691744,21.340138519731564,gasResistance,0
2026-01-31T16:38:40+01:00,40f081a6-4095-43f7-bffb-64e2af8c026e,41.040130226691744,21.340138519731564,humidity,55
2026-01-31T16:38:40+01:00,40f081a6-4095-43f7-bffb-64e2af8c026e,41.040130226691744,21.340138519731564,noise,25
2026-01-31T16:38:40+01:00,40f081a6-4095-43f7-bffb-64e2af8c026e,41.040130226691744,21.340138519731564,noise_dba,37
2026-01-31T16:38:40+01:00,40f081a6-4095-43f7-bffb-64e2af8c026e,41.040130226691744,21.340138519731564,pm10,46
2026-01-31T16:38:40+01:00,40f081a6-4095-43f7-bffb-64e2af8c026e,41.040130226691744,21.340138519731564,pm25,28
2026-01-31T16:38:40+01:00,40f081a6-4095-43f7-bffb-64e2af8c026e,41.040130226691744,21.340138519731564,pressure,930
2026-01-31T16:38:40+01:00,40f081a6-4095-43f7-bffb-64e2af8c026e,41.040130226691744,21.340138519731564,temperature,11
2026-01-31T16:54:12+01:00,40f081a6-4095-43f7-bffb-64e2af8c026e,41.040130226691744,21.340138519731564,gasResistance,0
2026-01-31T16:54:12+01:00,40f081a6-4095-43f7-bffb-64e2af8c026e,41.040130226691744,21.340138519731564,humidity,56
2026-01-31T16:54:12+01:00,40f081a6-4095-43f7-bffb-64e2af8c026e,41.040130226691744,21.340138519731564,noise,17
2026-01-31T16:54:12+01:00,40f081a6-4095-43f7-bffb-64e2af8c026e,41.040130226691744,21.340138519731564,noise_dba,31
2026-01-31T16:54:12+01:00,40f081a6-4095-43f7-bffb-64e2af8c026e,41.040130226691744,21.340138519731564,pm10,86
2026-01-31T16:54:12+01:00,40f081a6-4095-43f7-bffb-64e2af8c026e,41.040130226691744,21.340138519731564,pm25,55
2026-01-31T16:54:12+01:00,40f081a6-4095-43f7-bffb-64e2af8c026e,41.040130226691744,21.340138519731564,pressure,930
2026-01-31T16:54:12+01:00,40f081a6-4095-43f7-bffb-64e2af8c026e,41.040130226691744,21.340138519731564,temperature,11
2026-01-31T17:09:44+01:00,40f081a6-4095-43f7-bffb-64e2af8c026e,41.040130226691744,21.340138519731564,gasResistance,0
2026-01-31T17:09:44+01:00,40f081a6-4095-43f7-bffb-64e2af8c026e,41.040130226691744,21.340138519731564,humidity,56
2026-01-31T17:09:44+01:00,40f081a6-4095-43f7-bffb-64e2af8c026e,41.040130226691744,21.340138519731564,noise,24
2026-01-31T17:09:44+01:00,40f081a6-4095-43f7-bffb-64e2af8c026e,41.040130226691744,21.340138519731564,noise_dba,36
2026-01-31T17:09:44+01:00,40f081a6-4095-43f7-bffb-64e2af8c026e,41.040130226691744,21.340138519731564,pm10,43
2026-01-31T17:09:44+01:00,40f081a6-4095-43f7-bffb-64e2af8c026e,41.040130226691744,21.340138519731564,pm25,27
2026-01-31T17:09:44+01:00,40f081a6-4095-43f7-bffb-64e2af8c026e,41.040130226691744,21.340138519731564,pressure,930
2026-01-31T17:09:44+01:00,40f081a6-4095-43f7-bffb-64e2af8c026e,41.040130226691744,21.340138519731564,temperature,10
2026-01-31T17:25:16+01:00,40f081a6-4095-43f7-bffb-64e2af8c026e,41.040130226691744,21.340138519731564,gasResistance,0
2026-01-31T17:25:16+01:00,40f081a6-4095-43f7-bffb-64e2af8c026e,41.040130226691744,21.340138519731564,humidity,56
2026-01-31T17:25:16+01:00,40f081a6-4095-43f7-bffb-64e2af8c026e,41.040130226691744,21.340138519731564,noise,18
2026-01-31T17:25:16+01:00,40f081a6-4095-43f7-bffb-64e2af8c026e,41.040130226691744,21.340138519731564,noise_dba,32
2026-01-31T17:25:16+01:00,40f081a6-4095-43f7-bffb-64e2af8c026e,41.040130226691744,21.340138519731564,pm10,321
2026-01-31T17:25:16+01:00,40f081a6-4095-43f7-bffb-64e2af8c026e,41.040130226691744,21.340138519731564,pm25,180
2026-01-31T17:25:16+01:00,40f081a6-4095-43f7-bffb-64e2af8c026e,41.040130226691744,21.340138519731564,pressure,930
2026-01-31T17:25:16+01:00,40f081a6-4095-43f7-bffb-64e2af8c026e,41.040130226691744,21.340138519731564,temperature,10
2026-01-31T17:40:48+01:00,40f081a6-4095-43f7-bffb-64e2af8c026e,41.040130226691744,21.340138519731564,gasResistance,0
2026-01-31T17:40:48+01:00,40f081a6-4095-43f7-bffb-64e2af8c026e,41.040130226691744,21.340138519731564,humidity,54
2026-01-31T17:40:48+01:00,40f081a6-4095-43f7-bffb-64e2af8c026e,41.040130226691744,21.340138519731564,noise,19
2026-01-31T17:40:48+01:00,40f081a6-4095-43f7-bffb-64e2af8c026e,41.040130226691744,21.340138519731564,noise_dba,33
2026-01-31T17:40:48+01:00,40f081a6-4095-43f7-bffb-64e2af8c026e,41.040130226691744,21.340138519731564,pm10,6
2026-01-31T17:40:48+01:00,40f081a6-4095-43f7-bffb-64e2af8c026e,41.040130226691744,21.340138519731564,pm25,3
2026-01-31T17:40:48+01:00,40f081a6-4095-43f7-bffb-64e2af8c026e,41.040130226691744,21.340138519731564,pressure,930
2026-01-31T17:40:48+01:00,40f081a6-4095-43f7-bffb-64e2af8c026e,41.040130226691744,21.340138519731564,temperature,10
2026-01-31T17:56:20+01:00,40f081a6-4095-43f7-bffb-64e2af8c026e,41.040130226691744,21.340138519731564,gasResistance,0
2026-01-31T17:56:20+01:00,40f081a6-4095-43f7-bffb-64e2af8c026e,41.040130226691744,21.340138519731564,humidity,56
2026-01-31T17:56:20+01:00,40f081a6-4095-43f7-bffb-64e2af8c026e,41.040130226691744,21.340138519731564,noise,22
2026-01-31T17:56:20+01:00,40f081a6-4095-43f7-bffb-64e2af8c026e,41.040130226691744,21.340138519731564,noise_dba,35
2026-01-31T17:56:20+01:00,40f081a6-4095-43f7-bffb-64e2af8c026e,41.040130226691744,21.340138519731564,pm10,9
2026-01-31T17:56:20+01:00,40f081a6-4095-43f7-bffb-64e2af8c026e,41.040130226691744,21.340138519731564,pm25,5
2026-01-31T17:56:20+01:00,40f081a6-4095-43f7-bffb-64e2af8c026e,41.040130226691744,21.340138519731564,pressure,930
2026-01-31T17:56:20+01:00,40f081a6-4095-43f7-bffb-64e2af8c026e,41.040130226691744,21.340138519731564,temperature,10
2026-01-31T18:11:52+01:00,40f081a6-4095-43f7-bffb-64e2af8c026e,41.040130226691744,21.340138519731564,gasResistance,0
2026-01-31T18:11:52+01:00,40f081a6-4095-43f7-bffb-64e2af8c026e,41.040130226691744,21.340138519731564,humidity,57
2026-01-31T18:11:52+01:00,40f081a6-4095-43f7-bffb-64e2af8c026e,41.040130226691744,21.340138519731564,noise,22
2026-01-31T18:11:52+01:00,40f081a6-4095-43f7-bffb-64e2af8c026e,41.040130226691744,21.340138519731564,noise_dba,35
2026-01-31T18:11:52+01:00,40f081a6-4095-43f7-bffb-64e2af8c026e,41.040130226691744,21.340138519731564,pm10,69
2026-01-31T18:11:52+01:00,40f081a6-4095-43f7-bffb-64e2af8c026e,41.040130226691744,21.340138519731564,pm25,43
2026-01-31T18:11:52+01:00,40f081a6-4095-43f7-bffb-64e2af8c026e,41.040130226691744,21.340138519731564,pressure,930
2026-01-31T18:11:52+01:00,40f081a6-4095-43f7-bffb-64e2af8c026e,41.040130226691744,21.340138519731564,temperature,9
2026-01-31T18:27:25+01:00,40f081a6-4095-43f7-bffb-64e2af8c026e,41.040130226691744,21.340138519731564,gasResistance,0
2026-01-31T18:27:25+01:00,40f081a6-4095-43f7-bffb-64e2af8c026e,41.040130226691744,21.340138519731564,humidity,58
2026-01-31T18:27:25+01:00,40f081a6-4095-43f7-bffb-64e2af8c026e,41.040130226691744,21.340138519731564,noise,28
2026-01-31T18:27:25+01:00,40f081a6-4095-43f7-bffb-64e2af8c026e,41.040130226691744,21.340138519731564,noise_dba,39
2026-01-31T18:27:25+01:00,40f081a6-4095-43f7-bffb-64e2af8c026e,41.040130226691744,21.340138519731564,pm10,168
2026-01-31T18:27:25+01:00,40f081a6-4095-43f7-bffb-64e2af8c026e,41.040130226691744,21.340138519731564,pm25,106
2026-01-31T18:27:25+01:00,40f081a6-4095-43f7-bffb-64e2af8c026e,41.040130226691744,21.340138519731564,pressure,931
2026-01-31T18:27:25+01:00,40f081a6-4095-43f7-bffb-64e2af8c026e,41.040130226691744,21.340138519731564,temperature,9
2026-01-31T18:42:57+01:00,40f081a6-4095-43f7-bffb-64e2af8c026e,41.040130226691744,21.340138519731564,gasResistance,0
2026-01-31T18:42:57+01:00,40f081a6-4095-43f7-bffb-64e2af8c026e,41.040130226691744,21.340138519731564,humidity,58
2026-01-31T18:42:57+01:00,40f081a6-4095-43f7-bffb-64e2af8c026e,41.040130226691744,21.340138519731564,noise,33
2026-01-31T18:42:57+01:00,40f081a6-4095-43f7-bffb-64e2af8c026e,41.040130226691744,21.340138519731564,noise_dba,42
2026-01-31T18:42:57+01:00,40f081a6-4095-43f7-bffb-64e2af8c026e,41.040130226691744,21.340138519731564,pm10,62
2026-01-31T18:42:57+01:00,40f081a6-4095-43f7-bffb-64e2af8c026e,41.040130226691744,21.340138519731564,pm25,36
2026-01-31T18:42:57+01:00,40f081a6-4095-43f7-bffb-64e2af8c026e,41.040130226691744,21.340138519731564,pressure,931
2026-01-31T18:42:57+01:00,40f081a6-4095-43f7-bffb-64e2af8c026e,41.040130226691744,21.340138519731564,temperature,9
2026-01-31T18:58:30+01:00,40f081a6-4095-43f7-bffb-64e2af8c026e,41.040130226691744,21.340138519731564,gasResistance,0
2026-01-31T18:58:30+01:00,40f081a6-4095-43f7-bffb-64e2af8c026e,41.040130226691744,21.340138519731564,humidity,58
2026-01-31T18:58:30+01:00,40f081a6-4095-43f7-bffb-64e2af8c026e,41.040130226691744,21.340138519731564,noise,29
2026-01-31T18:58:30+01:00,40f081a6-4095-43f7-bffb-64e2af8c026e,41.040130226691744,21.340138519731564,noise_dba,40
2026-01-31T18:58:30+01:00,40f081a6-4095-43f7-bffb-64e2af8c026e,41.040130226691744,21.340138519731564,pm10,103
2026-01-31T18:58:30+01:00,40f081a6-4095-43f7-bffb-64e2af8c026e,41.040130226691744,21.340138519731564,pm25,62
2026-01-31T18:58:30+01:00,40f081a6-4095-43f7-bffb-64e2af8c026e,41.040130226691744,21.340138519731564,pressure,931
2026-01-31T18:58:30+01:00,40f081a6-4095-43f7-bffb-64e2af8c026e,41.040130226691744,21.340138519731564,temperature,8
2026-01-31T19:14:02+01:00,40f081a6-4095-43f7-bffb-64e2af8c026e,41.040130226691744,21.340138519731564,gasResistance,0
2026-01-31T19:14:02+01:00,40f081a6-4095-43f7-bffb-64e2af8c026e,41.040130226691744,21.340138519731564,humidity,58
2026-01-31T19:14:02+01:00,40f081a6-4095-43f7-bffb-64e2af8c026e,41.040130226691744,21.340138519731564,noise,23
2026-01-31T19:14:02+01:00,40f081a6-4095-43f7-bffb-64e2af8c026e,41.040130226691744,21.340138519731564,noise_dba,36
2026-01-31T19:14:02+01:00,40f081a6-4095-43f7-bffb-64e2af8c026e,41.040130226691744,21.340138519731564,pm10,22
2026-01-31T19:14:02+01:00,40f081a6-4095-43f7-bffb-64e2af8c026e,41.040130226691744,21.340138519731564,pm25,14
2026-01-31T19:14:02+01:00,40f081a6-4095-43f7-bffb-64e2af8c026e,41.040130226691744,21.340138519731564,pressure,931
2026-01-31T19:14:02+01:00,40f081a6-4095-43f7-bffb-64e2af8c026e,41.040130226691744,21.340138519731564,temperature,8
2026-01-31T19:29:34+01:00,40f081a6-4095-43f7-bffb-64e2af8c026e,41.040130226691744,21.340138519731564,gasResistance,0
2026-01-31T19:29:34+01:00,40f081a6-4095-43f7-bffb-64e2af8c026e,41.040130226691744,21.340138519731564,humidity,59
2026-01-31T19:29:34+01:00,40f081a6-4095-43f7-bffb-64e2af8c026e,41.040130226691744,21.340138519731564,noise,22
2026-01-31T19:29:34+01:00,40f081a6-4095-43f7-bffb-64e2af8c026e,41.040130226691744,21.340138519731564,noise_dba,35
2026-01-31T19:29:34+01:00,40f081a6-4095-43f7-bffb-64e2af8c026e,41.040130226691744,21.340138519731564,pm10,13
2026-01-31T19:29:34+01:00,40f081a6-4095-43f7-bffb-64e2af8c026e,41.040130226691744,21.340138519731564,pm25,7
2026-01-31T19:29:34+01:00,40f081a6-4095-43f7-bffb-64e2af8c026e,41.040130226691744,21.340138519731564,pressure,931
2026-01-31T19:29:34+01:00,40f081a6-4095-43f7-bffb-64e2af8c026e,41.040130226691744,21.340138519731564,temperature,8
2026-01-31T19:45:06+01:00,40f081a6-4095-43f7-bffb-64e2af8c026e,41.040130226691744,21.340138519731564,gasResistance,0
2026-01-31T19:45:06+01:00,40f081a6-4095-43f7-bffb-64e2af8c026e,41.040130226691744,21.340138519731564,humidity,59
2026-01-31T19:45:06+01:00,40f081a6-4095-43f7-bffb-64e2af8c026e,41.040130226691744,21.340138519731564,noise,23
2026-01-31T19:45:06+01:00,40f081a6-4095-43f7-bffb-64e2af8c026e,41.040130226691744,21.340138519731564,noise_dba,36
2026-01-31T19:45:06+01:00,40f081a6-4095-43f7-bffb-64e2af8c026e,41.040130226691744,21.340138519731564,pm10,128
2026-01-31T19:45:06+01:00,40f081a6-4095-43f7-bffb-64e2af8c026e,41.040130226691744,21.340138519731564,pm25,74
2026-01-31T19:45:06+01:00,40f081a6-4095-43f7-bffb-64e2af8c026e,41.040130226691744,21.340138519731564,pressure,931
2026-01-31T19:45:06+01:00,40f081a6-4095-43f7-bffb-64e2af8c026e,41.040130226691744,21.340138519731564,temperature,8
2026-01-31T20:00:38+01:00,40f081a6-4095-43f7-bffb-64e2af8c026e,41.040130226691744,21.340138519731564,gasResistance,0
2026-01-31T20:00:38+01:00,40f081a6-4095-43f7-bffb-64e2af8c026e,41.040130226691744,21.340138519731564,humidity,59
2026-01-31T20:00:38+01:00,40f081a6-4095-43f7-bffb-64e2af8c026e,41.040130226691744,21.340138519731564,noise,29
2026-01-31T20:00:38+01:00,40f081a6-4095-43f7-bffb-64e2af8c026e,41.040130226691744,21.340138519731564,noise_dba,40
2026-01-31T20:00:38+01:00,40f081a6-4095-43f7-bffb-64e2af8c026e,41.040130226691744,21.340138519731564,pm10,58
2026-01-31T20:00:38+01:00,40f081a6-4095-43f7-bffb-64e2af8c026e,41.040130226691744,21.340138519731564,pm25,38
2026-01-31T20:00:38+01:00,40f081a6-4095-43f7-bffb-64e2af8c026e,41.040130226691744,21.340138519731564,pressure,931
2026-01-31T20:00:38+01:00,40f081a6-4095-43f7-bffb-64e2af8c026e,41.040130226691744,21.340138519731564,temperature,8
2026-01-31T20:16:11+01:00,40f081a6-4095-43f7-bffb-64e2af8c026e,41.040130226691744,21.340138519731564,gasResistance,0
2026-01-31T20:16:11+01:00,40f081a6-4095-43f7-bffb-64e2af8c026e,41.040130226691744,21.340138519731564,humidity,59
2026-01-31T20:16:11+01:00,40f081a6-4095-43f7-bffb-64e2af8c026e,41.040130226691744,21.340138519731564,noise,31
2026-01-31T20:16:11+01:00,40f081a6-4095-43f7-bffb-64e2af8c026e,41.040130226691744,21.340138519731564,noise_dba,41
2026-01-31T20:16:11+01:00,40f081a6-4095-43f7-bffb-64e2af8c026e,41.040130226691744,21.340138519731564,pm10,29
2026-01-31T20:16:11+01:00,40f081a6-4095-43f7-bffb-64e2af8c026e,41.040130226691744,21.340138519731564,pm25,19
2026-01-31T20:16:11+01:00,40f081a6-4095-43f7-bffb-64e2af8c026e,41.040130226691744,21.340138519731564,pressure,932
2026-01-31T20:16:11+01:00,40f081a6-4095-43f7-bffb-64e2af8c026e,41.040130226691744,21.340138519731564,temperature,8
2026-01-31T20:31:43+01:00,40f081a6-4095-43f7-bffb-64e2af8c026e,41.040130226691744,21.340138519731564,gasResistance,0
2026-01-31T20:31:43+01:00,40f081a6-4095-43f7-bffb-64e2af8c026e,41.040130226691744,21.340138519731564,humidity,59
2026-01-31T20:31:43+01:00,40f081a6-4095-43f7-bffb-64e2af8c026e,41.040130226691744,21.340138519731564,noise,31
2026-01-31T20:31:43+01:00,40f081a6-4095-43f7-bffb-64e2af8c026e,41.040130226691744,21.340138519731564,noise_dba,41
2026-01-31T20:31:43+01:00,40f081a6-4095-43f7-bffb-64e2af8c026e,41.040130226691744,21.340138519731564,pm10,47
2026-01-31T20:31:43+01:00,40f081a6-4095-43f7-bffb-64e2af8c026e,41.040130226691744,21.340138519731564,pm25,28
2026-01-31T20:31:43+01:00,40f081a6-4095-43f7-bffb-64e2af8c026e,41.040130226691744,21.340138519731564,pressure,932
2026-01-31T20:31:43+01:00,40f081a6-4095-43f7-bffb-64e2af8c026e,41.040130226691744,21.340138519731564,temperature,7
2026-01-31T20:47:15+01:00,40f081a6-4095-43f7-bffb-64e2af8c026e,41.040130226691744,21.340138519731564,gasResistance,0
2026-01-31T20:47:15+01:00,40f081a6-4095-43f7-bffb-64e2af8c026e,41.040130226691744,21.340138519731564,humidity,60
2026-01-31T20:47:15+01:00,40f081a6-4095-43f7-bffb-64e2af8c026e,41.040130226691744,21.340138519731564,noise,27
2026-01-31T20:47:15+01:00,40f081a6-4095-43f7-bffb-64e2af8c026e,41.040130226691744,21.340138519731564,noise_dba,38
2026-01-31T20:47:15+01:00,40f081a6-4095-43f7-bffb-64e2af8c026e,41.040130226691744,21.340138519731564,pm10,37
2026-01-31T20:47:15+01:00,40f081a6-4095-43f7-bffb-64e2af8c026e,41.040130226691744,21.340138519731564,pm25,23
2026-01-31T20:47:15+01:00,40f081a6-4095-43f7-bffb-64e2af8c026e,41.040130226691744,21.340138519731564,pressure,932
2026-01-31T20:47:15+01:00,40f081a6-4095-43f7-bffb-64e2af8c026e,41.040130226691744,21.340138519731564,temperature,7
2026-01-31T21:02:48+01:00,40f081a6-4095-43f7-bffb-64e2af8c026e,41.040130226691744,21.340138519731564,gasResistance,0
2026-01-31T21:02:48+01:00,40f081a6-4095-43f7-bffb-64e2af8c026e,41.040130226691744,21.340138519731564,humidity,60
2026-01-31T21:02:48+01:00,40f081a6-4095-43f7-bffb-64e2af8c026e,41.040130226691744,21.340138519731564,noise,23
2026-01-31T21:02:48+01:00,40f081a6-4095-43f7-bffb-64e2af8c026e,41.040130226691744,21.340138519731564,noise_dba,36
2026-01-31T21:02:48+01:00,40f081a6-4095-43f7-bffb-64e2af8c026e,41.040130226691744,21.340138519731564,pm10,32
2026-01-31T21:02:48+01:00,40f081a6-4095-43f7-bffb-64e2af8c026e,41.040130226691744,21.340138519731564,pm25,18
2026-01-31T21:02:48+01:00,40f081a6-4095-43f7-bffb-64e2af8c026e,41.040130226691744,21.340138519731564,pressure,932
2026-01-31T21:02:48+01:00,40f081a6-4095-43f7-bffb-64e2af8c026e,41.040130226691744,21.340138519731564,temperature,7
2026-01-31T21:18:22+01:00,40f081a6-4095-43f7-bffb-64e2af8c026e,41.040130226691744,21.340138519731564,gasResistance,0
2026-01-31T21:18:22+01:00,40f081a6-4095-43f7-bffb-64e2af8c026e,41.040130226691744,21.340138519731564,humidity,60
2026-01-31T21:18:22+01:00,40f081a6-4095-43f7-bffb-64e2af8c026e,41.040130226691744,21.340138519731564,noise,31
2026-01-31T21:18:22+01:00,40f081a6-4095-43f7-bffb-64e2af8c026e,41.040130226691744,21.340138519731564,noise_dba,41
2026-01-31T21:18:22+01:00,40f081a6-4095-43f7-bffb-64e2af8c026e,41.040130226691744,21.340138519731564,pm10,42
2026-01-31T21:18:22+01:00,40f081a6-4095-43f7-bffb-64e2af8c026e,41.040130226691744,21.340138519731564,pm25,23
2026-01-31T21:18:22+01:00,40f081a6-4095-43f7-bffb-64e2af8c026e,41.040130226691744,21.340138519731564,pressure,932
2026-01-31T21:18:22+01:00,40f081a6-4095-43f7-bffb-64e2af8c026e,41.040130226691744,21.340138519731564,temperature,7
2026-01-31T21:33:54+01:00,40f081a6-4095-43f7-bffb-64e2af8c026e,41.040130226691744,21.340138519731564,gasResistance,0
2026-01-31T21:33:54+01:00,40f081a6-4095-43f7-bffb-64e2af8c026e,41.040130226691744,21.340138519731564,humidity,60
2026-01-31T21:33:54+01:00,40f081a6-4095-43f7-bffb-64e2af8c026e,41.040130226691744,21.340138519731564,noise,36
2026-01-31T21:33:54+01:00,40f081a6-4095-43f7-bffb-64e2af8c026e,41.040130226691744,21.340138519731564,noise_dba,43
2026-01-31T21:33:54+01:00,40f081a6-4095-43f7-bffb-64e2af8c026e,41.040130226691744,21.340138519731564,pm10,52
2026-01-31T21:33:54+01:00,40f081a6-4095-43f7-bffb-64e2af8c026e,41.040130226691744,21.340138519731564,pm25,33
2026-01-31T21:33:54+01:00,40f081a6-4095-43f7-bffb-64e2af8c026e,41.040130226691744,21.340138519731564,pressure,932
2026-01-31T21:33:54+01:00,40f081a6-4095-43f7-bffb-64e2af8c026e,41.040130226691744,21.340138519731564,temperature,7
2026-01-31T21:49:27+01:00,40f081a6-4095-43f7-bffb-64e2af8c026e,41.040130226691744,21.340138519731564,gasResistance,0
2026-01-31T21:49:27+01:00,40f081a6-4095-43f7-bffb-64e2af8c026e,41.040130226691744,21.340138519731564,humidity,60
2026-01-31T21:49:27+01:00,40f081a6-4095-43f7-bffb-64e2af8c026e,41.040130226691744,21.340138519731564,noise,24
2026-01-31T21:49:27+01:00,40f081a6-4095-43f7-bffb-64e2af8c026e,41.040130226691744,21.340138519731564,noise_dba,36
2026-01-31T21:49:27+01:00,40f081a6-4095-43f7-bffb-64e2af8c026e,41.040130226691744,21.340138519731564,pm10,14
2026-01-31T21:49:27+01:00,40f081a6-4095-43f7-bffb-64e2af8c026e,41.040130226691744,21.340138519731564,pm25,9
2026-01-31T21:49:27+01:00,40f081a6-4095-43f7-bffb-64e2af8c026e,41.040130226691744,21.340138519731564,pressure,932
2026-01-31T21:49:27+01:00,40f081a6-4095-43f7-bffb-64e2af8c026e,41.040130226691744,21.340138519731564,temperature,7
2026-01-31T22:04:59+01:00,40f081a6-4095-43f7-bffb-64e2af8c026e,41.040130226691744,21.340138519731564,gasResistance,0
2026-01-31T22:04:59+01:00,40f081a6-4095-43f7-bffb-64e2af8c026e,41.040130226691744,21.340138519731564,humidity,59
2026-01-31T22:04:59+01:00,40f081a6-4095-43f7-bffb-64e2af8c026e,41.040130226691744,21.340138519731564,noise,38
2026-01-31T22:04:59+01:00,40f081a6-4095-43f7-bffb-64e2af8c026e,41.040130226691744,21.340138519731564,noise_dba,44
2026-01-31T22:04:59+01:00,40f081a6-4095-43f7-bffb-64e2af8c026e,41.040130226691744,21.340138519731564,pm10,20
2026-01-31T22:04:59+01:00,40f081a6-4095-43f7-bffb-64e2af8c026e,41.040130226691744,21.340138519731564,pm25,13
2026-01-31T22:04:59+01:00,40f081a6-4095-43f7-bffb-64e2af8c026e,41.040130226691744,21.340138519731564,pressure,932
2026-01-31T22:04:59+01:00,40f081a6-4095-43f7-bffb-64e2af8c026e,41.040130226691744,21.340138519731564,temperature,8
2026-01-31T22:20:32+01:00,40f081a6-4095-43f7-bffb-64e2af8c026e,41.040130226691744,21.340138519731564,gasResistance,0
2026-01-31T22:20:32+01:00,40f081a6-4095-43f7-bffb-64e2af8c026e,41.040130226691744,21.340138519731564,humidity,60
2026-01-31T22:20:32+01:00,40f081a6-4095-43f7-bffb-64e2af8c026e,41.040130226691744,21.340138519731564,noise,26
2026-01-31T22:20:32+01:00,40f081a6-4095-43f7-bffb-64e2af8c026e,41.040130226691744,21.340138519731564,noise_dba,38
2026-01-31T22:20:32+01:00,40f081a6-4095-43f7-bffb-64e2af8c026e,41.040130226691744,21.340138519731564,pm10,229
2026-01-31T22:20:32+01:00,40f081a6-4095-43f7-bffb-64e2af8c026e,41.040130226691744,21.340138519731564,pm25,141
2026-01-31T22:20:32+01:00,40f081a6-4095-43f7-bffb-64e2af8c026e,41.040130226691744,21.340138519731564,pressure,932
2026-01-31T22:20:32+01:00,40f081a6-4095-43f7-bffb-64e2af8c026e,41.040130226691744,21.340138519731564,temperature,7
2026-01-31T22:36:05+01:00,40f081a6-4095-43f7-bffb-64e2af8c026e,41.040130226691744,21.340138519731564,gasResistance,0
2026-01-31T22:36:05+01:00,40f081a6-4095-43f7-bffb-64e2af8c026e,41.040130226691744,21.340138519731564,humidity,61
2026-01-31T22:36:05+01:00,40f081a6-4095-43f7-bffb-64e2af8c026e,41.040130226691744,21.340138519731564,noise,29
2026-01-31T22:36:05+01:00,40f081a6-4095-43f7-bffb-64e2af8c026e,41.040130226691744,21.340138519731564,noise_dba,40
2026-01-31T22:36:05+01:00,40f081a6-4095-43f7-bffb-64e2af8c026e,41.040130226691744,21.340138519731564,pm10,169
2026-01-31T22:36:05+01:00,40f081a6-4095-43f7-bffb-64e2af8c026e,41.040130226691744,21.340138519731564,pm25,104
2026-01-31T22:36:05+01:00,40f081a6-4095-43f7-bffb-64e2af8c026e,41.040130226691744,21.340138519731564,pressure,932
2026-01-31T22:36:05+01:00,40f081a6-4095-43f7-bffb-64e2af8c026e,41.040130226691744,21.340138519731564,temperature,7
2026-01-31T22:51:37+01:00,40f081a6-4095-43f7-bffb-64e2af8c026e,41.040130226691744,21.340138519731564,gasResistance,0
2026-01-31T22:51:37+01:00,40f081a6-4095-43f7-bffb-64e2af8c026e,41.040130226691744,21.340138519731564,humidity,62
2026-01-31T22:51:37+01:00,40f081a6-4095-43f7-bffb-64e2af8c026e,41.040130226691744,21.340138519731564,noise,27
2026-01-31T22:51:37+01:00,40f081a6-4095-43f7-bffb-64e2af8c026e,41.040130226691744,21.340138519731564,noise_dba,38
2026-01-31T22:51:37+01:00,40f081a6-4095-43f7-bffb-64e2af8c026e,41.040130226691744,21.340138519731564,pm10,281
2026-01-31T22:51:37+01:00,40f081a6-4095-43f7-bffb-64e2af8c026e,41.040130226691744,21.340138519731564,pm25,172
2026-01-31T22:51:37+01:00,40f081a6-4095-43f7-bffb-64e2af8c026e,41.040130226691744,21.340138519731564,pressure,932
2026-01-31T22:51:37+01:00,40f081a6-4095-43f7-bffb-64e2af8c026e,41.040130226691744,21.340138519731564,temperature,7
2026-01-31T23:07:09+01:00,40f081a6-4095-43f7-bffb-64e2af8c026e,41.040130226691744,21.340138519731564,gasResistance,0
2026-01-31T23:07:09+01:00,40f081a6-4095-43f7-bffb-64e2af8c026e,41.040130226691744,21.340138519731564,humidity,62
2026-01-31T23:07:09+01:00,40f081a6-4095-43f7-bffb-64e2af8c026e,41.040130226691744,21.340138519731564,noise,25
2026-01-31T23:07:09+01:00,40f081a6-4095-43f7-bffb-64e2af8c026e,41.040130226691744,21.340138519731564,noise_dba,37
2026-01-31T23:07:09+01:00,40f081a6-4095-43f7-bffb-64e2af8c026e,41.040130226691744,21.340138519731564,pm10,56
2026-01-31T23:07:09+01:00,40f081a6-4095-43f7-bffb-64e2af8c026e,41.040130226691744,21.340138519731564,pm25,33
2026-01-31T23:07:09+01:00,40f081a6-4095-43f7-bffb-64e2af8c026e,41.040130226691744,21.340138519731564,pressure,932
2026-01-31T23:07:09+01:00,40f081a6-4095-43f7-bffb-64e2af8c026e,41.040130226691744,21.340138519731564,temperature,7
2026-01-31T23:22:42+01:00,40f081a6-4095-43f7-bffb-64e2af8c026e,41.040130226691744,21.340138519731564,gasResistance,0
2026-01-31T23:22:42+01:00,40f081a6-4095-43f7-bffb-64e2af8c026e,41.040130226691744,21.340138519731564,humidity,61
2026-01-31T23:22:42+01:00,40f081a6-4095-43f7-bffb-64e2af8c026e,41.040130226691744,21.340138519731564,noise,27
2026-01-31T23:22:42+01:00,40f081a6-4095-43f7-bffb-64e2af8c026e,41.040130226691744,21.340138519731564,noise_dba,38
2026-01-31T23:22:42+01:00,40f081a6-4095-43f7-bffb-64e2af8c026e,41.040130226691744,21.340138519731564,pm10,25
2026-01-31T23:22:42+01:00,40f081a6-4095-43f7-bffb-64e2af8c026e,41.040130226691744,21.340138519731564,pm25,16
2026-01-31T23:22:42+01:00,40f081a6-4095-43f7-bffb-64e2af8c026e,41.040130226691744,21.340138519731564,pressure,932
2026-01-31T23:22:42+01:00,40f081a6-4095-43f7-bffb-64e2af8c026e,41.040130226691744,21.340138519731564,temperature,7
2026-01-31T23:38:14+01:00,40f081a6-4095-43f7-bffb-64e2af8c026e,41.040130226691744,21.340138519731564,gasResistance,0
2026-01-31T23:38:14+01:00,40f081a6-4095-43f7-bffb-64e2af8c026e,41.040130226691744,21.340138519731564,humidity,61
2026-01-31T23:38:14+01:00,40f081a6-4095-43f7-bffb-64e2af8c026e,41.040130226691744,21.340138519731564,noise,27
2026-01-31T23:38:14+01:00,40f081a6-4095-43f7-bffb-64e2af8c026e,41.040130226691744,21.340138519731564,noise_dba,38
2026-01-31T23:38:14+01:00,40f081a6-4095-43f7-bffb-64e2af8c026e,41.040130226691744,21.340138519731564,pm10,19
2026-01-31T23:38:14+01:00,40f081a6-4095-43f7-bffb-64e2af8c026e,41.040130226691744,21.340138519731564,pm25,11
2026-01-31T23:38:14+01:00,40f081a6-4095-43f7-bffb-64e2af8c026e,41.040130226691744,21.340138519731564,pressure,932
2026-01-31T23:38:14+01:00,40f081a6-4095-43f7-bffb-64e2af8c026e,41.040130226691744,21.340138519731564,temperature,7
2026-01-31T23:53:46+01:00,40f081a6-4095-43f7-bffb-64e2af8c026e,41.040130226691744,21.340138519731564,gasResistance,0
2026-01-31T23:53:46+01:00,40f081a6-4095-43f7-bffb-64e2af8c026e,41.040130226691744,21.340138519731564,humidity,62
2026-01-31T23:53:46+01:00,40f081a6-4095-43f7-bffb-64e2af8c026e,41.040130226691744,21.340138519731564,noise,24
2026-01-31T23:53:46+01:00,40f081a6-4095-43f7-bffb-64e2af8c026e,41.040130226691744,21.340138519731564,noise_dba,36
2026-01-31T23:53:46+01:00,40f081a6-4095-43f7-bffb-64e2af8c026e,41.040130226691744,21.340138519731564,pm10,21
2026-01-31T23:53:46+01:00,40f081a6-4095-43f7-bffb-64e2af8c026e,41.040130226691744,21.340138519731564,pm25,12
2026-01-31T23:53:46+01:00,40f081a6-4095-43f7-bffb-64e2af8c026e,41.040130226691744,21.340138519731564,pressure,932
2026-01-31T23:53:46+01:00,40f081a6-4095-43f7-bffb-64e2af8c026e,41.040130226691744,21.340138519731564,temperature,7
2026-02-01T00:09:20+01:00,40f081a6-4095-43f7-bffb-64e2af8c026e,41.040130226691744,21.340138519731564,gasResistance,0
2026-02-01T00:09:20+01:00,40f081a6-4095-43f7-bffb-64e2af8c026e,41.040130226691744,21.340138519731564,humidity,63
2026-02-01T00:09:20+01:00,40f081a6-4095-43f7-bffb-64e2af8c026e,41.040130226691744,21.340138519731564,noise,22
2026-02-01T00:09:20+01:00,40f081a6-4095-43f7-bffb-64e2af8c026e,41.040130226691744,21.340138519731564,noise_dba,35
2026-02-01T00:09:20+01:00,40f081a6-4095-43f7-bffb-64e2af8c026e,41.040130226691744,21.340138519731564,pm10,106
2026-02-01T00:09:20+01:00,40f081a6-4095-43f7-bffb-64e2af8c026e,41.040130226691744,21.340138519731564,pm25,67
2026-02-01T00:09:20+01:00,40f081a6-4095-43f7-bffb-64e2af8c026e,41.040130226691744,21.340138519731564,pressure,932
2026-02-01T00:09:20+01:00,40f081a6-4095-43f7-bffb-64e2af8c026e,41.040130226691744,21.340138519731564,temperature,7
2026-02-01T00:40:38+01:00,40f081a6-4095-43f7-bffb-64e2af8c026e,41.040130226691744,21.340138519731564,gasResistance,0
2026-02-01T00:40:38+01:00,40f081a6-4095-43f7-bffb-64e2af8c026e,41.040130226691744,21.340138519731564,humidity,64
2026-02-01T00:40:38+01:00,40f081a6-4095-43f7-bffb-64e2af8c026e,41.040130226691744,21.340138519731564,noise,24
2026-02-01T00:40:38+01:00,40f081a6-4095-43f7-bffb-64e2af8c026e,41.040130226691744,21.340138519731564,noise_dba,36
2026-02-01T00:40:38+01:00,40f081a6-4095-43f7-bffb-64e2af8c026e,41.040130226691744,21.340138519731564,pm10,74
2026-02-01T00:40:38+01:00,40f081a6-4095-43f7-bffb-64e2af8c026e,41.040130226691744,21.340138519731564,pm25,44
2026-02-01T00:40:38+01:00,40f081a6-4095-43f7-bffb-64e2af8c026e,41.040130226691744,21.340138519731564,pressure,932
2026-02-01T00:40:38+01:00,40f081a6-4095-43f7-bffb-64e2af8c026e,41.040130226691744,21.340138519731564,temperature,6
2026-02-01T00:56:10+01:00,40f081a6-4095-43f7-bffb-64e2af8c026e,41.040130226691744,21.340138519731564,gasResistance,0
2026-02-01T00:56:10+01:00,40f081a6-4095-43f7-bffb-64e2af8c026e,41.040130226691744,21.340138519731564,humidity,63
2026-02-01T00:56:10+01:00,40f081a6-4095-43f7-bffb-64e2af8c026e,41.040130226691744,21.340138519731564,noise,23
2026-02-01T00:56:10+01:00,40f081a6-4095-43f7-bffb-64e2af8c026e,41.040130226691744,21.340138519731564,noise_dba,36
2026-02-01T00:56:10+01:00,40f081a6-4095-43f7-bffb-64e2af8c026e,41.040130226691744,21.340138519731564,pm10,123
2026-02-01T00:56:10+01:00,40f081a6-4095-43f7-bffb-64e2af8c026e,41.040130226691744,21.340138519731564,pm25,74
2026-02-01T00:56:10+01:00,40f081a6-4095-43f7-bffb-64e2af8c026e,41.040130226691744,21.340138519731564,pressure,932
2026-02-01T00:56:10+01:00,40f081a6-4095-43f7-bffb-64e2af8c026e,41.040130226691744,21.340138519731564,temperature,6
2026-02-01T01:11:42+01:00,40f081a6-4095-43f7-bffb-64e2af8c026e,41.040130226691744,21.340138519731564,gasResistance,0
2026-02-01T01:11:42+01:00,40f081a6-4095-43f7-bffb-64e2af8c026e,41.040130226691744,21.340138519731564,humidity,63
2026-02-01T01:11:42+01:00,40f081a6-4095-43f7-bffb-64e2af8c026e,41.040130226691744,21.340138519731564,noise,19
2026-02-01T01:11:42+01:00,40f081a6-4095-43f7-bffb-64e2af8c026e,41.040130226691744,21.340138519731564,noise_dba,33
2026-02-01T01:11:42+01:00,40f081a6-4095-43f7-bffb-64e2af8c026e,41.040130226691744,21.340138519731564,pm10,52
2026-02-01T01:11:42+01:00,40f081a6-4095-43f7-bffb-64e2af8c026e,41.040130226691744,21.340138519731564,pm25,33
2026-02-01T01:11:42+01:00,40f081a6-4095-43f7-bffb-64e2af8c026e,41.040130226691744,21.340138519731564,pressure,932
2026-02-01T01:11:42+01:00,40f081a6-4095-43f7-bffb-64e2af8c026e,41.040130226691744,21.340138519731564,temperature,7
2026-02-01T01:27:14+01:00,40f081a6-4095-43f7-bffb-64e2af8c026e,41.040130226691744,21.340138519731564,gasResistance,0
2026-02-01T01:27:14+01:00,40f081a6-4095-43f7-bffb-64e2af8c026e,41.040130226691744,21.340138519731564,humidity,63
2026-02-01T01:27:14+01:00,40f081a6-4095-43f7-bffb-64e2af8c026e,41.040130226691744,21.340138519731564,noise,19
2026-02-01T01:27:14+01:00,40f081a6-4095-43f7-bffb-64e2af8c026e,41.040130226691744,21.340138519731564,noise_dba,33
2026-02-01T01:27:14+01:00,40f081a6-4095-43f7-bffb-64e2af8c026e,41.040130226691744,21.340138519731564,pm10,90
2026-02-01T01:27:14+01:00,40f081a6-4095-43f7-bffb-64e2af8c026e,41.040130226691744,21.340138519731564,pm25,54
2026-02-01T01:27:14+01:00,40f081a6-4095-43f7-bffb-64e2af8c026e,41.040130226691744,21.340138519731564,pressure,931
2026-02-01T01:27:14+01:00,40f081a6-4095-43f7-bffb-64e2af8c026e,41.040130226691744,21.340138519731564,temperature,7
2026-02-01T01:42:46+01:00,40f081a6-4095-43f7-bffb-64e2af8c026e,41.040130226691744,21.340138519731564,gasResistance,0
2026-02-01T01:42:46+01:00,40f081a6-4095-43f7-bffb-64e2af8c026e,41.040130226691744,21.340138519731564,humidity,63
2026-02-01T01:42:46+01:00,40f081a6-4095-43f7-bffb-64e2af8c026e,41.040130226691744,21.340138519731564,noise,19
2026-02-01T01:42:46+01:00,40f081a6-4095-43f7-bffb-64e2af8c026e,41.040130226691744,21.340138519731564,noise_dba,33
2026-02-01T01:42:46+01:00,40f081a6-4095-43f7-bffb-64e2af8c026e,41.040130226691744,21.340138519731564,pm10,15
2026-02-01T01:42:46+01:00,40f081a6-4095-43f7-bffb-64e2af8c026e,41.040130226691744,21.340138519731564,pm25,10
2026-02-01T01:42:46+01:00,40f081a6-4095-43f7-bffb-64e2af8c026e,41.040130226691744,21.340138519731564,pressure,931
2026-02-01T01:42:46+01:00,40f081a6-4095-43f7-bffb-64e2af8c026e,41.040130226691744,21.340138519731564,temperature,7
2026-02-01T01:58:18+01:00,40f081a6-4095-43f7-bffb-64e2af8c026e,41.040130226691744,21.340138519731564,gasResistance,0
2026-02-01T01:58:18+01:00,40f081a6-4095-43f7-bffb-64e2af8c026e,41.040130226691744,21.340138519731564,humidity,62
2026-02-01T01:58:18+01:00,40f081a6-4095-43f7-bffb-64e2af8c026e,41.040130226691744,21.340138519731564,noise,19
2026-02-01T01:58:18+01:00,40f081a6-4095-43f7-bffb-64e2af8c026e,41.040130226691744,21.340138519731564,noise_dba,33
2026-02-01T01:58:18+01:00,40f081a6-4095-43f7-bffb-64e2af8c026e,41.040130226691744,21.340138519731564,pm10,45
2026-02-01T01:58:18+01:00,40f081a6-4095-43f7-bffb-64e2af8c026e,41.040130226691744,21.340138519731564,pm25,25
2026-02-01T01:58:18+01:00,40f081a6-4095-43f7-bffb-64e2af8c026e,41.040130226691744,21.340138519731564,pressure,931
2026-02-01T01:58:18+01:00,40f081a6-4095-43f7-bffb-64e2af8c026e,41.040130226691744,21.340138519731564,temperature,7
2026-02-01T02:13:50+01:00,40f081a6-4095-43f7-bffb-64e2af8c026e,41.040130226691744,21.340138519731564,gasResistance,0
2026-02-01T02:13:50+01:00,40f081a6-4095-43f7-bffb-64e2af8c026e,41.040130226691744,21.340138519731564,humidity,62
2026-02-01T02:13:50+01:00,40f081a6-4095-43f7-bffb-64e2af8c026e,41.040130226691744,21.340138519731564,noise,17
2026-02-01T02:13:50+01:00,40f081a6-4095-43f7-bffb-64e2af8c026e,41.040130226691744,21.340138519731564,noise_dba,31
2026-02-01T02:13:50+01:00,40f081a6-4095-43f7-bffb-64e2af8c026e,41.040130226691744,21.340138519731564,pm10,10
2026-02-01T02:13:50+01:00,40f081a6-4095-43f7-bffb-64e2af8c026e,41.040130226691744,21.340138519731564,pm25,8
2026-02-01T02:13:50+01:00,40f081a6-4095-43f7-bffb-64e2af8c026e,41.040130226691744,21.340138519731564,pressure,931
2026-02-01T02:13:50+01:00,40f081a6-4095-43f7-bffb-64e2af8c026e,41.040130226691744,21.340138519731564,temperature,7
2026-02-01T02:29:22+01:00,40f081a6-4095-43f7-bffb-64e2af8c026e,41.040130226691744,21.340138519731564,gasResistance,0
2026-02-01T02:29:22+01:00,40f081a6-4095-43f7-bffb-64e2af8c026e,41.040130226691744,21.340138519731564,humidity,62
2026-02-01T02:29:22+01:00,40f081a6-4095-43f7-bffb-64e2af8c026e,41.040130226691744,21.340138519731564,noise,19
2026-02-01T02:29:22+01:00,40f081a6-4095-43f7-bffb-64e2af8c026e,41.040130226691744,21.340138519731564,noise_dba,33
2026-02-01T02:29:22+01:00,40f081a6-4095-43f7-bffb-64e2af8c026e,41.040130226691744,21.340138519731564,pm10,14
2026-02-01T02:29:22+01:00,40f081a6-4095-43f7-bffb-64e2af8c026e,41.040130226691744,21.340138519731564,pm25,8
2026-02-01T02:29:22+01:00,40f081a6-4095-43f7-bffb-64e2af8c026e,41.040130226691744,21.340138519731564,pressure,931
2026-02-01T02:29:22+01:00,40f081a6-4095-43f7-bffb-64e2af8c026e,41.040130226691744,21.340138519731564,temperature,7
2026-02-01T02:44:54+01:00,40f081a6-4095-43f7-bffb-64e2af8c026e,41.040130226691744,21.340138519731564,gasResistance,0
2026-02-01T02:44:54+01:00,40f081a6-4095-43f7-bffb-64e2af8c026e,41.040130226691744,21.340138519731564,humidity,62
2026-02-01T02:44:54+01:00,40f081a6-4095-43f7-bffb-64e2af8c026e,41.040130226691744,21.340138519731564,noise,18
2026-02-01T02:44:54+01:00,40f081a6-4095-43f7-bffb-64e2af8c026e,41.040130226691744,21.340138519731564,noise_dba,32
2026-02-01T02:44:54+01:00,40f081a6-4095-43f7-bffb-64e2af8c026e,41.040130226691744,21.340138519731564,pm10,13
2026-02-01T02:44:54+01:00,40f081a6-4095-43f7-bffb-64e2af8c026e,41.040130226691744,21.340138519731564,pm25,9
2026-02-01T02:44:54+01:00,40f081a6-4095-43f7-bffb-64e2af8c026e,41.040130226691744,21.340138519731564,pressure,931
2026-02-01T02:44:54+01:00,40f081a6-4095-43f7-bffb-64e2af8c026e,41.040130226691744,21.340138519731564,temperature,7
2026-02-01T03:00:26+01:00,40f081a6-4095-43f7-bffb-64e2af8c026e,41.040130226691744,21.340138519731564,gasResistance,0
2026-02-01T03:00:26+01:00,40f081a6-4095-43f7-bffb-64e2af8c026e,41.040130226691744,21.340138519731564,humidity,63
2026-02-01T03:00:26+01:00,40f081a6-4095-43f7-bffb-64e2af8c026e,41.040130226691744,21.340138519731564,noise,29
2026-02-01T03:00:26+01:00,40f081a6-4095-43f7-bffb-64e2af8c026e,41.040130226691744,21.340138519731564,noise_dba,40
2026-02-01T03:00:26+01:00,40f081a6-4095-43f7-bffb-64e2af8c026e,41.040130226691744,21.340138519731564,pm10,26
2026-02-01T03:00:26+01:00,40f081a6-4095-43f7-bffb-64e2af8c026e,41.040130226691744,21.340138519731564,pm25,15
2026-02-01T03:00:26+01:00,40f081a6-4095-43f7-bffb-64e2af8c026e,41.040130226691744,21.340138519731564,pressure,931
2026-02-01T03:00:26+01:00,40f081a6-4095-43f7-bffb-64e2af8c026e,41.040130226691744,21.340138519731564,temperature,7
2026-02-01T03:15:58+01:00,40f081a6-4095-43f7-bffb-64e2af8c026e,41.040130226691744,21.340138519731564,gasResistance,0
2026-02-01T03:15:58+01:00,40f081a6-4095-43f7-bffb-64e2af8c026e,41.040130226691744,21.340138519731564,humidity,63
2026-02-01T03:15:58+01:00,40f081a6-4095-43f7-bffb-64e2af8c026e,41.040130226691744,21.340138519731564,noise,31
2026-02-01T03:15:58+01:00,40f081a6-4095-43f7-bffb-64e2af8c026e,41.040130226691744,21.340138519731564,noise_dba,41
2026-02-01T03:15:58+01:00,40f081a6-4095-43f7-bffb-64e2af8c026e,41.040130226691744,21.340138519731564,pm10,21
2026-02-01T03:15:58+01:00,40f081a6-4095-43f7-bffb-64e2af8c026e,41.040130226691744,21.340138519731564,pm25,13
2026-02-01T03:15:58+01:00,40f081a6-4095-43f7-bffb-64e2af8c026e,41.040130226691744,21.340138519731564,pressure,931
2026-02-01T03:15:58+01:00,40f081a6-4095-43f7-bffb-64e2af8c026e,41.040130226691744,21.340138519731564,temperature,7
2026-02-01T03:31:31+01:00,40f081a6-4095-43f7-bffb-64e2af8c026e,41.040130226691744,21.340138519731564,gasResistance,0
2026-02-01T03:31:31+01:00,40f081a6-4095-43f7-bffb-64e2af8c026e,41.040130226691744,21.340138519731564,humidity,64
2026-02-01T03:31:31+01:00,40f081a6-4095-43f7-bffb-64e2af8c026e,41.040130226691744,21.340138519731564,noise,22
2026-02-01T03:31:31+01:00,40f081a6-4095-43f7-bffb-64e2af8c026e,41.040130226691744,21.340138519731564,noise_dba,35
2026-02-01T03:31:31+01:00,40f081a6-4095-43f7-bffb-64e2af8c026e,41.040130226691744,21.340138519731564,pm10,28
2026-02-01T03:31:31+01:00,40f081a6-4095-43f7-bffb-64e2af8c026e,41.040130226691744,21.340138519731564,pm25,19
2026-02-01T03:31:31+01:00,40f081a6-4095-43f7-bffb-64e2af8c026e,41.040130226691744,21.340138519731564,pressure,931
2026-02-01T03:31:31+01:00,40f081a6-4095-43f7-bffb-64e2af8c026e,41.040130226691744,21.340138519731564,temperature,7
2026-02-01T04:02:47+01:00,40f081a6-4095-43f7-bffb-64e2af8c026e,41.040130226691744,21.340138519731564,gasResistance,0
2026-02-01T04:02:47+01:00,40f081a6-4095-43f7-bffb-64e2af8c026e,41.040130226691744,21.340138519731564,humidity,65
2026-02-01T04:02:47+01:00,40f081a6-4095-43f7-bffb-64e2af8c026e,41.040130226691744,21.340138519731564,noise,29
2026-02-01T04:02:47+01:00,40f081a6-4095-43f7-bffb-64e2af8c026e,41.040130226691744,21.340138519731564,noise_dba,40
2026-02-01T04:02:47+01:00,40f081a6-4095-43f7-bffb-64e2af8c026e,41.040130226691744,21.340138519731564,pm10,21
2026-02-01T04:02:47+01:00,40f081a6-4095-43f7-bffb-64e2af8c026e,41.040130226691744,21.340138519731564,pm25,12
2026-02-01T04:02:47+01:00,40f081a6-4095-43f7-bffb-64e2af8c026e,41.040130226691744,21.340138519731564,pressure,931
2026-02-01T04:02:47+01:00,40f081a6-4095-43f7-bffb-64e2af8c026e,41.040130226691744,21.340138519731564,temperature,6
2026-02-01T04:18:19+01:00,40f081a6-4095-43f7-bffb-64e2af8c026e,41.040130226691744,21.340138519731564,gasResistance,0
2026-02-01T04:18:19+01:00,40f081a6-4095-43f7-bffb-64e2af8c026e,41.040130226691744,21.340138519731564,humidity,65
2026-02-01T04:18:19+01:00,40f081a6-4095-43f7-bffb-64e2af8c026e,41.040130226691744,21.340138519731564,noise,36
2026-02-01T04:18:19+01:00,40f081a6-4095-43f7-bffb-64e2af8c026e,41.040130226691744,21.340138519731564,noise_dba,43
2026-02-01T04:18:19+01:00,40f081a6-4095-43f7-bffb-64e2af8c026e,41.040130226691744,21.340138519731564,pm10,34
2026-02-01T04:18:19+01:00,40f081a6-4095-43f7-bffb-64e2af8c026e,41.040130226691744,21.340138519731564,pm25,21
2026-02-01T04:18:19+01:00,40f081a6-4095-43f7-bffb-64e2af8c026e,41.040130226691744,21.340138519731564,pressure,931
2026-02-01T04:18:19+01:00,40f081a6-4095-43f7-bffb-64e2af8c026e,41.040130226691744,21.340138519731564,temperature,6
2026-02-01T04:33:51+01:00,40f081a6-4095-43f7-bffb-64e2af8c026e,41.040130226691744,21.340138519731564,gasResistance,0
2026-02-01T04:33:51+01:00,40f081a6-4095-43f7-bffb-64e2af8c026e,41.040130226691744,21.340138519731564,humidity,65
2026-02-01T04:33:51+01:00,40f081a6-4095-43f7-bffb-64e2af8c026e,41.040130226691744,21.340138519731564,noise,22
2026-02-01T04:33:51+01:00,40f081a6-4095-43f7-bffb-64e2af8c026e,41.040130226691744,21.340138519731564,noise_dba,35
2026-02-01T04:33:51+01:00,40f081a6-4095-43f7-bffb-64e2af8c026e,41.040130226691744,21.340138519731564,pm10,11
2026-02-01T04:33:51+01:00,40f081a6-4095-43f7-bffb-64e2af8c026e,41.040130226691744,21.340138519731564,pm25,9
2026-02-01T04:33:51+01:00,40f081a6-4095-43f7-bffb-64e2af8c026e,41.040130226691744,21.340138519731564,pressure,931
2026-02-01T04:33:51+01:00,40f081a6-4095-43f7-bffb-64e2af8c026e,41.040130226691744,21.340138519731564,temperature,6
2026-02-01T04:49:23+01:00,40f081a6-4095-43f7-bffb-64e2af8c026e,41.040130226691744,21.340138519731564,gasResistance,0
2026-02-01T04:49:23+01:00,40f081a6-4095-43f7-bffb-64e2af8c026e,41.040130226691744,21.340138519731564,humidity,65
2026-02-01T04:49:23+01:00,40f081a6-4095-43f7-bffb-64e2af8c026e,41.040130226691744,21.340138519731564,noise,31
2026-02-01T04:49:23+01:00,40f081a6-4095-43f7-bffb-64e2af8c026e,41.040130226691744,21.340138519731564,noise_dba,41
2026-02-01T04:49:23+01:00,40f081a6-4095-43f7-bffb-64e2af8c026e,41.040130226691744,21.340138519731564,pm10,26
2026-02-01T04:49:23+01:00,40f081a6-4095-43f7-bffb-64e2af8c026e,41.040130226691744,21.340138519731564,pm25,17
2026-02-01T04:49:23+01:00,40f081a6-4095-43f7-bffb-64e2af8c026e,41.040130226691744,21.340138519731564,pressure,931
2026-02-01T04:49:23+01:00,40f081a6-4095-43f7-bffb-64e2af8c026e,41.040130226691744,21.340138519731564,temperature,6
2026-02-01T05:04:56+01:00,40f081a6-4095-43f7-bffb-64e2af8c026e,41.040130226691744,21.340138519731564,gasResistance,0
2026-02-01T05:04:56+01:00,40f081a6-4095-43f7-bffb-64e2af8c026e,41.040130226691744,21.340138519731564,humidity,65
2026-02-01T05:04:56+01:00,40f081a6-4095-43f7-bffb-64e2af8c026e,41.040130226691744,21.340138519731564,noise,30
2026-02-01T05:04:56+01:00,40f081a6-4095-43f7-bffb-64e2af8c026e,41.040130226691744,21.340138519731564,noise_dba,40
2026-02-01T05:04:56+01:00,40f081a6-4095-43f7-bffb-64e2af8c026e,41.040130226691744,21.340138519731564,pm10,6
2026-02-01T05:04:56+01:00,40f081a6-4095-43f7-bffb-64e2af8c026e,41.040130226691744,21.340138519731564,pm25,4
2026-02-01T05:04:56+01:00,40f081a6-4095-43f7-bffb-64e2af8c026e,41.040130226691744,21.340138519731564,pressure,930
2026-02-01T05:04:56+01:00,40f081a6-4095-43f7-bffb-64e2af8c026e,41.040130226691744,21.340138519731564,temperature,6
2026-02-01T05:20:28+01:00,40f081a6-4095-43f7-bffb-64e2af8c026e,41.040130226691744,21.340138519731564,gasResistance,0
2026-02-01T05:20:28+01:00,40f081a6-4095-43f7-bffb-64e2af8c026e,41.040130226691744,21.340138519731564,humidity,65
2026-02-01T05:20:28+01:00,40f081a6-4095-43f7-bffb-64e2af8c026e,41.040130226691744,21.340138519731564,noise,34
2026-02-01T05:20:28+01:00,40f081a6-4095-43f7-bffb-64e2af8c026e,41.040130226691744,21.340138519731564,noise_dba,42
2026-02-01T05:20:28+01:00,40f081a6-4095-43f7-bffb-64e2af8c026e,41.040130226691744,21.340138519731564,pm10,9
2026-02-01T05:20:28+01:00,40f081a6-4095-43f7-bffb-64e2af8c026e,41.040130226691744,21.340138519731564,pm25,7
2026-02-01T05:20:28+01:00,40f081a6-4095-43f7-bffb-64e2af8c026e,41.040130226691744,21.340138519731564,pressure,930
2026-02-01T05:20:28+01:00,40f081a6-4095-43f7-bffb-64e2af8c026e,41.040130226691744,21.340138519731564,temperature,6
2026-02-01T05:36:00+01:00,40f081a6-4095-43f7-bffb-64e2af8c026e,41.040130226691744,21.340138519731564,gasResistance,0
2026-02-01T05:36:00+01:00,40f081a6-4095-43f7-bffb-64e2af8c026e,41.040130226691744,21.340138519731564,humidity,65
2026-02-01T05:36:00+01:00,40f081a6-4095-43f7-bffb-64e2af8c026e,41.040130226691744,21.340138519731564,noise,29
2026-02-01T05:36:00+01:00,40f081a6-4095-43f7-bffb-64e2af8c026e,41.040130226691744,21.340138519731564,noise_dba,40
2026-02-01T05:36:00+01:00,40f081a6-4095-43f7-bffb-64e2af8c026e,41.040130226691744,21.340138519731564,pm10,5
2026-02-01T05:36:00+01:00,40f081a6-4095-43f7-bffb-64e2af8c026e,41.040130226691744,21.340138519731564,pm25,4
2026-02-01T05:36:00+01:00,40f081a6-4095-43f7-bffb-64e2af8c026e,41.040130226691744,21.340138519731564,pressure,930
2026-02-01T05:36:00+01:00,40f081a6-4095-43f7-bffb-64e2af8c026e,41.040130226691744,21.340138519731564,temperature,6
2026-02-01T05:51:32+01:00,40f081a6-4095-43f7-bffb-64e2af8c026e,41.040130226691744,21.340138519731564,gasResistance,0
2026-02-01T05:51:32+01:00,40f081a6-4095-43f7-bffb-64e2af8c026e,41.040130226691744,21.340138519731564,humidity,65
2026-02-01T05:51:32+01:00,40f081a6-4095-43f7-bffb-64e2af8c026e,41.040130226691744,21.340138519731564,noise,31
2026-02-01T05:51:32+01:00,40f081a6-4095-43f7-bffb-64e2af8c026e,41.040130226691744,21.340138519731564,noise_dba,41
2026-02-01T05:51:32+01:00,40f081a6-4095-43f7-bffb-64e2af8c026e,41.040130226691744,21.340138519731564,pm10,24
2026-02-01T05:51:32+01:00,40f081a6-4095-43f7-bffb-64e2af8c026e,41.040130226691744,21.340138519731564,pm25,13
2026-02-01T05:51:32+01:00,40f081a6-4095-43f7-bffb-64e2af8c026e,41.040130226691744,21.340138519731564,pressure,930
2026-02-01T05:51:32+01:00,40f081a6-4095-43f7-bffb-64e2af8c026e,41.040130226691744,21.340138519731564,temperature,6
2026-02-01T06:07:05+01:00,40f081a6-4095-43f7-bffb-64e2af8c026e,41.040130226691744,21.340138519731564,gasResistance,0
2026-02-01T06:07:05+01:00,40f081a6-4095-43f7-bffb-64e2af8c026e,41.040130226691744,21.340138519731564,humidity,65
2026-02-01T06:07:05+01:00,40f081a6-4095-43f7-bffb-64e2af8c026e,41.040130226691744,21.340138519731564,noise,21
2026-02-01T06:07:05+01:00,40f081a6-4095-43f7-bffb-64e2af8c026e,41.040130226691744,21.340138519731564,noise_dba,34
2026-02-01T06:07:05+01:00,40f081a6-4095-43f7-bffb-64e2af8c026e,41.040130226691744,21.340138519731564,pm10,12
2026-02-01T06:07:05+01:00,40f081a6-4095-43f7-bffb-64e2af8c026e,41.040130226691744,21.340138519731564,pm25,8
2026-02-01T06:07:05+01:00,40f081a6-4095-43f7-bffb-64e2af8c026e,41.040130226691744,21.340138519731564,pressure,930
2026-02-01T06:07:05+01:00,40f081a6-4095-43f7-bffb-64e2af8c026e,41.040130226691744,21.340138519731564,temperature,6
2026-02-01T06:22:36+01:00,40f081a6-4095-43f7-bffb-64e2af8c026e,41.040130226691744,21.340138519731564,gasResistance,0
2026-02-01T06:22:36+01:00,40f081a6-4095-43f7-bffb-64e2af8c026e,41.040130226691744,21.340138519731564,humidity,65
2026-02-01T06:22:36+01:00,40f081a6-4095-43f7-bffb-64e2af8c026e,41.040130226691744,21.340138519731564,noise,19
2026-02-01T06:22:36+01:00,40f081a6-4095-43f7-bffb-64e2af8c026e,41.040130226691744,21.340138519731564,noise_dba,33
2026-02-01T06:22:36+01:00,40f081a6-4095-43f7-bffb-64e2af8c026e,41.040130226691744,21.340138519731564,pm10,15
2026-02-01T06:22:36+01:00,40f081a6-4095-43f7-bffb-64e2af8c026e,41.040130226691744,21.340138519731564,pm25,10
2026-02-01T06:22:36+01:00,40f081a6-4095-43f7-bffb-64e2af8c026e,41.040130226691744,21.340138519731564,pressure,930
2026-02-01T06:22:36+01:00,40f081a6-4095-43f7-bffb-64e2af8c026e,41.040130226691744,21.340138519731564,temperature,6
2026-02-01T06:38:08+01:00,40f081a6-4095-43f7-bffb-64e2af8c026e,41.040130226691744,21.340138519731564,gasResistance,0
2026-02-01T06:38:08+01:00,40f081a6-4095-43f7-bffb-64e2af8c026e,41.040130226691744,21.340138519731564,humidity,65
2026-02-01T06:38:08+01:00,40f081a6-4095-43f7-bffb-64e2af8c026e,41.040130226691744,21.340138519731564,noise,37
2026-02-01T06:38:08+01:00,40f081a6-4095-43f7-bffb-64e2af8c026e,41.040130226691744,21.340138519731564,noise_dba,43
2026-02-01T06:38:08+01:00,40f081a6-4095-43f7-bffb-64e2af8c026e,41.040130226691744,21.340138519731564,pm10,6
2026-02-01T06:38:08+01:00,40f081a6-4095-43f7-bffb-64e2af8c026e,41.040130226691744,21.340138519731564,pm25,3
2026-02-01T06:38:08+01:00,40f081a6-4095-43f7-bffb-64e2af8c026e,41.040130226691744,21.340138519731564,pressure,930
2026-02-01T06:38:08+01:00,40f081a6-4095-43f7-bffb-64e2af8c026e,41.040130226691744,21.340138519731564,temperature,6
2026-02-01T06:53:41+01:00,40f081a6-4095-43f7-bffb-64e2af8c026e,41.040130226691744,21.340138519731564,gasResistance,0
2026-02-01T06:53:41+01:00,40f081a6-4095-43f7-bffb-64e2af8c026e,41.040130226691744,21.340138519731564,humidity,65
2026-02-01T06:53:41+01:00,40f081a6-4095-43f7-bffb-64e2af8c026e,41.040130226691744,21.340138519731564,noise,28
2026-02-01T06:53:41+01:00,40f081a6-4095-43f7-bffb-64e2af8c026e,41.040130226691744,21.340138519731564,noise_dba,39
2026-02-01T06:53:41+01:00,40f081a6-4095-43f7-bffb-64e2af8c026e,41.040130226691744,21.340138519731564,pm10,7
2026-02-01T06:53:41+01:00,40f081a6-4095-43f7-bffb-64e2af8c026e,41.040130226691744,21.340138519731564,pm25,5
2026-02-01T06:53:41+01:00,40f081a6-4095-43f7-bffb-64e2af8c026e,41.040130226691744,21.340138519731564,pressure,930
2026-02-01T06:53:41+01:00,40f081a6-4095-43f7-bffb-64e2af8c026e,41.040130226691744,21.340138519731564,temperature,6
2026-02-01T07:09:13+01:00,40f081a6-4095-43f7-bffb-64e2af8c026e,41.040130226691744,21.340138519731564,gasResistance,0
2026-02-01T07:09:13+01:00,40f081a6-4095-43f7-bffb-64e2af8c026e,41.040130226691744,21.340138519731564,humidity,66
2026-02-01T07:09:13+01:00,40f081a6-4095-43f7-bffb-64e2af8c026e,41.040130226691744,21.340138519731564,noise,24
2026-02-01T07:09:13+01:00,40f081a6-4095-43f7-bffb-64e2af8c026e,41.040130226691744,21.340138519731564,noise_dba,36
2026-02-01T07:09:13+01:00,40f081a6-4095-43f7-bffb-64e2af8c026e,41.040130226691744,21.340138519731564,pm10,5
2026-02-01T07:09:13+01:00,40f081a6-4095-43f7-bffb-64e2af8c026e,41.040130226691744,21.340138519731564,pm25,3
2026-02-01T07:09:13+01:00,40f081a6-4095-43f7-bffb-64e2af8c026e,41.040130226691744,21.340138519731564,pressure,930
2026-02-01T07:09:13+01:00,40f081a6-4095-43f7-bffb-64e2af8c026e,41.040130226691744,21.340138519731564,temperature,5
2026-02-01T07:24:45+01:00,40f081a6-4095-43f7-bffb-64e2af8c026e,41.040130226691744,21.340138519731564,gasResistance,0
2026-02-01T07:24:45+01:00,40f081a6-4095-43f7-bffb-64e2af8c026e,41.040130226691744,21.340138519731564,humidity,66
2026-02-01T07:24:45+01:00,40f081a6-4095-43f7-bffb-64e2af8c026e,41.040130226691744,21.340138519731564,noise,22
2026-02-01T07:24:45+01:00,40f081a6-4095-43f7-bffb-64e2af8c026e,41.040130226691744,21.340138519731564,noise_dba,35
2026-02-01T07:24:45+01:00,40f081a6-4095-43f7-bffb-64e2af8c026e,41.040130226691744,21.340138519731564,pm10,14
2026-02-01T07:24:45+01:00,40f081a6-4095-43f7-bffb-64e2af8c026e,41.040130226691744,21.340138519731564,pm25,8
2026-02-01T07:24:45+01:00,40f081a6-4095-43f7-bffb-64e2af8c026e,41.040130226691744,21.340138519731564,pressure,930
2026-02-01T07:24:45+01:00,40f081a6-4095-43f7-bffb-64e2af8c026e,41.040130226691744,21.340138519731564,temperature,5
2026-02-01T07:40:17+01:00,40f081a6-4095-43f7-bffb-64e2af8c026e,41.040130226691744,21.340138519731564,gasResistance,0
2026-02-01T07:40:17+01:00,40f081a6-4095-43f7-bffb-64e2af8c026e,41.040130226691744,21.340138519731564,humidity,66
2026-02-01T07:40:17+01:00,40f081a6-4095-43f7-bffb-64e2af8c026e,41.040130226691744,21.340138519731564,noise,19
2026-02-01T07:40:17+01:00,40f081a6-4095-43f7-bffb-64e2af8c026e,41.040130226691744,21.340138519731564,noise_dba,33
2026-02-01T07:40:17+01:00,40f081a6-4095-43f7-bffb-64e2af8c026e,41.040130226691744,21.340138519731564,pm10,9
2026-02-01T07:40:17+01:00,40f081a6-4095-43f7-bffb-64e2af8c026e,41.040130226691744,21.340138519731564,pm25,5
2026-02-01T07:40:17+01:00,40f081a6-4095-43f7-bffb-64e2af8c026e,41.040130226691744,21.340138519731564,pressure,930
2026-02-01T07:40:17+01:00,40f081a6-4095-43f7-bffb-64e2af8c026e,41.040130226691744,21.340138519731564,temperature,5
2026-02-01T07:55:51+01:00,40f081a6-4095-43f7-bffb-64e2af8c026e,41.040130226691744,21.340138519731564,gasResistance,0
2026-02-01T07:55:51+01:00,40f081a6-4095-43f7-bffb-64e2af8c026e,41.040130226691744,21.340138519731564,humidity,65
2026-02-01T07:55:51+01:00,40f081a6-4095-43f7-bffb-64e2af8c026e,41.040130226691744,21.340138519731564,noise,24
2026-02-01T07:55:51+01:00,40f081a6-4095-43f7-bffb-64e2af8c026e,41.040130226691744,21.340138519731564,noise_dba,36
2026-02-01T07:55:51+01:00,40f081a6-4095-43f7-bffb-64e2af8c026e,41.040130226691744,21.340138519731564,pm10,2
2026-02-01T07:55:51+01:00,40f081a6-4095-43f7-bffb-64e2af8c026e,41.040130226691744,21.340138519731564,pm25,1
2026-02-01T07:55:51+01:00,40f081a6-4095-43f7-bffb-64e2af8c026e,41.040130226691744,21.340138519731564,pressure,930
2026-02-01T07:55:51+01:00,40f081a6-4095-43f7-bffb-64e2af8c026e,41.040130226691744,21.340138519731564,temperature,5
2026-02-01T08:11:24+01:00,40f081a6-4095-43f7-bffb-64e2af8c026e,41.040130226691744,21.340138519731564,gasResistance,0
2026-02-01T08:11:24+01:00,40f081a6-4095-43f7-bffb-64e2af8c026e,41.040130226691744,21.340138519731564,humidity,65
2026-02-01T08:11:24+01:00,40f081a6-4095-43f7-bffb-64e2af8c026e,41.040130226691744,21.340138519731564,noise,18
2026-02-01T08:11:24+01:00,40f081a6-4095-43f7-bffb-64e2af8c026e,41.040130226691744,21.340138519731564,noise_dba,32
2026-02-01T08:11:24+01:00,40f081a6-4095-43f7-bffb-64e2af8c026e,41.040130226691744,21.340138519731564,pm10,19
2026-02-01T08:11:24+01:00,40f081a6-4095-43f7-bffb-64e2af8c026e,41.040130226691744,21.340138519731564,pm25,10
2026-02-01T08:11:24+01:00,40f081a6-4095-43f7-bffb-64e2af8c026e,41.040130226691744,21.340138519731564,pressure,930
2026-02-01T08:11:24+01:00,40f081a6-4095-43f7-bffb-64e2af8c026e,41.040130226691744,21.340138519731564,temperature,6
2026-02-01T08:26:56+01:00,40f081a6-4095-43f7-bffb-64e2af8c026e,41.040130226691744,21.340138519731564,gasResistance,0
2026-02-01T08:26:56+01:00,40f081a6-4095-43f7-bffb-64e2af8c026e,41.040130226691744,21.340138519731564,humidity,65
2026-02-01T08:26:56+01:00,40f081a6-4095-43f7-bffb-64e2af8c026e,41.040130226691744,21.340138519731564,noise,28
2026-02-01T08:26:56+01:00,40f081a6-4095-43f7-bffb-64e2af8c026e,41.040130226691744,21.340138519731564,noise_dba,39
2026-02-01T08:26:56+01:00,40f081a6-4095-43f7-bffb-64e2af8c026e,41.040130226691744,21.340138519731564,pm10,3
2026-02-01T08:26:56+01:00,40f081a6-4095-43f7-bffb-64e2af8c026e,41.040130226691744,21.340138519731564,pm25,3
2026-02-01T08:26:56+01:00,40f081a6-4095-43f7-bffb-64e2af8c026e,41.040130226691744,21.340138519731564,pressure,930
2026-02-01T08:26:56+01:00,40f081a6-4095-43f7-bffb-64e2af8c026e,41.040130226691744,21.340138519731564,temperature,6
2026-02-01T08:42:28+01:00,40f081a6-4095-43f7-bffb-64e2af8c026e,41.040130226691744,21.340138519731564,gasResistance,0
2026-02-01T08:42:28+01:00,40f081a6-4095-43f7-bffb-64e2af8c026e,41.040130226691744,21.340138519731564,humidity,66
2026-02-01T08:42:28+01:00,40f081a6-4095-43f7-bffb-64e2af8c026e,41.040130226691744,21.340138519731564,noise,38
2026-02-01T08:42:28+01:00,40f081a6-4095-43f7-bffb-64e2af8c026e,41.040130226691744,21.340138519731564,noise_dba,44
2026-02-01T08:42:28+01:00,40f081a6-4095-43f7-bffb-64e2af8c026e,41.040130226691744,21.340138519731564,pm10,3
2026-02-01T08:42:28+01:00,40f081a6-4095-43f7-bffb-64e2af8c026e,41.040130226691744,21.340138519731564,pm25,2
2026-02-01T08:42:28+01:00,40f081a6-4095-43f7-bffb-64e2af8c026e,41.040130226691744,21.340138519731564,pressure,930
2026-02-01T08:42:28+01:00,40f081a6-4095-43f7-bffb-64e2af8c026e,41.040130226691744,21.340138519731564,temperature,6
2026-02-01T08:58:00+01:00,40f081a6-4095-43f7-bffb-64e2af8c026e,41.040130226691744,21.340138519731564,gasResistance,0
2026-02-01T08:58:00+01:00,40f081a6-4095-43f7-bffb-64e2af8c026e,41.040130226691744,21.340138519731564,humidity,65
2026-02-01T08:58:00+01:00,40f081a6-4095-43f7-bffb-64e2af8c026e,41.040130226691744,21.340138519731564,noise,22
2026-02-01T08:58:00+01:00,40f081a6-4095-43f7-bffb-64e2af8c026e,41.040130226691744,21.340138519731564,noise_dba,35
2026-02-01T08:58:00+01:00,40f081a6-4095-43f7-bffb-64e2af8c026e,41.040130226691744,21.340138519731564,pm10,4
2026-02-01T08:58:00+01:00,40f081a6-4095-43f7-bffb-64e2af8c026e,41.040130226691744,21.340138519731564,pm25,4
2026-02-01T08:58:00+01:00,40f081a6-4095-43f7-bffb-64e2af8c026e,41.040130226691744,21.340138519731564,pressure,930
2026-02-01T08:58:00+01:00,40f081a6-4095-43f7-bffb-64e2af8c026e,41.040130226691744,21.340138519731564,temperature,6
2026-02-01T09:13:33+01:00,40f081a6-4095-43f7-bffb-64e2af8c026e,41.040130226691744,21.340138519731564,gasResistance,0
2026-02-01T09:13:33+01:00,40f081a6-4095-43f7-bffb-64e2af8c026e,41.040130226691744,21.340138519731564,humidity,65
2026-02-01T09:13:33+01:00,40f081a6-4095-43f7-bffb-64e2af8c026e,41.040130226691744,21.340138519731564,noise,19
2026-02-01T09:13:33+01:00,40f081a6-4095-43f7-bffb-64e2af8c026e,41.040130226691744,21.340138519731564,noise_dba,33
2026-02-01T09:13:33+01:00,40f081a6-4095-43f7-bffb-64e2af8c026e,41.040130226691744,21.340138519731564,pm10,56
2026-02-01T09:13:33+01:00,40f081a6-4095-43f7-bffb-64e2af8c026e,41.040130226691744,21.340138519731564,pm25,38
2026-02-01T09:13:33+01:00,40f081a6-4095-43f7-bffb-64e2af8c026e,41.040130226691744,21.340138519731564,pressure,930
2026-02-01T09:13:33+01:00,40f081a6-4095-43f7-bffb-64e2af8c026e,41.040130226691744,21.340138519731564,temperature,6
2026-02-01T09:29:05+01:00,40f081a6-4095-43f7-bffb-64e2af8c026e,41.040130226691744,21.340138519731564,gasResistance,0
2026-02-01T09:29:05+01:00,40f081a6-4095-43f7-bffb-64e2af8c026e,41.040130226691744,21.340138519731564,humidity,65
2026-02-01T09:29:05+01:00,40f081a6-4095-43f7-bffb-64e2af8c026e,41.040130226691744,21.340138519731564,noise,19
2026-02-01T09:29:05+01:00,40f081a6-4095-43f7-bffb-64e2af8c026e,41.040130226691744,21.340138519731564,noise_dba,33
2026-02-01T09:29:05+01:00,40f081a6-4095-43f7-bffb-64e2af8c026e,41.040130226691744,21.340138519731564,pm10,45
2026-02-01T09:29:05+01:00,40f081a6-4095-43f7-bffb-64e2af8c026e,41.040130226691744,21.340138519731564,pm25,30
2026-02-01T09:29:05+01:00,40f081a6-4095-43f7-bffb-64e2af8c026e,41.040130226691744,21.340138519731564,pressure,930
2026-02-01T09:29:05+01:00,40f081a6-4095-43f7-bffb-64e2af8c026e,41.040130226691744,21.340138519731564,temperature,6
2026-02-01T09:44:37+01:00,40f081a6-4095-43f7-bffb-64e2af8c026e,41.040130226691744,21.340138519731564,gasResistance,0
2026-02-01T09:44:37+01:00,40f081a6-4095-43f7-bffb-64e2af8c026e,41.040130226691744,21.340138519731564,humidity,65
2026-02-01T09:44:37+01:00,40f081a6-4095-43f7-bffb-64e2af8c026e,41.040130226691744,21.340138519731564,noise,22
2026-02-01T09:44:37+01:00,40f081a6-4095-43f7-bffb-64e2af8c026e,41.040130226691744,21.340138519731564,noise_dba,35
2026-02-01T09:44:37+01:00,40f081a6-4095-43f7-bffb-64e2af8c026e,41.040130226691744,21.340138519731564,pm10,45
2026-02-01T09:44:37+01:00,40f081a6-4095-43f7-bffb-64e2af8c026e,41.040130226691744,21.340138519731564,pm25,29
2026-02-01T09:44:37+01:00,40f081a6-4095-43f7-bffb-64e2af8c026e,41.040130226691744,21.340138519731564,pressure,930
2026-02-01T09:44:37+01:00,40f081a6-4095-43f7-bffb-64e2af8c026e,41.040130226691744,21.340138519731564,temperature,6
2026-02-01T10:00:10+01:00,40f081a6-4095-43f7-bffb-64e2af8c026e,41.040130226691744,21.340138519731564,gasResistance,0
2026-02-01T10:00:10+01:00,40f081a6-4095-43f7-bffb-64e2af8c026e,41.040130226691744,21.340138519731564,humidity,65
2026-02-01T10:00:10+01:00,40f081a6-4095-43f7-bffb-64e2af8c026e,41.040130226691744,21.340138519731564,noise,53
2026-02-01T10:00:10+01:00,40f081a6-4095-43f7-bffb-64e2af8c026e,41.040130226691744,21.340138519731564,noise_dba,49
2026-02-01T10:00:10+01:00,40f081a6-4095-43f7-bffb-64e2af8c026e,41.040130226691744,21.340138519731564,pm10,50
2026-02-01T10:00:10+01:00,40f081a6-4095-43f7-bffb-64e2af8c026e,41.040130226691744,21.340138519731564,pm25,33
2026-02-01T10:00:10+01:00,40f081a6-4095-43f7-bffb-64e2af8c026e,41.040130226691744,21.340138519731564,pressure,930
2026-02-01T10:00:10+01:00,40f081a6-4095-43f7-bffb-64e2af8c026e,41.040130226691744,21.340138519731564,temperature,6
2026-02-01T10:15:42+01:00,40f081a6-4095-43f7-bffb-64e2af8c026e,41.040130226691744,21.340138519731564,gasResistance,0
2026-02-01T10:15:42+01:00,40f081a6-4095-43f7-bffb-64e2af8c026e,41.040130226691744,21.340138519731564,humidity,65
2026-02-01T10:15:42+01:00,40f081a6-4095-43f7-bffb-64e2af8c026e,41.040130226691744,21.340138519731564,noise,22
2026-02-01T10:15:42+01:00,40f081a6-4095-43f7-bffb-64e2af8c026e,41.040130226691744,21.340138519731564,noise_dba,35
2026-02-01T10:15:42+01:00,40f081a6-4095-43f7-bffb-64e2af8c026e,41.040130226691744,21.340138519731564,pm10,44
2026-02-01T10:15:42+01:00,40f081a6-4095-43f7-bffb-64e2af8c026e,41.040130226691744,21.340138519731564,pm25,29
2026-02-01T10:15:42+01:00,40f081a6-4095-43f7-bffb-64e2af8c026e,41.040130226691744,21.340138519731564,pressure,930
2026-02-01T10:15:42+01:00,40f081a6-4095-43f7-bffb-64e2af8c026e,41.040130226691744,21.340138519731564,temperature,7
2026-02-01T10:31:14+01:00,40f081a6-4095-43f7-bffb-64e2af8c026e,41.040130226691744,21.340138519731564,gasResistance,0
2026-02-01T10:31:14+01:00,40f081a6-4095-43f7-bffb-64e2af8c026e,41.040130226691744,21.340138519731564,humidity,65
2026-02-01T10:31:14+01:00,40f081a6-4095-43f7-bffb-64e2af8c026e,41.040130226691744,21.340138519731564,noise,23
2026-02-01T10:31:14+01:00,40f081a6-4095-43f7-bffb-64e2af8c026e,41.040130226691744,21.340138519731564,noise_dba,36
2026-02-01T10:31:14+01:00,40f081a6-4095-43f7-bffb-64e2af8c026e,41.040130226691744,21.340138519731564,pm10,30
2026-02-01T10:31:14+01:00,40f081a6-4095-43f7-bffb-64e2af8c026e,41.040130226691744,21.340138519731564,pm25,21
2026-02-01T10:31:14+01:00,40f081a6-4095-43f7-bffb-64e2af8c026e,41.040130226691744,21.340138519731564,pressure,930
2026-02-01T10:31:14+01:00,40f081a6-4095-43f7-bffb-64e2af8c026e,41.040130226691744,21.340138519731564,temperature,7
2026-02-01T10:46:46+01:00,40f081a6-4095-43f7-bffb-64e2af8c026e,41.040130226691744,21.340138519731564,gasResistance,0
2026-02-01T10:46:46+01:00,40f081a6-4095-43f7-bffb-64e2af8c026e,41.040130226691744,21.340138519731564,humidity,65
2026-02-01T10:46:46+01:00,40f081a6-4095-43f7-bffb-64e2af8c026e,41.040130226691744,21.340138519731564,noise,29
2026-02-01T10:46:46+01:00,40f081a6-4095-43f7-bffb-64e2af8c026e,41.040130226691744,21.340138519731564,noise_dba,40
2026-02-01T10:46:46+01:00,40f081a6-4095-43f7-bffb-64e2af8c026e,41.040130226691744,21.340138519731564,pm10,7
2026-02-01T10:46:46+01:00,40f081a6-4095-43f7-bffb-64e2af8c026e,41.040130226691744,21.340138519731564,pm25,5
2026-02-01T10:46:46+01:00,40f081a6-4095-43f7-bffb-64e2af8c026e,41.040130226691744,21.340138519731564,pressure,930
2026-02-01T10:46:46+01:00,40f081a6-4095-43f7-bffb-64e2af8c026e,41.040130226691744,21.340138519731564,temperature,6
2026-02-01T11:02:19+01:00,40f081a6-4095-43f7-bffb-64e2af8c026e,41.040130226691744,21.340138519731564,gasResistance,0
2026-02-01T11:02:19+01:00,40f081a6-4095-43f7-bffb-64e2af8c026e,41.040130226691744,21.340138519731564,humidity,65
2026-02-01T11:02:19+01:00,40f081a6-4095-43f7-bffb-64e2af8c026e,41.040130226691744,21.340138519731564,noise,34
2026-02-01T11:02:19+01:00,40f081a6-4095-43f7-bffb-64e2af8c026e,41.040130226691744,21.340138519731564,noise_dba,42
2026-02-01T11:02:19+01:00,40f081a6-4095-43f7-bffb-64e2af8c026e,41.040130226691744,21.340138519731564,pm10,13
2026-02-01T11:02:19+01:00,40f081a6-4095-43f7-bffb-64e2af8c026e,41.040130226691744,21.340138519731564,pm25,10
2026-02-01T11:02:19+01:00,40f081a6-4095-43f7-bffb-64e2af8c026e,41.040130226691744,21.340138519731564,pressure,930
2026-02-01T11:02:19+01:00,40f081a6-4095-43f7-bffb-64e2af8c026e,41.040130226691744,21.340138519731564,temperature,6
2026-02-01T11:17:51+01:00,40f081a6-4095-43f7-bffb-64e2af8c026e,41.040130226691744,21.340138519731564,gasResistance,0
2026-02-01T11:17:51+01:00,40f081a6-4095-43f7-bffb-64e2af8c026e,41.040130226691744,21.340138519731564,humidity,65
2026-02-01T11:17:51+01:00,40f081a6-4095-43f7-bffb-64e2af8c026e,41.040130226691744,21.340138519731564,noise,36
2026-02-01T11:17:51+01:00,40f081a6-4095-43f7-bffb-64e2af8c026e,41.040130226691744,21.340138519731564,noise_dba,43
2026-02-01T11:17:51+01:00,40f081a6-4095-43f7-bffb-64e2af8c026e,41.040130226691744,21.340138519731564,pm10,8
2026-02-01T11:17:51+01:00,40f081a6-4095-43f7-bffb-64e2af8c026e,41.040130226691744,21.340138519731564,pm25,5
2026-02-01T11:17:51+01:00,40f081a6-4095-43f7-bffb-64e2af8c026e,41.040130226691744,21.340138519731564,pressure,930
2026-02-01T11:17:51+01:00,40f081a6-4095-43f7-bffb-64e2af8c026e,41.040130226691744,21.340138519731564,temperature,6
2026-02-01T11:33:24+01:00,40f081a6-4095-43f7-bffb-64e2af8c026e,41.040130226691744,21.340138519731564,gasResistance,0
2026-02-01T11:33:24+01:00,40f081a6-4095-43f7-bffb-64e2af8c026e,41.040130226691744,21.340138519731564,humidity,65
2026-02-01T11:33:24+01:00,40f081a6-4095-43f7-bffb-64e2af8c026e,41.040130226691744,21.340138519731564,noise,29
2026-02-01T11:33:24+01:00,40f081a6-4095-43f7-bffb-64e2af8c026e,41.040130226691744,21.340138519731564,noise_dba,40
2026-02-01T11:33:24+01:00,40f081a6-4095-43f7-bffb-64e2af8c026e,41.040130226691744,21.340138519731564,pm10,11
2026-02-01T11:33:24+01:00,40f081a6-4095-43f7-bffb-64e2af8c026e,41.040130226691744,21.340138519731564,pm25,3
2026-02-01T11:33:24+01:00,40f081a6-4095-43f7-bffb-64e2af8c026e,41.040130226691744,21.340138519731564,pressure,930
2026-02-01T11:33:24+01:00,40f081a6-4095-43f7-bffb-64e2af8c026e,41.040130226691744,21.340138519731564,temperature,6
2026-02-01T11:48:57+01:00,40f081a6-4095-43f7-bffb-64e2af8c026e,41.040130226691744,21.340138519731564,gasResistance,0
2026-02-01T11:48:57+01:00,40f081a6-4095-43f7-bffb-64e2af8c026e,41.040130226691744,21.340138519731564,humidity,66
2026-02-01T11:48:57+01:00,40f081a6-4095-43f7-bffb-64e2af8c026e,41.040130226691744,21.340138519731564,noise,26
2026-02-01T11:48:57+01:00,40f081a6-4095-43f7-bffb-64e2af8c026e,41.040130226691744,21.340138519731564,noise_dba,38
2026-02-01T11:48:57+01:00,40f081a6-4095-43f7-bffb-64e2af8c026e,41.040130226691744,21.340138519731564,pm10,2
2026-02-01T11:48:57+01:00,40f081a6-4095-43f7-bffb-64e2af8c026e,41.040130226691744,21.340138519731564,pm25,1
2026-02-01T11:48:57+01:00,40f081a6-4095-43f7-bffb-64e2af8c026e,41.040130226691744,21.340138519731564,pressure,930
2026-02-01T11:48:57+01:00,40f081a6-4095-43f7-bffb-64e2af8c026e,41.040130226691744,21.340138519731564,temperature,6
2026-02-01T12:04:29+01:00,40f081a6-4095-43f7-bffb-64e2af8c026e,41.040130226691744,21.340138519731564,gasResistance,0
2026-02-01T12:04:29+01:00,40f081a6-4095-43f7-bffb-64e2af8c026e,41.040130226691744,21.340138519731564,humidity,66
2026-02-01T12:04:29+01:00,40f081a6-4095-43f7-bffb-64e2af8c026e,41.040130226691744,21.340138519731564,noise,43
2026-02-01T12:04:29+01:00,40f081a6-4095-43f7-bffb-64e2af8c026e,41.040130226691744,21.340138519731564,noise_dba,46
2026-02-01T12:04:29+01:00,40f081a6-4095-43f7-bffb-64e2af8c026e,41.040130226691744,21.340138519731564,pm10,7
2026-02-01T12:04:29+01:00,40f081a6-4095-43f7-bffb-64e2af8c026e,41.040130226691744,21.340138519731564,pm25,3
2026-02-01T12:04:29+01:00,40f081a6-4095-43f7-bffb-64e2af8c026e,41.040130226691744,21.340138519731564,pressure,930
2026-02-01T12:04:29+01:00,40f081a6-4095-43f7-bffb-64e2af8c026e,41.040130226691744,21.340138519731564,temperature,6
2026-02-01T12:20:01+01:00,40f081a6-4095-43f7-bffb-64e2af8c026e,41.040130226691744,21.340138519731564,gasResistance,0
2026-02-01T12:20:01+01:00,40f081a6-4095-43f7-bffb-64e2af8c026e,41.040130226691744,21.340138519731564,humidity,66
2026-02-01T12:20:01+01:00,40f081a6-4095-43f7-bffb-64e2af8c026e,41.040130226691744,21.340138519731564,noise,33
2026-02-01T12:20:01+01:00,40f081a6-4095-43f7-bffb-64e2af8c026e,41.040130226691744,21.340138519731564,noise_dba,42
2026-02-01T12:20:01+01:00,40f081a6-4095-43f7-bffb-64e2af8c026e,41.040130226691744,21.340138519731564,pm10,5
2026-02-01T12:20:01+01:00,40f081a6-4095-43f7-bffb-64e2af8c026e,41.040130226691744,21.340138519731564,pm25,3
2026-02-01T12:20:01+01:00,40f081a6-4095-43f7-bffb-64e2af8c026e,41.040130226691744,21.340138519731564,pressure,930
2026-02-01T12:20:01+01:00,40f081a6-4095-43f7-bffb-64e2af8c026e,41.040130226691744,21.340138519731564,temperature,6
2026-02-01T12:35:34+01:00,40f081a6-4095-43f7-bffb-64e2af8c026e,41.040130226691744,21.340138519731564,gasResistance,0
2026-02-01T12:35:34+01:00,40f081a6-4095-43f7-bffb-64e2af8c026e,41.040130226691744,21.340138519731564,humidity,65
2026-02-01T12:35:34+01:00,40f081a6-4095-43f7-bffb-64e2af8c026e,41.040130226691744,21.340138519731564,noise,28
2026-02-01T12:35:34+01:00,40f081a6-4095-43f7-bffb-64e2af8c026e,41.040130226691744,21.340138519731564,noise_dba,39
2026-02-01T12:35:34+01:00,40f081a6-4095-43f7-bffb-64e2af8c026e,41.040130226691744,21.340138519731564,pm10,3
2026-02-01T12:35:34+01:00,40f081a6-4095-43f7-bffb-64e2af8c026e,41.040130226691744,21.340138519731564,pm25,3
2026-02-01T12:35:34+01:00,40f081a6-4095-43f7-bffb-64e2af8c026e,41.040130226691744,21.340138519731564,pressure,929
2026-02-01T12:35:34+01:00,40f081a6-4095-43f7-bffb-64e2af8c026e,41.040130226691744,21.340138519731564,temperature,6
2026-02-01T12:51:06+01:00,40f081a6-4095-43f7-bffb-64e2af8c026e,41.040130226691744,21.340138519731564,gasResistance,0
2026-02-01T12:51:06+01:00,40f081a6-4095-43f7-bffb-64e2af8c026e,41.040130226691744,21.340138519731564,humidity,65
2026-02-01T12:51:06+01:00,40f081a6-4095-43f7-bffb-64e2af8c026e,41.040130226691744,21.340138519731564,noise,25
2026-02-01T12:51:06+01:00,40f081a6-4095-43f7-bffb-64e2af8c026e,41.040130226691744,21.340138519731564,noise_dba,37
2026-02-01T12:51:06+01:00,40f081a6-4095-43f7-bffb-64e2af8c026e,41.040130226691744,21.340138519731564,pm10,1
2026-02-01T12:51:06+01:00,40f081a6-4095-43f7-bffb-64e2af8c026e,41.040130226691744,21.340138519731564,pm25,1
2026-02-01T12:51:06+01:00,40f081a6-4095-43f7-bffb-64e2af8c026e,41.040130226691744,21.340138519731564,pressure,929
2026-02-01T12:51:06+01:00,40f081a6-4095-43f7-bffb-64e2af8c026e,41.040130226691744,21.340138519731564,temperature,6
2026-02-01T13:06:39+01:00,40f081a6-4095-43f7-bffb-64e2af8c026e,41.040130226691744,21.340138519731564,gasResistance,0
2026-02-01T13:06:39+01:00,40f081a6-4095-43f7-bffb-64e2af8c026e,41.040130226691744,21.340138519731564,humidity,65
2026-02-01T13:06:39+01:00,40f081a6-4095-43f7-bffb-64e2af8c026e,41.040130226691744,21.340138519731564,noise,36
2026-02-01T13:06:39+01:00,40f081a6-4095-43f7-bffb-64e2af8c026e,41.040130226691744,21.340138519731564,noise_dba,43
2026-02-01T13:06:39+01:00,40f081a6-4095-43f7-bffb-64e2af8c026e,41.040130226691744,21.340138519731564,pm10,2
2026-02-01T13:06:39+01:00,40f081a6-4095-43f7-bffb-64e2af8c026e,41.040130226691744,21.340138519731564,pm25,1
2026-02-01T13:06:39+01:00,40f081a6-4095-43f7-bffb-64e2af8c026e,41.040130226691744,21.340138519731564,pressure,929
2026-02-01T13:06:39+01:00,40f081a6-4095-43f7-bffb-64e2af8c026e,41.040130226691744,21.340138519731564,temperature,6
2026-02-01T13:22:11+01:00,40f081a6-4095-43f7-bffb-64e2af8c026e,41.040130226691744,21.340138519731564,gasResistance,0
2026-02-01T13:22:11+01:00,40f081a6-4095-43f7-bffb-64e2af8c026e,41.040130226691744,21.340138519731564,humidity,65
2026-02-01T13:22:11+01:00,40f081a6-4095-43f7-bffb-64e2af8c026e,41.040130226691744,21.340138519731564,noise,48
2026-02-01T13:22:11+01:00,40f081a6-4095-43f7-bffb-64e2af8c026e,41.040130226691744,21.340138519731564,noise_dba,48
2026-02-01T13:22:11+01:00,40f081a6-4095-43f7-bffb-64e2af8c026e,41.040130226691744,21.340138519731564,pm10,2
2026-02-01T13:22:11+01:00,40f081a6-4095-43f7-bffb-64e2af8c026e,41.040130226691744,21.340138519731564,pm25,2
2026-02-01T13:22:11+01:00,40f081a6-4095-43f7-bffb-64e2af8c026e,41.040130226691744,21.340138519731564,pressure,929
2026-02-01T13:22:11+01:00,40f081a6-4095-43f7-bffb-64e2af8c026e,41.040130226691744,21.340138519731564,temperature,6
2026-02-01T13:37:43+01:00,40f081a6-4095-43f7-bffb-64e2af8c026e,41.040130226691744,21.340138519731564,gasResistance,0
2026-02-01T13:37:43+01:00,40f081a6-4095-43f7-bffb-64e2af8c026e,41.040130226691744,21.340138519731564,humidity,65
2026-02-01T13:37:43+01:00,40f081a6-4095-43f7-bffb-64e2af8c026e,41.040130226691744,21.340138519731564,noise,47
2026-02-01T13:37:43+01:00,40f081a6-4095-43f7-bffb-64e2af8c026e,41.040130226691744,21.340138519731564,noise_dba,47
2026-02-01T13:37:43+01:00,40f081a6-4095-43f7-bffb-64e2af8c026e,41.040130226691744,21.340138519731564,pm10,2
2026-02-01T13:37:43+01:00,40f081a6-4095-43f7-bffb-64e2af8c026e,41.040130226691744,21.340138519731564,pm25,2
2026-02-01T13:37:43+01:00,40f081a6-4095-43f7-bffb-64e2af8c026e,41.040130226691744,21.340138519731564,pressure,929
2026-02-01T13:37:43+01:00,40f081a6-4095-43f7-bffb-64e2af8c026e,41.040130226691744,21.340138519731564,temperature,5
2026-02-01T13:53:15+01:00,40f081a6-4095-43f7-bffb-64e2af8c026e,41.040130226691744,21.340138519731564,gasResistance,0
2026-02-01T13:53:15+01:00,40f081a6-4095-43f7-bffb-64e2af8c026e,41.040130226691744,21.340138519731564,humidity,65
2026-02-01T13:53:15+01:00,40f081a6-4095-43f7-bffb-64e2af8c026e,41.040130226691744,21.340138519731564,noise,35
2026-02-01T13:53:15+01:00,40f081a6-4095-43f7-bffb-64e2af8c026e,41.040130226691744,21.340138519731564,noise_dba,43
2026-02-01T13:53:15+01:00,40f081a6-4095-43f7-bffb-64e2af8c026e,41.040130226691744,21.340138519731564,pm10,3
2026-02-01T13:53:15+01:00,40f081a6-4095-43f7-bffb-64e2af8c026e,41.040130226691744,21.340138519731564,pm25,3
2026-02-01T13:53:15+01:00,40f081a6-4095-43f7-bffb-64e2af8c026e,41.040130226691744,21.340138519731564,pressure,929
2026-02-01T13:53:15+01:00,40f081a6-4095-43f7-bffb-64e2af8c026e,41.040130226691744,21.340138519731564,temperature,5
2026-02-01T14:08:48+01:00,40f081a6-4095-43f7-bffb-64e2af8c026e,41.040130226691744,21.340138519731564,gasResistance,0
2026-02-01T14:08:48+01:00,40f081a6-4095-43f7-bffb-64e2af8c026e,41.040130226691744,21.340138519731564,humidity,65
2026-02-01T14:08:48+01:00,40f081a6-4095-43f7-bffb-64e2af8c026e,41.040130226691744,21.340138519731564,noise,51
2026-02-01T14:08:48+01:00,40f081a6-4095-43f7-bffb-64e2af8c026e,41.040130226691744,21.340138519731564,noise_dba,49
2026-02-01T14:08:48+01:00,40f081a6-4095-43f7-bffb-64e2af8c026e,41.040130226691744,21.340138519731564,pm10,5
2026-02-01T14:08:48+01:00,40f081a6-4095-43f7-bffb-64e2af8c026e,41.040130226691744,21.340138519731564,pm25,3
2026-02-01T14:08:48+01:00,40f081a6-4095-43f7-bffb-64e2af8c026e,41.040130226691744,21.340138519731564,pressure,929
2026-02-01T14:08:48+01:00,40f081a6-4095-43f7-bffb-64e2af8c026e,41.040130226691744,21.340138519731564,temperature,5
2026-02-01T14:24:19+01:00,40f081a6-4095-43f7-bffb-64e2af8c026e,41.040130226691744,21.340138519731564,gasResistance,0
2026-02-01T14:24:19+01:00,40f081a6-4095-43f7-bffb-64e2af8c026e,41.040130226691744,21.340138519731564,humidity,66
2026-02-01T14:24:19+01:00,40f081a6-4095-43f7-bffb-64e2af8c026e,41.040130226691744,21.340138519731564,noise,35
2026-02-01T14:24:19+01:00,40f081a6-4095-43f7-bffb-64e2af8c026e,41.040130226691744,21.340138519731564,noise_dba,43
2026-02-01T14:24:19+01:00,40f081a6-4095-43f7-bffb-64e2af8c026e,41.040130226691744,21.340138519731564,pm10,2
2026-02-01T14:24:19+01:00,40f081a6-4095-43f7-bffb-64e2af8c026e,41.040130226691744,21.340138519731564,pm25,2
2026-02-01T14:24:19+01:00,40f081a6-4095-43f7-bffb-64e2af8c026e,41.040130226691744,21.340138519731564,pressure,929
2026-02-01T14:24:19+01:00,40f081a6-4095-43f7-bffb-64e2af8c026e,41.040130226691744,21.340138519731564,temperature,5
2026-02-01T14:39:52+01:00,40f081a6-4095-43f7-bffb-64e2af8c026e,41.040130226691744,21.340138519731564,gasResistance,0
2026-02-01T14:39:52+01:00,40f081a6-4095-43f7-bffb-64e2af8c026e,41.040130226691744,21.340138519731564,humidity,65
2026-02-01T14:39:52+01:00,40f081a6-4095-43f7-bffb-64e2af8c026e,41.040130226691744,21.340138519731564,noise,33
2026-02-01T14:39:52+01:00,40f081a6-4095-43f7-bffb-64e2af8c026e,41.040130226691744,21.340138519731564,noise_dba,42
2026-02-01T14:39:52+01:00,40f081a6-4095-43f7-bffb-64e2af8c026e,41.040130226691744,21.340138519731564,pm10,4
2026-02-01T14:39:52+01:00,40f081a6-4095-43f7-bffb-64e2af8c026e,41.040130226691744,21.340138519731564,pm25,3
2026-02-01T14:39:52+01:00,40f081a6-4095-43f7-bffb-64e2af8c026e,41.040130226691744,21.340138519731564,pressure,929
2026-02-01T14:39:52+01:00,40f081a6-4095-43f7-bffb-64e2af8c026e,41.040130226691744,21.340138519731564,temperature,5
2026-02-01T14:55:24+01:00,40f081a6-4095-43f7-bffb-64e2af8c026e,41.040130226691744,21.340138519731564,gasResistance,0
2026-02-01T14:55:24+01:00,40f081a6-4095-43f7-bffb-64e2af8c026e,41.040130226691744,21.340138519731564,humidity,65
2026-02-01T14:55:24+01:00,40f081a6-4095-43f7-bffb-64e2af8c026e,41.040130226691744,21.340138519731564,noise,32
2026-02-01T14:55:24+01:00,40f081a6-4095-43f7-bffb-64e2af8c026e,41.040130226691744,21.340138519731564,noise_dba,41
2026-02-01T14:55:24+01:00,40f081a6-4095-43f7-bffb-64e2af8c026e,41.040130226691744,21.340138519731564,pm10,5
2026-02-01T14:55:24+01:00,40f081a6-4095-43f7-bffb-64e2af8c026e,41.040130226691744,21.340138519731564,pm25,3
2026-02-01T14:55:24+01:00,40f081a6-4095-43f7-bffb-64e2af8c026e,41.040130226691744,21.340138519731564,pressure,929
2026-02-01T14:55:24+01:00,40f081a6-4095-43f7-bffb-64e2af8c026e,41.040130226691744,21.340138519731564,temperature,5
2026-02-01T15:10:56+01:00,40f081a6-4095-43f7-bffb-64e2af8c026e,41.040130226691744,21.340138519731564,gasResistance,0
2026-02-01T15:10:56+01:00,40f081a6-4095-43f7-bffb-64e2af8c026e,41.040130226691744,21.340138519731564,humidity,65
2026-02-01T15:10:56+01:00,40f081a6-4095-43f7-bffb-64e2af8c026e,41.040130226691744,21.340138519731564,noise,36
2026-02-01T15:10:56+01:00,40f081a6-4095-43f7-bffb-64e2af8c026e,41.040130226691744,21.340138519731564,noise_dba,43
2026-02-01T15:10:56+01:00,40f081a6-4095-43f7-bffb-64e2af8c026e,41.040130226691744,21.340138519731564,pm10,3
2026-02-01T15:10:56+01:00,40f081a6-4095-43f7-bffb-64e2af8c026e,41.040130226691744,21.340138519731564,pm25,2
2026-02-01T15:10:56+01:00,40f081a6-4095-43f7-bffb-64e2af8c026e,41.040130226691744,21.340138519731564,pressure,929
2026-02-01T15:10:56+01:00,40f081a6-4095-43f7-bffb-64e2af8c026e,41.040130226691744,21.340138519731564,temperature,6
2026-02-01T15:26:28+01:00,40f081a6-4095-43f7-bffb-64e2af8c026e,41.040130226691744,21.340138519731564,gasResistance,0
2026-02-01T15:26:28+01:00,40f081a6-4095-43f7-bffb-64e2af8c026e,41.040130226691744,21.340138519731564,humidity,65
2026-02-01T15:26:28+01:00,40f081a6-4095-43f7-bffb-64e2af8c026e,41.040130226691744,21.340138519731564,noise,40
2026-02-01T15:26:28+01:00,40f081a6-4095-43f7-bffb-64e2af8c026e,41.040130226691744,21.340138519731564,noise_dba,45
2026-02-01T15:26:28+01:00,40f081a6-4095-43f7-bffb-64e2af8c026e,41.040130226691744,21.340138519731564,pm10,9
2026-02-01T15:26:28+01:00,40f081a6-4095-43f7-bffb-64e2af8c026e,41.040130226691744,21.340138519731564,pm25,6
2026-02-01T15:26:28+01:00,40f081a6-4095-43f7-bffb-64e2af8c026e,41.040130226691744,21.340138519731564,pressure,929
2026-02-01T15:26:28+01:00,40f081a6-4095-43f7-bffb-64e2af8c026e,41.040130226691744,21.340138519731564,temperature,6
2026-02-01T15:42:01+01:00,40f081a6-4095-43f7-bffb-64e2af8c026e,41.040130226691744,21.340138519731564,gasResistance,0
2026-02-01T15:42:01+01:00,40f081a6-4095-43f7-bffb-64e2af8c026e,41.040130226691744,21.340138519731564,humidity,65
2026-02-01T15:42:01+01:00,40f081a6-4095-43f7-bffb-64e2af8c026e,41.040130226691744,21.340138519731564,noise,41
2026-02-01T15:42:01+01:00,40f081a6-4095-43f7-bffb-64e2af8c026e,41.040130226691744,21.340138519731564,noise_dba,45
2026-02-01T15:42:01+01:00,40f081a6-4095-43f7-bffb-64e2af8c026e,41.040130226691744,21.340138519731564,pm10,6
2026-02-01T15:42:01+01:00,40f081a6-4095-43f7-bffb-64e2af8c026e,41.040130226691744,21.340138519731564,pm25,4
2026-02-01T15:42:01+01:00,40f081a6-4095-43f7-bffb-64e2af8c026e,41.040130226691744,21.340138519731564,pressure,929
2026-02-01T15:42:01+01:00,40f081a6-4095-43f7-bffb-64e2af8c026e,41.040130226691744,21.340138519731564,temperature,6
2026-02-01T15:57:33+01:00,40f081a6-4095-43f7-bffb-64e2af8c026e,41.040130226691744,21.340138519731564,gasResistance,0
2026-02-01T15:57:33+01:00,40f081a6-4095-43f7-bffb-64e2af8c026e,41.040130226691744,21.340138519731564,humidity,65
2026-02-01T15:57:33+01:00,40f081a6-4095-43f7-bffb-64e2af8c026e,41.040130226691744,21.340138519731564,noise,36
2026-02-01T15:57:33+01:00,40f081a6-4095-43f7-bffb-64e2af8c026e,41.040130226691744,21.340138519731564,noise_dba,43
2026-02-01T15:57:33+01:00,40f081a6-4095-43f7-bffb-64e2af8c026e,41.040130226691744,21.340138519731564,pm10,6
2026-02-01T15:57:33+01:00,40f081a6-4095-43f7-bffb-64e2af8c026e,41.040130226691744,21.340138519731564,pm25,4
2026-02-01T15:57:33+01:00,40f081a6-4095-43f7-bffb-64e2af8c026e,41.040130226691744,21.340138519731564,pressure,929
2026-02-01T15:57:33+01:00,40f081a6-4095-43f7-bffb-64e2af8c026e,41.040130226691744,21.340138519731564,temperature,6
2026-02-01T16:13:05+01:00,40f081a6-4095-43f7-bffb-64e2af8c026e,41.040130226691744,21.340138519731564,gasResistance,0
2026-02-01T16:13:05+01:00,40f081a6-4095-43f7-bffb-64e2af8c026e,41.040130226691744,21.340138519731564,humidity,65
2026-02-01T16:13:05+01:00,40f081a6-4095-43f7-bffb-64e2af8c026e,41.040130226691744,21.340138519731564,noise,31
2026-02-01T16:13:05+01:00,40f081a6-4095-43f7-bffb-64e2af8c026e,41.040130226691744,21.340138519731564,noise_dba,41
2026-02-01T16:13:05+01:00,40f081a6-4095-43f7-bffb-64e2af8c026e,41.040130226691744,21.340138519731564,pm10,9
2026-02-01T16:13:05+01:00,40f081a6-4095-43f7-bffb-64e2af8c026e,41.040130226691744,21.340138519731564,pm25,7
2026-02-01T16:13:05+01:00,40f081a6-4095-43f7-bffb-64e2af8c026e,41.040130226691744,21.340138519731564,pressure,929
2026-02-01T16:13:05+01:00,40f081a6-4095-43f7-bffb-64e2af8c026e,41.040130226691744,21.340138519731564,temperature,6
2026-02-01T16:28:38+01:00,40f081a6-4095-43f7-bffb-64e2af8c026e,41.040130226691744,21.340138519731564,gasResistance,0
2026-02-01T16:28:38+01:00,40f081a6-4095-43f7-bffb-64e2af8c026e,41.040130226691744,21.340138519731564,humidity,65
2026-02-01T16:28:38+01:00,40f081a6-4095-43f7-bffb-64e2af8c026e,41.040130226691744,21.340138519731564,noise,38
2026-02-01T16:28:38+01:00,40f081a6-4095-43f7-bffb-64e2af8c026e,41.040130226691744,21.340138519731564,noise_dba,44
2026-02-01T16:28:38+01:00,40f081a6-4095-43f7-bffb-64e2af8c026e,41.040130226691744,21.340138519731564,pm10,2
2026-02-01T16:28:38+01:00,40f081a6-4095-43f7-bffb-64e2af8c026e,41.040130226691744,21.340138519731564,pm25,2
2026-02-01T16:28:38+01:00,40f081a6-4095-43f7-bffb-64e2af8c026e,41.040130226691744,21.340138519731564,pressure,929
2026-02-01T16:28:38+01:00,40f081a6-4095-43f7-bffb-64e2af8c026e,41.040130226691744,21.340138519731564,temperature,6
2026-02-01T16:44:10+01:00,40f081a6-4095-43f7-bffb-64e2af8c026e,41.040130226691744,21.340138519731564,gasResistance,0
2026-02-01T16:44:10+01:00,40f081a6-4095-43f7-bffb-64e2af8c026e,41.040130226691744,21.340138519731564,humidity,65
2026-02-01T16:44:10+01:00,40f081a6-4095-43f7-bffb-64e2af8c026e,41.040130226691744,21.340138519731564,noise,27
2026-02-01T16:44:10+01:00,40f081a6-4095-43f7-bffb-64e2af8c026e,41.040130226691744,21.340138519731564,noise_dba,38
2026-02-01T16:44:10+01:00,40f081a6-4095-43f7-bffb-64e2af8c026e,41.040130226691744,21.340138519731564,pm10,6
2026-02-01T16:44:10+01:00,40f081a6-4095-43f7-bffb-64e2af8c026e,41.040130226691744,21.340138519731564,pm25,4
2026-02-01T16:44:10+01:00,40f081a6-4095-43f7-bffb-64e2af8c026e,41.040130226691744,21.340138519731564,pressure,929
2026-02-01T16:44:10+01:00,40f081a6-4095-43f7-bffb-64e2af8c026e,41.040130226691744,21.340138519731564,temperature,6
2026-02-01T16:59:42+01:00,40f081a6-4095-43f7-bffb-64e2af8c026e,41.040130226691744,21.340138519731564,gasResistance,0
2026-02-01T16:59:42+01:00,40f081a6-4095-43f7-bffb-64e2af8c026e,41.040130226691744,21.340138519731564,humidity,65
2026-02-01T16:59:42+01:00,40f081a6-4095-43f7-bffb-64e2af8c026e,41.040130226691744,21.340138519731564,noise,28
2026-02-01T16:59:42+01:00,40f081a6-4095-43f7-bffb-64e2af8c026e,41.040130226691744,21.340138519731564,noise_dba,39
2026-02-01T16:59:42+01:00,40f081a6-4095-43f7-bffb-64e2af8c026e,41.040130226691744,21.340138519731564,pm10,8
2026-02-01T16:59:42+01:00,40f081a6-4095-43f7-bffb-64e2af8c026e,41.040130226691744,21.340138519731564,pm25,5
2026-02-01T16:59:42+01:00,40f081a6-4095-43f7-bffb-64e2af8c026e,41.040130226691744,21.340138519731564,pressure,929
2026-02-01T16:59:42+01:00,40f081a6-4095-43f7-bffb-64e2af8c026e,41.040130226691744,21.340138519731564,temperature,6
2026-02-01T17:15:16+01:00,40f081a6-4095-43f7-bffb-64e2af8c026e,41.040130226691744,21.340138519731564,gasResistance,0
2026-02-01T17:15:16+01:00,40f081a6-4095-43f7-bffb-64e2af8c026e,41.040130226691744,21.340138519731564,humidity,65
2026-02-01T17:15:16+01:00,40f081a6-4095-43f7-bffb-64e2af8c026e,41.040130226691744,21.340138519731564,noise,48
2026-02-01T17:15:16+01:00,40f081a6-4095-43f7-bffb-64e2af8c026e,41.040130226691744,21.340138519731564,noise_dba,48
2026-02-01T17:15:16+01:00,40f081a6-4095-43f7-bffb-64e2af8c026e,41.040130226691744,21.340138519731564,pm10,15
2026-02-01T17:15:16+01:00,40f081a6-4095-43f7-bffb-64e2af8c026e,41.040130226691744,21.340138519731564,pm25,10
2026-02-01T17:15:16+01:00,40f081a6-4095-43f7-bffb-64e2af8c026e,41.040130226691744,21.340138519731564,pressure,929
2026-02-01T17:15:16+01:00,40f081a6-4095-43f7-bffb-64e2af8c026e,41.040130226691744,21.340138519731564,temperature,6
2026-02-01T17:30:49+01:00,40f081a6-4095-43f7-bffb-64e2af8c026e,41.040130226691744,21.340138519731564,gasResistance,0
2026-02-01T17:30:49+01:00,40f081a6-4095-43f7-bffb-64e2af8c026e,41.040130226691744,21.340138519731564,humidity,65
2026-02-01T17:30:49+01:00,40f081a6-4095-43f7-bffb-64e2af8c026e,41.040130226691744,21.340138519731564,noise,36
2026-02-01T17:30:49+01:00,40f081a6-4095-43f7-bffb-64e2af8c026e,41.040130226691744,21.340138519731564,noise_dba,43
2026-02-01T17:30:49+01:00,40f081a6-4095-43f7-bffb-64e2af8c026e,41.040130226691744,21.340138519731564,pm10,10
2026-02-01T17:30:49+01:00,40f081a6-4095-43f7-bffb-64e2af8c026e,41.040130226691744,21.340138519731564,pm25,7
2026-02-01T17:30:49+01:00,40f081a6-4095-43f7-bffb-64e2af8c026e,41.040130226691744,21.340138519731564,pressure,930
2026-02-01T17:30:49+01:00,40f081a6-4095-43f7-bffb-64e2af8c026e,41.040130226691744,21.340138519731564,temperature,5
2026-02-01T17:46:21+01:00,40f081a6-4095-43f7-bffb-64e2af8c026e,41.040130226691744,21.340138519731564,gasResistance,0
2026-02-01T17:46:21+01:00,40f081a6-4095-43f7-bffb-64e2af8c026e,41.040130226691744,21.340138519731564,humidity,66
2026-02-01T17:46:21+01:00,40f081a6-4095-43f7-bffb-64e2af8c026e,41.040130226691744,21.340138519731564,noise,36
2026-02-01T17:46:21+01:00,40f081a6-4095-43f7-bffb-64e2af8c026e,41.040130226691744,21.340138519731564,noise_dba,43
2026-02-01T17:46:21+01:00,40f081a6-4095-43f7-bffb-64e2af8c026e,41.040130226691744,21.340138519731564,pm10,8
2026-02-01T17:46:21+01:00,40f081a6-4095-43f7-bffb-64e2af8c026e,41.040130226691744,21.340138519731564,pm25,6
2026-02-01T17:46:21+01:00,40f081a6-4095-43f7-bffb-64e2af8c026e,41.040130226691744,21.340138519731564,pressure,930
2026-02-01T17:46:21+01:00,40f081a6-4095-43f7-bffb-64e2af8c026e,41.040130226691744,21.340138519731564,temperature,5
2026-02-01T18:01:53+01:00,40f081a6-4095-43f7-bffb-64e2af8c026e,41.040130226691744,21.340138519731564,gasResistance,0
2026-02-01T18:01:53+01:00,40f081a6-4095-43f7-bffb-64e2af8c026e,41.040130226691744,21.340138519731564,humidity,66
2026-02-01T18:01:53+01:00,40f081a6-4095-43f7-bffb-64e2af8c026e,41.040130226691744,21.340138519731564,noise,40
2026-02-01T18:01:53+01:00,40f081a6-4095-43f7-bffb-64e2af8c026e,41.040130226691744,21.340138519731564,noise_dba,45
2026-02-01T18:01:53+01:00,40f081a6-4095-43f7-bffb-64e2af8c026e,41.040130226691744,21.340138519731564,pm10,9
2026-02-01T18:01:53+01:00,40f081a6-4095-43f7-bffb-64e2af8c026e,41.040130226691744,21.340138519731564,pm25,6
2026-02-01T18:01:53+01:00,40f081a6-4095-43f7-bffb-64e2af8c026e,41.040130226691744,21.340138519731564,pressure,930
2026-02-01T18:01:53+01:00,40f081a6-4095-43f7-bffb-64e2af8c026e,41.040130226691744,21.340138519731564,temperature,5
2026-02-01T18:17:26+01:00,40f081a6-4095-43f7-bffb-64e2af8c026e,41.040130226691744,21.340138519731564,gasResistance,0
2026-02-01T18:17:26+01:00,40f081a6-4095-43f7-bffb-64e2af8c026e,41.040130226691744,21.340138519731564,humidity,66
2026-02-01T18:17:26+01:00,40f081a6-4095-43f7-bffb-64e2af8c026e,41.040130226691744,21.340138519731564,noise,44
2026-02-01T18:17:26+01:00,40f081a6-4095-43f7-bffb-64e2af8c026e,41.040130226691744,21.340138519731564,noise_dba,46
2026-02-01T18:17:26+01:00,40f081a6-4095-43f7-bffb-64e2af8c026e,41.040130226691744,21.340138519731564,pm10,9
2026-02-01T18:17:26+01:00,40f081a6-4095-43f7-bffb-64e2af8c026e,41.040130226691744,21.340138519731564,pm25,7
2026-02-01T18:17:26+01:00,40f081a6-4095-43f7-bffb-64e2af8c026e,41.040130226691744,21.340138519731564,pressure,930
2026-02-01T18:17:26+01:00,40f081a6-4095-43f7-bffb-64e2af8c026e,41.040130226691744,21.340138519731564,temperature,5
2026-02-01T18:33:00+01:00,40f081a6-4095-43f7-bffb-64e2af8c026e,41.040130226691744,21.340138519731564,gasResistance,0
2026-02-01T18:33:00+01:00,40f081a6-4095-43f7-bffb-64e2af8c026e,41.040130226691744,21.340138519731564,humidity,66
2026-02-01T18:33:00+01:00,40f081a6-4095-43f7-bffb-64e2af8c026e,41.040130226691744,21.340138519731564,pm10,6
2026-02-01T18:33:00+01:00,40f081a6-4095-43f7-bffb-64e2af8c026e,41.040130226691744,21.340138519731564,pm25,5
2026-02-01T18:33:00+01:00,40f081a6-4095-43f7-bffb-64e2af8c026e,41.040130226691744,21.340138519731564,pressure,930
2026-02-01T18:33:00+01:00,40f081a6-4095-43f7-bffb-64e2af8c026e,41.040130226691744,21.340138519731564,temperature,5
2026-02-01T18:48:33+01:00,40f081a6-4095-43f7-bffb-64e2af8c026e,41.040130226691744,21.340138519731564,gasResistance,0
2026-02-01T18:48:33+01:00,40f081a6-4095-43f7-bffb-64e2af8c026e,41.040130226691744,21.340138519731564,humidity,66
2026-02-01T18:48:33+01:00,40f081a6-4095-43f7-bffb-64e2af8c026e,41.040130226691744,21.340138519731564,pm10,12
2026-02-01T18:48:33+01:00,40f081a6-4095-43f7-bffb-64e2af8c026e,41.040130226691744,21.340138519731564,pm25,8
2026-02-01T18:48:33+01:00,40f081a6-4095-43f7-bffb-64e2af8c026e,41.040130226691744,21.340138519731564,pressure,930
2026-02-01T18:48:33+01:00,40f081a6-4095-43f7-bffb-64e2af8c026e,41.040130226691744,21.340138519731564,temperature,5
2026-02-01T19:04:06+01:00,40f081a6-4095-43f7-bffb-64e2af8c026e,41.040130226691744,21.340138519731564,gasResistance,0
2026-02-01T19:04:06+01:00,40f081a6-4095-43f7-bffb-64e2af8c026e,41.040130226691744,21.340138519731564,humidity,66
2026-02-01T19:04:06+01:00,40f081a6-4095-43f7-bffb-64e2af8c026e,41.040130226691744,21.340138519731564,noise,11
2026-02-01T19:04:06+01:00,40f081a6-4095-43f7-bffb-64e2af8c026e,41.040130226691744,21.340138519731564,noise_dba,24
2026-02-01T19:04:06+01:00,40f081a6-4095-43f7-bffb-64e2af8c026e,41.040130226691744,21.340138519731564,pm10,5
2026-02-01T19:04:06+01:00,40f081a6-4095-43f7-bffb-64e2af8c026e,41.040130226691744,21.340138519731564,pm25,4
2026-02-01T19:04:06+01:00,40f081a6-4095-43f7-bffb-64e2af8c026e,41.040130226691744,21.340138519731564,pressure,930
2026-02-01T19:04:06+01:00,40f081a6-4095-43f7-bffb-64e2af8c026e,41.040130226691744,21.340138519731564,temperature,4
2026-02-01T19:19:38+01:00,40f081a6-4095-43f7-bffb-64e2af8c026e,41.040130226691744,21.340138519731564,gasResistance,0
2026-02-01T19:19:38+01:00,40f081a6-4095-43f7-bffb-64e2af8c026e,41.040130226691744,21.340138519731564,humidity,66
2026-02-01T19:19:38+01:00,40f081a6-4095-43f7-bffb-64e2af8c026e,41.040130226691744,21.340138519731564,noise,17
2026-02-01T19:19:38+01:00,40f081a6-4095-43f7-bffb-64e2af8c026e,41.040130226691744,21.340138519731564,noise_dba,31
2026-02-01T19:19:38+01:00,40f081a6-4095-43f7-bffb-64e2af8c026e,41.040130226691744,21.340138519731564,pm10,7
2026-02-01T19:19:38+01:00,40f081a6-4095-43f7-bffb-64e2af8c026e,41.040130226691744,21.340138519731564,pm25,5
2026-02-01T19:19:38+01:00,40f081a6-4095-43f7-bffb-64e2af8c026e,41.040130226691744,21.340138519731564,pressure,930
2026-02-01T19:19:38+01:00,40f081a6-4095-43f7-bffb-64e2af8c026e,41.040130226691744,21.340138519731564,temperature,4
2026-02-01T19:35:10+01:00,40f081a6-4095-43f7-bffb-64e2af8c026e,41.040130226691744,21.340138519731564,gasResistance,0
2026-02-01T19:35:10+01:00,40f081a6-4095-43f7-bffb-64e2af8c026e,41.040130226691744,21.340138519731564,humidity,66
2026-02-01T19:35:10+01:00,40f081a6-4095-43f7-bffb-64e2af8c026e,41.040130226691744,21.340138519731564,noise,21
2026-02-01T19:35:10+01:00,40f081a6-4095-43f7-bffb-64e2af8c026e,41.040130226691744,21.340138519731564,noise_dba,34
2026-02-01T19:35:10+01:00,40f081a6-4095-43f7-bffb-64e2af8c026e,41.040130226691744,21.340138519731564,pm10,10
2026-02-01T19:35:10+01:00,40f081a6-4095-43f7-bffb-64e2af8c026e,41.040130226691744,21.340138519731564,pm25,7
2026-02-01T19:35:10+01:00,40f081a6-4095-43f7-bffb-64e2af8c026e,41.040130226691744,21.340138519731564,pressure,930
2026-02-01T19:35:10+01:00,40f081a6-4095-43f7-bffb-64e2af8c026e,41.040130226691744,21.340138519731564,temperature,4
2026-02-01T19:50:42+01:00,40f081a6-4095-43f7-bffb-64e2af8c026e,41.040130226691744,21.340138519731564,gasResistance,0
2026-02-01T19:50:42+01:00,40f081a6-4095-43f7-bffb-64e2af8c026e,41.040130226691744,21.340138519731564,humidity,66
2026-02-01T19:50:42+01:00,40f081a6-4095-43f7-bffb-64e2af8c026e,41.040130226691744,21.340138519731564,noise,22
2026-02-01T19:50:42+01:00,40f081a6-4095-43f7-bffb-64e2af8c026e,41.040130226691744,21.340138519731564,noise_dba,35
2026-02-01T19:50:42+01:00,40f081a6-4095-43f7-bffb-64e2af8c026e,41.040130226691744,21.340138519731564,pm10,7
2026-02-01T19:50:42+01:00,40f081a6-4095-43f7-bffb-64e2af8c026e,41.040130226691744,21.340138519731564,pm25,5
2026-02-01T19:50:42+01:00,40f081a6-4095-43f7-bffb-64e2af8c026e,41.040130226691744,21.340138519731564,pressure,930
2026-02-01T19:50:42+01:00,40f081a6-4095-43f7-bffb-64e2af8c026e,41.040130226691744,21.340138519731564,temperature,5
2026-02-01T20:06:14+01:00,40f081a6-4095-43f7-bffb-64e2af8c026e,41.040130226691744,21.340138519731564,gasResistance,0
2026-02-01T20:06:14+01:00,40f081a6-4095-43f7-bffb-64e2af8c026e,41.040130226691744,21.340138519731564,humidity,66
2026-02-01T20:06:14+01:00,40f081a6-4095-43f7-bffb-64e2af8c026e,41.040130226691744,21.340138519731564,noise,35
2026-02-01T20:06:14+01:00,40f081a6-4095-43f7-bffb-64e2af8c026e,41.040130226691744,21.340138519731564,noise_dba,43
2026-02-01T20:06:14+01:00,40f081a6-4095-43f7-bffb-64e2af8c026e,41.040130226691744,21.340138519731564,pm10,7
2026-02-01T20:06:14+01:00,40f081a6-4095-43f7-bffb-64e2af8c026e,41.040130226691744,21.340138519731564,pm25,5
2026-02-01T20:06:14+01:00,40f081a6-4095-43f7-bffb-64e2af8c026e,41.040130226691744,21.340138519731564,pressure,930
2026-02-01T20:06:14+01:00,40f081a6-4095-43f7-bffb-64e2af8c026e,41.040130226691744,21.340138519731564,temperature,5
2026-02-01T20:21:47+01:00,40f081a6-4095-43f7-bffb-64e2af8c026e,41.040130226691744,21.340138519731564,gasResistance,0
2026-02-01T20:21:47+01:00,40f081a6-4095-43f7-bffb-64e2af8c026e,41.040130226691744,21.340138519731564,humidity,66
2026-02-01T20:21:47+01:00,40f081a6-4095-43f7-bffb-64e2af8c026e,41.040130226691744,21.340138519731564,noise,43
2026-02-01T20:21:47+01:00,40f081a6-4095-43f7-bffb-64e2af8c026e,41.040130226691744,21.340138519731564,noise_dba,46
2026-02-01T20:21:47+01:00,40f081a6-4095-43f7-bffb-64e2af8c026e,41.040130226691744,21.340138519731564,pm10,3
2026-02-01T20:21:47+01:00,40f081a6-4095-43f7-bffb-64e2af8c026e,41.040130226691744,21.340138519731564,pm25,2
2026-02-01T20:21:47+01:00,40f081a6-4095-43f7-bffb-64e2af8c026e,41.040130226691744,21.340138519731564,pressure,930
2026-02-01T20:21:47+01:00,40f081a6-4095-43f7-bffb-64e2af8c026e,41.040130226691744,21.340138519731564,temperature,4
2026-02-01T20:37:19+01:00,40f081a6-4095-43f7-bffb-64e2af8c026e,41.040130226691744,21.340138519731564,gasResistance,0
2026-02-01T20:37:19+01:00,40f081a6-4095-43f7-bffb-64e2af8c026e,41.040130226691744,21.340138519731564,humidity,66
2026-02-01T20:37:19+01:00,40f081a6-4095-43f7-bffb-64e2af8c026e,41.040130226691744,21.340138519731564,pm10,2
2026-02-01T20:37:19+01:00,40f081a6-4095-43f7-bffb-64e2af8c026e,41.040130226691744,21.340138519731564,pm25,2
2026-02-01T20:37:19+01:00,40f081a6-4095-43f7-bffb-64e2af8c026e,41.040130226691744,21.340138519731564,pressure,930
2026-02-01T20:37:19+01:00,40f081a6-4095-43f7-bffb-64e2af8c026e,41.040130226691744,21.340138519731564,temperature,4
2026-02-01T20:52:51+01:00,40f081a6-4095-43f7-bffb-64e2af8c026e,41.040130226691744,21.340138519731564,gasResistance,0
2026-02-01T20:52:51+01:00,40f081a6-4095-43f7-bffb-64e2af8c026e,41.040130226691744,21.340138519731564,humidity,66
2026-02-01T20:52:51+01:00,40f081a6-4095-43f7-bffb-64e2af8c026e,41.040130226691744,21.340138519731564,noise,27
2026-02-01T20:52:51+01:00,40f081a6-4095-43f7-bffb-64e2af8c026e,41.040130226691744,21.340138519731564,noise_dba,38
2026-02-01T20:52:51+01:00,40f081a6-4095-43f7-bffb-64e2af8c026e,41.040130226691744,21.340138519731564,pm10,52
2026-02-01T20:52:51+01:00,40f081a6-4095-43f7-bffb-64e2af8c026e,41.040130226691744,21.340138519731564,pm25,30
2026-02-01T20:52:51+01:00,40f081a6-4095-43f7-bffb-64e2af8c026e,41.040130226691744,21.340138519731564,pressure,930
2026-02-01T20:52:51+01:00,40f081a6-4095-43f7-bffb-64e2af8c026e,41.040130226691744,21.340138519731564,temperature,4
2026-02-01T21:08:25+01:00,40f081a6-4095-43f7-bffb-64e2af8c026e,41.040130226691744,21.340138519731564,gasResistance,0
2026-02-01T21:08:25+01:00,40f081a6-4095-43f7-bffb-64e2af8c026e,41.040130226691744,21.340138519731564,humidity,66
2026-02-01T21:08:25+01:00,40f081a6-4095-43f7-bffb-64e2af8c026e,41.040130226691744,21.340138519731564,noise,23
2026-02-01T21:08:25+01:00,40f081a6-4095-43f7-bffb-64e2af8c026e,41.040130226691744,21.340138519731564,noise_dba,36
2026-02-01T21:08:25+01:00,40f081a6-4095-43f7-bffb-64e2af8c026e,41.040130226691744,21.340138519731564,pm10,443
2026-02-01T21:08:25+01:00,40f081a6-4095-43f7-bffb-64e2af8c026e,41.040130226691744,21.340138519731564,pm25,291
2026-02-01T21:08:25+01:00,40f081a6-4095-43f7-bffb-64e2af8c026e,41.040130226691744,21.340138519731564,pressure,931
2026-02-01T21:08:25+01:00,40f081a6-4095-43f7-bffb-64e2af8c026e,41.040130226691744,21.340138519731564,temperature,4
2026-02-01T21:23:58+01:00,40f081a6-4095-43f7-bffb-64e2af8c026e,41.040130226691744,21.340138519731564,gasResistance,0
2026-02-01T21:23:58+01:00,40f081a6-4095-43f7-bffb-64e2af8c026e,41.040130226691744,21.340138519731564,humidity,66
2026-02-01T21:23:58+01:00,40f081a6-4095-43f7-bffb-64e2af8c026e,41.040130226691744,21.340138519731564,noise,33
2026-02-01T21:23:58+01:00,40f081a6-4095-43f7-bffb-64e2af8c026e,41.040130226691744,21.340138519731564,noise_dba,42
2026-02-01T21:23:58+01:00,40f081a6-4095-43f7-bffb-64e2af8c026e,41.040130226691744,21.340138519731564,pm10,5
2026-02-01T21:23:58+01:00,40f081a6-4095-43f7-bffb-64e2af8c026e,41.040130226691744,21.340138519731564,pm25,3
2026-02-01T21:23:58+01:00,40f081a6-4095-43f7-bffb-64e2af8c026e,41.040130226691744,21.340138519731564,pressure,931
2026-02-01T21:23:58+01:00,40f081a6-4095-43f7-bffb-64e2af8c026e,41.040130226691744,21.340138519731564,temperature,5
2026-02-01T21:39:30+01:00,40f081a6-4095-43f7-bffb-64e2af8c026e,41.040130226691744,21.340138519731564,gasResistance,0
2026-02-01T21:39:30+01:00,40f081a6-4095-43f7-bffb-64e2af8c026e,41.040130226691744,21.340138519731564,humidity,65
2026-02-01T21:39:30+01:00,40f081a6-4095-43f7-bffb-64e2af8c026e,41.040130226691744,21.340138519731564,noise,36
2026-02-01T21:39:30+01:00,40f081a6-4095-43f7-bffb-64e2af8c026e,41.040130226691744,21.340138519731564,noise_dba,43
2026-02-01T21:39:30+01:00,40f081a6-4095-43f7-bffb-64e2af8c026e,41.040130226691744,21.340138519731564,pm10,5
2026-02-01T21:39:30+01:00,40f081a6-4095-43f7-bffb-64e2af8c026e,41.040130226691744,21.340138519731564,pm25,3
2026-02-01T21:39:30+01:00,40f081a6-4095-43f7-bffb-64e2af8c026e,41.040130226691744,21.340138519731564,pressure,931
2026-02-01T21:39:30+01:00,40f081a6-4095-43f7-bffb-64e2af8c026e,41.040130226691744,21.340138519731564,temperature,4
2026-02-01T21:55:02+01:00,40f081a6-4095-43f7-bffb-64e2af8c026e,41.040130226691744,21.340138519731564,gasResistance,0
2026-02-01T21:55:02+01:00,40f081a6-4095-43f7-bffb-64e2af8c026e,41.040130226691744,21.340138519731564,humidity,65
2026-02-01T21:55:02+01:00,40f081a6-4095-43f7-bffb-64e2af8c026e,41.040130226691744,21.340138519731564,noise,30
2026-02-01T21:55:02+01:00,40f081a6-4095-43f7-bffb-64e2af8c026e,41.040130226691744,21.340138519731564,noise_dba,40
2026-02-01T21:55:02+01:00,40f081a6-4095-43f7-bffb-64e2af8c026e,41.040130226691744,21.340138519731564,pm10,76
2026-02-01T21:55:02+01:00,40f081a6-4095-43f7-bffb-64e2af8c026e,41.040130226691744,21.340138519731564,pm25,10
2026-02-01T21:55:02+01:00,40f081a6-4095-43f7-bffb-64e2af8c026e,41.040130226691744,21.340138519731564,pressure,931
2026-02-01T21:55:02+01:00,40f081a6-4095-43f7-bffb-64e2af8c026e,41.040130226691744,21.340138519731564,temperature,4
2026-02-01T22:10:35+01:00,40f081a6-4095-43f7-bffb-64e2af8c026e,41.040130226691744,21.340138519731564,gasResistance,0
2026-02-01T22:10:35+01:00,40f081a6-4095-43f7-bffb-64e2af8c026e,41.040130226691744,21.340138519731564,humidity,65
2026-02-01T22:10:35+01:00,40f081a6-4095-43f7-bffb-64e2af8c026e,41.040130226691744,21.340138519731564,noise,24
2026-02-01T22:10:35+01:00,40f081a6-4095-43f7-bffb-64e2af8c026e,41.040130226691744,21.340138519731564,noise_dba,36
2026-02-01T22:10:35+01:00,40f081a6-4095-43f7-bffb-64e2af8c026e,41.040130226691744,21.340138519731564,pm10,3
2026-02-01T22:10:35+01:00,40f081a6-4095-43f7-bffb-64e2af8c026e,41.040130226691744,21.340138519731564,pm25,3
2026-02-01T22:10:35+01:00,40f081a6-4095-43f7-bffb-64e2af8c026e,41.040130226691744,21.340138519731564,pressure,931
2026-02-01T22:10:35+01:00,40f081a6-4095-43f7-bffb-64e2af8c026e,41.040130226691744,21.340138519731564,temperature,4
2026-02-01T22:26:07+01:00,40f081a6-4095-43f7-bffb-64e2af8c026e,41.040130226691744,21.340138519731564,gasResistance,0
2026-02-01T22:26:07+01:00,40f081a6-4095-43f7-bffb-64e2af8c026e,41.040130226691744,21.340138519731564,humidity,65
2026-02-01T22:26:07+01:00,40f081a6-4095-43f7-bffb-64e2af8c026e,41.040130226691744,21.340138519731564,noise,37
2026-02-01T22:26:07+01:00,40f081a6-4095-43f7-bffb-64e2af8c026e,41.040130226691744,21.340138519731564,noise_dba,43
2026-02-01T22:26:07+01:00,40f081a6-4095-43f7-bffb-64e2af8c026e,41.040130226691744,21.340138519731564,pm10,16
2026-02-01T22:26:07+01:00,40f081a6-4095-43f7-bffb-64e2af8c026e,41.040130226691744,21.340138519731564,pm25,11
2026-02-01T22:26:07+01:00,40f081a6-4095-43f7-bffb-64e2af8c026e,41.040130226691744,21.340138519731564,pressure,931
2026-02-01T22:26:07+01:00,40f081a6-4095-43f7-bffb-64e2af8c026e,41.040130226691744,21.340138519731564,temperature,4
2026-02-01T22:41:40+01:00,40f081a6-4095-43f7-bffb-64e2af8c026e,41.040130226691744,21.340138519731564,gasResistance,0
2026-02-01T22:41:40+01:00,40f081a6-4095-43f7-bffb-64e2af8c026e,41.040130226691744,21.340138519731564,humidity,65
2026-02-01T22:41:40+01:00,40f081a6-4095-43f7-bffb-64e2af8c026e,41.040130226691744,21.340138519731564,noise,28
2026-02-01T22:41:40+01:00,40f081a6-4095-43f7-bffb-64e2af8c026e,41.040130226691744,21.340138519731564,noise_dba,39
2026-02-01T22:41:40+01:00,40f081a6-4095-43f7-bffb-64e2af8c026e,41.040130226691744,21.340138519731564,pm10,2
2026-02-01T22:41:40+01:00,40f081a6-4095-43f7-bffb-64e2af8c026e,41.040130226691744,21.340138519731564,pm25,2
2026-02-01T22:41:40+01:00,40f081a6-4095-43f7-bffb-64e2af8c026e,41.040130226691744,21.340138519731564,pressure,931
2026-02-01T22:41:40+01:00,40f081a6-4095-43f7-bffb-64e2af8c026e,41.040130226691744,21.340138519731564,temperature,4
2026-02-01T22:57:12+01:00,40f081a6-4095-43f7-bffb-64e2af8c026e,41.040130226691744,21.340138519731564,gasResistance,0
2026-02-01T22:57:12+01:00,40f081a6-4095-43f7-bffb-64e2af8c026e,41.040130226691744,21.340138519731564,humidity,65
2026-02-01T22:57:12+01:00,40f081a6-4095-43f7-bffb-64e2af8c026e,41.040130226691744,21.340138519731564,pm10,4
2026-02-01T22:57:12+01:00,40f081a6-4095-43f7-bffb-64e2af8c026e,41.040130226691744,21.340138519731564,pm25,3
2026-02-01T22:57:12+01:00,40f081a6-4095-43f7-bffb-64e2af8c026e,41.040130226691744,21.340138519731564,pressure,931
2026-02-01T22:57:12+01:00,40f081a6-4095-43f7-bffb-64e2af8c026e,41.040130226691744,21.340138519731564,temperature,4
2026-02-01T23:12:44+01:00,40f081a6-4095-43f7-bffb-64e2af8c026e,41.040130226691744,21.340138519731564,gasResistance,0
2026-02-01T23:12:44+01:00,40f081a6-4095-43f7-bffb-64e2af8c026e,41.040130226691744,21.340138519731564,humidity,65
2026-02-01T23:12:44+01:00,40f081a6-4095-43f7-bffb-64e2af8c026e,41.040130226691744,21.340138519731564,pm10,3
2026-02-01T23:12:44+01:00,40f081a6-4095-43f7-bffb-64e2af8c026e,41.040130226691744,21.340138519731564,pm25,2
2026-02-01T23:12:44+01:00,40f081a6-4095-43f7-bffb-64e2af8c026e,41.040130226691744,21.340138519731564,pressure,931
2026-02-01T23:12:44+01:00,40f081a6-4095-43f7-bffb-64e2af8c026e,41.040130226691744,21.340138519731564,temperature,4
2026-02-01T23:28:17+01:00,40f081a6-4095-43f7-bffb-64e2af8c026e,41.040130226691744,21.340138519731564,gasResistance,0
2026-02-01T23:28:17+01:00,40f081a6-4095-43f7-bffb-64e2af8c026e,41.040130226691744,21.340138519731564,humidity,65
2026-02-01T23:28:17+01:00,40f081a6-4095-43f7-bffb-64e2af8c026e,41.040130226691744,21.340138519731564,pm10,3
2026-02-01T23:28:17+01:00,40f081a6-4095-43f7-bffb-64e2af8c026e,41.040130226691744,21.340138519731564,pm25,2
2026-02-01T23:28:17+01:00,40f081a6-4095-43f7-bffb-64e2af8c026e,41.040130226691744,21.340138519731564,pressure,931
2026-02-01T23:28:17+01:00,40f081a6-4095-43f7-bffb-64e2af8c026e,41.040130226691744,21.340138519731564,temperature,4
2026-02-01T23:43:48+01:00,40f081a6-4095-43f7-bffb-64e2af8c026e,41.040130226691744,21.340138519731564,gasResistance,0
2026-02-01T23:43:48+01:00,40f081a6-4095-43f7-bffb-64e2af8c026e,41.040130226691744,21.340138519731564,humidity,66
2026-02-01T23:43:48+01:00,40f081a6-4095-43f7-bffb-64e2af8c026e,41.040130226691744,21.340138519731564,pm10,8
2026-02-01T23:43:48+01:00,40f081a6-4095-43f7-bffb-64e2af8c026e,41.040130226691744,21.340138519731564,pm25,4
2026-02-01T23:43:48+01:00,40f081a6-4095-43f7-bffb-64e2af8c026e,41.040130226691744,21.340138519731564,pressure,931
2026-02-01T23:43:48+01:00,40f081a6-4095-43f7-bffb-64e2af8c026e,41.040130226691744,21.340138519731564,temperature,4
2026-02-01T23:59:20+01:00,40f081a6-4095-43f7-bffb-64e2af8c026e,41.040130226691744,21.340138519731564,gasResistance,0
2026-02-01T23:59:20+01:00,40f081a6-4095-43f7-bffb-64e2af8c026e,41.040130226691744,21.340138519731564,humidity,66
2026-02-01T23:59:20+01:00,40f081a6-4095-43f7-bffb-64e2af8c026e,41.040130226691744,21.340138519731564,pm10,9
2026-02-01T23:59:20+01:00,40f081a6-4095-43f7-bffb-64e2af8c026e,41.040130226691744,21.340138519731564,pm25,5
2026-02-01T23:59:20+01:00,40f081a6-4095-43f7-bffb-64e2af8c026e,41.040130226691744,21.340138519731564,pressure,931
2026-02-01T23:59:20+01:00,40f081a6-4095-43f7-bffb-64e2af8c026e,41.040130226691744,21.340138519731564,temperature,4
2026-02-02T00:14:52+01:00,40f081a6-4095-43f7-bffb-64e2af8c026e,41.040130226691744,21.340138519731564,gasResistance,0
2026-02-02T00:14:52+01:00,40f081a6-4095-43f7-bffb-64e2af8c026e,41.040130226691744,21.340138519731564,humidity,66
2026-02-02T00:14:52+01:00,40f081a6-4095-43f7-bffb-64e2af8c026e,41.040130226691744,21.340138519731564,pm10,4
2026-02-02T00:14:52+01:00,40f081a6-4095-43f7-bffb-64e2af8c026e,41.040130226691744,21.340138519731564,pm25,2
2026-02-02T00:14:52+01:00,40f081a6-4095-43f7-bffb-64e2af8c026e,41.040130226691744,21.340138519731564,pressure,931
2026-02-02T00:14:52+01:00,40f081a6-4095-43f7-bffb-64e2af8c026e,41.040130226691744,21.340138519731564,temperature,4
2026-02-02T00:30:25+01:00,40f081a6-4095-43f7-bffb-64e2af8c026e,41.040130226691744,21.340138519731564,gasResistance,0
2026-02-02T00:30:25+01:00,40f081a6-4095-43f7-bffb-64e2af8c026e,41.040130226691744,21.340138519731564,humidity,65
2026-02-02T00:30:25+01:00,40f081a6-4095-43f7-bffb-64e2af8c026e,41.040130226691744,21.340138519731564,pm10,7
2026-02-02T00:30:25+01:00,40f081a6-4095-43f7-bffb-64e2af8c026e,41.040130226691744,21.340138519731564,pm25,4
2026-02-02T00:30:25+01:00,40f081a6-4095-43f7-bffb-64e2af8c026e,41.040130226691744,21.340138519731564,pressure,931
2026-02-02T00:30:25+01:00,40f081a6-4095-43f7-bffb-64e2af8c026e,41.040130226691744,21.340138519731564,temperature,4
2026-02-02T00:45:57+01:00,40f081a6-4095-43f7-bffb-64e2af8c026e,41.040130226691744,21.340138519731564,gasResistance,0
2026-02-02T00:45:57+01:00,40f081a6-4095-43f7-bffb-64e2af8c026e,41.040130226691744,21.340138519731564,humidity,65
2026-02-02T00:45:57+01:00,40f081a6-4095-43f7-bffb-64e2af8c026e,41.040130226691744,21.340138519731564,pm10,3
2026-02-02T00:45:57+01:00,40f081a6-4095-43f7-bffb-64e2af8c026e,41.040130226691744,21.340138519731564,pm25,2
2026-02-02T00:45:57+01:00,40f081a6-4095-43f7-bffb-64e2af8c026e,41.040130226691744,21.340138519731564,pressure,931
2026-02-02T00:45:57+01:00,40f081a6-4095-43f7-bffb-64e2af8c026e,41.040130226691744,21.340138519731564,temperature,4
