timestamp,sensorId,lat,lon,type,value
2026-01-12T01:06:53+01:00,874ff9c6-786d-45fc-a90e-48c7ffe03417,41.02763616544628,21.31108861478468,humidity,64
2026-01-12T01:06:53+01:00,874ff9c6-786d-45fc-a90e-48c7ffe03417,41.02763616544628,21.31108861478468,noise,39
2026-01-12T01:06:53+01:00,874ff9c6-786d-45fc-a90e-48c7ffe03417,41.02763616544628,21.31108861478468,noise_dba,44
2026-01-12T01:06:53+01:00,874ff9c6-786d-45fc-a90e-48c7ffe03417,41.02763616544628,21.31108861478468,pm10,8
2026-01-12T01:06:53+01:00,874ff9c6-786d-45fc-a90e-48c7ffe03417,41.02763616544628,21.31108861478468,pm25,1
2026-01-12T01:06:53+01:00,874ff9c6-786d-45fc-a90e-48c7ffe03417,41.02763616544628,21.31108861478468,pressure,942
2026-01-12T01:06:53+01:00,874ff9c6-786d-45fc-a90e-48c7ffe03417,41.02763616544628,21.31108861478468,temperature,-3
2026-01-12T01:22:24+01:00,874ff9c6-786d-45fc-a90e-48c7ffe03417,41.02763616544628,21.31108861478468,humidity,65
2026-01-12T01:22:24+01:00,874ff9c6-786d-45fc-a90e-48c7ffe03417,41.02763616544628,21.31108861478468,noise,46
2026-01-12T01:22:24+01:00,874ff9c6-786d-45fc-a90e-48c7ffe03417,41.02763616544628,21.31108861478468,noise_dba,47
2026-01-12T01:22:24+01:00,874ff9c6-786d-45fc-a90e-48c7ffe03417,41.02763616544628,21.31108861478468,pm10,8
2026-01-12T01:22:24+01:00,874ff9c6-786d-45fc-a90e-48c7ffe03417,41.02763616544628,21.31108861478468,pm25,1
2026-01-12T01:22:24+01:00,874ff9c6-786d-45fc-a90e-48c7ffe03417,41.02763616544628,21.31108861478468,pressure,942
2026-01-12T01:22:24+01:00,874ff9c6-786d-45fc-a90e-48c7ffe03417,41.02763616544628,21.31108861478468,temperature,-3
2026-01-12T01:37:55+01:00,874ff9c6-786d-45fc-a90e-48c7ffe03417,41.02763616544628,21.31108861478468,humidity,66
2026-01-12T01:37:55+01:00,874ff9c6-786d-45fc-a90e-48c7ffe03417,41.02763616544628,21.31108861478468,noise,28
2026-01-12T01:37:55+01:00,874ff9c6-786d-45fc-a90e-48c7ffe03417,41.02763616544628,21.31108861478468,noise_dba,39
2026-01-12T01:37:55+01:00,874ff9c6-786d-45fc-a90e-48c7ffe03417,41.02763616544628,21.31108861478468,pm10,6
2026-01-12T01:37:55+01:00,874ff9c6-786d-45fc-a90e-48c7ffe03417,41.02763616544628,21.31108861478468,pm25,2
2026-01-12T01:37:55+01:00,874ff9c6-786d-45fc-a90e-48c7ffe03417,41.02763616544628,21.31108861478468,pressure,942
2026-01-12T01:37:55+01:00,874ff9c6-786d-45fc-a90e-48c7ffe03417,41.02763616544628,21.31108861478468,temperature,-3
2026-01-12T01:53:25+01:00,874ff9c6-786d-45fc-a90e-48c7ffe03417,41.02763616544628,21.31108861478468,humidity,64
2026-01-12T01:53:25+01:00,874ff9c6-786d-45fc-a90e-48c7ffe03417,41.02763616544628,21.31108861478468,noise,28
2026-01-12T01:53:25+01:00,874ff9c6-786d-45fc-a90e-48c7ffe03417,41.02763616544628,21.31108861478468,noise_dba,39
2026-01-12T01:53:25+01:00,874ff9c6-786d-45fc-a90e-48c7ffe03417,41.02763616544628,21.31108861478468,pm10,4
2026-01-12T01:53:25+01:00,874ff9c6-786d-45fc-a90e-48c7ffe03417,41.02763616544628,21.31108861478468,pm25,1
2026-01-12T01:53:25+01:00,874ff9c6-786d-45fc-a90e-48c7ffe03417,41.02763616544628,21.31108861478468,pressure,942
2026-01-12T01:53:25+01:00,874ff9c6-786d-45fc-a90e-48c7ffe03417,41.02763616544628,21.31108861478468,temperature,-2
2026-01-12T02:08:56+01:00,874ff9c6-786d-45fc-a90e-48c7ffe03417,41.02763616544628,21.31108861478468,humidity,67
2026-01-12T02:08:56+01:00,874ff9c6-786d-45fc-a90e-48c7ffe03417,41.02763616544628,21.31108861478468,noise,35
2026-01-12T02:08:56+01:00,874ff9c6-786d-45fc-a90e-48c7ffe03417,41.02763616544628,21.31108861478468,noise_dba,43
2026-01-12T02:08:56+01:00,874ff9c6-786d-45fc-a90e-48c7ffe03417,41.02763616544628,21.31108861478468,pm10,4
2026-01-12T02:08:56+01:00,874ff9c6-786d-45fc-a90e-48c7ffe03417,41.02763616544628,21.31108861478468,pm25,1
2026-01-12T02:08:56+01:00,874ff9c6-786d-45fc-a90e-48c7ffe03417,41.02763616544628,21.31108861478468,pressure,942
2026-01-12T02:08:56+01:00,874ff9c6-786d-45fc-a90e-48c7ffe03417,41.02763616544628,21.31108861478468,temperature,-3
2026-01-12T02:24:27+01:00,874ff9c6-786d-45fc-a90e-48c7ffe03417,41.02763616544628,21.31108861478468,humidity,68
2026-01-12T02:24:27+01:00,874ff9c6-786d-45fc-a90e-48c7ffe03417,41.02763616544628,21.31108861478468,noise,34
2026-01-12T02:24:27+01:00,874ff9c6-786d-45fc-a90e-48c7ffe03417,41.02763616544628,21.31108861478468,noise_dba,42
2026-01-12T02:24:27+01:00,874ff9c6-786d-45fc-a90e-48c7ffe03417,41.02763616544628,21.31108861478468,pm10,6
2026-01-12T02:24:27+01:00,874ff9c6-786d-45fc-a90e-48c7ffe03417,41.02763616544628,21.31108861478468,pm25,2
2026-01-12T02:24:27+01:00,874ff9c6-786d-45fc-a90e-48c7ffe03417,41.02763616544628,21.31108861478468,pressure,942
2026-01-12T02:24:27+01:00,874ff9c6-786d-45fc-a90e-48c7ffe03417,41.02763616544628,21.31108861478468,temperature,-3
2026-01-12T02:39:58+01:00,874ff9c6-786d-45fc-a90e-48c7ffe03417,41.02763616544628,21.31108861478468,humidity,66
2026-01-12T02:39:58+01:00,874ff9c6-786d-45fc-a90e-48c7ffe03417,41.02763616544628,21.31108861478468,noise,26
2026-01-12T02:39:58+01:00,874ff9c6-786d-45fc-a90e-48c7ffe03417,41.02763616544628,21.31108861478468,noise_dba,38
2026-01-12T02:39:58+01:00,874ff9c6-786d-45fc-a90e-48c7ffe03417,41.02763616544628,21.31108861478468,pm10,5
2026-01-12T02:39:58+01:00,874ff9c6-786d-45fc-a90e-48c7ffe03417,41.02763616544628,21.31108861478468,pm25,1
2026-01-12T02:39:58+01:00,874ff9c6-786d-45fc-a90e-48c7ffe03417,41.02763616544628,21.31108861478468,pressure,942
2026-01-12T02:39:58+01:00,874ff9c6-786d-45fc-a90e-48c7ffe03417,41.02763616544628,21.31108861478468,temperature,-3
2026-01-12T02:55:29+01:00,874ff9c6-786d-45fc-a90e-48c7ffe03417,41.02763616544628,21.31108861478468,humidity,66
2026-01-12T02:55:29+01:00,874ff9c6-786d-45fc-a90e-48c7ffe03417,41.02763616544628,21.31108861478468,noise,30
2026-01-12T02:55:29+01:00,874ff9c6-786d-45fc-a90e-48c7ffe03417,41.02763616544628,21.31108861478468,noise_dba,40
2026-01-12T02:55:29+01:00,874ff9c6-786d-45fc-a90e-48c7ffe03417,41.02763616544628,21.31108861478468,pm10,4
2026-01-12T02:55:29+01:00,874ff9c6-786d-45fc-a90e-48c7ffe03417,41.02763616544628,21.31108861478468,pm25,1
2026-01-12T02:55:29+01:00,874ff9c6-786d-45fc-a90e-48c7ffe03417,41.02763616544628,21.31108861478468,pressure,942
2026-01-12T02:55:29+01:00,874ff9c6-786d-45fc-a90e-48c7ffe03417,41.02763616544628,21.31108861478468,temperature,-3
2026-01-12T03:10:59+01:00,874ff9c6-786d-45fc-a90e-48c7ffe03417,41.02763616544628,21.31108861478468,humidity,67
2026-01-12T03:10:59+01:00,874ff9c6-786d-45fc-a90e-48c7ffe03417,41.02763616544628,21.31108861478468,noise,27
2026-01-12T03:10:59+01:00,874ff9c6-786d-45fc-a90e-48c7ffe03417,41.02763616544628,21.31108861478468,noise_dba,38
2026-01-12T03:10:59+01:00,874ff9c6-786d-45fc-a90e-48c7ffe03417,41.02763616544628,21.31108861478468,pm10,7
2026-01-12T03:10:59+01:00,874ff9c6-786d-45fc-a90e-48c7ffe03417,41.02763616544628,21.31108861478468,pm25,1
2026-01-12T03:10:59+01:00,874ff9c6-786d-45fc-a90e-48c7ffe03417,41.02763616544628,21.31108861478468,pressure,942
2026-01-12T03:10:59+01:00,874ff9c6-786d-45fc-a90e-48c7ffe03417,41.02763616544628,21.31108861478468,temperature,-3
2026-01-12T03:26:30+01:00,874ff9c6-786d-45fc-a90e-48c7ffe03417,41.02763616544628,21.31108861478468,humidity,66
2026-01-12T03:26:30+01:00,874ff9c6-786d-45fc-a90e-48c7ffe03417,41.02763616544628,21.31108861478468,noise,37
2026-01-12T03:26:30+01:00,874ff9c6-786d-45fc-a90e-48c7ffe03417,41.02763616544628,21.31108861478468,noise_dba,43
2026-01-12T03:26:30+01:00,874ff9c6-786d-45fc-a90e-48c7ffe03417,41.02763616544628,21.31108861478468,pm10,10
2026-01-12T03:26:30+01:00,874ff9c6-786d-45fc-a90e-48c7ffe03417,41.02763616544628,21.31108861478468,pm25,2
2026-01-12T03:26:30+01:00,874ff9c6-786d-45fc-a90e-48c7ffe03417,41.02763616544628,21.31108861478468,pressure,942
2026-01-12T03:26:30+01:00,874ff9c6-786d-45fc-a90e-48c7ffe03417,41.02763616544628,21.31108861478468,temperature,-3
2026-01-12T03:42:01+01:00,874ff9c6-786d-45fc-a90e-48c7ffe03417,41.02763616544628,21.31108861478468,humidity,61
2026-01-12T03:42:01+01:00,874ff9c6-786d-45fc-a90e-48c7ffe03417,41.02763616544628,21.31108861478468,noise,33
2026-01-12T03:42:01+01:00,874ff9c6-786d-45fc-a90e-48c7ffe03417,41.02763616544628,21.31108861478468,noise_dba,42
2026-01-12T03:42:01+01:00,874ff9c6-786d-45fc-a90e-48c7ffe03417,41.02763616544628,21.31108861478468,pm10,4
2026-01-12T03:42:01+01:00,874ff9c6-786d-45fc-a90e-48c7ffe03417,41.02763616544628,21.31108861478468,pm25,1
2026-01-12T03:42:01+01:00,874ff9c6-786d-45fc-a90e-48c7ffe03417,41.02763616544628,21.31108861478468,pressure,942
2026-01-12T03:42:01+01:00,874ff9c6-786d-45fc-a90e-48c7ffe03417,41.02763616544628,21.31108861478468,temperature,-3
2026-01-12T03:57:32+01:00,874ff9c6-786d-45fc-a90e-48c7ffe03417,41.02763616544628,21.31108861478468,humidity,63
2026-01-12T03:57:32+01:00,874ff9c6-786d-45fc-a90e-48c7ffe03417,41.02763616544628,21.31108861478468,noise,37
2026-01-12T03:57:32+01:00,874ff9c6-786d-45fc-a90e-48c7ffe03417,41.02763616544628,21.31108861478468,noise_dba,43
2026-01-12T03:57:32+01:00,874ff9c6-786d-45fc-a90e-48c7ffe03417,41.02763616544628,21.31108861478468,pm10,6
2026-01-12T03:57:32+01:00,874ff9c6-786d-45fc-a90e-48c7ffe03417,41.02763616544628,21.31108861478468,pm25,1
2026-01-12T03:57:32+01:00,874ff9c6-786d-45fc-a90e-48c7ffe03417,41.02763616544628,21.31108861478468,pressure,943
2026-01-12T03:57:32+01:00,874ff9c6-786d-45fc-a90e-48c7ffe03417,41.02763616544628,21.31108861478468,temperature,-4
2026-01-12T04:13:03+01:00,874ff9c6-786d-45fc-a90e-48c7ffe03417,41.02763616544628,21.31108861478468,humidity,68
2026-01-12T04:13:03+01:00,874ff9c6-786d-45fc-a90e-48c7ffe03417,41.02763616544628,21.31108861478468,noise,33
2026-01-12T04:13:03+01:00,874ff9c6-786d-45fc-a90e-48c7ffe03417,41.02763616544628,21.31108861478468,noise_dba,42
2026-01-12T04:13:03+01:00,874ff9c6-786d-45fc-a90e-48c7ffe03417,41.02763616544628,21.31108861478468,pm10,4
2026-01-12T04:13:03+01:00,874ff9c6-786d-45fc-a90e-48c7ffe03417,41.02763616544628,21.31108861478468,pm25,1
2026-01-12T04:13:03+01:00,874ff9c6-786d-45fc-a90e-48c7ffe03417,41.02763616544628,21.31108861478468,pressure,943
2026-01-12T04:13:03+01:00,874ff9c6-786d-45fc-a90e-48c7ffe03417,41.02763616544628,21.31108861478468,temperature,-4
2026-01-12T04:28:34+01:00,874ff9c6-786d-45fc-a90e-48c7ffe03417,41.02763616544628,21.31108861478468,humidity,75
2026-01-12T04:28:34+01:00,874ff9c6-786d-45fc-a90e-48c7ffe03417,41.02763616544628,21.31108861478468,noise,30
2026-01-12T04:28:34+01:00,874ff9c6-786d-45fc-a90e-48c7ffe03417,41.02763616544628,21.31108861478468,noise_dba,40
2026-01-12T04:28:34+01:00,874ff9c6-786d-45fc-a90e-48c7ffe03417,41.02763616544628,21.31108861478468,pm10,4
2026-01-12T04:28:34+01:00,874ff9c6-786d-45fc-a90e-48c7ffe03417,41.02763616544628,21.31108861478468,pm25,1
2026-01-12T04:28:34+01:00,874ff9c6-786d-45fc-a90e-48c7ffe03417,41.02763616544628,21.31108861478468,pressure,943
2026-01-12T04:28:34+01:00,874ff9c6-786d-45fc-a90e-48c7ffe03417,41.02763616544628,21.31108861478468,temperature,-4
2026-01-12T04:44:05+01:00,874ff9c6-786d-45fc-a90e-48c7ffe03417,41.02763616544628,21.31108861478468,humidity,78
2026-01-12T04:44:05+01:00,874ff9c6-786d-45fc-a90e-48c7ffe03417,41.02763616544628,21.31108861478468,noise,35
2026-01-12T04:44:05+01:00,874ff9c6-786d-45fc-a90e-48c7ffe03417,41.02763616544628,21.31108861478468,noise_dba,43
2026-01-12T04:44:05+01:00,874ff9c6-786d-45fc-a90e-48c7ffe03417,41.02763616544628,21.31108861478468,pm10,6
2026-01-12T04:44:05+01:00,874ff9c6-786d-45fc-a90e-48c7ffe03417,41.02763616544628,21.31108861478468,pm25,1
2026-01-12T04:44:05+01:00,874ff9c6-786d-45fc-a90e-48c7ffe03417,41.02763616544628,21.31108861478468,pressure,943
2026-01-12T04:44:05+01:00,874ff9c6-786d-45fc-a90e-48c7ffe03417,41.02763616544628,21.31108861478468,temperature,-4
2026-01-12T04:59:35+01:00,874ff9c6-786d-45fc-a90e-48c7ffe03417,41.02763616544628,21.31108861478468,humidity,75
2026-01-12T04:59:35+01:00,874ff9c6-786d-45fc-a90e-48c7ffe03417,41.02763616544628,21.31108861478468,noise,32
2026-01-12T04:59:35+01:00,874ff9c6-786d-45fc-a90e-48c7ffe03417,41.02763616544628,21.31108861478468,noise_dba,41
2026-01-12T04:59:35+01:00,874ff9c6-786d-45fc-a90e-48c7ffe03417,41.02763616544628,21.31108861478468,pm10,5
2026-01-12T04:59:35+01:00,874ff9c6-786d-45fc-a90e-48c7ffe03417,41.02763616544628,21.31108861478468,pm25,1
2026-01-12T04:59:35+01:00,874ff9c6-786d-45fc-a90e-48c7ffe03417,41.02763616544628,21.31108861478468,pressure,943
2026-01-12T04:59:35+01:00,874ff9c6-786d-45fc-a90e-48c7ffe03417,41.02763616544628,21.31108861478468,temperature,-4
2026-01-12T05:15:06+01:00,874ff9c6-786d-45fc-a90e-48c7ffe03417,41.02763616544628,21.31108861478468,humidity,81
2026-01-12T05:15:06+01:00,874ff9c6-786d-45fc-a90e-48c7ffe03417,41.02763616544628,21.31108861478468,noise,41
2026-01-12T05:15:06+01:00,874ff9c6-786d-45fc-a90e-48c7ffe03417,41.02763616544628,21.31108861478468,noise_dba,45
2026-01-12T05:15:06+01:00,874ff9c6-786d-45fc-a90e-48c7ffe03417,41.02763616544628,21.31108861478468,pm10,8
2026-01-12T05:15:06+01:00,874ff9c6-786d-45fc-a90e-48c7ffe03417,41.02763616544628,21.31108861478468,pm25,2
2026-01-12T05:15:06+01:00,874ff9c6-786d-45fc-a90e-48c7ffe03417,41.02763616544628,21.31108861478468,pressure,943
2026-01-12T05:15:06+01:00,874ff9c6-786d-45fc-a90e-48c7ffe03417,41.02763616544628,21.31108861478468,temperature,-4
2026-01-12T05:30:37+01:00,874ff9c6-786d-45fc-a90e-48c7ffe03417,41.02763616544628,21.31108861478468,humidity,80
2026-01-12T05:30:37+01:00,874ff9c6-786d-45fc-a90e-48c7ffe03417,41.02763616544628,21.31108861478468,noise,41
2026-01-12T05:30:37+01:00,874ff9c6-786d-45fc-a90e-48c7ffe03417,41.02763616544628,21.31108861478468,noise_dba,45
2026-01-12T05:30:37+01:00,874ff9c6-786d-45fc-a90e-48c7ffe03417,41.02763616544628,21.31108861478468,pm10,4
2026-01-12T05:30:37+01:00,874ff9c6-786d-45fc-a90e-48c7ffe03417,41.02763616544628,21.31108861478468,pm25,1
2026-01-12T05:30:37+01:00,874ff9c6-786d-45fc-a90e-48c7ffe03417,41.02763616544628,21.31108861478468,pressure,943
2026-01-12T05:30:37+01:00,874ff9c6-786d-45fc-a90e-48c7ffe03417,41.02763616544628,21.31108861478468,temperature,-4
2026-01-12T05:46:09+01:00,874ff9c6-786d-45fc-a90e-48c7ffe03417,41.02763616544628,21.31108861478468,humidity,79
2026-01-12T05:46:09+01:00,874ff9c6-786d-45fc-a90e-48c7ffe03417,41.02763616544628,21.31108861478468,noise,41
2026-01-12T05:46:09+01:00,874ff9c6-786d-45fc-a90e-48c7ffe03417,41.02763616544628,21.31108861478468,noise_dba,45
2026-01-12T05:46:09+01:00,874ff9c6-786d-45fc-a90e-48c7ffe03417,41.02763616544628,21.31108861478468,pm10,8
2026-01-12T05:46:09+01:00,874ff9c6-786d-45fc-a90e-48c7ffe03417,41.02763616544628,21.31108861478468,pm25,1
2026-01-12T05:46:09+01:00,874ff9c6-786d-45fc-a90e-48c7ffe03417,41.02763616544628,21.31108861478468,pressure,943
2026-01-12T05:46:09+01:00,874ff9c6-786d-45fc-a90e-48c7ffe03417,41.02763616544628,21.31108861478468,temperature,-4
2026-01-12T06:01:40+01:00,874ff9c6-786d-45fc-a90e-48c7ffe03417,41.02763616544628,21.31108861478468,humidity,79
2026-01-12T06:01:40+01:00,874ff9c6-786d-45fc-a90e-48c7ffe03417,41.02763616544628,21.31108861478468,noise,38
2026-01-12T06:01:40+01:00,874ff9c6-786d-45fc-a90e-48c7ffe03417,41.02763616544628,21.31108861478468,noise_dba,44
2026-01-12T06:01:40+01:00,874ff9c6-786d-45fc-a90e-48c7ffe03417,41.02763616544628,21.31108861478468,pm10,4
2026-01-12T06:01:40+01:00,874ff9c6-786d-45fc-a90e-48c7ffe03417,41.02763616544628,21.31108861478468,pm25,1
2026-01-12T06:01:40+01:00,874ff9c6-786d-45fc-a90e-48c7ffe03417,41.02763616544628,21.31108861478468,pressure,943
2026-01-12T06:01:40+01:00,874ff9c6-786d-45fc-a90e-48c7ffe03417,41.02763616544628,21.31108861478468,temperature,-5
2026-01-12T06:17:13+01:00,874ff9c6-786d-45fc-a90e-48c7ffe03417,41.02763616544628,21.31108861478468,humidity,79
2026-01-12T06:17:13+01:00,874ff9c6-786d-45fc-a90e-48c7ffe03417,41.02763616544628,21.31108861478468,noise,35
2026-01-12T06:17:13+01:00,874ff9c6-786d-45fc-a90e-48c7ffe03417,41.02763616544628,21.31108861478468,noise_dba,43
2026-01-12T06:17:13+01:00,874ff9c6-786d-45fc-a90e-48c7ffe03417,41.02763616544628,21.31108861478468,pm10,3
2026-01-12T06:17:13+01:00,874ff9c6-786d-45fc-a90e-48c7ffe03417,41.02763616544628,21.31108861478468,pm25,1
2026-01-12T06:17:13+01:00,874ff9c6-786d-45fc-a90e-48c7ffe03417,41.02763616544628,21.31108861478468,pressure,943
2026-01-12T06:17:13+01:00,874ff9c6-786d-45fc-a90e-48c7ffe03417,41.02763616544628,21.31108861478468,temperature,-6
2026-01-12T06:32:43+01:00,874ff9c6-786d-45fc-a90e-48c7ffe03417,41.02763616544628,21.31108861478468,humidity,79
2026-01-12T06:32:43+01:00,874ff9c6-786d-45fc-a90e-48c7ffe03417,41.02763616544628,21.31108861478468,noise,35
2026-01-12T06:32:43+01:00,874ff9c6-786d-45fc-a90e-48c7ffe03417,41.02763616544628,21.31108861478468,noise_dba,43
2026-01-12T06:32:43+01:00,874ff9c6-786d-45fc-a90e-48c7ffe03417,41.02763616544628,21.31108861478468,pm10,1
2026-01-12T06:32:43+01:00,874ff9c6-786d-45fc-a90e-48c7ffe03417,41.02763616544628,21.31108861478468,pm25,0
2026-01-12T06:32:43+01:00,874ff9c6-786d-45fc-a90e-48c7ffe03417,41.02763616544628,21.31108861478468,pressure,943
2026-01-12T06:32:43+01:00,874ff9c6-786d-45fc-a90e-48c7ffe03417,41.02763616544628,21.31108861478468,temperature,-6
2026-01-12T06:48:14+01:00,874ff9c6-786d-45fc-a90e-48c7ffe03417,41.02763616544628,21.31108861478468,humidity,79
2026-01-12T06:48:14+01:00,874ff9c6-786d-45fc-a90e-48c7ffe03417,41.02763616544628,21.31108861478468,noise,38
2026-01-12T06:48:14+01:00,874ff9c6-786d-45fc-a90e-48c7ffe03417,41.02763616544628,21.31108861478468,noise_dba,44
2026-01-12T06:48:14+01:00,874ff9c6-786d-45fc-a90e-48c7ffe03417,41.02763616544628,21.31108861478468,pm10,7
2026-01-12T06:48:14+01:00,874ff9c6-786d-45fc-a90e-48c7ffe03417,41.02763616544628,21.31108861478468,pm25,1
2026-01-12T06:48:14+01:00,874ff9c6-786d-45fc-a90e-48c7ffe03417,41.02763616544628,21.31108861478468,pressure,944
2026-01-12T06:48:14+01:00,874ff9c6-786d-45fc-a90e-48c7ffe03417,41.02763616544628,21.31108861478468,temperature,-6
2026-01-12T07:03:45+01:00,874ff9c6-786d-45fc-a90e-48c7ffe03417,41.02763616544628,21.31108861478468,humidity,82
2026-01-12T07:03:45+01:00,874ff9c6-786d-45fc-a90e-48c7ffe03417,41.02763616544628,21.31108861478468,noise,43
2026-01-12T07:03:45+01:00,874ff9c6-786d-45fc-a90e-48c7ffe03417,41.02763616544628,21.31108861478468,noise_dba,46
2026-01-12T07:03:45+01:00,874ff9c6-786d-45fc-a90e-48c7ffe03417,41.02763616544628,21.31108861478468,pm10,4
2026-01-12T07:03:45+01:00,874ff9c6-786d-45fc-a90e-48c7ffe03417,41.02763616544628,21.31108861478468,pm25,0
2026-01-12T07:03:45+01:00,874ff9c6-786d-45fc-a90e-48c7ffe03417,41.02763616544628,21.31108861478468,pressure,944
2026-01-12T07:03:45+01:00,874ff9c6-786d-45fc-a90e-48c7ffe03417,41.02763616544628,21.31108861478468,temperature,-7
2026-01-12T07:19:16+01:00,874ff9c6-786d-45fc-a90e-48c7ffe03417,41.02763616544628,21.31108861478468,humidity,81
2026-01-12T07:19:16+01:00,874ff9c6-786d-45fc-a90e-48c7ffe03417,41.02763616544628,21.31108861478468,noise,40
2026-01-12T07:19:16+01:00,874ff9c6-786d-45fc-a90e-48c7ffe03417,41.02763616544628,21.31108861478468,noise_dba,45
2026-01-12T07:19:16+01:00,874ff9c6-786d-45fc-a90e-48c7ffe03417,41.02763616544628,21.31108861478468,pm10,2
2026-01-12T07:19:16+01:00,874ff9c6-786d-45fc-a90e-48c7ffe03417,41.02763616544628,21.31108861478468,pm25,1
2026-01-12T07:19:16+01:00,874ff9c6-786d-45fc-a90e-48c7ffe03417,41.02763616544628,21.31108861478468,pressure,944
2026-01-12T07:19:16+01:00,874ff9c6-786d-45fc-a90e-48c7ffe03417,41.02763616544628,21.31108861478468,temperature,-6
2026-01-12T07:34:47+01:00,874ff9c6-786d-45fc-a90e-48c7ffe03417,41.02763616544628,21.31108861478468,humidity,80
2026-01-12T07:34:47+01:00,874ff9c6-786d-45fc-a90e-48c7ffe03417,41.02763616544628,21.31108861478468,noise,45
2026-01-12T07:34:47+01:00,874ff9c6-786d-45fc-a90e-48c7ffe03417,41.02763616544628,21.31108861478468,noise_dba,47
2026-01-12T07:34:47+01:00,874ff9c6-786d-45fc-a90e-48c7ffe03417,41.02763616544628,21.31108861478468,pm10,4
2026-01-12T07:34:47+01:00,874ff9c6-786d-45fc-a90e-48c7ffe03417,41.02763616544628,21.31108861478468,pm25,1
2026-01-12T07:34:47+01:00,874ff9c6-786d-45fc-a90e-48c7ffe03417,41.02763616544628,21.31108861478468,pressure,944
2026-01-12T07:34:47+01:00,874ff9c6-786d-45fc-a90e-48c7ffe03417,41.02763616544628,21.31108861478468,temperature,-6
2026-01-12T07:50:18+01:00,874ff9c6-786d-45fc-a90e-48c7ffe03417,41.02763616544628,21.31108861478468,humidity,80
2026-01-12T07:50:18+01:00,874ff9c6-786d-45fc-a90e-48c7ffe03417,41.02763616544628,21.31108861478468,noise,49
2026-01-12T07:50:18+01:00,874ff9c6-786d-45fc-a90e-48c7ffe03417,41.02763616544628,21.31108861478468,noise_dba,48
2026-01-12T07:50:18+01:00,874ff9c6-786d-45fc-a90e-48c7ffe03417,41.02763616544628,21.31108861478468,pm10,8
2026-01-12T07:50:18+01:00,874ff9c6-786d-45fc-a90e-48c7ffe03417,41.02763616544628,21.31108861478468,pm25,1
2026-01-12T07:50:18+01:00,874ff9c6-786d-45fc-a90e-48c7ffe03417,41.02763616544628,21.31108861478468,pressure,944
2026-01-12T07:50:18+01:00,874ff9c6-786d-45fc-a90e-48c7ffe03417,41.02763616544628,21.31108861478468,temperature,-6
2026-01-12T08:05:49+01:00,874ff9c6-786d-45fc-a90e-48c7ffe03417,41.02763616544628,21.31108861478468,humidity,81
2026-01-12T08:05:49+01:00,874ff9c6-786d-45fc-a90e-48c7ffe03417,41.02763616544628,21.31108861478468,noise,42
2026-01-12T08:05:49+01:00,874ff9c6-786d-45fc-a90e-48c7ffe03417,41.02763616544628,21.31108861478468,noise_dba,45
2026-01-12T08:05:49+01:00,874ff9c6-786d-45fc-a90e-48c7ffe03417,41.02763616544628,21.31108861478468,pm10,8
2026-01-12T08:05:49+01:00,874ff9c6-786d-45fc-a90e-48c7ffe03417,41.02763616544628,21.31108861478468,pm25,1
2026-01-12T08:05:49+01:00,874ff9c6-786d-45fc-a90e-48c7ffe03417,41.02763616544628,21.31108861478468,pressure,944
2026-01-12T08:05:49+01:00,874ff9c6-786d-45fc-a90e-48c7ffe03417,41.02763616544628,21.31108861478468,temperature,-6
2026-01-12T08:21:20+01:00,874ff9c6-786d-45fc-a90e-48c7ffe03417,41.02763616544628,21.31108861478468,humidity,78
2026-01-12T08:21:20+01:00,874ff9c6-786d-45fc-a90e-48c7ffe03417,41.02763616544628,21.31108861478468,noise,48
2026-01-12T08:21:20+01:00,874ff9c6-786d-45fc-a90e-48c7ffe03417,41.02763616544628,21.31108861478468,noise_dba,48
2026-01-12T08:21:20+01:00,874ff9c6-786d-45fc-a90e-48c7ffe03417,41.02763616544628,21.31108861478468,pm10,7
2026-01-12T08:21:20+01:00,874ff9c6-786d-45fc-a90e-48c7ffe03417,41.02763616544628,21.31108861478468,pm25,2
2026-01-12T08:21:20+01:00,874ff9c6-786d-45fc-a90e-48c7ffe03417,41.02763616544628,21.31108861478468,pressure,945
2026-01-12T08:21:20+01:00,874ff9c6-786d-45fc-a90e-48c7ffe03417,41.02763616544628,21.31108861478468,temperature,-5
2026-01-12T08:36:51+01:00,874ff9c6-786d-45fc-a90e-48c7ffe03417,41.02763616544628,21.31108861478468,humidity,77
2026-01-12T08:36:51+01:00,874ff9c6-786d-45fc-a90e-48c7ffe03417,41.02763616544628,21.31108861478468,noise,43
2026-01-12T08:36:51+01:00,874ff9c6-786d-45fc-a90e-48c7ffe03417,41.02763616544628,21.31108861478468,noise_dba,46
2026-01-12T08:36:51+01:00,874ff9c6-786d-45fc-a90e-48c7ffe03417,41.02763616544628,21.31108861478468,pm10,4
2026-01-12T08:36:51+01:00,874ff9c6-786d-45fc-a90e-48c7ffe03417,41.02763616544628,21.31108861478468,pm25,1
2026-01-12T08:36:51+01:00,874ff9c6-786d-45fc-a90e-48c7ffe03417,41.02763616544628,21.31108861478468,pressure,945
2026-01-12T08:36:51+01:00,874ff9c6-786d-45fc-a90e-48c7ffe03417,41.02763616544628,21.31108861478468,temperature,-5
2026-01-12T08:52:22+01:00,874ff9c6-786d-45fc-a90e-48c7ffe03417,41.02763616544628,21.31108861478468,humidity,74
2026-01-12T08:52:22+01:00,874ff9c6-786d-45fc-a90e-48c7ffe03417,41.02763616544628,21.31108861478468,noise,56
2026-01-12T08:52:22+01:00,874ff9c6-786d-45fc-a90e-48c7ffe03417,41.02763616544628,21.31108861478468,noise_dba,50
2026-01-12T08:52:22+01:00,874ff9c6-786d-45fc-a90e-48c7ffe03417,41.02763616544628,21.31108861478468,pm10,5
2026-01-12T08:52:22+01:00,874ff9c6-786d-45fc-a90e-48c7ffe03417,41.02763616544628,21.31108861478468,pm25,1
2026-01-12T08:52:22+01:00,874ff9c6-786d-45fc-a90e-48c7ffe03417,41.02763616544628,21.31108861478468,pressure,945
2026-01-12T08:52:22+01:00,874ff9c6-786d-45fc-a90e-48c7ffe03417,41.02763616544628,21.31108861478468,temperature,-4
2026-01-12T09:07:54+01:00,874ff9c6-786d-45fc-a90e-48c7ffe03417,41.02763616544628,21.31108861478468,humidity,64
2026-01-12T09:07:54+01:00,874ff9c6-786d-45fc-a90e-48c7ffe03417,41.02763616544628,21.31108861478468,noise,62
2026-01-12T09:07:54+01:00,874ff9c6-786d-45fc-a90e-48c7ffe03417,41.02763616544628,21.31108861478468,noise_dba,52
2026-01-12T09:07:54+01:00,874ff9c6-786d-45fc-a90e-48c7ffe03417,41.02763616544628,21.31108861478468,pm10,7
2026-01-12T09:07:54+01:00,874ff9c6-786d-45fc-a90e-48c7ffe03417,41.02763616544628,21.31108861478468,pm25,2
2026-01-12T09:07:54+01:00,874ff9c6-786d-45fc-a90e-48c7ffe03417,41.02763616544628,21.31108861478468,pressure,945
2026-01-12T09:07:54+01:00,874ff9c6-786d-45fc-a90e-48c7ffe03417,41.02763616544628,21.31108861478468,temperature,-3
2026-01-12T09:23:25+01:00,874ff9c6-786d-45fc-a90e-48c7ffe03417,41.02763616544628,21.31108861478468,humidity,60
2026-01-12T09:23:25+01:00,874ff9c6-786d-45fc-a90e-48c7ffe03417,41.02763616544628,21.31108861478468,noise,64
2026-01-12T09:23:25+01:00,874ff9c6-786d-45fc-a90e-48c7ffe03417,41.02763616544628,21.31108861478468,noise_dba,52
2026-01-12T09:23:25+01:00,874ff9c6-786d-45fc-a90e-48c7ffe03417,41.02763616544628,21.31108861478468,pm10,3
2026-01-12T09:23:25+01:00,874ff9c6-786d-45fc-a90e-48c7ffe03417,41.02763616544628,21.31108861478468,pm25,1
2026-01-12T09:23:25+01:00,874ff9c6-786d-45fc-a90e-48c7ffe03417,41.02763616544628,21.31108861478468,pressure,945
2026-01-12T09:23:25+01:00,874ff9c6-786d-45fc-a90e-48c7ffe03417,41.02763616544628,21.31108861478468,temperature,-3
2026-01-12T09:38:58+01:00,874ff9c6-786d-45fc-a90e-48c7ffe03417,41.02763616544628,21.31108861478468,humidity,56
2026-01-12T09:38:58+01:00,874ff9c6-786d-45fc-a90e-48c7ffe03417,41.02763616544628,21.31108861478468,noise,69
2026-01-12T09:38:58+01:00,874ff9c6-786d-45fc-a90e-48c7ffe03417,41.02763616544628,21.31108861478468,noise_dba,53
2026-01-12T09:38:58+01:00,874ff9c6-786d-45fc-a90e-48c7ffe03417,41.02763616544628,21.31108861478468,pm10,3
2026-01-12T09:38:58+01:00,874ff9c6-786d-45fc-a90e-48c7ffe03417,41.02763616544628,21.31108861478468,pm25,0
2026-01-12T09:38:58+01:00,874ff9c6-786d-45fc-a90e-48c7ffe03417,41.02763616544628,21.31108861478468,pressure,945
2026-01-12T09:38:58+01:00,874ff9c6-786d-45fc-a90e-48c7ffe03417,41.02763616544628,21.31108861478468,temperature,-2
2026-01-12T09:54:30+01:00,874ff9c6-786d-45fc-a90e-48c7ffe03417,41.02763616544628,21.31108861478468,humidity,82
2026-01-12T09:54:30+01:00,874ff9c6-786d-45fc-a90e-48c7ffe03417,41.02763616544628,21.31108861478468,noise,55
2026-01-12T09:54:30+01:00,874ff9c6-786d-45fc-a90e-48c7ffe03417,41.02763616544628,21.31108861478468,noise_dba,50
2026-01-12T09:54:30+01:00,874ff9c6-786d-45fc-a90e-48c7ffe03417,41.02763616544628,21.31108861478468,pm10,4
2026-01-12T09:54:30+01:00,874ff9c6-786d-45fc-a90e-48c7ffe03417,41.02763616544628,21.31108861478468,pm25,1
2026-01-12T09:54:30+01:00,874ff9c6-786d-45fc-a90e-48c7ffe03417,41.02763616544628,21.31108861478468,pressure,945
2026-01-12T09:54:30+01:00,874ff9c6-786d-45fc-a90e-48c7ffe03417,41.02763616544628,21.31108861478468,temperature,-1
2026-01-12T10:10:01+01:00,874ff9c6-786d-45fc-a90e-48c7ffe03417,41.02763616544628,21.31108861478468,humidity,61
2026-01-12T10:10:01+01:00,874ff9c6-786d-45fc-a90e-48c7ffe03417,41.02763616544628,21.31108861478468,noise,51
2026-01-12T10:10:01+01:00,874ff9c6-786d-45fc-a90e-48c7ffe03417,41.02763616544628,21.31108861478468,noise_dba,49
2026-01-12T10:10:01+01:00,874ff9c6-786d-45fc-a90e-48c7ffe03417,41.02763616544628,21.31108861478468,pm10,14
2026-01-12T10:10:01+01:00,874ff9c6-786d-45fc-a90e-48c7ffe03417,41.02763616544628,21.31108861478468,pm25,4
2026-01-12T10:10:01+01:00,874ff9c6-786d-45fc-a90e-48c7ffe03417,41.02763616544628,21.31108861478468,pressure,946
2026-01-12T10:10:01+01:00,874ff9c6-786d-45fc-a90e-48c7ffe03417,41.02763616544628,21.31108861478468,temperature,0
2026-01-12T10:25:32+01:00,874ff9c6-786d-45fc-a90e-48c7ffe03417,41.02763616544628,21.31108861478468,humidity,76
2026-01-12T10:25:32+01:00,874ff9c6-786d-45fc-a90e-48c7ffe03417,41.02763616544628,21.31108861478468,noise,46
2026-01-12T10:25:32+01:00,874ff9c6-786d-45fc-a90e-48c7ffe03417,41.02763616544628,21.31108861478468,noise_dba,47
2026-01-12T10:25:32+01:00,874ff9c6-786d-45fc-a90e-48c7ffe03417,41.02763616544628,21.31108861478468,pm10,11
2026-01-12T10:25:32+01:00,874ff9c6-786d-45fc-a90e-48c7ffe03417,41.02763616544628,21.31108861478468,pm25,4
2026-01-12T10:25:32+01:00,874ff9c6-786d-45fc-a90e-48c7ffe03417,41.02763616544628,21.31108861478468,pressure,946
2026-01-12T10:25:32+01:00,874ff9c6-786d-45fc-a90e-48c7ffe03417,41.02763616544628,21.31108861478468,temperature,0
2026-01-12T10:41:03+01:00,874ff9c6-786d-45fc-a90e-48c7ffe03417,41.02763616544628,21.31108861478468,humidity,61
2026-01-12T10:41:03+01:00,874ff9c6-786d-45fc-a90e-48c7ffe03417,41.02763616544628,21.31108861478468,noise,43
2026-01-12T10:41:03+01:00,874ff9c6-786d-45fc-a90e-48c7ffe03417,41.02763616544628,21.31108861478468,noise_dba,46
2026-01-12T10:41:03+01:00,874ff9c6-786d-45fc-a90e-48c7ffe03417,41.02763616544628,21.31108861478468,pm10,4
2026-01-12T10:41:03+01:00,874ff9c6-786d-45fc-a90e-48c7ffe03417,41.02763616544628,21.31108861478468,pm25,1
2026-01-12T10:41:03+01:00,874ff9c6-786d-45fc-a90e-48c7ffe03417,41.02763616544628,21.31108861478468,pressure,946
2026-01-12T10:41:03+01:00,874ff9c6-786d-45fc-a90e-48c7ffe03417,41.02763616544628,21.31108861478468,temperature,0
2026-01-12T10:56:34+01:00,874ff9c6-786d-45fc-a90e-48c7ffe03417,41.02763616544628,21.31108861478468,humidity,54
2026-01-12T10:56:34+01:00,874ff9c6-786d-45fc-a90e-48c7ffe03417,41.02763616544628,21.31108861478468,noise,48
2026-01-12T10:56:34+01:00,874ff9c6-786d-45fc-a90e-48c7ffe03417,41.02763616544628,21.31108861478468,noise_dba,48
2026-01-12T10:56:34+01:00,874ff9c6-786d-45fc-a90e-48c7ffe03417,41.02763616544628,21.31108861478468,pm10,11
2026-01-12T10:56:34+01:00,874ff9c6-786d-45fc-a90e-48c7ffe03417,41.02763616544628,21.31108861478468,pm25,2
2026-01-12T10:56:34+01:00,874ff9c6-786d-45fc-a90e-48c7ffe03417,41.02763616544628,21.31108861478468,pressure,946
2026-01-12T10:56:34+01:00,874ff9c6-786d-45fc-a90e-48c7ffe03417,41.02763616544628,21.31108861478468,temperature,-1
2026-01-12T11:12:05+01:00,874ff9c6-786d-45fc-a90e-48c7ffe03417,41.02763616544628,21.31108861478468,humidity,63
2026-01-12T11:12:05+01:00,874ff9c6-786d-45fc-a90e-48c7ffe03417,41.02763616544628,21.31108861478468,noise,46
2026-01-12T11:12:05+01:00,874ff9c6-786d-45fc-a90e-48c7ffe03417,41.02763616544628,21.31108861478468,noise_dba,47
2026-01-12T11:12:05+01:00,874ff9c6-786d-45fc-a90e-48c7ffe03417,41.02763616544628,21.31108861478468,pm10,4
2026-01-12T11:12:05+01:00,874ff9c6-786d-45fc-a90e-48c7ffe03417,41.02763616544628,21.31108861478468,pm25,1
2026-01-12T11:12:05+01:00,874ff9c6-786d-45fc-a90e-48c7ffe03417,41.02763616544628,21.31108861478468,pressure,945
2026-01-12T11:12:05+01:00,874ff9c6-786d-45fc-a90e-48c7ffe03417,41.02763616544628,21.31108861478468,temperature,0
2026-01-12T11:27:37+01:00,874ff9c6-786d-45fc-a90e-48c7ffe03417,41.02763616544628,21.31108861478468,humidity,49
2026-01-12T11:27:37+01:00,874ff9c6-786d-45fc-a90e-48c7ffe03417,41.02763616544628,21.31108861478468,noise,67
2026-01-12T11:27:37+01:00,874ff9c6-786d-45fc-a90e-48c7ffe03417,41.02763616544628,21.31108861478468,noise_dba,53
2026-01-12T11:27:37+01:00,874ff9c6-786d-45fc-a90e-48c7ffe03417,41.02763616544628,21.31108861478468,pm10,4
2026-01-12T11:27:37+01:00,874ff9c6-786d-45fc-a90e-48c7ffe03417,41.02763616544628,21.31108861478468,pm25,1
2026-01-12T11:27:37+01:00,874ff9c6-786d-45fc-a90e-48c7ffe03417,41.02763616544628,21.31108861478468,pressure,945
2026-01-12T11:27:37+01:00,874ff9c6-786d-45fc-a90e-48c7ffe03417,41.02763616544628,21.31108861478468,temperature,0
2026-01-12T11:43:08+01:00,874ff9c6-786d-45fc-a90e-48c7ffe03417,41.02763616544628,21.31108861478468,humidity,51
2026-01-12T11:43:08+01:00,874ff9c6-786d-45fc-a90e-48c7ffe03417,41.02763616544628,21.31108861478468,noise,59
2026-01-12T11:43:08+01:00,874ff9c6-786d-45fc-a90e-48c7ffe03417,41.02763616544628,21.31108861478468,noise_dba,51
2026-01-12T11:43:08+01:00,874ff9c6-786d-45fc-a90e-48c7ffe03417,41.02763616544628,21.31108861478468,pm10,7
2026-01-12T11:43:08+01:00,874ff9c6-786d-45fc-a90e-48c7ffe03417,41.02763616544628,21.31108861478468,pm25,2
2026-01-12T11:43:08+01:00,874ff9c6-786d-45fc-a90e-48c7ffe03417,41.02763616544628,21.31108861478468,pressure,945
2026-01-12T11:43:08+01:00,874ff9c6-786d-45fc-a90e-48c7ffe03417,41.02763616544628,21.31108861478468,temperature,0
2026-01-12T11:58:40+01:00,874ff9c6-786d-45fc-a90e-48c7ffe03417,41.02763616544628,21.31108861478468,humidity,50
2026-01-12T11:58:40+01:00,874ff9c6-786d-45fc-a90e-48c7ffe03417,41.02763616544628,21.31108861478468,noise,64
2026-01-12T11:58:40+01:00,874ff9c6-786d-45fc-a90e-48c7ffe03417,41.02763616544628,21.31108861478468,noise_dba,52
2026-01-12T11:58:40+01:00,874ff9c6-786d-45fc-a90e-48c7ffe03417,41.02763616544628,21.31108861478468,pm10,9
2026-01-12T11:58:40+01:00,874ff9c6-786d-45fc-a90e-48c7ffe03417,41.02763616544628,21.31108861478468,pm25,1
2026-01-12T11:58:40+01:00,874ff9c6-786d-45fc-a90e-48c7ffe03417,41.02763616544628,21.31108861478468,pressure,945
2026-01-12T11:58:40+01:00,874ff9c6-786d-45fc-a90e-48c7ffe03417,41.02763616544628,21.31108861478468,temperature,0
2026-01-12T12:14:12+01:00,874ff9c6-786d-45fc-a90e-48c7ffe03417,41.02763616544628,21.31108861478468,humidity,49
2026-01-12T12:14:12+01:00,874ff9c6-786d-45fc-a90e-48c7ffe03417,41.02763616544628,21.31108861478468,noise,75
2026-01-12T12:14:12+01:00,874ff9c6-786d-45fc-a90e-48c7ffe03417,41.02763616544628,21.31108861478468,noise_dba,55
2026-01-12T12:14:12+01:00,874ff9c6-786d-45fc-a90e-48c7ffe03417,41.02763616544628,21.31108861478468,pm10,6
2026-01-12T12:14:12+01:00,874ff9c6-786d-45fc-a90e-48c7ffe03417,41.02763616544628,21.31108861478468,pm25,1
2026-01-12T12:14:12+01:00,874ff9c6-786d-45fc-a90e-48c7ffe03417,41.02763616544628,21.31108861478468,pressure,945
2026-01-12T12:14:12+01:00,874ff9c6-786d-45fc-a90e-48c7ffe03417,41.02763616544628,21.31108861478468,temperature,-1
2026-01-12T12:29:44+01:00,874ff9c6-786d-45fc-a90e-48c7ffe03417,41.02763616544628,21.31108861478468,humidity,48
2026-01-12T12:29:44+01:00,874ff9c6-786d-45fc-a90e-48c7ffe03417,41.02763616544628,21.31108861478468,noise,61
2026-01-12T12:29:44+01:00,874ff9c6-786d-45fc-a90e-48c7ffe03417,41.02763616544628,21.31108861478468,noise_dba,52
2026-01-12T12:29:44+01:00,874ff9c6-786d-45fc-a90e-48c7ffe03417,41.02763616544628,21.31108861478468,pm10,4
2026-01-12T12:29:44+01:00,874ff9c6-786d-45fc-a90e-48c7ffe03417,41.02763616544628,21.31108861478468,pm25,1
2026-01-12T12:29:44+01:00,874ff9c6-786d-45fc-a90e-48c7ffe03417,41.02763616544628,21.31108861478468,pressure,945
2026-01-12T12:29:44+01:00,874ff9c6-786d-45fc-a90e-48c7ffe03417,41.02763616544628,21.31108861478468,temperature,0
2026-01-12T12:45:16+01:00,874ff9c6-786d-45fc-a90e-48c7ffe03417,41.02763616544628,21.31108861478468,humidity,48
2026-01-12T12:45:16+01:00,874ff9c6-786d-45fc-a90e-48c7ffe03417,41.02763616544628,21.31108861478468,noise,43
2026-01-12T12:45:16+01:00,874ff9c6-786d-45fc-a90e-48c7ffe03417,41.02763616544628,21.31108861478468,noise_dba,46
2026-01-12T12:45:16+01:00,874ff9c6-786d-45fc-a90e-48c7ffe03417,41.02763616544628,21.31108861478468,pm10,5
2026-01-12T12:45:16+01:00,874ff9c6-786d-45fc-a90e-48c7ffe03417,41.02763616544628,21.31108861478468,pm25,1
2026-01-12T12:45:16+01:00,874ff9c6-786d-45fc-a90e-48c7ffe03417,41.02763616544628,21.31108861478468,pressure,945
2026-01-12T12:45:16+01:00,874ff9c6-786d-45fc-a90e-48c7ffe03417,41.02763616544628,21.31108861478468,temperature,0
2026-01-12T13:00:47+01:00,874ff9c6-786d-45fc-a90e-48c7ffe03417,41.02763616544628,21.31108861478468,humidity,48
2026-01-12T13:00:47+01:00,874ff9c6-786d-45fc-a90e-48c7ffe03417,41.02763616544628,21.31108861478468,noise,52
2026-01-12T13:00:47+01:00,874ff9c6-786d-45fc-a90e-48c7ffe03417,41.02763616544628,21.31108861478468,noise_dba,49
2026-01-12T13:00:47+01:00,874ff9c6-786d-45fc-a90e-48c7ffe03417,41.02763616544628,21.31108861478468,pm10,7
2026-01-12T13:00:47+01:00,874ff9c6-786d-45fc-a90e-48c7ffe03417,41.02763616544628,21.31108861478468,pm25,2
2026-01-12T13:00:47+01:00,874ff9c6-786d-45fc-a90e-48c7ffe03417,41.02763616544628,21.31108861478468,pressure,945
2026-01-12T13:00:47+01:00,874ff9c6-786d-45fc-a90e-48c7ffe03417,41.02763616544628,21.31108861478468,temperature,0
2026-01-12T13:16:18+01:00,874ff9c6-786d-45fc-a90e-48c7ffe03417,41.02763616544628,21.31108861478468,humidity,48
2026-01-12T13:16:18+01:00,874ff9c6-786d-45fc-a90e-48c7ffe03417,41.02763616544628,21.31108861478468,noise,56
2026-01-12T13:16:18+01:00,874ff9c6-786d-45fc-a90e-48c7ffe03417,41.02763616544628,21.31108861478468,noise_dba,50
2026-01-12T13:16:18+01:00,874ff9c6-786d-45fc-a90e-48c7ffe03417,41.02763616544628,21.31108861478468,pm10,9
2026-01-12T13:16:18+01:00,874ff9c6-786d-45fc-a90e-48c7ffe03417,41.02763616544628,21.31108861478468,pm25,2
2026-01-12T13:16:18+01:00,874ff9c6-786d-45fc-a90e-48c7ffe03417,41.02763616544628,21.31108861478468,pressure,945
2026-01-12T13:16:18+01:00,874ff9c6-786d-45fc-a90e-48c7ffe03417,41.02763616544628,21.31108861478468,temperature,1
2026-01-12T13:31:49+01:00,874ff9c6-786d-45fc-a90e-48c7ffe03417,41.02763616544628,21.31108861478468,humidity,47
2026-01-12T13:31:49+01:00,874ff9c6-786d-45fc-a90e-48c7ffe03417,41.02763616544628,21.31108861478468,noise,40
2026-01-12T13:31:49+01:00,874ff9c6-786d-45fc-a90e-48c7ffe03417,41.02763616544628,21.31108861478468,noise_dba,45
2026-01-12T13:31:49+01:00,874ff9c6-786d-45fc-a90e-48c7ffe03417,41.02763616544628,21.31108861478468,pm10,6
2026-01-12T13:31:49+01:00,874ff9c6-786d-45fc-a90e-48c7ffe03417,41.02763616544628,21.31108861478468,pm25,1
2026-01-12T13:31:49+01:00,874ff9c6-786d-45fc-a90e-48c7ffe03417,41.02763616544628,21.31108861478468,pressure,945
2026-01-12T13:31:49+01:00,874ff9c6-786d-45fc-a90e-48c7ffe03417,41.02763616544628,21.31108861478468,temperature,1
2026-01-12T13:47:21+01:00,874ff9c6-786d-45fc-a90e-48c7ffe03417,41.02763616544628,21.31108861478468,humidity,48
2026-01-12T13:47:21+01:00,874ff9c6-786d-45fc-a90e-48c7ffe03417,41.02763616544628,21.31108861478468,noise,49
2026-01-12T13:47:21+01:00,874ff9c6-786d-45fc-a90e-48c7ffe03417,41.02763616544628,21.31108861478468,noise_dba,48
2026-01-12T13:47:21+01:00,874ff9c6-786d-45fc-a90e-48c7ffe03417,41.02763616544628,21.31108861478468,pm10,13
2026-01-12T13:47:21+01:00,874ff9c6-786d-45fc-a90e-48c7ffe03417,41.02763616544628,21.31108861478468,pm25,4
2026-01-12T13:47:21+01:00,874ff9c6-786d-45fc-a90e-48c7ffe03417,41.02763616544628,21.31108861478468,pressure,945
2026-01-12T13:47:21+01:00,874ff9c6-786d-45fc-a90e-48c7ffe03417,41.02763616544628,21.31108861478468,temperature,1
2026-01-12T14:02:52+01:00,874ff9c6-786d-45fc-a90e-48c7ffe03417,41.02763616544628,21.31108861478468,humidity,47
2026-01-12T14:02:52+01:00,874ff9c6-786d-45fc-a90e-48c7ffe03417,41.02763616544628,21.31108861478468,noise,50
2026-01-12T14:02:52+01:00,874ff9c6-786d-45fc-a90e-48c7ffe03417,41.02763616544628,21.31108861478468,noise_dba,48
2026-01-12T14:02:52+01:00,874ff9c6-786d-45fc-a90e-48c7ffe03417,41.02763616544628,21.31108861478468,pm10,6
2026-01-12T14:02:52+01:00,874ff9c6-786d-45fc-a90e-48c7ffe03417,41.02763616544628,21.31108861478468,pm25,1
2026-01-12T14:02:52+01:00,874ff9c6-786d-45fc-a90e-48c7ffe03417,41.02763616544628,21.31108861478468,pressure,945
2026-01-12T14:02:52+01:00,874ff9c6-786d-45fc-a90e-48c7ffe03417,41.02763616544628,21.31108861478468,temperature,2
2026-01-12T14:18:23+01:00,874ff9c6-786d-45fc-a90e-48c7ffe03417,41.02763616544628,21.31108861478468,humidity,47
2026-01-12T14:18:23+01:00,874ff9c6-786d-45fc-a90e-48c7ffe03417,41.02763616544628,21.31108861478468,noise,43
2026-01-12T14:18:23+01:00,874ff9c6-786d-45fc-a90e-48c7ffe03417,41.02763616544628,21.31108861478468,noise_dba,46
2026-01-12T14:18:23+01:00,874ff9c6-786d-45fc-a90e-48c7ffe03417,41.02763616544628,21.31108861478468,pm10,7
2026-01-12T14:18:23+01:00,874ff9c6-786d-45fc-a90e-48c7ffe03417,41.02763616544628,21.31108861478468,pm25,2
2026-01-12T14:18:23+01:00,874ff9c6-786d-45fc-a90e-48c7ffe03417,41.02763616544628,21.31108861478468,pressure,945
2026-01-12T14:18:23+01:00,874ff9c6-786d-45fc-a90e-48c7ffe03417,41.02763616544628,21.31108861478468,temperature,1
2026-01-12T14:33:54+01:00,874ff9c6-786d-45fc-a90e-48c7ffe03417,41.02763616544628,21.31108861478468,humidity,49
2026-01-12T14:33:54+01:00,874ff9c6-786d-45fc-a90e-48c7ffe03417,41.02763616544628,21.31108861478468,noise,40
2026-01-12T14:33:54+01:00,874ff9c6-786d-45fc-a90e-48c7ffe03417,41.02763616544628,21.31108861478468,noise_dba,45
2026-01-12T14:33:54+01:00,874ff9c6-786d-45fc-a90e-48c7ffe03417,41.02763616544628,21.31108861478468,pm10,8
2026-01-12T14:33:54+01:00,874ff9c6-786d-45fc-a90e-48c7ffe03417,41.02763616544628,21.31108861478468,pm25,2
2026-01-12T14:33:54+01:00,874ff9c6-786d-45fc-a90e-48c7ffe03417,41.02763616544628,21.31108861478468,pressure,945
2026-01-12T14:33:54+01:00,874ff9c6-786d-45fc-a90e-48c7ffe03417,41.02763616544628,21.31108861478468,temperature,0
2026-01-12T14:49:25+01:00,874ff9c6-786d-45fc-a90e-48c7ffe03417,41.02763616544628,21.31108861478468,humidity,50
2026-01-12T14:49:25+01:00,874ff9c6-786d-45fc-a90e-48c7ffe03417,41.02763616544628,21.31108861478468,noise,45
2026-01-12T14:49:25+01:00,874ff9c6-786d-45fc-a90e-48c7ffe03417,41.02763616544628,21.31108861478468,noise_dba,47
2026-01-12T14:49:25+01:00,874ff9c6-786d-45fc-a90e-48c7ffe03417,41.02763616544628,21.31108861478468,pm10,7
2026-01-12T14:49:25+01:00,874ff9c6-786d-45fc-a90e-48c7ffe03417,41.02763616544628,21.31108861478468,pm25,2
2026-01-12T14:49:25+01:00,874ff9c6-786d-45fc-a90e-48c7ffe03417,41.02763616544628,21.31108861478468,pressure,945
2026-01-12T14:49:25+01:00,874ff9c6-786d-45fc-a90e-48c7ffe03417,41.02763616544628,21.31108861478468,temperature,0
2026-01-12T15:04:56+01:00,874ff9c6-786d-45fc-a90e-48c7ffe03417,41.02763616544628,21.31108861478468,humidity,51
2026-01-12T15:04:56+01:00,874ff9c6-786d-45fc-a90e-48c7ffe03417,41.02763616544628,21.31108861478468,noise,46
2026-01-12T15:04:56+01:00,874ff9c6-786d-45fc-a90e-48c7ffe03417,41.02763616544628,21.31108861478468,noise_dba,47
2026-01-12T15:04:56+01:00,874ff9c6-786d-45fc-a90e-48c7ffe03417,41.02763616544628,21.31108861478468,pm10,8
2026-01-12T15:04:56+01:00,874ff9c6-786d-45fc-a90e-48c7ffe03417,41.02763616544628,21.31108861478468,pm25,2
2026-01-12T15:04:56+01:00,874ff9c6-786d-45fc-a90e-48c7ffe03417,41.02763616544628,21.31108861478468,pressure,945
2026-01-12T15:04:56+01:00,874ff9c6-786d-45fc-a90e-48c7ffe03417,41.02763616544628,21.31108861478468,temperature,0
2026-01-12T15:20:29+01:00,874ff9c6-786d-45fc-a90e-48c7ffe03417,41.02763616544628,21.31108861478468,humidity,57
2026-01-12T15:20:29+01:00,874ff9c6-786d-45fc-a90e-48c7ffe03417,41.02763616544628,21.31108861478468,noise,48
2026-01-12T15:20:29+01:00,874ff9c6-786d-45fc-a90e-48c7ffe03417,41.02763616544628,21.31108861478468,noise_dba,48
2026-01-12T15:20:29+01:00,874ff9c6-786d-45fc-a90e-48c7ffe03417,41.02763616544628,21.31108861478468,pm10,18
2026-01-12T15:20:29+01:00,874ff9c6-786d-45fc-a90e-48c7ffe03417,41.02763616544628,21.31108861478468,pm25,7
2026-01-12T15:20:29+01:00,874ff9c6-786d-45fc-a90e-48c7ffe03417,41.02763616544628,21.31108861478468,pressure,945
2026-01-12T15:20:29+01:00,874ff9c6-786d-45fc-a90e-48c7ffe03417,41.02763616544628,21.31108861478468,temperature,0
2026-01-12T15:36:00+01:00,874ff9c6-786d-45fc-a90e-48c7ffe03417,41.02763616544628,21.31108861478468,humidity,52
2026-01-12T15:36:00+01:00,874ff9c6-786d-45fc-a90e-48c7ffe03417,41.02763616544628,21.31108861478468,noise,55
2026-01-12T15:36:00+01:00,874ff9c6-786d-45fc-a90e-48c7ffe03417,41.02763616544628,21.31108861478468,noise_dba,50
2026-01-12T15:36:00+01:00,874ff9c6-786d-45fc-a90e-48c7ffe03417,41.02763616544628,21.31108861478468,pm10,10
2026-01-12T15:36:00+01:00,874ff9c6-786d-45fc-a90e-48c7ffe03417,41.02763616544628,21.31108861478468,pm25,1
2026-01-12T15:36:00+01:00,874ff9c6-786d-45fc-a90e-48c7ffe03417,41.02763616544628,21.31108861478468,pressure,945
2026-01-12T15:36:00+01:00,874ff9c6-786d-45fc-a90e-48c7ffe03417,41.02763616544628,21.31108861478468,temperature,0
2026-01-12T15:51:31+01:00,874ff9c6-786d-45fc-a90e-48c7ffe03417,41.02763616544628,21.31108861478468,humidity,55
2026-01-12T15:51:31+01:00,874ff9c6-786d-45fc-a90e-48c7ffe03417,41.02763616544628,21.31108861478468,noise,53
2026-01-12T15:51:31+01:00,874ff9c6-786d-45fc-a90e-48c7ffe03417,41.02763616544628,21.31108861478468,noise_dba,49
2026-01-12T15:51:31+01:00,874ff9c6-786d-45fc-a90e-48c7ffe03417,41.02763616544628,21.31108861478468,pm10,28
2026-01-12T15:51:31+01:00,874ff9c6-786d-45fc-a90e-48c7ffe03417,41.02763616544628,21.31108861478468,pm25,9
2026-01-12T15:51:31+01:00,874ff9c6-786d-45fc-a90e-48c7ffe03417,41.02763616544628,21.31108861478468,pressure,945
2026-01-12T15:51:31+01:00,874ff9c6-786d-45fc-a90e-48c7ffe03417,41.02763616544628,21.31108861478468,temperature,0
2026-01-12T16:07:02+01:00,874ff9c6-786d-45fc-a90e-48c7ffe03417,41.02763616544628,21.31108861478468,humidity,56
2026-01-12T16:07:02+01:00,874ff9c6-786d-45fc-a90e-48c7ffe03417,41.02763616544628,21.31108861478468,noise,49
2026-01-12T16:07:02+01:00,874ff9c6-786d-45fc-a90e-48c7ffe03417,41.02763616544628,21.31108861478468,noise_dba,48
2026-01-12T16:07:02+01:00,874ff9c6-786d-45fc-a90e-48c7ffe03417,41.02763616544628,21.31108861478468,pm10,31
2026-01-12T16:07:02+01:00,874ff9c6-786d-45fc-a90e-48c7ffe03417,41.02763616544628,21.31108861478468,pm25,11
2026-01-12T16:07:02+01:00,874ff9c6-786d-45fc-a90e-48c7ffe03417,41.02763616544628,21.31108861478468,pressure,945
2026-01-12T16:07:02+01:00,874ff9c6-786d-45fc-a90e-48c7ffe03417,41.02763616544628,21.31108861478468,temperature,0
2026-01-12T16:22:34+01:00,874ff9c6-786d-45fc-a90e-48c7ffe03417,41.02763616544628,21.31108861478468,humidity,64
2026-01-12T16:22:34+01:00,874ff9c6-786d-45fc-a90e-48c7ffe03417,41.02763616544628,21.31108861478468,noise,44
2026-01-12T16:22:34+01:00,874ff9c6-786d-45fc-a90e-48c7ffe03417,41.02763616544628,21.31108861478468,noise_dba,46
2026-01-12T16:22:34+01:00,874ff9c6-786d-45fc-a90e-48c7ffe03417,41.02763616544628,21.31108861478468,pm10,10
2026-01-12T16:22:34+01:00,874ff9c6-786d-45fc-a90e-48c7ffe03417,41.02763616544628,21.31108861478468,pm25,3
2026-01-12T16:22:34+01:00,874ff9c6-786d-45fc-a90e-48c7ffe03417,41.02763616544628,21.31108861478468,pressure,945
2026-01-12T16:22:34+01:00,874ff9c6-786d-45fc-a90e-48c7ffe03417,41.02763616544628,21.31108861478468,temperature,-1
2026-01-12T16:38:04+01:00,874ff9c6-786d-45fc-a90e-48c7ffe03417,41.02763616544628,21.31108861478468,humidity,69
2026-01-12T16:38:04+01:00,874ff9c6-786d-45fc-a90e-48c7ffe03417,41.02763616544628,21.31108861478468,noise,41
2026-01-12T16:38:04+01:00,874ff9c6-786d-45fc-a90e-48c7ffe03417,41.02763616544628,21.31108861478468,noise_dba,45
2026-01-12T16:38:04+01:00,874ff9c6-786d-45fc-a90e-48c7ffe03417,41.02763616544628,21.31108861478468,pm10,8
2026-01-12T16:38:04+01:00,874ff9c6-786d-45fc-a90e-48c7ffe03417,41.02763616544628,21.31108861478468,pm25,3
2026-01-12T16:38:04+01:00,874ff9c6-786d-45fc-a90e-48c7ffe03417,41.02763616544628,21.31108861478468,pressure,945
2026-01-12T16:38:04+01:00,874ff9c6-786d-45fc-a90e-48c7ffe03417,41.02763616544628,21.31108861478468,temperature,-2
2026-01-12T16:53:35+01:00,874ff9c6-786d-45fc-a90e-48c7ffe03417,41.02763616544628,21.31108861478468,humidity,66
2026-01-12T16:53:35+01:00,874ff9c6-786d-45fc-a90e-48c7ffe03417,41.02763616544628,21.31108861478468,noise,42
2026-01-12T16:53:35+01:00,874ff9c6-786d-45fc-a90e-48c7ffe03417,41.02763616544628,21.31108861478468,noise_dba,45
2026-01-12T16:53:35+01:00,874ff9c6-786d-45fc-a90e-48c7ffe03417,41.02763616544628,21.31108861478468,pm10,9
2026-01-12T16:53:35+01:00,874ff9c6-786d-45fc-a90e-48c7ffe03417,41.02763616544628,21.31108861478468,pm25,2
2026-01-12T16:53:35+01:00,874ff9c6-786d-45fc-a90e-48c7ffe03417,41.02763616544628,21.31108861478468,pressure,945
2026-01-12T16:53:35+01:00,874ff9c6-786d-45fc-a90e-48c7ffe03417,41.02763616544628,21.31108861478468,temperature,-2
2026-01-12T17:09:07+01:00,874ff9c6-786d-45fc-a90e-48c7ffe03417,41.02763616544628,21.31108861478468,humidity,69
2026-01-12T17:09:07+01:00,874ff9c6-786d-45fc-a90e-48c7ffe03417,41.02763616544628,21.31108861478468,noise,46
2026-01-12T17:09:07+01:00,874ff9c6-786d-45fc-a90e-48c7ffe03417,41.02763616544628,21.31108861478468,noise_dba,47
2026-01-12T17:09:07+01:00,874ff9c6-786d-45fc-a90e-48c7ffe03417,41.02763616544628,21.31108861478468,pm10,7
2026-01-12T17:09:07+01:00,874ff9c6-786d-45fc-a90e-48c7ffe03417,41.02763616544628,21.31108861478468,pm25,2
2026-01-12T17:09:07+01:00,874ff9c6-786d-45fc-a90e-48c7ffe03417,41.02763616544628,21.31108861478468,pressure,946
2026-01-12T17:09:07+01:00,874ff9c6-786d-45fc-a90e-48c7ffe03417,41.02763616544628,21.31108861478468,temperature,-2
2026-01-12T17:24:38+01:00,874ff9c6-786d-45fc-a90e-48c7ffe03417,41.02763616544628,21.31108861478468,humidity,72
2026-01-12T17:24:38+01:00,874ff9c6-786d-45fc-a90e-48c7ffe03417,41.02763616544628,21.31108861478468,noise,56
2026-01-12T17:24:38+01:00,874ff9c6-786d-45fc-a90e-48c7ffe03417,41.02763616544628,21.31108861478468,noise_dba,50
2026-01-12T17:24:38+01:00,874ff9c6-786d-45fc-a90e-48c7ffe03417,41.02763616544628,21.31108861478468,pm10,9
2026-01-12T17:24:38+01:00,874ff9c6-786d-45fc-a90e-48c7ffe03417,41.02763616544628,21.31108861478468,pm25,2
2026-01-12T17:24:38+01:00,874ff9c6-786d-45fc-a90e-48c7ffe03417,41.02763616544628,21.31108861478468,pressure,946
2026-01-12T17:24:38+01:00,874ff9c6-786d-45fc-a90e-48c7ffe03417,41.02763616544628,21.31108861478468,temperature,-3
2026-01-12T17:40:11+01:00,874ff9c6-786d-45fc-a90e-48c7ffe03417,41.02763616544628,21.31108861478468,humidity,73
2026-01-12T17:40:11+01:00,874ff9c6-786d-45fc-a90e-48c7ffe03417,41.02763616544628,21.31108861478468,noise,54
2026-01-12T17:40:11+01:00,874ff9c6-786d-45fc-a90e-48c7ffe03417,41.02763616544628,21.31108861478468,noise_dba,50
2026-01-12T17:40:11+01:00,874ff9c6-786d-45fc-a90e-48c7ffe03417,41.02763616544628,21.31108861478468,pm10,8
2026-01-12T17:40:11+01:00,874ff9c6-786d-45fc-a90e-48c7ffe03417,41.02763616544628,21.31108861478468,pm25,1
2026-01-12T17:40:11+01:00,874ff9c6-786d-45fc-a90e-48c7ffe03417,41.02763616544628,21.31108861478468,pressure,946
2026-01-12T17:40:11+01:00,874ff9c6-786d-45fc-a90e-48c7ffe03417,41.02763616544628,21.31108861478468,temperature,-3
2026-01-12T17:55:42+01:00,874ff9c6-786d-45fc-a90e-48c7ffe03417,41.02763616544628,21.31108861478468,humidity,72
2026-01-12T17:55:42+01:00,874ff9c6-786d-45fc-a90e-48c7ffe03417,41.02763616544628,21.31108861478468,noise,50
2026-01-12T17:55:42+01:00,874ff9c6-786d-45fc-a90e-48c7ffe03417,41.02763616544628,21.31108861478468,noise_dba,48
2026-01-12T17:55:42+01:00,874ff9c6-786d-45fc-a90e-48c7ffe03417,41.02763616544628,21.31108861478468,pm10,9
2026-01-12T17:55:42+01:00,874ff9c6-786d-45fc-a90e-48c7ffe03417,41.02763616544628,21.31108861478468,pm25,3
2026-01-12T17:55:42+01:00,874ff9c6-786d-45fc-a90e-48c7ffe03417,41.02763616544628,21.31108861478468,pressure,946
2026-01-12T17:55:42+01:00,874ff9c6-786d-45fc-a90e-48c7ffe03417,41.02763616544628,21.31108861478468,temperature,-3
2026-01-12T18:11:14+01:00,874ff9c6-786d-45fc-a90e-48c7ffe03417,41.02763616544628,21.31108861478468,humidity,69
2026-01-12T18:11:14+01:00,874ff9c6-786d-45fc-a90e-48c7ffe03417,41.02763616544628,21.31108861478468,noise,42
2026-01-12T18:11:14+01:00,874ff9c6-786d-45fc-a90e-48c7ffe03417,41.02763616544628,21.31108861478468,noise_dba,45
2026-01-12T18:11:14+01:00,874ff9c6-786d-45fc-a90e-48c7ffe03417,41.02763616544628,21.31108861478468,pm10,7
2026-01-12T18:11:14+01:00,874ff9c6-786d-45fc-a90e-48c7ffe03417,41.02763616544628,21.31108861478468,pm25,2
2026-01-12T18:11:14+01:00,874ff9c6-786d-45fc-a90e-48c7ffe03417,41.02763616544628,21.31108861478468,pressure,946
2026-01-12T18:11:14+01:00,874ff9c6-786d-45fc-a90e-48c7ffe03417,41.02763616544628,21.31108861478468,temperature,-2
2026-01-12T18:26:46+01:00,874ff9c6-786d-45fc-a90e-48c7ffe03417,41.02763616544628,21.31108861478468,humidity,69
2026-01-12T18:26:46+01:00,874ff9c6-786d-45fc-a90e-48c7ffe03417,41.02763616544628,21.31108861478468,noise,47
2026-01-12T18:26:46+01:00,874ff9c6-786d-45fc-a90e-48c7ffe03417,41.02763616544628,21.31108861478468,noise_dba,47
2026-01-12T18:26:46+01:00,874ff9c6-786d-45fc-a90e-48c7ffe03417,41.02763616544628,21.31108861478468,pm10,6
2026-01-12T18:26:46+01:00,874ff9c6-786d-45fc-a90e-48c7ffe03417,41.02763616544628,21.31108861478468,pm25,2
2026-01-12T18:26:46+01:00,874ff9c6-786d-45fc-a90e-48c7ffe03417,41.02763616544628,21.31108861478468,pressure,946
2026-01-12T18:26:46+01:00,874ff9c6-786d-45fc-a90e-48c7ffe03417,41.02763616544628,21.31108861478468,temperature,-2
2026-01-12T18:42:17+01:00,874ff9c6-786d-45fc-a90e-48c7ffe03417,41.02763616544628,21.31108861478468,humidity,68
2026-01-12T18:42:17+01:00,874ff9c6-786d-45fc-a90e-48c7ffe03417,41.02763616544628,21.31108861478468,noise,43
2026-01-12T18:42:17+01:00,874ff9c6-786d-45fc-a90e-48c7ffe03417,41.02763616544628,21.31108861478468,noise_dba,46
2026-01-12T18:42:17+01:00,874ff9c6-786d-45fc-a90e-48c7ffe03417,41.02763616544628,21.31108861478468,pm10,19
2026-01-12T18:42:17+01:00,874ff9c6-786d-45fc-a90e-48c7ffe03417,41.02763616544628,21.31108861478468,pm25,7
2026-01-12T18:42:17+01:00,874ff9c6-786d-45fc-a90e-48c7ffe03417,41.02763616544628,21.31108861478468,pressure,946
2026-01-12T18:42:17+01:00,874ff9c6-786d-45fc-a90e-48c7ffe03417,41.02763616544628,21.31108861478468,temperature,-2
2026-01-12T18:57:50+01:00,874ff9c6-786d-45fc-a90e-48c7ffe03417,41.02763616544628,21.31108861478468,humidity,67
2026-01-12T18:57:50+01:00,874ff9c6-786d-45fc-a90e-48c7ffe03417,41.02763616544628,21.31108861478468,noise,40
2026-01-12T18:57:50+01:00,874ff9c6-786d-45fc-a90e-48c7ffe03417,41.02763616544628,21.31108861478468,noise_dba,45
2026-01-12T18:57:50+01:00,874ff9c6-786d-45fc-a90e-48c7ffe03417,41.02763616544628,21.31108861478468,pm10,15
2026-01-12T18:57:50+01:00,874ff9c6-786d-45fc-a90e-48c7ffe03417,41.02763616544628,21.31108861478468,pm25,4
2026-01-12T18:57:50+01:00,874ff9c6-786d-45fc-a90e-48c7ffe03417,41.02763616544628,21.31108861478468,pressure,946
2026-01-12T18:57:50+01:00,874ff9c6-786d-45fc-a90e-48c7ffe03417,41.02763616544628,21.31108861478468,temperature,-2
2026-01-12T19:13:21+01:00,874ff9c6-786d-45fc-a90e-48c7ffe03417,41.02763616544628,21.31108861478468,humidity,65
2026-01-12T19:13:21+01:00,874ff9c6-786d-45fc-a90e-48c7ffe03417,41.02763616544628,21.31108861478468,noise,45
2026-01-12T19:13:21+01:00,874ff9c6-786d-45fc-a90e-48c7ffe03417,41.02763616544628,21.31108861478468,noise_dba,47
2026-01-12T19:13:21+01:00,874ff9c6-786d-45fc-a90e-48c7ffe03417,41.02763616544628,21.31108861478468,pm10,43
2026-01-12T19:13:21+01:00,874ff9c6-786d-45fc-a90e-48c7ffe03417,41.02763616544628,21.31108861478468,pm25,15
2026-01-12T19:13:21+01:00,874ff9c6-786d-45fc-a90e-48c7ffe03417,41.02763616544628,21.31108861478468,pressure,946
2026-01-12T19:13:21+01:00,874ff9c6-786d-45fc-a90e-48c7ffe03417,41.02763616544628,21.31108861478468,temperature,-2
2026-01-12T19:28:52+01:00,874ff9c6-786d-45fc-a90e-48c7ffe03417,41.02763616544628,21.31108861478468,humidity,68
2026-01-12T19:28:52+01:00,874ff9c6-786d-45fc-a90e-48c7ffe03417,41.02763616544628,21.31108861478468,noise,43
2026-01-12T19:28:52+01:00,874ff9c6-786d-45fc-a90e-48c7ffe03417,41.02763616544628,21.31108861478468,noise_dba,46
2026-01-12T19:28:52+01:00,874ff9c6-786d-45fc-a90e-48c7ffe03417,41.02763616544628,21.31108861478468,pm10,37
2026-01-12T19:28:52+01:00,874ff9c6-786d-45fc-a90e-48c7ffe03417,41.02763616544628,21.31108861478468,pm25,16
2026-01-12T19:28:52+01:00,874ff9c6-786d-45fc-a90e-48c7ffe03417,41.02763616544628,21.31108861478468,pressure,947
2026-01-12T19:28:52+01:00,874ff9c6-786d-45fc-a90e-48c7ffe03417,41.02763616544628,21.31108861478468,temperature,-2
2026-01-12T19:44:24+01:00,874ff9c6-786d-45fc-a90e-48c7ffe03417,41.02763616544628,21.31108861478468,humidity,67
2026-01-12T19:44:24+01:00,874ff9c6-786d-45fc-a90e-48c7ffe03417,41.02763616544628,21.31108861478468,noise,43
2026-01-12T19:44:24+01:00,874ff9c6-786d-45fc-a90e-48c7ffe03417,41.02763616544628,21.31108861478468,noise_dba,46
2026-01-12T19:44:24+01:00,874ff9c6-786d-45fc-a90e-48c7ffe03417,41.02763616544628,21.31108861478468,pm10,18
2026-01-12T19:44:24+01:00,874ff9c6-786d-45fc-a90e-48c7ffe03417,41.02763616544628,21.31108861478468,pm25,8
2026-01-12T19:44:24+01:00,874ff9c6-786d-45fc-a90e-48c7ffe03417,41.02763616544628,21.31108861478468,pressure,947
2026-01-12T19:44:24+01:00,874ff9c6-786d-45fc-a90e-48c7ffe03417,41.02763616544628,21.31108861478468,temperature,-2
2026-01-12T19:59:55+01:00,874ff9c6-786d-45fc-a90e-48c7ffe03417,41.02763616544628,21.31108861478468,humidity,67
2026-01-12T19:59:55+01:00,874ff9c6-786d-45fc-a90e-48c7ffe03417,41.02763616544628,21.31108861478468,noise,39
2026-01-12T19:59:55+01:00,874ff9c6-786d-45fc-a90e-48c7ffe03417,41.02763616544628,21.31108861478468,noise_dba,44
2026-01-12T19:59:55+01:00,874ff9c6-786d-45fc-a90e-48c7ffe03417,41.02763616544628,21.31108861478468,pm10,27
2026-01-12T19:59:55+01:00,874ff9c6-786d-45fc-a90e-48c7ffe03417,41.02763616544628,21.31108861478468,pm25,9
2026-01-12T19:59:55+01:00,874ff9c6-786d-45fc-a90e-48c7ffe03417,41.02763616544628,21.31108861478468,pressure,947
2026-01-12T19:59:55+01:00,874ff9c6-786d-45fc-a90e-48c7ffe03417,41.02763616544628,21.31108861478468,temperature,-3
2026-01-12T20:15:26+01:00,874ff9c6-786d-45fc-a90e-48c7ffe03417,41.02763616544628,21.31108861478468,humidity,68
2026-01-12T20:15:26+01:00,874ff9c6-786d-45fc-a90e-48c7ffe03417,41.02763616544628,21.31108861478468,noise,46
2026-01-12T20:15:26+01:00,874ff9c6-786d-45fc-a90e-48c7ffe03417,41.02763616544628,21.31108861478468,noise_dba,47
2026-01-12T20:15:26+01:00,874ff9c6-786d-45fc-a90e-48c7ffe03417,41.02763616544628,21.31108861478468,pm10,40
2026-01-12T20:15:26+01:00,874ff9c6-786d-45fc-a90e-48c7ffe03417,41.02763616544628,21.31108861478468,pm25,15
2026-01-12T20:15:26+01:00,874ff9c6-786d-45fc-a90e-48c7ffe03417,41.02763616544628,21.31108861478468,pressure,947
2026-01-12T20:15:26+01:00,874ff9c6-786d-45fc-a90e-48c7ffe03417,41.02763616544628,21.31108861478468,temperature,-3
2026-01-12T20:30:57+01:00,874ff9c6-786d-45fc-a90e-48c7ffe03417,41.02763616544628,21.31108861478468,humidity,69
2026-01-12T20:30:57+01:00,874ff9c6-786d-45fc-a90e-48c7ffe03417,41.02763616544628,21.31108861478468,noise,45
2026-01-12T20:30:57+01:00,874ff9c6-786d-45fc-a90e-48c7ffe03417,41.02763616544628,21.31108861478468,noise_dba,47
2026-01-12T20:30:57+01:00,874ff9c6-786d-45fc-a90e-48c7ffe03417,41.02763616544628,21.31108861478468,pm10,22
2026-01-12T20:30:57+01:00,874ff9c6-786d-45fc-a90e-48c7ffe03417,41.02763616544628,21.31108861478468,pm25,9
2026-01-12T20:30:57+01:00,874ff9c6-786d-45fc-a90e-48c7ffe03417,41.02763616544628,21.31108861478468,pressure,947
2026-01-12T20:30:57+01:00,874ff9c6-786d-45fc-a90e-48c7ffe03417,41.02763616544628,21.31108861478468,temperature,-3
2026-01-12T20:46:28+01:00,874ff9c6-786d-45fc-a90e-48c7ffe03417,41.02763616544628,21.31108861478468,humidity,71
2026-01-12T20:46:28+01:00,874ff9c6-786d-45fc-a90e-48c7ffe03417,41.02763616544628,21.31108861478468,noise,41
2026-01-12T20:46:28+01:00,874ff9c6-786d-45fc-a90e-48c7ffe03417,41.02763616544628,21.31108861478468,noise_dba,45
2026-01-12T20:46:28+01:00,874ff9c6-786d-45fc-a90e-48c7ffe03417,41.02763616544628,21.31108861478468,pm10,25
2026-01-12T20:46:28+01:00,874ff9c6-786d-45fc-a90e-48c7ffe03417,41.02763616544628,21.31108861478468,pm25,10
2026-01-12T20:46:28+01:00,874ff9c6-786d-45fc-a90e-48c7ffe03417,41.02763616544628,21.31108861478468,pressure,947
2026-01-12T20:46:28+01:00,874ff9c6-786d-45fc-a90e-48c7ffe03417,41.02763616544628,21.31108861478468,temperature,-3
2026-01-12T21:01:59+01:00,874ff9c6-786d-45fc-a90e-48c7ffe03417,41.02763616544628,21.31108861478468,humidity,76
2026-01-12T21:01:59+01:00,874ff9c6-786d-45fc-a90e-48c7ffe03417,41.02763616544628,21.31108861478468,noise,45
2026-01-12T21:01:59+01:00,874ff9c6-786d-45fc-a90e-48c7ffe03417,41.02763616544628,21.31108861478468,noise_dba,47
2026-01-12T21:01:59+01:00,874ff9c6-786d-45fc-a90e-48c7ffe03417,41.02763616544628,21.31108861478468,pm10,58
2026-01-12T21:01:59+01:00,874ff9c6-786d-45fc-a90e-48c7ffe03417,41.02763616544628,21.31108861478468,pm25,17
2026-01-12T21:01:59+01:00,874ff9c6-786d-45fc-a90e-48c7ffe03417,41.02763616544628,21.31108861478468,pressure,947
2026-01-12T21:01:59+01:00,874ff9c6-786d-45fc-a90e-48c7ffe03417,41.02763616544628,21.31108861478468,temperature,-4
2026-01-12T21:17:30+01:00,874ff9c6-786d-45fc-a90e-48c7ffe03417,41.02763616544628,21.31108861478468,humidity,76
2026-01-12T21:17:30+01:00,874ff9c6-786d-45fc-a90e-48c7ffe03417,41.02763616544628,21.31108861478468,noise,42
2026-01-12T21:17:30+01:00,874ff9c6-786d-45fc-a90e-48c7ffe03417,41.02763616544628,21.31108861478468,noise_dba,45
2026-01-12T21:17:30+01:00,874ff9c6-786d-45fc-a90e-48c7ffe03417,41.02763616544628,21.31108861478468,pm10,19
2026-01-12T21:17:30+01:00,874ff9c6-786d-45fc-a90e-48c7ffe03417,41.02763616544628,21.31108861478468,pm25,7
2026-01-12T21:17:30+01:00,874ff9c6-786d-45fc-a90e-48c7ffe03417,41.02763616544628,21.31108861478468,pressure,947
2026-01-12T21:17:30+01:00,874ff9c6-786d-45fc-a90e-48c7ffe03417,41.02763616544628,21.31108861478468,temperature,-4
2026-01-12T21:33:01+01:00,874ff9c6-786d-45fc-a90e-48c7ffe03417,41.02763616544628,21.31108861478468,humidity,78
2026-01-12T21:33:01+01:00,874ff9c6-786d-45fc-a90e-48c7ffe03417,41.02763616544628,21.31108861478468,noise,45
2026-01-12T21:33:01+01:00,874ff9c6-786d-45fc-a90e-48c7ffe03417,41.02763616544628,21.31108861478468,noise_dba,47
2026-01-12T21:33:01+01:00,874ff9c6-786d-45fc-a90e-48c7ffe03417,41.02763616544628,21.31108861478468,pm10,13
2026-01-12T21:33:01+01:00,874ff9c6-786d-45fc-a90e-48c7ffe03417,41.02763616544628,21.31108861478468,pm25,2
2026-01-12T21:33:01+01:00,874ff9c6-786d-45fc-a90e-48c7ffe03417,41.02763616544628,21.31108861478468,pressure,947
2026-01-12T21:33:01+01:00,874ff9c6-786d-45fc-a90e-48c7ffe03417,41.02763616544628,21.31108861478468,temperature,-4
2026-01-12T21:48:32+01:00,874ff9c6-786d-45fc-a90e-48c7ffe03417,41.02763616544628,21.31108861478468,humidity,78
2026-01-12T21:48:32+01:00,874ff9c6-786d-45fc-a90e-48c7ffe03417,41.02763616544628,21.31108861478468,noise,42
2026-01-12T21:48:32+01:00,874ff9c6-786d-45fc-a90e-48c7ffe03417,41.02763616544628,21.31108861478468,noise_dba,45
2026-01-12T21:48:32+01:00,874ff9c6-786d-45fc-a90e-48c7ffe03417,41.02763616544628,21.31108861478468,pm10,16
2026-01-12T21:48:32+01:00,874ff9c6-786d-45fc-a90e-48c7ffe03417,41.02763616544628,21.31108861478468,pm25,6
2026-01-12T21:48:32+01:00,874ff9c6-786d-45fc-a90e-48c7ffe03417,41.02763616544628,21.31108861478468,pressure,947
2026-01-12T21:48:32+01:00,874ff9c6-786d-45fc-a90e-48c7ffe03417,41.02763616544628,21.31108861478468,temperature,-4
2026-01-12T22:04:04+01:00,874ff9c6-786d-45fc-a90e-48c7ffe03417,41.02763616544628,21.31108861478468,humidity,77
2026-01-12T22:04:04+01:00,874ff9c6-786d-45fc-a90e-48c7ffe03417,41.02763616544628,21.31108861478468,noise,41
2026-01-12T22:04:04+01:00,874ff9c6-786d-45fc-a90e-48c7ffe03417,41.02763616544628,21.31108861478468,noise_dba,45
2026-01-12T22:04:04+01:00,874ff9c6-786d-45fc-a90e-48c7ffe03417,41.02763616544628,21.31108861478468,pm10,19
2026-01-12T22:04:04+01:00,874ff9c6-786d-45fc-a90e-48c7ffe03417,41.02763616544628,21.31108861478468,pm25,7
2026-01-12T22:04:04+01:00,874ff9c6-786d-45fc-a90e-48c7ffe03417,41.02763616544628,21.31108861478468,pressure,947
2026-01-12T22:04:04+01:00,874ff9c6-786d-45fc-a90e-48c7ffe03417,41.02763616544628,21.31108861478468,temperature,-4
2026-01-12T22:19:34+01:00,874ff9c6-786d-45fc-a90e-48c7ffe03417,41.02763616544628,21.31108861478468,humidity,75
2026-01-12T22:19:34+01:00,874ff9c6-786d-45fc-a90e-48c7ffe03417,41.02763616544628,21.31108861478468,noise,33
2026-01-12T22:19:34+01:00,874ff9c6-786d-45fc-a90e-48c7ffe03417,41.02763616544628,21.31108861478468,noise_dba,42
2026-01-12T22:19:34+01:00,874ff9c6-786d-45fc-a90e-48c7ffe03417,41.02763616544628,21.31108861478468,pm10,16
2026-01-12T22:19:34+01:00,874ff9c6-786d-45fc-a90e-48c7ffe03417,41.02763616544628,21.31108861478468,pm25,7
2026-01-12T22:19:34+01:00,874ff9c6-786d-45fc-a90e-48c7ffe03417,41.02763616544628,21.31108861478468,pressure,947
2026-01-12T22:19:34+01:00,874ff9c6-786d-45fc-a90e-48c7ffe03417,41.02763616544628,21.31108861478468,temperature,-3
2026-01-12T22:35:07+01:00,874ff9c6-786d-45fc-a90e-48c7ffe03417,41.02763616544628,21.31108861478468,humidity,76
2026-01-12T22:35:07+01:00,874ff9c6-786d-45fc-a90e-48c7ffe03417,41.02763616544628,21.31108861478468,noise,43
2026-01-12T22:35:07+01:00,874ff9c6-786d-45fc-a90e-48c7ffe03417,41.02763616544628,21.31108861478468,noise_dba,46
2026-01-12T22:35:07+01:00,874ff9c6-786d-45fc-a90e-48c7ffe03417,41.02763616544628,21.31108861478468,pm10,17
2026-01-12T22:35:07+01:00,874ff9c6-786d-45fc-a90e-48c7ffe03417,41.02763616544628,21.31108861478468,pm25,7
2026-01-12T22:35:07+01:00,874ff9c6-786d-45fc-a90e-48c7ffe03417,41.02763616544628,21.31108861478468,pressure,947
2026-01-12T22:35:07+01:00,874ff9c6-786d-45fc-a90e-48c7ffe03417,41.02763616544628,21.31108861478468,temperature,-4
2026-01-12T22:50:38+01:00,874ff9c6-786d-45fc-a90e-48c7ffe03417,41.02763616544628,21.31108861478468,humidity,78
2026-01-12T22:50:38+01:00,874ff9c6-786d-45fc-a90e-48c7ffe03417,41.02763616544628,21.31108861478468,noise,44
2026-01-12T22:50:38+01:00,874ff9c6-786d-45fc-a90e-48c7ffe03417,41.02763616544628,21.31108861478468,noise_dba,46
2026-01-12T22:50:38+01:00,874ff9c6-786d-45fc-a90e-48c7ffe03417,41.02763616544628,21.31108861478468,pm10,9
2026-01-12T22:50:38+01:00,874ff9c6-786d-45fc-a90e-48c7ffe03417,41.02763616544628,21.31108861478468,pm25,3
2026-01-12T22:50:38+01:00,874ff9c6-786d-45fc-a90e-48c7ffe03417,41.02763616544628,21.31108861478468,pressure,947
2026-01-12T22:50:38+01:00,874ff9c6-786d-45fc-a90e-48c7ffe03417,41.02763616544628,21.31108861478468,temperature,-4
2026-01-12T23:06:09+01:00,874ff9c6-786d-45fc-a90e-48c7ffe03417,41.02763616544628,21.31108861478468,humidity,77
2026-01-12T23:06:09+01:00,874ff9c6-786d-45fc-a90e-48c7ffe03417,41.02763616544628,21.31108861478468,noise,45
2026-01-12T23:06:09+01:00,874ff9c6-786d-45fc-a90e-48c7ffe03417,41.02763616544628,21.31108861478468,noise_dba,47
2026-01-12T23:06:09+01:00,874ff9c6-786d-45fc-a90e-48c7ffe03417,41.02763616544628,21.31108861478468,pm10,14
2026-01-12T23:06:09+01:00,874ff9c6-786d-45fc-a90e-48c7ffe03417,41.02763616544628,21.31108861478468,pm25,4
2026-01-12T23:06:09+01:00,874ff9c6-786d-45fc-a90e-48c7ffe03417,41.02763616544628,21.31108861478468,pressure,947
2026-01-12T23:06:09+01:00,874ff9c6-786d-45fc-a90e-48c7ffe03417,41.02763616544628,21.31108861478468,temperature,-4
2026-01-12T23:21:40+01:00,874ff9c6-786d-45fc-a90e-48c7ffe03417,41.02763616544628,21.31108861478468,humidity,76
2026-01-12T23:21:40+01:00,874ff9c6-786d-45fc-a90e-48c7ffe03417,41.02763616544628,21.31108861478468,noise,41
2026-01-12T23:21:40+01:00,874ff9c6-786d-45fc-a90e-48c7ffe03417,41.02763616544628,21.31108861478468,noise_dba,45
2026-01-12T23:21:40+01:00,874ff9c6-786d-45fc-a90e-48c7ffe03417,41.02763616544628,21.31108861478468,pm10,19
2026-01-12T23:21:40+01:00,874ff9c6-786d-45fc-a90e-48c7ffe03417,41.02763616544628,21.31108861478468,pm25,5
2026-01-12T23:21:40+01:00,874ff9c6-786d-45fc-a90e-48c7ffe03417,41.02763616544628,21.31108861478468,pressure,947
2026-01-12T23:21:40+01:00,874ff9c6-786d-45fc-a90e-48c7ffe03417,41.02763616544628,21.31108861478468,temperature,-4
2026-01-12T23:37:10+01:00,874ff9c6-786d-45fc-a90e-48c7ffe03417,41.02763616544628,21.31108861478468,humidity,77
2026-01-12T23:37:10+01:00,874ff9c6-786d-45fc-a90e-48c7ffe03417,41.02763616544628,21.31108861478468,noise,33
2026-01-12T23:37:10+01:00,874ff9c6-786d-45fc-a90e-48c7ffe03417,41.02763616544628,21.31108861478468,noise_dba,42
2026-01-12T23:37:10+01:00,874ff9c6-786d-45fc-a90e-48c7ffe03417,41.02763616544628,21.31108861478468,pm10,8
2026-01-12T23:37:10+01:00,874ff9c6-786d-45fc-a90e-48c7ffe03417,41.02763616544628,21.31108861478468,pm25,3
2026-01-12T23:37:10+01:00,874ff9c6-786d-45fc-a90e-48c7ffe03417,41.02763616544628,21.31108861478468,pressure,947
2026-01-12T23:37:10+01:00,874ff9c6-786d-45fc-a90e-48c7ffe03417,41.02763616544628,21.31108861478468,temperature,-4
2026-01-12T23:52:41+01:00,874ff9c6-786d-45fc-a90e-48c7ffe03417,41.02763616544628,21.31108861478468,humidity,76
2026-01-12T23:52:41+01:00,874ff9c6-786d-45fc-a90e-48c7ffe03417,41.02763616544628,21.31108861478468,noise,39
2026-01-12T23:52:41+01:00,874ff9c6-786d-45fc-a90e-48c7ffe03417,41.02763616544628,21.31108861478468,noise_dba,44
2026-01-12T23:52:41+01:00,874ff9c6-786d-45fc-a90e-48c7ffe03417,41.02763616544628,21.31108861478468,pm10,15
2026-01-12T23:52:41+01:00,874ff9c6-786d-45fc-a90e-48c7ffe03417,41.02763616544628,21.31108861478468,pm25,5
2026-01-12T23:52:41+01:00,874ff9c6-786d-45fc-a90e-48c7ffe03417,41.02763616544628,21.31108861478468,pressure,947
2026-01-12T23:52:41+01:00,874ff9c6-786d-45fc-a90e-48c7ffe03417,41.02763616544628,21.31108861478468,temperature,-4
2026-01-13T00:08:12+01:00,874ff9c6-786d-45fc-a90e-48c7ffe03417,41.02763616544628,21.31108861478468,humidity,76
2026-01-13T00:08:12+01:00,874ff9c6-786d-45fc-a90e-48c7ffe03417,41.02763616544628,21.31108861478468,noise,40
2026-01-13T00:08:12+01:00,874ff9c6-786d-45fc-a90e-48c7ffe03417,41.02763616544628,21.31108861478468,noise_dba,45
2026-01-13T00:08:12+01:00,874ff9c6-786d-45fc-a90e-48c7ffe03417,41.02763616544628,21.31108861478468,pm10,11
2026-01-13T00:08:12+01:00,874ff9c6-786d-45fc-a90e-48c7ffe03417,41.02763616544628,21.31108861478468,pm25,4
2026-01-13T00:08:12+01:00,874ff9c6-786d-45fc-a90e-48c7ffe03417,41.02763616544628,21.31108861478468,pressure,947
2026-01-13T00:08:12+01:00,874ff9c6-786d-45fc-a90e-48c7ffe03417,41.02763616544628,21.31108861478468,temperature,-4
2026-01-13T00:23:43+01:00,874ff9c6-786d-45fc-a90e-48c7ffe03417,41.02763616544628,21.31108861478468,humidity,77
2026-01-13T00:23:43+01:00,874ff9c6-786d-45fc-a90e-48c7ffe03417,41.02763616544628,21.31108861478468,noise,37
2026-01-13T00:23:43+01:00,874ff9c6-786d-45fc-a90e-48c7ffe03417,41.02763616544628,21.31108861478468,noise_dba,43
2026-01-13T00:23:43+01:00,874ff9c6-786d-45fc-a90e-48c7ffe03417,41.02763616544628,21.31108861478468,pm10,14
2026-01-13T00:23:43+01:00,874ff9c6-786d-45fc-a90e-48c7ffe03417,41.02763616544628,21.31108861478468,pm25,5
2026-01-13T00:23:43+01:00,874ff9c6-786d-45fc-a90e-48c7ffe03417,41.02763616544628,21.31108861478468,pressure,947
2026-01-13T00:23:43+01:00,874ff9c6-786d-45fc-a90e-48c7ffe03417,41.02763616544628,21.31108861478468,temperature,-4
2026-01-13T00:39:15+01:00,874ff9c6-786d-45fc-a90e-48c7ffe03417,41.02763616544628,21.31108861478468,humidity,78
2026-01-13T00:39:15+01:00,874ff9c6-786d-45fc-a90e-48c7ffe03417,41.02763616544628,21.31108861478468,noise,38
2026-01-13T00:39:15+01:00,874ff9c6-786d-45fc-a90e-48c7ffe03417,41.02763616544628,21.31108861478468,noise_dba,44
2026-01-13T00:39:15+01:00,874ff9c6-786d-45fc-a90e-48c7ffe03417,41.02763616544628,21.31108861478468,pm10,15
2026-01-13T00:39:15+01:00,874ff9c6-786d-45fc-a90e-48c7ffe03417,41.02763616544628,21.31108861478468,pm25,5
2026-01-13T00:39:15+01:00,874ff9c6-786d-45fc-a90e-48c7ffe03417,41.02763616544628,21.31108861478468,pressure,947
2026-01-13T00:39:15+01:00,874ff9c6-786d-45fc-a90e-48c7ffe03417,41.02763616544628,21.31108861478468,temperature,-5
2026-01-13T00:54:46+01:00,874ff9c6-786d-45fc-a90e-48c7ffe03417,41.02763616544628,21.31108861478468,humidity,78
2026-01-13T00:54:46+01:00,874ff9c6-786d-45fc-a90e-48c7ffe03417,41.02763616544628,21.31108861478468,noise,41
2026-01-13T00:54:46+01:00,874ff9c6-786d-45fc-a90e-48c7ffe03417,41.02763616544628,21.31108861478468,noise_dba,45
2026-01-13T00:54:46+01:00,874ff9c6-786d-45fc-a90e-48c7ffe03417,41.02763616544628,21.31108861478468,pm10,17
2026-01-13T00:54:46+01:00,874ff9c6-786d-45fc-a90e-48c7ffe03417,41.02763616544628,21.31108861478468,pm25,7
2026-01-13T00:54:46+01:00,874ff9c6-786d-45fc-a90e-48c7ffe03417,41.02763616544628,21.31108861478468,pressure,947
2026-01-13T00:54:46+01:00,874ff9c6-786d-45fc-a90e-48c7ffe03417,41.02763616544628,21.31108861478468,temperature,-4
2026-01-13T01:10:17+01:00,874ff9c6-786d-45fc-a90e-48c7ffe03417,41.02763616544628,21.31108861478468,humidity,80
2026-01-13T01:10:17+01:00,874ff9c6-786d-45fc-a90e-48c7ffe03417,41.02763616544628,21.31108861478468,noise,44
2026-01-13T01:10:17+01:00,874ff9c6-786d-45fc-a90e-48c7ffe03417,41.02763616544628,21.31108861478468,noise_dba,46
2026-01-13T01:10:17+01:00,874ff9c6-786d-45fc-a90e-48c7ffe03417,41.02763616544628,21.31108861478468,pm10,22
2026-01-13T01:10:17+01:00,874ff9c6-786d-45fc-a90e-48c7ffe03417,41.02763616544628,21.31108861478468,pm25,8
2026-01-13T01:10:17+01:00,874ff9c6-786d-45fc-a90e-48c7ffe03417,41.02763616544628,21.31108861478468,pressure,947
2026-01-13T01:10:17+01:00,874ff9c6-786d-45fc-a90e-48c7ffe03417,41.02763616544628,21.31108861478468,temperature,-5
2026-01-13T01:25:49+01:00,874ff9c6-786d-45fc-a90e-48c7ffe03417,41.02763616544628,21.31108861478468,humidity,80
2026-01-13T01:25:49+01:00,874ff9c6-786d-45fc-a90e-48c7ffe03417,41.02763616544628,21.31108861478468,noise,48
2026-01-13T01:25:49+01:00,874ff9c6-786d-45fc-a90e-48c7ffe03417,41.02763616544628,21.31108861478468,noise_dba,48
2026-01-13T01:25:49+01:00,874ff9c6-786d-45fc-a90e-48c7ffe03417,41.02763616544628,21.31108861478468,pm10,20
2026-01-13T01:25:49+01:00,874ff9c6-786d-45fc-a90e-48c7ffe03417,41.02763616544628,21.31108861478468,pm25,8
2026-01-13T01:25:49+01:00,874ff9c6-786d-45fc-a90e-48c7ffe03417,41.02763616544628,21.31108861478468,pressure,947
2026-01-13T01:25:49+01:00,874ff9c6-786d-45fc-a90e-48c7ffe03417,41.02763616544628,21.31108861478468,temperature,-5
2026-01-13T01:41:20+01:00,874ff9c6-786d-45fc-a90e-48c7ffe03417,41.02763616544628,21.31108861478468,humidity,81
2026-01-13T01:41:20+01:00,874ff9c6-786d-45fc-a90e-48c7ffe03417,41.02763616544628,21.31108861478468,noise,33
2026-01-13T01:41:20+01:00,874ff9c6-786d-45fc-a90e-48c7ffe03417,41.02763616544628,21.31108861478468,noise_dba,42
2026-01-13T01:41:20+01:00,874ff9c6-786d-45fc-a90e-48c7ffe03417,41.02763616544628,21.31108861478468,pm10,11
2026-01-13T01:41:20+01:00,874ff9c6-786d-45fc-a90e-48c7ffe03417,41.02763616544628,21.31108861478468,pm25,5
2026-01-13T01:41:20+01:00,874ff9c6-786d-45fc-a90e-48c7ffe03417,41.02763616544628,21.31108861478468,pressure,947
2026-01-13T01:41:20+01:00,874ff9c6-786d-45fc-a90e-48c7ffe03417,41.02763616544628,21.31108861478468,temperature,-5
2026-01-13T01:56:51+01:00,874ff9c6-786d-45fc-a90e-48c7ffe03417,41.02763616544628,21.31108861478468,humidity,80
2026-01-13T01:56:51+01:00,874ff9c6-786d-45fc-a90e-48c7ffe03417,41.02763616544628,21.31108861478468,noise,36
2026-01-13T01:56:51+01:00,874ff9c6-786d-45fc-a90e-48c7ffe03417,41.02763616544628,21.31108861478468,noise_dba,43
2026-01-13T01:56:51+01:00,874ff9c6-786d-45fc-a90e-48c7ffe03417,41.02763616544628,21.31108861478468,pm10,12
2026-01-13T01:56:51+01:00,874ff9c6-786d-45fc-a90e-48c7ffe03417,41.02763616544628,21.31108861478468,pm25,5
2026-01-13T01:56:51+01:00,874ff9c6-786d-45fc-a90e-48c7ffe03417,41.02763616544628,21.31108861478468,pressure,947
2026-01-13T01:56:51+01:00,874ff9c6-786d-45fc-a90e-48c7ffe03417,41.02763616544628,21.31108861478468,temperature,-5
2026-01-13T02:12:22+01:00,874ff9c6-786d-45fc-a90e-48c7ffe03417,41.02763616544628,21.31108861478468,humidity,80
2026-01-13T02:12:22+01:00,874ff9c6-786d-45fc-a90e-48c7ffe03417,41.02763616544628,21.31108861478468,noise,30
2026-01-13T02:12:22+01:00,874ff9c6-786d-45fc-a90e-48c7ffe03417,41.02763616544628,21.31108861478468,noise_dba,40
2026-01-13T02:12:22+01:00,874ff9c6-786d-45fc-a90e-48c7ffe03417,41.02763616544628,21.31108861478468,pm10,12
2026-01-13T02:12:22+01:00,874ff9c6-786d-45fc-a90e-48c7ffe03417,41.02763616544628,21.31108861478468,pm25,5
2026-01-13T02:12:22+01:00,874ff9c6-786d-45fc-a90e-48c7ffe03417,41.02763616544628,21.31108861478468,pressure,947
2026-01-13T02:12:22+01:00,874ff9c6-786d-45fc-a90e-48c7ffe03417,41.02763616544628,21.31108861478468,temperature,-5
2026-01-13T02:27:52+01:00,874ff9c6-786d-45fc-a90e-48c7ffe03417,41.02763616544628,21.31108861478468,humidity,80
2026-01-13T02:27:52+01:00,874ff9c6-786d-45fc-a90e-48c7ffe03417,41.02763616544628,21.31108861478468,noise,27
2026-01-13T02:27:52+01:00,874ff9c6-786d-45fc-a90e-48c7ffe03417,41.02763616544628,21.31108861478468,noise_dba,38
2026-01-13T02:27:52+01:00,874ff9c6-786d-45fc-a90e-48c7ffe03417,41.02763616544628,21.31108861478468,pm10,5
2026-01-13T02:27:52+01:00,874ff9c6-786d-45fc-a90e-48c7ffe03417,41.02763616544628,21.31108861478468,pm25,1
2026-01-13T02:27:52+01:00,874ff9c6-786d-45fc-a90e-48c7ffe03417,41.02763616544628,21.31108861478468,pressure,947
2026-01-13T02:27:52+01:00,874ff9c6-786d-45fc-a90e-48c7ffe03417,41.02763616544628,21.31108861478468,temperature,-5
2026-01-13T02:43:23+01:00,874ff9c6-786d-45fc-a90e-48c7ffe03417,41.02763616544628,21.31108861478468,humidity,81
2026-01-13T02:43:23+01:00,874ff9c6-786d-45fc-a90e-48c7ffe03417,41.02763616544628,21.31108861478468,noise,30
2026-01-13T02:43:23+01:00,874ff9c6-786d-45fc-a90e-48c7ffe03417,41.02763616544628,21.31108861478468,noise_dba,40
2026-01-13T02:43:23+01:00,874ff9c6-786d-45fc-a90e-48c7ffe03417,41.02763616544628,21.31108861478468,pm10,12
2026-01-13T02:43:23+01:00,874ff9c6-786d-45fc-a90e-48c7ffe03417,41.02763616544628,21.31108861478468,pm25,6
2026-01-13T02:43:23+01:00,874ff9c6-786d-45fc-a90e-48c7ffe03417,41.02763616544628,21.31108861478468,pressure,947
2026-01-13T02:43:23+01:00,874ff9c6-786d-45fc-a90e-48c7ffe03417,41.02763616544628,21.31108861478468,temperature,-5
2026-01-13T02:58:54+01:00,874ff9c6-786d-45fc-a90e-48c7ffe03417,41.02763616544628,21.31108861478468,humidity,82
2026-01-13T02:58:54+01:00,874ff9c6-786d-45fc-a90e-48c7ffe03417,41.02763616544628,21.31108861478468,noise,35
2026-01-13T02:58:54+01:00,874ff9c6-786d-45fc-a90e-48c7ffe03417,41.02763616544628,21.31108861478468,noise_dba,43
2026-01-13T02:58:54+01:00,874ff9c6-786d-45fc-a90e-48c7ffe03417,41.02763616544628,21.31108861478468,pm10,15
2026-01-13T02:58:54+01:00,874ff9c6-786d-45fc-a90e-48c7ffe03417,41.02763616544628,21.31108861478468,pm25,5
2026-01-13T02:58:54+01:00,874ff9c6-786d-45fc-a90e-48c7ffe03417,41.02763616544628,21.31108861478468,pressure,947
2026-01-13T02:58:54+01:00,874ff9c6-786d-45fc-a90e-48c7ffe03417,41.02763616544628,21.31108861478468,temperature,-5
2026-01-13T03:14:25+01:00,874ff9c6-786d-45fc-a90e-48c7ffe03417,41.02763616544628,21.31108861478468,humidity,81
2026-01-13T03:14:25+01:00,874ff9c6-786d-45fc-a90e-48c7ffe03417,41.02763616544628,21.31108861478468,noise,36
2026-01-13T03:14:25+01:00,874ff9c6-786d-45fc-a90e-48c7ffe03417,41.02763616544628,21.31108861478468,noise_dba,43
2026-01-13T03:14:25+01:00,874ff9c6-786d-45fc-a90e-48c7ffe03417,41.02763616544628,21.31108861478468,pm10,17
2026-01-13T03:14:25+01:00,874ff9c6-786d-45fc-a90e-48c7ffe03417,41.02763616544628,21.31108861478468,pm25,7
2026-01-13T03:14:25+01:00,874ff9c6-786d-45fc-a90e-48c7ffe03417,41.02763616544628,21.31108861478468,pressure,947
2026-01-13T03:14:25+01:00,874ff9c6-786d-45fc-a90e-48c7ffe03417,41.02763616544628,21.31108861478468,temperature,-5
2026-01-13T03:29:58+01:00,874ff9c6-786d-45fc-a90e-48c7ffe03417,41.02763616544628,21.31108861478468,humidity,81
2026-01-13T03:29:58+01:00,874ff9c6-786d-45fc-a90e-48c7ffe03417,41.02763616544628,21.31108861478468,noise,34
2026-01-13T03:29:58+01:00,874ff9c6-786d-45fc-a90e-48c7ffe03417,41.02763616544628,21.31108861478468,noise_dba,42
2026-01-13T03:29:58+01:00,874ff9c6-786d-45fc-a90e-48c7ffe03417,41.02763616544628,21.31108861478468,pm10,16
2026-01-13T03:29:58+01:00,874ff9c6-786d-45fc-a90e-48c7ffe03417,41.02763616544628,21.31108861478468,pm25,6
2026-01-13T03:29:58+01:00,874ff9c6-786d-45fc-a90e-48c7ffe03417,41.02763616544628,21.31108861478468,pressure,946
2026-01-13T03:29:58+01:00,874ff9c6-786d-45fc-a90e-48c7ffe03417,41.02763616544628,21.31108861478468,temperature,-5
2026-01-13T03:45:29+01:00,874ff9c6-786d-45fc-a90e-48c7ffe03417,41.02763616544628,21.31108861478468,humidity,82
2026-01-13T03:45:29+01:00,874ff9c6-786d-45fc-a90e-48c7ffe03417,41.02763616544628,21.31108861478468,noise,36
2026-01-13T03:45:29+01:00,874ff9c6-786d-45fc-a90e-48c7ffe03417,41.02763616544628,21.31108861478468,noise_dba,43
2026-01-13T03:45:29+01:00,874ff9c6-786d-45fc-a90e-48c7ffe03417,41.02763616544628,21.31108861478468,pm10,33
2026-01-13T03:45:29+01:00,874ff9c6-786d-45fc-a90e-48c7ffe03417,41.02763616544628,21.31108861478468,pm25,9
2026-01-13T03:45:29+01:00,874ff9c6-786d-45fc-a90e-48c7ffe03417,41.02763616544628,21.31108861478468,pressure,946
2026-01-13T03:45:29+01:00,874ff9c6-786d-45fc-a90e-48c7ffe03417,41.02763616544628,21.31108861478468,temperature,-5
2026-01-13T04:01:00+01:00,874ff9c6-786d-45fc-a90e-48c7ffe03417,41.02763616544628,21.31108861478468,humidity,82
2026-01-13T04:01:00+01:00,874ff9c6-786d-45fc-a90e-48c7ffe03417,41.02763616544628,21.31108861478468,noise,34
2026-01-13T04:01:00+01:00,874ff9c6-786d-45fc-a90e-48c7ffe03417,41.02763616544628,21.31108861478468,noise_dba,42
2026-01-13T04:01:00+01:00,874ff9c6-786d-45fc-a90e-48c7ffe03417,41.02763616544628,21.31108861478468,pm10,25
2026-01-13T04:01:00+01:00,874ff9c6-786d-45fc-a90e-48c7ffe03417,41.02763616544628,21.31108861478468,pm25,8
2026-01-13T04:01:00+01:00,874ff9c6-786d-45fc-a90e-48c7ffe03417,41.02763616544628,21.31108861478468,pressure,947
2026-01-13T04:01:00+01:00,874ff9c6-786d-45fc-a90e-48c7ffe03417,41.02763616544628,21.31108861478468,temperature,-4
2026-01-13T04:16:31+01:00,874ff9c6-786d-45fc-a90e-48c7ffe03417,41.02763616544628,21.31108861478468,humidity,82
2026-01-13T04:16:31+01:00,874ff9c6-786d-45fc-a90e-48c7ffe03417,41.02763616544628,21.31108861478468,noise,32
2026-01-13T04:16:31+01:00,874ff9c6-786d-45fc-a90e-48c7ffe03417,41.02763616544628,21.31108861478468,noise_dba,41
2026-01-13T04:16:31+01:00,874ff9c6-786d-45fc-a90e-48c7ffe03417,41.02763616544628,21.31108861478468,pm10,18
2026-01-13T04:16:31+01:00,874ff9c6-786d-45fc-a90e-48c7ffe03417,41.02763616544628,21.31108861478468,pm25,6
2026-01-13T04:16:31+01:00,874ff9c6-786d-45fc-a90e-48c7ffe03417,41.02763616544628,21.31108861478468,pressure,946
2026-01-13T04:16:31+01:00,874ff9c6-786d-45fc-a90e-48c7ffe03417,41.02763616544628,21.31108861478468,temperature,-4
2026-01-13T04:32:02+01:00,874ff9c6-786d-45fc-a90e-48c7ffe03417,41.02763616544628,21.31108861478468,humidity,83
2026-01-13T04:32:02+01:00,874ff9c6-786d-45fc-a90e-48c7ffe03417,41.02763616544628,21.31108861478468,noise,31
2026-01-13T04:32:02+01:00,874ff9c6-786d-45fc-a90e-48c7ffe03417,41.02763616544628,21.31108861478468,noise_dba,41
2026-01-13T04:32:02+01:00,874ff9c6-786d-45fc-a90e-48c7ffe03417,41.02763616544628,21.31108861478468,pm10,13
2026-01-13T04:32:02+01:00,874ff9c6-786d-45fc-a90e-48c7ffe03417,41.02763616544628,21.31108861478468,pm25,5
2026-01-13T04:32:02+01:00,874ff9c6-786d-45fc-a90e-48c7ffe03417,41.02763616544628,21.31108861478468,pressure,947
2026-01-13T04:32:02+01:00,874ff9c6-786d-45fc-a90e-48c7ffe03417,41.02763616544628,21.31108861478468,temperature,-4
2026-01-13T04:47:33+01:00,874ff9c6-786d-45fc-a90e-48c7ffe03417,41.02763616544628,21.31108861478468,humidity,82
2026-01-13T04:47:33+01:00,874ff9c6-786d-45fc-a90e-48c7ffe03417,41.02763616544628,21.31108861478468,noise,32
2026-01-13T04:47:33+01:00,874ff9c6-786d-45fc-a90e-48c7ffe03417,41.02763616544628,21.31108861478468,noise_dba,41
2026-01-13T04:47:33+01:00,874ff9c6-786d-45fc-a90e-48c7ffe03417,41.02763616544628,21.31108861478468,pm10,18
2026-01-13T04:47:33+01:00,874ff9c6-786d-45fc-a90e-48c7ffe03417,41.02763616544628,21.31108861478468,pm25,7
2026-01-13T04:47:33+01:00,874ff9c6-786d-45fc-a90e-48c7ffe03417,41.02763616544628,21.31108861478468,pressure,947
2026-01-13T04:47:33+01:00,874ff9c6-786d-45fc-a90e-48c7ffe03417,41.02763616544628,21.31108861478468,temperature,-4
2026-01-13T05:03:04+01:00,874ff9c6-786d-45fc-a90e-48c7ffe03417,41.02763616544628,21.31108861478468,humidity,82
2026-01-13T05:03:04+01:00,874ff9c6-786d-45fc-a90e-48c7ffe03417,41.02763616544628,21.31108861478468,noise,30
2026-01-13T05:03:04+01:00,874ff9c6-786d-45fc-a90e-48c7ffe03417,41.02763616544628,21.31108861478468,noise_dba,40
2026-01-13T05:03:04+01:00,874ff9c6-786d-45fc-a90e-48c7ffe03417,41.02763616544628,21.31108861478468,pm10,20
2026-01-13T05:03:04+01:00,874ff9c6-786d-45fc-a90e-48c7ffe03417,41.02763616544628,21.31108861478468,pm25,8
2026-01-13T05:03:04+01:00,874ff9c6-786d-45fc-a90e-48c7ffe03417,41.02763616544628,21.31108861478468,pressure,947
2026-01-13T05:03:04+01:00,874ff9c6-786d-45fc-a90e-48c7ffe03417,41.02763616544628,21.31108861478468,temperature,-4
2026-01-13T05:18:35+01:00,874ff9c6-786d-45fc-a90e-48c7ffe03417,41.02763616544628,21.31108861478468,humidity,82
2026-01-13T05:18:35+01:00,874ff9c6-786d-45fc-a90e-48c7ffe03417,41.02763616544628,21.31108861478468,noise,40
2026-01-13T05:18:35+01:00,874ff9c6-786d-45fc-a90e-48c7ffe03417,41.02763616544628,21.31108861478468,noise_dba,45
2026-01-13T05:18:35+01:00,874ff9c6-786d-45fc-a90e-48c7ffe03417,41.02763616544628,21.31108861478468,pm10,19
2026-01-13T05:18:35+01:00,874ff9c6-786d-45fc-a90e-48c7ffe03417,41.02763616544628,21.31108861478468,pm25,7
2026-01-13T05:18:35+01:00,874ff9c6-786d-45fc-a90e-48c7ffe03417,41.02763616544628,21.31108861478468,pressure,947
2026-01-13T05:18:35+01:00,874ff9c6-786d-45fc-a90e-48c7ffe03417,41.02763616544628,21.31108861478468,temperature,-4
2026-01-13T05:34:06+01:00,874ff9c6-786d-45fc-a90e-48c7ffe03417,41.02763616544628,21.31108861478468,humidity,82
2026-01-13T05:34:06+01:00,874ff9c6-786d-45fc-a90e-48c7ffe03417,41.02763616544628,21.31108861478468,noise,39
2026-01-13T05:34:06+01:00,874ff9c6-786d-45fc-a90e-48c7ffe03417,41.02763616544628,21.31108861478468,noise_dba,44
2026-01-13T05:34:06+01:00,874ff9c6-786d-45fc-a90e-48c7ffe03417,41.02763616544628,21.31108861478468,pm10,16
2026-01-13T05:34:06+01:00,874ff9c6-786d-45fc-a90e-48c7ffe03417,41.02763616544628,21.31108861478468,pm25,8
2026-01-13T05:34:06+01:00,874ff9c6-786d-45fc-a90e-48c7ffe03417,41.02763616544628,21.31108861478468,pressure,947
2026-01-13T05:34:06+01:00,874ff9c6-786d-45fc-a90e-48c7ffe03417,41.02763616544628,21.31108861478468,temperature,-4
2026-01-13T05:49:37+01:00,874ff9c6-786d-45fc-a90e-48c7ffe03417,41.02763616544628,21.31108861478468,humidity,81
2026-01-13T05:49:37+01:00,874ff9c6-786d-45fc-a90e-48c7ffe03417,41.02763616544628,21.31108861478468,noise,41
2026-01-13T05:49:37+01:00,874ff9c6-786d-45fc-a90e-48c7ffe03417,41.02763616544628,21.31108861478468,noise_dba,45
2026-01-13T05:49:37+01:00,874ff9c6-786d-45fc-a90e-48c7ffe03417,41.02763616544628,21.31108861478468,pm10,19
2026-01-13T05:49:37+01:00,874ff9c6-786d-45fc-a90e-48c7ffe03417,41.02763616544628,21.31108861478468,pm25,7
2026-01-13T05:49:37+01:00,874ff9c6-786d-45fc-a90e-48c7ffe03417,41.02763616544628,21.31108861478468,pressure,947
2026-01-13T05:49:37+01:00,874ff9c6-786d-45fc-a90e-48c7ffe03417,41.02763616544628,21.31108861478468,temperature,-3
2026-01-13T06:05:08+01:00,874ff9c6-786d-45fc-a90e-48c7ffe03417,41.02763616544628,21.31108861478468,humidity,81
2026-01-13T06:05:08+01:00,874ff9c6-786d-45fc-a90e-48c7ffe03417,41.02763616544628,21.31108861478468,noise,34
2026-01-13T06:05:08+01:00,874ff9c6-786d-45fc-a90e-48c7ffe03417,41.02763616544628,21.31108861478468,noise_dba,42
2026-01-13T06:05:08+01:00,874ff9c6-786d-45fc-a90e-48c7ffe03417,41.02763616544628,21.31108861478468,pm10,15
2026-01-13T06:05:08+01:00,874ff9c6-786d-45fc-a90e-48c7ffe03417,41.02763616544628,21.31108861478468,pm25,7
2026-01-13T06:05:08+01:00,874ff9c6-786d-45fc-a90e-48c7ffe03417,41.02763616544628,21.31108861478468,pressure,947
2026-01-13T06:05:08+01:00,874ff9c6-786d-45fc-a90e-48c7ffe03417,41.02763616544628,21.31108861478468,temperature,-3
2026-01-13T06:20:39+01:00,874ff9c6-786d-45fc-a90e-48c7ffe03417,41.02763616544628,21.31108861478468,humidity,84
2026-01-13T06:20:39+01:00,874ff9c6-786d-45fc-a90e-48c7ffe03417,41.02763616544628,21.31108861478468,noise,31
2026-01-13T06:20:39+01:00,874ff9c6-786d-45fc-a90e-48c7ffe03417,41.02763616544628,21.31108861478468,noise_dba,41
2026-01-13T06:20:39+01:00,874ff9c6-786d-45fc-a90e-48c7ffe03417,41.02763616544628,21.31108861478468,pm10,19
2026-01-13T06:20:39+01:00,874ff9c6-786d-45fc-a90e-48c7ffe03417,41.02763616544628,21.31108861478468,pm25,7
2026-01-13T06:20:39+01:00,874ff9c6-786d-45fc-a90e-48c7ffe03417,41.02763616544628,21.31108861478468,pressure,947
2026-01-13T06:20:39+01:00,874ff9c6-786d-45fc-a90e-48c7ffe03417,41.02763616544628,21.31108861478468,temperature,-4
2026-01-13T06:36:10+01:00,874ff9c6-786d-45fc-a90e-48c7ffe03417,41.02763616544628,21.31108861478468,humidity,82
2026-01-13T06:36:10+01:00,874ff9c6-786d-45fc-a90e-48c7ffe03417,41.02763616544628,21.31108861478468,noise,36
2026-01-13T06:36:10+01:00,874ff9c6-786d-45fc-a90e-48c7ffe03417,41.02763616544628,21.31108861478468,noise_dba,43
2026-01-13T06:36:10+01:00,874ff9c6-786d-45fc-a90e-48c7ffe03417,41.02763616544628,21.31108861478468,pm10,18
2026-01-13T06:36:10+01:00,874ff9c6-786d-45fc-a90e-48c7ffe03417,41.02763616544628,21.31108861478468,pm25,8
2026-01-13T06:36:10+01:00,874ff9c6-786d-45fc-a90e-48c7ffe03417,41.02763616544628,21.31108861478468,pressure,947
2026-01-13T06:36:10+01:00,874ff9c6-786d-45fc-a90e-48c7ffe03417,41.02763616544628,21.31108861478468,temperature,-3
2026-01-13T06:51:41+01:00,874ff9c6-786d-45fc-a90e-48c7ffe03417,41.02763616544628,21.31108861478468,humidity,83
2026-01-13T06:51:41+01:00,874ff9c6-786d-45fc-a90e-48c7ffe03417,41.02763616544628,21.31108861478468,noise,49
2026-01-13T06:51:41+01:00,874ff9c6-786d-45fc-a90e-48c7ffe03417,41.02763616544628,21.31108861478468,noise_dba,48
2026-01-13T06:51:41+01:00,874ff9c6-786d-45fc-a90e-48c7ffe03417,41.02763616544628,21.31108861478468,pm10,29
2026-01-13T06:51:41+01:00,874ff9c6-786d-45fc-a90e-48c7ffe03417,41.02763616544628,21.31108861478468,pm25,10
2026-01-13T06:51:41+01:00,874ff9c6-786d-45fc-a90e-48c7ffe03417,41.02763616544628,21.31108861478468,pressure,947
2026-01-13T06:51:41+01:00,874ff9c6-786d-45fc-a90e-48c7ffe03417,41.02763616544628,21.31108861478468,temperature,-3
2026-01-13T07:07:12+01:00,874ff9c6-786d-45fc-a90e-48c7ffe03417,41.02763616544628,21.31108861478468,humidity,81
2026-01-13T07:07:12+01:00,874ff9c6-786d-45fc-a90e-48c7ffe03417,41.02763616544628,21.31108861478468,noise,37
2026-01-13T07:07:12+01:00,874ff9c6-786d-45fc-a90e-48c7ffe03417,41.02763616544628,21.31108861478468,noise_dba,43
2026-01-13T07:07:12+01:00,874ff9c6-786d-45fc-a90e-48c7ffe03417,41.02763616544628,21.31108861478468,pm10,31
2026-01-13T07:07:12+01:00,874ff9c6-786d-45fc-a90e-48c7ffe03417,41.02763616544628,21.31108861478468,pm25,12
2026-01-13T07:07:12+01:00,874ff9c6-786d-45fc-a90e-48c7ffe03417,41.02763616544628,21.31108861478468,pressure,946
2026-01-13T07:07:12+01:00,874ff9c6-786d-45fc-a90e-48c7ffe03417,41.02763616544628,21.31108861478468,temperature,-3
2026-01-13T07:22:43+01:00,874ff9c6-786d-45fc-a90e-48c7ffe03417,41.02763616544628,21.31108861478468,humidity,80
2026-01-13T07:22:43+01:00,874ff9c6-786d-45fc-a90e-48c7ffe03417,41.02763616544628,21.31108861478468,noise,36
2026-01-13T07:22:43+01:00,874ff9c6-786d-45fc-a90e-48c7ffe03417,41.02763616544628,21.31108861478468,noise_dba,43
2026-01-13T07:22:43+01:00,874ff9c6-786d-45fc-a90e-48c7ffe03417,41.02763616544628,21.31108861478468,pm10,27
2026-01-13T07:22:43+01:00,874ff9c6-786d-45fc-a90e-48c7ffe03417,41.02763616544628,21.31108861478468,pm25,10
2026-01-13T07:22:43+01:00,874ff9c6-786d-45fc-a90e-48c7ffe03417,41.02763616544628,21.31108861478468,pressure,947
2026-01-13T07:22:43+01:00,874ff9c6-786d-45fc-a90e-48c7ffe03417,41.02763616544628,21.31108861478468,temperature,-3
2026-01-13T07:38:14+01:00,874ff9c6-786d-45fc-a90e-48c7ffe03417,41.02763616544628,21.31108861478468,humidity,79
2026-01-13T07:38:14+01:00,874ff9c6-786d-45fc-a90e-48c7ffe03417,41.02763616544628,21.31108861478468,noise,45
2026-01-13T07:38:14+01:00,874ff9c6-786d-45fc-a90e-48c7ffe03417,41.02763616544628,21.31108861478468,noise_dba,47
2026-01-13T07:38:14+01:00,874ff9c6-786d-45fc-a90e-48c7ffe03417,41.02763616544628,21.31108861478468,pm10,23
2026-01-13T07:38:14+01:00,874ff9c6-786d-45fc-a90e-48c7ffe03417,41.02763616544628,21.31108861478468,pm25,11
2026-01-13T07:38:14+01:00,874ff9c6-786d-45fc-a90e-48c7ffe03417,41.02763616544628,21.31108861478468,pressure,947
2026-01-13T07:38:14+01:00,874ff9c6-786d-45fc-a90e-48c7ffe03417,41.02763616544628,21.31108861478468,temperature,-3
2026-01-13T07:53:45+01:00,874ff9c6-786d-45fc-a90e-48c7ffe03417,41.02763616544628,21.31108861478468,humidity,76
2026-01-13T07:53:45+01:00,874ff9c6-786d-45fc-a90e-48c7ffe03417,41.02763616544628,21.31108861478468,noise,49
2026-01-13T07:53:45+01:00,874ff9c6-786d-45fc-a90e-48c7ffe03417,41.02763616544628,21.31108861478468,noise_dba,48
2026-01-13T07:53:45+01:00,874ff9c6-786d-45fc-a90e-48c7ffe03417,41.02763616544628,21.31108861478468,pm10,25
2026-01-13T07:53:45+01:00,874ff9c6-786d-45fc-a90e-48c7ffe03417,41.02763616544628,21.31108861478468,pm25,10
2026-01-13T07:53:45+01:00,874ff9c6-786d-45fc-a90e-48c7ffe03417,41.02763616544628,21.31108861478468,pressure,947
2026-01-13T07:53:45+01:00,874ff9c6-786d-45fc-a90e-48c7ffe03417,41.02763616544628,21.31108861478468,temperature,-3
2026-01-13T08:09:16+01:00,874ff9c6-786d-45fc-a90e-48c7ffe03417,41.02763616544628,21.31108861478468,humidity,76
2026-01-13T08:09:16+01:00,874ff9c6-786d-45fc-a90e-48c7ffe03417,41.02763616544628,21.31108861478468,noise,52
2026-01-13T08:09:16+01:00,874ff9c6-786d-45fc-a90e-48c7ffe03417,41.02763616544628,21.31108861478468,noise_dba,49
2026-01-13T08:09:16+01:00,874ff9c6-786d-45fc-a90e-48c7ffe03417,41.02763616544628,21.31108861478468,pm10,38
2026-01-13T08:09:16+01:00,874ff9c6-786d-45fc-a90e-48c7ffe03417,41.02763616544628,21.31108861478468,pm25,15
2026-01-13T08:09:16+01:00,874ff9c6-786d-45fc-a90e-48c7ffe03417,41.02763616544628,21.31108861478468,pressure,947
2026-01-13T08:09:16+01:00,874ff9c6-786d-45fc-a90e-48c7ffe03417,41.02763616544628,21.31108861478468,temperature,-3
2026-01-13T08:24:47+01:00,874ff9c6-786d-45fc-a90e-48c7ffe03417,41.02763616544628,21.31108861478468,humidity,75
2026-01-13T08:24:47+01:00,874ff9c6-786d-45fc-a90e-48c7ffe03417,41.02763616544628,21.31108861478468,noise,43
2026-01-13T08:24:47+01:00,874ff9c6-786d-45fc-a90e-48c7ffe03417,41.02763616544628,21.31108861478468,noise_dba,46
2026-01-13T08:24:47+01:00,874ff9c6-786d-45fc-a90e-48c7ffe03417,41.02763616544628,21.31108861478468,pm10,42
2026-01-13T08:24:47+01:00,874ff9c6-786d-45fc-a90e-48c7ffe03417,41.02763616544628,21.31108861478468,pm25,17
2026-01-13T08:24:47+01:00,874ff9c6-786d-45fc-a90e-48c7ffe03417,41.02763616544628,21.31108861478468,pressure,947
2026-01-13T08:24:47+01:00,874ff9c6-786d-45fc-a90e-48c7ffe03417,41.02763616544628,21.31108861478468,temperature,-2
2026-01-13T08:40:18+01:00,874ff9c6-786d-45fc-a90e-48c7ffe03417,41.02763616544628,21.31108861478468,humidity,76
2026-01-13T08:40:18+01:00,874ff9c6-786d-45fc-a90e-48c7ffe03417,41.02763616544628,21.31108861478468,noise,44
2026-01-13T08:40:18+01:00,874ff9c6-786d-45fc-a90e-48c7ffe03417,41.02763616544628,21.31108861478468,noise_dba,46
2026-01-13T08:40:18+01:00,874ff9c6-786d-45fc-a90e-48c7ffe03417,41.02763616544628,21.31108861478468,pm10,33
2026-01-13T08:40:18+01:00,874ff9c6-786d-45fc-a90e-48c7ffe03417,41.02763616544628,21.31108861478468,pm25,13
2026-01-13T08:40:18+01:00,874ff9c6-786d-45fc-a90e-48c7ffe03417,41.02763616544628,21.31108861478468,pressure,948
2026-01-13T08:40:18+01:00,874ff9c6-786d-45fc-a90e-48c7ffe03417,41.02763616544628,21.31108861478468,temperature,-2
2026-01-13T08:55:49+01:00,874ff9c6-786d-45fc-a90e-48c7ffe03417,41.02763616544628,21.31108861478468,humidity,76
2026-01-13T08:55:49+01:00,874ff9c6-786d-45fc-a90e-48c7ffe03417,41.02763616544628,21.31108861478468,noise,44
2026-01-13T08:55:49+01:00,874ff9c6-786d-45fc-a90e-48c7ffe03417,41.02763616544628,21.31108861478468,noise_dba,46
2026-01-13T08:55:49+01:00,874ff9c6-786d-45fc-a90e-48c7ffe03417,41.02763616544628,21.31108861478468,pm10,17
2026-01-13T08:55:49+01:00,874ff9c6-786d-45fc-a90e-48c7ffe03417,41.02763616544628,21.31108861478468,pm25,7
2026-01-13T08:55:49+01:00,874ff9c6-786d-45fc-a90e-48c7ffe03417,41.02763616544628,21.31108861478468,pressure,948
2026-01-13T08:55:49+01:00,874ff9c6-786d-45fc-a90e-48c7ffe03417,41.02763616544628,21.31108861478468,temperature,-2
2026-01-13T09:11:20+01:00,874ff9c6-786d-45fc-a90e-48c7ffe03417,41.02763616544628,21.31108861478468,humidity,74
2026-01-13T09:11:20+01:00,874ff9c6-786d-45fc-a90e-48c7ffe03417,41.02763616544628,21.31108861478468,noise,52
2026-01-13T09:11:20+01:00,874ff9c6-786d-45fc-a90e-48c7ffe03417,41.02763616544628,21.31108861478468,noise_dba,49
2026-01-13T09:11:20+01:00,874ff9c6-786d-45fc-a90e-48c7ffe03417,41.02763616544628,21.31108861478468,pm10,16
2026-01-13T09:11:20+01:00,874ff9c6-786d-45fc-a90e-48c7ffe03417,41.02763616544628,21.31108861478468,pm25,6
2026-01-13T09:11:20+01:00,874ff9c6-786d-45fc-a90e-48c7ffe03417,41.02763616544628,21.31108861478468,pressure,948
2026-01-13T09:11:20+01:00,874ff9c6-786d-45fc-a90e-48c7ffe03417,41.02763616544628,21.31108861478468,temperature,-1
2026-01-13T09:26:51+01:00,874ff9c6-786d-45fc-a90e-48c7ffe03417,41.02763616544628,21.31108861478468,humidity,69
2026-01-13T09:26:51+01:00,874ff9c6-786d-45fc-a90e-48c7ffe03417,41.02763616544628,21.31108861478468,noise,42
2026-01-13T09:26:51+01:00,874ff9c6-786d-45fc-a90e-48c7ffe03417,41.02763616544628,21.31108861478468,noise_dba,45
2026-01-13T09:26:51+01:00,874ff9c6-786d-45fc-a90e-48c7ffe03417,41.02763616544628,21.31108861478468,pm10,15
2026-01-13T09:26:51+01:00,874ff9c6-786d-45fc-a90e-48c7ffe03417,41.02763616544628,21.31108861478468,pm25,5
2026-01-13T09:26:51+01:00,874ff9c6-786d-45fc-a90e-48c7ffe03417,41.02763616544628,21.31108861478468,pressure,948
2026-01-13T09:26:51+01:00,874ff9c6-786d-45fc-a90e-48c7ffe03417,41.02763616544628,21.31108861478468,temperature,-1
2026-01-13T09:42:22+01:00,874ff9c6-786d-45fc-a90e-48c7ffe03417,41.02763616544628,21.31108861478468,humidity,70
2026-01-13T09:42:22+01:00,874ff9c6-786d-45fc-a90e-48c7ffe03417,41.02763616544628,21.31108861478468,noise,38
2026-01-13T09:42:22+01:00,874ff9c6-786d-45fc-a90e-48c7ffe03417,41.02763616544628,21.31108861478468,noise_dba,44
2026-01-13T09:42:22+01:00,874ff9c6-786d-45fc-a90e-48c7ffe03417,41.02763616544628,21.31108861478468,pm10,17
2026-01-13T09:42:22+01:00,874ff9c6-786d-45fc-a90e-48c7ffe03417,41.02763616544628,21.31108861478468,pm25,7
2026-01-13T09:42:22+01:00,874ff9c6-786d-45fc-a90e-48c7ffe03417,41.02763616544628,21.31108861478468,pressure,948
2026-01-13T09:42:22+01:00,874ff9c6-786d-45fc-a90e-48c7ffe03417,41.02763616544628,21.31108861478468,temperature,-1
2026-01-13T09:57:53+01:00,874ff9c6-786d-45fc-a90e-48c7ffe03417,41.02763616544628,21.31108861478468,humidity,69
2026-01-13T09:57:53+01:00,874ff9c6-786d-45fc-a90e-48c7ffe03417,41.02763616544628,21.31108861478468,noise,54
2026-01-13T09:57:53+01:00,874ff9c6-786d-45fc-a90e-48c7ffe03417,41.02763616544628,21.31108861478468,noise_dba,50
2026-01-13T09:57:53+01:00,874ff9c6-786d-45fc-a90e-48c7ffe03417,41.02763616544628,21.31108861478468,pm10,22
2026-01-13T09:57:53+01:00,874ff9c6-786d-45fc-a90e-48c7ffe03417,41.02763616544628,21.31108861478468,pm25,9
2026-01-13T09:57:53+01:00,874ff9c6-786d-45fc-a90e-48c7ffe03417,41.02763616544628,21.31108861478468,pressure,948
2026-01-13T09:57:53+01:00,874ff9c6-786d-45fc-a90e-48c7ffe03417,41.02763616544628,21.31108861478468,temperature,0
2026-01-13T10:13:25+01:00,874ff9c6-786d-45fc-a90e-48c7ffe03417,41.02763616544628,21.31108861478468,humidity,70
2026-01-13T10:13:25+01:00,874ff9c6-786d-45fc-a90e-48c7ffe03417,41.02763616544628,21.31108861478468,noise,53
2026-01-13T10:13:25+01:00,874ff9c6-786d-45fc-a90e-48c7ffe03417,41.02763616544628,21.31108861478468,noise_dba,49
2026-01-13T10:13:25+01:00,874ff9c6-786d-45fc-a90e-48c7ffe03417,41.02763616544628,21.31108861478468,pm10,30
2026-01-13T10:13:25+01:00,874ff9c6-786d-45fc-a90e-48c7ffe03417,41.02763616544628,21.31108861478468,pm25,11
2026-01-13T10:13:25+01:00,874ff9c6-786d-45fc-a90e-48c7ffe03417,41.02763616544628,21.31108861478468,pressure,948
2026-01-13T10:13:25+01:00,874ff9c6-786d-45fc-a90e-48c7ffe03417,41.02763616544628,21.31108861478468,temperature,0
2026-01-13T10:28:56+01:00,874ff9c6-786d-45fc-a90e-48c7ffe03417,41.02763616544628,21.31108861478468,humidity,96
2026-01-13T10:28:56+01:00,874ff9c6-786d-45fc-a90e-48c7ffe03417,41.02763616544628,21.31108861478468,noise,67
2026-01-13T10:28:56+01:00,874ff9c6-786d-45fc-a90e-48c7ffe03417,41.02763616544628,21.31108861478468,noise_dba,53
2026-01-13T10:28:56+01:00,874ff9c6-786d-45fc-a90e-48c7ffe03417,41.02763616544628,21.31108861478468,pm10,17
2026-01-13T10:28:56+01:00,874ff9c6-786d-45fc-a90e-48c7ffe03417,41.02763616544628,21.31108861478468,pm25,8
2026-01-13T10:28:56+01:00,874ff9c6-786d-45fc-a90e-48c7ffe03417,41.02763616544628,21.31108861478468,pressure,947
2026-01-13T10:28:56+01:00,874ff9c6-786d-45fc-a90e-48c7ffe03417,41.02763616544628,21.31108861478468,temperature,0
2026-01-13T10:44:27+01:00,874ff9c6-786d-45fc-a90e-48c7ffe03417,41.02763616544628,21.31108861478468,humidity,72
2026-01-13T10:44:27+01:00,874ff9c6-786d-45fc-a90e-48c7ffe03417,41.02763616544628,21.31108861478468,noise,39
2026-01-13T10:44:27+01:00,874ff9c6-786d-45fc-a90e-48c7ffe03417,41.02763616544628,21.31108861478468,noise_dba,44
2026-01-13T10:44:27+01:00,874ff9c6-786d-45fc-a90e-48c7ffe03417,41.02763616544628,21.31108861478468,pm10,25
2026-01-13T10:44:27+01:00,874ff9c6-786d-45fc-a90e-48c7ffe03417,41.02763616544628,21.31108861478468,pm25,10
2026-01-13T10:44:27+01:00,874ff9c6-786d-45fc-a90e-48c7ffe03417,41.02763616544628,21.31108861478468,pressure,947
2026-01-13T10:44:27+01:00,874ff9c6-786d-45fc-a90e-48c7ffe03417,41.02763616544628,21.31108861478468,temperature,3
2026-01-13T10:59:57+01:00,874ff9c6-786d-45fc-a90e-48c7ffe03417,41.02763616544628,21.31108861478468,humidity,65
2026-01-13T10:59:57+01:00,874ff9c6-786d-45fc-a90e-48c7ffe03417,41.02763616544628,21.31108861478468,noise,37
2026-01-13T10:59:57+01:00,874ff9c6-786d-45fc-a90e-48c7ffe03417,41.02763616544628,21.31108861478468,noise_dba,43
2026-01-13T10:59:57+01:00,874ff9c6-786d-45fc-a90e-48c7ffe03417,41.02763616544628,21.31108861478468,pm10,19
2026-01-13T10:59:57+01:00,874ff9c6-786d-45fc-a90e-48c7ffe03417,41.02763616544628,21.31108861478468,pm25,7
2026-01-13T10:59:57+01:00,874ff9c6-786d-45fc-a90e-48c7ffe03417,41.02763616544628,21.31108861478468,pressure,947
2026-01-13T10:59:57+01:00,874ff9c6-786d-45fc-a90e-48c7ffe03417,41.02763616544628,21.31108861478468,temperature,1
2026-01-13T11:15:28+01:00,874ff9c6-786d-45fc-a90e-48c7ffe03417,41.02763616544628,21.31108861478468,humidity,68
2026-01-13T11:15:28+01:00,874ff9c6-786d-45fc-a90e-48c7ffe03417,41.02763616544628,21.31108861478468,noise,37
2026-01-13T11:15:28+01:00,874ff9c6-786d-45fc-a90e-48c7ffe03417,41.02763616544628,21.31108861478468,noise_dba,43
2026-01-13T11:15:28+01:00,874ff9c6-786d-45fc-a90e-48c7ffe03417,41.02763616544628,21.31108861478468,pm10,26
2026-01-13T11:15:28+01:00,874ff9c6-786d-45fc-a90e-48c7ffe03417,41.02763616544628,21.31108861478468,pm25,9
2026-01-13T11:15:28+01:00,874ff9c6-786d-45fc-a90e-48c7ffe03417,41.02763616544628,21.31108861478468,pressure,947
2026-01-13T11:15:28+01:00,874ff9c6-786d-45fc-a90e-48c7ffe03417,41.02763616544628,21.31108861478468,temperature,1
2026-01-13T11:30:59+01:00,874ff9c6-786d-45fc-a90e-48c7ffe03417,41.02763616544628,21.31108861478468,humidity,66
2026-01-13T11:30:59+01:00,874ff9c6-786d-45fc-a90e-48c7ffe03417,41.02763616544628,21.31108861478468,noise,43
2026-01-13T11:30:59+01:00,874ff9c6-786d-45fc-a90e-48c7ffe03417,41.02763616544628,21.31108861478468,noise_dba,46
2026-01-13T11:30:59+01:00,874ff9c6-786d-45fc-a90e-48c7ffe03417,41.02763616544628,21.31108861478468,pm10,25
2026-01-13T11:30:59+01:00,874ff9c6-786d-45fc-a90e-48c7ffe03417,41.02763616544628,21.31108861478468,pm25,10
2026-01-13T11:30:59+01:00,874ff9c6-786d-45fc-a90e-48c7ffe03417,41.02763616544628,21.31108861478468,pressure,947
2026-01-13T11:30:59+01:00,874ff9c6-786d-45fc-a90e-48c7ffe03417,41.02763616544628,21.31108861478468,temperature,2
2026-01-13T11:46:30+01:00,874ff9c6-786d-45fc-a90e-48c7ffe03417,41.02763616544628,21.31108861478468,humidity,66
2026-01-13T11:46:30+01:00,874ff9c6-786d-45fc-a90e-48c7ffe03417,41.02763616544628,21.31108861478468,noise,41
2026-01-13T11:46:30+01:00,874ff9c6-786d-45fc-a90e-48c7ffe03417,41.02763616544628,21.31108861478468,noise_dba,45
2026-01-13T11:46:30+01:00,874ff9c6-786d-45fc-a90e-48c7ffe03417,41.02763616544628,21.31108861478468,pm10,26
2026-01-13T11:46:30+01:00,874ff9c6-786d-45fc-a90e-48c7ffe03417,41.02763616544628,21.31108861478468,pm25,11
2026-01-13T11:46:30+01:00,874ff9c6-786d-45fc-a90e-48c7ffe03417,41.02763616544628,21.31108861478468,pressure,947
2026-01-13T11:46:30+01:00,874ff9c6-786d-45fc-a90e-48c7ffe03417,41.02763616544628,21.31108861478468,temperature,2
2026-01-13T12:02:05+01:00,874ff9c6-786d-45fc-a90e-48c7ffe03417,41.02763616544628,21.31108861478468,humidity,64
2026-01-13T12:02:05+01:00,874ff9c6-786d-45fc-a90e-48c7ffe03417,41.02763616544628,21.31108861478468,noise,50
2026-01-13T12:02:05+01:00,874ff9c6-786d-45fc-a90e-48c7ffe03417,41.02763616544628,21.31108861478468,noise_dba,48
2026-01-13T12:02:05+01:00,874ff9c6-786d-45fc-a90e-48c7ffe03417,41.02763616544628,21.31108861478468,pm10,22
2026-01-13T12:02:05+01:00,874ff9c6-786d-45fc-a90e-48c7ffe03417,41.02763616544628,21.31108861478468,pm25,10
2026-01-13T12:02:05+01:00,874ff9c6-786d-45fc-a90e-48c7ffe03417,41.02763616544628,21.31108861478468,pressure,947
2026-01-13T12:02:05+01:00,874ff9c6-786d-45fc-a90e-48c7ffe03417,41.02763616544628,21.31108861478468,temperature,3
2026-01-13T12:17:36+01:00,874ff9c6-786d-45fc-a90e-48c7ffe03417,41.02763616544628,21.31108861478468,humidity,63
2026-01-13T12:17:36+01:00,874ff9c6-786d-45fc-a90e-48c7ffe03417,41.02763616544628,21.31108861478468,noise,43
2026-01-13T12:17:36+01:00,874ff9c6-786d-45fc-a90e-48c7ffe03417,41.02763616544628,21.31108861478468,noise_dba,46
2026-01-13T12:17:36+01:00,874ff9c6-786d-45fc-a90e-48c7ffe03417,41.02763616544628,21.31108861478468,pm10,24
2026-01-13T12:17:36+01:00,874ff9c6-786d-45fc-a90e-48c7ffe03417,41.02763616544628,21.31108861478468,pm25,11
2026-01-13T12:17:36+01:00,874ff9c6-786d-45fc-a90e-48c7ffe03417,41.02763616544628,21.31108861478468,pressure,946
2026-01-13T12:17:36+01:00,874ff9c6-786d-45fc-a90e-48c7ffe03417,41.02763616544628,21.31108861478468,temperature,3
2026-01-13T12:33:07+01:00,874ff9c6-786d-45fc-a90e-48c7ffe03417,41.02763616544628,21.31108861478468,humidity,62
2026-01-13T12:33:07+01:00,874ff9c6-786d-45fc-a90e-48c7ffe03417,41.02763616544628,21.31108861478468,noise,44
2026-01-13T12:33:07+01:00,874ff9c6-786d-45fc-a90e-48c7ffe03417,41.02763616544628,21.31108861478468,noise_dba,46
2026-01-13T12:33:07+01:00,874ff9c6-786d-45fc-a90e-48c7ffe03417,41.02763616544628,21.31108861478468,pm10,35
2026-01-13T12:33:07+01:00,874ff9c6-786d-45fc-a90e-48c7ffe03417,41.02763616544628,21.31108861478468,pm25,14
2026-01-13T12:33:07+01:00,874ff9c6-786d-45fc-a90e-48c7ffe03417,41.02763616544628,21.31108861478468,pressure,946
2026-01-13T12:33:07+01:00,874ff9c6-786d-45fc-a90e-48c7ffe03417,41.02763616544628,21.31108861478468,temperature,4
2026-01-13T12:48:38+01:00,874ff9c6-786d-45fc-a90e-48c7ffe03417,41.02763616544628,21.31108861478468,humidity,61
2026-01-13T12:48:38+01:00,874ff9c6-786d-45fc-a90e-48c7ffe03417,41.02763616544628,21.31108861478468,noise,48
2026-01-13T12:48:38+01:00,874ff9c6-786d-45fc-a90e-48c7ffe03417,41.02763616544628,21.31108861478468,noise_dba,48
2026-01-13T12:48:38+01:00,874ff9c6-786d-45fc-a90e-48c7ffe03417,41.02763616544628,21.31108861478468,pm10,20
2026-01-13T12:48:38+01:00,874ff9c6-786d-45fc-a90e-48c7ffe03417,41.02763616544628,21.31108861478468,pm25,9
2026-01-13T12:48:38+01:00,874ff9c6-786d-45fc-a90e-48c7ffe03417,41.02763616544628,21.31108861478468,pressure,946
2026-01-13T12:48:38+01:00,874ff9c6-786d-45fc-a90e-48c7ffe03417,41.02763616544628,21.31108861478468,temperature,4
2026-01-13T13:04:09+01:00,874ff9c6-786d-45fc-a90e-48c7ffe03417,41.02763616544628,21.31108861478468,humidity,62
2026-01-13T13:04:09+01:00,874ff9c6-786d-45fc-a90e-48c7ffe03417,41.02763616544628,21.31108861478468,noise,38
2026-01-13T13:04:09+01:00,874ff9c6-786d-45fc-a90e-48c7ffe03417,41.02763616544628,21.31108861478468,noise_dba,44
2026-01-13T13:04:09+01:00,874ff9c6-786d-45fc-a90e-48c7ffe03417,41.02763616544628,21.31108861478468,pm10,21
2026-01-13T13:04:09+01:00,874ff9c6-786d-45fc-a90e-48c7ffe03417,41.02763616544628,21.31108861478468,pm25,10
2026-01-13T13:04:09+01:00,874ff9c6-786d-45fc-a90e-48c7ffe03417,41.02763616544628,21.31108861478468,pressure,946
2026-01-13T13:04:09+01:00,874ff9c6-786d-45fc-a90e-48c7ffe03417,41.02763616544628,21.31108861478468,temperature,4
2026-01-13T13:19:40+01:00,874ff9c6-786d-45fc-a90e-48c7ffe03417,41.02763616544628,21.31108861478468,humidity,61
2026-01-13T13:19:40+01:00,874ff9c6-786d-45fc-a90e-48c7ffe03417,41.02763616544628,21.31108861478468,noise,48
2026-01-13T13:19:40+01:00,874ff9c6-786d-45fc-a90e-48c7ffe03417,41.02763616544628,21.31108861478468,noise_dba,48
2026-01-13T13:19:40+01:00,874ff9c6-786d-45fc-a90e-48c7ffe03417,41.02763616544628,21.31108861478468,pm10,33
2026-01-13T13:19:40+01:00,874ff9c6-786d-45fc-a90e-48c7ffe03417,41.02763616544628,21.31108861478468,pm25,13
2026-01-13T13:19:40+01:00,874ff9c6-786d-45fc-a90e-48c7ffe03417,41.02763616544628,21.31108861478468,pressure,946
2026-01-13T13:19:40+01:00,874ff9c6-786d-45fc-a90e-48c7ffe03417,41.02763616544628,21.31108861478468,temperature,5
2026-01-13T13:35:11+01:00,874ff9c6-786d-45fc-a90e-48c7ffe03417,41.02763616544628,21.31108861478468,humidity,59
2026-01-13T13:35:11+01:00,874ff9c6-786d-45fc-a90e-48c7ffe03417,41.02763616544628,21.31108861478468,noise,41
2026-01-13T13:35:11+01:00,874ff9c6-786d-45fc-a90e-48c7ffe03417,41.02763616544628,21.31108861478468,noise_dba,45
2026-01-13T13:35:11+01:00,874ff9c6-786d-45fc-a90e-48c7ffe03417,41.02763616544628,21.31108861478468,pm10,39
2026-01-13T13:35:11+01:00,874ff9c6-786d-45fc-a90e-48c7ffe03417,41.02763616544628,21.31108861478468,pm25,15
2026-01-13T13:35:11+01:00,874ff9c6-786d-45fc-a90e-48c7ffe03417,41.02763616544628,21.31108861478468,pressure,945
2026-01-13T13:35:11+01:00,874ff9c6-786d-45fc-a90e-48c7ffe03417,41.02763616544628,21.31108861478468,temperature,5
2026-01-13T13:50:42+01:00,874ff9c6-786d-45fc-a90e-48c7ffe03417,41.02763616544628,21.31108861478468,humidity,60
2026-01-13T13:50:42+01:00,874ff9c6-786d-45fc-a90e-48c7ffe03417,41.02763616544628,21.31108861478468,noise,49
2026-01-13T13:50:42+01:00,874ff9c6-786d-45fc-a90e-48c7ffe03417,41.02763616544628,21.31108861478468,noise_dba,48
2026-01-13T13:50:42+01:00,874ff9c6-786d-45fc-a90e-48c7ffe03417,41.02763616544628,21.31108861478468,pm10,32
2026-01-13T13:50:42+01:00,874ff9c6-786d-45fc-a90e-48c7ffe03417,41.02763616544628,21.31108861478468,pm25,15
2026-01-13T13:50:42+01:00,874ff9c6-786d-45fc-a90e-48c7ffe03417,41.02763616544628,21.31108861478468,pressure,946
2026-01-13T13:50:42+01:00,874ff9c6-786d-45fc-a90e-48c7ffe03417,41.02763616544628,21.31108861478468,temperature,6
2026-01-13T14:06:13+01:00,874ff9c6-786d-45fc-a90e-48c7ffe03417,41.02763616544628,21.31108861478468,humidity,60
2026-01-13T14:06:13+01:00,874ff9c6-786d-45fc-a90e-48c7ffe03417,41.02763616544628,21.31108861478468,noise,47
2026-01-13T14:06:13+01:00,874ff9c6-786d-45fc-a90e-48c7ffe03417,41.02763616544628,21.31108861478468,noise_dba,47
2026-01-13T14:06:13+01:00,874ff9c6-786d-45fc-a90e-48c7ffe03417,41.02763616544628,21.31108861478468,pm10,25
2026-01-13T14:06:13+01:00,874ff9c6-786d-45fc-a90e-48c7ffe03417,41.02763616544628,21.31108861478468,pm25,10
2026-01-13T14:06:13+01:00,874ff9c6-786d-45fc-a90e-48c7ffe03417,41.02763616544628,21.31108861478468,pressure,946
2026-01-13T14:06:13+01:00,874ff9c6-786d-45fc-a90e-48c7ffe03417,41.02763616544628,21.31108861478468,temperature,6
2026-01-13T14:21:45+01:00,874ff9c6-786d-45fc-a90e-48c7ffe03417,41.02763616544628,21.31108861478468,humidity,61
2026-01-13T14:21:45+01:00,874ff9c6-786d-45fc-a90e-48c7ffe03417,41.02763616544628,21.31108861478468,noise,46
2026-01-13T14:21:45+01:00,874ff9c6-786d-45fc-a90e-48c7ffe03417,41.02763616544628,21.31108861478468,noise_dba,47
2026-01-13T14:21:45+01:00,874ff9c6-786d-45fc-a90e-48c7ffe03417,41.02763616544628,21.31108861478468,pm10,24
2026-01-13T14:21:45+01:00,874ff9c6-786d-45fc-a90e-48c7ffe03417,41.02763616544628,21.31108861478468,pm25,9
2026-01-13T14:21:45+01:00,874ff9c6-786d-45fc-a90e-48c7ffe03417,41.02763616544628,21.31108861478468,pressure,945
2026-01-13T14:21:45+01:00,874ff9c6-786d-45fc-a90e-48c7ffe03417,41.02763616544628,21.31108861478468,temperature,5
2026-01-13T14:37:15+01:00,874ff9c6-786d-45fc-a90e-48c7ffe03417,41.02763616544628,21.31108861478468,humidity,62
2026-01-13T14:37:15+01:00,874ff9c6-786d-45fc-a90e-48c7ffe03417,41.02763616544628,21.31108861478468,noise,41
2026-01-13T14:37:15+01:00,874ff9c6-786d-45fc-a90e-48c7ffe03417,41.02763616544628,21.31108861478468,noise_dba,45
2026-01-13T14:37:15+01:00,874ff9c6-786d-45fc-a90e-48c7ffe03417,41.02763616544628,21.31108861478468,pm10,15
2026-01-13T14:37:15+01:00,874ff9c6-786d-45fc-a90e-48c7ffe03417,41.02763616544628,21.31108861478468,pm25,7
2026-01-13T14:37:15+01:00,874ff9c6-786d-45fc-a90e-48c7ffe03417,41.02763616544628,21.31108861478468,pressure,946
2026-01-13T14:37:15+01:00,874ff9c6-786d-45fc-a90e-48c7ffe03417,41.02763616544628,21.31108861478468,temperature,5
2026-01-13T14:52:46+01:00,874ff9c6-786d-45fc-a90e-48c7ffe03417,41.02763616544628,21.31108861478468,humidity,63
2026-01-13T14:52:46+01:00,874ff9c6-786d-45fc-a90e-48c7ffe03417,41.02763616544628,21.31108861478468,noise,40
2026-01-13T14:52:46+01:00,874ff9c6-786d-45fc-a90e-48c7ffe03417,41.02763616544628,21.31108861478468,noise_dba,45
2026-01-13T14:52:46+01:00,874ff9c6-786d-45fc-a90e-48c7ffe03417,41.02763616544628,21.31108861478468,pm10,22
2026-01-13T14:52:46+01:00,874ff9c6-786d-45fc-a90e-48c7ffe03417,41.02763616544628,21.31108861478468,pm25,8
2026-01-13T14:52:46+01:00,874ff9c6-786d-45fc-a90e-48c7ffe03417,41.02763616544628,21.31108861478468,pressure,946
2026-01-13T14:52:46+01:00,874ff9c6-786d-45fc-a90e-48c7ffe03417,41.02763616544628,21.31108861478468,temperature,5
2026-01-13T15:08:18+01:00,874ff9c6-786d-45fc-a90e-48c7ffe03417,41.02763616544628,21.31108861478468,humidity,64
2026-01-13T15:08:18+01:00,874ff9c6-786d-45fc-a90e-48c7ffe03417,41.02763616544628,21.31108861478468,noise,38
2026-01-13T15:08:18+01:00,874ff9c6-786d-45fc-a90e-48c7ffe03417,41.02763616544628,21.31108861478468,noise_dba,44
2026-01-13T15:08:18+01:00,874ff9c6-786d-45fc-a90e-48c7ffe03417,41.02763616544628,21.31108861478468,pm10,16
2026-01-13T15:08:18+01:00,874ff9c6-786d-45fc-a90e-48c7ffe03417,41.02763616544628,21.31108861478468,pm25,7
2026-01-13T15:08:18+01:00,874ff9c6-786d-45fc-a90e-48c7ffe03417,41.02763616544628,21.31108861478468,pressure,946
2026-01-13T15:08:18+01:00,874ff9c6-786d-45fc-a90e-48c7ffe03417,41.02763616544628,21.31108861478468,temperature,5
2026-01-13T15:23:49+01:00,874ff9c6-786d-45fc-a90e-48c7ffe03417,41.02763616544628,21.31108861478468,humidity,66
2026-01-13T15:23:49+01:00,874ff9c6-786d-45fc-a90e-48c7ffe03417,41.02763616544628,21.31108861478468,noise,43
2026-01-13T15:23:49+01:00,874ff9c6-786d-45fc-a90e-48c7ffe03417,41.02763616544628,21.31108861478468,noise_dba,46
2026-01-13T15:23:49+01:00,874ff9c6-786d-45fc-a90e-48c7ffe03417,41.02763616544628,21.31108861478468,pm10,18
2026-01-13T15:23:49+01:00,874ff9c6-786d-45fc-a90e-48c7ffe03417,41.02763616544628,21.31108861478468,pm25,8
2026-01-13T15:23:49+01:00,874ff9c6-786d-45fc-a90e-48c7ffe03417,41.02763616544628,21.31108861478468,pressure,945
2026-01-13T15:23:49+01:00,874ff9c6-786d-45fc-a90e-48c7ffe03417,41.02763616544628,21.31108861478468,temperature,5
2026-01-13T15:39:20+01:00,874ff9c6-786d-45fc-a90e-48c7ffe03417,41.02763616544628,21.31108861478468,humidity,68
2026-01-13T15:39:20+01:00,874ff9c6-786d-45fc-a90e-48c7ffe03417,41.02763616544628,21.31108861478468,noise,43
2026-01-13T15:39:20+01:00,874ff9c6-786d-45fc-a90e-48c7ffe03417,41.02763616544628,21.31108861478468,noise_dba,46
2026-01-13T15:39:20+01:00,874ff9c6-786d-45fc-a90e-48c7ffe03417,41.02763616544628,21.31108861478468,pm10,16
2026-01-13T15:39:20+01:00,874ff9c6-786d-45fc-a90e-48c7ffe03417,41.02763616544628,21.31108861478468,pm25,7
2026-01-13T15:39:20+01:00,874ff9c6-786d-45fc-a90e-48c7ffe03417,41.02763616544628,21.31108861478468,pressure,945
2026-01-13T15:39:20+01:00,874ff9c6-786d-45fc-a90e-48c7ffe03417,41.02763616544628,21.31108861478468,temperature,5
2026-01-13T15:54:51+01:00,874ff9c6-786d-45fc-a90e-48c7ffe03417,41.02763616544628,21.31108861478468,humidity,69
2026-01-13T15:54:51+01:00,874ff9c6-786d-45fc-a90e-48c7ffe03417,41.02763616544628,21.31108861478468,noise,43
2026-01-13T15:54:51+01:00,874ff9c6-786d-45fc-a90e-48c7ffe03417,41.02763616544628,21.31108861478468,noise_dba,46
2026-01-13T15:54:51+01:00,874ff9c6-786d-45fc-a90e-48c7ffe03417,41.02763616544628,21.31108861478468,pm10,33
2026-01-13T15:54:51+01:00,874ff9c6-786d-45fc-a90e-48c7ffe03417,41.02763616544628,21.31108861478468,pm25,13
2026-01-13T15:54:51+01:00,874ff9c6-786d-45fc-a90e-48c7ffe03417,41.02763616544628,21.31108861478468,pressure,946
2026-01-13T15:54:51+01:00,874ff9c6-786d-45fc-a90e-48c7ffe03417,41.02763616544628,21.31108861478468,temperature,5
2026-01-13T16:10:22+01:00,874ff9c6-786d-45fc-a90e-48c7ffe03417,41.02763616544628,21.31108861478468,humidity,70
2026-01-13T16:10:22+01:00,874ff9c6-786d-45fc-a90e-48c7ffe03417,41.02763616544628,21.31108861478468,noise,43
2026-01-13T16:10:22+01:00,874ff9c6-786d-45fc-a90e-48c7ffe03417,41.02763616544628,21.31108861478468,noise_dba,46
2026-01-13T16:10:22+01:00,874ff9c6-786d-45fc-a90e-48c7ffe03417,41.02763616544628,21.31108861478468,pm10,29
2026-01-13T16:10:22+01:00,874ff9c6-786d-45fc-a90e-48c7ffe03417,41.02763616544628,21.31108861478468,pm25,11
2026-01-13T16:10:22+01:00,874ff9c6-786d-45fc-a90e-48c7ffe03417,41.02763616544628,21.31108861478468,pressure,946
2026-01-13T16:10:22+01:00,874ff9c6-786d-45fc-a90e-48c7ffe03417,41.02763616544628,21.31108861478468,temperature,5
2026-01-13T16:25:53+01:00,874ff9c6-786d-45fc-a90e-48c7ffe03417,41.02763616544628,21.31108861478468,humidity,72
2026-01-13T16:25:53+01:00,874ff9c6-786d-45fc-a90e-48c7ffe03417,41.02763616544628,21.31108861478468,noise,47
2026-01-13T16:25:53+01:00,874ff9c6-786d-45fc-a90e-48c7ffe03417,41.02763616544628,21.31108861478468,noise_dba,47
2026-01-13T16:25:53+01:00,874ff9c6-786d-45fc-a90e-48c7ffe03417,41.02763616544628,21.31108861478468,pm10,41
2026-01-13T16:25:53+01:00,874ff9c6-786d-45fc-a90e-48c7ffe03417,41.02763616544628,21.31108861478468,pm25,20
2026-01-13T16:25:53+01:00,874ff9c6-786d-45fc-a90e-48c7ffe03417,41.02763616544628,21.31108861478468,pressure,946
2026-01-13T16:25:53+01:00,874ff9c6-786d-45fc-a90e-48c7ffe03417,41.02763616544628,21.31108861478468,temperature,4
2026-01-13T16:41:24+01:00,874ff9c6-786d-45fc-a90e-48c7ffe03417,41.02763616544628,21.31108861478468,humidity,76
2026-01-13T16:41:24+01:00,874ff9c6-786d-45fc-a90e-48c7ffe03417,41.02763616544628,21.31108861478468,noise,43
2026-01-13T16:41:24+01:00,874ff9c6-786d-45fc-a90e-48c7ffe03417,41.02763616544628,21.31108861478468,noise_dba,46
2026-01-13T16:41:24+01:00,874ff9c6-786d-45fc-a90e-48c7ffe03417,41.02763616544628,21.31108861478468,pm10,49
2026-01-13T16:41:24+01:00,874ff9c6-786d-45fc-a90e-48c7ffe03417,41.02763616544628,21.31108861478468,pm25,22
2026-01-13T16:41:24+01:00,874ff9c6-786d-45fc-a90e-48c7ffe03417,41.02763616544628,21.31108861478468,pressure,946
2026-01-13T16:41:24+01:00,874ff9c6-786d-45fc-a90e-48c7ffe03417,41.02763616544628,21.31108861478468,temperature,4
2026-01-13T16:56:56+01:00,874ff9c6-786d-45fc-a90e-48c7ffe03417,41.02763616544628,21.31108861478468,humidity,79
2026-01-13T16:56:56+01:00,874ff9c6-786d-45fc-a90e-48c7ffe03417,41.02763616544628,21.31108861478468,noise,55
2026-01-13T16:56:56+01:00,874ff9c6-786d-45fc-a90e-48c7ffe03417,41.02763616544628,21.31108861478468,noise_dba,50
2026-01-13T16:56:56+01:00,874ff9c6-786d-45fc-a90e-48c7ffe03417,41.02763616544628,21.31108861478468,pm10,88
2026-01-13T16:56:56+01:00,874ff9c6-786d-45fc-a90e-48c7ffe03417,41.02763616544628,21.31108861478468,pm25,44
2026-01-13T16:56:56+01:00,874ff9c6-786d-45fc-a90e-48c7ffe03417,41.02763616544628,21.31108861478468,pressure,946
2026-01-13T16:56:56+01:00,874ff9c6-786d-45fc-a90e-48c7ffe03417,41.02763616544628,21.31108861478468,temperature,3
2026-01-13T17:12:27+01:00,874ff9c6-786d-45fc-a90e-48c7ffe03417,41.02763616544628,21.31108861478468,humidity,79
2026-01-13T17:12:27+01:00,874ff9c6-786d-45fc-a90e-48c7ffe03417,41.02763616544628,21.31108861478468,noise,54
2026-01-13T17:12:27+01:00,874ff9c6-786d-45fc-a90e-48c7ffe03417,41.02763616544628,21.31108861478468,noise_dba,50
2026-01-13T17:12:27+01:00,874ff9c6-786d-45fc-a90e-48c7ffe03417,41.02763616544628,21.31108861478468,pm10,63
2026-01-13T17:12:27+01:00,874ff9c6-786d-45fc-a90e-48c7ffe03417,41.02763616544628,21.31108861478468,pm25,27
2026-01-13T17:12:27+01:00,874ff9c6-786d-45fc-a90e-48c7ffe03417,41.02763616544628,21.31108861478468,pressure,946
2026-01-13T17:12:27+01:00,874ff9c6-786d-45fc-a90e-48c7ffe03417,41.02763616544628,21.31108861478468,temperature,3
2026-01-13T17:28:00+01:00,874ff9c6-786d-45fc-a90e-48c7ffe03417,41.02763616544628,21.31108861478468,humidity,79
2026-01-13T17:28:00+01:00,874ff9c6-786d-45fc-a90e-48c7ffe03417,41.02763616544628,21.31108861478468,noise,45
2026-01-13T17:28:00+01:00,874ff9c6-786d-45fc-a90e-48c7ffe03417,41.02763616544628,21.31108861478468,noise_dba,47
2026-01-13T17:28:00+01:00,874ff9c6-786d-45fc-a90e-48c7ffe03417,41.02763616544628,21.31108861478468,pm10,38
2026-01-13T17:28:00+01:00,874ff9c6-786d-45fc-a90e-48c7ffe03417,41.02763616544628,21.31108861478468,pm25,18
2026-01-13T17:28:00+01:00,874ff9c6-786d-45fc-a90e-48c7ffe03417,41.02763616544628,21.31108861478468,pressure,946
2026-01-13T17:28:00+01:00,874ff9c6-786d-45fc-a90e-48c7ffe03417,41.02763616544628,21.31108861478468,temperature,3
2026-01-13T17:43:32+01:00,874ff9c6-786d-45fc-a90e-48c7ffe03417,41.02763616544628,21.31108861478468,humidity,79
2026-01-13T17:43:32+01:00,874ff9c6-786d-45fc-a90e-48c7ffe03417,41.02763616544628,21.31108861478468,noise,43
2026-01-13T17:43:32+01:00,874ff9c6-786d-45fc-a90e-48c7ffe03417,41.02763616544628,21.31108861478468,noise_dba,46
2026-01-13T17:43:32+01:00,874ff9c6-786d-45fc-a90e-48c7ffe03417,41.02763616544628,21.31108861478468,pm10,24
2026-01-13T17:43:32+01:00,874ff9c6-786d-45fc-a90e-48c7ffe03417,41.02763616544628,21.31108861478468,pm25,11
2026-01-13T17:43:32+01:00,874ff9c6-786d-45fc-a90e-48c7ffe03417,41.02763616544628,21.31108861478468,pressure,946
2026-01-13T17:43:32+01:00,874ff9c6-786d-45fc-a90e-48c7ffe03417,41.02763616544628,21.31108861478468,temperature,3
2026-01-13T17:59:03+01:00,874ff9c6-786d-45fc-a90e-48c7ffe03417,41.02763616544628,21.31108861478468,humidity,79
2026-01-13T17:59:03+01:00,874ff9c6-786d-45fc-a90e-48c7ffe03417,41.02763616544628,21.31108861478468,noise,40
2026-01-13T17:59:03+01:00,874ff9c6-786d-45fc-a90e-48c7ffe03417,41.02763616544628,21.31108861478468,noise_dba,45
2026-01-13T17:59:03+01:00,874ff9c6-786d-45fc-a90e-48c7ffe03417,41.02763616544628,21.31108861478468,pm10,22
2026-01-13T17:59:03+01:00,874ff9c6-786d-45fc-a90e-48c7ffe03417,41.02763616544628,21.31108861478468,pm25,11
2026-01-13T17:59:03+01:00,874ff9c6-786d-45fc-a90e-48c7ffe03417,41.02763616544628,21.31108861478468,pressure,946
2026-01-13T17:59:03+01:00,874ff9c6-786d-45fc-a90e-48c7ffe03417,41.02763616544628,21.31108861478468,temperature,3
2026-01-13T18:14:34+01:00,874ff9c6-786d-45fc-a90e-48c7ffe03417,41.02763616544628,21.31108861478468,humidity,78
2026-01-13T18:14:34+01:00,874ff9c6-786d-45fc-a90e-48c7ffe03417,41.02763616544628,21.31108861478468,noise,41
2026-01-13T18:14:34+01:00,874ff9c6-786d-45fc-a90e-48c7ffe03417,41.02763616544628,21.31108861478468,noise_dba,45
2026-01-13T18:14:34+01:00,874ff9c6-786d-45fc-a90e-48c7ffe03417,41.02763616544628,21.31108861478468,pm10,21
2026-01-13T18:14:34+01:00,874ff9c6-786d-45fc-a90e-48c7ffe03417,41.02763616544628,21.31108861478468,pm25,10
2026-01-13T18:14:34+01:00,874ff9c6-786d-45fc-a90e-48c7ffe03417,41.02763616544628,21.31108861478468,pressure,946
2026-01-13T18:14:34+01:00,874ff9c6-786d-45fc-a90e-48c7ffe03417,41.02763616544628,21.31108861478468,temperature,3
2026-01-13T18:30:05+01:00,874ff9c6-786d-45fc-a90e-48c7ffe03417,41.02763616544628,21.31108861478468,humidity,78
2026-01-13T18:30:05+01:00,874ff9c6-786d-45fc-a90e-48c7ffe03417,41.02763616544628,21.31108861478468,noise,40
2026-01-13T18:30:05+01:00,874ff9c6-786d-45fc-a90e-48c7ffe03417,41.02763616544628,21.31108861478468,noise_dba,45
2026-01-13T18:30:05+01:00,874ff9c6-786d-45fc-a90e-48c7ffe03417,41.02763616544628,21.31108861478468,pm10,28
2026-01-13T18:30:05+01:00,874ff9c6-786d-45fc-a90e-48c7ffe03417,41.02763616544628,21.31108861478468,pm25,12
2026-01-13T18:30:05+01:00,874ff9c6-786d-45fc-a90e-48c7ffe03417,41.02763616544628,21.31108861478468,pressure,946
2026-01-13T18:30:05+01:00,874ff9c6-786d-45fc-a90e-48c7ffe03417,41.02763616544628,21.31108861478468,temperature,3
2026-01-13T18:45:36+01:00,874ff9c6-786d-45fc-a90e-48c7ffe03417,41.02763616544628,21.31108861478468,humidity,78
2026-01-13T18:45:36+01:00,874ff9c6-786d-45fc-a90e-48c7ffe03417,41.02763616544628,21.31108861478468,noise,43
2026-01-13T18:45:36+01:00,874ff9c6-786d-45fc-a90e-48c7ffe03417,41.02763616544628,21.31108861478468,noise_dba,46
2026-01-13T18:45:36+01:00,874ff9c6-786d-45fc-a90e-48c7ffe03417,41.02763616544628,21.31108861478468,pm10,32
2026-01-13T18:45:36+01:00,874ff9c6-786d-45fc-a90e-48c7ffe03417,41.02763616544628,21.31108861478468,pm25,13
2026-01-13T18:45:36+01:00,874ff9c6-786d-45fc-a90e-48c7ffe03417,41.02763616544628,21.31108861478468,pressure,946
2026-01-13T18:45:36+01:00,874ff9c6-786d-45fc-a90e-48c7ffe03417,41.02763616544628,21.31108861478468,temperature,3
2026-01-13T19:01:07+01:00,874ff9c6-786d-45fc-a90e-48c7ffe03417,41.02763616544628,21.31108861478468,humidity,78
2026-01-13T19:01:07+01:00,874ff9c6-786d-45fc-a90e-48c7ffe03417,41.02763616544628,21.31108861478468,noise,46
2026-01-13T19:01:07+01:00,874ff9c6-786d-45fc-a90e-48c7ffe03417,41.02763616544628,21.31108861478468,noise_dba,47
2026-01-13T19:01:07+01:00,874ff9c6-786d-45fc-a90e-48c7ffe03417,41.02763616544628,21.31108861478468,pm10,33
2026-01-13T19:01:07+01:00,874ff9c6-786d-45fc-a90e-48c7ffe03417,41.02763616544628,21.31108861478468,pm25,14
2026-01-13T19:01:07+01:00,874ff9c6-786d-45fc-a90e-48c7ffe03417,41.02763616544628,21.31108861478468,pressure,946
2026-01-13T19:01:07+01:00,874ff9c6-786d-45fc-a90e-48c7ffe03417,41.02763616544628,21.31108861478468,temperature,3
2026-01-13T19:16:39+01:00,874ff9c6-786d-45fc-a90e-48c7ffe03417,41.02763616544628,21.31108861478468,humidity,77
2026-01-13T19:16:39+01:00,874ff9c6-786d-45fc-a90e-48c7ffe03417,41.02763616544628,21.31108861478468,noise,43
2026-01-13T19:16:39+01:00,874ff9c6-786d-45fc-a90e-48c7ffe03417,41.02763616544628,21.31108861478468,noise_dba,46
2026-01-13T19:16:39+01:00,874ff9c6-786d-45fc-a90e-48c7ffe03417,41.02763616544628,21.31108861478468,pm10,54
2026-01-13T19:16:39+01:00,874ff9c6-786d-45fc-a90e-48c7ffe03417,41.02763616544628,21.31108861478468,pm25,25
2026-01-13T19:16:39+01:00,874ff9c6-786d-45fc-a90e-48c7ffe03417,41.02763616544628,21.31108861478468,pressure,946
2026-01-13T19:16:39+01:00,874ff9c6-786d-45fc-a90e-48c7ffe03417,41.02763616544628,21.31108861478468,temperature,3
2026-01-13T19:32:10+01:00,874ff9c6-786d-45fc-a90e-48c7ffe03417,41.02763616544628,21.31108861478468,humidity,77
2026-01-13T19:32:10+01:00,874ff9c6-786d-45fc-a90e-48c7ffe03417,41.02763616544628,21.31108861478468,noise,46
2026-01-13T19:32:10+01:00,874ff9c6-786d-45fc-a90e-48c7ffe03417,41.02763616544628,21.31108861478468,noise_dba,47
2026-01-13T19:32:10+01:00,874ff9c6-786d-45fc-a90e-48c7ffe03417,41.02763616544628,21.31108861478468,pm10,54
2026-01-13T19:32:10+01:00,874ff9c6-786d-45fc-a90e-48c7ffe03417,41.02763616544628,21.31108861478468,pm25,22
2026-01-13T19:32:10+01:00,874ff9c6-786d-45fc-a90e-48c7ffe03417,41.02763616544628,21.31108861478468,pressure,947
2026-01-13T19:32:10+01:00,874ff9c6-786d-45fc-a90e-48c7ffe03417,41.02763616544628,21.31108861478468,temperature,3
2026-01-13T19:47:41+01:00,874ff9c6-786d-45fc-a90e-48c7ffe03417,41.02763616544628,21.31108861478468,humidity,80
2026-01-13T19:47:41+01:00,874ff9c6-786d-45fc-a90e-48c7ffe03417,41.02763616544628,21.31108861478468,noise,37
2026-01-13T19:47:41+01:00,874ff9c6-786d-45fc-a90e-48c7ffe03417,41.02763616544628,21.31108861478468,noise_dba,43
2026-01-13T19:47:41+01:00,874ff9c6-786d-45fc-a90e-48c7ffe03417,41.02763616544628,21.31108861478468,pm10,51
2026-01-13T19:47:41+01:00,874ff9c6-786d-45fc-a90e-48c7ffe03417,41.02763616544628,21.31108861478468,pm25,25
2026-01-13T19:47:41+01:00,874ff9c6-786d-45fc-a90e-48c7ffe03417,41.02763616544628,21.31108861478468,pressure,947
2026-01-13T19:47:41+01:00,874ff9c6-786d-45fc-a90e-48c7ffe03417,41.02763616544628,21.31108861478468,temperature,2
2026-01-13T20:03:11+01:00,874ff9c6-786d-45fc-a90e-48c7ffe03417,41.02763616544628,21.31108861478468,humidity,79
2026-01-13T20:03:11+01:00,874ff9c6-786d-45fc-a90e-48c7ffe03417,41.02763616544628,21.31108861478468,noise,41
2026-01-13T20:03:11+01:00,874ff9c6-786d-45fc-a90e-48c7ffe03417,41.02763616544628,21.31108861478468,noise_dba,45
2026-01-13T20:03:11+01:00,874ff9c6-786d-45fc-a90e-48c7ffe03417,41.02763616544628,21.31108861478468,pm10,42
2026-01-13T20:03:11+01:00,874ff9c6-786d-45fc-a90e-48c7ffe03417,41.02763616544628,21.31108861478468,pm25,19
2026-01-13T20:03:11+01:00,874ff9c6-786d-45fc-a90e-48c7ffe03417,41.02763616544628,21.31108861478468,pressure,947
2026-01-13T20:03:11+01:00,874ff9c6-786d-45fc-a90e-48c7ffe03417,41.02763616544628,21.31108861478468,temperature,3
2026-01-13T20:18:42+01:00,874ff9c6-786d-45fc-a90e-48c7ffe03417,41.02763616544628,21.31108861478468,humidity,79
2026-01-13T20:18:42+01:00,874ff9c6-786d-45fc-a90e-48c7ffe03417,41.02763616544628,21.31108861478468,noise,36
2026-01-13T20:18:42+01:00,874ff9c6-786d-45fc-a90e-48c7ffe03417,41.02763616544628,21.31108861478468,noise_dba,43
2026-01-13T20:18:42+01:00,874ff9c6-786d-45fc-a90e-48c7ffe03417,41.02763616544628,21.31108861478468,pm10,52
2026-01-13T20:18:42+01:00,874ff9c6-786d-45fc-a90e-48c7ffe03417,41.02763616544628,21.31108861478468,pm25,24
2026-01-13T20:18:42+01:00,874ff9c6-786d-45fc-a90e-48c7ffe03417,41.02763616544628,21.31108861478468,pressure,947
2026-01-13T20:18:42+01:00,874ff9c6-786d-45fc-a90e-48c7ffe03417,41.02763616544628,21.31108861478468,temperature,3
2026-01-13T20:34:13+01:00,874ff9c6-786d-45fc-a90e-48c7ffe03417,41.02763616544628,21.31108861478468,humidity,79
2026-01-13T20:34:13+01:00,874ff9c6-786d-45fc-a90e-48c7ffe03417,41.02763616544628,21.31108861478468,noise,40
2026-01-13T20:34:13+01:00,874ff9c6-786d-45fc-a90e-48c7ffe03417,41.02763616544628,21.31108861478468,noise_dba,45
2026-01-13T20:34:13+01:00,874ff9c6-786d-45fc-a90e-48c7ffe03417,41.02763616544628,21.31108861478468,pm10,142
2026-01-13T20:34:13+01:00,874ff9c6-786d-45fc-a90e-48c7ffe03417,41.02763616544628,21.31108861478468,pm25,60
2026-01-13T20:34:13+01:00,874ff9c6-786d-45fc-a90e-48c7ffe03417,41.02763616544628,21.31108861478468,pressure,947
2026-01-13T20:34:13+01:00,874ff9c6-786d-45fc-a90e-48c7ffe03417,41.02763616544628,21.31108861478468,temperature,3
2026-01-13T20:49:44+01:00,874ff9c6-786d-45fc-a90e-48c7ffe03417,41.02763616544628,21.31108861478468,humidity,79
2026-01-13T20:49:44+01:00,874ff9c6-786d-45fc-a90e-48c7ffe03417,41.02763616544628,21.31108861478468,noise,37
2026-01-13T20:49:44+01:00,874ff9c6-786d-45fc-a90e-48c7ffe03417,41.02763616544628,21.31108861478468,noise_dba,43
2026-01-13T20:49:44+01:00,874ff9c6-786d-45fc-a90e-48c7ffe03417,41.02763616544628,21.31108861478468,pm10,55
2026-01-13T20:49:44+01:00,874ff9c6-786d-45fc-a90e-48c7ffe03417,41.02763616544628,21.31108861478468,pm25,23
2026-01-13T20:49:44+01:00,874ff9c6-786d-45fc-a90e-48c7ffe03417,41.02763616544628,21.31108861478468,pressure,947
2026-01-13T20:49:44+01:00,874ff9c6-786d-45fc-a90e-48c7ffe03417,41.02763616544628,21.31108861478468,temperature,3
2026-01-13T21:05:18+01:00,874ff9c6-786d-45fc-a90e-48c7ffe03417,41.02763616544628,21.31108861478468,humidity,79
2026-01-13T21:05:18+01:00,874ff9c6-786d-45fc-a90e-48c7ffe03417,41.02763616544628,21.31108861478468,noise,44
2026-01-13T21:05:18+01:00,874ff9c6-786d-45fc-a90e-48c7ffe03417,41.02763616544628,21.31108861478468,noise_dba,46
2026-01-13T21:05:18+01:00,874ff9c6-786d-45fc-a90e-48c7ffe03417,41.02763616544628,21.31108861478468,pm10,48
2026-01-13T21:05:18+01:00,874ff9c6-786d-45fc-a90e-48c7ffe03417,41.02763616544628,21.31108861478468,pm25,24
2026-01-13T21:05:18+01:00,874ff9c6-786d-45fc-a90e-48c7ffe03417,41.02763616544628,21.31108861478468,pressure,947
2026-01-13T21:05:18+01:00,874ff9c6-786d-45fc-a90e-48c7ffe03417,41.02763616544628,21.31108861478468,temperature,3
2026-01-13T21:20:49+01:00,874ff9c6-786d-45fc-a90e-48c7ffe03417,41.02763616544628,21.31108861478468,humidity,79
2026-01-13T21:20:49+01:00,874ff9c6-786d-45fc-a90e-48c7ffe03417,41.02763616544628,21.31108861478468,noise,40
2026-01-13T21:20:49+01:00,874ff9c6-786d-45fc-a90e-48c7ffe03417,41.02763616544628,21.31108861478468,noise_dba,45
2026-01-13T21:20:49+01:00,874ff9c6-786d-45fc-a90e-48c7ffe03417,41.02763616544628,21.31108861478468,pm10,72
2026-01-13T21:20:49+01:00,874ff9c6-786d-45fc-a90e-48c7ffe03417,41.02763616544628,21.31108861478468,pm25,32
2026-01-13T21:20:49+01:00,874ff9c6-786d-45fc-a90e-48c7ffe03417,41.02763616544628,21.31108861478468,pressure,947
2026-01-13T21:20:49+01:00,874ff9c6-786d-45fc-a90e-48c7ffe03417,41.02763616544628,21.31108861478468,temperature,3
2026-01-13T21:36:21+01:00,874ff9c6-786d-45fc-a90e-48c7ffe03417,41.02763616544628,21.31108861478468,humidity,81
2026-01-13T21:36:21+01:00,874ff9c6-786d-45fc-a90e-48c7ffe03417,41.02763616544628,21.31108861478468,noise,51
2026-01-13T21:36:21+01:00,874ff9c6-786d-45fc-a90e-48c7ffe03417,41.02763616544628,21.31108861478468,noise_dba,49
2026-01-13T21:36:21+01:00,874ff9c6-786d-45fc-a90e-48c7ffe03417,41.02763616544628,21.31108861478468,pm10,42
2026-01-13T21:36:21+01:00,874ff9c6-786d-45fc-a90e-48c7ffe03417,41.02763616544628,21.31108861478468,pm25,21
2026-01-13T21:36:21+01:00,874ff9c6-786d-45fc-a90e-48c7ffe03417,41.02763616544628,21.31108861478468,pressure,947
2026-01-13T21:36:21+01:00,874ff9c6-786d-45fc-a90e-48c7ffe03417,41.02763616544628,21.31108861478468,temperature,2
2026-01-13T21:51:52+01:00,874ff9c6-786d-45fc-a90e-48c7ffe03417,41.02763616544628,21.31108861478468,humidity,84
2026-01-13T21:51:52+01:00,874ff9c6-786d-45fc-a90e-48c7ffe03417,41.02763616544628,21.31108861478468,noise,42
2026-01-13T21:51:52+01:00,874ff9c6-786d-45fc-a90e-48c7ffe03417,41.02763616544628,21.31108861478468,noise_dba,45
2026-01-13T21:51:52+01:00,874ff9c6-786d-45fc-a90e-48c7ffe03417,41.02763616544628,21.31108861478468,pm10,36
2026-01-13T21:51:52+01:00,874ff9c6-786d-45fc-a90e-48c7ffe03417,41.02763616544628,21.31108861478468,pm25,16
2026-01-13T21:51:52+01:00,874ff9c6-786d-45fc-a90e-48c7ffe03417,41.02763616544628,21.31108861478468,pressure,947
2026-01-13T21:51:52+01:00,874ff9c6-786d-45fc-a90e-48c7ffe03417,41.02763616544628,21.31108861478468,temperature,2
2026-01-13T22:07:23+01:00,874ff9c6-786d-45fc-a90e-48c7ffe03417,41.02763616544628,21.31108861478468,humidity,85
2026-01-13T22:07:23+01:00,874ff9c6-786d-45fc-a90e-48c7ffe03417,41.02763616544628,21.31108861478468,noise,38
2026-01-13T22:07:23+01:00,874ff9c6-786d-45fc-a90e-48c7ffe03417,41.02763616544628,21.31108861478468,noise_dba,44
2026-01-13T22:07:23+01:00,874ff9c6-786d-45fc-a90e-48c7ffe03417,41.02763616544628,21.31108861478468,pm10,25
2026-01-13T22:07:23+01:00,874ff9c6-786d-45fc-a90e-48c7ffe03417,41.02763616544628,21.31108861478468,pm25,12
2026-01-13T22:07:23+01:00,874ff9c6-786d-45fc-a90e-48c7ffe03417,41.02763616544628,21.31108861478468,pressure,947
2026-01-13T22:07:23+01:00,874ff9c6-786d-45fc-a90e-48c7ffe03417,41.02763616544628,21.31108861478468,temperature,2
2026-01-13T22:22:54+01:00,874ff9c6-786d-45fc-a90e-48c7ffe03417,41.02763616544628,21.31108861478468,humidity,85
2026-01-13T22:22:54+01:00,874ff9c6-786d-45fc-a90e-48c7ffe03417,41.02763616544628,21.31108861478468,noise,35
2026-01-13T22:22:54+01:00,874ff9c6-786d-45fc-a90e-48c7ffe03417,41.02763616544628,21.31108861478468,noise_dba,43
2026-01-13T22:22:54+01:00,874ff9c6-786d-45fc-a90e-48c7ffe03417,41.02763616544628,21.31108861478468,pm10,19
2026-01-13T22:22:54+01:00,874ff9c6-786d-45fc-a90e-48c7ffe03417,41.02763616544628,21.31108861478468,pm25,8
2026-01-13T22:22:54+01:00,874ff9c6-786d-45fc-a90e-48c7ffe03417,41.02763616544628,21.31108861478468,pressure,948
2026-01-13T22:22:54+01:00,874ff9c6-786d-45fc-a90e-48c7ffe03417,41.02763616544628,21.31108861478468,temperature,2
2026-01-13T22:38:25+01:00,874ff9c6-786d-45fc-a90e-48c7ffe03417,41.02763616544628,21.31108861478468,humidity,86
2026-01-13T22:38:25+01:00,874ff9c6-786d-45fc-a90e-48c7ffe03417,41.02763616544628,21.31108861478468,noise,36
2026-01-13T22:38:25+01:00,874ff9c6-786d-45fc-a90e-48c7ffe03417,41.02763616544628,21.31108861478468,noise_dba,43
2026-01-13T22:38:25+01:00,874ff9c6-786d-45fc-a90e-48c7ffe03417,41.02763616544628,21.31108861478468,pm10,36
2026-01-13T22:38:25+01:00,874ff9c6-786d-45fc-a90e-48c7ffe03417,41.02763616544628,21.31108861478468,pm25,16
2026-01-13T22:38:25+01:00,874ff9c6-786d-45fc-a90e-48c7ffe03417,41.02763616544628,21.31108861478468,pressure,948
2026-01-13T22:38:25+01:00,874ff9c6-786d-45fc-a90e-48c7ffe03417,41.02763616544628,21.31108861478468,temperature,2
2026-01-13T22:53:55+01:00,874ff9c6-786d-45fc-a90e-48c7ffe03417,41.02763616544628,21.31108861478468,humidity,86
2026-01-13T22:53:55+01:00,874ff9c6-786d-45fc-a90e-48c7ffe03417,41.02763616544628,21.31108861478468,noise,34
2026-01-13T22:53:55+01:00,874ff9c6-786d-45fc-a90e-48c7ffe03417,41.02763616544628,21.31108861478468,noise_dba,42
2026-01-13T22:53:55+01:00,874ff9c6-786d-45fc-a90e-48c7ffe03417,41.02763616544628,21.31108861478468,pm10,20
2026-01-13T22:53:55+01:00,874ff9c6-786d-45fc-a90e-48c7ffe03417,41.02763616544628,21.31108861478468,pm25,9
2026-01-13T22:53:55+01:00,874ff9c6-786d-45fc-a90e-48c7ffe03417,41.02763616544628,21.31108861478468,pressure,948
2026-01-13T22:53:55+01:00,874ff9c6-786d-45fc-a90e-48c7ffe03417,41.02763616544628,21.31108861478468,temperature,2
2026-01-13T23:09:26+01:00,874ff9c6-786d-45fc-a90e-48c7ffe03417,41.02763616544628,21.31108861478468,humidity,87
2026-01-13T23:09:26+01:00,874ff9c6-786d-45fc-a90e-48c7ffe03417,41.02763616544628,21.31108861478468,noise,38
2026-01-13T23:09:26+01:00,874ff9c6-786d-45fc-a90e-48c7ffe03417,41.02763616544628,21.31108861478468,noise_dba,44
2026-01-13T23:09:26+01:00,874ff9c6-786d-45fc-a90e-48c7ffe03417,41.02763616544628,21.31108861478468,pm10,79
2026-01-13T23:09:26+01:00,874ff9c6-786d-45fc-a90e-48c7ffe03417,41.02763616544628,21.31108861478468,pm25,32
2026-01-13T23:09:26+01:00,874ff9c6-786d-45fc-a90e-48c7ffe03417,41.02763616544628,21.31108861478468,pressure,948
2026-01-13T23:09:26+01:00,874ff9c6-786d-45fc-a90e-48c7ffe03417,41.02763616544628,21.31108861478468,temperature,1
2026-01-13T23:24:58+01:00,874ff9c6-786d-45fc-a90e-48c7ffe03417,41.02763616544628,21.31108861478468,humidity,89
2026-01-13T23:24:58+01:00,874ff9c6-786d-45fc-a90e-48c7ffe03417,41.02763616544628,21.31108861478468,noise,35
2026-01-13T23:24:58+01:00,874ff9c6-786d-45fc-a90e-48c7ffe03417,41.02763616544628,21.31108861478468,noise_dba,43
2026-01-13T23:24:58+01:00,874ff9c6-786d-45fc-a90e-48c7ffe03417,41.02763616544628,21.31108861478468,pm10,48
2026-01-13T23:24:58+01:00,874ff9c6-786d-45fc-a90e-48c7ffe03417,41.02763616544628,21.31108861478468,pm25,23
2026-01-13T23:24:58+01:00,874ff9c6-786d-45fc-a90e-48c7ffe03417,41.02763616544628,21.31108861478468,pressure,948
2026-01-13T23:24:58+01:00,874ff9c6-786d-45fc-a90e-48c7ffe03417,41.02763616544628,21.31108861478468,temperature,1
2026-01-13T23:40:29+01:00,874ff9c6-786d-45fc-a90e-48c7ffe03417,41.02763616544628,21.31108861478468,humidity,88
2026-01-13T23:40:29+01:00,874ff9c6-786d-45fc-a90e-48c7ffe03417,41.02763616544628,21.31108861478468,noise,34
2026-01-13T23:40:29+01:00,874ff9c6-786d-45fc-a90e-48c7ffe03417,41.02763616544628,21.31108861478468,noise_dba,42
2026-01-13T23:40:29+01:00,874ff9c6-786d-45fc-a90e-48c7ffe03417,41.02763616544628,21.31108861478468,pm10,32
2026-01-13T23:40:29+01:00,874ff9c6-786d-45fc-a90e-48c7ffe03417,41.02763616544628,21.31108861478468,pm25,15
2026-01-13T23:40:29+01:00,874ff9c6-786d-45fc-a90e-48c7ffe03417,41.02763616544628,21.31108861478468,pressure,948
2026-01-13T23:40:29+01:00,874ff9c6-786d-45fc-a90e-48c7ffe03417,41.02763616544628,21.31108861478468,temperature,1
2026-01-13T23:56:00+01:00,874ff9c6-786d-45fc-a90e-48c7ffe03417,41.02763616544628,21.31108861478468,humidity,90
2026-01-13T23:56:00+01:00,874ff9c6-786d-45fc-a90e-48c7ffe03417,41.02763616544628,21.31108861478468,noise,37
2026-01-13T23:56:00+01:00,874ff9c6-786d-45fc-a90e-48c7ffe03417,41.02763616544628,21.31108861478468,noise_dba,43
2026-01-13T23:56:00+01:00,874ff9c6-786d-45fc-a90e-48c7ffe03417,41.02763616544628,21.31108861478468,pm10,41
2026-01-13T23:56:00+01:00,874ff9c6-786d-45fc-a90e-48c7ffe03417,41.02763616544628,21.31108861478468,pm25,20
2026-01-13T23:56:00+01:00,874ff9c6-786d-45fc-a90e-48c7ffe03417,41.02763616544628,21.31108861478468,pressure,948
2026-01-13T23:56:00+01:00,874ff9c6-786d-45fc-a90e-48c7ffe03417,41.02763616544628,21.31108861478468,temperature,1
2026-01-14T00:11:31+01:00,874ff9c6-786d-45fc-a90e-48c7ffe03417,41.02763616544628,21.31108861478468,humidity,90
2026-01-14T00:11:31+01:00,874ff9c6-786d-45fc-a90e-48c7ffe03417,41.02763616544628,21.31108861478468,noise,36
2026-01-14T00:11:31+01:00,874ff9c6-786d-45fc-a90e-48c7ffe03417,41.02763616544628,21.31108861478468,noise_dba,43
2026-01-14T00:11:31+01:00,874ff9c6-786d-45fc-a90e-48c7ffe03417,41.02763616544628,21.31108861478468,pm10,32
2026-01-14T00:11:31+01:00,874ff9c6-786d-45fc-a90e-48c7ffe03417,41.02763616544628,21.31108861478468,pm25,15
2026-01-14T00:11:31+01:00,874ff9c6-786d-45fc-a90e-48c7ffe03417,41.02763616544628,21.31108861478468,pressure,948
2026-01-14T00:11:31+01:00,874ff9c6-786d-45fc-a90e-48c7ffe03417,41.02763616544628,21.31108861478468,temperature,1
2026-01-14T00:27:02+01:00,874ff9c6-786d-45fc-a90e-48c7ffe03417,41.02763616544628,21.31108861478468,humidity,91
2026-01-14T00:27:02+01:00,874ff9c6-786d-45fc-a90e-48c7ffe03417,41.02763616544628,21.31108861478468,noise,31
2026-01-14T00:27:02+01:00,874ff9c6-786d-45fc-a90e-48c7ffe03417,41.02763616544628,21.31108861478468,noise_dba,41
2026-01-14T00:27:02+01:00,874ff9c6-786d-45fc-a90e-48c7ffe03417,41.02763616544628,21.31108861478468,pm10,49
2026-01-14T00:27:02+01:00,874ff9c6-786d-45fc-a90e-48c7ffe03417,41.02763616544628,21.31108861478468,pm25,25
2026-01-14T00:27:02+01:00,874ff9c6-786d-45fc-a90e-48c7ffe03417,41.02763616544628,21.31108861478468,pressure,948
2026-01-14T00:27:02+01:00,874ff9c6-786d-45fc-a90e-48c7ffe03417,41.02763616544628,21.31108861478468,temperature,1
2026-01-14T00:42:33+01:00,874ff9c6-786d-45fc-a90e-48c7ffe03417,41.02763616544628,21.31108861478468,humidity,91
2026-01-14T00:42:33+01:00,874ff9c6-786d-45fc-a90e-48c7ffe03417,41.02763616544628,21.31108861478468,noise,34
2026-01-14T00:42:33+01:00,874ff9c6-786d-45fc-a90e-48c7ffe03417,41.02763616544628,21.31108861478468,noise_dba,42
2026-01-14T00:42:33+01:00,874ff9c6-786d-45fc-a90e-48c7ffe03417,41.02763616544628,21.31108861478468,pm10,32
2026-01-14T00:42:33+01:00,874ff9c6-786d-45fc-a90e-48c7ffe03417,41.02763616544628,21.31108861478468,pm25,13
2026-01-14T00:42:33+01:00,874ff9c6-786d-45fc-a90e-48c7ffe03417,41.02763616544628,21.31108861478468,pressure,948
2026-01-14T00:42:33+01:00,874ff9c6-786d-45fc-a90e-48c7ffe03417,41.02763616544628,21.31108861478468,temperature,0
2026-01-14T00:58:03+01:00,874ff9c6-786d-45fc-a90e-48c7ffe03417,41.02763616544628,21.31108861478468,humidity,93
2026-01-14T00:58:03+01:00,874ff9c6-786d-45fc-a90e-48c7ffe03417,41.02763616544628,21.31108861478468,noise,35
2026-01-14T00:58:03+01:00,874ff9c6-786d-45fc-a90e-48c7ffe03417,41.02763616544628,21.31108861478468,noise_dba,43
2026-01-14T00:58:03+01:00,874ff9c6-786d-45fc-a90e-48c7ffe03417,41.02763616544628,21.31108861478468,pm10,19
2026-01-14T00:58:03+01:00,874ff9c6-786d-45fc-a90e-48c7ffe03417,41.02763616544628,21.31108861478468,pm25,10
2026-01-14T00:58:03+01:00,874ff9c6-786d-45fc-a90e-48c7ffe03417,41.02763616544628,21.31108861478468,pressure,948
2026-01-14T00:58:03+01:00,874ff9c6-786d-45fc-a90e-48c7ffe03417,41.02763616544628,21.31108861478468,temperature,0
2026-01-14T01:13:34+01:00,874ff9c6-786d-45fc-a90e-48c7ffe03417,41.02763616544628,21.31108861478468,humidity,92
2026-01-14T01:13:34+01:00,874ff9c6-786d-45fc-a90e-48c7ffe03417,41.02763616544628,21.31108861478468,noise,33
2026-01-14T01:13:34+01:00,874ff9c6-786d-45fc-a90e-48c7ffe03417,41.02763616544628,21.31108861478468,noise_dba,42
2026-01-14T01:13:34+01:00,874ff9c6-786d-45fc-a90e-48c7ffe03417,41.02763616544628,21.31108861478468,pm10,21
2026-01-14T01:13:34+01:00,874ff9c6-786d-45fc-a90e-48c7ffe03417,41.02763616544628,21.31108861478468,pm25,9
2026-01-14T01:13:34+01:00,874ff9c6-786d-45fc-a90e-48c7ffe03417,41.02763616544628,21.31108861478468,pressure,948
2026-01-14T01:13:34+01:00,874ff9c6-786d-45fc-a90e-48c7ffe03417,41.02763616544628,21.31108861478468,temperature,0
2026-01-14T01:29:05+01:00,874ff9c6-786d-45fc-a90e-48c7ffe03417,41.02763616544628,21.31108861478468,humidity,91
2026-01-14T01:29:05+01:00,874ff9c6-786d-45fc-a90e-48c7ffe03417,41.02763616544628,21.31108861478468,noise,31
2026-01-14T01:29:05+01:00,874ff9c6-786d-45fc-a90e-48c7ffe03417,41.02763616544628,21.31108861478468,noise_dba,41
2026-01-14T01:29:05+01:00,874ff9c6-786d-45fc-a90e-48c7ffe03417,41.02763616544628,21.31108861478468,pm10,17
2026-01-14T01:29:05+01:00,874ff9c6-786d-45fc-a90e-48c7ffe03417,41.02763616544628,21.31108861478468,pm25,6
2026-01-14T01:29:05+01:00,874ff9c6-786d-45fc-a90e-48c7ffe03417,41.02763616544628,21.31108861478468,pressure,948
2026-01-14T01:29:05+01:00,874ff9c6-786d-45fc-a90e-48c7ffe03417,41.02763616544628,21.31108861478468,temperature,1
2026-01-14T01:44:36+01:00,874ff9c6-786d-45fc-a90e-48c7ffe03417,41.02763616544628,21.31108861478468,humidity,91
2026-01-14T01:44:36+01:00,874ff9c6-786d-45fc-a90e-48c7ffe03417,41.02763616544628,21.31108861478468,noise,31
2026-01-14T01:44:36+01:00,874ff9c6-786d-45fc-a90e-48c7ffe03417,41.02763616544628,21.31108861478468,noise_dba,41
2026-01-14T01:44:36+01:00,874ff9c6-786d-45fc-a90e-48c7ffe03417,41.02763616544628,21.31108861478468,pm10,20
2026-01-14T01:44:36+01:00,874ff9c6-786d-45fc-a90e-48c7ffe03417,41.02763616544628,21.31108861478468,pm25,9
2026-01-14T01:44:36+01:00,874ff9c6-786d-45fc-a90e-48c7ffe03417,41.02763616544628,21.31108861478468,pressure,948
2026-01-14T01:44:36+01:00,874ff9c6-786d-45fc-a90e-48c7ffe03417,41.02763616544628,21.31108861478468,temperature,1
2026-01-14T02:15:40+01:00,874ff9c6-786d-45fc-a90e-48c7ffe03417,41.02763616544628,21.31108861478468,humidity,92
2026-01-14T02:15:40+01:00,874ff9c6-786d-45fc-a90e-48c7ffe03417,41.02763616544628,21.31108861478468,noise,30
2026-01-14T02:15:40+01:00,874ff9c6-786d-45fc-a90e-48c7ffe03417,41.02763616544628,21.31108861478468,noise_dba,40
2026-01-14T02:15:40+01:00,874ff9c6-786d-45fc-a90e-48c7ffe03417,41.02763616544628,21.31108861478468,pm10,12
2026-01-14T02:15:40+01:00,874ff9c6-786d-45fc-a90e-48c7ffe03417,41.02763616544628,21.31108861478468,pm25,5
2026-01-14T02:15:40+01:00,874ff9c6-786d-45fc-a90e-48c7ffe03417,41.02763616544628,21.31108861478468,pressure,948
2026-01-14T02:15:40+01:00,874ff9c6-786d-45fc-a90e-48c7ffe03417,41.02763616544628,21.31108861478468,temperature,0
2026-01-14T02:31:11+01:00,874ff9c6-786d-45fc-a90e-48c7ffe03417,41.02763616544628,21.31108861478468,humidity,92
2026-01-14T02:31:11+01:00,874ff9c6-786d-45fc-a90e-48c7ffe03417,41.02763616544628,21.31108861478468,noise,29
2026-01-14T02:31:11+01:00,874ff9c6-786d-45fc-a90e-48c7ffe03417,41.02763616544628,21.31108861478468,noise_dba,40
2026-01-14T02:31:11+01:00,874ff9c6-786d-45fc-a90e-48c7ffe03417,41.02763616544628,21.31108861478468,pm10,16
2026-01-14T02:31:11+01:00,874ff9c6-786d-45fc-a90e-48c7ffe03417,41.02763616544628,21.31108861478468,pm25,5
2026-01-14T02:31:11+01:00,874ff9c6-786d-45fc-a90e-48c7ffe03417,41.02763616544628,21.31108861478468,pressure,948
2026-01-14T02:31:11+01:00,874ff9c6-786d-45fc-a90e-48c7ffe03417,41.02763616544628,21.31108861478468,temperature,0
2026-01-14T02:46:41+01:00,874ff9c6-786d-45fc-a90e-48c7ffe03417,41.02763616544628,21.31108861478468,humidity,93
2026-01-14T02:46:41+01:00,874ff9c6-786d-45fc-a90e-48c7ffe03417,41.02763616544628,21.31108861478468,noise,30
2026-01-14T02:46:41+01:00,874ff9c6-786d-45fc-a90e-48c7ffe03417,41.02763616544628,21.31108861478468,noise_dba,40
2026-01-14T02:46:41+01:00,874ff9c6-786d-45fc-a90e-48c7ffe03417,41.02763616544628,21.31108861478468,pm10,26
2026-01-14T02:46:41+01:00,874ff9c6-786d-45fc-a90e-48c7ffe03417,41.02763616544628,21.31108861478468,pm25,8
2026-01-14T02:46:41+01:00,874ff9c6-786d-45fc-a90e-48c7ffe03417,41.02763616544628,21.31108861478468,pressure,948
2026-01-14T02:46:41+01:00,874ff9c6-786d-45fc-a90e-48c7ffe03417,41.02763616544628,21.31108861478468,temperature,0
2026-01-14T03:02:12+01:00,874ff9c6-786d-45fc-a90e-48c7ffe03417,41.02763616544628,21.31108861478468,humidity,94
2026-01-14T03:02:12+01:00,874ff9c6-786d-45fc-a90e-48c7ffe03417,41.02763616544628,21.31108861478468,noise,26
2026-01-14T03:02:12+01:00,874ff9c6-786d-45fc-a90e-48c7ffe03417,41.02763616544628,21.31108861478468,noise_dba,38
2026-01-14T03:02:12+01:00,874ff9c6-786d-45fc-a90e-48c7ffe03417,41.02763616544628,21.31108861478468,pm10,21
2026-01-14T03:02:12+01:00,874ff9c6-786d-45fc-a90e-48c7ffe03417,41.02763616544628,21.31108861478468,pm25,7
2026-01-14T03:02:12+01:00,874ff9c6-786d-45fc-a90e-48c7ffe03417,41.02763616544628,21.31108861478468,pressure,948
2026-01-14T03:02:12+01:00,874ff9c6-786d-45fc-a90e-48c7ffe03417,41.02763616544628,21.31108861478468,temperature,0
2026-01-14T03:17:43+01:00,874ff9c6-786d-45fc-a90e-48c7ffe03417,41.02763616544628,21.31108861478468,humidity,94
2026-01-14T03:17:43+01:00,874ff9c6-786d-45fc-a90e-48c7ffe03417,41.02763616544628,21.31108861478468,noise,32
2026-01-14T03:17:43+01:00,874ff9c6-786d-45fc-a90e-48c7ffe03417,41.02763616544628,21.31108861478468,noise_dba,41
2026-01-14T03:17:43+01:00,874ff9c6-786d-45fc-a90e-48c7ffe03417,41.02763616544628,21.31108861478468,pm10,14
2026-01-14T03:17:43+01:00,874ff9c6-786d-45fc-a90e-48c7ffe03417,41.02763616544628,21.31108861478468,pm25,6
2026-01-14T03:17:43+01:00,874ff9c6-786d-45fc-a90e-48c7ffe03417,41.02763616544628,21.31108861478468,pressure,948
2026-01-14T03:17:43+01:00,874ff9c6-786d-45fc-a90e-48c7ffe03417,41.02763616544628,21.31108861478468,temperature,0
2026-01-14T03:33:14+01:00,874ff9c6-786d-45fc-a90e-48c7ffe03417,41.02763616544628,21.31108861478468,humidity,94
2026-01-14T03:33:14+01:00,874ff9c6-786d-45fc-a90e-48c7ffe03417,41.02763616544628,21.31108861478468,noise,29
2026-01-14T03:33:14+01:00,874ff9c6-786d-45fc-a90e-48c7ffe03417,41.02763616544628,21.31108861478468,noise_dba,40
2026-01-14T03:33:14+01:00,874ff9c6-786d-45fc-a90e-48c7ffe03417,41.02763616544628,21.31108861478468,pm10,15
2026-01-14T03:33:14+01:00,874ff9c6-786d-45fc-a90e-48c7ffe03417,41.02763616544628,21.31108861478468,pm25,5
2026-01-14T03:33:14+01:00,874ff9c6-786d-45fc-a90e-48c7ffe03417,41.02763616544628,21.31108861478468,pressure,948
2026-01-14T03:33:14+01:00,874ff9c6-786d-45fc-a90e-48c7ffe03417,41.02763616544628,21.31108861478468,temperature,0
2026-01-14T03:48:45+01:00,874ff9c6-786d-45fc-a90e-48c7ffe03417,41.02763616544628,21.31108861478468,humidity,94
2026-01-14T03:48:45+01:00,874ff9c6-786d-45fc-a90e-48c7ffe03417,41.02763616544628,21.31108861478468,noise,29
2026-01-14T03:48:45+01:00,874ff9c6-786d-45fc-a90e-48c7ffe03417,41.02763616544628,21.31108861478468,noise_dba,40
2026-01-14T03:48:45+01:00,874ff9c6-786d-45fc-a90e-48c7ffe03417,41.02763616544628,21.31108861478468,pm10,9
2026-01-14T03:48:45+01:00,874ff9c6-786d-45fc-a90e-48c7ffe03417,41.02763616544628,21.31108861478468,pm25,4
2026-01-14T03:48:45+01:00,874ff9c6-786d-45fc-a90e-48c7ffe03417,41.02763616544628,21.31108861478468,pressure,948
2026-01-14T03:48:45+01:00,874ff9c6-786d-45fc-a90e-48c7ffe03417,41.02763616544628,21.31108861478468,temperature,0
2026-01-14T04:04:16+01:00,874ff9c6-786d-45fc-a90e-48c7ffe03417,41.02763616544628,21.31108861478468,humidity,95
2026-01-14T04:04:16+01:00,874ff9c6-786d-45fc-a90e-48c7ffe03417,41.02763616544628,21.31108861478468,noise,29
2026-01-14T04:04:16+01:00,874ff9c6-786d-45fc-a90e-48c7ffe03417,41.02763616544628,21.31108861478468,noise_dba,40
2026-01-14T04:04:16+01:00,874ff9c6-786d-45fc-a90e-48c7ffe03417,41.02763616544628,21.31108861478468,pm10,9
2026-01-14T04:04:16+01:00,874ff9c6-786d-45fc-a90e-48c7ffe03417,41.02763616544628,21.31108861478468,pm25,2
2026-01-14T04:04:16+01:00,874ff9c6-786d-45fc-a90e-48c7ffe03417,41.02763616544628,21.31108861478468,pressure,948
2026-01-14T04:04:16+01:00,874ff9c6-786d-45fc-a90e-48c7ffe03417,41.02763616544628,21.31108861478468,temperature,0
2026-01-14T04:19:46+01:00,874ff9c6-786d-45fc-a90e-48c7ffe03417,41.02763616544628,21.31108861478468,humidity,95
2026-01-14T04:19:46+01:00,874ff9c6-786d-45fc-a90e-48c7ffe03417,41.02763616544628,21.31108861478468,noise,30
2026-01-14T04:19:46+01:00,874ff9c6-786d-45fc-a90e-48c7ffe03417,41.02763616544628,21.31108861478468,noise_dba,40
2026-01-14T04:19:46+01:00,874ff9c6-786d-45fc-a90e-48c7ffe03417,41.02763616544628,21.31108861478468,pm10,14
2026-01-14T04:19:46+01:00,874ff9c6-786d-45fc-a90e-48c7ffe03417,41.02763616544628,21.31108861478468,pm25,4
2026-01-14T04:19:46+01:00,874ff9c6-786d-45fc-a90e-48c7ffe03417,41.02763616544628,21.31108861478468,pressure,948
2026-01-14T04:19:46+01:00,874ff9c6-786d-45fc-a90e-48c7ffe03417,41.02763616544628,21.31108861478468,temperature,0
2026-01-14T04:35:17+01:00,874ff9c6-786d-45fc-a90e-48c7ffe03417,41.02763616544628,21.31108861478468,humidity,94
2026-01-14T04:35:17+01:00,874ff9c6-786d-45fc-a90e-48c7ffe03417,41.02763616544628,21.31108861478468,noise,30
2026-01-14T04:35:17+01:00,874ff9c6-786d-45fc-a90e-48c7ffe03417,41.02763616544628,21.31108861478468,noise_dba,40
2026-01-14T04:35:17+01:00,874ff9c6-786d-45fc-a90e-48c7ffe03417,41.02763616544628,21.31108861478468,pm10,10
2026-01-14T04:35:17+01:00,874ff9c6-786d-45fc-a90e-48c7ffe03417,41.02763616544628,21.31108861478468,pm25,4
2026-01-14T04:35:17+01:00,874ff9c6-786d-45fc-a90e-48c7ffe03417,41.02763616544628,21.31108861478468,pressure,948
2026-01-14T04:35:17+01:00,874ff9c6-786d-45fc-a90e-48c7ffe03417,41.02763616544628,21.31108861478468,temperature,0
2026-01-14T04:50:48+01:00,874ff9c6-786d-45fc-a90e-48c7ffe03417,41.02763616544628,21.31108861478468,humidity,94
2026-01-14T04:50:48+01:00,874ff9c6-786d-45fc-a90e-48c7ffe03417,41.02763616544628,21.31108861478468,noise,28
2026-01-14T04:50:48+01:00,874ff9c6-786d-45fc-a90e-48c7ffe03417,41.02763616544628,21.31108861478468,noise_dba,39
2026-01-14T04:50:48+01:00,874ff9c6-786d-45fc-a90e-48c7ffe03417,41.02763616544628,21.31108861478468,pm10,19
2026-01-14T04:50:48+01:00,874ff9c6-786d-45fc-a90e-48c7ffe03417,41.02763616544628,21.31108861478468,pm25,7
2026-01-14T04:50:48+01:00,874ff9c6-786d-45fc-a90e-48c7ffe03417,41.02763616544628,21.31108861478468,pressure,948
2026-01-14T04:50:48+01:00,874ff9c6-786d-45fc-a90e-48c7ffe03417,41.02763616544628,21.31108861478468,temperature,0
2026-01-14T05:06:19+01:00,874ff9c6-786d-45fc-a90e-48c7ffe03417,41.02763616544628,21.31108861478468,humidity,96
2026-01-14T05:06:19+01:00,874ff9c6-786d-45fc-a90e-48c7ffe03417,41.02763616544628,21.31108861478468,noise,28
2026-01-14T05:06:19+01:00,874ff9c6-786d-45fc-a90e-48c7ffe03417,41.02763616544628,21.31108861478468,noise_dba,39
2026-01-14T05:06:19+01:00,874ff9c6-786d-45fc-a90e-48c7ffe03417,41.02763616544628,21.31108861478468,pm10,10
2026-01-14T05:06:19+01:00,874ff9c6-786d-45fc-a90e-48c7ffe03417,41.02763616544628,21.31108861478468,pm25,3
2026-01-14T05:06:19+01:00,874ff9c6-786d-45fc-a90e-48c7ffe03417,41.02763616544628,21.31108861478468,pressure,948
2026-01-14T05:06:19+01:00,874ff9c6-786d-45fc-a90e-48c7ffe03417,41.02763616544628,21.31108861478468,temperature,0
2026-01-14T05:21:50+01:00,874ff9c6-786d-45fc-a90e-48c7ffe03417,41.02763616544628,21.31108861478468,humidity,97
2026-01-14T05:21:50+01:00,874ff9c6-786d-45fc-a90e-48c7ffe03417,41.02763616544628,21.31108861478468,noise,29
2026-01-14T05:21:50+01:00,874ff9c6-786d-45fc-a90e-48c7ffe03417,41.02763616544628,21.31108861478468,noise_dba,40
2026-01-14T05:21:50+01:00,874ff9c6-786d-45fc-a90e-48c7ffe03417,41.02763616544628,21.31108861478468,pm10,7
2026-01-14T05:21:50+01:00,874ff9c6-786d-45fc-a90e-48c7ffe03417,41.02763616544628,21.31108861478468,pm25,2
2026-01-14T05:21:50+01:00,874ff9c6-786d-45fc-a90e-48c7ffe03417,41.02763616544628,21.31108861478468,pressure,948
2026-01-14T05:21:50+01:00,874ff9c6-786d-45fc-a90e-48c7ffe03417,41.02763616544628,21.31108861478468,temperature,0
2026-01-14T05:37:21+01:00,874ff9c6-786d-45fc-a90e-48c7ffe03417,41.02763616544628,21.31108861478468,humidity,96
2026-01-14T05:37:21+01:00,874ff9c6-786d-45fc-a90e-48c7ffe03417,41.02763616544628,21.31108861478468,noise,34
2026-01-14T05:37:21+01:00,874ff9c6-786d-45fc-a90e-48c7ffe03417,41.02763616544628,21.31108861478468,noise_dba,42
2026-01-14T05:37:21+01:00,874ff9c6-786d-45fc-a90e-48c7ffe03417,41.02763616544628,21.31108861478468,pm10,10
2026-01-14T05:37:21+01:00,874ff9c6-786d-45fc-a90e-48c7ffe03417,41.02763616544628,21.31108861478468,pm25,3
2026-01-14T05:37:21+01:00,874ff9c6-786d-45fc-a90e-48c7ffe03417,41.02763616544628,21.31108861478468,pressure,948
2026-01-14T05:37:21+01:00,874ff9c6-786d-45fc-a90e-48c7ffe03417,41.02763616544628,21.31108861478468,temperature,0
2026-01-14T05:52:52+01:00,874ff9c6-786d-45fc-a90e-48c7ffe03417,41.02763616544628,21.31108861478468,humidity,96
2026-01-14T05:52:52+01:00,874ff9c6-786d-45fc-a90e-48c7ffe03417,41.02763616544628,21.31108861478468,noise,30
2026-01-14T05:52:52+01:00,874ff9c6-786d-45fc-a90e-48c7ffe03417,41.02763616544628,21.31108861478468,noise_dba,40
2026-01-14T05:52:52+01:00,874ff9c6-786d-45fc-a90e-48c7ffe03417,41.02763616544628,21.31108861478468,pm10,7
2026-01-14T05:52:52+01:00,874ff9c6-786d-45fc-a90e-48c7ffe03417,41.02763616544628,21.31108861478468,pm25,2
2026-01-14T05:52:52+01:00,874ff9c6-786d-45fc-a90e-48c7ffe03417,41.02763616544628,21.31108861478468,pressure,948
2026-01-14T05:52:52+01:00,874ff9c6-786d-45fc-a90e-48c7ffe03417,41.02763616544628,21.31108861478468,temperature,0
2026-01-14T06:08:22+01:00,874ff9c6-786d-45fc-a90e-48c7ffe03417,41.02763616544628,21.31108861478468,humidity,96
2026-01-14T06:08:22+01:00,874ff9c6-786d-45fc-a90e-48c7ffe03417,41.02763616544628,21.31108861478468,noise,31
2026-01-14T06:08:22+01:00,874ff9c6-786d-45fc-a90e-48c7ffe03417,41.02763616544628,21.31108861478468,noise_dba,41
2026-01-14T06:08:22+01:00,874ff9c6-786d-45fc-a90e-48c7ffe03417,41.02763616544628,21.31108861478468,pm10,8
2026-01-14T06:08:22+01:00,874ff9c6-786d-45fc-a90e-48c7ffe03417,41.02763616544628,21.31108861478468,pm25,2
2026-01-14T06:08:22+01:00,874ff9c6-786d-45fc-a90e-48c7ffe03417,41.02763616544628,21.31108861478468,pressure,948
2026-01-14T06:08:22+01:00,874ff9c6-786d-45fc-a90e-48c7ffe03417,41.02763616544628,21.31108861478468,temperature,0
2026-01-14T06:23:53+01:00,874ff9c6-786d-45fc-a90e-48c7ffe03417,41.02763616544628,21.31108861478468,humidity,95
2026-01-14T06:23:53+01:00,874ff9c6-786d-45fc-a90e-48c7ffe03417,41.02763616544628,21.31108861478468,noise,33
2026-01-14T06:23:53+01:00,874ff9c6-786d-45fc-a90e-48c7ffe03417,41.02763616544628,21.31108861478468,noise_dba,42
2026-01-14T06:23:53+01:00,874ff9c6-786d-45fc-a90e-48c7ffe03417,41.02763616544628,21.31108861478468,pm10,7
2026-01-14T06:23:53+01:00,874ff9c6-786d-45fc-a90e-48c7ffe03417,41.02763616544628,21.31108861478468,pm25,2
2026-01-14T06:23:53+01:00,874ff9c6-786d-45fc-a90e-48c7ffe03417,41.02763616544628,21.31108861478468,pressure,948
2026-01-14T06:23:53+01:00,874ff9c6-786d-45fc-a90e-48c7ffe03417,41.02763616544628,21.31108861478468,temperature,0
2026-01-14T06:39:24+01:00,874ff9c6-786d-45fc-a90e-48c7ffe03417,41.02763616544628,21.31108861478468,humidity,94
2026-01-14T06:39:24+01:00,874ff9c6-786d-45fc-a90e-48c7ffe03417,41.02763616544628,21.31108861478468,noise,32
2026-01-14T06:39:24+01:00,874ff9c6-786d-45fc-a90e-48c7ffe03417,41.02763616544628,21.31108861478468,noise_dba,41
2026-01-14T06:39:24+01:00,874ff9c6-786d-45fc-a90e-48c7ffe03417,41.02763616544628,21.31108861478468,pm10,8
2026-01-14T06:39:24+01:00,874ff9c6-786d-45fc-a90e-48c7ffe03417,41.02763616544628,21.31108861478468,pm25,2
2026-01-14T06:39:24+01:00,874ff9c6-786d-45fc-a90e-48c7ffe03417,41.02763616544628,21.31108861478468,pressure,949
2026-01-14T06:39:24+01:00,874ff9c6-786d-45fc-a90e-48c7ffe03417,41.02763616544628,21.31108861478468,temperature,0
2026-01-14T06:54:56+01:00,874ff9c6-786d-45fc-a90e-48c7ffe03417,41.02763616544628,21.31108861478468,humidity,95
2026-01-14T06:54:56+01:00,874ff9c6-786d-45fc-a90e-48c7ffe03417,41.02763616544628,21.31108861478468,noise,36
2026-01-14T06:54:56+01:00,874ff9c6-786d-45fc-a90e-48c7ffe03417,41.02763616544628,21.31108861478468,noise_dba,43
2026-01-14T06:54:56+01:00,874ff9c6-786d-45fc-a90e-48c7ffe03417,41.02763616544628,21.31108861478468,pm10,19
2026-01-14T06:54:56+01:00,874ff9c6-786d-45fc-a90e-48c7ffe03417,41.02763616544628,21.31108861478468,pm25,8
2026-01-14T06:54:56+01:00,874ff9c6-786d-45fc-a90e-48c7ffe03417,41.02763616544628,21.31108861478468,pressure,949
2026-01-14T06:54:56+01:00,874ff9c6-786d-45fc-a90e-48c7ffe03417,41.02763616544628,21.31108861478468,temperature,0
2026-01-14T07:10:27+01:00,874ff9c6-786d-45fc-a90e-48c7ffe03417,41.02763616544628,21.31108861478468,humidity,96
2026-01-14T07:10:27+01:00,874ff9c6-786d-45fc-a90e-48c7ffe03417,41.02763616544628,21.31108861478468,noise,40
2026-01-14T07:10:27+01:00,874ff9c6-786d-45fc-a90e-48c7ffe03417,41.02763616544628,21.31108861478468,noise_dba,45
2026-01-14T07:10:27+01:00,874ff9c6-786d-45fc-a90e-48c7ffe03417,41.02763616544628,21.31108861478468,pm10,13
2026-01-14T07:10:27+01:00,874ff9c6-786d-45fc-a90e-48c7ffe03417,41.02763616544628,21.31108861478468,pm25,5
2026-01-14T07:10:27+01:00,874ff9c6-786d-45fc-a90e-48c7ffe03417,41.02763616544628,21.31108861478468,pressure,949
2026-01-14T07:10:27+01:00,874ff9c6-786d-45fc-a90e-48c7ffe03417,41.02763616544628,21.31108861478468,temperature,0
2026-01-14T07:25:58+01:00,874ff9c6-786d-45fc-a90e-48c7ffe03417,41.02763616544628,21.31108861478468,humidity,96
2026-01-14T07:25:58+01:00,874ff9c6-786d-45fc-a90e-48c7ffe03417,41.02763616544628,21.31108861478468,noise,35
2026-01-14T07:25:58+01:00,874ff9c6-786d-45fc-a90e-48c7ffe03417,41.02763616544628,21.31108861478468,noise_dba,43
2026-01-14T07:25:58+01:00,874ff9c6-786d-45fc-a90e-48c7ffe03417,41.02763616544628,21.31108861478468,pm10,18
2026-01-14T07:25:58+01:00,874ff9c6-786d-45fc-a90e-48c7ffe03417,41.02763616544628,21.31108861478468,pm25,7
2026-01-14T07:25:58+01:00,874ff9c6-786d-45fc-a90e-48c7ffe03417,41.02763616544628,21.31108861478468,pressure,949
2026-01-14T07:25:58+01:00,874ff9c6-786d-45fc-a90e-48c7ffe03417,41.02763616544628,21.31108861478468,temperature,0
2026-01-14T07:41:29+01:00,874ff9c6-786d-45fc-a90e-48c7ffe03417,41.02763616544628,21.31108861478468,humidity,97
2026-01-14T07:41:29+01:00,874ff9c6-786d-45fc-a90e-48c7ffe03417,41.02763616544628,21.31108861478468,noise,40
2026-01-14T07:41:29+01:00,874ff9c6-786d-45fc-a90e-48c7ffe03417,41.02763616544628,21.31108861478468,noise_dba,45
2026-01-14T07:41:29+01:00,874ff9c6-786d-45fc-a90e-48c7ffe03417,41.02763616544628,21.31108861478468,pm10,14
2026-01-14T07:41:29+01:00,874ff9c6-786d-45fc-a90e-48c7ffe03417,41.02763616544628,21.31108861478468,pm25,5
2026-01-14T07:41:29+01:00,874ff9c6-786d-45fc-a90e-48c7ffe03417,41.02763616544628,21.31108861478468,pressure,949
2026-01-14T07:41:29+01:00,874ff9c6-786d-45fc-a90e-48c7ffe03417,41.02763616544628,21.31108861478468,temperature,0
2026-01-14T07:57:00+01:00,874ff9c6-786d-45fc-a90e-48c7ffe03417,41.02763616544628,21.31108861478468,humidity,96
2026-01-14T07:57:00+01:00,874ff9c6-786d-45fc-a90e-48c7ffe03417,41.02763616544628,21.31108861478468,noise,41
2026-01-14T07:57:00+01:00,874ff9c6-786d-45fc-a90e-48c7ffe03417,41.02763616544628,21.31108861478468,noise_dba,45
2026-01-14T07:57:00+01:00,874ff9c6-786d-45fc-a90e-48c7ffe03417,41.02763616544628,21.31108861478468,pm10,134
2026-01-14T07:57:00+01:00,874ff9c6-786d-45fc-a90e-48c7ffe03417,41.02763616544628,21.31108861478468,pm25,48
2026-01-14T07:57:00+01:00,874ff9c6-786d-45fc-a90e-48c7ffe03417,41.02763616544628,21.31108861478468,pressure,949
2026-01-14T07:57:00+01:00,874ff9c6-786d-45fc-a90e-48c7ffe03417,41.02763616544628,21.31108861478468,temperature,0
2026-01-14T08:12:31+01:00,874ff9c6-786d-45fc-a90e-48c7ffe03417,41.02763616544628,21.31108861478468,humidity,95
2026-01-14T08:12:31+01:00,874ff9c6-786d-45fc-a90e-48c7ffe03417,41.02763616544628,21.31108861478468,noise,39
2026-01-14T08:12:31+01:00,874ff9c6-786d-45fc-a90e-48c7ffe03417,41.02763616544628,21.31108861478468,noise_dba,44
2026-01-14T08:12:31+01:00,874ff9c6-786d-45fc-a90e-48c7ffe03417,41.02763616544628,21.31108861478468,pm10,45
2026-01-14T08:12:31+01:00,874ff9c6-786d-45fc-a90e-48c7ffe03417,41.02763616544628,21.31108861478468,pm25,20
2026-01-14T08:12:31+01:00,874ff9c6-786d-45fc-a90e-48c7ffe03417,41.02763616544628,21.31108861478468,pressure,949
2026-01-14T08:12:31+01:00,874ff9c6-786d-45fc-a90e-48c7ffe03417,41.02763616544628,21.31108861478468,temperature,1
2026-01-14T08:28:02+01:00,874ff9c6-786d-45fc-a90e-48c7ffe03417,41.02763616544628,21.31108861478468,humidity,94
2026-01-14T08:28:02+01:00,874ff9c6-786d-45fc-a90e-48c7ffe03417,41.02763616544628,21.31108861478468,noise,38
2026-01-14T08:28:02+01:00,874ff9c6-786d-45fc-a90e-48c7ffe03417,41.02763616544628,21.31108861478468,noise_dba,44
2026-01-14T08:28:02+01:00,874ff9c6-786d-45fc-a90e-48c7ffe03417,41.02763616544628,21.31108861478468,pm10,50
2026-01-14T08:28:02+01:00,874ff9c6-786d-45fc-a90e-48c7ffe03417,41.02763616544628,21.31108861478468,pm25,24
2026-01-14T08:28:02+01:00,874ff9c6-786d-45fc-a90e-48c7ffe03417,41.02763616544628,21.31108861478468,pressure,949
2026-01-14T08:28:02+01:00,874ff9c6-786d-45fc-a90e-48c7ffe03417,41.02763616544628,21.31108861478468,temperature,1
2026-01-14T08:43:32+01:00,874ff9c6-786d-45fc-a90e-48c7ffe03417,41.02763616544628,21.31108861478468,humidity,92
2026-01-14T08:43:32+01:00,874ff9c6-786d-45fc-a90e-48c7ffe03417,41.02763616544628,21.31108861478468,noise,43
2026-01-14T08:43:32+01:00,874ff9c6-786d-45fc-a90e-48c7ffe03417,41.02763616544628,21.31108861478468,noise_dba,46
2026-01-14T08:43:32+01:00,874ff9c6-786d-45fc-a90e-48c7ffe03417,41.02763616544628,21.31108861478468,pm10,79
2026-01-14T08:43:32+01:00,874ff9c6-786d-45fc-a90e-48c7ffe03417,41.02763616544628,21.31108861478468,pm25,36
2026-01-14T08:43:32+01:00,874ff9c6-786d-45fc-a90e-48c7ffe03417,41.02763616544628,21.31108861478468,pressure,949
2026-01-14T08:43:32+01:00,874ff9c6-786d-45fc-a90e-48c7ffe03417,41.02763616544628,21.31108861478468,temperature,1
2026-01-14T08:59:04+01:00,874ff9c6-786d-45fc-a90e-48c7ffe03417,41.02763616544628,21.31108861478468,humidity,90
2026-01-14T08:59:04+01:00,874ff9c6-786d-45fc-a90e-48c7ffe03417,41.02763616544628,21.31108861478468,noise,45
2026-01-14T08:59:04+01:00,874ff9c6-786d-45fc-a90e-48c7ffe03417,41.02763616544628,21.31108861478468,noise_dba,47
2026-01-14T08:59:04+01:00,874ff9c6-786d-45fc-a90e-48c7ffe03417,41.02763616544628,21.31108861478468,pm10,61
2026-01-14T08:59:04+01:00,874ff9c6-786d-45fc-a90e-48c7ffe03417,41.02763616544628,21.31108861478468,pm25,33
2026-01-14T08:59:04+01:00,874ff9c6-786d-45fc-a90e-48c7ffe03417,41.02763616544628,21.31108861478468,pressure,950
2026-01-14T08:59:04+01:00,874ff9c6-786d-45fc-a90e-48c7ffe03417,41.02763616544628,21.31108861478468,temperature,2
2026-01-14T09:14:35+01:00,874ff9c6-786d-45fc-a90e-48c7ffe03417,41.02763616544628,21.31108861478468,humidity,89
2026-01-14T09:14:35+01:00,874ff9c6-786d-45fc-a90e-48c7ffe03417,41.02763616544628,21.31108861478468,noise,48
2026-01-14T09:14:35+01:00,874ff9c6-786d-45fc-a90e-48c7ffe03417,41.02763616544628,21.31108861478468,noise_dba,48
2026-01-14T09:14:35+01:00,874ff9c6-786d-45fc-a90e-48c7ffe03417,41.02763616544628,21.31108861478468,pm10,70
2026-01-14T09:14:35+01:00,874ff9c6-786d-45fc-a90e-48c7ffe03417,41.02763616544628,21.31108861478468,pm25,38
2026-01-14T09:14:35+01:00,874ff9c6-786d-45fc-a90e-48c7ffe03417,41.02763616544628,21.31108861478468,pressure,950
2026-01-14T09:14:35+01:00,874ff9c6-786d-45fc-a90e-48c7ffe03417,41.02763616544628,21.31108861478468,temperature,2
2026-01-14T09:30:06+01:00,874ff9c6-786d-45fc-a90e-48c7ffe03417,41.02763616544628,21.31108861478468,humidity,88
2026-01-14T09:30:06+01:00,874ff9c6-786d-45fc-a90e-48c7ffe03417,41.02763616544628,21.31108861478468,noise,38
2026-01-14T09:30:06+01:00,874ff9c6-786d-45fc-a90e-48c7ffe03417,41.02763616544628,21.31108861478468,noise_dba,44
2026-01-14T09:30:06+01:00,874ff9c6-786d-45fc-a90e-48c7ffe03417,41.02763616544628,21.31108861478468,pm10,70
2026-01-14T09:30:06+01:00,874ff9c6-786d-45fc-a90e-48c7ffe03417,41.02763616544628,21.31108861478468,pm25,37
2026-01-14T09:30:06+01:00,874ff9c6-786d-45fc-a90e-48c7ffe03417,41.02763616544628,21.31108861478468,pressure,950
2026-01-14T09:30:06+01:00,874ff9c6-786d-45fc-a90e-48c7ffe03417,41.02763616544628,21.31108861478468,temperature,2
2026-01-14T09:45:37+01:00,874ff9c6-786d-45fc-a90e-48c7ffe03417,41.02763616544628,21.31108861478468,humidity,87
2026-01-14T09:45:37+01:00,874ff9c6-786d-45fc-a90e-48c7ffe03417,41.02763616544628,21.31108861478468,noise,43
2026-01-14T09:45:37+01:00,874ff9c6-786d-45fc-a90e-48c7ffe03417,41.02763616544628,21.31108861478468,noise_dba,46
2026-01-14T09:45:37+01:00,874ff9c6-786d-45fc-a90e-48c7ffe03417,41.02763616544628,21.31108861478468,pm10,75
2026-01-14T09:45:37+01:00,874ff9c6-786d-45fc-a90e-48c7ffe03417,41.02763616544628,21.31108861478468,pm25,38
2026-01-14T09:45:37+01:00,874ff9c6-786d-45fc-a90e-48c7ffe03417,41.02763616544628,21.31108861478468,pressure,950
2026-01-14T09:45:37+01:00,874ff9c6-786d-45fc-a90e-48c7ffe03417,41.02763616544628,21.31108861478468,temperature,3
2026-01-14T10:01:08+01:00,874ff9c6-786d-45fc-a90e-48c7ffe03417,41.02763616544628,21.31108861478468,humidity,85
2026-01-14T10:01:08+01:00,874ff9c6-786d-45fc-a90e-48c7ffe03417,41.02763616544628,21.31108861478468,noise,45
2026-01-14T10:01:08+01:00,874ff9c6-786d-45fc-a90e-48c7ffe03417,41.02763616544628,21.31108861478468,noise_dba,47
2026-01-14T10:01:08+01:00,874ff9c6-786d-45fc-a90e-48c7ffe03417,41.02763616544628,21.31108861478468,pm10,83
2026-01-14T10:01:08+01:00,874ff9c6-786d-45fc-a90e-48c7ffe03417,41.02763616544628,21.31108861478468,pm25,44
2026-01-14T10:01:08+01:00,874ff9c6-786d-45fc-a90e-48c7ffe03417,41.02763616544628,21.31108861478468,pressure,949
2026-01-14T10:01:08+01:00,874ff9c6-786d-45fc-a90e-48c7ffe03417,41.02763616544628,21.31108861478468,temperature,3
2026-01-14T10:16:39+01:00,874ff9c6-786d-45fc-a90e-48c7ffe03417,41.02763616544628,21.31108861478468,humidity,85
2026-01-14T10:16:39+01:00,874ff9c6-786d-45fc-a90e-48c7ffe03417,41.02763616544628,21.31108861478468,noise,45
2026-01-14T10:16:39+01:00,874ff9c6-786d-45fc-a90e-48c7ffe03417,41.02763616544628,21.31108861478468,noise_dba,47
2026-01-14T10:16:39+01:00,874ff9c6-786d-45fc-a90e-48c7ffe03417,41.02763616544628,21.31108861478468,pm10,70
2026-01-14T10:16:39+01:00,874ff9c6-786d-45fc-a90e-48c7ffe03417,41.02763616544628,21.31108861478468,pm25,36
2026-01-14T10:16:39+01:00,874ff9c6-786d-45fc-a90e-48c7ffe03417,41.02763616544628,21.31108861478468,pressure,949
2026-01-14T10:16:39+01:00,874ff9c6-786d-45fc-a90e-48c7ffe03417,41.02763616544628,21.31108861478468,temperature,4
2026-01-14T10:32:10+01:00,874ff9c6-786d-45fc-a90e-48c7ffe03417,41.02763616544628,21.31108861478468,humidity,82
2026-01-14T10:32:10+01:00,874ff9c6-786d-45fc-a90e-48c7ffe03417,41.02763616544628,21.31108861478468,noise,40
2026-01-14T10:32:10+01:00,874ff9c6-786d-45fc-a90e-48c7ffe03417,41.02763616544628,21.31108861478468,noise_dba,45
2026-01-14T10:32:10+01:00,874ff9c6-786d-45fc-a90e-48c7ffe03417,41.02763616544628,21.31108861478468,pm10,49
2026-01-14T10:32:10+01:00,874ff9c6-786d-45fc-a90e-48c7ffe03417,41.02763616544628,21.31108861478468,pm25,22
2026-01-14T10:32:10+01:00,874ff9c6-786d-45fc-a90e-48c7ffe03417,41.02763616544628,21.31108861478468,pressure,949
2026-01-14T10:32:10+01:00,874ff9c6-786d-45fc-a90e-48c7ffe03417,41.02763616544628,21.31108861478468,temperature,4
2026-01-14T10:47:41+01:00,874ff9c6-786d-45fc-a90e-48c7ffe03417,41.02763616544628,21.31108861478468,humidity,80
2026-01-14T10:47:41+01:00,874ff9c6-786d-45fc-a90e-48c7ffe03417,41.02763616544628,21.31108861478468,noise,42
2026-01-14T10:47:41+01:00,874ff9c6-786d-45fc-a90e-48c7ffe03417,41.02763616544628,21.31108861478468,noise_dba,45
2026-01-14T10:47:41+01:00,874ff9c6-786d-45fc-a90e-48c7ffe03417,41.02763616544628,21.31108861478468,pm10,28
2026-01-14T10:47:41+01:00,874ff9c6-786d-45fc-a90e-48c7ffe03417,41.02763616544628,21.31108861478468,pm25,15
2026-01-14T10:47:41+01:00,874ff9c6-786d-45fc-a90e-48c7ffe03417,41.02763616544628,21.31108861478468,pressure,949
2026-01-14T10:47:41+01:00,874ff9c6-786d-45fc-a90e-48c7ffe03417,41.02763616544628,21.31108861478468,temperature,5
2026-01-14T11:03:12+01:00,874ff9c6-786d-45fc-a90e-48c7ffe03417,41.02763616544628,21.31108861478468,humidity,79
2026-01-14T11:03:12+01:00,874ff9c6-786d-45fc-a90e-48c7ffe03417,41.02763616544628,21.31108861478468,noise,41
2026-01-14T11:03:12+01:00,874ff9c6-786d-45fc-a90e-48c7ffe03417,41.02763616544628,21.31108861478468,noise_dba,45
2026-01-14T11:03:12+01:00,874ff9c6-786d-45fc-a90e-48c7ffe03417,41.02763616544628,21.31108861478468,pm10,77
2026-01-14T11:03:12+01:00,874ff9c6-786d-45fc-a90e-48c7ffe03417,41.02763616544628,21.31108861478468,pm25,27
2026-01-14T11:03:12+01:00,874ff9c6-786d-45fc-a90e-48c7ffe03417,41.02763616544628,21.31108861478468,pressure,949
2026-01-14T11:03:12+01:00,874ff9c6-786d-45fc-a90e-48c7ffe03417,41.02763616544628,21.31108861478468,temperature,5
2026-01-14T11:18:43+01:00,874ff9c6-786d-45fc-a90e-48c7ffe03417,41.02763616544628,21.31108861478468,humidity,77
2026-01-14T11:18:43+01:00,874ff9c6-786d-45fc-a90e-48c7ffe03417,41.02763616544628,21.31108861478468,noise,45
2026-01-14T11:18:43+01:00,874ff9c6-786d-45fc-a90e-48c7ffe03417,41.02763616544628,21.31108861478468,noise_dba,47
2026-01-14T11:18:43+01:00,874ff9c6-786d-45fc-a90e-48c7ffe03417,41.02763616544628,21.31108861478468,pm10,46
2026-01-14T11:18:43+01:00,874ff9c6-786d-45fc-a90e-48c7ffe03417,41.02763616544628,21.31108861478468,pm25,20
2026-01-14T11:18:43+01:00,874ff9c6-786d-45fc-a90e-48c7ffe03417,41.02763616544628,21.31108861478468,pressure,949
2026-01-14T11:18:43+01:00,874ff9c6-786d-45fc-a90e-48c7ffe03417,41.02763616544628,21.31108861478468,temperature,5
2026-01-14T11:34:14+01:00,874ff9c6-786d-45fc-a90e-48c7ffe03417,41.02763616544628,21.31108861478468,humidity,77
2026-01-14T11:34:14+01:00,874ff9c6-786d-45fc-a90e-48c7ffe03417,41.02763616544628,21.31108861478468,noise,43
2026-01-14T11:34:14+01:00,874ff9c6-786d-45fc-a90e-48c7ffe03417,41.02763616544628,21.31108861478468,noise_dba,46
2026-01-14T11:34:14+01:00,874ff9c6-786d-45fc-a90e-48c7ffe03417,41.02763616544628,21.31108861478468,pm10,29
2026-01-14T11:34:14+01:00,874ff9c6-786d-45fc-a90e-48c7ffe03417,41.02763616544628,21.31108861478468,pm25,13
2026-01-14T11:34:14+01:00,874ff9c6-786d-45fc-a90e-48c7ffe03417,41.02763616544628,21.31108861478468,pressure,949
2026-01-14T11:34:14+01:00,874ff9c6-786d-45fc-a90e-48c7ffe03417,41.02763616544628,21.31108861478468,temperature,6
2026-01-14T11:49:45+01:00,874ff9c6-786d-45fc-a90e-48c7ffe03417,41.02763616544628,21.31108861478468,humidity,75
2026-01-14T11:49:45+01:00,874ff9c6-786d-45fc-a90e-48c7ffe03417,41.02763616544628,21.31108861478468,noise,41
2026-01-14T11:49:45+01:00,874ff9c6-786d-45fc-a90e-48c7ffe03417,41.02763616544628,21.31108861478468,noise_dba,45
2026-01-14T11:49:45+01:00,874ff9c6-786d-45fc-a90e-48c7ffe03417,41.02763616544628,21.31108861478468,pm10,23
2026-01-14T11:49:45+01:00,874ff9c6-786d-45fc-a90e-48c7ffe03417,41.02763616544628,21.31108861478468,pm25,11
2026-01-14T11:49:45+01:00,874ff9c6-786d-45fc-a90e-48c7ffe03417,41.02763616544628,21.31108861478468,pressure,949
2026-01-14T11:49:45+01:00,874ff9c6-786d-45fc-a90e-48c7ffe03417,41.02763616544628,21.31108861478468,temperature,6
2026-01-14T12:05:16+01:00,874ff9c6-786d-45fc-a90e-48c7ffe03417,41.02763616544628,21.31108861478468,humidity,72
2026-01-14T12:05:16+01:00,874ff9c6-786d-45fc-a90e-48c7ffe03417,41.02763616544628,21.31108861478468,noise,44
2026-01-14T12:05:16+01:00,874ff9c6-786d-45fc-a90e-48c7ffe03417,41.02763616544628,21.31108861478468,noise_dba,46
2026-01-14T12:05:16+01:00,874ff9c6-786d-45fc-a90e-48c7ffe03417,41.02763616544628,21.31108861478468,pm10,29
2026-01-14T12:05:16+01:00,874ff9c6-786d-45fc-a90e-48c7ffe03417,41.02763616544628,21.31108861478468,pm25,13
2026-01-14T12:05:16+01:00,874ff9c6-786d-45fc-a90e-48c7ffe03417,41.02763616544628,21.31108861478468,pressure,949
2026-01-14T12:05:16+01:00,874ff9c6-786d-45fc-a90e-48c7ffe03417,41.02763616544628,21.31108861478468,temperature,7
2026-01-14T12:20:47+01:00,874ff9c6-786d-45fc-a90e-48c7ffe03417,41.02763616544628,21.31108861478468,humidity,71
2026-01-14T12:20:47+01:00,874ff9c6-786d-45fc-a90e-48c7ffe03417,41.02763616544628,21.31108861478468,noise,45
2026-01-14T12:20:47+01:00,874ff9c6-786d-45fc-a90e-48c7ffe03417,41.02763616544628,21.31108861478468,noise_dba,47
2026-01-14T12:20:47+01:00,874ff9c6-786d-45fc-a90e-48c7ffe03417,41.02763616544628,21.31108861478468,pm10,26
2026-01-14T12:20:47+01:00,874ff9c6-786d-45fc-a90e-48c7ffe03417,41.02763616544628,21.31108861478468,pm25,10
2026-01-14T12:20:47+01:00,874ff9c6-786d-45fc-a90e-48c7ffe03417,41.02763616544628,21.31108861478468,pressure,949
2026-01-14T12:20:47+01:00,874ff9c6-786d-45fc-a90e-48c7ffe03417,41.02763616544628,21.31108861478468,temperature,7
2026-01-14T12:36:18+01:00,874ff9c6-786d-45fc-a90e-48c7ffe03417,41.02763616544628,21.31108861478468,humidity,69
2026-01-14T12:36:18+01:00,874ff9c6-786d-45fc-a90e-48c7ffe03417,41.02763616544628,21.31108861478468,noise,46
2026-01-14T12:36:18+01:00,874ff9c6-786d-45fc-a90e-48c7ffe03417,41.02763616544628,21.31108861478468,noise_dba,47
2026-01-14T12:36:18+01:00,874ff9c6-786d-45fc-a90e-48c7ffe03417,41.02763616544628,21.31108861478468,pm10,23
2026-01-14T12:36:18+01:00,874ff9c6-786d-45fc-a90e-48c7ffe03417,41.02763616544628,21.31108861478468,pm25,11
2026-01-14T12:36:18+01:00,874ff9c6-786d-45fc-a90e-48c7ffe03417,41.02763616544628,21.31108861478468,pressure,949
2026-01-14T12:36:18+01:00,874ff9c6-786d-45fc-a90e-48c7ffe03417,41.02763616544628,21.31108861478468,temperature,7
2026-01-14T12:51:51+01:00,874ff9c6-786d-45fc-a90e-48c7ffe03417,41.02763616544628,21.31108861478468,humidity,69
2026-01-14T12:51:51+01:00,874ff9c6-786d-45fc-a90e-48c7ffe03417,41.02763616544628,21.31108861478468,noise,42
2026-01-14T12:51:51+01:00,874ff9c6-786d-45fc-a90e-48c7ffe03417,41.02763616544628,21.31108861478468,noise_dba,45
2026-01-14T12:51:51+01:00,874ff9c6-786d-45fc-a90e-48c7ffe03417,41.02763616544628,21.31108861478468,pm10,20
2026-01-14T12:51:51+01:00,874ff9c6-786d-45fc-a90e-48c7ffe03417,41.02763616544628,21.31108861478468,pm25,10
2026-01-14T12:51:51+01:00,874ff9c6-786d-45fc-a90e-48c7ffe03417,41.02763616544628,21.31108861478468,pressure,949
2026-01-14T12:51:51+01:00,874ff9c6-786d-45fc-a90e-48c7ffe03417,41.02763616544628,21.31108861478468,temperature,8
2026-01-14T13:07:23+01:00,874ff9c6-786d-45fc-a90e-48c7ffe03417,41.02763616544628,21.31108861478468,humidity,67
2026-01-14T13:07:23+01:00,874ff9c6-786d-45fc-a90e-48c7ffe03417,41.02763616544628,21.31108861478468,noise,43
2026-01-14T13:07:23+01:00,874ff9c6-786d-45fc-a90e-48c7ffe03417,41.02763616544628,21.31108861478468,noise_dba,46
2026-01-14T13:07:23+01:00,874ff9c6-786d-45fc-a90e-48c7ffe03417,41.02763616544628,21.31108861478468,pm10,21
2026-01-14T13:07:23+01:00,874ff9c6-786d-45fc-a90e-48c7ffe03417,41.02763616544628,21.31108861478468,pm25,9
2026-01-14T13:07:23+01:00,874ff9c6-786d-45fc-a90e-48c7ffe03417,41.02763616544628,21.31108861478468,pressure,948
2026-01-14T13:07:23+01:00,874ff9c6-786d-45fc-a90e-48c7ffe03417,41.02763616544628,21.31108861478468,temperature,9
2026-01-14T13:22:54+01:00,874ff9c6-786d-45fc-a90e-48c7ffe03417,41.02763616544628,21.31108861478468,humidity,69
2026-01-14T13:22:54+01:00,874ff9c6-786d-45fc-a90e-48c7ffe03417,41.02763616544628,21.31108861478468,noise,41
2026-01-14T13:22:54+01:00,874ff9c6-786d-45fc-a90e-48c7ffe03417,41.02763616544628,21.31108861478468,noise_dba,45
2026-01-14T13:22:54+01:00,874ff9c6-786d-45fc-a90e-48c7ffe03417,41.02763616544628,21.31108861478468,pm10,28
2026-01-14T13:22:54+01:00,874ff9c6-786d-45fc-a90e-48c7ffe03417,41.02763616544628,21.31108861478468,pm25,12
2026-01-14T13:22:54+01:00,874ff9c6-786d-45fc-a90e-48c7ffe03417,41.02763616544628,21.31108861478468,pressure,948
2026-01-14T13:22:54+01:00,874ff9c6-786d-45fc-a90e-48c7ffe03417,41.02763616544628,21.31108861478468,temperature,9
2026-01-14T13:38:25+01:00,874ff9c6-786d-45fc-a90e-48c7ffe03417,41.02763616544628,21.31108861478468,humidity,61
2026-01-14T13:38:25+01:00,874ff9c6-786d-45fc-a90e-48c7ffe03417,41.02763616544628,21.31108861478468,noise,41
2026-01-14T13:38:25+01:00,874ff9c6-786d-45fc-a90e-48c7ffe03417,41.02763616544628,21.31108861478468,noise_dba,45
2026-01-14T13:38:25+01:00,874ff9c6-786d-45fc-a90e-48c7ffe03417,41.02763616544628,21.31108861478468,pm10,32
2026-01-14T13:38:25+01:00,874ff9c6-786d-45fc-a90e-48c7ffe03417,41.02763616544628,21.31108861478468,pm25,10
2026-01-14T13:38:25+01:00,874ff9c6-786d-45fc-a90e-48c7ffe03417,41.02763616544628,21.31108861478468,pressure,948
2026-01-14T13:38:25+01:00,874ff9c6-786d-45fc-a90e-48c7ffe03417,41.02763616544628,21.31108861478468,temperature,10
2026-01-14T13:53:56+01:00,874ff9c6-786d-45fc-a90e-48c7ffe03417,41.02763616544628,21.31108861478468,humidity,60
2026-01-14T13:53:56+01:00,874ff9c6-786d-45fc-a90e-48c7ffe03417,41.02763616544628,21.31108861478468,noise,44
2026-01-14T13:53:56+01:00,874ff9c6-786d-45fc-a90e-48c7ffe03417,41.02763616544628,21.31108861478468,noise_dba,46
2026-01-14T13:53:56+01:00,874ff9c6-786d-45fc-a90e-48c7ffe03417,41.02763616544628,21.31108861478468,pm10,25
2026-01-14T13:53:56+01:00,874ff9c6-786d-45fc-a90e-48c7ffe03417,41.02763616544628,21.31108861478468,pm25,11
2026-01-14T13:53:56+01:00,874ff9c6-786d-45fc-a90e-48c7ffe03417,41.02763616544628,21.31108861478468,pressure,948
2026-01-14T13:53:56+01:00,874ff9c6-786d-45fc-a90e-48c7ffe03417,41.02763616544628,21.31108861478468,temperature,10
2026-01-14T14:09:27+01:00,874ff9c6-786d-45fc-a90e-48c7ffe03417,41.02763616544628,21.31108861478468,humidity,61
2026-01-14T14:09:27+01:00,874ff9c6-786d-45fc-a90e-48c7ffe03417,41.02763616544628,21.31108861478468,noise,44
2026-01-14T14:09:27+01:00,874ff9c6-786d-45fc-a90e-48c7ffe03417,41.02763616544628,21.31108861478468,noise_dba,46
2026-01-14T14:09:27+01:00,874ff9c6-786d-45fc-a90e-48c7ffe03417,41.02763616544628,21.31108861478468,pm10,19
2026-01-14T14:09:27+01:00,874ff9c6-786d-45fc-a90e-48c7ffe03417,41.02763616544628,21.31108861478468,pm25,6
2026-01-14T14:09:27+01:00,874ff9c6-786d-45fc-a90e-48c7ffe03417,41.02763616544628,21.31108861478468,pressure,948
2026-01-14T14:09:27+01:00,874ff9c6-786d-45fc-a90e-48c7ffe03417,41.02763616544628,21.31108861478468,temperature,10
2026-01-14T14:24:58+01:00,874ff9c6-786d-45fc-a90e-48c7ffe03417,41.02763616544628,21.31108861478468,humidity,64
2026-01-14T14:24:58+01:00,874ff9c6-786d-45fc-a90e-48c7ffe03417,41.02763616544628,21.31108861478468,noise,40
2026-01-14T14:24:58+01:00,874ff9c6-786d-45fc-a90e-48c7ffe03417,41.02763616544628,21.31108861478468,noise_dba,45
2026-01-14T14:24:58+01:00,874ff9c6-786d-45fc-a90e-48c7ffe03417,41.02763616544628,21.31108861478468,pm10,16
2026-01-14T14:24:58+01:00,874ff9c6-786d-45fc-a90e-48c7ffe03417,41.02763616544628,21.31108861478468,pm25,7
2026-01-14T14:24:58+01:00,874ff9c6-786d-45fc-a90e-48c7ffe03417,41.02763616544628,21.31108861478468,pressure,948
2026-01-14T14:24:58+01:00,874ff9c6-786d-45fc-a90e-48c7ffe03417,41.02763616544628,21.31108861478468,temperature,9
2026-01-14T14:40:29+01:00,874ff9c6-786d-45fc-a90e-48c7ffe03417,41.02763616544628,21.31108861478468,humidity,64
2026-01-14T14:40:29+01:00,874ff9c6-786d-45fc-a90e-48c7ffe03417,41.02763616544628,21.31108861478468,noise,40
2026-01-14T14:40:29+01:00,874ff9c6-786d-45fc-a90e-48c7ffe03417,41.02763616544628,21.31108861478468,noise_dba,45
2026-01-14T14:40:29+01:00,874ff9c6-786d-45fc-a90e-48c7ffe03417,41.02763616544628,21.31108861478468,pm10,14
2026-01-14T14:40:29+01:00,874ff9c6-786d-45fc-a90e-48c7ffe03417,41.02763616544628,21.31108861478468,pm25,6
2026-01-14T14:40:29+01:00,874ff9c6-786d-45fc-a90e-48c7ffe03417,41.02763616544628,21.31108861478468,pressure,948
2026-01-14T14:40:29+01:00,874ff9c6-786d-45fc-a90e-48c7ffe03417,41.02763616544628,21.31108861478468,temperature,9
2026-01-14T14:56:00+01:00,874ff9c6-786d-45fc-a90e-48c7ffe03417,41.02763616544628,21.31108861478468,humidity,66
2026-01-14T14:56:00+01:00,874ff9c6-786d-45fc-a90e-48c7ffe03417,41.02763616544628,21.31108861478468,noise,43
2026-01-14T14:56:00+01:00,874ff9c6-786d-45fc-a90e-48c7ffe03417,41.02763616544628,21.31108861478468,noise_dba,46
2026-01-14T14:56:00+01:00,874ff9c6-786d-45fc-a90e-48c7ffe03417,41.02763616544628,21.31108861478468,pm10,22
2026-01-14T14:56:00+01:00,874ff9c6-786d-45fc-a90e-48c7ffe03417,41.02763616544628,21.31108861478468,pm25,7
2026-01-14T14:56:00+01:00,874ff9c6-786d-45fc-a90e-48c7ffe03417,41.02763616544628,21.31108861478468,pressure,948
2026-01-14T14:56:00+01:00,874ff9c6-786d-45fc-a90e-48c7ffe03417,41.02763616544628,21.31108861478468,temperature,8
2026-01-14T15:11:31+01:00,874ff9c6-786d-45fc-a90e-48c7ffe03417,41.02763616544628,21.31108861478468,humidity,69
2026-01-14T15:11:31+01:00,874ff9c6-786d-45fc-a90e-48c7ffe03417,41.02763616544628,21.31108861478468,noise,44
2026-01-14T15:11:31+01:00,874ff9c6-786d-45fc-a90e-48c7ffe03417,41.02763616544628,21.31108861478468,noise_dba,46
2026-01-14T15:11:31+01:00,874ff9c6-786d-45fc-a90e-48c7ffe03417,41.02763616544628,21.31108861478468,pm10,25
2026-01-14T15:11:31+01:00,874ff9c6-786d-45fc-a90e-48c7ffe03417,41.02763616544628,21.31108861478468,pm25,12
2026-01-14T15:11:31+01:00,874ff9c6-786d-45fc-a90e-48c7ffe03417,41.02763616544628,21.31108861478468,pressure,948
2026-01-14T15:11:31+01:00,874ff9c6-786d-45fc-a90e-48c7ffe03417,41.02763616544628,21.31108861478468,temperature,8
2026-01-14T15:27:02+01:00,874ff9c6-786d-45fc-a90e-48c7ffe03417,41.02763616544628,21.31108861478468,humidity,69
2026-01-14T15:27:02+01:00,874ff9c6-786d-45fc-a90e-48c7ffe03417,41.02763616544628,21.31108861478468,noise,47
2026-01-14T15:27:02+01:00,874ff9c6-786d-45fc-a90e-48c7ffe03417,41.02763616544628,21.31108861478468,noise_dba,47
2026-01-14T15:27:02+01:00,874ff9c6-786d-45fc-a90e-48c7ffe03417,41.02763616544628,21.31108861478468,pm10,15
2026-01-14T15:27:02+01:00,874ff9c6-786d-45fc-a90e-48c7ffe03417,41.02763616544628,21.31108861478468,pm25,7
2026-01-14T15:27:02+01:00,874ff9c6-786d-45fc-a90e-48c7ffe03417,41.02763616544628,21.31108861478468,pressure,948
2026-01-14T15:27:02+01:00,874ff9c6-786d-45fc-a90e-48c7ffe03417,41.02763616544628,21.31108861478468,temperature,8
2026-01-14T15:42:33+01:00,874ff9c6-786d-45fc-a90e-48c7ffe03417,41.02763616544628,21.31108861478468,humidity,70
2026-01-14T15:42:33+01:00,874ff9c6-786d-45fc-a90e-48c7ffe03417,41.02763616544628,21.31108861478468,noise,42
2026-01-14T15:42:33+01:00,874ff9c6-786d-45fc-a90e-48c7ffe03417,41.02763616544628,21.31108861478468,noise_dba,45
2026-01-14T15:42:33+01:00,874ff9c6-786d-45fc-a90e-48c7ffe03417,41.02763616544628,21.31108861478468,pm10,22
2026-01-14T15:42:33+01:00,874ff9c6-786d-45fc-a90e-48c7ffe03417,41.02763616544628,21.31108861478468,pm25,11
2026-01-14T15:42:33+01:00,874ff9c6-786d-45fc-a90e-48c7ffe03417,41.02763616544628,21.31108861478468,pressure,948
2026-01-14T15:42:33+01:00,874ff9c6-786d-45fc-a90e-48c7ffe03417,41.02763616544628,21.31108861478468,temperature,7
2026-01-14T15:58:05+01:00,874ff9c6-786d-45fc-a90e-48c7ffe03417,41.02763616544628,21.31108861478468,humidity,72
2026-01-14T15:58:05+01:00,874ff9c6-786d-45fc-a90e-48c7ffe03417,41.02763616544628,21.31108861478468,noise,42
2026-01-14T15:58:05+01:00,874ff9c6-786d-45fc-a90e-48c7ffe03417,41.02763616544628,21.31108861478468,noise_dba,45
2026-01-14T15:58:05+01:00,874ff9c6-786d-45fc-a90e-48c7ffe03417,41.02763616544628,21.31108861478468,pm10,29
2026-01-14T15:58:05+01:00,874ff9c6-786d-45fc-a90e-48c7ffe03417,41.02763616544628,21.31108861478468,pm25,13
2026-01-14T15:58:05+01:00,874ff9c6-786d-45fc-a90e-48c7ffe03417,41.02763616544628,21.31108861478468,pressure,948
2026-01-14T15:58:05+01:00,874ff9c6-786d-45fc-a90e-48c7ffe03417,41.02763616544628,21.31108861478468,temperature,7
2026-01-14T16:13:36+01:00,874ff9c6-786d-45fc-a90e-48c7ffe03417,41.02763616544628,21.31108861478468,humidity,75
2026-01-14T16:13:36+01:00,874ff9c6-786d-45fc-a90e-48c7ffe03417,41.02763616544628,21.31108861478468,noise,42
2026-01-14T16:13:36+01:00,874ff9c6-786d-45fc-a90e-48c7ffe03417,41.02763616544628,21.31108861478468,noise_dba,45
2026-01-14T16:13:36+01:00,874ff9c6-786d-45fc-a90e-48c7ffe03417,41.02763616544628,21.31108861478468,pm10,35
2026-01-14T16:13:36+01:00,874ff9c6-786d-45fc-a90e-48c7ffe03417,41.02763616544628,21.31108861478468,pm25,15
2026-01-14T16:13:36+01:00,874ff9c6-786d-45fc-a90e-48c7ffe03417,41.02763616544628,21.31108861478468,pressure,948
2026-01-14T16:13:36+01:00,874ff9c6-786d-45fc-a90e-48c7ffe03417,41.02763616544628,21.31108861478468,temperature,6
2026-01-14T16:29:07+01:00,874ff9c6-786d-45fc-a90e-48c7ffe03417,41.02763616544628,21.31108861478468,humidity,76
2026-01-14T16:29:07+01:00,874ff9c6-786d-45fc-a90e-48c7ffe03417,41.02763616544628,21.31108861478468,noise,39
2026-01-14T16:29:07+01:00,874ff9c6-786d-45fc-a90e-48c7ffe03417,41.02763616544628,21.31108861478468,noise_dba,44
2026-01-14T16:29:07+01:00,874ff9c6-786d-45fc-a90e-48c7ffe03417,41.02763616544628,21.31108861478468,pm10,42
2026-01-14T16:29:07+01:00,874ff9c6-786d-45fc-a90e-48c7ffe03417,41.02763616544628,21.31108861478468,pm25,18
2026-01-14T16:29:07+01:00,874ff9c6-786d-45fc-a90e-48c7ffe03417,41.02763616544628,21.31108861478468,pressure,948
2026-01-14T16:29:07+01:00,874ff9c6-786d-45fc-a90e-48c7ffe03417,41.02763616544628,21.31108861478468,temperature,6
2026-01-14T16:44:38+01:00,874ff9c6-786d-45fc-a90e-48c7ffe03417,41.02763616544628,21.31108861478468,humidity,78
2026-01-14T16:44:38+01:00,874ff9c6-786d-45fc-a90e-48c7ffe03417,41.02763616544628,21.31108861478468,noise,41
2026-01-14T16:44:38+01:00,874ff9c6-786d-45fc-a90e-48c7ffe03417,41.02763616544628,21.31108861478468,noise_dba,45
2026-01-14T16:44:38+01:00,874ff9c6-786d-45fc-a90e-48c7ffe03417,41.02763616544628,21.31108861478468,pm10,28
2026-01-14T16:44:38+01:00,874ff9c6-786d-45fc-a90e-48c7ffe03417,41.02763616544628,21.31108861478468,pm25,13
2026-01-14T16:44:38+01:00,874ff9c6-786d-45fc-a90e-48c7ffe03417,41.02763616544628,21.31108861478468,pressure,948
2026-01-14T16:44:38+01:00,874ff9c6-786d-45fc-a90e-48c7ffe03417,41.02763616544628,21.31108861478468,temperature,5
2026-01-14T17:00:09+01:00,874ff9c6-786d-45fc-a90e-48c7ffe03417,41.02763616544628,21.31108861478468,humidity,81
2026-01-14T17:00:09+01:00,874ff9c6-786d-45fc-a90e-48c7ffe03417,41.02763616544628,21.31108861478468,noise,41
2026-01-14T17:00:09+01:00,874ff9c6-786d-45fc-a90e-48c7ffe03417,41.02763616544628,21.31108861478468,noise_dba,45
2026-01-14T17:00:09+01:00,874ff9c6-786d-45fc-a90e-48c7ffe03417,41.02763616544628,21.31108861478468,pm10,31
2026-01-14T17:00:09+01:00,874ff9c6-786d-45fc-a90e-48c7ffe03417,41.02763616544628,21.31108861478468,pm25,11
2026-01-14T17:00:09+01:00,874ff9c6-786d-45fc-a90e-48c7ffe03417,41.02763616544628,21.31108861478468,pressure,948
2026-01-14T17:00:09+01:00,874ff9c6-786d-45fc-a90e-48c7ffe03417,41.02763616544628,21.31108861478468,temperature,5
2026-01-14T17:15:40+01:00,874ff9c6-786d-45fc-a90e-48c7ffe03417,41.02763616544628,21.31108861478468,humidity,82
2026-01-14T17:15:40+01:00,874ff9c6-786d-45fc-a90e-48c7ffe03417,41.02763616544628,21.31108861478468,noise,39
2026-01-14T17:15:40+01:00,874ff9c6-786d-45fc-a90e-48c7ffe03417,41.02763616544628,21.31108861478468,noise_dba,44
2026-01-14T17:15:40+01:00,874ff9c6-786d-45fc-a90e-48c7ffe03417,41.02763616544628,21.31108861478468,pm10,21
2026-01-14T17:15:40+01:00,874ff9c6-786d-45fc-a90e-48c7ffe03417,41.02763616544628,21.31108861478468,pm25,9
2026-01-14T17:15:40+01:00,874ff9c6-786d-45fc-a90e-48c7ffe03417,41.02763616544628,21.31108861478468,pressure,948
2026-01-14T17:15:40+01:00,874ff9c6-786d-45fc-a90e-48c7ffe03417,41.02763616544628,21.31108861478468,temperature,5
2026-01-14T17:31:11+01:00,874ff9c6-786d-45fc-a90e-48c7ffe03417,41.02763616544628,21.31108861478468,humidity,83
2026-01-14T17:31:11+01:00,874ff9c6-786d-45fc-a90e-48c7ffe03417,41.02763616544628,21.31108861478468,noise,45
2026-01-14T17:31:11+01:00,874ff9c6-786d-45fc-a90e-48c7ffe03417,41.02763616544628,21.31108861478468,noise_dba,47
2026-01-14T17:31:11+01:00,874ff9c6-786d-45fc-a90e-48c7ffe03417,41.02763616544628,21.31108861478468,pm10,28
2026-01-14T17:31:11+01:00,874ff9c6-786d-45fc-a90e-48c7ffe03417,41.02763616544628,21.31108861478468,pm25,13
2026-01-14T17:31:11+01:00,874ff9c6-786d-45fc-a90e-48c7ffe03417,41.02763616544628,21.31108861478468,pressure,948
2026-01-14T17:31:11+01:00,874ff9c6-786d-45fc-a90e-48c7ffe03417,41.02763616544628,21.31108861478468,temperature,4
2026-01-14T17:46:42+01:00,874ff9c6-786d-45fc-a90e-48c7ffe03417,41.02763616544628,21.31108861478468,humidity,86
2026-01-14T17:46:42+01:00,874ff9c6-786d-45fc-a90e-48c7ffe03417,41.02763616544628,21.31108861478468,noise,38
2026-01-14T17:46:42+01:00,874ff9c6-786d-45fc-a90e-48c7ffe03417,41.02763616544628,21.31108861478468,noise_dba,44
2026-01-14T17:46:42+01:00,874ff9c6-786d-45fc-a90e-48c7ffe03417,41.02763616544628,21.31108861478468,pm10,18
2026-01-14T17:46:42+01:00,874ff9c6-786d-45fc-a90e-48c7ffe03417,41.02763616544628,21.31108861478468,pm25,7
2026-01-14T17:46:42+01:00,874ff9c6-786d-45fc-a90e-48c7ffe03417,41.02763616544628,21.31108861478468,pressure,948
2026-01-14T17:46:42+01:00,874ff9c6-786d-45fc-a90e-48c7ffe03417,41.02763616544628,21.31108861478468,temperature,4
2026-01-14T18:02:12+01:00,874ff9c6-786d-45fc-a90e-48c7ffe03417,41.02763616544628,21.31108861478468,humidity,90
2026-01-14T18:02:12+01:00,874ff9c6-786d-45fc-a90e-48c7ffe03417,41.02763616544628,21.31108861478468,noise,41
2026-01-14T18:02:12+01:00,874ff9c6-786d-45fc-a90e-48c7ffe03417,41.02763616544628,21.31108861478468,noise_dba,45
2026-01-14T18:02:12+01:00,874ff9c6-786d-45fc-a90e-48c7ffe03417,41.02763616544628,21.31108861478468,pm10,9
2026-01-14T18:02:12+01:00,874ff9c6-786d-45fc-a90e-48c7ffe03417,41.02763616544628,21.31108861478468,pm25,3
2026-01-14T18:02:12+01:00,874ff9c6-786d-45fc-a90e-48c7ffe03417,41.02763616544628,21.31108861478468,pressure,948
2026-01-14T18:02:12+01:00,874ff9c6-786d-45fc-a90e-48c7ffe03417,41.02763616544628,21.31108861478468,temperature,3
2026-01-14T18:17:43+01:00,874ff9c6-786d-45fc-a90e-48c7ffe03417,41.02763616544628,21.31108861478468,humidity,91
2026-01-14T18:17:43+01:00,874ff9c6-786d-45fc-a90e-48c7ffe03417,41.02763616544628,21.31108861478468,noise,40
2026-01-14T18:17:43+01:00,874ff9c6-786d-45fc-a90e-48c7ffe03417,41.02763616544628,21.31108861478468,noise_dba,45
2026-01-14T18:17:43+01:00,874ff9c6-786d-45fc-a90e-48c7ffe03417,41.02763616544628,21.31108861478468,pm10,19
2026-01-14T18:17:43+01:00,874ff9c6-786d-45fc-a90e-48c7ffe03417,41.02763616544628,21.31108861478468,pm25,7
2026-01-14T18:17:43+01:00,874ff9c6-786d-45fc-a90e-48c7ffe03417,41.02763616544628,21.31108861478468,pressure,948
2026-01-14T18:17:43+01:00,874ff9c6-786d-45fc-a90e-48c7ffe03417,41.02763616544628,21.31108861478468,temperature,3
2026-01-14T18:33:14+01:00,874ff9c6-786d-45fc-a90e-48c7ffe03417,41.02763616544628,21.31108861478468,humidity,94
2026-01-14T18:33:14+01:00,874ff9c6-786d-45fc-a90e-48c7ffe03417,41.02763616544628,21.31108861478468,noise,40
2026-01-14T18:33:14+01:00,874ff9c6-786d-45fc-a90e-48c7ffe03417,41.02763616544628,21.31108861478468,noise_dba,45
2026-01-14T18:33:14+01:00,874ff9c6-786d-45fc-a90e-48c7ffe03417,41.02763616544628,21.31108861478468,pm10,10
2026-01-14T18:33:14+01:00,874ff9c6-786d-45fc-a90e-48c7ffe03417,41.02763616544628,21.31108861478468,pm25,3
2026-01-14T18:33:14+01:00,874ff9c6-786d-45fc-a90e-48c7ffe03417,41.02763616544628,21.31108861478468,pressure,948
2026-01-14T18:33:14+01:00,874ff9c6-786d-45fc-a90e-48c7ffe03417,41.02763616544628,21.31108861478468,temperature,3
2026-01-14T18:48:45+01:00,874ff9c6-786d-45fc-a90e-48c7ffe03417,41.02763616544628,21.31108861478468,humidity,94
2026-01-14T18:48:45+01:00,874ff9c6-786d-45fc-a90e-48c7ffe03417,41.02763616544628,21.31108861478468,noise,44
2026-01-14T18:48:45+01:00,874ff9c6-786d-45fc-a90e-48c7ffe03417,41.02763616544628,21.31108861478468,noise_dba,46
2026-01-14T18:48:45+01:00,874ff9c6-786d-45fc-a90e-48c7ffe03417,41.02763616544628,21.31108861478468,pm10,22
2026-01-14T18:48:45+01:00,874ff9c6-786d-45fc-a90e-48c7ffe03417,41.02763616544628,21.31108861478468,pm25,8
2026-01-14T18:48:45+01:00,874ff9c6-786d-45fc-a90e-48c7ffe03417,41.02763616544628,21.31108861478468,pressure,948
2026-01-14T18:48:45+01:00,874ff9c6-786d-45fc-a90e-48c7ffe03417,41.02763616544628,21.31108861478468,temperature,3
2026-01-14T19:04:16+01:00,874ff9c6-786d-45fc-a90e-48c7ffe03417,41.02763616544628,21.31108861478468,humidity,94
2026-01-14T19:04:16+01:00,874ff9c6-786d-45fc-a90e-48c7ffe03417,41.02763616544628,21.31108861478468,noise,38
2026-01-14T19:04:16+01:00,874ff9c6-786d-45fc-a90e-48c7ffe03417,41.02763616544628,21.31108861478468,noise_dba,44
2026-01-14T19:04:16+01:00,874ff9c6-786d-45fc-a90e-48c7ffe03417,41.02763616544628,21.31108861478468,pm10,13
2026-01-14T19:04:16+01:00,874ff9c6-786d-45fc-a90e-48c7ffe03417,41.02763616544628,21.31108861478468,pm25,6
2026-01-14T19:04:16+01:00,874ff9c6-786d-45fc-a90e-48c7ffe03417,41.02763616544628,21.31108861478468,pressure,948
2026-01-14T19:04:16+01:00,874ff9c6-786d-45fc-a90e-48c7ffe03417,41.02763616544628,21.31108861478468,temperature,3
2026-01-14T19:19:46+01:00,874ff9c6-786d-45fc-a90e-48c7ffe03417,41.02763616544628,21.31108861478468,humidity,90
2026-01-14T19:19:46+01:00,874ff9c6-786d-45fc-a90e-48c7ffe03417,41.02763616544628,21.31108861478468,noise,44
2026-01-14T19:19:46+01:00,874ff9c6-786d-45fc-a90e-48c7ffe03417,41.02763616544628,21.31108861478468,noise_dba,46
2026-01-14T19:19:46+01:00,874ff9c6-786d-45fc-a90e-48c7ffe03417,41.02763616544628,21.31108861478468,pm10,14
2026-01-14T19:19:46+01:00,874ff9c6-786d-45fc-a90e-48c7ffe03417,41.02763616544628,21.31108861478468,pm25,7
2026-01-14T19:19:46+01:00,874ff9c6-786d-45fc-a90e-48c7ffe03417,41.02763616544628,21.31108861478468,pressure,948
2026-01-14T19:19:46+01:00,874ff9c6-786d-45fc-a90e-48c7ffe03417,41.02763616544628,21.31108861478468,temperature,4
2026-01-14T19:35:17+01:00,874ff9c6-786d-45fc-a90e-48c7ffe03417,41.02763616544628,21.31108861478468,humidity,86
2026-01-14T19:35:17+01:00,874ff9c6-786d-45fc-a90e-48c7ffe03417,41.02763616544628,21.31108861478468,noise,39
2026-01-14T19:35:17+01:00,874ff9c6-786d-45fc-a90e-48c7ffe03417,41.02763616544628,21.31108861478468,noise_dba,44
2026-01-14T19:35:17+01:00,874ff9c6-786d-45fc-a90e-48c7ffe03417,41.02763616544628,21.31108861478468,pm10,8
2026-01-14T19:35:17+01:00,874ff9c6-786d-45fc-a90e-48c7ffe03417,41.02763616544628,21.31108861478468,pm25,3
2026-01-14T19:35:17+01:00,874ff9c6-786d-45fc-a90e-48c7ffe03417,41.02763616544628,21.31108861478468,pressure,948
2026-01-14T19:35:17+01:00,874ff9c6-786d-45fc-a90e-48c7ffe03417,41.02763616544628,21.31108861478468,temperature,4
2026-01-14T19:50:48+01:00,874ff9c6-786d-45fc-a90e-48c7ffe03417,41.02763616544628,21.31108861478468,humidity,87
2026-01-14T19:50:48+01:00,874ff9c6-786d-45fc-a90e-48c7ffe03417,41.02763616544628,21.31108861478468,noise,43
2026-01-14T19:50:48+01:00,874ff9c6-786d-45fc-a90e-48c7ffe03417,41.02763616544628,21.31108861478468,noise_dba,46
2026-01-14T19:50:48+01:00,874ff9c6-786d-45fc-a90e-48c7ffe03417,41.02763616544628,21.31108861478468,pm10,17
2026-01-14T19:50:48+01:00,874ff9c6-786d-45fc-a90e-48c7ffe03417,41.02763616544628,21.31108861478468,pm25,7
2026-01-14T19:50:48+01:00,874ff9c6-786d-45fc-a90e-48c7ffe03417,41.02763616544628,21.31108861478468,pressure,948
2026-01-14T19:50:48+01:00,874ff9c6-786d-45fc-a90e-48c7ffe03417,41.02763616544628,21.31108861478468,temperature,4
2026-01-14T20:06:19+01:00,874ff9c6-786d-45fc-a90e-48c7ffe03417,41.02763616544628,21.31108861478468,humidity,87
2026-01-14T20:06:19+01:00,874ff9c6-786d-45fc-a90e-48c7ffe03417,41.02763616544628,21.31108861478468,noise,48
2026-01-14T20:06:19+01:00,874ff9c6-786d-45fc-a90e-48c7ffe03417,41.02763616544628,21.31108861478468,noise_dba,48
2026-01-14T20:06:19+01:00,874ff9c6-786d-45fc-a90e-48c7ffe03417,41.02763616544628,21.31108861478468,pm10,47
2026-01-14T20:06:19+01:00,874ff9c6-786d-45fc-a90e-48c7ffe03417,41.02763616544628,21.31108861478468,pm25,21
2026-01-14T20:06:19+01:00,874ff9c6-786d-45fc-a90e-48c7ffe03417,41.02763616544628,21.31108861478468,pressure,948
2026-01-14T20:06:19+01:00,874ff9c6-786d-45fc-a90e-48c7ffe03417,41.02763616544628,21.31108861478468,temperature,4
2026-01-14T20:21:51+01:00,874ff9c6-786d-45fc-a90e-48c7ffe03417,41.02763616544628,21.31108861478468,humidity,88
2026-01-14T20:21:51+01:00,874ff9c6-786d-45fc-a90e-48c7ffe03417,41.02763616544628,21.31108861478468,noise,46
2026-01-14T20:21:51+01:00,874ff9c6-786d-45fc-a90e-48c7ffe03417,41.02763616544628,21.31108861478468,noise_dba,47
2026-01-14T20:21:51+01:00,874ff9c6-786d-45fc-a90e-48c7ffe03417,41.02763616544628,21.31108861478468,pm10,16
2026-01-14T20:21:51+01:00,874ff9c6-786d-45fc-a90e-48c7ffe03417,41.02763616544628,21.31108861478468,pm25,8
2026-01-14T20:21:51+01:00,874ff9c6-786d-45fc-a90e-48c7ffe03417,41.02763616544628,21.31108861478468,pressure,948
2026-01-14T20:21:51+01:00,874ff9c6-786d-45fc-a90e-48c7ffe03417,41.02763616544628,21.31108861478468,temperature,3
2026-01-14T20:37:21+01:00,874ff9c6-786d-45fc-a90e-48c7ffe03417,41.02763616544628,21.31108861478468,humidity,89
2026-01-14T20:37:21+01:00,874ff9c6-786d-45fc-a90e-48c7ffe03417,41.02763616544628,21.31108861478468,noise,39
2026-01-14T20:37:21+01:00,874ff9c6-786d-45fc-a90e-48c7ffe03417,41.02763616544628,21.31108861478468,noise_dba,44
2026-01-14T20:37:21+01:00,874ff9c6-786d-45fc-a90e-48c7ffe03417,41.02763616544628,21.31108861478468,pm10,25
2026-01-14T20:37:21+01:00,874ff9c6-786d-45fc-a90e-48c7ffe03417,41.02763616544628,21.31108861478468,pm25,11
2026-01-14T20:37:21+01:00,874ff9c6-786d-45fc-a90e-48c7ffe03417,41.02763616544628,21.31108861478468,pressure,948
2026-01-14T20:37:21+01:00,874ff9c6-786d-45fc-a90e-48c7ffe03417,41.02763616544628,21.31108861478468,temperature,3
2026-01-14T20:52:52+01:00,874ff9c6-786d-45fc-a90e-48c7ffe03417,41.02763616544628,21.31108861478468,humidity,88
2026-01-14T20:52:52+01:00,874ff9c6-786d-45fc-a90e-48c7ffe03417,41.02763616544628,21.31108861478468,noise,38
2026-01-14T20:52:52+01:00,874ff9c6-786d-45fc-a90e-48c7ffe03417,41.02763616544628,21.31108861478468,noise_dba,44
2026-01-14T20:52:52+01:00,874ff9c6-786d-45fc-a90e-48c7ffe03417,41.02763616544628,21.31108861478468,pm10,21
2026-01-14T20:52:52+01:00,874ff9c6-786d-45fc-a90e-48c7ffe03417,41.02763616544628,21.31108861478468,pm25,9
2026-01-14T20:52:52+01:00,874ff9c6-786d-45fc-a90e-48c7ffe03417,41.02763616544628,21.31108861478468,pressure,948
2026-01-14T20:52:52+01:00,874ff9c6-786d-45fc-a90e-48c7ffe03417,41.02763616544628,21.31108861478468,temperature,3
2026-01-14T21:08:24+01:00,874ff9c6-786d-45fc-a90e-48c7ffe03417,41.02763616544628,21.31108861478468,humidity,87
2026-01-14T21:08:24+01:00,874ff9c6-786d-45fc-a90e-48c7ffe03417,41.02763616544628,21.31108861478468,noise,48
2026-01-14T21:08:24+01:00,874ff9c6-786d-45fc-a90e-48c7ffe03417,41.02763616544628,21.31108861478468,noise_dba,48
2026-01-14T21:08:24+01:00,874ff9c6-786d-45fc-a90e-48c7ffe03417,41.02763616544628,21.31108861478468,pm10,21
2026-01-14T21:08:24+01:00,874ff9c6-786d-45fc-a90e-48c7ffe03417,41.02763616544628,21.31108861478468,pm25,9
2026-01-14T21:08:24+01:00,874ff9c6-786d-45fc-a90e-48c7ffe03417,41.02763616544628,21.31108861478468,pressure,948
2026-01-14T21:08:24+01:00,874ff9c6-786d-45fc-a90e-48c7ffe03417,41.02763616544628,21.31108861478468,temperature,3
2026-01-14T21:23:55+01:00,874ff9c6-786d-45fc-a90e-48c7ffe03417,41.02763616544628,21.31108861478468,humidity,89
2026-01-14T21:23:55+01:00,874ff9c6-786d-45fc-a90e-48c7ffe03417,41.02763616544628,21.31108861478468,noise,42
2026-01-14T21:23:55+01:00,874ff9c6-786d-45fc-a90e-48c7ffe03417,41.02763616544628,21.31108861478468,noise_dba,45
2026-01-14T21:23:55+01:00,874ff9c6-786d-45fc-a90e-48c7ffe03417,41.02763616544628,21.31108861478468,pm10,17
2026-01-14T21:23:55+01:00,874ff9c6-786d-45fc-a90e-48c7ffe03417,41.02763616544628,21.31108861478468,pm25,7
2026-01-14T21:23:55+01:00,874ff9c6-786d-45fc-a90e-48c7ffe03417,41.02763616544628,21.31108861478468,pressure,949
2026-01-14T21:23:55+01:00,874ff9c6-786d-45fc-a90e-48c7ffe03417,41.02763616544628,21.31108861478468,temperature,3
2026-01-14T21:39:26+01:00,874ff9c6-786d-45fc-a90e-48c7ffe03417,41.02763616544628,21.31108861478468,humidity,91
2026-01-14T21:39:26+01:00,874ff9c6-786d-45fc-a90e-48c7ffe03417,41.02763616544628,21.31108861478468,noise,40
2026-01-14T21:39:26+01:00,874ff9c6-786d-45fc-a90e-48c7ffe03417,41.02763616544628,21.31108861478468,noise_dba,45
2026-01-14T21:39:26+01:00,874ff9c6-786d-45fc-a90e-48c7ffe03417,41.02763616544628,21.31108861478468,pm10,24
2026-01-14T21:39:26+01:00,874ff9c6-786d-45fc-a90e-48c7ffe03417,41.02763616544628,21.31108861478468,pm25,10
2026-01-14T21:39:26+01:00,874ff9c6-786d-45fc-a90e-48c7ffe03417,41.02763616544628,21.31108861478468,pressure,949
2026-01-14T21:39:26+01:00,874ff9c6-786d-45fc-a90e-48c7ffe03417,41.02763616544628,21.31108861478468,temperature,3
2026-01-14T21:54:57+01:00,874ff9c6-786d-45fc-a90e-48c7ffe03417,41.02763616544628,21.31108861478468,humidity,91
2026-01-14T21:54:57+01:00,874ff9c6-786d-45fc-a90e-48c7ffe03417,41.02763616544628,21.31108861478468,noise,37
2026-01-14T21:54:57+01:00,874ff9c6-786d-45fc-a90e-48c7ffe03417,41.02763616544628,21.31108861478468,noise_dba,43
2026-01-14T21:54:57+01:00,874ff9c6-786d-45fc-a90e-48c7ffe03417,41.02763616544628,21.31108861478468,pm10,28
2026-01-14T21:54:57+01:00,874ff9c6-786d-45fc-a90e-48c7ffe03417,41.02763616544628,21.31108861478468,pm25,13
2026-01-14T21:54:57+01:00,874ff9c6-786d-45fc-a90e-48c7ffe03417,41.02763616544628,21.31108861478468,pressure,949
2026-01-14T21:54:57+01:00,874ff9c6-786d-45fc-a90e-48c7ffe03417,41.02763616544628,21.31108861478468,temperature,3
2026-01-14T22:10:28+01:00,874ff9c6-786d-45fc-a90e-48c7ffe03417,41.02763616544628,21.31108861478468,humidity,91
2026-01-14T22:10:28+01:00,874ff9c6-786d-45fc-a90e-48c7ffe03417,41.02763616544628,21.31108861478468,noise,39
2026-01-14T22:10:28+01:00,874ff9c6-786d-45fc-a90e-48c7ffe03417,41.02763616544628,21.31108861478468,noise_dba,44
2026-01-14T22:10:28+01:00,874ff9c6-786d-45fc-a90e-48c7ffe03417,41.02763616544628,21.31108861478468,pm10,25
2026-01-14T22:10:28+01:00,874ff9c6-786d-45fc-a90e-48c7ffe03417,41.02763616544628,21.31108861478468,pm25,9
2026-01-14T22:10:28+01:00,874ff9c6-786d-45fc-a90e-48c7ffe03417,41.02763616544628,21.31108861478468,pressure,949
2026-01-14T22:10:28+01:00,874ff9c6-786d-45fc-a90e-48c7ffe03417,41.02763616544628,21.31108861478468,temperature,3
2026-01-14T22:26:02+01:00,874ff9c6-786d-45fc-a90e-48c7ffe03417,41.02763616544628,21.31108861478468,humidity,90
2026-01-14T22:26:02+01:00,874ff9c6-786d-45fc-a90e-48c7ffe03417,41.02763616544628,21.31108861478468,noise,36
2026-01-14T22:26:02+01:00,874ff9c6-786d-45fc-a90e-48c7ffe03417,41.02763616544628,21.31108861478468,noise_dba,43
2026-01-14T22:26:02+01:00,874ff9c6-786d-45fc-a90e-48c7ffe03417,41.02763616544628,21.31108861478468,pm10,21
2026-01-14T22:26:02+01:00,874ff9c6-786d-45fc-a90e-48c7ffe03417,41.02763616544628,21.31108861478468,pm25,9
2026-01-14T22:26:02+01:00,874ff9c6-786d-45fc-a90e-48c7ffe03417,41.02763616544628,21.31108861478468,pressure,949
2026-01-14T22:26:02+01:00,874ff9c6-786d-45fc-a90e-48c7ffe03417,41.02763616544628,21.31108861478468,temperature,3
2026-01-14T22:41:33+01:00,874ff9c6-786d-45fc-a90e-48c7ffe03417,41.02763616544628,21.31108861478468,humidity,90
2026-01-14T22:41:33+01:00,874ff9c6-786d-45fc-a90e-48c7ffe03417,41.02763616544628,21.31108861478468,noise,35
2026-01-14T22:41:33+01:00,874ff9c6-786d-45fc-a90e-48c7ffe03417,41.02763616544628,21.31108861478468,noise_dba,43
2026-01-14T22:41:33+01:00,874ff9c6-786d-45fc-a90e-48c7ffe03417,41.02763616544628,21.31108861478468,pm10,34
2026-01-14T22:41:33+01:00,874ff9c6-786d-45fc-a90e-48c7ffe03417,41.02763616544628,21.31108861478468,pm25,16
2026-01-14T22:41:33+01:00,874ff9c6-786d-45fc-a90e-48c7ffe03417,41.02763616544628,21.31108861478468,pressure,949
2026-01-14T22:41:33+01:00,874ff9c6-786d-45fc-a90e-48c7ffe03417,41.02763616544628,21.31108861478468,temperature,2
2026-01-14T22:57:03+01:00,874ff9c6-786d-45fc-a90e-48c7ffe03417,41.02763616544628,21.31108861478468,humidity,92
2026-01-14T22:57:03+01:00,874ff9c6-786d-45fc-a90e-48c7ffe03417,41.02763616544628,21.31108861478468,noise,35
2026-01-14T22:57:03+01:00,874ff9c6-786d-45fc-a90e-48c7ffe03417,41.02763616544628,21.31108861478468,noise_dba,43
2026-01-14T22:57:03+01:00,874ff9c6-786d-45fc-a90e-48c7ffe03417,41.02763616544628,21.31108861478468,pm10,21
2026-01-14T22:57:03+01:00,874ff9c6-786d-45fc-a90e-48c7ffe03417,41.02763616544628,21.31108861478468,pm25,10
2026-01-14T22:57:03+01:00,874ff9c6-786d-45fc-a90e-48c7ffe03417,41.02763616544628,21.31108861478468,pressure,949
2026-01-14T22:57:03+01:00,874ff9c6-786d-45fc-a90e-48c7ffe03417,41.02763616544628,21.31108861478468,temperature,2
2026-01-14T23:12:34+01:00,874ff9c6-786d-45fc-a90e-48c7ffe03417,41.02763616544628,21.31108861478468,humidity,92
2026-01-14T23:12:34+01:00,874ff9c6-786d-45fc-a90e-48c7ffe03417,41.02763616544628,21.31108861478468,noise,35
2026-01-14T23:12:34+01:00,874ff9c6-786d-45fc-a90e-48c7ffe03417,41.02763616544628,21.31108861478468,noise_dba,43
2026-01-14T23:12:34+01:00,874ff9c6-786d-45fc-a90e-48c7ffe03417,41.02763616544628,21.31108861478468,pm10,22
2026-01-14T23:12:34+01:00,874ff9c6-786d-45fc-a90e-48c7ffe03417,41.02763616544628,21.31108861478468,pm25,9
2026-01-14T23:12:34+01:00,874ff9c6-786d-45fc-a90e-48c7ffe03417,41.02763616544628,21.31108861478468,pressure,949
2026-01-14T23:12:34+01:00,874ff9c6-786d-45fc-a90e-48c7ffe03417,41.02763616544628,21.31108861478468,temperature,2
2026-01-14T23:28:06+01:00,874ff9c6-786d-45fc-a90e-48c7ffe03417,41.02763616544628,21.31108861478468,humidity,93
2026-01-14T23:28:06+01:00,874ff9c6-786d-45fc-a90e-48c7ffe03417,41.02763616544628,21.31108861478468,noise,34
2026-01-14T23:28:06+01:00,874ff9c6-786d-45fc-a90e-48c7ffe03417,41.02763616544628,21.31108861478468,noise_dba,42
2026-01-14T23:28:06+01:00,874ff9c6-786d-45fc-a90e-48c7ffe03417,41.02763616544628,21.31108861478468,pm10,23
2026-01-14T23:28:06+01:00,874ff9c6-786d-45fc-a90e-48c7ffe03417,41.02763616544628,21.31108861478468,pm25,9
2026-01-14T23:28:06+01:00,874ff9c6-786d-45fc-a90e-48c7ffe03417,41.02763616544628,21.31108861478468,pressure,949
2026-01-14T23:28:06+01:00,874ff9c6-786d-45fc-a90e-48c7ffe03417,41.02763616544628,21.31108861478468,temperature,2
2026-01-14T23:43:37+01:00,874ff9c6-786d-45fc-a90e-48c7ffe03417,41.02763616544628,21.31108861478468,humidity,96
2026-01-14T23:43:37+01:00,874ff9c6-786d-45fc-a90e-48c7ffe03417,41.02763616544628,21.31108861478468,noise,32
2026-01-14T23:43:37+01:00,874ff9c6-786d-45fc-a90e-48c7ffe03417,41.02763616544628,21.31108861478468,noise_dba,41
2026-01-14T23:43:37+01:00,874ff9c6-786d-45fc-a90e-48c7ffe03417,41.02763616544628,21.31108861478468,pm10,21
2026-01-14T23:43:37+01:00,874ff9c6-786d-45fc-a90e-48c7ffe03417,41.02763616544628,21.31108861478468,pm25,8
2026-01-14T23:43:37+01:00,874ff9c6-786d-45fc-a90e-48c7ffe03417,41.02763616544628,21.31108861478468,pressure,948
2026-01-14T23:43:37+01:00,874ff9c6-786d-45fc-a90e-48c7ffe03417,41.02763616544628,21.31108861478468,temperature,2
2026-01-14T23:59:08+01:00,874ff9c6-786d-45fc-a90e-48c7ffe03417,41.02763616544628,21.31108861478468,humidity,94
2026-01-14T23:59:08+01:00,874ff9c6-786d-45fc-a90e-48c7ffe03417,41.02763616544628,21.31108861478468,noise,33
2026-01-14T23:59:08+01:00,874ff9c6-786d-45fc-a90e-48c7ffe03417,41.02763616544628,21.31108861478468,noise_dba,42
2026-01-14T23:59:08+01:00,874ff9c6-786d-45fc-a90e-48c7ffe03417,41.02763616544628,21.31108861478468,pm10,24
2026-01-14T23:59:08+01:00,874ff9c6-786d-45fc-a90e-48c7ffe03417,41.02763616544628,21.31108861478468,pm25,9
2026-01-14T23:59:08+01:00,874ff9c6-786d-45fc-a90e-48c7ffe03417,41.02763616544628,21.31108861478468,pressure,948
2026-01-14T23:59:08+01:00,874ff9c6-786d-45fc-a90e-48c7ffe03417,41.02763616544628,21.31108861478468,temperature,2
2026-01-15T00:14:39+01:00,874ff9c6-786d-45fc-a90e-48c7ffe03417,41.02763616544628,21.31108861478468,humidity,94
2026-01-15T00:14:39+01:00,874ff9c6-786d-45fc-a90e-48c7ffe03417,41.02763616544628,21.31108861478468,noise,31
2026-01-15T00:14:39+01:00,874ff9c6-786d-45fc-a90e-48c7ffe03417,41.02763616544628,21.31108861478468,noise_dba,41
2026-01-15T00:14:39+01:00,874ff9c6-786d-45fc-a90e-48c7ffe03417,41.02763616544628,21.31108861478468,pm10,16
2026-01-15T00:14:39+01:00,874ff9c6-786d-45fc-a90e-48c7ffe03417,41.02763616544628,21.31108861478468,pm25,5
2026-01-15T00:14:39+01:00,874ff9c6-786d-45fc-a90e-48c7ffe03417,41.02763616544628,21.31108861478468,pressure,948
2026-01-15T00:14:39+01:00,874ff9c6-786d-45fc-a90e-48c7ffe03417,41.02763616544628,21.31108861478468,temperature,2
2026-01-15T00:30:11+01:00,874ff9c6-786d-45fc-a90e-48c7ffe03417,41.02763616544628,21.31108861478468,humidity,94
2026-01-15T00:30:11+01:00,874ff9c6-786d-45fc-a90e-48c7ffe03417,41.02763616544628,21.31108861478468,noise,40
2026-01-15T00:30:11+01:00,874ff9c6-786d-45fc-a90e-48c7ffe03417,41.02763616544628,21.31108861478468,noise_dba,45
2026-01-15T00:30:11+01:00,874ff9c6-786d-45fc-a90e-48c7ffe03417,41.02763616544628,21.31108861478468,pm10,17
2026-01-15T00:30:11+01:00,874ff9c6-786d-45fc-a90e-48c7ffe03417,41.02763616544628,21.31108861478468,pm25,7
2026-01-15T00:30:11+01:00,874ff9c6-786d-45fc-a90e-48c7ffe03417,41.02763616544628,21.31108861478468,pressure,949
2026-01-15T00:30:11+01:00,874ff9c6-786d-45fc-a90e-48c7ffe03417,41.02763616544628,21.31108861478468,temperature,2
2026-01-15T00:45:41+01:00,874ff9c6-786d-45fc-a90e-48c7ffe03417,41.02763616544628,21.31108861478468,humidity,94
2026-01-15T00:45:41+01:00,874ff9c6-786d-45fc-a90e-48c7ffe03417,41.02763616544628,21.31108861478468,noise,33
2026-01-15T00:45:41+01:00,874ff9c6-786d-45fc-a90e-48c7ffe03417,41.02763616544628,21.31108861478468,noise_dba,42
2026-01-15T00:45:41+01:00,874ff9c6-786d-45fc-a90e-48c7ffe03417,41.02763616544628,21.31108861478468,pm10,29
2026-01-15T00:45:41+01:00,874ff9c6-786d-45fc-a90e-48c7ffe03417,41.02763616544628,21.31108861478468,pm25,11
2026-01-15T00:45:41+01:00,874ff9c6-786d-45fc-a90e-48c7ffe03417,41.02763616544628,21.31108861478468,pressure,949
2026-01-15T00:45:41+01:00,874ff9c6-786d-45fc-a90e-48c7ffe03417,41.02763616544628,21.31108861478468,temperature,2
2026-01-15T01:01:12+01:00,874ff9c6-786d-45fc-a90e-48c7ffe03417,41.02763616544628,21.31108861478468,humidity,95
2026-01-15T01:01:12+01:00,874ff9c6-786d-45fc-a90e-48c7ffe03417,41.02763616544628,21.31108861478468,noise,28
2026-01-15T01:01:12+01:00,874ff9c6-786d-45fc-a90e-48c7ffe03417,41.02763616544628,21.31108861478468,noise_dba,39
2026-01-15T01:01:12+01:00,874ff9c6-786d-45fc-a90e-48c7ffe03417,41.02763616544628,21.31108861478468,pm10,31
2026-01-15T01:01:12+01:00,874ff9c6-786d-45fc-a90e-48c7ffe03417,41.02763616544628,21.31108861478468,pm25,12
2026-01-15T01:01:12+01:00,874ff9c6-786d-45fc-a90e-48c7ffe03417,41.02763616544628,21.31108861478468,pressure,949
2026-01-15T01:01:12+01:00,874ff9c6-786d-45fc-a90e-48c7ffe03417,41.02763616544628,21.31108861478468,temperature,1
2026-01-15T01:16:43+01:00,874ff9c6-786d-45fc-a90e-48c7ffe03417,41.02763616544628,21.31108861478468,humidity,95
2026-01-15T01:16:43+01:00,874ff9c6-786d-45fc-a90e-48c7ffe03417,41.02763616544628,21.31108861478468,noise,33
2026-01-15T01:16:43+01:00,874ff9c6-786d-45fc-a90e-48c7ffe03417,41.02763616544628,21.31108861478468,noise_dba,42
2026-01-15T01:16:43+01:00,874ff9c6-786d-45fc-a90e-48c7ffe03417,41.02763616544628,21.31108861478468,pm10,39
2026-01-15T01:16:43+01:00,874ff9c6-786d-45fc-a90e-48c7ffe03417,41.02763616544628,21.31108861478468,pm25,15
2026-01-15T01:16:43+01:00,874ff9c6-786d-45fc-a90e-48c7ffe03417,41.02763616544628,21.31108861478468,pressure,949
2026-01-15T01:16:43+01:00,874ff9c6-786d-45fc-a90e-48c7ffe03417,41.02763616544628,21.31108861478468,temperature,1
2026-01-15T01:32:14+01:00,874ff9c6-786d-45fc-a90e-48c7ffe03417,41.02763616544628,21.31108861478468,humidity,97
2026-01-15T01:32:14+01:00,874ff9c6-786d-45fc-a90e-48c7ffe03417,41.02763616544628,21.31108861478468,noise,29
2026-01-15T01:32:14+01:00,874ff9c6-786d-45fc-a90e-48c7ffe03417,41.02763616544628,21.31108861478468,noise_dba,40
2026-01-15T01:32:14+01:00,874ff9c6-786d-45fc-a90e-48c7ffe03417,41.02763616544628,21.31108861478468,pm10,29
2026-01-15T01:32:14+01:00,874ff9c6-786d-45fc-a90e-48c7ffe03417,41.02763616544628,21.31108861478468,pm25,10
2026-01-15T01:32:14+01:00,874ff9c6-786d-45fc-a90e-48c7ffe03417,41.02763616544628,21.31108861478468,pressure,949
2026-01-15T01:32:14+01:00,874ff9c6-786d-45fc-a90e-48c7ffe03417,41.02763616544628,21.31108861478468,temperature,1
2026-01-15T01:47:45+01:00,874ff9c6-786d-45fc-a90e-48c7ffe03417,41.02763616544628,21.31108861478468,humidity,99
2026-01-15T01:47:45+01:00,874ff9c6-786d-45fc-a90e-48c7ffe03417,41.02763616544628,21.31108861478468,noise,28
2026-01-15T01:47:45+01:00,874ff9c6-786d-45fc-a90e-48c7ffe03417,41.02763616544628,21.31108861478468,noise_dba,39
2026-01-15T01:47:45+01:00,874ff9c6-786d-45fc-a90e-48c7ffe03417,41.02763616544628,21.31108861478468,pm10,22
2026-01-15T01:47:45+01:00,874ff9c6-786d-45fc-a90e-48c7ffe03417,41.02763616544628,21.31108861478468,pm25,8
2026-01-15T01:47:45+01:00,874ff9c6-786d-45fc-a90e-48c7ffe03417,41.02763616544628,21.31108861478468,pressure,949
2026-01-15T01:47:45+01:00,874ff9c6-786d-45fc-a90e-48c7ffe03417,41.02763616544628,21.31108861478468,temperature,1
2026-01-15T02:03:16+01:00,874ff9c6-786d-45fc-a90e-48c7ffe03417,41.02763616544628,21.31108861478468,humidity,98
2026-01-15T02:03:16+01:00,874ff9c6-786d-45fc-a90e-48c7ffe03417,41.02763616544628,21.31108861478468,noise,26
2026-01-15T02:03:16+01:00,874ff9c6-786d-45fc-a90e-48c7ffe03417,41.02763616544628,21.31108861478468,noise_dba,38
2026-01-15T02:03:16+01:00,874ff9c6-786d-45fc-a90e-48c7ffe03417,41.02763616544628,21.31108861478468,pm10,23
2026-01-15T02:03:16+01:00,874ff9c6-786d-45fc-a90e-48c7ffe03417,41.02763616544628,21.31108861478468,pm25,8
2026-01-15T02:03:16+01:00,874ff9c6-786d-45fc-a90e-48c7ffe03417,41.02763616544628,21.31108861478468,pressure,949
2026-01-15T02:03:16+01:00,874ff9c6-786d-45fc-a90e-48c7ffe03417,41.02763616544628,21.31108861478468,temperature,1
2026-01-15T02:18:46+01:00,874ff9c6-786d-45fc-a90e-48c7ffe03417,41.02763616544628,21.31108861478468,humidity,97
2026-01-15T02:18:46+01:00,874ff9c6-786d-45fc-a90e-48c7ffe03417,41.02763616544628,21.31108861478468,noise,32
2026-01-15T02:18:46+01:00,874ff9c6-786d-45fc-a90e-48c7ffe03417,41.02763616544628,21.31108861478468,noise_dba,41
2026-01-15T02:18:46+01:00,874ff9c6-786d-45fc-a90e-48c7ffe03417,41.02763616544628,21.31108861478468,pm10,13
2026-01-15T02:18:46+01:00,874ff9c6-786d-45fc-a90e-48c7ffe03417,41.02763616544628,21.31108861478468,pm25,5
2026-01-15T02:18:46+01:00,874ff9c6-786d-45fc-a90e-48c7ffe03417,41.02763616544628,21.31108861478468,pressure,949
2026-01-15T02:18:46+01:00,874ff9c6-786d-45fc-a90e-48c7ffe03417,41.02763616544628,21.31108861478468,temperature,1
2026-01-15T02:34:17+01:00,874ff9c6-786d-45fc-a90e-48c7ffe03417,41.02763616544628,21.31108861478468,noise,30
2026-01-15T02:34:17+01:00,874ff9c6-786d-45fc-a90e-48c7ffe03417,41.02763616544628,21.31108861478468,noise_dba,40
2026-01-15T02:34:17+01:00,874ff9c6-786d-45fc-a90e-48c7ffe03417,41.02763616544628,21.31108861478468,pm10,18
2026-01-15T02:34:17+01:00,874ff9c6-786d-45fc-a90e-48c7ffe03417,41.02763616544628,21.31108861478468,pm25,6
2026-01-15T02:34:17+01:00,874ff9c6-786d-45fc-a90e-48c7ffe03417,41.02763616544628,21.31108861478468,pressure,949
2026-01-15T02:34:17+01:00,874ff9c6-786d-45fc-a90e-48c7ffe03417,41.02763616544628,21.31108861478468,temperature,1
2026-01-15T02:49:48+01:00,874ff9c6-786d-45fc-a90e-48c7ffe03417,41.02763616544628,21.31108861478468,humidity,99
2026-01-15T02:49:48+01:00,874ff9c6-786d-45fc-a90e-48c7ffe03417,41.02763616544628,21.31108861478468,noise,28
2026-01-15T02:49:48+01:00,874ff9c6-786d-45fc-a90e-48c7ffe03417,41.02763616544628,21.31108861478468,noise_dba,39
2026-01-15T02:49:48+01:00,874ff9c6-786d-45fc-a90e-48c7ffe03417,41.02763616544628,21.31108861478468,pm10,11
2026-01-15T02:49:48+01:00,874ff9c6-786d-45fc-a90e-48c7ffe03417,41.02763616544628,21.31108861478468,pm25,4
2026-01-15T02:49:48+01:00,874ff9c6-786d-45fc-a90e-48c7ffe03417,41.02763616544628,21.31108861478468,pressure,949
2026-01-15T02:49:48+01:00,874ff9c6-786d-45fc-a90e-48c7ffe03417,41.02763616544628,21.31108861478468,temperature,1
2026-01-15T03:05:19+01:00,874ff9c6-786d-45fc-a90e-48c7ffe03417,41.02763616544628,21.31108861478468,humidity,99
2026-01-15T03:05:19+01:00,874ff9c6-786d-45fc-a90e-48c7ffe03417,41.02763616544628,21.31108861478468,noise,28
2026-01-15T03:05:19+01:00,874ff9c6-786d-45fc-a90e-48c7ffe03417,41.02763616544628,21.31108861478468,noise_dba,39
2026-01-15T03:05:19+01:00,874ff9c6-786d-45fc-a90e-48c7ffe03417,41.02763616544628,21.31108861478468,pm10,9
2026-01-15T03:05:19+01:00,874ff9c6-786d-45fc-a90e-48c7ffe03417,41.02763616544628,21.31108861478468,pm25,2
2026-01-15T03:05:19+01:00,874ff9c6-786d-45fc-a90e-48c7ffe03417,41.02763616544628,21.31108861478468,pressure,949
2026-01-15T03:05:19+01:00,874ff9c6-786d-45fc-a90e-48c7ffe03417,41.02763616544628,21.31108861478468,temperature,1
2026-01-15T03:20:50+01:00,874ff9c6-786d-45fc-a90e-48c7ffe03417,41.02763616544628,21.31108861478468,humidity,98
2026-01-15T03:20:50+01:00,874ff9c6-786d-45fc-a90e-48c7ffe03417,41.02763616544628,21.31108861478468,noise,28
2026-01-15T03:20:50+01:00,874ff9c6-786d-45fc-a90e-48c7ffe03417,41.02763616544628,21.31108861478468,noise_dba,39
2026-01-15T03:20:50+01:00,874ff9c6-786d-45fc-a90e-48c7ffe03417,41.02763616544628,21.31108861478468,pm10,5
2026-01-15T03:20:50+01:00,874ff9c6-786d-45fc-a90e-48c7ffe03417,41.02763616544628,21.31108861478468,pm25,2
2026-01-15T03:20:50+01:00,874ff9c6-786d-45fc-a90e-48c7ffe03417,41.02763616544628,21.31108861478468,pressure,948
2026-01-15T03:20:50+01:00,874ff9c6-786d-45fc-a90e-48c7ffe03417,41.02763616544628,21.31108861478468,temperature,1
2026-01-15T03:36:20+01:00,874ff9c6-786d-45fc-a90e-48c7ffe03417,41.02763616544628,21.31108861478468,humidity,99
2026-01-15T03:36:20+01:00,874ff9c6-786d-45fc-a90e-48c7ffe03417,41.02763616544628,21.31108861478468,noise,27
2026-01-15T03:36:20+01:00,874ff9c6-786d-45fc-a90e-48c7ffe03417,41.02763616544628,21.31108861478468,noise_dba,38
2026-01-15T03:36:20+01:00,874ff9c6-786d-45fc-a90e-48c7ffe03417,41.02763616544628,21.31108861478468,pm10,6
2026-01-15T03:36:20+01:00,874ff9c6-786d-45fc-a90e-48c7ffe03417,41.02763616544628,21.31108861478468,pm25,1
2026-01-15T03:36:20+01:00,874ff9c6-786d-45fc-a90e-48c7ffe03417,41.02763616544628,21.31108861478468,pressure,948
2026-01-15T03:36:20+01:00,874ff9c6-786d-45fc-a90e-48c7ffe03417,41.02763616544628,21.31108861478468,temperature,1
2026-01-15T03:51:51+01:00,874ff9c6-786d-45fc-a90e-48c7ffe03417,41.02763616544628,21.31108861478468,humidity,99
2026-01-15T03:51:51+01:00,874ff9c6-786d-45fc-a90e-48c7ffe03417,41.02763616544628,21.31108861478468,noise,28
2026-01-15T03:51:51+01:00,874ff9c6-786d-45fc-a90e-48c7ffe03417,41.02763616544628,21.31108861478468,noise_dba,39
2026-01-15T03:51:51+01:00,874ff9c6-786d-45fc-a90e-48c7ffe03417,41.02763616544628,21.31108861478468,pm10,8
2026-01-15T03:51:51+01:00,874ff9c6-786d-45fc-a90e-48c7ffe03417,41.02763616544628,21.31108861478468,pm25,2
2026-01-15T03:51:51+01:00,874ff9c6-786d-45fc-a90e-48c7ffe03417,41.02763616544628,21.31108861478468,pressure,948
2026-01-15T03:51:51+01:00,874ff9c6-786d-45fc-a90e-48c7ffe03417,41.02763616544628,21.31108861478468,temperature,1
2026-01-15T04:07:22+01:00,874ff9c6-786d-45fc-a90e-48c7ffe03417,41.02763616544628,21.31108861478468,humidity,99
2026-01-15T04:07:22+01:00,874ff9c6-786d-45fc-a90e-48c7ffe03417,41.02763616544628,21.31108861478468,noise,31
2026-01-15T04:07:22+01:00,874ff9c6-786d-45fc-a90e-48c7ffe03417,41.02763616544628,21.31108861478468,noise_dba,41
2026-01-15T04:07:22+01:00,874ff9c6-786d-45fc-a90e-48c7ffe03417,41.02763616544628,21.31108861478468,pm10,8
2026-01-15T04:07:22+01:00,874ff9c6-786d-45fc-a90e-48c7ffe03417,41.02763616544628,21.31108861478468,pm25,3
2026-01-15T04:07:22+01:00,874ff9c6-786d-45fc-a90e-48c7ffe03417,41.02763616544628,21.31108861478468,pressure,948
2026-01-15T04:07:22+01:00,874ff9c6-786d-45fc-a90e-48c7ffe03417,41.02763616544628,21.31108861478468,temperature,1
2026-01-15T04:22:53+01:00,874ff9c6-786d-45fc-a90e-48c7ffe03417,41.02763616544628,21.31108861478468,humidity,98
2026-01-15T04:22:53+01:00,874ff9c6-786d-45fc-a90e-48c7ffe03417,41.02763616544628,21.31108861478468,noise,25
2026-01-15T04:22:53+01:00,874ff9c6-786d-45fc-a90e-48c7ffe03417,41.02763616544628,21.31108861478468,noise_dba,37
2026-01-15T04:22:53+01:00,874ff9c6-786d-45fc-a90e-48c7ffe03417,41.02763616544628,21.31108861478468,pm10,9
2026-01-15T04:22:53+01:00,874ff9c6-786d-45fc-a90e-48c7ffe03417,41.02763616544628,21.31108861478468,pm25,2
2026-01-15T04:22:53+01:00,874ff9c6-786d-45fc-a90e-48c7ffe03417,41.02763616544628,21.31108861478468,pressure,948
2026-01-15T04:22:53+01:00,874ff9c6-786d-45fc-a90e-48c7ffe03417,41.02763616544628,21.31108861478468,temperature,0
2026-01-15T04:38:24+01:00,874ff9c6-786d-45fc-a90e-48c7ffe03417,41.02763616544628,21.31108861478468,humidity,98
2026-01-15T04:38:24+01:00,874ff9c6-786d-45fc-a90e-48c7ffe03417,41.02763616544628,21.31108861478468,noise,31
2026-01-15T04:38:24+01:00,874ff9c6-786d-45fc-a90e-48c7ffe03417,41.02763616544628,21.31108861478468,noise_dba,41
2026-01-15T04:38:24+01:00,874ff9c6-786d-45fc-a90e-48c7ffe03417,41.02763616544628,21.31108861478468,pm10,9
2026-01-15T04:38:24+01:00,874ff9c6-786d-45fc-a90e-48c7ffe03417,41.02763616544628,21.31108861478468,pm25,3
2026-01-15T04:38:24+01:00,874ff9c6-786d-45fc-a90e-48c7ffe03417,41.02763616544628,21.31108861478468,pressure,948
2026-01-15T04:38:24+01:00,874ff9c6-786d-45fc-a90e-48c7ffe03417,41.02763616544628,21.31108861478468,temperature,0
2026-01-15T04:53:54+01:00,874ff9c6-786d-45fc-a90e-48c7ffe03417,41.02763616544628,21.31108861478468,humidity,97
2026-01-15T04:53:54+01:00,874ff9c6-786d-45fc-a90e-48c7ffe03417,41.02763616544628,21.31108861478468,noise,29
2026-01-15T04:53:54+01:00,874ff9c6-786d-45fc-a90e-48c7ffe03417,41.02763616544628,21.31108861478468,noise_dba,40
2026-01-15T04:53:54+01:00,874ff9c6-786d-45fc-a90e-48c7ffe03417,41.02763616544628,21.31108861478468,pm10,9
2026-01-15T04:53:54+01:00,874ff9c6-786d-45fc-a90e-48c7ffe03417,41.02763616544628,21.31108861478468,pm25,3
2026-01-15T04:53:54+01:00,874ff9c6-786d-45fc-a90e-48c7ffe03417,41.02763616544628,21.31108861478468,pressure,949
2026-01-15T04:53:54+01:00,874ff9c6-786d-45fc-a90e-48c7ffe03417,41.02763616544628,21.31108861478468,temperature,0
2026-01-15T05:09:25+01:00,874ff9c6-786d-45fc-a90e-48c7ffe03417,41.02763616544628,21.31108861478468,humidity,98
2026-01-15T05:09:25+01:00,874ff9c6-786d-45fc-a90e-48c7ffe03417,41.02763616544628,21.31108861478468,noise,30
2026-01-15T05:09:25+01:00,874ff9c6-786d-45fc-a90e-48c7ffe03417,41.02763616544628,21.31108861478468,noise_dba,40
2026-01-15T05:09:25+01:00,874ff9c6-786d-45fc-a90e-48c7ffe03417,41.02763616544628,21.31108861478468,pm10,11
2026-01-15T05:09:25+01:00,874ff9c6-786d-45fc-a90e-48c7ffe03417,41.02763616544628,21.31108861478468,pm25,4
2026-01-15T05:09:25+01:00,874ff9c6-786d-45fc-a90e-48c7ffe03417,41.02763616544628,21.31108861478468,pressure,949
2026-01-15T05:09:25+01:00,874ff9c6-786d-45fc-a90e-48c7ffe03417,41.02763616544628,21.31108861478468,temperature,0
2026-01-15T05:24:56+01:00,874ff9c6-786d-45fc-a90e-48c7ffe03417,41.02763616544628,21.31108861478468,noise,28
2026-01-15T05:24:56+01:00,874ff9c6-786d-45fc-a90e-48c7ffe03417,41.02763616544628,21.31108861478468,noise_dba,39
2026-01-15T05:24:56+01:00,874ff9c6-786d-45fc-a90e-48c7ffe03417,41.02763616544628,21.31108861478468,pm10,17
2026-01-15T05:24:56+01:00,874ff9c6-786d-45fc-a90e-48c7ffe03417,41.02763616544628,21.31108861478468,pm25,7
2026-01-15T05:24:56+01:00,874ff9c6-786d-45fc-a90e-48c7ffe03417,41.02763616544628,21.31108861478468,pressure,949
2026-01-15T05:24:56+01:00,874ff9c6-786d-45fc-a90e-48c7ffe03417,41.02763616544628,21.31108861478468,temperature,0
2026-01-15T05:40:27+01:00,874ff9c6-786d-45fc-a90e-48c7ffe03417,41.02763616544628,21.31108861478468,humidity,99
2026-01-15T05:40:27+01:00,874ff9c6-786d-45fc-a90e-48c7ffe03417,41.02763616544628,21.31108861478468,noise,28
2026-01-15T05:40:27+01:00,874ff9c6-786d-45fc-a90e-48c7ffe03417,41.02763616544628,21.31108861478468,noise_dba,39
2026-01-15T05:40:27+01:00,874ff9c6-786d-45fc-a90e-48c7ffe03417,41.02763616544628,21.31108861478468,pm10,19
2026-01-15T05:40:27+01:00,874ff9c6-786d-45fc-a90e-48c7ffe03417,41.02763616544628,21.31108861478468,pm25,7
2026-01-15T05:40:27+01:00,874ff9c6-786d-45fc-a90e-48c7ffe03417,41.02763616544628,21.31108861478468,pressure,949
2026-01-15T05:40:27+01:00,874ff9c6-786d-45fc-a90e-48c7ffe03417,41.02763616544628,21.31108861478468,temperature,0
2026-01-15T05:55:57+01:00,874ff9c6-786d-45fc-a90e-48c7ffe03417,41.02763616544628,21.31108861478468,humidity,99
2026-01-15T05:55:57+01:00,874ff9c6-786d-45fc-a90e-48c7ffe03417,41.02763616544628,21.31108861478468,noise,28
2026-01-15T05:55:57+01:00,874ff9c6-786d-45fc-a90e-48c7ffe03417,41.02763616544628,21.31108861478468,noise_dba,39
2026-01-15T05:55:57+01:00,874ff9c6-786d-45fc-a90e-48c7ffe03417,41.02763616544628,21.31108861478468,pm10,15
2026-01-15T05:55:57+01:00,874ff9c6-786d-45fc-a90e-48c7ffe03417,41.02763616544628,21.31108861478468,pm25,7
2026-01-15T05:55:57+01:00,874ff9c6-786d-45fc-a90e-48c7ffe03417,41.02763616544628,21.31108861478468,pressure,949
2026-01-15T05:55:57+01:00,874ff9c6-786d-45fc-a90e-48c7ffe03417,41.02763616544628,21.31108861478468,temperature,0
2026-01-15T06:11:28+01:00,874ff9c6-786d-45fc-a90e-48c7ffe03417,41.02763616544628,21.31108861478468,noise,30
2026-01-15T06:11:28+01:00,874ff9c6-786d-45fc-a90e-48c7ffe03417,41.02763616544628,21.31108861478468,noise_dba,40
2026-01-15T06:11:28+01:00,874ff9c6-786d-45fc-a90e-48c7ffe03417,41.02763616544628,21.31108861478468,pm10,13
2026-01-15T06:11:28+01:00,874ff9c6-786d-45fc-a90e-48c7ffe03417,41.02763616544628,21.31108861478468,pm25,6
2026-01-15T06:11:28+01:00,874ff9c6-786d-45fc-a90e-48c7ffe03417,41.02763616544628,21.31108861478468,pressure,949
2026-01-15T06:11:28+01:00,874ff9c6-786d-45fc-a90e-48c7ffe03417,41.02763616544628,21.31108861478468,temperature,0
2026-01-15T06:26:59+01:00,874ff9c6-786d-45fc-a90e-48c7ffe03417,41.02763616544628,21.31108861478468,noise,36
2026-01-15T06:26:59+01:00,874ff9c6-786d-45fc-a90e-48c7ffe03417,41.02763616544628,21.31108861478468,noise_dba,43
2026-01-15T06:26:59+01:00,874ff9c6-786d-45fc-a90e-48c7ffe03417,41.02763616544628,21.31108861478468,pm10,11
2026-01-15T06:26:59+01:00,874ff9c6-786d-45fc-a90e-48c7ffe03417,41.02763616544628,21.31108861478468,pm25,5
2026-01-15T06:26:59+01:00,874ff9c6-786d-45fc-a90e-48c7ffe03417,41.02763616544628,21.31108861478468,pressure,949
2026-01-15T06:26:59+01:00,874ff9c6-786d-45fc-a90e-48c7ffe03417,41.02763616544628,21.31108861478468,temperature,0
2026-01-15T06:42:30+01:00,874ff9c6-786d-45fc-a90e-48c7ffe03417,41.02763616544628,21.31108861478468,noise,33
2026-01-15T06:42:30+01:00,874ff9c6-786d-45fc-a90e-48c7ffe03417,41.02763616544628,21.31108861478468,noise_dba,42
2026-01-15T06:42:30+01:00,874ff9c6-786d-45fc-a90e-48c7ffe03417,41.02763616544628,21.31108861478468,pm10,10
2026-01-15T06:42:30+01:00,874ff9c6-786d-45fc-a90e-48c7ffe03417,41.02763616544628,21.31108861478468,pm25,4
2026-01-15T06:42:30+01:00,874ff9c6-786d-45fc-a90e-48c7ffe03417,41.02763616544628,21.31108861478468,pressure,949
2026-01-15T06:42:30+01:00,874ff9c6-786d-45fc-a90e-48c7ffe03417,41.02763616544628,21.31108861478468,temperature,0
2026-01-15T06:58:00+01:00,874ff9c6-786d-45fc-a90e-48c7ffe03417,41.02763616544628,21.31108861478468,noise,33
2026-01-15T06:58:00+01:00,874ff9c6-786d-45fc-a90e-48c7ffe03417,41.02763616544628,21.31108861478468,noise_dba,42
2026-01-15T06:58:00+01:00,874ff9c6-786d-45fc-a90e-48c7ffe03417,41.02763616544628,21.31108861478468,pm10,18
2026-01-15T06:58:00+01:00,874ff9c6-786d-45fc-a90e-48c7ffe03417,41.02763616544628,21.31108861478468,pm25,6
2026-01-15T06:58:00+01:00,874ff9c6-786d-45fc-a90e-48c7ffe03417,41.02763616544628,21.31108861478468,pressure,949
2026-01-15T06:58:00+01:00,874ff9c6-786d-45fc-a90e-48c7ffe03417,41.02763616544628,21.31108861478468,temperature,0
2026-01-15T07:13:31+01:00,874ff9c6-786d-45fc-a90e-48c7ffe03417,41.02763616544628,21.31108861478468,noise,39
2026-01-15T07:13:31+01:00,874ff9c6-786d-45fc-a90e-48c7ffe03417,41.02763616544628,21.31108861478468,noise_dba,44
2026-01-15T07:13:31+01:00,874ff9c6-786d-45fc-a90e-48c7ffe03417,41.02763616544628,21.31108861478468,pm10,19
2026-01-15T07:13:31+01:00,874ff9c6-786d-45fc-a90e-48c7ffe03417,41.02763616544628,21.31108861478468,pm25,8
2026-01-15T07:13:31+01:00,874ff9c6-786d-45fc-a90e-48c7ffe03417,41.02763616544628,21.31108861478468,pressure,949
2026-01-15T07:13:31+01:00,874ff9c6-786d-45fc-a90e-48c7ffe03417,41.02763616544628,21.31108861478468,temperature,0
2026-01-15T07:29:02+01:00,874ff9c6-786d-45fc-a90e-48c7ffe03417,41.02763616544628,21.31108861478468,noise,41
2026-01-15T07:29:02+01:00,874ff9c6-786d-45fc-a90e-48c7ffe03417,41.02763616544628,21.31108861478468,noise_dba,45
2026-01-15T07:29:02+01:00,874ff9c6-786d-45fc-a90e-48c7ffe03417,41.02763616544628,21.31108861478468,pm10,15
2026-01-15T07:29:02+01:00,874ff9c6-786d-45fc-a90e-48c7ffe03417,41.02763616544628,21.31108861478468,pm25,5
2026-01-15T07:29:02+01:00,874ff9c6-786d-45fc-a90e-48c7ffe03417,41.02763616544628,21.31108861478468,pressure,949
2026-01-15T07:29:02+01:00,874ff9c6-786d-45fc-a90e-48c7ffe03417,41.02763616544628,21.31108861478468,temperature,0
2026-01-15T07:44:33+01:00,874ff9c6-786d-45fc-a90e-48c7ffe03417,41.02763616544628,21.31108861478468,noise,39
2026-01-15T07:44:33+01:00,874ff9c6-786d-45fc-a90e-48c7ffe03417,41.02763616544628,21.31108861478468,noise_dba,44
2026-01-15T07:44:33+01:00,874ff9c6-786d-45fc-a90e-48c7ffe03417,41.02763616544628,21.31108861478468,pm10,20
2026-01-15T07:44:33+01:00,874ff9c6-786d-45fc-a90e-48c7ffe03417,41.02763616544628,21.31108861478468,pm25,9
2026-01-15T07:44:33+01:00,874ff9c6-786d-45fc-a90e-48c7ffe03417,41.02763616544628,21.31108861478468,pressure,949
2026-01-15T07:44:33+01:00,874ff9c6-786d-45fc-a90e-48c7ffe03417,41.02763616544628,21.31108861478468,temperature,0
2026-01-15T08:00:04+01:00,874ff9c6-786d-45fc-a90e-48c7ffe03417,41.02763616544628,21.31108861478468,noise,50
2026-01-15T08:00:04+01:00,874ff9c6-786d-45fc-a90e-48c7ffe03417,41.02763616544628,21.31108861478468,noise_dba,48
2026-01-15T08:00:04+01:00,874ff9c6-786d-45fc-a90e-48c7ffe03417,41.02763616544628,21.31108861478468,pm10,27
2026-01-15T08:00:04+01:00,874ff9c6-786d-45fc-a90e-48c7ffe03417,41.02763616544628,21.31108861478468,pm25,12
2026-01-15T08:00:04+01:00,874ff9c6-786d-45fc-a90e-48c7ffe03417,41.02763616544628,21.31108861478468,pressure,949
2026-01-15T08:00:04+01:00,874ff9c6-786d-45fc-a90e-48c7ffe03417,41.02763616544628,21.31108861478468,temperature,0
2026-01-15T08:15:35+01:00,874ff9c6-786d-45fc-a90e-48c7ffe03417,41.02763616544628,21.31108861478468,noise,46
2026-01-15T08:15:35+01:00,874ff9c6-786d-45fc-a90e-48c7ffe03417,41.02763616544628,21.31108861478468,noise_dba,47
2026-01-15T08:15:35+01:00,874ff9c6-786d-45fc-a90e-48c7ffe03417,41.02763616544628,21.31108861478468,pm10,23
2026-01-15T08:15:35+01:00,874ff9c6-786d-45fc-a90e-48c7ffe03417,41.02763616544628,21.31108861478468,pm25,10
2026-01-15T08:15:35+01:00,874ff9c6-786d-45fc-a90e-48c7ffe03417,41.02763616544628,21.31108861478468,pressure,949
2026-01-15T08:15:35+01:00,874ff9c6-786d-45fc-a90e-48c7ffe03417,41.02763616544628,21.31108861478468,temperature,1
2026-01-15T08:31:05+01:00,874ff9c6-786d-45fc-a90e-48c7ffe03417,41.02763616544628,21.31108861478468,noise,38
2026-01-15T08:31:05+01:00,874ff9c6-786d-45fc-a90e-48c7ffe03417,41.02763616544628,21.31108861478468,noise_dba,44
2026-01-15T08:31:05+01:00,874ff9c6-786d-45fc-a90e-48c7ffe03417,41.02763616544628,21.31108861478468,pm10,43
2026-01-15T08:31:05+01:00,874ff9c6-786d-45fc-a90e-48c7ffe03417,41.02763616544628,21.31108861478468,pm25,20
2026-01-15T08:31:05+01:00,874ff9c6-786d-45fc-a90e-48c7ffe03417,41.02763616544628,21.31108861478468,pressure,949
2026-01-15T08:31:05+01:00,874ff9c6-786d-45fc-a90e-48c7ffe03417,41.02763616544628,21.31108861478468,temperature,1
2026-01-15T08:46:36+01:00,874ff9c6-786d-45fc-a90e-48c7ffe03417,41.02763616544628,21.31108861478468,noise,43
2026-01-15T08:46:36+01:00,874ff9c6-786d-45fc-a90e-48c7ffe03417,41.02763616544628,21.31108861478468,noise_dba,46
2026-01-15T08:46:36+01:00,874ff9c6-786d-45fc-a90e-48c7ffe03417,41.02763616544628,21.31108861478468,pm10,54
2026-01-15T08:46:36+01:00,874ff9c6-786d-45fc-a90e-48c7ffe03417,41.02763616544628,21.31108861478468,pm25,25
2026-01-15T08:46:36+01:00,874ff9c6-786d-45fc-a90e-48c7ffe03417,41.02763616544628,21.31108861478468,pressure,949
2026-01-15T08:46:36+01:00,874ff9c6-786d-45fc-a90e-48c7ffe03417,41.02763616544628,21.31108861478468,temperature,2
2026-01-15T09:02:07+01:00,874ff9c6-786d-45fc-a90e-48c7ffe03417,41.02763616544628,21.31108861478468,humidity,98
2026-01-15T09:02:07+01:00,874ff9c6-786d-45fc-a90e-48c7ffe03417,41.02763616544628,21.31108861478468,noise,40
2026-01-15T09:02:07+01:00,874ff9c6-786d-45fc-a90e-48c7ffe03417,41.02763616544628,21.31108861478468,noise_dba,45
2026-01-15T09:02:07+01:00,874ff9c6-786d-45fc-a90e-48c7ffe03417,41.02763616544628,21.31108861478468,pm10,102
2026-01-15T09:02:07+01:00,874ff9c6-786d-45fc-a90e-48c7ffe03417,41.02763616544628,21.31108861478468,pm25,48
2026-01-15T09:02:07+01:00,874ff9c6-786d-45fc-a90e-48c7ffe03417,41.02763616544628,21.31108861478468,pressure,949
2026-01-15T09:02:07+01:00,874ff9c6-786d-45fc-a90e-48c7ffe03417,41.02763616544628,21.31108861478468,temperature,2
2026-01-15T09:17:38+01:00,874ff9c6-786d-45fc-a90e-48c7ffe03417,41.02763616544628,21.31108861478468,humidity,95
2026-01-15T09:17:38+01:00,874ff9c6-786d-45fc-a90e-48c7ffe03417,41.02763616544628,21.31108861478468,noise,42
2026-01-15T09:17:38+01:00,874ff9c6-786d-45fc-a90e-48c7ffe03417,41.02763616544628,21.31108861478468,noise_dba,45
2026-01-15T09:17:38+01:00,874ff9c6-786d-45fc-a90e-48c7ffe03417,41.02763616544628,21.31108861478468,pm10,103
2026-01-15T09:17:38+01:00,874ff9c6-786d-45fc-a90e-48c7ffe03417,41.02763616544628,21.31108861478468,pm25,50
2026-01-15T09:17:38+01:00,874ff9c6-786d-45fc-a90e-48c7ffe03417,41.02763616544628,21.31108861478468,pressure,949
2026-01-15T09:17:38+01:00,874ff9c6-786d-45fc-a90e-48c7ffe03417,41.02763616544628,21.31108861478468,temperature,3
2026-01-15T09:33:10+01:00,874ff9c6-786d-45fc-a90e-48c7ffe03417,41.02763616544628,21.31108861478468,humidity,95
2026-01-15T09:33:10+01:00,874ff9c6-786d-45fc-a90e-48c7ffe03417,41.02763616544628,21.31108861478468,noise,44
2026-01-15T09:33:10+01:00,874ff9c6-786d-45fc-a90e-48c7ffe03417,41.02763616544628,21.31108861478468,noise_dba,46
2026-01-15T09:33:10+01:00,874ff9c6-786d-45fc-a90e-48c7ffe03417,41.02763616544628,21.31108861478468,pm10,72
2026-01-15T09:33:10+01:00,874ff9c6-786d-45fc-a90e-48c7ffe03417,41.02763616544628,21.31108861478468,pm25,35
2026-01-15T09:33:10+01:00,874ff9c6-786d-45fc-a90e-48c7ffe03417,41.02763616544628,21.31108861478468,pressure,949
2026-01-15T09:33:10+01:00,874ff9c6-786d-45fc-a90e-48c7ffe03417,41.02763616544628,21.31108861478468,temperature,3
2026-01-15T09:48:40+01:00,874ff9c6-786d-45fc-a90e-48c7ffe03417,41.02763616544628,21.31108861478468,humidity,94
2026-01-15T09:48:40+01:00,874ff9c6-786d-45fc-a90e-48c7ffe03417,41.02763616544628,21.31108861478468,noise,42
2026-01-15T09:48:40+01:00,874ff9c6-786d-45fc-a90e-48c7ffe03417,41.02763616544628,21.31108861478468,noise_dba,45
2026-01-15T09:48:40+01:00,874ff9c6-786d-45fc-a90e-48c7ffe03417,41.02763616544628,21.31108861478468,pm10,58
2026-01-15T09:48:40+01:00,874ff9c6-786d-45fc-a90e-48c7ffe03417,41.02763616544628,21.31108861478468,pm25,31
2026-01-15T09:48:40+01:00,874ff9c6-786d-45fc-a90e-48c7ffe03417,41.02763616544628,21.31108861478468,pressure,949
2026-01-15T09:48:40+01:00,874ff9c6-786d-45fc-a90e-48c7ffe03417,41.02763616544628,21.31108861478468,temperature,3
2026-01-15T10:04:12+01:00,874ff9c6-786d-45fc-a90e-48c7ffe03417,41.02763616544628,21.31108861478468,noise,39
2026-01-15T10:04:12+01:00,874ff9c6-786d-45fc-a90e-48c7ffe03417,41.02763616544628,21.31108861478468,noise_dba,44
2026-01-15T10:04:12+01:00,874ff9c6-786d-45fc-a90e-48c7ffe03417,41.02763616544628,21.31108861478468,pm10,40
2026-01-15T10:04:12+01:00,874ff9c6-786d-45fc-a90e-48c7ffe03417,41.02763616544628,21.31108861478468,pm25,22
2026-01-15T10:04:12+01:00,874ff9c6-786d-45fc-a90e-48c7ffe03417,41.02763616544628,21.31108861478468,pressure,949
2026-01-15T10:04:12+01:00,874ff9c6-786d-45fc-a90e-48c7ffe03417,41.02763616544628,21.31108861478468,temperature,4
2026-01-15T10:19:45+01:00,874ff9c6-786d-45fc-a90e-48c7ffe03417,41.02763616544628,21.31108861478468,noise,38
2026-01-15T10:19:45+01:00,874ff9c6-786d-45fc-a90e-48c7ffe03417,41.02763616544628,21.31108861478468,noise_dba,44
2026-01-15T10:19:45+01:00,874ff9c6-786d-45fc-a90e-48c7ffe03417,41.02763616544628,21.31108861478468,pm10,39
2026-01-15T10:19:45+01:00,874ff9c6-786d-45fc-a90e-48c7ffe03417,41.02763616544628,21.31108861478468,pm25,20
2026-01-15T10:19:45+01:00,874ff9c6-786d-45fc-a90e-48c7ffe03417,41.02763616544628,21.31108861478468,pressure,949
2026-01-15T10:19:45+01:00,874ff9c6-786d-45fc-a90e-48c7ffe03417,41.02763616544628,21.31108861478468,temperature,5
2026-01-15T10:35:16+01:00,874ff9c6-786d-45fc-a90e-48c7ffe03417,41.02763616544628,21.31108861478468,noise,35
2026-01-15T10:35:16+01:00,874ff9c6-786d-45fc-a90e-48c7ffe03417,41.02763616544628,21.31108861478468,noise_dba,43
2026-01-15T10:35:16+01:00,874ff9c6-786d-45fc-a90e-48c7ffe03417,41.02763616544628,21.31108861478468,pm10,43
2026-01-15T10:35:16+01:00,874ff9c6-786d-45fc-a90e-48c7ffe03417,41.02763616544628,21.31108861478468,pm25,25
2026-01-15T10:35:16+01:00,874ff9c6-786d-45fc-a90e-48c7ffe03417,41.02763616544628,21.31108861478468,pressure,949
2026-01-15T10:35:16+01:00,874ff9c6-786d-45fc-a90e-48c7ffe03417,41.02763616544628,21.31108861478468,temperature,6
2026-01-15T10:50:47+01:00,874ff9c6-786d-45fc-a90e-48c7ffe03417,41.02763616544628,21.31108861478468,noise,34
2026-01-15T10:50:47+01:00,874ff9c6-786d-45fc-a90e-48c7ffe03417,41.02763616544628,21.31108861478468,noise_dba,42
2026-01-15T10:50:47+01:00,874ff9c6-786d-45fc-a90e-48c7ffe03417,41.02763616544628,21.31108861478468,pm10,39
2026-01-15T10:50:47+01:00,874ff9c6-786d-45fc-a90e-48c7ffe03417,41.02763616544628,21.31108861478468,pm25,21
2026-01-15T10:50:47+01:00,874ff9c6-786d-45fc-a90e-48c7ffe03417,41.02763616544628,21.31108861478468,pressure,949
2026-01-15T10:50:47+01:00,874ff9c6-786d-45fc-a90e-48c7ffe03417,41.02763616544628,21.31108861478468,temperature,6
2026-01-15T11:06:17+01:00,874ff9c6-786d-45fc-a90e-48c7ffe03417,41.02763616544628,21.31108861478468,humidity,94
2026-01-15T11:06:17+01:00,874ff9c6-786d-45fc-a90e-48c7ffe03417,41.02763616544628,21.31108861478468,noise,37
2026-01-15T11:06:17+01:00,874ff9c6-786d-45fc-a90e-48c7ffe03417,41.02763616544628,21.31108861478468,noise_dba,43
2026-01-15T11:06:17+01:00,874ff9c6-786d-45fc-a90e-48c7ffe03417,41.02763616544628,21.31108861478468,pm10,32
2026-01-15T11:06:17+01:00,874ff9c6-786d-45fc-a90e-48c7ffe03417,41.02763616544628,21.31108861478468,pm25,18
2026-01-15T11:06:17+01:00,874ff9c6-786d-45fc-a90e-48c7ffe03417,41.02763616544628,21.31108861478468,pressure,949
2026-01-15T11:06:17+01:00,874ff9c6-786d-45fc-a90e-48c7ffe03417,41.02763616544628,21.31108861478468,temperature,6
2026-01-15T11:21:48+01:00,874ff9c6-786d-45fc-a90e-48c7ffe03417,41.02763616544628,21.31108861478468,humidity,90
2026-01-15T11:21:48+01:00,874ff9c6-786d-45fc-a90e-48c7ffe03417,41.02763616544628,21.31108861478468,noise,36
2026-01-15T11:21:48+01:00,874ff9c6-786d-45fc-a90e-48c7ffe03417,41.02763616544628,21.31108861478468,noise_dba,43
2026-01-15T11:21:48+01:00,874ff9c6-786d-45fc-a90e-48c7ffe03417,41.02763616544628,21.31108861478468,pm10,32
2026-01-15T11:21:48+01:00,874ff9c6-786d-45fc-a90e-48c7ffe03417,41.02763616544628,21.31108861478468,pm25,17
2026-01-15T11:21:48+01:00,874ff9c6-786d-45fc-a90e-48c7ffe03417,41.02763616544628,21.31108861478468,pressure,949
2026-01-15T11:21:48+01:00,874ff9c6-786d-45fc-a90e-48c7ffe03417,41.02763616544628,21.31108861478468,temperature,6
2026-01-15T11:37:19+01:00,874ff9c6-786d-45fc-a90e-48c7ffe03417,41.02763616544628,21.31108861478468,humidity,97
2026-01-15T11:37:19+01:00,874ff9c6-786d-45fc-a90e-48c7ffe03417,41.02763616544628,21.31108861478468,noise,39
2026-01-15T11:37:19+01:00,874ff9c6-786d-45fc-a90e-48c7ffe03417,41.02763616544628,21.31108861478468,noise_dba,44
2026-01-15T11:37:19+01:00,874ff9c6-786d-45fc-a90e-48c7ffe03417,41.02763616544628,21.31108861478468,pm10,30
2026-01-15T11:37:19+01:00,874ff9c6-786d-45fc-a90e-48c7ffe03417,41.02763616544628,21.31108861478468,pm25,16
2026-01-15T11:37:19+01:00,874ff9c6-786d-45fc-a90e-48c7ffe03417,41.02763616544628,21.31108861478468,pressure,948
2026-01-15T11:37:19+01:00,874ff9c6-786d-45fc-a90e-48c7ffe03417,41.02763616544628,21.31108861478468,temperature,7
2026-01-15T11:52:51+01:00,874ff9c6-786d-45fc-a90e-48c7ffe03417,41.02763616544628,21.31108861478468,humidity,87
2026-01-15T11:52:51+01:00,874ff9c6-786d-45fc-a90e-48c7ffe03417,41.02763616544628,21.31108861478468,noise,37
2026-01-15T11:52:51+01:00,874ff9c6-786d-45fc-a90e-48c7ffe03417,41.02763616544628,21.31108861478468,noise_dba,43
2026-01-15T11:52:51+01:00,874ff9c6-786d-45fc-a90e-48c7ffe03417,41.02763616544628,21.31108861478468,pm10,29
2026-01-15T11:52:51+01:00,874ff9c6-786d-45fc-a90e-48c7ffe03417,41.02763616544628,21.31108861478468,pm25,14
2026-01-15T11:52:51+01:00,874ff9c6-786d-45fc-a90e-48c7ffe03417,41.02763616544628,21.31108861478468,pressure,948
2026-01-15T11:52:51+01:00,874ff9c6-786d-45fc-a90e-48c7ffe03417,41.02763616544628,21.31108861478468,temperature,7
2026-01-15T12:08:21+01:00,874ff9c6-786d-45fc-a90e-48c7ffe03417,41.02763616544628,21.31108861478468,humidity,88
2026-01-15T12:08:21+01:00,874ff9c6-786d-45fc-a90e-48c7ffe03417,41.02763616544628,21.31108861478468,noise,42
2026-01-15T12:08:21+01:00,874ff9c6-786d-45fc-a90e-48c7ffe03417,41.02763616544628,21.31108861478468,noise_dba,45
2026-01-15T12:08:21+01:00,874ff9c6-786d-45fc-a90e-48c7ffe03417,41.02763616544628,21.31108861478468,pm10,24
2026-01-15T12:08:21+01:00,874ff9c6-786d-45fc-a90e-48c7ffe03417,41.02763616544628,21.31108861478468,pm25,12
2026-01-15T12:08:21+01:00,874ff9c6-786d-45fc-a90e-48c7ffe03417,41.02763616544628,21.31108861478468,pressure,948
2026-01-15T12:08:21+01:00,874ff9c6-786d-45fc-a90e-48c7ffe03417,41.02763616544628,21.31108861478468,temperature,7
2026-01-15T12:23:52+01:00,874ff9c6-786d-45fc-a90e-48c7ffe03417,41.02763616544628,21.31108861478468,humidity,83
2026-01-15T12:23:52+01:00,874ff9c6-786d-45fc-a90e-48c7ffe03417,41.02763616544628,21.31108861478468,noise,40
2026-01-15T12:23:52+01:00,874ff9c6-786d-45fc-a90e-48c7ffe03417,41.02763616544628,21.31108861478468,noise_dba,45
2026-01-15T12:23:52+01:00,874ff9c6-786d-45fc-a90e-48c7ffe03417,41.02763616544628,21.31108861478468,pm10,22
2026-01-15T12:23:52+01:00,874ff9c6-786d-45fc-a90e-48c7ffe03417,41.02763616544628,21.31108861478468,pm25,11
2026-01-15T12:23:52+01:00,874ff9c6-786d-45fc-a90e-48c7ffe03417,41.02763616544628,21.31108861478468,pressure,948
2026-01-15T12:23:52+01:00,874ff9c6-786d-45fc-a90e-48c7ffe03417,41.02763616544628,21.31108861478468,temperature,7
2026-01-15T12:39:24+01:00,874ff9c6-786d-45fc-a90e-48c7ffe03417,41.02763616544628,21.31108861478468,humidity,97
2026-01-15T12:39:24+01:00,874ff9c6-786d-45fc-a90e-48c7ffe03417,41.02763616544628,21.31108861478468,noise,48
2026-01-15T12:39:24+01:00,874ff9c6-786d-45fc-a90e-48c7ffe03417,41.02763616544628,21.31108861478468,noise_dba,48
2026-01-15T12:39:24+01:00,874ff9c6-786d-45fc-a90e-48c7ffe03417,41.02763616544628,21.31108861478468,pm10,19
2026-01-15T12:39:24+01:00,874ff9c6-786d-45fc-a90e-48c7ffe03417,41.02763616544628,21.31108861478468,pm25,11
2026-01-15T12:39:24+01:00,874ff9c6-786d-45fc-a90e-48c7ffe03417,41.02763616544628,21.31108861478468,pressure,948
2026-01-15T12:39:24+01:00,874ff9c6-786d-45fc-a90e-48c7ffe03417,41.02763616544628,21.31108861478468,temperature,8
2026-01-15T12:54:55+01:00,874ff9c6-786d-45fc-a90e-48c7ffe03417,41.02763616544628,21.31108861478468,humidity,88
2026-01-15T12:54:55+01:00,874ff9c6-786d-45fc-a90e-48c7ffe03417,41.02763616544628,21.31108861478468,noise,45
2026-01-15T12:54:55+01:00,874ff9c6-786d-45fc-a90e-48c7ffe03417,41.02763616544628,21.31108861478468,noise_dba,47
2026-01-15T12:54:55+01:00,874ff9c6-786d-45fc-a90e-48c7ffe03417,41.02763616544628,21.31108861478468,pm10,21
2026-01-15T12:54:55+01:00,874ff9c6-786d-45fc-a90e-48c7ffe03417,41.02763616544628,21.31108861478468,pm25,10
2026-01-15T12:54:55+01:00,874ff9c6-786d-45fc-a90e-48c7ffe03417,41.02763616544628,21.31108861478468,pressure,948
2026-01-15T12:54:55+01:00,874ff9c6-786d-45fc-a90e-48c7ffe03417,41.02763616544628,21.31108861478468,temperature,9
2026-01-15T13:10:25+01:00,874ff9c6-786d-45fc-a90e-48c7ffe03417,41.02763616544628,21.31108861478468,humidity,81
2026-01-15T13:10:25+01:00,874ff9c6-786d-45fc-a90e-48c7ffe03417,41.02763616544628,21.31108861478468,noise,39
2026-01-15T13:10:25+01:00,874ff9c6-786d-45fc-a90e-48c7ffe03417,41.02763616544628,21.31108861478468,noise_dba,44
2026-01-15T13:10:25+01:00,874ff9c6-786d-45fc-a90e-48c7ffe03417,41.02763616544628,21.31108861478468,pm10,22
2026-01-15T13:10:25+01:00,874ff9c6-786d-45fc-a90e-48c7ffe03417,41.02763616544628,21.31108861478468,pm25,10
2026-01-15T13:10:25+01:00,874ff9c6-786d-45fc-a90e-48c7ffe03417,41.02763616544628,21.31108861478468,pressure,948
2026-01-15T13:10:25+01:00,874ff9c6-786d-45fc-a90e-48c7ffe03417,41.02763616544628,21.31108861478468,temperature,9
2026-01-15T13:25:56+01:00,874ff9c6-786d-45fc-a90e-48c7ffe03417,41.02763616544628,21.31108861478468,humidity,81
2026-01-15T13:25:56+01:00,874ff9c6-786d-45fc-a90e-48c7ffe03417,41.02763616544628,21.31108861478468,noise,42
2026-01-15T13:25:56+01:00,874ff9c6-786d-45fc-a90e-48c7ffe03417,41.02763616544628,21.31108861478468,noise_dba,45
2026-01-15T13:25:56+01:00,874ff9c6-786d-45fc-a90e-48c7ffe03417,41.02763616544628,21.31108861478468,pm10,19
2026-01-15T13:25:56+01:00,874ff9c6-786d-45fc-a90e-48c7ffe03417,41.02763616544628,21.31108861478468,pm25,9
2026-01-15T13:25:56+01:00,874ff9c6-786d-45fc-a90e-48c7ffe03417,41.02763616544628,21.31108861478468,pressure,947
2026-01-15T13:25:56+01:00,874ff9c6-786d-45fc-a90e-48c7ffe03417,41.02763616544628,21.31108861478468,temperature,9
2026-01-15T13:41:27+01:00,874ff9c6-786d-45fc-a90e-48c7ffe03417,41.02763616544628,21.31108861478468,humidity,69
2026-01-15T13:41:27+01:00,874ff9c6-786d-45fc-a90e-48c7ffe03417,41.02763616544628,21.31108861478468,noise,40
2026-01-15T13:41:27+01:00,874ff9c6-786d-45fc-a90e-48c7ffe03417,41.02763616544628,21.31108861478468,noise_dba,45
2026-01-15T13:41:27+01:00,874ff9c6-786d-45fc-a90e-48c7ffe03417,41.02763616544628,21.31108861478468,pm10,19
2026-01-15T13:41:27+01:00,874ff9c6-786d-45fc-a90e-48c7ffe03417,41.02763616544628,21.31108861478468,pm25,7
2026-01-15T13:41:27+01:00,874ff9c6-786d-45fc-a90e-48c7ffe03417,41.02763616544628,21.31108861478468,pressure,947
2026-01-15T13:41:27+01:00,874ff9c6-786d-45fc-a90e-48c7ffe03417,41.02763616544628,21.31108861478468,temperature,10
2026-01-15T13:56:58+01:00,874ff9c6-786d-45fc-a90e-48c7ffe03417,41.02763616544628,21.31108861478468,humidity,68
2026-01-15T13:56:58+01:00,874ff9c6-786d-45fc-a90e-48c7ffe03417,41.02763616544628,21.31108861478468,noise,40
2026-01-15T13:56:58+01:00,874ff9c6-786d-45fc-a90e-48c7ffe03417,41.02763616544628,21.31108861478468,noise_dba,45
2026-01-15T13:56:58+01:00,874ff9c6-786d-45fc-a90e-48c7ffe03417,41.02763616544628,21.31108861478468,pm10,25
2026-01-15T13:56:58+01:00,874ff9c6-786d-45fc-a90e-48c7ffe03417,41.02763616544628,21.31108861478468,pm25,9
2026-01-15T13:56:58+01:00,874ff9c6-786d-45fc-a90e-48c7ffe03417,41.02763616544628,21.31108861478468,pressure,947
2026-01-15T13:56:58+01:00,874ff9c6-786d-45fc-a90e-48c7ffe03417,41.02763616544628,21.31108861478468,temperature,10
2026-01-15T14:12:28+01:00,874ff9c6-786d-45fc-a90e-48c7ffe03417,41.02763616544628,21.31108861478468,humidity,69
2026-01-15T14:12:28+01:00,874ff9c6-786d-45fc-a90e-48c7ffe03417,41.02763616544628,21.31108861478468,noise,41
2026-01-15T14:12:28+01:00,874ff9c6-786d-45fc-a90e-48c7ffe03417,41.02763616544628,21.31108861478468,noise_dba,45
2026-01-15T14:12:28+01:00,874ff9c6-786d-45fc-a90e-48c7ffe03417,41.02763616544628,21.31108861478468,pm10,23
2026-01-15T14:12:28+01:00,874ff9c6-786d-45fc-a90e-48c7ffe03417,41.02763616544628,21.31108861478468,pm25,9
2026-01-15T14:12:28+01:00,874ff9c6-786d-45fc-a90e-48c7ffe03417,41.02763616544628,21.31108861478468,pressure,947
2026-01-15T14:12:28+01:00,874ff9c6-786d-45fc-a90e-48c7ffe03417,41.02763616544628,21.31108861478468,temperature,10
2026-01-15T14:28:02+01:00,874ff9c6-786d-45fc-a90e-48c7ffe03417,41.02763616544628,21.31108861478468,humidity,79
2026-01-15T14:28:02+01:00,874ff9c6-786d-45fc-a90e-48c7ffe03417,41.02763616544628,21.31108861478468,noise,44
2026-01-15T14:28:02+01:00,874ff9c6-786d-45fc-a90e-48c7ffe03417,41.02763616544628,21.31108861478468,noise_dba,46
2026-01-15T14:28:02+01:00,874ff9c6-786d-45fc-a90e-48c7ffe03417,41.02763616544628,21.31108861478468,pm10,18
2026-01-15T14:28:02+01:00,874ff9c6-786d-45fc-a90e-48c7ffe03417,41.02763616544628,21.31108861478468,pm25,9
2026-01-15T14:28:02+01:00,874ff9c6-786d-45fc-a90e-48c7ffe03417,41.02763616544628,21.31108861478468,pressure,947
2026-01-15T14:28:02+01:00,874ff9c6-786d-45fc-a90e-48c7ffe03417,41.02763616544628,21.31108861478468,temperature,9
2026-01-15T14:43:33+01:00,874ff9c6-786d-45fc-a90e-48c7ffe03417,41.02763616544628,21.31108861478468,humidity,84
2026-01-15T14:43:33+01:00,874ff9c6-786d-45fc-a90e-48c7ffe03417,41.02763616544628,21.31108861478468,noise,48
2026-01-15T14:43:33+01:00,874ff9c6-786d-45fc-a90e-48c7ffe03417,41.02763616544628,21.31108861478468,noise_dba,48
2026-01-15T14:43:33+01:00,874ff9c6-786d-45fc-a90e-48c7ffe03417,41.02763616544628,21.31108861478468,pm10,12
2026-01-15T14:43:33+01:00,874ff9c6-786d-45fc-a90e-48c7ffe03417,41.02763616544628,21.31108861478468,pm25,6
2026-01-15T14:43:33+01:00,874ff9c6-786d-45fc-a90e-48c7ffe03417,41.02763616544628,21.31108861478468,pressure,947
2026-01-15T14:43:33+01:00,874ff9c6-786d-45fc-a90e-48c7ffe03417,41.02763616544628,21.31108861478468,temperature,9
2026-01-15T14:59:04+01:00,874ff9c6-786d-45fc-a90e-48c7ffe03417,41.02763616544628,21.31108861478468,humidity,83
2026-01-15T14:59:04+01:00,874ff9c6-786d-45fc-a90e-48c7ffe03417,41.02763616544628,21.31108861478468,noise,44
2026-01-15T14:59:04+01:00,874ff9c6-786d-45fc-a90e-48c7ffe03417,41.02763616544628,21.31108861478468,noise_dba,46
2026-01-15T14:59:04+01:00,874ff9c6-786d-45fc-a90e-48c7ffe03417,41.02763616544628,21.31108861478468,pm10,17
2026-01-15T14:59:04+01:00,874ff9c6-786d-45fc-a90e-48c7ffe03417,41.02763616544628,21.31108861478468,pm25,7
2026-01-15T14:59:04+01:00,874ff9c6-786d-45fc-a90e-48c7ffe03417,41.02763616544628,21.31108861478468,pressure,947
2026-01-15T14:59:04+01:00,874ff9c6-786d-45fc-a90e-48c7ffe03417,41.02763616544628,21.31108861478468,temperature,9
2026-01-15T15:14:35+01:00,874ff9c6-786d-45fc-a90e-48c7ffe03417,41.02763616544628,21.31108861478468,humidity,80
2026-01-15T15:14:35+01:00,874ff9c6-786d-45fc-a90e-48c7ffe03417,41.02763616544628,21.31108861478468,noise,48
2026-01-15T15:14:35+01:00,874ff9c6-786d-45fc-a90e-48c7ffe03417,41.02763616544628,21.31108861478468,noise_dba,48
2026-01-15T15:14:35+01:00,874ff9c6-786d-45fc-a90e-48c7ffe03417,41.02763616544628,21.31108861478468,pm10,23
2026-01-15T15:14:35+01:00,874ff9c6-786d-45fc-a90e-48c7ffe03417,41.02763616544628,21.31108861478468,pm25,10
2026-01-15T15:14:35+01:00,874ff9c6-786d-45fc-a90e-48c7ffe03417,41.02763616544628,21.31108861478468,pressure,947
2026-01-15T15:14:35+01:00,874ff9c6-786d-45fc-a90e-48c7ffe03417,41.02763616544628,21.31108861478468,temperature,9
2026-01-15T15:30:07+01:00,874ff9c6-786d-45fc-a90e-48c7ffe03417,41.02763616544628,21.31108861478468,humidity,76
2026-01-15T15:30:07+01:00,874ff9c6-786d-45fc-a90e-48c7ffe03417,41.02763616544628,21.31108861478468,noise,54
2026-01-15T15:30:07+01:00,874ff9c6-786d-45fc-a90e-48c7ffe03417,41.02763616544628,21.31108861478468,noise_dba,50
2026-01-15T15:30:07+01:00,874ff9c6-786d-45fc-a90e-48c7ffe03417,41.02763616544628,21.31108861478468,pm10,72
2026-01-15T15:30:07+01:00,874ff9c6-786d-45fc-a90e-48c7ffe03417,41.02763616544628,21.31108861478468,pm25,28
2026-01-15T15:30:07+01:00,874ff9c6-786d-45fc-a90e-48c7ffe03417,41.02763616544628,21.31108861478468,pressure,947
2026-01-15T15:30:07+01:00,874ff9c6-786d-45fc-a90e-48c7ffe03417,41.02763616544628,21.31108861478468,temperature,8
2026-01-15T15:45:37+01:00,874ff9c6-786d-45fc-a90e-48c7ffe03417,41.02763616544628,21.31108861478468,humidity,78
2026-01-15T15:45:37+01:00,874ff9c6-786d-45fc-a90e-48c7ffe03417,41.02763616544628,21.31108861478468,noise,41
2026-01-15T15:45:37+01:00,874ff9c6-786d-45fc-a90e-48c7ffe03417,41.02763616544628,21.31108861478468,noise_dba,45
2026-01-15T15:45:37+01:00,874ff9c6-786d-45fc-a90e-48c7ffe03417,41.02763616544628,21.31108861478468,pm10,24
2026-01-15T15:45:37+01:00,874ff9c6-786d-45fc-a90e-48c7ffe03417,41.02763616544628,21.31108861478468,pm25,12
2026-01-15T15:45:37+01:00,874ff9c6-786d-45fc-a90e-48c7ffe03417,41.02763616544628,21.31108861478468,pressure,947
2026-01-15T15:45:37+01:00,874ff9c6-786d-45fc-a90e-48c7ffe03417,41.02763616544628,21.31108861478468,temperature,7
2026-01-15T16:01:08+01:00,874ff9c6-786d-45fc-a90e-48c7ffe03417,41.02763616544628,21.31108861478468,humidity,81
2026-01-15T16:01:08+01:00,874ff9c6-786d-45fc-a90e-48c7ffe03417,41.02763616544628,21.31108861478468,noise,38
2026-01-15T16:01:08+01:00,874ff9c6-786d-45fc-a90e-48c7ffe03417,41.02763616544628,21.31108861478468,noise_dba,44
2026-01-15T16:01:08+01:00,874ff9c6-786d-45fc-a90e-48c7ffe03417,41.02763616544628,21.31108861478468,pm10,33
2026-01-15T16:01:08+01:00,874ff9c6-786d-45fc-a90e-48c7ffe03417,41.02763616544628,21.31108861478468,pm25,17
2026-01-15T16:01:08+01:00,874ff9c6-786d-45fc-a90e-48c7ffe03417,41.02763616544628,21.31108861478468,pressure,947
2026-01-15T16:01:08+01:00,874ff9c6-786d-45fc-a90e-48c7ffe03417,41.02763616544628,21.31108861478468,temperature,7
2026-01-15T16:16:39+01:00,874ff9c6-786d-45fc-a90e-48c7ffe03417,41.02763616544628,21.31108861478468,humidity,84
2026-01-15T16:16:39+01:00,874ff9c6-786d-45fc-a90e-48c7ffe03417,41.02763616544628,21.31108861478468,noise,39
2026-01-15T16:16:39+01:00,874ff9c6-786d-45fc-a90e-48c7ffe03417,41.02763616544628,21.31108861478468,noise_dba,44
2026-01-15T16:16:39+01:00,874ff9c6-786d-45fc-a90e-48c7ffe03417,41.02763616544628,21.31108861478468,pm10,28
2026-01-15T16:16:39+01:00,874ff9c6-786d-45fc-a90e-48c7ffe03417,41.02763616544628,21.31108861478468,pm25,14
2026-01-15T16:16:39+01:00,874ff9c6-786d-45fc-a90e-48c7ffe03417,41.02763616544628,21.31108861478468,pressure,948
2026-01-15T16:16:39+01:00,874ff9c6-786d-45fc-a90e-48c7ffe03417,41.02763616544628,21.31108861478468,temperature,6
2026-01-15T16:32:10+01:00,874ff9c6-786d-45fc-a90e-48c7ffe03417,41.02763616544628,21.31108861478468,humidity,87
2026-01-15T16:32:10+01:00,874ff9c6-786d-45fc-a90e-48c7ffe03417,41.02763616544628,21.31108861478468,noise,43
2026-01-15T16:32:10+01:00,874ff9c6-786d-45fc-a90e-48c7ffe03417,41.02763616544628,21.31108861478468,noise_dba,46
2026-01-15T16:32:10+01:00,874ff9c6-786d-45fc-a90e-48c7ffe03417,41.02763616544628,21.31108861478468,pm10,32
2026-01-15T16:32:10+01:00,874ff9c6-786d-45fc-a90e-48c7ffe03417,41.02763616544628,21.31108861478468,pm25,15
2026-01-15T16:32:10+01:00,874ff9c6-786d-45fc-a90e-48c7ffe03417,41.02763616544628,21.31108861478468,pressure,948
2026-01-15T16:32:10+01:00,874ff9c6-786d-45fc-a90e-48c7ffe03417,41.02763616544628,21.31108861478468,temperature,6
2026-01-15T16:47:41+01:00,874ff9c6-786d-45fc-a90e-48c7ffe03417,41.02763616544628,21.31108861478468,humidity,87
2026-01-15T16:47:41+01:00,874ff9c6-786d-45fc-a90e-48c7ffe03417,41.02763616544628,21.31108861478468,noise,45
2026-01-15T16:47:41+01:00,874ff9c6-786d-45fc-a90e-48c7ffe03417,41.02763616544628,21.31108861478468,noise_dba,47
2026-01-15T16:47:41+01:00,874ff9c6-786d-45fc-a90e-48c7ffe03417,41.02763616544628,21.31108861478468,pm10,30
2026-01-15T16:47:41+01:00,874ff9c6-786d-45fc-a90e-48c7ffe03417,41.02763616544628,21.31108861478468,pm25,12
2026-01-15T16:47:41+01:00,874ff9c6-786d-45fc-a90e-48c7ffe03417,41.02763616544628,21.31108861478468,pressure,948
2026-01-15T16:47:41+01:00,874ff9c6-786d-45fc-a90e-48c7ffe03417,41.02763616544628,21.31108861478468,temperature,6
2026-01-15T17:03:12+01:00,874ff9c6-786d-45fc-a90e-48c7ffe03417,41.02763616544628,21.31108861478468,humidity,86
2026-01-15T17:03:12+01:00,874ff9c6-786d-45fc-a90e-48c7ffe03417,41.02763616544628,21.31108861478468,noise,44
2026-01-15T17:03:12+01:00,874ff9c6-786d-45fc-a90e-48c7ffe03417,41.02763616544628,21.31108861478468,noise_dba,46
2026-01-15T17:03:12+01:00,874ff9c6-786d-45fc-a90e-48c7ffe03417,41.02763616544628,21.31108861478468,pm10,34
2026-01-15T17:03:12+01:00,874ff9c6-786d-45fc-a90e-48c7ffe03417,41.02763616544628,21.31108861478468,pm25,16
2026-01-15T17:03:12+01:00,874ff9c6-786d-45fc-a90e-48c7ffe03417,41.02763616544628,21.31108861478468,pressure,948
2026-01-15T17:03:12+01:00,874ff9c6-786d-45fc-a90e-48c7ffe03417,41.02763616544628,21.31108861478468,temperature,5
2026-01-15T17:18:43+01:00,874ff9c6-786d-45fc-a90e-48c7ffe03417,41.02763616544628,21.31108861478468,humidity,86
2026-01-15T17:18:43+01:00,874ff9c6-786d-45fc-a90e-48c7ffe03417,41.02763616544628,21.31108861478468,noise,43
2026-01-15T17:18:43+01:00,874ff9c6-786d-45fc-a90e-48c7ffe03417,41.02763616544628,21.31108861478468,noise_dba,46
2026-01-15T17:18:43+01:00,874ff9c6-786d-45fc-a90e-48c7ffe03417,41.02763616544628,21.31108861478468,pm10,34
2026-01-15T17:18:43+01:00,874ff9c6-786d-45fc-a90e-48c7ffe03417,41.02763616544628,21.31108861478468,pm25,15
2026-01-15T17:18:43+01:00,874ff9c6-786d-45fc-a90e-48c7ffe03417,41.02763616544628,21.31108861478468,pressure,948
2026-01-15T17:18:43+01:00,874ff9c6-786d-45fc-a90e-48c7ffe03417,41.02763616544628,21.31108861478468,temperature,5
2026-01-15T17:34:13+01:00,874ff9c6-786d-45fc-a90e-48c7ffe03417,41.02763616544628,21.31108861478468,humidity,89
2026-01-15T17:34:13+01:00,874ff9c6-786d-45fc-a90e-48c7ffe03417,41.02763616544628,21.31108861478468,noise,40
2026-01-15T17:34:13+01:00,874ff9c6-786d-45fc-a90e-48c7ffe03417,41.02763616544628,21.31108861478468,noise_dba,45
2026-01-15T17:34:13+01:00,874ff9c6-786d-45fc-a90e-48c7ffe03417,41.02763616544628,21.31108861478468,pm10,34
2026-01-15T17:34:13+01:00,874ff9c6-786d-45fc-a90e-48c7ffe03417,41.02763616544628,21.31108861478468,pm25,16
2026-01-15T17:34:13+01:00,874ff9c6-786d-45fc-a90e-48c7ffe03417,41.02763616544628,21.31108861478468,pressure,948
2026-01-15T17:34:13+01:00,874ff9c6-786d-45fc-a90e-48c7ffe03417,41.02763616544628,21.31108861478468,temperature,5
2026-01-15T17:49:44+01:00,874ff9c6-786d-45fc-a90e-48c7ffe03417,41.02763616544628,21.31108861478468,humidity,90
2026-01-15T17:49:44+01:00,874ff9c6-786d-45fc-a90e-48c7ffe03417,41.02763616544628,21.31108861478468,noise,39
2026-01-15T17:49:44+01:00,874ff9c6-786d-45fc-a90e-48c7ffe03417,41.02763616544628,21.31108861478468,noise_dba,44
2026-01-15T17:49:44+01:00,874ff9c6-786d-45fc-a90e-48c7ffe03417,41.02763616544628,21.31108861478468,pm10,33
2026-01-15T17:49:44+01:00,874ff9c6-786d-45fc-a90e-48c7ffe03417,41.02763616544628,21.31108861478468,pm25,15
2026-01-15T17:49:44+01:00,874ff9c6-786d-45fc-a90e-48c7ffe03417,41.02763616544628,21.31108861478468,pressure,948
2026-01-15T17:49:44+01:00,874ff9c6-786d-45fc-a90e-48c7ffe03417,41.02763616544628,21.31108861478468,temperature,5
2026-01-15T18:05:15+01:00,874ff9c6-786d-45fc-a90e-48c7ffe03417,41.02763616544628,21.31108861478468,humidity,88
2026-01-15T18:05:15+01:00,874ff9c6-786d-45fc-a90e-48c7ffe03417,41.02763616544628,21.31108861478468,noise,38
2026-01-15T18:05:15+01:00,874ff9c6-786d-45fc-a90e-48c7ffe03417,41.02763616544628,21.31108861478468,noise_dba,44
2026-01-15T18:05:15+01:00,874ff9c6-786d-45fc-a90e-48c7ffe03417,41.02763616544628,21.31108861478468,pm10,28
2026-01-15T18:05:15+01:00,874ff9c6-786d-45fc-a90e-48c7ffe03417,41.02763616544628,21.31108861478468,pm25,13
2026-01-15T18:05:15+01:00,874ff9c6-786d-45fc-a90e-48c7ffe03417,41.02763616544628,21.31108861478468,pressure,948
2026-01-15T18:05:15+01:00,874ff9c6-786d-45fc-a90e-48c7ffe03417,41.02763616544628,21.31108861478468,temperature,5
2026-01-15T18:20:46+01:00,874ff9c6-786d-45fc-a90e-48c7ffe03417,41.02763616544628,21.31108861478468,humidity,93
2026-01-15T18:20:46+01:00,874ff9c6-786d-45fc-a90e-48c7ffe03417,41.02763616544628,21.31108861478468,noise,40
2026-01-15T18:20:46+01:00,874ff9c6-786d-45fc-a90e-48c7ffe03417,41.02763616544628,21.31108861478468,noise_dba,45
2026-01-15T18:20:46+01:00,874ff9c6-786d-45fc-a90e-48c7ffe03417,41.02763616544628,21.31108861478468,pm10,24
2026-01-15T18:20:46+01:00,874ff9c6-786d-45fc-a90e-48c7ffe03417,41.02763616544628,21.31108861478468,pm25,11
2026-01-15T18:20:46+01:00,874ff9c6-786d-45fc-a90e-48c7ffe03417,41.02763616544628,21.31108861478468,pressure,948
2026-01-15T18:20:46+01:00,874ff9c6-786d-45fc-a90e-48c7ffe03417,41.02763616544628,21.31108861478468,temperature,5
2026-01-15T18:36:17+01:00,874ff9c6-786d-45fc-a90e-48c7ffe03417,41.02763616544628,21.31108861478468,humidity,98
2026-01-15T18:36:17+01:00,874ff9c6-786d-45fc-a90e-48c7ffe03417,41.02763616544628,21.31108861478468,noise,43
2026-01-15T18:36:17+01:00,874ff9c6-786d-45fc-a90e-48c7ffe03417,41.02763616544628,21.31108861478468,noise_dba,46
2026-01-15T18:36:17+01:00,874ff9c6-786d-45fc-a90e-48c7ffe03417,41.02763616544628,21.31108861478468,pm10,21
2026-01-15T18:36:17+01:00,874ff9c6-786d-45fc-a90e-48c7ffe03417,41.02763616544628,21.31108861478468,pm25,9
2026-01-15T18:36:17+01:00,874ff9c6-786d-45fc-a90e-48c7ffe03417,41.02763616544628,21.31108861478468,pressure,948
2026-01-15T18:36:17+01:00,874ff9c6-786d-45fc-a90e-48c7ffe03417,41.02763616544628,21.31108861478468,temperature,5
2026-01-15T18:51:49+01:00,874ff9c6-786d-45fc-a90e-48c7ffe03417,41.02763616544628,21.31108861478468,noise,45
2026-01-15T18:51:49+01:00,874ff9c6-786d-45fc-a90e-48c7ffe03417,41.02763616544628,21.31108861478468,noise_dba,47
2026-01-15T18:51:49+01:00,874ff9c6-786d-45fc-a90e-48c7ffe03417,41.02763616544628,21.31108861478468,pm10,44
2026-01-15T18:51:49+01:00,874ff9c6-786d-45fc-a90e-48c7ffe03417,41.02763616544628,21.31108861478468,pm25,20
2026-01-15T18:51:49+01:00,874ff9c6-786d-45fc-a90e-48c7ffe03417,41.02763616544628,21.31108861478468,pressure,948
2026-01-15T18:51:49+01:00,874ff9c6-786d-45fc-a90e-48c7ffe03417,41.02763616544628,21.31108861478468,temperature,5
2026-01-15T19:07:19+01:00,874ff9c6-786d-45fc-a90e-48c7ffe03417,41.02763616544628,21.31108861478468,humidity,98
2026-01-15T19:07:19+01:00,874ff9c6-786d-45fc-a90e-48c7ffe03417,41.02763616544628,21.31108861478468,noise,39
2026-01-15T19:07:19+01:00,874ff9c6-786d-45fc-a90e-48c7ffe03417,41.02763616544628,21.31108861478468,noise_dba,44
2026-01-15T19:07:19+01:00,874ff9c6-786d-45fc-a90e-48c7ffe03417,41.02763616544628,21.31108861478468,pm10,23
2026-01-15T19:07:19+01:00,874ff9c6-786d-45fc-a90e-48c7ffe03417,41.02763616544628,21.31108861478468,pm25,10
2026-01-15T19:07:19+01:00,874ff9c6-786d-45fc-a90e-48c7ffe03417,41.02763616544628,21.31108861478468,pressure,948
2026-01-15T19:07:19+01:00,874ff9c6-786d-45fc-a90e-48c7ffe03417,41.02763616544628,21.31108861478468,temperature,5
2026-01-15T19:22:50+01:00,874ff9c6-786d-45fc-a90e-48c7ffe03417,41.02763616544628,21.31108861478468,humidity,96
2026-01-15T19:22:50+01:00,874ff9c6-786d-45fc-a90e-48c7ffe03417,41.02763616544628,21.31108861478468,noise,38
2026-01-15T19:22:50+01:00,874ff9c6-786d-45fc-a90e-48c7ffe03417,41.02763616544628,21.31108861478468,noise_dba,44
2026-01-15T19:22:50+01:00,874ff9c6-786d-45fc-a90e-48c7ffe03417,41.02763616544628,21.31108861478468,pm10,25
2026-01-15T19:22:50+01:00,874ff9c6-786d-45fc-a90e-48c7ffe03417,41.02763616544628,21.31108861478468,pm25,11
2026-01-15T19:22:50+01:00,874ff9c6-786d-45fc-a90e-48c7ffe03417,41.02763616544628,21.31108861478468,pressure,948
2026-01-15T19:22:50+01:00,874ff9c6-786d-45fc-a90e-48c7ffe03417,41.02763616544628,21.31108861478468,temperature,5
2026-01-15T19:38:21+01:00,874ff9c6-786d-45fc-a90e-48c7ffe03417,41.02763616544628,21.31108861478468,humidity,94
2026-01-15T19:38:21+01:00,874ff9c6-786d-45fc-a90e-48c7ffe03417,41.02763616544628,21.31108861478468,noise,38
2026-01-15T19:38:21+01:00,874ff9c6-786d-45fc-a90e-48c7ffe03417,41.02763616544628,21.31108861478468,noise_dba,44
2026-01-15T19:38:21+01:00,874ff9c6-786d-45fc-a90e-48c7ffe03417,41.02763616544628,21.31108861478468,pm10,26
2026-01-15T19:38:21+01:00,874ff9c6-786d-45fc-a90e-48c7ffe03417,41.02763616544628,21.31108861478468,pm25,11
2026-01-15T19:38:21+01:00,874ff9c6-786d-45fc-a90e-48c7ffe03417,41.02763616544628,21.31108861478468,pressure,948
2026-01-15T19:38:21+01:00,874ff9c6-786d-45fc-a90e-48c7ffe03417,41.02763616544628,21.31108861478468,temperature,5
2026-01-15T19:53:52+01:00,874ff9c6-786d-45fc-a90e-48c7ffe03417,41.02763616544628,21.31108861478468,humidity,91
2026-01-15T19:53:52+01:00,874ff9c6-786d-45fc-a90e-48c7ffe03417,41.02763616544628,21.31108861478468,noise,39
2026-01-15T19:53:52+01:00,874ff9c6-786d-45fc-a90e-48c7ffe03417,41.02763616544628,21.31108861478468,noise_dba,44
2026-01-15T19:53:52+01:00,874ff9c6-786d-45fc-a90e-48c7ffe03417,41.02763616544628,21.31108861478468,pm10,20
2026-01-15T19:53:52+01:00,874ff9c6-786d-45fc-a90e-48c7ffe03417,41.02763616544628,21.31108861478468,pm25,9
2026-01-15T19:53:52+01:00,874ff9c6-786d-45fc-a90e-48c7ffe03417,41.02763616544628,21.31108861478468,pressure,948
2026-01-15T19:53:52+01:00,874ff9c6-786d-45fc-a90e-48c7ffe03417,41.02763616544628,21.31108861478468,temperature,5
2026-01-15T20:09:23+01:00,874ff9c6-786d-45fc-a90e-48c7ffe03417,41.02763616544628,21.31108861478468,humidity,93
2026-01-15T20:09:23+01:00,874ff9c6-786d-45fc-a90e-48c7ffe03417,41.02763616544628,21.31108861478468,noise,37
2026-01-15T20:09:23+01:00,874ff9c6-786d-45fc-a90e-48c7ffe03417,41.02763616544628,21.31108861478468,noise_dba,43
2026-01-15T20:09:23+01:00,874ff9c6-786d-45fc-a90e-48c7ffe03417,41.02763616544628,21.31108861478468,pm10,21
2026-01-15T20:09:23+01:00,874ff9c6-786d-45fc-a90e-48c7ffe03417,41.02763616544628,21.31108861478468,pm25,10
2026-01-15T20:09:23+01:00,874ff9c6-786d-45fc-a90e-48c7ffe03417,41.02763616544628,21.31108861478468,pressure,948
2026-01-15T20:09:23+01:00,874ff9c6-786d-45fc-a90e-48c7ffe03417,41.02763616544628,21.31108861478468,temperature,5
2026-01-15T20:24:54+01:00,874ff9c6-786d-45fc-a90e-48c7ffe03417,41.02763616544628,21.31108861478468,humidity,93
2026-01-15T20:24:54+01:00,874ff9c6-786d-45fc-a90e-48c7ffe03417,41.02763616544628,21.31108861478468,noise,36
2026-01-15T20:24:54+01:00,874ff9c6-786d-45fc-a90e-48c7ffe03417,41.02763616544628,21.31108861478468,noise_dba,43
2026-01-15T20:24:54+01:00,874ff9c6-786d-45fc-a90e-48c7ffe03417,41.02763616544628,21.31108861478468,pm10,20
2026-01-15T20:24:54+01:00,874ff9c6-786d-45fc-a90e-48c7ffe03417,41.02763616544628,21.31108861478468,pm25,9
2026-01-15T20:24:54+01:00,874ff9c6-786d-45fc-a90e-48c7ffe03417,41.02763616544628,21.31108861478468,pressure,948
2026-01-15T20:24:54+01:00,874ff9c6-786d-45fc-a90e-48c7ffe03417,41.02763616544628,21.31108861478468,temperature,5
2026-01-15T20:40:25+01:00,874ff9c6-786d-45fc-a90e-48c7ffe03417,41.02763616544628,21.31108861478468,humidity,89
2026-01-15T20:40:25+01:00,874ff9c6-786d-45fc-a90e-48c7ffe03417,41.02763616544628,21.31108861478468,noise,40
2026-01-15T20:40:25+01:00,874ff9c6-786d-45fc-a90e-48c7ffe03417,41.02763616544628,21.31108861478468,noise_dba,45
2026-01-15T20:40:25+01:00,874ff9c6-786d-45fc-a90e-48c7ffe03417,41.02763616544628,21.31108861478468,pm10,17
2026-01-15T20:40:25+01:00,874ff9c6-786d-45fc-a90e-48c7ffe03417,41.02763616544628,21.31108861478468,pm25,7
2026-01-15T20:40:25+01:00,874ff9c6-786d-45fc-a90e-48c7ffe03417,41.02763616544628,21.31108861478468,pressure,948
2026-01-15T20:40:25+01:00,874ff9c6-786d-45fc-a90e-48c7ffe03417,41.02763616544628,21.31108861478468,temperature,5
2026-01-15T20:55:56+01:00,874ff9c6-786d-45fc-a90e-48c7ffe03417,41.02763616544628,21.31108861478468,humidity,94
2026-01-15T20:55:56+01:00,874ff9c6-786d-45fc-a90e-48c7ffe03417,41.02763616544628,21.31108861478468,noise,40
2026-01-15T20:55:56+01:00,874ff9c6-786d-45fc-a90e-48c7ffe03417,41.02763616544628,21.31108861478468,noise_dba,45
2026-01-15T20:55:56+01:00,874ff9c6-786d-45fc-a90e-48c7ffe03417,41.02763616544628,21.31108861478468,pm10,18
2026-01-15T20:55:56+01:00,874ff9c6-786d-45fc-a90e-48c7ffe03417,41.02763616544628,21.31108861478468,pm25,7
2026-01-15T20:55:56+01:00,874ff9c6-786d-45fc-a90e-48c7ffe03417,41.02763616544628,21.31108861478468,pressure,948
2026-01-15T20:55:56+01:00,874ff9c6-786d-45fc-a90e-48c7ffe03417,41.02763616544628,21.31108861478468,temperature,5
2026-01-15T21:11:27+01:00,874ff9c6-786d-45fc-a90e-48c7ffe03417,41.02763616544628,21.31108861478468,humidity,91
2026-01-15T21:11:27+01:00,874ff9c6-786d-45fc-a90e-48c7ffe03417,41.02763616544628,21.31108861478468,noise,35
2026-01-15T21:11:27+01:00,874ff9c6-786d-45fc-a90e-48c7ffe03417,41.02763616544628,21.31108861478468,noise_dba,43
2026-01-15T21:11:27+01:00,874ff9c6-786d-45fc-a90e-48c7ffe03417,41.02763616544628,21.31108861478468,pm10,19
2026-01-15T21:11:27+01:00,874ff9c6-786d-45fc-a90e-48c7ffe03417,41.02763616544628,21.31108861478468,pm25,8
2026-01-15T21:11:27+01:00,874ff9c6-786d-45fc-a90e-48c7ffe03417,41.02763616544628,21.31108861478468,pressure,948
2026-01-15T21:11:27+01:00,874ff9c6-786d-45fc-a90e-48c7ffe03417,41.02763616544628,21.31108861478468,temperature,5
2026-01-15T21:26:58+01:00,874ff9c6-786d-45fc-a90e-48c7ffe03417,41.02763616544628,21.31108861478468,humidity,98
2026-01-15T21:26:58+01:00,874ff9c6-786d-45fc-a90e-48c7ffe03417,41.02763616544628,21.31108861478468,noise,37
2026-01-15T21:26:58+01:00,874ff9c6-786d-45fc-a90e-48c7ffe03417,41.02763616544628,21.31108861478468,noise_dba,43
2026-01-15T21:26:58+01:00,874ff9c6-786d-45fc-a90e-48c7ffe03417,41.02763616544628,21.31108861478468,pm10,14
2026-01-15T21:26:58+01:00,874ff9c6-786d-45fc-a90e-48c7ffe03417,41.02763616544628,21.31108861478468,pm25,7
2026-01-15T21:26:58+01:00,874ff9c6-786d-45fc-a90e-48c7ffe03417,41.02763616544628,21.31108861478468,pressure,948
2026-01-15T21:26:58+01:00,874ff9c6-786d-45fc-a90e-48c7ffe03417,41.02763616544628,21.31108861478468,temperature,5
2026-01-15T21:42:29+01:00,874ff9c6-786d-45fc-a90e-48c7ffe03417,41.02763616544628,21.31108861478468,humidity,97
2026-01-15T21:42:29+01:00,874ff9c6-786d-45fc-a90e-48c7ffe03417,41.02763616544628,21.31108861478468,noise,34
2026-01-15T21:42:29+01:00,874ff9c6-786d-45fc-a90e-48c7ffe03417,41.02763616544628,21.31108861478468,noise_dba,42
2026-01-15T21:42:29+01:00,874ff9c6-786d-45fc-a90e-48c7ffe03417,41.02763616544628,21.31108861478468,pm10,19
2026-01-15T21:42:29+01:00,874ff9c6-786d-45fc-a90e-48c7ffe03417,41.02763616544628,21.31108861478468,pm25,9
2026-01-15T21:42:29+01:00,874ff9c6-786d-45fc-a90e-48c7ffe03417,41.02763616544628,21.31108861478468,pressure,948
2026-01-15T21:42:29+01:00,874ff9c6-786d-45fc-a90e-48c7ffe03417,41.02763616544628,21.31108861478468,temperature,5
2026-01-15T21:58:02+01:00,874ff9c6-786d-45fc-a90e-48c7ffe03417,41.02763616544628,21.31108861478468,humidity,97
2026-01-15T21:58:02+01:00,874ff9c6-786d-45fc-a90e-48c7ffe03417,41.02763616544628,21.31108861478468,noise,35
2026-01-15T21:58:02+01:00,874ff9c6-786d-45fc-a90e-48c7ffe03417,41.02763616544628,21.31108861478468,noise_dba,43
2026-01-15T21:58:02+01:00,874ff9c6-786d-45fc-a90e-48c7ffe03417,41.02763616544628,21.31108861478468,pm10,17
2026-01-15T21:58:02+01:00,874ff9c6-786d-45fc-a90e-48c7ffe03417,41.02763616544628,21.31108861478468,pm25,7
2026-01-15T21:58:02+01:00,874ff9c6-786d-45fc-a90e-48c7ffe03417,41.02763616544628,21.31108861478468,pressure,948
2026-01-15T21:58:02+01:00,874ff9c6-786d-45fc-a90e-48c7ffe03417,41.02763616544628,21.31108861478468,temperature,4
2026-01-15T22:13:33+01:00,874ff9c6-786d-45fc-a90e-48c7ffe03417,41.02763616544628,21.31108861478468,humidity,98
2026-01-15T22:13:33+01:00,874ff9c6-786d-45fc-a90e-48c7ffe03417,41.02763616544628,21.31108861478468,noise,38
2026-01-15T22:13:33+01:00,874ff9c6-786d-45fc-a90e-48c7ffe03417,41.02763616544628,21.31108861478468,noise_dba,44
2026-01-15T22:13:33+01:00,874ff9c6-786d-45fc-a90e-48c7ffe03417,41.02763616544628,21.31108861478468,pm10,19
2026-01-15T22:13:33+01:00,874ff9c6-786d-45fc-a90e-48c7ffe03417,41.02763616544628,21.31108861478468,pm25,8
2026-01-15T22:13:33+01:00,874ff9c6-786d-45fc-a90e-48c7ffe03417,41.02763616544628,21.31108861478468,pressure,948
2026-01-15T22:13:33+01:00,874ff9c6-786d-45fc-a90e-48c7ffe03417,41.02763616544628,21.31108861478468,temperature,4
2026-01-15T22:29:04+01:00,874ff9c6-786d-45fc-a90e-48c7ffe03417,41.02763616544628,21.31108861478468,humidity,96
2026-01-15T22:29:04+01:00,874ff9c6-786d-45fc-a90e-48c7ffe03417,41.02763616544628,21.31108861478468,noise,37
2026-01-15T22:29:04+01:00,874ff9c6-786d-45fc-a90e-48c7ffe03417,41.02763616544628,21.31108861478468,noise_dba,43
2026-01-15T22:29:04+01:00,874ff9c6-786d-45fc-a90e-48c7ffe03417,41.02763616544628,21.31108861478468,pm10,16
2026-01-15T22:29:04+01:00,874ff9c6-786d-45fc-a90e-48c7ffe03417,41.02763616544628,21.31108861478468,pm25,7
2026-01-15T22:29:04+01:00,874ff9c6-786d-45fc-a90e-48c7ffe03417,41.02763616544628,21.31108861478468,pressure,948
2026-01-15T22:29:04+01:00,874ff9c6-786d-45fc-a90e-48c7ffe03417,41.02763616544628,21.31108861478468,temperature,4
2026-01-15T22:44:35+01:00,874ff9c6-786d-45fc-a90e-48c7ffe03417,41.02763616544628,21.31108861478468,humidity,92
2026-01-15T22:44:35+01:00,874ff9c6-786d-45fc-a90e-48c7ffe03417,41.02763616544628,21.31108861478468,noise,34
2026-01-15T22:44:35+01:00,874ff9c6-786d-45fc-a90e-48c7ffe03417,41.02763616544628,21.31108861478468,noise_dba,42
2026-01-15T22:44:35+01:00,874ff9c6-786d-45fc-a90e-48c7ffe03417,41.02763616544628,21.31108861478468,pm10,14
2026-01-15T22:44:35+01:00,874ff9c6-786d-45fc-a90e-48c7ffe03417,41.02763616544628,21.31108861478468,pm25,5
2026-01-15T22:44:35+01:00,874ff9c6-786d-45fc-a90e-48c7ffe03417,41.02763616544628,21.31108861478468,pressure,948
2026-01-15T22:44:35+01:00,874ff9c6-786d-45fc-a90e-48c7ffe03417,41.02763616544628,21.31108861478468,temperature,4
2026-01-15T23:00:06+01:00,874ff9c6-786d-45fc-a90e-48c7ffe03417,41.02763616544628,21.31108861478468,humidity,92
2026-01-15T23:00:06+01:00,874ff9c6-786d-45fc-a90e-48c7ffe03417,41.02763616544628,21.31108861478468,noise,37
2026-01-15T23:00:06+01:00,874ff9c6-786d-45fc-a90e-48c7ffe03417,41.02763616544628,21.31108861478468,noise_dba,43
2026-01-15T23:00:06+01:00,874ff9c6-786d-45fc-a90e-48c7ffe03417,41.02763616544628,21.31108861478468,pm10,21
2026-01-15T23:00:06+01:00,874ff9c6-786d-45fc-a90e-48c7ffe03417,41.02763616544628,21.31108861478468,pm25,8
2026-01-15T23:00:06+01:00,874ff9c6-786d-45fc-a90e-48c7ffe03417,41.02763616544628,21.31108861478468,pressure,948
2026-01-15T23:00:06+01:00,874ff9c6-786d-45fc-a90e-48c7ffe03417,41.02763616544628,21.31108861478468,temperature,3
2026-01-15T23:15:37+01:00,874ff9c6-786d-45fc-a90e-48c7ffe03417,41.02763616544628,21.31108861478468,humidity,96
2026-01-15T23:15:37+01:00,874ff9c6-786d-45fc-a90e-48c7ffe03417,41.02763616544628,21.31108861478468,noise,45
2026-01-15T23:15:37+01:00,874ff9c6-786d-45fc-a90e-48c7ffe03417,41.02763616544628,21.31108861478468,noise_dba,47
2026-01-15T23:15:37+01:00,874ff9c6-786d-45fc-a90e-48c7ffe03417,41.02763616544628,21.31108861478468,pm10,514
2026-01-15T23:15:37+01:00,874ff9c6-786d-45fc-a90e-48c7ffe03417,41.02763616544628,21.31108861478468,pm25,222
2026-01-15T23:15:37+01:00,874ff9c6-786d-45fc-a90e-48c7ffe03417,41.02763616544628,21.31108861478468,pressure,948
2026-01-15T23:15:37+01:00,874ff9c6-786d-45fc-a90e-48c7ffe03417,41.02763616544628,21.31108861478468,temperature,3
2026-01-15T23:31:08+01:00,874ff9c6-786d-45fc-a90e-48c7ffe03417,41.02763616544628,21.31108861478468,humidity,94
2026-01-15T23:31:08+01:00,874ff9c6-786d-45fc-a90e-48c7ffe03417,41.02763616544628,21.31108861478468,noise,31
2026-01-15T23:31:08+01:00,874ff9c6-786d-45fc-a90e-48c7ffe03417,41.02763616544628,21.31108861478468,noise_dba,41
2026-01-15T23:31:08+01:00,874ff9c6-786d-45fc-a90e-48c7ffe03417,41.02763616544628,21.31108861478468,pm10,17
2026-01-15T23:31:08+01:00,874ff9c6-786d-45fc-a90e-48c7ffe03417,41.02763616544628,21.31108861478468,pm25,5
2026-01-15T23:31:08+01:00,874ff9c6-786d-45fc-a90e-48c7ffe03417,41.02763616544628,21.31108861478468,pressure,948
2026-01-15T23:31:08+01:00,874ff9c6-786d-45fc-a90e-48c7ffe03417,41.02763616544628,21.31108861478468,temperature,3
2026-01-16T00:24:34+01:00,874ff9c6-786d-45fc-a90e-48c7ffe03417,41.02763616544628,21.31108861478468,humidity,92
2026-01-16T00:24:34+01:00,874ff9c6-786d-45fc-a90e-48c7ffe03417,41.02763616544628,21.31108861478468,noise,34
2026-01-16T00:24:34+01:00,874ff9c6-786d-45fc-a90e-48c7ffe03417,41.02763616544628,21.31108861478468,noise_dba,42
2026-01-16T00:24:34+01:00,874ff9c6-786d-45fc-a90e-48c7ffe03417,41.02763616544628,21.31108861478468,pm10,24
2026-01-16T00:24:34+01:00,874ff9c6-786d-45fc-a90e-48c7ffe03417,41.02763616544628,21.31108861478468,pm25,10
2026-01-16T00:24:34+01:00,874ff9c6-786d-45fc-a90e-48c7ffe03417,41.02763616544628,21.31108861478468,pressure,948
2026-01-16T00:24:34+01:00,874ff9c6-786d-45fc-a90e-48c7ffe03417,41.02763616544628,21.31108861478468,temperature,2
2026-01-16T00:40:08+01:00,874ff9c6-786d-45fc-a90e-48c7ffe03417,41.02763616544628,21.31108861478468,humidity,93
2026-01-16T00:40:08+01:00,874ff9c6-786d-45fc-a90e-48c7ffe03417,41.02763616544628,21.31108861478468,noise,35
2026-01-16T00:40:08+01:00,874ff9c6-786d-45fc-a90e-48c7ffe03417,41.02763616544628,21.31108861478468,noise_dba,43
2026-01-16T00:40:08+01:00,874ff9c6-786d-45fc-a90e-48c7ffe03417,41.02763616544628,21.31108861478468,pm10,18
2026-01-16T00:40:08+01:00,874ff9c6-786d-45fc-a90e-48c7ffe03417,41.02763616544628,21.31108861478468,pm25,5
2026-01-16T00:40:08+01:00,874ff9c6-786d-45fc-a90e-48c7ffe03417,41.02763616544628,21.31108861478468,pressure,948
2026-01-16T00:40:08+01:00,874ff9c6-786d-45fc-a90e-48c7ffe03417,41.02763616544628,21.31108861478468,temperature,2
2026-01-16T00:55:38+01:00,874ff9c6-786d-45fc-a90e-48c7ffe03417,41.02763616544628,21.31108861478468,humidity,94
2026-01-16T00:55:38+01:00,874ff9c6-786d-45fc-a90e-48c7ffe03417,41.02763616544628,21.31108861478468,noise,30
2026-01-16T00:55:38+01:00,874ff9c6-786d-45fc-a90e-48c7ffe03417,41.02763616544628,21.31108861478468,noise_dba,40
2026-01-16T00:55:38+01:00,874ff9c6-786d-45fc-a90e-48c7ffe03417,41.02763616544628,21.31108861478468,pm10,16
2026-01-16T00:55:38+01:00,874ff9c6-786d-45fc-a90e-48c7ffe03417,41.02763616544628,21.31108861478468,pm25,7
2026-01-16T00:55:38+01:00,874ff9c6-786d-45fc-a90e-48c7ffe03417,41.02763616544628,21.31108861478468,pressure,948
2026-01-16T00:55:38+01:00,874ff9c6-786d-45fc-a90e-48c7ffe03417,41.02763616544628,21.31108861478468,temperature,2
2026-01-16T01:11:09+01:00,874ff9c6-786d-45fc-a90e-48c7ffe03417,41.02763616544628,21.31108861478468,humidity,97
2026-01-16T01:11:09+01:00,874ff9c6-786d-45fc-a90e-48c7ffe03417,41.02763616544628,21.31108861478468,noise,31
2026-01-16T01:11:09+01:00,874ff9c6-786d-45fc-a90e-48c7ffe03417,41.02763616544628,21.31108861478468,noise_dba,41
2026-01-16T01:11:09+01:00,874ff9c6-786d-45fc-a90e-48c7ffe03417,41.02763616544628,21.31108861478468,pm10,14
2026-01-16T01:11:09+01:00,874ff9c6-786d-45fc-a90e-48c7ffe03417,41.02763616544628,21.31108861478468,pm25,5
2026-01-16T01:11:09+01:00,874ff9c6-786d-45fc-a90e-48c7ffe03417,41.02763616544628,21.31108861478468,pressure,948
2026-01-16T01:11:09+01:00,874ff9c6-786d-45fc-a90e-48c7ffe03417,41.02763616544628,21.31108861478468,temperature,2
2026-01-16T01:26:40+01:00,874ff9c6-786d-45fc-a90e-48c7ffe03417,41.02763616544628,21.31108861478468,humidity,96
2026-01-16T01:26:40+01:00,874ff9c6-786d-45fc-a90e-48c7ffe03417,41.02763616544628,21.31108861478468,noise,28
2026-01-16T01:26:40+01:00,874ff9c6-786d-45fc-a90e-48c7ffe03417,41.02763616544628,21.31108861478468,noise_dba,39
2026-01-16T01:26:40+01:00,874ff9c6-786d-45fc-a90e-48c7ffe03417,41.02763616544628,21.31108861478468,pm10,7
2026-01-16T01:26:40+01:00,874ff9c6-786d-45fc-a90e-48c7ffe03417,41.02763616544628,21.31108861478468,pm25,2
2026-01-16T01:26:40+01:00,874ff9c6-786d-45fc-a90e-48c7ffe03417,41.02763616544628,21.31108861478468,pressure,948
2026-01-16T01:26:40+01:00,874ff9c6-786d-45fc-a90e-48c7ffe03417,41.02763616544628,21.31108861478468,temperature,2
2026-01-16T01:42:10+01:00,874ff9c6-786d-45fc-a90e-48c7ffe03417,41.02763616544628,21.31108861478468,humidity,97
2026-01-16T01:42:10+01:00,874ff9c6-786d-45fc-a90e-48c7ffe03417,41.02763616544628,21.31108861478468,noise,33
2026-01-16T01:42:10+01:00,874ff9c6-786d-45fc-a90e-48c7ffe03417,41.02763616544628,21.31108861478468,noise_dba,42
2026-01-16T01:42:10+01:00,874ff9c6-786d-45fc-a90e-48c7ffe03417,41.02763616544628,21.31108861478468,pm10,9
2026-01-16T01:42:10+01:00,874ff9c6-786d-45fc-a90e-48c7ffe03417,41.02763616544628,21.31108861478468,pm25,3
2026-01-16T01:42:10+01:00,874ff9c6-786d-45fc-a90e-48c7ffe03417,41.02763616544628,21.31108861478468,pressure,948
2026-01-16T01:42:10+01:00,874ff9c6-786d-45fc-a90e-48c7ffe03417,41.02763616544628,21.31108861478468,temperature,2
2026-01-16T01:57:41+01:00,874ff9c6-786d-45fc-a90e-48c7ffe03417,41.02763616544628,21.31108861478468,humidity,97
2026-01-16T01:57:41+01:00,874ff9c6-786d-45fc-a90e-48c7ffe03417,41.02763616544628,21.31108861478468,noise,31
2026-01-16T01:57:41+01:00,874ff9c6-786d-45fc-a90e-48c7ffe03417,41.02763616544628,21.31108861478468,noise_dba,41
2026-01-16T01:57:41+01:00,874ff9c6-786d-45fc-a90e-48c7ffe03417,41.02763616544628,21.31108861478468,pm10,8
2026-01-16T01:57:41+01:00,874ff9c6-786d-45fc-a90e-48c7ffe03417,41.02763616544628,21.31108861478468,pm25,3
2026-01-16T01:57:41+01:00,874ff9c6-786d-45fc-a90e-48c7ffe03417,41.02763616544628,21.31108861478468,pressure,948
2026-01-16T01:57:41+01:00,874ff9c6-786d-45fc-a90e-48c7ffe03417,41.02763616544628,21.31108861478468,temperature,2
2026-01-16T02:13:12+01:00,874ff9c6-786d-45fc-a90e-48c7ffe03417,41.02763616544628,21.31108861478468,humidity,99
2026-01-16T02:13:12+01:00,874ff9c6-786d-45fc-a90e-48c7ffe03417,41.02763616544628,21.31108861478468,noise,30
2026-01-16T02:13:12+01:00,874ff9c6-786d-45fc-a90e-48c7ffe03417,41.02763616544628,21.31108861478468,noise_dba,40
2026-01-16T02:13:12+01:00,874ff9c6-786d-45fc-a90e-48c7ffe03417,41.02763616544628,21.31108861478468,pm10,7
2026-01-16T02:13:12+01:00,874ff9c6-786d-45fc-a90e-48c7ffe03417,41.02763616544628,21.31108861478468,pm25,2
2026-01-16T02:13:12+01:00,874ff9c6-786d-45fc-a90e-48c7ffe03417,41.02763616544628,21.31108861478468,pressure,948
2026-01-16T02:13:12+01:00,874ff9c6-786d-45fc-a90e-48c7ffe03417,41.02763616544628,21.31108861478468,temperature,2
2026-01-16T02:28:43+01:00,874ff9c6-786d-45fc-a90e-48c7ffe03417,41.02763616544628,21.31108861478468,noise,28
2026-01-16T02:28:43+01:00,874ff9c6-786d-45fc-a90e-48c7ffe03417,41.02763616544628,21.31108861478468,noise_dba,39
2026-01-16T02:28:43+01:00,874ff9c6-786d-45fc-a90e-48c7ffe03417,41.02763616544628,21.31108861478468,pm10,7
2026-01-16T02:28:43+01:00,874ff9c6-786d-45fc-a90e-48c7ffe03417,41.02763616544628,21.31108861478468,pm25,2
2026-01-16T02:28:43+01:00,874ff9c6-786d-45fc-a90e-48c7ffe03417,41.02763616544628,21.31108861478468,pressure,948
2026-01-16T02:28:43+01:00,874ff9c6-786d-45fc-a90e-48c7ffe03417,41.02763616544628,21.31108861478468,temperature,2
2026-01-16T02:44:14+01:00,874ff9c6-786d-45fc-a90e-48c7ffe03417,41.02763616544628,21.31108861478468,humidity,99
2026-01-16T02:44:14+01:00,874ff9c6-786d-45fc-a90e-48c7ffe03417,41.02763616544628,21.31108861478468,noise,28
2026-01-16T02:44:14+01:00,874ff9c6-786d-45fc-a90e-48c7ffe03417,41.02763616544628,21.31108861478468,noise_dba,39
2026-01-16T02:44:14+01:00,874ff9c6-786d-45fc-a90e-48c7ffe03417,41.02763616544628,21.31108861478468,pm10,6
2026-01-16T02:44:14+01:00,874ff9c6-786d-45fc-a90e-48c7ffe03417,41.02763616544628,21.31108861478468,pm25,2
2026-01-16T02:44:14+01:00,874ff9c6-786d-45fc-a90e-48c7ffe03417,41.02763616544628,21.31108861478468,pressure,948
2026-01-16T02:44:14+01:00,874ff9c6-786d-45fc-a90e-48c7ffe03417,41.02763616544628,21.31108861478468,temperature,2
2026-01-16T02:59:45+01:00,874ff9c6-786d-45fc-a90e-48c7ffe03417,41.02763616544628,21.31108861478468,humidity,98
2026-01-16T02:59:45+01:00,874ff9c6-786d-45fc-a90e-48c7ffe03417,41.02763616544628,21.31108861478468,noise,31
2026-01-16T02:59:45+01:00,874ff9c6-786d-45fc-a90e-48c7ffe03417,41.02763616544628,21.31108861478468,noise_dba,41
2026-01-16T02:59:45+01:00,874ff9c6-786d-45fc-a90e-48c7ffe03417,41.02763616544628,21.31108861478468,pm10,6
2026-01-16T02:59:45+01:00,874ff9c6-786d-45fc-a90e-48c7ffe03417,41.02763616544628,21.31108861478468,pm25,1
2026-01-16T02:59:45+01:00,874ff9c6-786d-45fc-a90e-48c7ffe03417,41.02763616544628,21.31108861478468,pressure,948
2026-01-16T02:59:45+01:00,874ff9c6-786d-45fc-a90e-48c7ffe03417,41.02763616544628,21.31108861478468,temperature,2
2026-01-16T03:15:15+01:00,874ff9c6-786d-45fc-a90e-48c7ffe03417,41.02763616544628,21.31108861478468,humidity,98
2026-01-16T03:15:15+01:00,874ff9c6-786d-45fc-a90e-48c7ffe03417,41.02763616544628,21.31108861478468,noise,28
2026-01-16T03:15:15+01:00,874ff9c6-786d-45fc-a90e-48c7ffe03417,41.02763616544628,21.31108861478468,noise_dba,39
2026-01-16T03:15:15+01:00,874ff9c6-786d-45fc-a90e-48c7ffe03417,41.02763616544628,21.31108861478468,pm10,7
2026-01-16T03:15:15+01:00,874ff9c6-786d-45fc-a90e-48c7ffe03417,41.02763616544628,21.31108861478468,pm25,1
2026-01-16T03:15:15+01:00,874ff9c6-786d-45fc-a90e-48c7ffe03417,41.02763616544628,21.31108861478468,pressure,948
2026-01-16T03:15:15+01:00,874ff9c6-786d-45fc-a90e-48c7ffe03417,41.02763616544628,21.31108861478468,temperature,2
2026-01-16T03:30:46+01:00,874ff9c6-786d-45fc-a90e-48c7ffe03417,41.02763616544628,21.31108861478468,humidity,98
2026-01-16T03:30:46+01:00,874ff9c6-786d-45fc-a90e-48c7ffe03417,41.02763616544628,21.31108861478468,noise,26
2026-01-16T03:30:46+01:00,874ff9c6-786d-45fc-a90e-48c7ffe03417,41.02763616544628,21.31108861478468,noise_dba,38
2026-01-16T03:30:46+01:00,874ff9c6-786d-45fc-a90e-48c7ffe03417,41.02763616544628,21.31108861478468,pm10,4
2026-01-16T03:30:46+01:00,874ff9c6-786d-45fc-a90e-48c7ffe03417,41.02763616544628,21.31108861478468,pm25,1
2026-01-16T03:30:46+01:00,874ff9c6-786d-45fc-a90e-48c7ffe03417,41.02763616544628,21.31108861478468,pressure,948
2026-01-16T03:30:46+01:00,874ff9c6-786d-45fc-a90e-48c7ffe03417,41.02763616544628,21.31108861478468,temperature,2
2026-01-16T03:46:17+01:00,874ff9c6-786d-45fc-a90e-48c7ffe03417,41.02763616544628,21.31108861478468,humidity,98
2026-01-16T03:46:17+01:00,874ff9c6-786d-45fc-a90e-48c7ffe03417,41.02763616544628,21.31108861478468,noise,29
2026-01-16T03:46:17+01:00,874ff9c6-786d-45fc-a90e-48c7ffe03417,41.02763616544628,21.31108861478468,noise_dba,40
2026-01-16T03:46:17+01:00,874ff9c6-786d-45fc-a90e-48c7ffe03417,41.02763616544628,21.31108861478468,pm10,6
2026-01-16T03:46:17+01:00,874ff9c6-786d-45fc-a90e-48c7ffe03417,41.02763616544628,21.31108861478468,pm25,1
2026-01-16T03:46:17+01:00,874ff9c6-786d-45fc-a90e-48c7ffe03417,41.02763616544628,21.31108861478468,pressure,948
2026-01-16T03:46:17+01:00,874ff9c6-786d-45fc-a90e-48c7ffe03417,41.02763616544628,21.31108861478468,temperature,2
2026-01-16T04:01:47+01:00,874ff9c6-786d-45fc-a90e-48c7ffe03417,41.02763616544628,21.31108861478468,humidity,97
2026-01-16T04:01:47+01:00,874ff9c6-786d-45fc-a90e-48c7ffe03417,41.02763616544628,21.31108861478468,noise,31
2026-01-16T04:01:47+01:00,874ff9c6-786d-45fc-a90e-48c7ffe03417,41.02763616544628,21.31108861478468,noise_dba,41
2026-01-16T04:01:47+01:00,874ff9c6-786d-45fc-a90e-48c7ffe03417,41.02763616544628,21.31108861478468,pm10,6
2026-01-16T04:01:47+01:00,874ff9c6-786d-45fc-a90e-48c7ffe03417,41.02763616544628,21.31108861478468,pm25,1
2026-01-16T04:01:47+01:00,874ff9c6-786d-45fc-a90e-48c7ffe03417,41.02763616544628,21.31108861478468,pressure,948
2026-01-16T04:01:47+01:00,874ff9c6-786d-45fc-a90e-48c7ffe03417,41.02763616544628,21.31108861478468,temperature,2
2026-01-16T04:17:18+01:00,874ff9c6-786d-45fc-a90e-48c7ffe03417,41.02763616544628,21.31108861478468,humidity,98
2026-01-16T04:17:18+01:00,874ff9c6-786d-45fc-a90e-48c7ffe03417,41.02763616544628,21.31108861478468,noise,26
2026-01-16T04:17:18+01:00,874ff9c6-786d-45fc-a90e-48c7ffe03417,41.02763616544628,21.31108861478468,noise_dba,38
2026-01-16T04:17:18+01:00,874ff9c6-786d-45fc-a90e-48c7ffe03417,41.02763616544628,21.31108861478468,pm10,4
2026-01-16T04:17:18+01:00,874ff9c6-786d-45fc-a90e-48c7ffe03417,41.02763616544628,21.31108861478468,pm25,1
2026-01-16T04:17:18+01:00,874ff9c6-786d-45fc-a90e-48c7ffe03417,41.02763616544628,21.31108861478468,pressure,948
2026-01-16T04:17:18+01:00,874ff9c6-786d-45fc-a90e-48c7ffe03417,41.02763616544628,21.31108861478468,temperature,1
2026-01-16T04:32:48+01:00,874ff9c6-786d-45fc-a90e-48c7ffe03417,41.02763616544628,21.31108861478468,humidity,99
2026-01-16T04:32:48+01:00,874ff9c6-786d-45fc-a90e-48c7ffe03417,41.02763616544628,21.31108861478468,noise,28
2026-01-16T04:32:48+01:00,874ff9c6-786d-45fc-a90e-48c7ffe03417,41.02763616544628,21.31108861478468,noise_dba,39
2026-01-16T04:32:48+01:00,874ff9c6-786d-45fc-a90e-48c7ffe03417,41.02763616544628,21.31108861478468,pm10,11
2026-01-16T04:32:48+01:00,874ff9c6-786d-45fc-a90e-48c7ffe03417,41.02763616544628,21.31108861478468,pm25,2
2026-01-16T04:32:48+01:00,874ff9c6-786d-45fc-a90e-48c7ffe03417,41.02763616544628,21.31108861478468,pressure,948
2026-01-16T04:32:48+01:00,874ff9c6-786d-45fc-a90e-48c7ffe03417,41.02763616544628,21.31108861478468,temperature,1
2026-01-16T04:48:19+01:00,874ff9c6-786d-45fc-a90e-48c7ffe03417,41.02763616544628,21.31108861478468,noise,25
2026-01-16T04:48:19+01:00,874ff9c6-786d-45fc-a90e-48c7ffe03417,41.02763616544628,21.31108861478468,noise_dba,37
2026-01-16T04:48:19+01:00,874ff9c6-786d-45fc-a90e-48c7ffe03417,41.02763616544628,21.31108861478468,pm10,17
2026-01-16T04:48:19+01:00,874ff9c6-786d-45fc-a90e-48c7ffe03417,41.02763616544628,21.31108861478468,pm25,5
2026-01-16T04:48:19+01:00,874ff9c6-786d-45fc-a90e-48c7ffe03417,41.02763616544628,21.31108861478468,pressure,948
2026-01-16T04:48:19+01:00,874ff9c6-786d-45fc-a90e-48c7ffe03417,41.02763616544628,21.31108861478468,temperature,1
2026-01-16T05:03:50+01:00,874ff9c6-786d-45fc-a90e-48c7ffe03417,41.02763616544628,21.31108861478468,noise,30
2026-01-16T05:03:50+01:00,874ff9c6-786d-45fc-a90e-48c7ffe03417,41.02763616544628,21.31108861478468,noise_dba,40
2026-01-16T05:03:50+01:00,874ff9c6-786d-45fc-a90e-48c7ffe03417,41.02763616544628,21.31108861478468,pm10,14
2026-01-16T05:03:50+01:00,874ff9c6-786d-45fc-a90e-48c7ffe03417,41.02763616544628,21.31108861478468,pm25,4
2026-01-16T05:03:50+01:00,874ff9c6-786d-45fc-a90e-48c7ffe03417,41.02763616544628,21.31108861478468,pressure,947
2026-01-16T05:03:50+01:00,874ff9c6-786d-45fc-a90e-48c7ffe03417,41.02763616544628,21.31108861478468,temperature,1
2026-01-16T05:19:21+01:00,874ff9c6-786d-45fc-a90e-48c7ffe03417,41.02763616544628,21.31108861478468,humidity,99
2026-01-16T05:19:21+01:00,874ff9c6-786d-45fc-a90e-48c7ffe03417,41.02763616544628,21.31108861478468,noise,29
2026-01-16T05:19:21+01:00,874ff9c6-786d-45fc-a90e-48c7ffe03417,41.02763616544628,21.31108861478468,noise_dba,40
2026-01-16T05:19:21+01:00,874ff9c6-786d-45fc-a90e-48c7ffe03417,41.02763616544628,21.31108861478468,pm10,10
2026-01-16T05:19:21+01:00,874ff9c6-786d-45fc-a90e-48c7ffe03417,41.02763616544628,21.31108861478468,pm25,3
2026-01-16T05:19:21+01:00,874ff9c6-786d-45fc-a90e-48c7ffe03417,41.02763616544628,21.31108861478468,pressure,948
2026-01-16T05:19:21+01:00,874ff9c6-786d-45fc-a90e-48c7ffe03417,41.02763616544628,21.31108861478468,temperature,1
2026-01-16T05:34:51+01:00,874ff9c6-786d-45fc-a90e-48c7ffe03417,41.02763616544628,21.31108861478468,noise,29
2026-01-16T05:34:51+01:00,874ff9c6-786d-45fc-a90e-48c7ffe03417,41.02763616544628,21.31108861478468,noise_dba,40
2026-01-16T05:34:51+01:00,874ff9c6-786d-45fc-a90e-48c7ffe03417,41.02763616544628,21.31108861478468,pm10,10
2026-01-16T05:34:51+01:00,874ff9c6-786d-45fc-a90e-48c7ffe03417,41.02763616544628,21.31108861478468,pm25,3
2026-01-16T05:34:51+01:00,874ff9c6-786d-45fc-a90e-48c7ffe03417,41.02763616544628,21.31108861478468,pressure,948
2026-01-16T05:34:51+01:00,874ff9c6-786d-45fc-a90e-48c7ffe03417,41.02763616544628,21.31108861478468,temperature,1
2026-01-16T05:50:22+01:00,874ff9c6-786d-45fc-a90e-48c7ffe03417,41.02763616544628,21.31108861478468,noise,30
2026-01-16T05:50:22+01:00,874ff9c6-786d-45fc-a90e-48c7ffe03417,41.02763616544628,21.31108861478468,noise_dba,40
2026-01-16T05:50:22+01:00,874ff9c6-786d-45fc-a90e-48c7ffe03417,41.02763616544628,21.31108861478468,pm10,8
2026-01-16T05:50:22+01:00,874ff9c6-786d-45fc-a90e-48c7ffe03417,41.02763616544628,21.31108861478468,pm25,2
2026-01-16T05:50:22+01:00,874ff9c6-786d-45fc-a90e-48c7ffe03417,41.02763616544628,21.31108861478468,pressure,948
2026-01-16T05:50:22+01:00,874ff9c6-786d-45fc-a90e-48c7ffe03417,41.02763616544628,21.31108861478468,temperature,1
2026-01-16T06:05:53+01:00,874ff9c6-786d-45fc-a90e-48c7ffe03417,41.02763616544628,21.31108861478468,noise,31
2026-01-16T06:05:53+01:00,874ff9c6-786d-45fc-a90e-48c7ffe03417,41.02763616544628,21.31108861478468,noise_dba,41
2026-01-16T06:05:53+01:00,874ff9c6-786d-45fc-a90e-48c7ffe03417,41.02763616544628,21.31108861478468,pm10,14
2026-01-16T06:05:53+01:00,874ff9c6-786d-45fc-a90e-48c7ffe03417,41.02763616544628,21.31108861478468,pm25,3
2026-01-16T06:05:53+01:00,874ff9c6-786d-45fc-a90e-48c7ffe03417,41.02763616544628,21.31108861478468,pressure,948
2026-01-16T06:05:53+01:00,874ff9c6-786d-45fc-a90e-48c7ffe03417,41.02763616544628,21.31108861478468,temperature,1
2026-01-16T06:21:24+01:00,874ff9c6-786d-45fc-a90e-48c7ffe03417,41.02763616544628,21.31108861478468,noise,32
2026-01-16T06:21:24+01:00,874ff9c6-786d-45fc-a90e-48c7ffe03417,41.02763616544628,21.31108861478468,noise_dba,41
2026-01-16T06:21:24+01:00,874ff9c6-786d-45fc-a90e-48c7ffe03417,41.02763616544628,21.31108861478468,pm10,7
2026-01-16T06:21:24+01:00,874ff9c6-786d-45fc-a90e-48c7ffe03417,41.02763616544628,21.31108861478468,pm25,3
2026-01-16T06:21:24+01:00,874ff9c6-786d-45fc-a90e-48c7ffe03417,41.02763616544628,21.31108861478468,pressure,948
2026-01-16T06:21:24+01:00,874ff9c6-786d-45fc-a90e-48c7ffe03417,41.02763616544628,21.31108861478468,temperature,1
2026-01-16T06:36:55+01:00,874ff9c6-786d-45fc-a90e-48c7ffe03417,41.02763616544628,21.31108861478468,noise,33
2026-01-16T06:36:55+01:00,874ff9c6-786d-45fc-a90e-48c7ffe03417,41.02763616544628,21.31108861478468,noise_dba,42
2026-01-16T06:36:55+01:00,874ff9c6-786d-45fc-a90e-48c7ffe03417,41.02763616544628,21.31108861478468,pm10,9
2026-01-16T06:36:55+01:00,874ff9c6-786d-45fc-a90e-48c7ffe03417,41.02763616544628,21.31108861478468,pm25,3
2026-01-16T06:36:55+01:00,874ff9c6-786d-45fc-a90e-48c7ffe03417,41.02763616544628,21.31108861478468,pressure,948
2026-01-16T06:36:55+01:00,874ff9c6-786d-45fc-a90e-48c7ffe03417,41.02763616544628,21.31108861478468,temperature,0
2026-01-16T06:52:26+01:00,874ff9c6-786d-45fc-a90e-48c7ffe03417,41.02763616544628,21.31108861478468,noise,31
2026-01-16T06:52:26+01:00,874ff9c6-786d-45fc-a90e-48c7ffe03417,41.02763616544628,21.31108861478468,noise_dba,41
2026-01-16T06:52:26+01:00,874ff9c6-786d-45fc-a90e-48c7ffe03417,41.02763616544628,21.31108861478468,pm10,12
2026-01-16T06:52:26+01:00,874ff9c6-786d-45fc-a90e-48c7ffe03417,41.02763616544628,21.31108861478468,pm25,4
2026-01-16T06:52:26+01:00,874ff9c6-786d-45fc-a90e-48c7ffe03417,41.02763616544628,21.31108861478468,pressure,948
2026-01-16T06:52:26+01:00,874ff9c6-786d-45fc-a90e-48c7ffe03417,41.02763616544628,21.31108861478468,temperature,1
2026-01-16T07:08:01+01:00,874ff9c6-786d-45fc-a90e-48c7ffe03417,41.02763616544628,21.31108861478468,noise,34
2026-01-16T07:08:01+01:00,874ff9c6-786d-45fc-a90e-48c7ffe03417,41.02763616544628,21.31108861478468,noise_dba,42
2026-01-16T07:08:01+01:00,874ff9c6-786d-45fc-a90e-48c7ffe03417,41.02763616544628,21.31108861478468,pm10,26
2026-01-16T07:08:01+01:00,874ff9c6-786d-45fc-a90e-48c7ffe03417,41.02763616544628,21.31108861478468,pm25,8
2026-01-16T07:08:01+01:00,874ff9c6-786d-45fc-a90e-48c7ffe03417,41.02763616544628,21.31108861478468,pressure,948
2026-01-16T07:08:01+01:00,874ff9c6-786d-45fc-a90e-48c7ffe03417,41.02763616544628,21.31108861478468,temperature,1
2026-01-16T07:23:33+01:00,874ff9c6-786d-45fc-a90e-48c7ffe03417,41.02763616544628,21.31108861478468,noise,34
2026-01-16T07:23:33+01:00,874ff9c6-786d-45fc-a90e-48c7ffe03417,41.02763616544628,21.31108861478468,noise_dba,42
2026-01-16T07:23:33+01:00,874ff9c6-786d-45fc-a90e-48c7ffe03417,41.02763616544628,21.31108861478468,pm10,9
2026-01-16T07:23:33+01:00,874ff9c6-786d-45fc-a90e-48c7ffe03417,41.02763616544628,21.31108861478468,pm25,4
2026-01-16T07:23:33+01:00,874ff9c6-786d-45fc-a90e-48c7ffe03417,41.02763616544628,21.31108861478468,pressure,948
2026-01-16T07:23:33+01:00,874ff9c6-786d-45fc-a90e-48c7ffe03417,41.02763616544628,21.31108861478468,temperature,1
2026-01-16T07:39:04+01:00,874ff9c6-786d-45fc-a90e-48c7ffe03417,41.02763616544628,21.31108861478468,noise,31
2026-01-16T07:39:04+01:00,874ff9c6-786d-45fc-a90e-48c7ffe03417,41.02763616544628,21.31108861478468,noise_dba,41
2026-01-16T07:39:04+01:00,874ff9c6-786d-45fc-a90e-48c7ffe03417,41.02763616544628,21.31108861478468,pm10,15
2026-01-16T07:39:04+01:00,874ff9c6-786d-45fc-a90e-48c7ffe03417,41.02763616544628,21.31108861478468,pm25,6
2026-01-16T07:39:04+01:00,874ff9c6-786d-45fc-a90e-48c7ffe03417,41.02763616544628,21.31108861478468,pressure,948
2026-01-16T07:39:04+01:00,874ff9c6-786d-45fc-a90e-48c7ffe03417,41.02763616544628,21.31108861478468,temperature,1
2026-01-16T07:54:35+01:00,874ff9c6-786d-45fc-a90e-48c7ffe03417,41.02763616544628,21.31108861478468,noise,34
2026-01-16T07:54:35+01:00,874ff9c6-786d-45fc-a90e-48c7ffe03417,41.02763616544628,21.31108861478468,noise_dba,42
2026-01-16T07:54:35+01:00,874ff9c6-786d-45fc-a90e-48c7ffe03417,41.02763616544628,21.31108861478468,pm10,39
2026-01-16T07:54:35+01:00,874ff9c6-786d-45fc-a90e-48c7ffe03417,41.02763616544628,21.31108861478468,pm25,16
2026-01-16T07:54:35+01:00,874ff9c6-786d-45fc-a90e-48c7ffe03417,41.02763616544628,21.31108861478468,pressure,948
2026-01-16T07:54:35+01:00,874ff9c6-786d-45fc-a90e-48c7ffe03417,41.02763616544628,21.31108861478468,temperature,2
2026-01-16T08:10:06+01:00,874ff9c6-786d-45fc-a90e-48c7ffe03417,41.02763616544628,21.31108861478468,noise,36
2026-01-16T08:10:06+01:00,874ff9c6-786d-45fc-a90e-48c7ffe03417,41.02763616544628,21.31108861478468,noise_dba,43
2026-01-16T08:10:06+01:00,874ff9c6-786d-45fc-a90e-48c7ffe03417,41.02763616544628,21.31108861478468,pm10,20
2026-01-16T08:10:06+01:00,874ff9c6-786d-45fc-a90e-48c7ffe03417,41.02763616544628,21.31108861478468,pm25,10
2026-01-16T08:10:06+01:00,874ff9c6-786d-45fc-a90e-48c7ffe03417,41.02763616544628,21.31108861478468,pressure,948
2026-01-16T08:10:06+01:00,874ff9c6-786d-45fc-a90e-48c7ffe03417,41.02763616544628,21.31108861478468,temperature,2
2026-01-16T08:25:36+01:00,874ff9c6-786d-45fc-a90e-48c7ffe03417,41.02763616544628,21.31108861478468,humidity,99
2026-01-16T08:25:36+01:00,874ff9c6-786d-45fc-a90e-48c7ffe03417,41.02763616544628,21.31108861478468,noise,36
2026-01-16T08:25:36+01:00,874ff9c6-786d-45fc-a90e-48c7ffe03417,41.02763616544628,21.31108861478468,noise_dba,43
2026-01-16T08:25:36+01:00,874ff9c6-786d-45fc-a90e-48c7ffe03417,41.02763616544628,21.31108861478468,pm10,26
2026-01-16T08:25:36+01:00,874ff9c6-786d-45fc-a90e-48c7ffe03417,41.02763616544628,21.31108861478468,pm25,13
2026-01-16T08:25:36+01:00,874ff9c6-786d-45fc-a90e-48c7ffe03417,41.02763616544628,21.31108861478468,pressure,948
2026-01-16T08:25:36+01:00,874ff9c6-786d-45fc-a90e-48c7ffe03417,41.02763616544628,21.31108861478468,temperature,3
2026-01-16T08:41:07+01:00,874ff9c6-786d-45fc-a90e-48c7ffe03417,41.02763616544628,21.31108861478468,humidity,99
2026-01-16T08:41:07+01:00,874ff9c6-786d-45fc-a90e-48c7ffe03417,41.02763616544628,21.31108861478468,noise,40
2026-01-16T08:41:07+01:00,874ff9c6-786d-45fc-a90e-48c7ffe03417,41.02763616544628,21.31108861478468,noise_dba,45
2026-01-16T08:41:07+01:00,874ff9c6-786d-45fc-a90e-48c7ffe03417,41.02763616544628,21.31108861478468,pm10,37
2026-01-16T08:41:07+01:00,874ff9c6-786d-45fc-a90e-48c7ffe03417,41.02763616544628,21.31108861478468,pm25,17
2026-01-16T08:41:07+01:00,874ff9c6-786d-45fc-a90e-48c7ffe03417,41.02763616544628,21.31108861478468,pressure,948
2026-01-16T08:41:07+01:00,874ff9c6-786d-45fc-a90e-48c7ffe03417,41.02763616544628,21.31108861478468,temperature,3
2026-01-16T08:56:38+01:00,874ff9c6-786d-45fc-a90e-48c7ffe03417,41.02763616544628,21.31108861478468,humidity,98
2026-01-16T08:56:38+01:00,874ff9c6-786d-45fc-a90e-48c7ffe03417,41.02763616544628,21.31108861478468,noise,40
2026-01-16T08:56:38+01:00,874ff9c6-786d-45fc-a90e-48c7ffe03417,41.02763616544628,21.31108861478468,noise_dba,45
2026-01-16T08:56:38+01:00,874ff9c6-786d-45fc-a90e-48c7ffe03417,41.02763616544628,21.31108861478468,pm10,41
2026-01-16T08:56:38+01:00,874ff9c6-786d-45fc-a90e-48c7ffe03417,41.02763616544628,21.31108861478468,pm25,18
2026-01-16T08:56:38+01:00,874ff9c6-786d-45fc-a90e-48c7ffe03417,41.02763616544628,21.31108861478468,pressure,948
2026-01-16T08:56:38+01:00,874ff9c6-786d-45fc-a90e-48c7ffe03417,41.02763616544628,21.31108861478468,temperature,4
2026-01-16T09:12:09+01:00,874ff9c6-786d-45fc-a90e-48c7ffe03417,41.02763616544628,21.31108861478468,humidity,95
2026-01-16T09:12:09+01:00,874ff9c6-786d-45fc-a90e-48c7ffe03417,41.02763616544628,21.31108861478468,noise,46
2026-01-16T09:12:09+01:00,874ff9c6-786d-45fc-a90e-48c7ffe03417,41.02763616544628,21.31108861478468,noise_dba,47
2026-01-16T09:12:09+01:00,874ff9c6-786d-45fc-a90e-48c7ffe03417,41.02763616544628,21.31108861478468,pm10,92
2026-01-16T09:12:09+01:00,874ff9c6-786d-45fc-a90e-48c7ffe03417,41.02763616544628,21.31108861478468,pm25,48
2026-01-16T09:12:09+01:00,874ff9c6-786d-45fc-a90e-48c7ffe03417,41.02763616544628,21.31108861478468,pressure,948
2026-01-16T09:12:09+01:00,874ff9c6-786d-45fc-a90e-48c7ffe03417,41.02763616544628,21.31108861478468,temperature,4
2026-01-16T09:27:40+01:00,874ff9c6-786d-45fc-a90e-48c7ffe03417,41.02763616544628,21.31108861478468,humidity,93
2026-01-16T09:27:40+01:00,874ff9c6-786d-45fc-a90e-48c7ffe03417,41.02763616544628,21.31108861478468,noise,38
2026-01-16T09:27:40+01:00,874ff9c6-786d-45fc-a90e-48c7ffe03417,41.02763616544628,21.31108861478468,noise_dba,44
2026-01-16T09:27:40+01:00,874ff9c6-786d-45fc-a90e-48c7ffe03417,41.02763616544628,21.31108861478468,pm10,84
2026-01-16T09:27:40+01:00,874ff9c6-786d-45fc-a90e-48c7ffe03417,41.02763616544628,21.31108861478468,pm25,43
2026-01-16T09:27:40+01:00,874ff9c6-786d-45fc-a90e-48c7ffe03417,41.02763616544628,21.31108861478468,pressure,948
2026-01-16T09:27:40+01:00,874ff9c6-786d-45fc-a90e-48c7ffe03417,41.02763616544628,21.31108861478468,temperature,4
2026-01-16T09:43:11+01:00,874ff9c6-786d-45fc-a90e-48c7ffe03417,41.02763616544628,21.31108861478468,humidity,90
2026-01-16T09:43:11+01:00,874ff9c6-786d-45fc-a90e-48c7ffe03417,41.02763616544628,21.31108861478468,noise,43
2026-01-16T09:43:11+01:00,874ff9c6-786d-45fc-a90e-48c7ffe03417,41.02763616544628,21.31108861478468,noise_dba,46
2026-01-16T09:43:11+01:00,874ff9c6-786d-45fc-a90e-48c7ffe03417,41.02763616544628,21.31108861478468,pm10,80
2026-01-16T09:43:11+01:00,874ff9c6-786d-45fc-a90e-48c7ffe03417,41.02763616544628,21.31108861478468,pm25,42
2026-01-16T09:43:11+01:00,874ff9c6-786d-45fc-a90e-48c7ffe03417,41.02763616544628,21.31108861478468,pressure,948
2026-01-16T09:43:11+01:00,874ff9c6-786d-45fc-a90e-48c7ffe03417,41.02763616544628,21.31108861478468,temperature,4
2026-01-16T09:58:42+01:00,874ff9c6-786d-45fc-a90e-48c7ffe03417,41.02763616544628,21.31108861478468,humidity,92
2026-01-16T09:58:42+01:00,874ff9c6-786d-45fc-a90e-48c7ffe03417,41.02763616544628,21.31108861478468,noise,43
2026-01-16T09:58:42+01:00,874ff9c6-786d-45fc-a90e-48c7ffe03417,41.02763616544628,21.31108861478468,noise_dba,46
2026-01-16T09:58:42+01:00,874ff9c6-786d-45fc-a90e-48c7ffe03417,41.02763616544628,21.31108861478468,pm10,45
2026-01-16T09:58:42+01:00,874ff9c6-786d-45fc-a90e-48c7ffe03417,41.02763616544628,21.31108861478468,pm25,23
2026-01-16T09:58:42+01:00,874ff9c6-786d-45fc-a90e-48c7ffe03417,41.02763616544628,21.31108861478468,pressure,948
2026-01-16T09:58:42+01:00,874ff9c6-786d-45fc-a90e-48c7ffe03417,41.02763616544628,21.31108861478468,temperature,4
2026-01-16T10:14:13+01:00,874ff9c6-786d-45fc-a90e-48c7ffe03417,41.02763616544628,21.31108861478468,humidity,91
2026-01-16T10:14:13+01:00,874ff9c6-786d-45fc-a90e-48c7ffe03417,41.02763616544628,21.31108861478468,noise,44
2026-01-16T10:14:13+01:00,874ff9c6-786d-45fc-a90e-48c7ffe03417,41.02763616544628,21.31108861478468,noise_dba,46
2026-01-16T10:14:13+01:00,874ff9c6-786d-45fc-a90e-48c7ffe03417,41.02763616544628,21.31108861478468,pm10,41
2026-01-16T10:14:13+01:00,874ff9c6-786d-45fc-a90e-48c7ffe03417,41.02763616544628,21.31108861478468,pm25,19
2026-01-16T10:14:13+01:00,874ff9c6-786d-45fc-a90e-48c7ffe03417,41.02763616544628,21.31108861478468,pressure,948
2026-01-16T10:14:13+01:00,874ff9c6-786d-45fc-a90e-48c7ffe03417,41.02763616544628,21.31108861478468,temperature,5
2026-01-16T10:29:44+01:00,874ff9c6-786d-45fc-a90e-48c7ffe03417,41.02763616544628,21.31108861478468,humidity,89
2026-01-16T10:29:44+01:00,874ff9c6-786d-45fc-a90e-48c7ffe03417,41.02763616544628,21.31108861478468,noise,39
2026-01-16T10:29:44+01:00,874ff9c6-786d-45fc-a90e-48c7ffe03417,41.02763616544628,21.31108861478468,noise_dba,44
2026-01-16T10:29:44+01:00,874ff9c6-786d-45fc-a90e-48c7ffe03417,41.02763616544628,21.31108861478468,pm10,56
2026-01-16T10:29:44+01:00,874ff9c6-786d-45fc-a90e-48c7ffe03417,41.02763616544628,21.31108861478468,pm25,30
2026-01-16T10:29:44+01:00,874ff9c6-786d-45fc-a90e-48c7ffe03417,41.02763616544628,21.31108861478468,pressure,948
2026-01-16T10:29:44+01:00,874ff9c6-786d-45fc-a90e-48c7ffe03417,41.02763616544628,21.31108861478468,temperature,5
2026-01-16T10:45:15+01:00,874ff9c6-786d-45fc-a90e-48c7ffe03417,41.02763616544628,21.31108861478468,humidity,87
2026-01-16T10:45:15+01:00,874ff9c6-786d-45fc-a90e-48c7ffe03417,41.02763616544628,21.31108861478468,noise,42
2026-01-16T10:45:15+01:00,874ff9c6-786d-45fc-a90e-48c7ffe03417,41.02763616544628,21.31108861478468,noise_dba,45
2026-01-16T10:45:15+01:00,874ff9c6-786d-45fc-a90e-48c7ffe03417,41.02763616544628,21.31108861478468,pm10,58
2026-01-16T10:45:15+01:00,874ff9c6-786d-45fc-a90e-48c7ffe03417,41.02763616544628,21.31108861478468,pm25,30
2026-01-16T10:45:15+01:00,874ff9c6-786d-45fc-a90e-48c7ffe03417,41.02763616544628,21.31108861478468,pressure,948
2026-01-16T10:45:15+01:00,874ff9c6-786d-45fc-a90e-48c7ffe03417,41.02763616544628,21.31108861478468,temperature,5
2026-01-16T11:00:46+01:00,874ff9c6-786d-45fc-a90e-48c7ffe03417,41.02763616544628,21.31108861478468,humidity,86
2026-01-16T11:00:46+01:00,874ff9c6-786d-45fc-a90e-48c7ffe03417,41.02763616544628,21.31108861478468,noise,43
2026-01-16T11:00:46+01:00,874ff9c6-786d-45fc-a90e-48c7ffe03417,41.02763616544628,21.31108861478468,noise_dba,46
2026-01-16T11:00:46+01:00,874ff9c6-786d-45fc-a90e-48c7ffe03417,41.02763616544628,21.31108861478468,pm10,68
2026-01-16T11:00:46+01:00,874ff9c6-786d-45fc-a90e-48c7ffe03417,41.02763616544628,21.31108861478468,pm25,38
2026-01-16T11:00:46+01:00,874ff9c6-786d-45fc-a90e-48c7ffe03417,41.02763616544628,21.31108861478468,pressure,948
2026-01-16T11:00:46+01:00,874ff9c6-786d-45fc-a90e-48c7ffe03417,41.02763616544628,21.31108861478468,temperature,6
2026-01-16T11:16:17+01:00,874ff9c6-786d-45fc-a90e-48c7ffe03417,41.02763616544628,21.31108861478468,humidity,87
2026-01-16T11:16:17+01:00,874ff9c6-786d-45fc-a90e-48c7ffe03417,41.02763616544628,21.31108861478468,noise,43
2026-01-16T11:16:17+01:00,874ff9c6-786d-45fc-a90e-48c7ffe03417,41.02763616544628,21.31108861478468,noise_dba,46
2026-01-16T11:16:17+01:00,874ff9c6-786d-45fc-a90e-48c7ffe03417,41.02763616544628,21.31108861478468,pm10,60
2026-01-16T11:16:17+01:00,874ff9c6-786d-45fc-a90e-48c7ffe03417,41.02763616544628,21.31108861478468,pm25,31
2026-01-16T11:16:17+01:00,874ff9c6-786d-45fc-a90e-48c7ffe03417,41.02763616544628,21.31108861478468,pressure,948
2026-01-16T11:16:17+01:00,874ff9c6-786d-45fc-a90e-48c7ffe03417,41.02763616544628,21.31108861478468,temperature,6
2026-01-16T11:31:48+01:00,874ff9c6-786d-45fc-a90e-48c7ffe03417,41.02763616544628,21.31108861478468,humidity,83
2026-01-16T11:31:48+01:00,874ff9c6-786d-45fc-a90e-48c7ffe03417,41.02763616544628,21.31108861478468,noise,43
2026-01-16T11:31:48+01:00,874ff9c6-786d-45fc-a90e-48c7ffe03417,41.02763616544628,21.31108861478468,noise_dba,46
2026-01-16T11:31:48+01:00,874ff9c6-786d-45fc-a90e-48c7ffe03417,41.02763616544628,21.31108861478468,pm10,34
2026-01-16T11:31:48+01:00,874ff9c6-786d-45fc-a90e-48c7ffe03417,41.02763616544628,21.31108861478468,pm25,19
2026-01-16T11:31:48+01:00,874ff9c6-786d-45fc-a90e-48c7ffe03417,41.02763616544628,21.31108861478468,pressure,948
2026-01-16T11:31:48+01:00,874ff9c6-786d-45fc-a90e-48c7ffe03417,41.02763616544628,21.31108861478468,temperature,6
2026-01-16T11:47:18+01:00,874ff9c6-786d-45fc-a90e-48c7ffe03417,41.02763616544628,21.31108861478468,humidity,82
2026-01-16T11:47:18+01:00,874ff9c6-786d-45fc-a90e-48c7ffe03417,41.02763616544628,21.31108861478468,noise,41
2026-01-16T11:47:18+01:00,874ff9c6-786d-45fc-a90e-48c7ffe03417,41.02763616544628,21.31108861478468,noise_dba,45
2026-01-16T11:47:18+01:00,874ff9c6-786d-45fc-a90e-48c7ffe03417,41.02763616544628,21.31108861478468,pm10,25
2026-01-16T11:47:18+01:00,874ff9c6-786d-45fc-a90e-48c7ffe03417,41.02763616544628,21.31108861478468,pm25,12
2026-01-16T11:47:18+01:00,874ff9c6-786d-45fc-a90e-48c7ffe03417,41.02763616544628,21.31108861478468,pressure,948
2026-01-16T11:47:18+01:00,874ff9c6-786d-45fc-a90e-48c7ffe03417,41.02763616544628,21.31108861478468,temperature,7
2026-01-16T12:02:49+01:00,874ff9c6-786d-45fc-a90e-48c7ffe03417,41.02763616544628,21.31108861478468,humidity,80
2026-01-16T12:02:49+01:00,874ff9c6-786d-45fc-a90e-48c7ffe03417,41.02763616544628,21.31108861478468,noise,45
2026-01-16T12:02:49+01:00,874ff9c6-786d-45fc-a90e-48c7ffe03417,41.02763616544628,21.31108861478468,noise_dba,47
2026-01-16T12:02:49+01:00,874ff9c6-786d-45fc-a90e-48c7ffe03417,41.02763616544628,21.31108861478468,pm10,21
2026-01-16T12:02:49+01:00,874ff9c6-786d-45fc-a90e-48c7ffe03417,41.02763616544628,21.31108861478468,pm25,10
2026-01-16T12:02:49+01:00,874ff9c6-786d-45fc-a90e-48c7ffe03417,41.02763616544628,21.31108861478468,pressure,947
2026-01-16T12:02:49+01:00,874ff9c6-786d-45fc-a90e-48c7ffe03417,41.02763616544628,21.31108861478468,temperature,7
2026-01-16T12:18:20+01:00,874ff9c6-786d-45fc-a90e-48c7ffe03417,41.02763616544628,21.31108861478468,humidity,78
2026-01-16T12:18:20+01:00,874ff9c6-786d-45fc-a90e-48c7ffe03417,41.02763616544628,21.31108861478468,noise,49
2026-01-16T12:18:20+01:00,874ff9c6-786d-45fc-a90e-48c7ffe03417,41.02763616544628,21.31108861478468,noise_dba,48
2026-01-16T12:18:20+01:00,874ff9c6-786d-45fc-a90e-48c7ffe03417,41.02763616544628,21.31108861478468,pm10,21
2026-01-16T12:18:20+01:00,874ff9c6-786d-45fc-a90e-48c7ffe03417,41.02763616544628,21.31108861478468,pm25,11
2026-01-16T12:18:20+01:00,874ff9c6-786d-45fc-a90e-48c7ffe03417,41.02763616544628,21.31108861478468,pressure,947
2026-01-16T12:18:20+01:00,874ff9c6-786d-45fc-a90e-48c7ffe03417,41.02763616544628,21.31108861478468,temperature,7
2026-01-16T12:33:51+01:00,874ff9c6-786d-45fc-a90e-48c7ffe03417,41.02763616544628,21.31108861478468,humidity,80
2026-01-16T12:33:51+01:00,874ff9c6-786d-45fc-a90e-48c7ffe03417,41.02763616544628,21.31108861478468,noise,43
2026-01-16T12:33:51+01:00,874ff9c6-786d-45fc-a90e-48c7ffe03417,41.02763616544628,21.31108861478468,noise_dba,46
2026-01-16T12:33:51+01:00,874ff9c6-786d-45fc-a90e-48c7ffe03417,41.02763616544628,21.31108861478468,pm10,30
2026-01-16T12:33:51+01:00,874ff9c6-786d-45fc-a90e-48c7ffe03417,41.02763616544628,21.31108861478468,pm25,16
2026-01-16T12:33:51+01:00,874ff9c6-786d-45fc-a90e-48c7ffe03417,41.02763616544628,21.31108861478468,pressure,947
2026-01-16T12:33:51+01:00,874ff9c6-786d-45fc-a90e-48c7ffe03417,41.02763616544628,21.31108861478468,temperature,8
2026-01-16T12:49:22+01:00,874ff9c6-786d-45fc-a90e-48c7ffe03417,41.02763616544628,21.31108861478468,humidity,78
2026-01-16T12:49:22+01:00,874ff9c6-786d-45fc-a90e-48c7ffe03417,41.02763616544628,21.31108861478468,noise,40
2026-01-16T12:49:22+01:00,874ff9c6-786d-45fc-a90e-48c7ffe03417,41.02763616544628,21.31108861478468,noise_dba,45
2026-01-16T12:49:22+01:00,874ff9c6-786d-45fc-a90e-48c7ffe03417,41.02763616544628,21.31108861478468,pm10,39
2026-01-16T12:49:22+01:00,874ff9c6-786d-45fc-a90e-48c7ffe03417,41.02763616544628,21.31108861478468,pm25,15
2026-01-16T12:49:22+01:00,874ff9c6-786d-45fc-a90e-48c7ffe03417,41.02763616544628,21.31108861478468,pressure,947
2026-01-16T12:49:22+01:00,874ff9c6-786d-45fc-a90e-48c7ffe03417,41.02763616544628,21.31108861478468,temperature,8
2026-01-16T13:04:53+01:00,874ff9c6-786d-45fc-a90e-48c7ffe03417,41.02763616544628,21.31108861478468,humidity,75
2026-01-16T13:04:53+01:00,874ff9c6-786d-45fc-a90e-48c7ffe03417,41.02763616544628,21.31108861478468,noise,43
2026-01-16T13:04:53+01:00,874ff9c6-786d-45fc-a90e-48c7ffe03417,41.02763616544628,21.31108861478468,noise_dba,46
2026-01-16T13:04:53+01:00,874ff9c6-786d-45fc-a90e-48c7ffe03417,41.02763616544628,21.31108861478468,pm10,22
2026-01-16T13:04:53+01:00,874ff9c6-786d-45fc-a90e-48c7ffe03417,41.02763616544628,21.31108861478468,pm25,11
2026-01-16T13:04:53+01:00,874ff9c6-786d-45fc-a90e-48c7ffe03417,41.02763616544628,21.31108861478468,pressure,947
2026-01-16T13:04:53+01:00,874ff9c6-786d-45fc-a90e-48c7ffe03417,41.02763616544628,21.31108861478468,temperature,8
2026-01-16T13:20:23+01:00,874ff9c6-786d-45fc-a90e-48c7ffe03417,41.02763616544628,21.31108861478468,humidity,74
2026-01-16T13:20:23+01:00,874ff9c6-786d-45fc-a90e-48c7ffe03417,41.02763616544628,21.31108861478468,noise,43
2026-01-16T13:20:23+01:00,874ff9c6-786d-45fc-a90e-48c7ffe03417,41.02763616544628,21.31108861478468,noise_dba,46
2026-01-16T13:20:23+01:00,874ff9c6-786d-45fc-a90e-48c7ffe03417,41.02763616544628,21.31108861478468,pm10,31
2026-01-16T13:20:23+01:00,874ff9c6-786d-45fc-a90e-48c7ffe03417,41.02763616544628,21.31108861478468,pm25,13
2026-01-16T13:20:23+01:00,874ff9c6-786d-45fc-a90e-48c7ffe03417,41.02763616544628,21.31108861478468,pressure,947
2026-01-16T13:20:23+01:00,874ff9c6-786d-45fc-a90e-48c7ffe03417,41.02763616544628,21.31108861478468,temperature,9
2026-01-16T13:35:55+01:00,874ff9c6-786d-45fc-a90e-48c7ffe03417,41.02763616544628,21.31108861478468,humidity,70
2026-01-16T13:35:55+01:00,874ff9c6-786d-45fc-a90e-48c7ffe03417,41.02763616544628,21.31108861478468,noise,47
2026-01-16T13:35:55+01:00,874ff9c6-786d-45fc-a90e-48c7ffe03417,41.02763616544628,21.31108861478468,noise_dba,47
2026-01-16T13:35:55+01:00,874ff9c6-786d-45fc-a90e-48c7ffe03417,41.02763616544628,21.31108861478468,pm10,23
2026-01-16T13:35:55+01:00,874ff9c6-786d-45fc-a90e-48c7ffe03417,41.02763616544628,21.31108861478468,pm25,11
2026-01-16T13:35:55+01:00,874ff9c6-786d-45fc-a90e-48c7ffe03417,41.02763616544628,21.31108861478468,pressure,946
2026-01-16T13:35:55+01:00,874ff9c6-786d-45fc-a90e-48c7ffe03417,41.02763616544628,21.31108861478468,temperature,9
2026-01-16T13:51:26+01:00,874ff9c6-786d-45fc-a90e-48c7ffe03417,41.02763616544628,21.31108861478468,humidity,68
2026-01-16T13:51:26+01:00,874ff9c6-786d-45fc-a90e-48c7ffe03417,41.02763616544628,21.31108861478468,noise,48
2026-01-16T13:51:26+01:00,874ff9c6-786d-45fc-a90e-48c7ffe03417,41.02763616544628,21.31108861478468,noise_dba,48
2026-01-16T13:51:26+01:00,874ff9c6-786d-45fc-a90e-48c7ffe03417,41.02763616544628,21.31108861478468,pm10,27
2026-01-16T13:51:26+01:00,874ff9c6-786d-45fc-a90e-48c7ffe03417,41.02763616544628,21.31108861478468,pm25,11
2026-01-16T13:51:26+01:00,874ff9c6-786d-45fc-a90e-48c7ffe03417,41.02763616544628,21.31108861478468,pressure,946
2026-01-16T13:51:26+01:00,874ff9c6-786d-45fc-a90e-48c7ffe03417,41.02763616544628,21.31108861478468,temperature,9
2026-01-16T14:06:57+01:00,874ff9c6-786d-45fc-a90e-48c7ffe03417,41.02763616544628,21.31108861478468,humidity,68
2026-01-16T14:06:57+01:00,874ff9c6-786d-45fc-a90e-48c7ffe03417,41.02763616544628,21.31108861478468,noise,46
2026-01-16T14:06:57+01:00,874ff9c6-786d-45fc-a90e-48c7ffe03417,41.02763616544628,21.31108861478468,noise_dba,47
2026-01-16T14:06:57+01:00,874ff9c6-786d-45fc-a90e-48c7ffe03417,41.02763616544628,21.31108861478468,pm10,29
2026-01-16T14:06:57+01:00,874ff9c6-786d-45fc-a90e-48c7ffe03417,41.02763616544628,21.31108861478468,pm25,12
2026-01-16T14:06:57+01:00,874ff9c6-786d-45fc-a90e-48c7ffe03417,41.02763616544628,21.31108861478468,pressure,946
2026-01-16T14:06:57+01:00,874ff9c6-786d-45fc-a90e-48c7ffe03417,41.02763616544628,21.31108861478468,temperature,10
2026-01-16T14:22:28+01:00,874ff9c6-786d-45fc-a90e-48c7ffe03417,41.02763616544628,21.31108861478468,humidity,68
2026-01-16T14:22:28+01:00,874ff9c6-786d-45fc-a90e-48c7ffe03417,41.02763616544628,21.31108861478468,noise,48
2026-01-16T14:22:28+01:00,874ff9c6-786d-45fc-a90e-48c7ffe03417,41.02763616544628,21.31108861478468,noise_dba,48
2026-01-16T14:22:28+01:00,874ff9c6-786d-45fc-a90e-48c7ffe03417,41.02763616544628,21.31108861478468,pm10,37
2026-01-16T14:22:28+01:00,874ff9c6-786d-45fc-a90e-48c7ffe03417,41.02763616544628,21.31108861478468,pm25,16
2026-01-16T14:22:28+01:00,874ff9c6-786d-45fc-a90e-48c7ffe03417,41.02763616544628,21.31108861478468,pressure,946
2026-01-16T14:22:28+01:00,874ff9c6-786d-45fc-a90e-48c7ffe03417,41.02763616544628,21.31108861478468,temperature,10
2026-01-16T14:38:02+01:00,874ff9c6-786d-45fc-a90e-48c7ffe03417,41.02763616544628,21.31108861478468,humidity,70
2026-01-16T14:38:02+01:00,874ff9c6-786d-45fc-a90e-48c7ffe03417,41.02763616544628,21.31108861478468,noise,44
2026-01-16T14:38:02+01:00,874ff9c6-786d-45fc-a90e-48c7ffe03417,41.02763616544628,21.31108861478468,noise_dba,46
2026-01-16T14:38:02+01:00,874ff9c6-786d-45fc-a90e-48c7ffe03417,41.02763616544628,21.31108861478468,pm10,29
2026-01-16T14:38:02+01:00,874ff9c6-786d-45fc-a90e-48c7ffe03417,41.02763616544628,21.31108861478468,pm25,13
2026-01-16T14:38:02+01:00,874ff9c6-786d-45fc-a90e-48c7ffe03417,41.02763616544628,21.31108861478468,pressure,946
2026-01-16T14:38:02+01:00,874ff9c6-786d-45fc-a90e-48c7ffe03417,41.02763616544628,21.31108861478468,temperature,10
2026-01-16T14:53:33+01:00,874ff9c6-786d-45fc-a90e-48c7ffe03417,41.02763616544628,21.31108861478468,humidity,70
2026-01-16T14:53:33+01:00,874ff9c6-786d-45fc-a90e-48c7ffe03417,41.02763616544628,21.31108861478468,noise,51
2026-01-16T14:53:33+01:00,874ff9c6-786d-45fc-a90e-48c7ffe03417,41.02763616544628,21.31108861478468,noise_dba,49
2026-01-16T14:53:33+01:00,874ff9c6-786d-45fc-a90e-48c7ffe03417,41.02763616544628,21.31108861478468,pm10,25
2026-01-16T14:53:33+01:00,874ff9c6-786d-45fc-a90e-48c7ffe03417,41.02763616544628,21.31108861478468,pm25,11
2026-01-16T14:53:33+01:00,874ff9c6-786d-45fc-a90e-48c7ffe03417,41.02763616544628,21.31108861478468,pressure,946
2026-01-16T14:53:33+01:00,874ff9c6-786d-45fc-a90e-48c7ffe03417,41.02763616544628,21.31108861478468,temperature,9
2026-01-16T15:09:04+01:00,874ff9c6-786d-45fc-a90e-48c7ffe03417,41.02763616544628,21.31108861478468,humidity,71
2026-01-16T15:09:04+01:00,874ff9c6-786d-45fc-a90e-48c7ffe03417,41.02763616544628,21.31108861478468,noise,49
2026-01-16T15:09:04+01:00,874ff9c6-786d-45fc-a90e-48c7ffe03417,41.02763616544628,21.31108861478468,noise_dba,48
2026-01-16T15:09:04+01:00,874ff9c6-786d-45fc-a90e-48c7ffe03417,41.02763616544628,21.31108861478468,pm10,31
2026-01-16T15:09:04+01:00,874ff9c6-786d-45fc-a90e-48c7ffe03417,41.02763616544628,21.31108861478468,pm25,16
2026-01-16T15:09:04+01:00,874ff9c6-786d-45fc-a90e-48c7ffe03417,41.02763616544628,21.31108861478468,pressure,946
2026-01-16T15:09:04+01:00,874ff9c6-786d-45fc-a90e-48c7ffe03417,41.02763616544628,21.31108861478468,temperature,9
2026-01-16T15:24:35+01:00,874ff9c6-786d-45fc-a90e-48c7ffe03417,41.02763616544628,21.31108861478468,humidity,72
2026-01-16T15:24:35+01:00,874ff9c6-786d-45fc-a90e-48c7ffe03417,41.02763616544628,21.31108861478468,noise,44
2026-01-16T15:24:35+01:00,874ff9c6-786d-45fc-a90e-48c7ffe03417,41.02763616544628,21.31108861478468,noise_dba,46
2026-01-16T15:24:35+01:00,874ff9c6-786d-45fc-a90e-48c7ffe03417,41.02763616544628,21.31108861478468,pm10,24
2026-01-16T15:24:35+01:00,874ff9c6-786d-45fc-a90e-48c7ffe03417,41.02763616544628,21.31108861478468,pm25,11
2026-01-16T15:24:35+01:00,874ff9c6-786d-45fc-a90e-48c7ffe03417,41.02763616544628,21.31108861478468,pressure,946
2026-01-16T15:24:35+01:00,874ff9c6-786d-45fc-a90e-48c7ffe03417,41.02763616544628,21.31108861478468,temperature,9
2026-01-16T15:40:05+01:00,874ff9c6-786d-45fc-a90e-48c7ffe03417,41.02763616544628,21.31108861478468,humidity,73
2026-01-16T15:40:05+01:00,874ff9c6-786d-45fc-a90e-48c7ffe03417,41.02763616544628,21.31108861478468,noise,41
2026-01-16T15:40:05+01:00,874ff9c6-786d-45fc-a90e-48c7ffe03417,41.02763616544628,21.31108861478468,noise_dba,45
2026-01-16T15:40:05+01:00,874ff9c6-786d-45fc-a90e-48c7ffe03417,41.02763616544628,21.31108861478468,pm10,23
2026-01-16T15:40:05+01:00,874ff9c6-786d-45fc-a90e-48c7ffe03417,41.02763616544628,21.31108861478468,pm25,11
2026-01-16T15:40:05+01:00,874ff9c6-786d-45fc-a90e-48c7ffe03417,41.02763616544628,21.31108861478468,pressure,946
2026-01-16T15:40:05+01:00,874ff9c6-786d-45fc-a90e-48c7ffe03417,41.02763616544628,21.31108861478468,temperature,9
2026-01-16T15:55:36+01:00,874ff9c6-786d-45fc-a90e-48c7ffe03417,41.02763616544628,21.31108861478468,humidity,73
2026-01-16T15:55:36+01:00,874ff9c6-786d-45fc-a90e-48c7ffe03417,41.02763616544628,21.31108861478468,noise,49
2026-01-16T15:55:36+01:00,874ff9c6-786d-45fc-a90e-48c7ffe03417,41.02763616544628,21.31108861478468,noise_dba,48
2026-01-16T15:55:36+01:00,874ff9c6-786d-45fc-a90e-48c7ffe03417,41.02763616544628,21.31108861478468,pm10,36
2026-01-16T15:55:36+01:00,874ff9c6-786d-45fc-a90e-48c7ffe03417,41.02763616544628,21.31108861478468,pm25,19
2026-01-16T15:55:36+01:00,874ff9c6-786d-45fc-a90e-48c7ffe03417,41.02763616544628,21.31108861478468,pressure,946
2026-01-16T15:55:36+01:00,874ff9c6-786d-45fc-a90e-48c7ffe03417,41.02763616544628,21.31108861478468,temperature,9
2026-01-16T16:11:06+01:00,874ff9c6-786d-45fc-a90e-48c7ffe03417,41.02763616544628,21.31108861478468,humidity,79
2026-01-16T16:11:06+01:00,874ff9c6-786d-45fc-a90e-48c7ffe03417,41.02763616544628,21.31108861478468,noise,43
2026-01-16T16:11:06+01:00,874ff9c6-786d-45fc-a90e-48c7ffe03417,41.02763616544628,21.31108861478468,noise_dba,46
2026-01-16T16:11:06+01:00,874ff9c6-786d-45fc-a90e-48c7ffe03417,41.02763616544628,21.31108861478468,pm10,32
2026-01-16T16:11:06+01:00,874ff9c6-786d-45fc-a90e-48c7ffe03417,41.02763616544628,21.31108861478468,pm25,16
2026-01-16T16:11:06+01:00,874ff9c6-786d-45fc-a90e-48c7ffe03417,41.02763616544628,21.31108861478468,pressure,946
2026-01-16T16:11:06+01:00,874ff9c6-786d-45fc-a90e-48c7ffe03417,41.02763616544628,21.31108861478468,temperature,9
2026-01-16T16:26:38+01:00,874ff9c6-786d-45fc-a90e-48c7ffe03417,41.02763616544628,21.31108861478468,humidity,86
2026-01-16T16:26:38+01:00,874ff9c6-786d-45fc-a90e-48c7ffe03417,41.02763616544628,21.31108861478468,noise,40
2026-01-16T16:26:38+01:00,874ff9c6-786d-45fc-a90e-48c7ffe03417,41.02763616544628,21.31108861478468,noise_dba,45
2026-01-16T16:26:38+01:00,874ff9c6-786d-45fc-a90e-48c7ffe03417,41.02763616544628,21.31108861478468,pm10,31
2026-01-16T16:26:38+01:00,874ff9c6-786d-45fc-a90e-48c7ffe03417,41.02763616544628,21.31108861478468,pm25,15
2026-01-16T16:26:38+01:00,874ff9c6-786d-45fc-a90e-48c7ffe03417,41.02763616544628,21.31108861478468,pressure,946
2026-01-16T16:26:38+01:00,874ff9c6-786d-45fc-a90e-48c7ffe03417,41.02763616544628,21.31108861478468,temperature,9
2026-01-16T16:42:09+01:00,874ff9c6-786d-45fc-a90e-48c7ffe03417,41.02763616544628,21.31108861478468,humidity,93
2026-01-16T16:42:09+01:00,874ff9c6-786d-45fc-a90e-48c7ffe03417,41.02763616544628,21.31108861478468,noise,45
2026-01-16T16:42:09+01:00,874ff9c6-786d-45fc-a90e-48c7ffe03417,41.02763616544628,21.31108861478468,noise_dba,47
2026-01-16T16:42:09+01:00,874ff9c6-786d-45fc-a90e-48c7ffe03417,41.02763616544628,21.31108861478468,pm10,33
2026-01-16T16:42:09+01:00,874ff9c6-786d-45fc-a90e-48c7ffe03417,41.02763616544628,21.31108861478468,pm25,16
2026-01-16T16:42:09+01:00,874ff9c6-786d-45fc-a90e-48c7ffe03417,41.02763616544628,21.31108861478468,pressure,946
2026-01-16T16:42:09+01:00,874ff9c6-786d-45fc-a90e-48c7ffe03417,41.02763616544628,21.31108861478468,temperature,8
2026-01-16T16:57:40+01:00,874ff9c6-786d-45fc-a90e-48c7ffe03417,41.02763616544628,21.31108861478468,humidity,88
2026-01-16T16:57:40+01:00,874ff9c6-786d-45fc-a90e-48c7ffe03417,41.02763616544628,21.31108861478468,noise,41
2026-01-16T16:57:40+01:00,874ff9c6-786d-45fc-a90e-48c7ffe03417,41.02763616544628,21.31108861478468,noise_dba,45
2026-01-16T16:57:40+01:00,874ff9c6-786d-45fc-a90e-48c7ffe03417,41.02763616544628,21.31108861478468,pm10,41
2026-01-16T16:57:40+01:00,874ff9c6-786d-45fc-a90e-48c7ffe03417,41.02763616544628,21.31108861478468,pm25,20
2026-01-16T16:57:40+01:00,874ff9c6-786d-45fc-a90e-48c7ffe03417,41.02763616544628,21.31108861478468,pressure,946
2026-01-16T16:57:40+01:00,874ff9c6-786d-45fc-a90e-48c7ffe03417,41.02763616544628,21.31108861478468,temperature,8
2026-01-16T17:13:11+01:00,874ff9c6-786d-45fc-a90e-48c7ffe03417,41.02763616544628,21.31108861478468,noise,37
2026-01-16T17:13:11+01:00,874ff9c6-786d-45fc-a90e-48c7ffe03417,41.02763616544628,21.31108861478468,noise_dba,43
2026-01-16T17:13:11+01:00,874ff9c6-786d-45fc-a90e-48c7ffe03417,41.02763616544628,21.31108861478468,pm10,43
2026-01-16T17:13:11+01:00,874ff9c6-786d-45fc-a90e-48c7ffe03417,41.02763616544628,21.31108861478468,pm25,20
2026-01-16T17:13:11+01:00,874ff9c6-786d-45fc-a90e-48c7ffe03417,41.02763616544628,21.31108861478468,pressure,946
2026-01-16T17:13:11+01:00,874ff9c6-786d-45fc-a90e-48c7ffe03417,41.02763616544628,21.31108861478468,temperature,8
2026-01-16T17:28:41+01:00,874ff9c6-786d-45fc-a90e-48c7ffe03417,41.02763616544628,21.31108861478468,humidity,93
2026-01-16T17:28:41+01:00,874ff9c6-786d-45fc-a90e-48c7ffe03417,41.02763616544628,21.31108861478468,noise,41
2026-01-16T17:28:41+01:00,874ff9c6-786d-45fc-a90e-48c7ffe03417,41.02763616544628,21.31108861478468,noise_dba,45
2026-01-16T17:28:41+01:00,874ff9c6-786d-45fc-a90e-48c7ffe03417,41.02763616544628,21.31108861478468,pm10,53
2026-01-16T17:28:41+01:00,874ff9c6-786d-45fc-a90e-48c7ffe03417,41.02763616544628,21.31108861478468,pm25,26
2026-01-16T17:28:41+01:00,874ff9c6-786d-45fc-a90e-48c7ffe03417,41.02763616544628,21.31108861478468,pressure,947
2026-01-16T17:28:41+01:00,874ff9c6-786d-45fc-a90e-48c7ffe03417,41.02763616544628,21.31108861478468,temperature,8
2026-01-16T17:44:12+01:00,874ff9c6-786d-45fc-a90e-48c7ffe03417,41.02763616544628,21.31108861478468,noise,38
2026-01-16T17:44:12+01:00,874ff9c6-786d-45fc-a90e-48c7ffe03417,41.02763616544628,21.31108861478468,noise_dba,44
2026-01-16T17:44:12+01:00,874ff9c6-786d-45fc-a90e-48c7ffe03417,41.02763616544628,21.31108861478468,pm10,63
2026-01-16T17:44:12+01:00,874ff9c6-786d-45fc-a90e-48c7ffe03417,41.02763616544628,21.31108861478468,pm25,28
2026-01-16T17:44:12+01:00,874ff9c6-786d-45fc-a90e-48c7ffe03417,41.02763616544628,21.31108861478468,pressure,947
2026-01-16T17:44:12+01:00,874ff9c6-786d-45fc-a90e-48c7ffe03417,41.02763616544628,21.31108861478468,temperature,8
2026-01-16T17:59:43+01:00,874ff9c6-786d-45fc-a90e-48c7ffe03417,41.02763616544628,21.31108861478468,humidity,91
2026-01-16T17:59:43+01:00,874ff9c6-786d-45fc-a90e-48c7ffe03417,41.02763616544628,21.31108861478468,noise,36
2026-01-16T17:59:43+01:00,874ff9c6-786d-45fc-a90e-48c7ffe03417,41.02763616544628,21.31108861478468,noise_dba,43
2026-01-16T17:59:43+01:00,874ff9c6-786d-45fc-a90e-48c7ffe03417,41.02763616544628,21.31108861478468,pm10,58
2026-01-16T17:59:43+01:00,874ff9c6-786d-45fc-a90e-48c7ffe03417,41.02763616544628,21.31108861478468,pm25,27
2026-01-16T17:59:43+01:00,874ff9c6-786d-45fc-a90e-48c7ffe03417,41.02763616544628,21.31108861478468,pressure,947
2026-01-16T17:59:43+01:00,874ff9c6-786d-45fc-a90e-48c7ffe03417,41.02763616544628,21.31108861478468,temperature,8
2026-01-16T18:15:14+01:00,874ff9c6-786d-45fc-a90e-48c7ffe03417,41.02763616544628,21.31108861478468,humidity,87
2026-01-16T18:15:14+01:00,874ff9c6-786d-45fc-a90e-48c7ffe03417,41.02763616544628,21.31108861478468,noise,44
2026-01-16T18:15:14+01:00,874ff9c6-786d-45fc-a90e-48c7ffe03417,41.02763616544628,21.31108861478468,noise_dba,46
2026-01-16T18:15:14+01:00,874ff9c6-786d-45fc-a90e-48c7ffe03417,41.02763616544628,21.31108861478468,pm10,55
2026-01-16T18:15:14+01:00,874ff9c6-786d-45fc-a90e-48c7ffe03417,41.02763616544628,21.31108861478468,pm25,26
2026-01-16T18:15:14+01:00,874ff9c6-786d-45fc-a90e-48c7ffe03417,41.02763616544628,21.31108861478468,pressure,947
2026-01-16T18:15:14+01:00,874ff9c6-786d-45fc-a90e-48c7ffe03417,41.02763616544628,21.31108861478468,temperature,7
2026-01-16T18:30:45+01:00,874ff9c6-786d-45fc-a90e-48c7ffe03417,41.02763616544628,21.31108861478468,humidity,95
2026-01-16T18:30:45+01:00,874ff9c6-786d-45fc-a90e-48c7ffe03417,41.02763616544628,21.31108861478468,noise,41
2026-01-16T18:30:45+01:00,874ff9c6-786d-45fc-a90e-48c7ffe03417,41.02763616544628,21.31108861478468,noise_dba,45
2026-01-16T18:30:45+01:00,874ff9c6-786d-45fc-a90e-48c7ffe03417,41.02763616544628,21.31108861478468,pm10,47
2026-01-16T18:30:45+01:00,874ff9c6-786d-45fc-a90e-48c7ffe03417,41.02763616544628,21.31108861478468,pm25,22
2026-01-16T18:30:45+01:00,874ff9c6-786d-45fc-a90e-48c7ffe03417,41.02763616544628,21.31108861478468,pressure,947
2026-01-16T18:30:45+01:00,874ff9c6-786d-45fc-a90e-48c7ffe03417,41.02763616544628,21.31108861478468,temperature,7
2026-01-16T18:46:16+01:00,874ff9c6-786d-45fc-a90e-48c7ffe03417,41.02763616544628,21.31108861478468,humidity,92
2026-01-16T18:46:16+01:00,874ff9c6-786d-45fc-a90e-48c7ffe03417,41.02763616544628,21.31108861478468,noise,36
2026-01-16T18:46:16+01:00,874ff9c6-786d-45fc-a90e-48c7ffe03417,41.02763616544628,21.31108861478468,noise_dba,43
2026-01-16T18:46:16+01:00,874ff9c6-786d-45fc-a90e-48c7ffe03417,41.02763616544628,21.31108861478468,pm10,39
2026-01-16T18:46:16+01:00,874ff9c6-786d-45fc-a90e-48c7ffe03417,41.02763616544628,21.31108861478468,pm25,20
2026-01-16T18:46:16+01:00,874ff9c6-786d-45fc-a90e-48c7ffe03417,41.02763616544628,21.31108861478468,pressure,947
2026-01-16T18:46:16+01:00,874ff9c6-786d-45fc-a90e-48c7ffe03417,41.02763616544628,21.31108861478468,temperature,7
2026-01-16T19:01:47+01:00,874ff9c6-786d-45fc-a90e-48c7ffe03417,41.02763616544628,21.31108861478468,humidity,90
2026-01-16T19:01:47+01:00,874ff9c6-786d-45fc-a90e-48c7ffe03417,41.02763616544628,21.31108861478468,noise,37
2026-01-16T19:01:47+01:00,874ff9c6-786d-45fc-a90e-48c7ffe03417,41.02763616544628,21.31108861478468,noise_dba,43
2026-01-16T19:01:47+01:00,874ff9c6-786d-45fc-a90e-48c7ffe03417,41.02763616544628,21.31108861478468,pm10,44
2026-01-16T19:01:47+01:00,874ff9c6-786d-45fc-a90e-48c7ffe03417,41.02763616544628,21.31108861478468,pm25,23
2026-01-16T19:01:47+01:00,874ff9c6-786d-45fc-a90e-48c7ffe03417,41.02763616544628,21.31108861478468,pressure,947
2026-01-16T19:01:47+01:00,874ff9c6-786d-45fc-a90e-48c7ffe03417,41.02763616544628,21.31108861478468,temperature,8
2026-01-16T19:17:18+01:00,874ff9c6-786d-45fc-a90e-48c7ffe03417,41.02763616544628,21.31108861478468,humidity,91
2026-01-16T19:17:18+01:00,874ff9c6-786d-45fc-a90e-48c7ffe03417,41.02763616544628,21.31108861478468,noise,40
2026-01-16T19:17:18+01:00,874ff9c6-786d-45fc-a90e-48c7ffe03417,41.02763616544628,21.31108861478468,noise_dba,45
2026-01-16T19:17:18+01:00,874ff9c6-786d-45fc-a90e-48c7ffe03417,41.02763616544628,21.31108861478468,pm10,40
2026-01-16T19:17:18+01:00,874ff9c6-786d-45fc-a90e-48c7ffe03417,41.02763616544628,21.31108861478468,pm25,22
2026-01-16T19:17:18+01:00,874ff9c6-786d-45fc-a90e-48c7ffe03417,41.02763616544628,21.31108861478468,pressure,947
2026-01-16T19:17:18+01:00,874ff9c6-786d-45fc-a90e-48c7ffe03417,41.02763616544628,21.31108861478468,temperature,7
2026-01-16T19:32:48+01:00,874ff9c6-786d-45fc-a90e-48c7ffe03417,41.02763616544628,21.31108861478468,noise,33
2026-01-16T19:32:48+01:00,874ff9c6-786d-45fc-a90e-48c7ffe03417,41.02763616544628,21.31108861478468,noise_dba,42
2026-01-16T19:32:48+01:00,874ff9c6-786d-45fc-a90e-48c7ffe03417,41.02763616544628,21.31108861478468,pm10,51
2026-01-16T19:32:48+01:00,874ff9c6-786d-45fc-a90e-48c7ffe03417,41.02763616544628,21.31108861478468,pm25,23
2026-01-16T19:32:48+01:00,874ff9c6-786d-45fc-a90e-48c7ffe03417,41.02763616544628,21.31108861478468,pressure,947
2026-01-16T19:32:48+01:00,874ff9c6-786d-45fc-a90e-48c7ffe03417,41.02763616544628,21.31108861478468,temperature,8
2026-01-16T19:48:19+01:00,874ff9c6-786d-45fc-a90e-48c7ffe03417,41.02763616544628,21.31108861478468,humidity,84
2026-01-16T19:48:19+01:00,874ff9c6-786d-45fc-a90e-48c7ffe03417,41.02763616544628,21.31108861478468,noise,41
2026-01-16T19:48:19+01:00,874ff9c6-786d-45fc-a90e-48c7ffe03417,41.02763616544628,21.31108861478468,noise_dba,45
2026-01-16T19:48:19+01:00,874ff9c6-786d-45fc-a90e-48c7ffe03417,41.02763616544628,21.31108861478468,pm10,37
2026-01-16T19:48:19+01:00,874ff9c6-786d-45fc-a90e-48c7ffe03417,41.02763616544628,21.31108861478468,pm25,19
2026-01-16T19:48:19+01:00,874ff9c6-786d-45fc-a90e-48c7ffe03417,41.02763616544628,21.31108861478468,pressure,947
2026-01-16T19:48:19+01:00,874ff9c6-786d-45fc-a90e-48c7ffe03417,41.02763616544628,21.31108861478468,temperature,7
2026-01-16T20:03:50+01:00,874ff9c6-786d-45fc-a90e-48c7ffe03417,41.02763616544628,21.31108861478468,humidity,86
2026-01-16T20:03:50+01:00,874ff9c6-786d-45fc-a90e-48c7ffe03417,41.02763616544628,21.31108861478468,noise,44
2026-01-16T20:03:50+01:00,874ff9c6-786d-45fc-a90e-48c7ffe03417,41.02763616544628,21.31108861478468,noise_dba,46
2026-01-16T20:03:50+01:00,874ff9c6-786d-45fc-a90e-48c7ffe03417,41.02763616544628,21.31108861478468,pm10,28
2026-01-16T20:03:50+01:00,874ff9c6-786d-45fc-a90e-48c7ffe03417,41.02763616544628,21.31108861478468,pm25,15
2026-01-16T20:03:50+01:00,874ff9c6-786d-45fc-a90e-48c7ffe03417,41.02763616544628,21.31108861478468,pressure,947
2026-01-16T20:03:50+01:00,874ff9c6-786d-45fc-a90e-48c7ffe03417,41.02763616544628,21.31108861478468,temperature,7
2026-01-16T20:19:21+01:00,874ff9c6-786d-45fc-a90e-48c7ffe03417,41.02763616544628,21.31108861478468,humidity,82
2026-01-16T20:19:21+01:00,874ff9c6-786d-45fc-a90e-48c7ffe03417,41.02763616544628,21.31108861478468,noise,43
2026-01-16T20:19:21+01:00,874ff9c6-786d-45fc-a90e-48c7ffe03417,41.02763616544628,21.31108861478468,noise_dba,46
2026-01-16T20:19:21+01:00,874ff9c6-786d-45fc-a90e-48c7ffe03417,41.02763616544628,21.31108861478468,pm10,35
2026-01-16T20:19:21+01:00,874ff9c6-786d-45fc-a90e-48c7ffe03417,41.02763616544628,21.31108861478468,pm25,16
2026-01-16T20:19:21+01:00,874ff9c6-786d-45fc-a90e-48c7ffe03417,41.02763616544628,21.31108861478468,pressure,947
2026-01-16T20:19:21+01:00,874ff9c6-786d-45fc-a90e-48c7ffe03417,41.02763616544628,21.31108861478468,temperature,7
2026-01-16T20:34:52+01:00,874ff9c6-786d-45fc-a90e-48c7ffe03417,41.02763616544628,21.31108861478468,humidity,86
2026-01-16T20:34:52+01:00,874ff9c6-786d-45fc-a90e-48c7ffe03417,41.02763616544628,21.31108861478468,noise,41
2026-01-16T20:34:52+01:00,874ff9c6-786d-45fc-a90e-48c7ffe03417,41.02763616544628,21.31108861478468,noise_dba,45
2026-01-16T20:34:52+01:00,874ff9c6-786d-45fc-a90e-48c7ffe03417,41.02763616544628,21.31108861478468,pm10,142
2026-01-16T20:34:52+01:00,874ff9c6-786d-45fc-a90e-48c7ffe03417,41.02763616544628,21.31108861478468,pm25,63
2026-01-16T20:34:52+01:00,874ff9c6-786d-45fc-a90e-48c7ffe03417,41.02763616544628,21.31108861478468,pressure,947
2026-01-16T20:34:52+01:00,874ff9c6-786d-45fc-a90e-48c7ffe03417,41.02763616544628,21.31108861478468,temperature,7
2026-01-16T20:50:23+01:00,874ff9c6-786d-45fc-a90e-48c7ffe03417,41.02763616544628,21.31108861478468,humidity,84
2026-01-16T20:50:23+01:00,874ff9c6-786d-45fc-a90e-48c7ffe03417,41.02763616544628,21.31108861478468,noise,37
2026-01-16T20:50:23+01:00,874ff9c6-786d-45fc-a90e-48c7ffe03417,41.02763616544628,21.31108861478468,noise_dba,43
2026-01-16T20:50:23+01:00,874ff9c6-786d-45fc-a90e-48c7ffe03417,41.02763616544628,21.31108861478468,pm10,31
2026-01-16T20:50:23+01:00,874ff9c6-786d-45fc-a90e-48c7ffe03417,41.02763616544628,21.31108861478468,pm25,17
2026-01-16T20:50:23+01:00,874ff9c6-786d-45fc-a90e-48c7ffe03417,41.02763616544628,21.31108861478468,pressure,947
2026-01-16T20:50:23+01:00,874ff9c6-786d-45fc-a90e-48c7ffe03417,41.02763616544628,21.31108861478468,temperature,7
2026-01-16T21:05:53+01:00,874ff9c6-786d-45fc-a90e-48c7ffe03417,41.02763616544628,21.31108861478468,humidity,83
2026-01-16T21:05:53+01:00,874ff9c6-786d-45fc-a90e-48c7ffe03417,41.02763616544628,21.31108861478468,noise,34
2026-01-16T21:05:53+01:00,874ff9c6-786d-45fc-a90e-48c7ffe03417,41.02763616544628,21.31108861478468,noise_dba,42
2026-01-16T21:05:53+01:00,874ff9c6-786d-45fc-a90e-48c7ffe03417,41.02763616544628,21.31108861478468,pm10,27
2026-01-16T21:05:53+01:00,874ff9c6-786d-45fc-a90e-48c7ffe03417,41.02763616544628,21.31108861478468,pm25,13
2026-01-16T21:05:53+01:00,874ff9c6-786d-45fc-a90e-48c7ffe03417,41.02763616544628,21.31108861478468,pressure,948
2026-01-16T21:05:53+01:00,874ff9c6-786d-45fc-a90e-48c7ffe03417,41.02763616544628,21.31108861478468,temperature,7
2026-01-16T21:21:24+01:00,874ff9c6-786d-45fc-a90e-48c7ffe03417,41.02763616544628,21.31108861478468,humidity,84
2026-01-16T21:21:24+01:00,874ff9c6-786d-45fc-a90e-48c7ffe03417,41.02763616544628,21.31108861478468,noise,39
2026-01-16T21:21:24+01:00,874ff9c6-786d-45fc-a90e-48c7ffe03417,41.02763616544628,21.31108861478468,noise_dba,44
2026-01-16T21:21:24+01:00,874ff9c6-786d-45fc-a90e-48c7ffe03417,41.02763616544628,21.31108861478468,pm10,24
2026-01-16T21:21:24+01:00,874ff9c6-786d-45fc-a90e-48c7ffe03417,41.02763616544628,21.31108861478468,pm25,11
2026-01-16T21:21:24+01:00,874ff9c6-786d-45fc-a90e-48c7ffe03417,41.02763616544628,21.31108861478468,pressure,948
2026-01-16T21:21:24+01:00,874ff9c6-786d-45fc-a90e-48c7ffe03417,41.02763616544628,21.31108861478468,temperature,7
2026-01-16T21:36:55+01:00,874ff9c6-786d-45fc-a90e-48c7ffe03417,41.02763616544628,21.31108861478468,humidity,84
2026-01-16T21:36:55+01:00,874ff9c6-786d-45fc-a90e-48c7ffe03417,41.02763616544628,21.31108861478468,noise,34
2026-01-16T21:36:55+01:00,874ff9c6-786d-45fc-a90e-48c7ffe03417,41.02763616544628,21.31108861478468,noise_dba,42
2026-01-16T21:36:55+01:00,874ff9c6-786d-45fc-a90e-48c7ffe03417,41.02763616544628,21.31108861478468,pm10,28
2026-01-16T21:36:55+01:00,874ff9c6-786d-45fc-a90e-48c7ffe03417,41.02763616544628,21.31108861478468,pm25,14
2026-01-16T21:36:55+01:00,874ff9c6-786d-45fc-a90e-48c7ffe03417,41.02763616544628,21.31108861478468,pressure,947
2026-01-16T21:36:55+01:00,874ff9c6-786d-45fc-a90e-48c7ffe03417,41.02763616544628,21.31108861478468,temperature,7
2026-01-16T21:52:27+01:00,874ff9c6-786d-45fc-a90e-48c7ffe03417,41.02763616544628,21.31108861478468,humidity,84
2026-01-16T21:52:27+01:00,874ff9c6-786d-45fc-a90e-48c7ffe03417,41.02763616544628,21.31108861478468,noise,45
2026-01-16T21:52:27+01:00,874ff9c6-786d-45fc-a90e-48c7ffe03417,41.02763616544628,21.31108861478468,noise_dba,47
2026-01-16T21:52:27+01:00,874ff9c6-786d-45fc-a90e-48c7ffe03417,41.02763616544628,21.31108861478468,pm10,24
2026-01-16T21:52:27+01:00,874ff9c6-786d-45fc-a90e-48c7ffe03417,41.02763616544628,21.31108861478468,pm25,11
2026-01-16T21:52:27+01:00,874ff9c6-786d-45fc-a90e-48c7ffe03417,41.02763616544628,21.31108861478468,pressure,948
2026-01-16T21:52:27+01:00,874ff9c6-786d-45fc-a90e-48c7ffe03417,41.02763616544628,21.31108861478468,temperature,7
2026-01-16T22:07:58+01:00,874ff9c6-786d-45fc-a90e-48c7ffe03417,41.02763616544628,21.31108861478468,humidity,84
2026-01-16T22:07:58+01:00,874ff9c6-786d-45fc-a90e-48c7ffe03417,41.02763616544628,21.31108861478468,noise,44
2026-01-16T22:07:58+01:00,874ff9c6-786d-45fc-a90e-48c7ffe03417,41.02763616544628,21.31108861478468,noise_dba,46
2026-01-16T22:07:58+01:00,874ff9c6-786d-45fc-a90e-48c7ffe03417,41.02763616544628,21.31108861478468,pm10,19
2026-01-16T22:07:58+01:00,874ff9c6-786d-45fc-a90e-48c7ffe03417,41.02763616544628,21.31108861478468,pm25,10
2026-01-16T22:07:58+01:00,874ff9c6-786d-45fc-a90e-48c7ffe03417,41.02763616544628,21.31108861478468,pressure,948
2026-01-16T22:07:58+01:00,874ff9c6-786d-45fc-a90e-48c7ffe03417,41.02763616544628,21.31108861478468,temperature,7
2026-01-16T22:23:29+01:00,874ff9c6-786d-45fc-a90e-48c7ffe03417,41.02763616544628,21.31108861478468,humidity,83
2026-01-16T22:23:29+01:00,874ff9c6-786d-45fc-a90e-48c7ffe03417,41.02763616544628,21.31108861478468,noise,44
2026-01-16T22:23:29+01:00,874ff9c6-786d-45fc-a90e-48c7ffe03417,41.02763616544628,21.31108861478468,noise_dba,46
2026-01-16T22:23:29+01:00,874ff9c6-786d-45fc-a90e-48c7ffe03417,41.02763616544628,21.31108861478468,pm10,21
2026-01-16T22:23:29+01:00,874ff9c6-786d-45fc-a90e-48c7ffe03417,41.02763616544628,21.31108861478468,pm25,10
2026-01-16T22:23:29+01:00,874ff9c6-786d-45fc-a90e-48c7ffe03417,41.02763616544628,21.31108861478468,pressure,948
2026-01-16T22:23:29+01:00,874ff9c6-786d-45fc-a90e-48c7ffe03417,41.02763616544628,21.31108861478468,temperature,7
2026-01-16T22:39:00+01:00,874ff9c6-786d-45fc-a90e-48c7ffe03417,41.02763616544628,21.31108861478468,humidity,84
2026-01-16T22:39:00+01:00,874ff9c6-786d-45fc-a90e-48c7ffe03417,41.02763616544628,21.31108861478468,noise,34
2026-01-16T22:39:00+01:00,874ff9c6-786d-45fc-a90e-48c7ffe03417,41.02763616544628,21.31108861478468,noise_dba,42
2026-01-16T22:39:00+01:00,874ff9c6-786d-45fc-a90e-48c7ffe03417,41.02763616544628,21.31108861478468,pm10,25
2026-01-16T22:39:00+01:00,874ff9c6-786d-45fc-a90e-48c7ffe03417,41.02763616544628,21.31108861478468,pm25,11
2026-01-16T22:39:00+01:00,874ff9c6-786d-45fc-a90e-48c7ffe03417,41.02763616544628,21.31108861478468,pressure,948
2026-01-16T22:39:00+01:00,874ff9c6-786d-45fc-a90e-48c7ffe03417,41.02763616544628,21.31108861478468,temperature,7
2026-01-16T22:54:31+01:00,874ff9c6-786d-45fc-a90e-48c7ffe03417,41.02763616544628,21.31108861478468,humidity,85
2026-01-16T22:54:31+01:00,874ff9c6-786d-45fc-a90e-48c7ffe03417,41.02763616544628,21.31108861478468,noise,33
2026-01-16T22:54:31+01:00,874ff9c6-786d-45fc-a90e-48c7ffe03417,41.02763616544628,21.31108861478468,noise_dba,42
2026-01-16T22:54:31+01:00,874ff9c6-786d-45fc-a90e-48c7ffe03417,41.02763616544628,21.31108861478468,pm10,73
2026-01-16T22:54:31+01:00,874ff9c6-786d-45fc-a90e-48c7ffe03417,41.02763616544628,21.31108861478468,pm25,33
2026-01-16T22:54:31+01:00,874ff9c6-786d-45fc-a90e-48c7ffe03417,41.02763616544628,21.31108861478468,pressure,948
2026-01-16T22:54:31+01:00,874ff9c6-786d-45fc-a90e-48c7ffe03417,41.02763616544628,21.31108861478468,temperature,7
2026-01-16T23:10:01+01:00,874ff9c6-786d-45fc-a90e-48c7ffe03417,41.02763616544628,21.31108861478468,humidity,85
2026-01-16T23:10:01+01:00,874ff9c6-786d-45fc-a90e-48c7ffe03417,41.02763616544628,21.31108861478468,noise,36
2026-01-16T23:10:01+01:00,874ff9c6-786d-45fc-a90e-48c7ffe03417,41.02763616544628,21.31108861478468,noise_dba,43
2026-01-16T23:10:01+01:00,874ff9c6-786d-45fc-a90e-48c7ffe03417,41.02763616544628,21.31108861478468,pm10,27
2026-01-16T23:10:01+01:00,874ff9c6-786d-45fc-a90e-48c7ffe03417,41.02763616544628,21.31108861478468,pm25,13
2026-01-16T23:10:01+01:00,874ff9c6-786d-45fc-a90e-48c7ffe03417,41.02763616544628,21.31108861478468,pressure,948
2026-01-16T23:10:01+01:00,874ff9c6-786d-45fc-a90e-48c7ffe03417,41.02763616544628,21.31108861478468,temperature,7
2026-01-16T23:25:32+01:00,874ff9c6-786d-45fc-a90e-48c7ffe03417,41.02763616544628,21.31108861478468,humidity,86
2026-01-16T23:25:32+01:00,874ff9c6-786d-45fc-a90e-48c7ffe03417,41.02763616544628,21.31108861478468,noise,33
2026-01-16T23:25:32+01:00,874ff9c6-786d-45fc-a90e-48c7ffe03417,41.02763616544628,21.31108861478468,noise_dba,42
2026-01-16T23:25:32+01:00,874ff9c6-786d-45fc-a90e-48c7ffe03417,41.02763616544628,21.31108861478468,pm10,19
2026-01-16T23:25:32+01:00,874ff9c6-786d-45fc-a90e-48c7ffe03417,41.02763616544628,21.31108861478468,pm25,7
2026-01-16T23:25:32+01:00,874ff9c6-786d-45fc-a90e-48c7ffe03417,41.02763616544628,21.31108861478468,pressure,947
2026-01-16T23:25:32+01:00,874ff9c6-786d-45fc-a90e-48c7ffe03417,41.02763616544628,21.31108861478468,temperature,6
2026-01-16T23:41:05+01:00,874ff9c6-786d-45fc-a90e-48c7ffe03417,41.02763616544628,21.31108861478468,humidity,86
2026-01-16T23:41:05+01:00,874ff9c6-786d-45fc-a90e-48c7ffe03417,41.02763616544628,21.31108861478468,noise,33
2026-01-16T23:41:05+01:00,874ff9c6-786d-45fc-a90e-48c7ffe03417,41.02763616544628,21.31108861478468,noise_dba,42
2026-01-16T23:41:05+01:00,874ff9c6-786d-45fc-a90e-48c7ffe03417,41.02763616544628,21.31108861478468,pm10,95
2026-01-16T23:41:05+01:00,874ff9c6-786d-45fc-a90e-48c7ffe03417,41.02763616544628,21.31108861478468,pm25,42
2026-01-16T23:41:05+01:00,874ff9c6-786d-45fc-a90e-48c7ffe03417,41.02763616544628,21.31108861478468,pressure,948
2026-01-16T23:41:05+01:00,874ff9c6-786d-45fc-a90e-48c7ffe03417,41.02763616544628,21.31108861478468,temperature,6
2026-01-16T23:56:36+01:00,874ff9c6-786d-45fc-a90e-48c7ffe03417,41.02763616544628,21.31108861478468,humidity,87
2026-01-16T23:56:36+01:00,874ff9c6-786d-45fc-a90e-48c7ffe03417,41.02763616544628,21.31108861478468,noise,32
2026-01-16T23:56:36+01:00,874ff9c6-786d-45fc-a90e-48c7ffe03417,41.02763616544628,21.31108861478468,noise_dba,41
2026-01-16T23:56:36+01:00,874ff9c6-786d-45fc-a90e-48c7ffe03417,41.02763616544628,21.31108861478468,pm10,60
2026-01-16T23:56:36+01:00,874ff9c6-786d-45fc-a90e-48c7ffe03417,41.02763616544628,21.31108861478468,pm25,29
2026-01-16T23:56:36+01:00,874ff9c6-786d-45fc-a90e-48c7ffe03417,41.02763616544628,21.31108861478468,pressure,947
2026-01-16T23:56:36+01:00,874ff9c6-786d-45fc-a90e-48c7ffe03417,41.02763616544628,21.31108861478468,temperature,6
2026-01-17T00:12:08+01:00,874ff9c6-786d-45fc-a90e-48c7ffe03417,41.02763616544628,21.31108861478468,humidity,88
2026-01-17T00:12:08+01:00,874ff9c6-786d-45fc-a90e-48c7ffe03417,41.02763616544628,21.31108861478468,noise,33
2026-01-17T00:12:08+01:00,874ff9c6-786d-45fc-a90e-48c7ffe03417,41.02763616544628,21.31108861478468,noise_dba,42
2026-01-17T00:12:08+01:00,874ff9c6-786d-45fc-a90e-48c7ffe03417,41.02763616544628,21.31108861478468,pm10,57
2026-01-17T00:12:08+01:00,874ff9c6-786d-45fc-a90e-48c7ffe03417,41.02763616544628,21.31108861478468,pm25,24
2026-01-17T00:12:08+01:00,874ff9c6-786d-45fc-a90e-48c7ffe03417,41.02763616544628,21.31108861478468,pressure,947
2026-01-17T00:12:08+01:00,874ff9c6-786d-45fc-a90e-48c7ffe03417,41.02763616544628,21.31108861478468,temperature,6
2026-01-17T00:27:40+01:00,874ff9c6-786d-45fc-a90e-48c7ffe03417,41.02763616544628,21.31108861478468,humidity,89
2026-01-17T00:27:40+01:00,874ff9c6-786d-45fc-a90e-48c7ffe03417,41.02763616544628,21.31108861478468,noise,36
2026-01-17T00:27:40+01:00,874ff9c6-786d-45fc-a90e-48c7ffe03417,41.02763616544628,21.31108861478468,noise_dba,43
2026-01-17T00:27:40+01:00,874ff9c6-786d-45fc-a90e-48c7ffe03417,41.02763616544628,21.31108861478468,pm10,60
2026-01-17T00:27:40+01:00,874ff9c6-786d-45fc-a90e-48c7ffe03417,41.02763616544628,21.31108861478468,pm25,28
2026-01-17T00:27:40+01:00,874ff9c6-786d-45fc-a90e-48c7ffe03417,41.02763616544628,21.31108861478468,pressure,947
2026-01-17T00:27:40+01:00,874ff9c6-786d-45fc-a90e-48c7ffe03417,41.02763616544628,21.31108861478468,temperature,6
2026-01-17T00:43:10+01:00,874ff9c6-786d-45fc-a90e-48c7ffe03417,41.02763616544628,21.31108861478468,humidity,89
2026-01-17T00:43:10+01:00,874ff9c6-786d-45fc-a90e-48c7ffe03417,41.02763616544628,21.31108861478468,noise,42
2026-01-17T00:43:10+01:00,874ff9c6-786d-45fc-a90e-48c7ffe03417,41.02763616544628,21.31108861478468,noise_dba,45
2026-01-17T00:43:10+01:00,874ff9c6-786d-45fc-a90e-48c7ffe03417,41.02763616544628,21.31108861478468,pm10,49
2026-01-17T00:43:10+01:00,874ff9c6-786d-45fc-a90e-48c7ffe03417,41.02763616544628,21.31108861478468,pm25,23
2026-01-17T00:43:10+01:00,874ff9c6-786d-45fc-a90e-48c7ffe03417,41.02763616544628,21.31108861478468,pressure,947
2026-01-17T00:43:10+01:00,874ff9c6-786d-45fc-a90e-48c7ffe03417,41.02763616544628,21.31108861478468,temperature,6
2026-01-17T01:36:35+01:00,874ff9c6-786d-45fc-a90e-48c7ffe03417,41.02763616544628,21.31108861478468,humidity,87
2026-01-17T01:36:35+01:00,874ff9c6-786d-45fc-a90e-48c7ffe03417,41.02763616544628,21.31108861478468,noise,32
2026-01-17T01:36:35+01:00,874ff9c6-786d-45fc-a90e-48c7ffe03417,41.02763616544628,21.31108861478468,noise_dba,41
2026-01-17T01:36:35+01:00,874ff9c6-786d-45fc-a90e-48c7ffe03417,41.02763616544628,21.31108861478468,pm10,11
2026-01-17T01:36:35+01:00,874ff9c6-786d-45fc-a90e-48c7ffe03417,41.02763616544628,21.31108861478468,pm25,4
2026-01-17T01:36:35+01:00,874ff9c6-786d-45fc-a90e-48c7ffe03417,41.02763616544628,21.31108861478468,pressure,948
2026-01-17T01:36:35+01:00,874ff9c6-786d-45fc-a90e-48c7ffe03417,41.02763616544628,21.31108861478468,temperature,6
2026-01-17T01:52:06+01:00,874ff9c6-786d-45fc-a90e-48c7ffe03417,41.02763616544628,21.31108861478468,humidity,88
2026-01-17T01:52:06+01:00,874ff9c6-786d-45fc-a90e-48c7ffe03417,41.02763616544628,21.31108861478468,noise,27
2026-01-17T01:52:06+01:00,874ff9c6-786d-45fc-a90e-48c7ffe03417,41.02763616544628,21.31108861478468,noise_dba,38
2026-01-17T01:52:06+01:00,874ff9c6-786d-45fc-a90e-48c7ffe03417,41.02763616544628,21.31108861478468,pm10,13
2026-01-17T01:52:06+01:00,874ff9c6-786d-45fc-a90e-48c7ffe03417,41.02763616544628,21.31108861478468,pm25,6
2026-01-17T01:52:06+01:00,874ff9c6-786d-45fc-a90e-48c7ffe03417,41.02763616544628,21.31108861478468,pressure,948
2026-01-17T01:52:06+01:00,874ff9c6-786d-45fc-a90e-48c7ffe03417,41.02763616544628,21.31108861478468,temperature,6
2026-01-17T02:07:37+01:00,874ff9c6-786d-45fc-a90e-48c7ffe03417,41.02763616544628,21.31108861478468,humidity,88
2026-01-17T02:07:37+01:00,874ff9c6-786d-45fc-a90e-48c7ffe03417,41.02763616544628,21.31108861478468,noise,29
2026-01-17T02:07:37+01:00,874ff9c6-786d-45fc-a90e-48c7ffe03417,41.02763616544628,21.31108861478468,noise_dba,40
2026-01-17T02:07:37+01:00,874ff9c6-786d-45fc-a90e-48c7ffe03417,41.02763616544628,21.31108861478468,pm10,13
2026-01-17T02:07:37+01:00,874ff9c6-786d-45fc-a90e-48c7ffe03417,41.02763616544628,21.31108861478468,pm25,5
2026-01-17T02:07:37+01:00,874ff9c6-786d-45fc-a90e-48c7ffe03417,41.02763616544628,21.31108861478468,pressure,948
2026-01-17T02:07:37+01:00,874ff9c6-786d-45fc-a90e-48c7ffe03417,41.02763616544628,21.31108861478468,temperature,6
2026-01-17T02:23:07+01:00,874ff9c6-786d-45fc-a90e-48c7ffe03417,41.02763616544628,21.31108861478468,humidity,88
2026-01-17T02:23:07+01:00,874ff9c6-786d-45fc-a90e-48c7ffe03417,41.02763616544628,21.31108861478468,noise,29
2026-01-17T02:23:07+01:00,874ff9c6-786d-45fc-a90e-48c7ffe03417,41.02763616544628,21.31108861478468,noise_dba,40
2026-01-17T02:23:07+01:00,874ff9c6-786d-45fc-a90e-48c7ffe03417,41.02763616544628,21.31108861478468,pm10,23
2026-01-17T02:23:07+01:00,874ff9c6-786d-45fc-a90e-48c7ffe03417,41.02763616544628,21.31108861478468,pm25,8
2026-01-17T02:23:07+01:00,874ff9c6-786d-45fc-a90e-48c7ffe03417,41.02763616544628,21.31108861478468,pressure,948
2026-01-17T02:23:07+01:00,874ff9c6-786d-45fc-a90e-48c7ffe03417,41.02763616544628,21.31108861478468,temperature,6
2026-01-17T02:38:38+01:00,874ff9c6-786d-45fc-a90e-48c7ffe03417,41.02763616544628,21.31108861478468,humidity,88
2026-01-17T02:38:38+01:00,874ff9c6-786d-45fc-a90e-48c7ffe03417,41.02763616544628,21.31108861478468,noise,26
2026-01-17T02:38:38+01:00,874ff9c6-786d-45fc-a90e-48c7ffe03417,41.02763616544628,21.31108861478468,noise_dba,38
2026-01-17T02:38:38+01:00,874ff9c6-786d-45fc-a90e-48c7ffe03417,41.02763616544628,21.31108861478468,pm10,13
2026-01-17T02:38:38+01:00,874ff9c6-786d-45fc-a90e-48c7ffe03417,41.02763616544628,21.31108861478468,pm25,5
2026-01-17T02:38:38+01:00,874ff9c6-786d-45fc-a90e-48c7ffe03417,41.02763616544628,21.31108861478468,pressure,948
2026-01-17T02:38:38+01:00,874ff9c6-786d-45fc-a90e-48c7ffe03417,41.02763616544628,21.31108861478468,temperature,6
2026-01-17T02:54:09+01:00,874ff9c6-786d-45fc-a90e-48c7ffe03417,41.02763616544628,21.31108861478468,humidity,89
2026-01-17T02:54:09+01:00,874ff9c6-786d-45fc-a90e-48c7ffe03417,41.02763616544628,21.31108861478468,noise,28
2026-01-17T02:54:09+01:00,874ff9c6-786d-45fc-a90e-48c7ffe03417,41.02763616544628,21.31108861478468,noise_dba,39
2026-01-17T02:54:09+01:00,874ff9c6-786d-45fc-a90e-48c7ffe03417,41.02763616544628,21.31108861478468,pm10,15
2026-01-17T02:54:09+01:00,874ff9c6-786d-45fc-a90e-48c7ffe03417,41.02763616544628,21.31108861478468,pm25,6
2026-01-17T02:54:09+01:00,874ff9c6-786d-45fc-a90e-48c7ffe03417,41.02763616544628,21.31108861478468,pressure,948
2026-01-17T02:54:09+01:00,874ff9c6-786d-45fc-a90e-48c7ffe03417,41.02763616544628,21.31108861478468,temperature,6
2026-01-17T09:05:53+01:00,874ff9c6-786d-45fc-a90e-48c7ffe03417,41.02763616544628,21.31108861478468,humidity,81
2026-01-17T09:05:53+01:00,874ff9c6-786d-45fc-a90e-48c7ffe03417,41.02763616544628,21.31108861478468,noise,45
2026-01-17T09:05:53+01:00,874ff9c6-786d-45fc-a90e-48c7ffe03417,41.02763616544628,21.31108861478468,noise_dba,47
2026-01-17T09:05:53+01:00,874ff9c6-786d-45fc-a90e-48c7ffe03417,41.02763616544628,21.31108861478468,pm10,19
2026-01-17T09:05:53+01:00,874ff9c6-786d-45fc-a90e-48c7ffe03417,41.02763616544628,21.31108861478468,pm25,11
2026-01-17T09:05:53+01:00,874ff9c6-786d-45fc-a90e-48c7ffe03417,41.02763616544628,21.31108861478468,pressure,949
2026-01-17T09:05:53+01:00,874ff9c6-786d-45fc-a90e-48c7ffe03417,41.02763616544628,21.31108861478468,temperature,9
2026-01-17T09:21:24+01:00,874ff9c6-786d-45fc-a90e-48c7ffe03417,41.02763616544628,21.31108861478468,humidity,82
2026-01-17T09:21:24+01:00,874ff9c6-786d-45fc-a90e-48c7ffe03417,41.02763616544628,21.31108861478468,noise,36
2026-01-17T09:21:24+01:00,874ff9c6-786d-45fc-a90e-48c7ffe03417,41.02763616544628,21.31108861478468,noise_dba,43
2026-01-17T09:21:24+01:00,874ff9c6-786d-45fc-a90e-48c7ffe03417,41.02763616544628,21.31108861478468,pm10,18
2026-01-17T09:21:24+01:00,874ff9c6-786d-45fc-a90e-48c7ffe03417,41.02763616544628,21.31108861478468,pm25,10
2026-01-17T09:21:24+01:00,874ff9c6-786d-45fc-a90e-48c7ffe03417,41.02763616544628,21.31108861478468,pressure,949
2026-01-17T09:21:24+01:00,874ff9c6-786d-45fc-a90e-48c7ffe03417,41.02763616544628,21.31108861478468,temperature,7
2026-01-17T09:36:55+01:00,874ff9c6-786d-45fc-a90e-48c7ffe03417,41.02763616544628,21.31108861478468,humidity,85
2026-01-17T09:36:55+01:00,874ff9c6-786d-45fc-a90e-48c7ffe03417,41.02763616544628,21.31108861478468,noise,48
2026-01-17T09:36:55+01:00,874ff9c6-786d-45fc-a90e-48c7ffe03417,41.02763616544628,21.31108861478468,noise_dba,48
2026-01-17T09:36:55+01:00,874ff9c6-786d-45fc-a90e-48c7ffe03417,41.02763616544628,21.31108861478468,pm10,19
2026-01-17T09:36:55+01:00,874ff9c6-786d-45fc-a90e-48c7ffe03417,41.02763616544628,21.31108861478468,pm25,8
2026-01-17T09:36:55+01:00,874ff9c6-786d-45fc-a90e-48c7ffe03417,41.02763616544628,21.31108861478468,pressure,949
2026-01-17T09:36:55+01:00,874ff9c6-786d-45fc-a90e-48c7ffe03417,41.02763616544628,21.31108861478468,temperature,7
2026-01-17T09:52:26+01:00,874ff9c6-786d-45fc-a90e-48c7ffe03417,41.02763616544628,21.31108861478468,humidity,84
2026-01-17T09:52:26+01:00,874ff9c6-786d-45fc-a90e-48c7ffe03417,41.02763616544628,21.31108861478468,noise,36
2026-01-17T09:52:26+01:00,874ff9c6-786d-45fc-a90e-48c7ffe03417,41.02763616544628,21.31108861478468,noise_dba,43
2026-01-17T09:52:26+01:00,874ff9c6-786d-45fc-a90e-48c7ffe03417,41.02763616544628,21.31108861478468,pm10,23
2026-01-17T09:52:26+01:00,874ff9c6-786d-45fc-a90e-48c7ffe03417,41.02763616544628,21.31108861478468,pm25,10
2026-01-17T09:52:26+01:00,874ff9c6-786d-45fc-a90e-48c7ffe03417,41.02763616544628,21.31108861478468,pressure,949
2026-01-17T09:52:26+01:00,874ff9c6-786d-45fc-a90e-48c7ffe03417,41.02763616544628,21.31108861478468,temperature,7
2026-01-17T10:08:01+01:00,874ff9c6-786d-45fc-a90e-48c7ffe03417,41.02763616544628,21.31108861478468,humidity,86
2026-01-17T10:08:01+01:00,874ff9c6-786d-45fc-a90e-48c7ffe03417,41.02763616544628,21.31108861478468,noise,39
2026-01-17T10:08:01+01:00,874ff9c6-786d-45fc-a90e-48c7ffe03417,41.02763616544628,21.31108861478468,noise_dba,44
2026-01-17T10:08:01+01:00,874ff9c6-786d-45fc-a90e-48c7ffe03417,41.02763616544628,21.31108861478468,pm10,26
2026-01-17T10:08:01+01:00,874ff9c6-786d-45fc-a90e-48c7ffe03417,41.02763616544628,21.31108861478468,pm25,11
2026-01-17T10:08:01+01:00,874ff9c6-786d-45fc-a90e-48c7ffe03417,41.02763616544628,21.31108861478468,pressure,949
2026-01-17T10:08:01+01:00,874ff9c6-786d-45fc-a90e-48c7ffe03417,41.02763616544628,21.31108861478468,temperature,7
2026-01-17T10:23:31+01:00,874ff9c6-786d-45fc-a90e-48c7ffe03417,41.02763616544628,21.31108861478468,humidity,84
2026-01-17T10:23:31+01:00,874ff9c6-786d-45fc-a90e-48c7ffe03417,41.02763616544628,21.31108861478468,noise,38
2026-01-17T10:23:31+01:00,874ff9c6-786d-45fc-a90e-48c7ffe03417,41.02763616544628,21.31108861478468,noise_dba,44
2026-01-17T10:23:31+01:00,874ff9c6-786d-45fc-a90e-48c7ffe03417,41.02763616544628,21.31108861478468,pm10,27
2026-01-17T10:23:31+01:00,874ff9c6-786d-45fc-a90e-48c7ffe03417,41.02763616544628,21.31108861478468,pm25,13
2026-01-17T10:23:31+01:00,874ff9c6-786d-45fc-a90e-48c7ffe03417,41.02763616544628,21.31108861478468,pressure,949
2026-01-17T10:23:31+01:00,874ff9c6-786d-45fc-a90e-48c7ffe03417,41.02763616544628,21.31108861478468,temperature,7
2026-01-17T10:39:02+01:00,874ff9c6-786d-45fc-a90e-48c7ffe03417,41.02763616544628,21.31108861478468,humidity,85
2026-01-17T10:39:02+01:00,874ff9c6-786d-45fc-a90e-48c7ffe03417,41.02763616544628,21.31108861478468,noise,40
2026-01-17T10:39:02+01:00,874ff9c6-786d-45fc-a90e-48c7ffe03417,41.02763616544628,21.31108861478468,noise_dba,45
2026-01-17T10:39:02+01:00,874ff9c6-786d-45fc-a90e-48c7ffe03417,41.02763616544628,21.31108861478468,pm10,26
2026-01-17T10:39:02+01:00,874ff9c6-786d-45fc-a90e-48c7ffe03417,41.02763616544628,21.31108861478468,pm25,14
2026-01-17T10:39:02+01:00,874ff9c6-786d-45fc-a90e-48c7ffe03417,41.02763616544628,21.31108861478468,pressure,949
2026-01-17T10:39:02+01:00,874ff9c6-786d-45fc-a90e-48c7ffe03417,41.02763616544628,21.31108861478468,temperature,7
2026-01-17T10:54:33+01:00,874ff9c6-786d-45fc-a90e-48c7ffe03417,41.02763616544628,21.31108861478468,humidity,85
2026-01-17T10:54:33+01:00,874ff9c6-786d-45fc-a90e-48c7ffe03417,41.02763616544628,21.31108861478468,noise,38
2026-01-17T10:54:33+01:00,874ff9c6-786d-45fc-a90e-48c7ffe03417,41.02763616544628,21.31108861478468,noise_dba,44
2026-01-17T10:54:33+01:00,874ff9c6-786d-45fc-a90e-48c7ffe03417,41.02763616544628,21.31108861478468,pm10,188
2026-01-17T10:54:33+01:00,874ff9c6-786d-45fc-a90e-48c7ffe03417,41.02763616544628,21.31108861478468,pm25,86
2026-01-17T10:54:33+01:00,874ff9c6-786d-45fc-a90e-48c7ffe03417,41.02763616544628,21.31108861478468,pressure,949
2026-01-17T10:54:33+01:00,874ff9c6-786d-45fc-a90e-48c7ffe03417,41.02763616544628,21.31108861478468,temperature,7
2026-01-17T11:10:08+01:00,874ff9c6-786d-45fc-a90e-48c7ffe03417,41.02763616544628,21.31108861478468,humidity,87
2026-01-17T11:10:08+01:00,874ff9c6-786d-45fc-a90e-48c7ffe03417,41.02763616544628,21.31108861478468,noise,45
2026-01-17T11:10:08+01:00,874ff9c6-786d-45fc-a90e-48c7ffe03417,41.02763616544628,21.31108861478468,noise_dba,47
2026-01-17T11:10:08+01:00,874ff9c6-786d-45fc-a90e-48c7ffe03417,41.02763616544628,21.31108861478468,pm10,51
2026-01-17T11:10:08+01:00,874ff9c6-786d-45fc-a90e-48c7ffe03417,41.02763616544628,21.31108861478468,pm25,25
2026-01-17T11:10:08+01:00,874ff9c6-786d-45fc-a90e-48c7ffe03417,41.02763616544628,21.31108861478468,pressure,949
2026-01-17T11:10:08+01:00,874ff9c6-786d-45fc-a90e-48c7ffe03417,41.02763616544628,21.31108861478468,temperature,7
2026-01-17T11:25:39+01:00,874ff9c6-786d-45fc-a90e-48c7ffe03417,41.02763616544628,21.31108861478468,humidity,87
2026-01-17T11:25:39+01:00,874ff9c6-786d-45fc-a90e-48c7ffe03417,41.02763616544628,21.31108861478468,noise,38
2026-01-17T11:25:39+01:00,874ff9c6-786d-45fc-a90e-48c7ffe03417,41.02763616544628,21.31108861478468,noise_dba,44
2026-01-17T11:25:39+01:00,874ff9c6-786d-45fc-a90e-48c7ffe03417,41.02763616544628,21.31108861478468,pm10,33
2026-01-17T11:25:39+01:00,874ff9c6-786d-45fc-a90e-48c7ffe03417,41.02763616544628,21.31108861478468,pm25,17
2026-01-17T11:25:39+01:00,874ff9c6-786d-45fc-a90e-48c7ffe03417,41.02763616544628,21.31108861478468,pressure,949
2026-01-17T11:25:39+01:00,874ff9c6-786d-45fc-a90e-48c7ffe03417,41.02763616544628,21.31108861478468,temperature,7
2026-01-17T11:41:10+01:00,874ff9c6-786d-45fc-a90e-48c7ffe03417,41.02763616544628,21.31108861478468,humidity,88
2026-01-17T11:41:10+01:00,874ff9c6-786d-45fc-a90e-48c7ffe03417,41.02763616544628,21.31108861478468,noise,43
2026-01-17T11:41:10+01:00,874ff9c6-786d-45fc-a90e-48c7ffe03417,41.02763616544628,21.31108861478468,noise_dba,46
2026-01-17T11:41:10+01:00,874ff9c6-786d-45fc-a90e-48c7ffe03417,41.02763616544628,21.31108861478468,pm10,48
2026-01-17T11:41:10+01:00,874ff9c6-786d-45fc-a90e-48c7ffe03417,41.02763616544628,21.31108861478468,pm25,25
2026-01-17T11:41:10+01:00,874ff9c6-786d-45fc-a90e-48c7ffe03417,41.02763616544628,21.31108861478468,pressure,949
2026-01-17T11:41:10+01:00,874ff9c6-786d-45fc-a90e-48c7ffe03417,41.02763616544628,21.31108861478468,temperature,7
2026-01-17T11:56:40+01:00,874ff9c6-786d-45fc-a90e-48c7ffe03417,41.02763616544628,21.31108861478468,humidity,88
2026-01-17T11:56:40+01:00,874ff9c6-786d-45fc-a90e-48c7ffe03417,41.02763616544628,21.31108861478468,noise,45
2026-01-17T11:56:40+01:00,874ff9c6-786d-45fc-a90e-48c7ffe03417,41.02763616544628,21.31108861478468,noise_dba,47
2026-01-17T11:56:40+01:00,874ff9c6-786d-45fc-a90e-48c7ffe03417,41.02763616544628,21.31108861478468,pm10,33
2026-01-17T11:56:40+01:00,874ff9c6-786d-45fc-a90e-48c7ffe03417,41.02763616544628,21.31108861478468,pm25,17
2026-01-17T11:56:40+01:00,874ff9c6-786d-45fc-a90e-48c7ffe03417,41.02763616544628,21.31108861478468,pressure,949
2026-01-17T11:56:40+01:00,874ff9c6-786d-45fc-a90e-48c7ffe03417,41.02763616544628,21.31108861478468,temperature,7
2026-01-17T12:12:12+01:00,874ff9c6-786d-45fc-a90e-48c7ffe03417,41.02763616544628,21.31108861478468,humidity,86
2026-01-17T12:12:12+01:00,874ff9c6-786d-45fc-a90e-48c7ffe03417,41.02763616544628,21.31108861478468,noise,45
2026-01-17T12:12:12+01:00,874ff9c6-786d-45fc-a90e-48c7ffe03417,41.02763616544628,21.31108861478468,noise_dba,47
2026-01-17T12:12:12+01:00,874ff9c6-786d-45fc-a90e-48c7ffe03417,41.02763616544628,21.31108861478468,pm10,25
2026-01-17T12:12:12+01:00,874ff9c6-786d-45fc-a90e-48c7ffe03417,41.02763616544628,21.31108861478468,pm25,12
2026-01-17T12:12:12+01:00,874ff9c6-786d-45fc-a90e-48c7ffe03417,41.02763616544628,21.31108861478468,pressure,948
2026-01-17T12:12:12+01:00,874ff9c6-786d-45fc-a90e-48c7ffe03417,41.02763616544628,21.31108861478468,temperature,7
2026-01-17T12:27:43+01:00,874ff9c6-786d-45fc-a90e-48c7ffe03417,41.02763616544628,21.31108861478468,humidity,89
2026-01-17T12:27:43+01:00,874ff9c6-786d-45fc-a90e-48c7ffe03417,41.02763616544628,21.31108861478468,noise,45
2026-01-17T12:27:43+01:00,874ff9c6-786d-45fc-a90e-48c7ffe03417,41.02763616544628,21.31108861478468,noise_dba,47
2026-01-17T12:27:43+01:00,874ff9c6-786d-45fc-a90e-48c7ffe03417,41.02763616544628,21.31108861478468,pm10,21
2026-01-17T12:27:43+01:00,874ff9c6-786d-45fc-a90e-48c7ffe03417,41.02763616544628,21.31108861478468,pm25,10
2026-01-17T12:27:43+01:00,874ff9c6-786d-45fc-a90e-48c7ffe03417,41.02763616544628,21.31108861478468,pressure,948
2026-01-17T12:27:43+01:00,874ff9c6-786d-45fc-a90e-48c7ffe03417,41.02763616544628,21.31108861478468,temperature,8
2026-01-17T12:43:15+01:00,874ff9c6-786d-45fc-a90e-48c7ffe03417,41.02763616544628,21.31108861478468,humidity,85
2026-01-17T12:43:15+01:00,874ff9c6-786d-45fc-a90e-48c7ffe03417,41.02763616544628,21.31108861478468,noise,39
2026-01-17T12:43:15+01:00,874ff9c6-786d-45fc-a90e-48c7ffe03417,41.02763616544628,21.31108861478468,noise_dba,44
2026-01-17T12:43:15+01:00,874ff9c6-786d-45fc-a90e-48c7ffe03417,41.02763616544628,21.31108861478468,pm10,14
2026-01-17T12:43:15+01:00,874ff9c6-786d-45fc-a90e-48c7ffe03417,41.02763616544628,21.31108861478468,pm25,7
2026-01-17T12:43:15+01:00,874ff9c6-786d-45fc-a90e-48c7ffe03417,41.02763616544628,21.31108861478468,pressure,948
2026-01-17T12:43:15+01:00,874ff9c6-786d-45fc-a90e-48c7ffe03417,41.02763616544628,21.31108861478468,temperature,8
2026-01-17T12:58:46+01:00,874ff9c6-786d-45fc-a90e-48c7ffe03417,41.02763616544628,21.31108861478468,humidity,86
2026-01-17T12:58:46+01:00,874ff9c6-786d-45fc-a90e-48c7ffe03417,41.02763616544628,21.31108861478468,noise,44
2026-01-17T12:58:46+01:00,874ff9c6-786d-45fc-a90e-48c7ffe03417,41.02763616544628,21.31108861478468,noise_dba,46
2026-01-17T12:58:46+01:00,874ff9c6-786d-45fc-a90e-48c7ffe03417,41.02763616544628,21.31108861478468,pm10,17
2026-01-17T12:58:46+01:00,874ff9c6-786d-45fc-a90e-48c7ffe03417,41.02763616544628,21.31108861478468,pm25,8
2026-01-17T12:58:46+01:00,874ff9c6-786d-45fc-a90e-48c7ffe03417,41.02763616544628,21.31108861478468,pressure,948
2026-01-17T12:58:46+01:00,874ff9c6-786d-45fc-a90e-48c7ffe03417,41.02763616544628,21.31108861478468,temperature,8
2026-01-17T13:14:18+01:00,874ff9c6-786d-45fc-a90e-48c7ffe03417,41.02763616544628,21.31108861478468,humidity,84
2026-01-17T13:14:18+01:00,874ff9c6-786d-45fc-a90e-48c7ffe03417,41.02763616544628,21.31108861478468,noise,49
2026-01-17T13:14:18+01:00,874ff9c6-786d-45fc-a90e-48c7ffe03417,41.02763616544628,21.31108861478468,noise_dba,48
2026-01-17T13:14:18+01:00,874ff9c6-786d-45fc-a90e-48c7ffe03417,41.02763616544628,21.31108861478468,pm10,15
2026-01-17T13:14:18+01:00,874ff9c6-786d-45fc-a90e-48c7ffe03417,41.02763616544628,21.31108861478468,pm25,8
2026-01-17T13:14:18+01:00,874ff9c6-786d-45fc-a90e-48c7ffe03417,41.02763616544628,21.31108861478468,pressure,948
2026-01-17T13:14:18+01:00,874ff9c6-786d-45fc-a90e-48c7ffe03417,41.02763616544628,21.31108861478468,temperature,8
2026-01-17T13:29:49+01:00,874ff9c6-786d-45fc-a90e-48c7ffe03417,41.02763616544628,21.31108861478468,noise,50
2026-01-17T13:29:49+01:00,874ff9c6-786d-45fc-a90e-48c7ffe03417,41.02763616544628,21.31108861478468,noise_dba,48
2026-01-17T13:29:49+01:00,874ff9c6-786d-45fc-a90e-48c7ffe03417,41.02763616544628,21.31108861478468,pm10,18
2026-01-17T13:29:49+01:00,874ff9c6-786d-45fc-a90e-48c7ffe03417,41.02763616544628,21.31108861478468,pm25,8
2026-01-17T13:29:49+01:00,874ff9c6-786d-45fc-a90e-48c7ffe03417,41.02763616544628,21.31108861478468,pressure,948
2026-01-17T13:29:49+01:00,874ff9c6-786d-45fc-a90e-48c7ffe03417,41.02763616544628,21.31108861478468,temperature,11
2026-01-17T13:45:20+01:00,874ff9c6-786d-45fc-a90e-48c7ffe03417,41.02763616544628,21.31108861478468,humidity,77
2026-01-17T13:45:20+01:00,874ff9c6-786d-45fc-a90e-48c7ffe03417,41.02763616544628,21.31108861478468,noise,43
2026-01-17T13:45:20+01:00,874ff9c6-786d-45fc-a90e-48c7ffe03417,41.02763616544628,21.31108861478468,noise_dba,46
2026-01-17T13:45:20+01:00,874ff9c6-786d-45fc-a90e-48c7ffe03417,41.02763616544628,21.31108861478468,pm10,14
2026-01-17T13:45:20+01:00,874ff9c6-786d-45fc-a90e-48c7ffe03417,41.02763616544628,21.31108861478468,pm25,5
2026-01-17T13:45:20+01:00,874ff9c6-786d-45fc-a90e-48c7ffe03417,41.02763616544628,21.31108861478468,pressure,948
2026-01-17T13:45:20+01:00,874ff9c6-786d-45fc-a90e-48c7ffe03417,41.02763616544628,21.31108861478468,temperature,9
2026-01-17T14:00:50+01:00,874ff9c6-786d-45fc-a90e-48c7ffe03417,41.02763616544628,21.31108861478468,humidity,79
2026-01-17T14:00:50+01:00,874ff9c6-786d-45fc-a90e-48c7ffe03417,41.02763616544628,21.31108861478468,noise,45
2026-01-17T14:00:50+01:00,874ff9c6-786d-45fc-a90e-48c7ffe03417,41.02763616544628,21.31108861478468,noise_dba,47
2026-01-17T14:00:50+01:00,874ff9c6-786d-45fc-a90e-48c7ffe03417,41.02763616544628,21.31108861478468,pm10,24
2026-01-17T14:00:50+01:00,874ff9c6-786d-45fc-a90e-48c7ffe03417,41.02763616544628,21.31108861478468,pm25,11
2026-01-17T14:00:50+01:00,874ff9c6-786d-45fc-a90e-48c7ffe03417,41.02763616544628,21.31108861478468,pressure,948
2026-01-17T14:00:50+01:00,874ff9c6-786d-45fc-a90e-48c7ffe03417,41.02763616544628,21.31108861478468,temperature,9
2026-01-17T14:16:21+01:00,874ff9c6-786d-45fc-a90e-48c7ffe03417,41.02763616544628,21.31108861478468,humidity,79
2026-01-17T14:16:21+01:00,874ff9c6-786d-45fc-a90e-48c7ffe03417,41.02763616544628,21.31108861478468,noise,41
2026-01-17T14:16:21+01:00,874ff9c6-786d-45fc-a90e-48c7ffe03417,41.02763616544628,21.31108861478468,noise_dba,45
2026-01-17T14:16:21+01:00,874ff9c6-786d-45fc-a90e-48c7ffe03417,41.02763616544628,21.31108861478468,pm10,21
2026-01-17T14:16:21+01:00,874ff9c6-786d-45fc-a90e-48c7ffe03417,41.02763616544628,21.31108861478468,pm25,9
2026-01-17T14:16:21+01:00,874ff9c6-786d-45fc-a90e-48c7ffe03417,41.02763616544628,21.31108861478468,pressure,948
2026-01-17T14:16:21+01:00,874ff9c6-786d-45fc-a90e-48c7ffe03417,41.02763616544628,21.31108861478468,temperature,9
2026-01-17T14:31:53+01:00,874ff9c6-786d-45fc-a90e-48c7ffe03417,41.02763616544628,21.31108861478468,humidity,90
2026-01-17T14:31:53+01:00,874ff9c6-786d-45fc-a90e-48c7ffe03417,41.02763616544628,21.31108861478468,noise,50
2026-01-17T14:31:53+01:00,874ff9c6-786d-45fc-a90e-48c7ffe03417,41.02763616544628,21.31108861478468,noise_dba,48
2026-01-17T14:31:53+01:00,874ff9c6-786d-45fc-a90e-48c7ffe03417,41.02763616544628,21.31108861478468,pm10,17
2026-01-17T14:31:53+01:00,874ff9c6-786d-45fc-a90e-48c7ffe03417,41.02763616544628,21.31108861478468,pm25,8
2026-01-17T14:31:53+01:00,874ff9c6-786d-45fc-a90e-48c7ffe03417,41.02763616544628,21.31108861478468,pressure,948
2026-01-17T14:31:53+01:00,874ff9c6-786d-45fc-a90e-48c7ffe03417,41.02763616544628,21.31108861478468,temperature,9
2026-01-17T14:47:24+01:00,874ff9c6-786d-45fc-a90e-48c7ffe03417,41.02763616544628,21.31108861478468,humidity,80
2026-01-17T14:47:24+01:00,874ff9c6-786d-45fc-a90e-48c7ffe03417,41.02763616544628,21.31108861478468,noise,53
2026-01-17T14:47:24+01:00,874ff9c6-786d-45fc-a90e-48c7ffe03417,41.02763616544628,21.31108861478468,noise_dba,49
2026-01-17T14:47:24+01:00,874ff9c6-786d-45fc-a90e-48c7ffe03417,41.02763616544628,21.31108861478468,pm10,18
2026-01-17T14:47:24+01:00,874ff9c6-786d-45fc-a90e-48c7ffe03417,41.02763616544628,21.31108861478468,pm25,7
2026-01-17T14:47:24+01:00,874ff9c6-786d-45fc-a90e-48c7ffe03417,41.02763616544628,21.31108861478468,pressure,948
2026-01-17T14:47:24+01:00,874ff9c6-786d-45fc-a90e-48c7ffe03417,41.02763616544628,21.31108861478468,temperature,8
2026-01-17T15:02:55+01:00,874ff9c6-786d-45fc-a90e-48c7ffe03417,41.02763616544628,21.31108861478468,humidity,82
2026-01-17T15:02:55+01:00,874ff9c6-786d-45fc-a90e-48c7ffe03417,41.02763616544628,21.31108861478468,noise,43
2026-01-17T15:02:55+01:00,874ff9c6-786d-45fc-a90e-48c7ffe03417,41.02763616544628,21.31108861478468,noise_dba,46
2026-01-17T15:02:55+01:00,874ff9c6-786d-45fc-a90e-48c7ffe03417,41.02763616544628,21.31108861478468,pm10,21
2026-01-17T15:02:55+01:00,874ff9c6-786d-45fc-a90e-48c7ffe03417,41.02763616544628,21.31108861478468,pm25,9
2026-01-17T15:02:55+01:00,874ff9c6-786d-45fc-a90e-48c7ffe03417,41.02763616544628,21.31108861478468,pressure,948
2026-01-17T15:02:55+01:00,874ff9c6-786d-45fc-a90e-48c7ffe03417,41.02763616544628,21.31108861478468,temperature,8
2026-01-17T15:18:26+01:00,874ff9c6-786d-45fc-a90e-48c7ffe03417,41.02763616544628,21.31108861478468,humidity,84
2026-01-17T15:18:26+01:00,874ff9c6-786d-45fc-a90e-48c7ffe03417,41.02763616544628,21.31108861478468,noise,47
2026-01-17T15:18:26+01:00,874ff9c6-786d-45fc-a90e-48c7ffe03417,41.02763616544628,21.31108861478468,noise_dba,47
2026-01-17T15:18:26+01:00,874ff9c6-786d-45fc-a90e-48c7ffe03417,41.02763616544628,21.31108861478468,pm10,21
2026-01-17T15:18:26+01:00,874ff9c6-786d-45fc-a90e-48c7ffe03417,41.02763616544628,21.31108861478468,pm25,10
2026-01-17T15:18:26+01:00,874ff9c6-786d-45fc-a90e-48c7ffe03417,41.02763616544628,21.31108861478468,pressure,948
2026-01-17T15:18:26+01:00,874ff9c6-786d-45fc-a90e-48c7ffe03417,41.02763616544628,21.31108861478468,temperature,7
2026-01-17T15:33:57+01:00,874ff9c6-786d-45fc-a90e-48c7ffe03417,41.02763616544628,21.31108861478468,humidity,83
2026-01-17T15:33:57+01:00,874ff9c6-786d-45fc-a90e-48c7ffe03417,41.02763616544628,21.31108861478468,noise,39
2026-01-17T15:33:57+01:00,874ff9c6-786d-45fc-a90e-48c7ffe03417,41.02763616544628,21.31108861478468,noise_dba,44
2026-01-17T15:33:57+01:00,874ff9c6-786d-45fc-a90e-48c7ffe03417,41.02763616544628,21.31108861478468,pm10,19
2026-01-17T15:33:57+01:00,874ff9c6-786d-45fc-a90e-48c7ffe03417,41.02763616544628,21.31108861478468,pm25,8
2026-01-17T15:33:57+01:00,874ff9c6-786d-45fc-a90e-48c7ffe03417,41.02763616544628,21.31108861478468,pressure,948
2026-01-17T15:33:57+01:00,874ff9c6-786d-45fc-a90e-48c7ffe03417,41.02763616544628,21.31108861478468,temperature,7
2026-01-17T15:49:29+01:00,874ff9c6-786d-45fc-a90e-48c7ffe03417,41.02763616544628,21.31108861478468,humidity,84
2026-01-17T15:49:29+01:00,874ff9c6-786d-45fc-a90e-48c7ffe03417,41.02763616544628,21.31108861478468,noise,53
2026-01-17T15:49:29+01:00,874ff9c6-786d-45fc-a90e-48c7ffe03417,41.02763616544628,21.31108861478468,noise_dba,49
2026-01-17T15:49:29+01:00,874ff9c6-786d-45fc-a90e-48c7ffe03417,41.02763616544628,21.31108861478468,pm10,16
2026-01-17T15:49:29+01:00,874ff9c6-786d-45fc-a90e-48c7ffe03417,41.02763616544628,21.31108861478468,pm25,7
2026-01-17T15:49:29+01:00,874ff9c6-786d-45fc-a90e-48c7ffe03417,41.02763616544628,21.31108861478468,pressure,948
2026-01-17T15:49:29+01:00,874ff9c6-786d-45fc-a90e-48c7ffe03417,41.02763616544628,21.31108861478468,temperature,7
2026-01-17T16:04:59+01:00,874ff9c6-786d-45fc-a90e-48c7ffe03417,41.02763616544628,21.31108861478468,humidity,84
2026-01-17T16:04:59+01:00,874ff9c6-786d-45fc-a90e-48c7ffe03417,41.02763616544628,21.31108861478468,noise,42
2026-01-17T16:04:59+01:00,874ff9c6-786d-45fc-a90e-48c7ffe03417,41.02763616544628,21.31108861478468,noise_dba,45
2026-01-17T16:04:59+01:00,874ff9c6-786d-45fc-a90e-48c7ffe03417,41.02763616544628,21.31108861478468,pm10,13
2026-01-17T16:04:59+01:00,874ff9c6-786d-45fc-a90e-48c7ffe03417,41.02763616544628,21.31108861478468,pm25,6
2026-01-17T16:04:59+01:00,874ff9c6-786d-45fc-a90e-48c7ffe03417,41.02763616544628,21.31108861478468,pressure,948
2026-01-17T16:04:59+01:00,874ff9c6-786d-45fc-a90e-48c7ffe03417,41.02763616544628,21.31108861478468,temperature,7
2026-01-17T16:20:30+01:00,874ff9c6-786d-45fc-a90e-48c7ffe03417,41.02763616544628,21.31108861478468,humidity,84
2026-01-17T16:20:30+01:00,874ff9c6-786d-45fc-a90e-48c7ffe03417,41.02763616544628,21.31108861478468,noise,49
2026-01-17T16:20:30+01:00,874ff9c6-786d-45fc-a90e-48c7ffe03417,41.02763616544628,21.31108861478468,noise_dba,48
2026-01-17T16:20:30+01:00,874ff9c6-786d-45fc-a90e-48c7ffe03417,41.02763616544628,21.31108861478468,pm10,14
2026-01-17T16:20:30+01:00,874ff9c6-786d-45fc-a90e-48c7ffe03417,41.02763616544628,21.31108861478468,pm25,6
2026-01-17T16:20:30+01:00,874ff9c6-786d-45fc-a90e-48c7ffe03417,41.02763616544628,21.31108861478468,pressure,948
2026-01-17T16:20:30+01:00,874ff9c6-786d-45fc-a90e-48c7ffe03417,41.02763616544628,21.31108861478468,temperature,6
2026-01-17T16:36:01+01:00,874ff9c6-786d-45fc-a90e-48c7ffe03417,41.02763616544628,21.31108861478468,humidity,86
2026-01-17T16:36:01+01:00,874ff9c6-786d-45fc-a90e-48c7ffe03417,41.02763616544628,21.31108861478468,noise,43
2026-01-17T16:36:01+01:00,874ff9c6-786d-45fc-a90e-48c7ffe03417,41.02763616544628,21.31108861478468,noise_dba,46
2026-01-17T16:36:01+01:00,874ff9c6-786d-45fc-a90e-48c7ffe03417,41.02763616544628,21.31108861478468,pm10,19
2026-01-17T16:36:01+01:00,874ff9c6-786d-45fc-a90e-48c7ffe03417,41.02763616544628,21.31108861478468,pm25,10
2026-01-17T16:36:01+01:00,874ff9c6-786d-45fc-a90e-48c7ffe03417,41.02763616544628,21.31108861478468,pressure,948
2026-01-17T16:36:01+01:00,874ff9c6-786d-45fc-a90e-48c7ffe03417,41.02763616544628,21.31108861478468,temperature,6
2026-01-17T16:51:32+01:00,874ff9c6-786d-45fc-a90e-48c7ffe03417,41.02763616544628,21.31108861478468,humidity,86
2026-01-17T16:51:32+01:00,874ff9c6-786d-45fc-a90e-48c7ffe03417,41.02763616544628,21.31108861478468,noise,50
2026-01-17T16:51:32+01:00,874ff9c6-786d-45fc-a90e-48c7ffe03417,41.02763616544628,21.31108861478468,noise_dba,48
2026-01-17T16:51:32+01:00,874ff9c6-786d-45fc-a90e-48c7ffe03417,41.02763616544628,21.31108861478468,pm10,29
2026-01-17T16:51:32+01:00,874ff9c6-786d-45fc-a90e-48c7ffe03417,41.02763616544628,21.31108861478468,pm25,12
2026-01-17T16:51:32+01:00,874ff9c6-786d-45fc-a90e-48c7ffe03417,41.02763616544628,21.31108861478468,pressure,948
2026-01-17T16:51:32+01:00,874ff9c6-786d-45fc-a90e-48c7ffe03417,41.02763616544628,21.31108861478468,temperature,6
2026-01-17T17:07:02+01:00,874ff9c6-786d-45fc-a90e-48c7ffe03417,41.02763616544628,21.31108861478468,humidity,88
2026-01-17T17:07:02+01:00,874ff9c6-786d-45fc-a90e-48c7ffe03417,41.02763616544628,21.31108861478468,noise,44
2026-01-17T17:07:02+01:00,874ff9c6-786d-45fc-a90e-48c7ffe03417,41.02763616544628,21.31108861478468,noise_dba,46
2026-01-17T17:07:02+01:00,874ff9c6-786d-45fc-a90e-48c7ffe03417,41.02763616544628,21.31108861478468,pm10,25
2026-01-17T17:07:02+01:00,874ff9c6-786d-45fc-a90e-48c7ffe03417,41.02763616544628,21.31108861478468,pm25,12
2026-01-17T17:07:02+01:00,874ff9c6-786d-45fc-a90e-48c7ffe03417,41.02763616544628,21.31108861478468,pressure,948
2026-01-17T17:07:02+01:00,874ff9c6-786d-45fc-a90e-48c7ffe03417,41.02763616544628,21.31108861478468,temperature,5
2026-01-17T17:22:33+01:00,874ff9c6-786d-45fc-a90e-48c7ffe03417,41.02763616544628,21.31108861478468,humidity,90
2026-01-17T17:22:33+01:00,874ff9c6-786d-45fc-a90e-48c7ffe03417,41.02763616544628,21.31108861478468,noise,43
2026-01-17T17:22:33+01:00,874ff9c6-786d-45fc-a90e-48c7ffe03417,41.02763616544628,21.31108861478468,noise_dba,46
2026-01-17T17:22:33+01:00,874ff9c6-786d-45fc-a90e-48c7ffe03417,41.02763616544628,21.31108861478468,pm10,28
2026-01-17T17:22:33+01:00,874ff9c6-786d-45fc-a90e-48c7ffe03417,41.02763616544628,21.31108861478468,pm25,13
2026-01-17T17:22:33+01:00,874ff9c6-786d-45fc-a90e-48c7ffe03417,41.02763616544628,21.31108861478468,pressure,949
2026-01-17T17:22:33+01:00,874ff9c6-786d-45fc-a90e-48c7ffe03417,41.02763616544628,21.31108861478468,temperature,5
2026-01-17T17:38:04+01:00,874ff9c6-786d-45fc-a90e-48c7ffe03417,41.02763616544628,21.31108861478468,humidity,90
2026-01-17T17:38:04+01:00,874ff9c6-786d-45fc-a90e-48c7ffe03417,41.02763616544628,21.31108861478468,noise,50
2026-01-17T17:38:04+01:00,874ff9c6-786d-45fc-a90e-48c7ffe03417,41.02763616544628,21.31108861478468,noise_dba,48
2026-01-17T17:38:04+01:00,874ff9c6-786d-45fc-a90e-48c7ffe03417,41.02763616544628,21.31108861478468,pm10,33
2026-01-17T17:38:04+01:00,874ff9c6-786d-45fc-a90e-48c7ffe03417,41.02763616544628,21.31108861478468,pm25,15
2026-01-17T17:38:04+01:00,874ff9c6-786d-45fc-a90e-48c7ffe03417,41.02763616544628,21.31108861478468,pressure,949
2026-01-17T17:38:04+01:00,874ff9c6-786d-45fc-a90e-48c7ffe03417,41.02763616544628,21.31108861478468,temperature,5
2026-01-17T17:53:35+01:00,874ff9c6-786d-45fc-a90e-48c7ffe03417,41.02763616544628,21.31108861478468,humidity,90
2026-01-17T17:53:35+01:00,874ff9c6-786d-45fc-a90e-48c7ffe03417,41.02763616544628,21.31108861478468,noise,41
2026-01-17T17:53:35+01:00,874ff9c6-786d-45fc-a90e-48c7ffe03417,41.02763616544628,21.31108861478468,noise_dba,45
2026-01-17T17:53:35+01:00,874ff9c6-786d-45fc-a90e-48c7ffe03417,41.02763616544628,21.31108861478468,pm10,112
2026-01-17T17:53:35+01:00,874ff9c6-786d-45fc-a90e-48c7ffe03417,41.02763616544628,21.31108861478468,pm25,50
2026-01-17T17:53:35+01:00,874ff9c6-786d-45fc-a90e-48c7ffe03417,41.02763616544628,21.31108861478468,pressure,949
2026-01-17T17:53:35+01:00,874ff9c6-786d-45fc-a90e-48c7ffe03417,41.02763616544628,21.31108861478468,temperature,5
2026-01-17T18:09:06+01:00,874ff9c6-786d-45fc-a90e-48c7ffe03417,41.02763616544628,21.31108861478468,humidity,87
2026-01-17T18:09:06+01:00,874ff9c6-786d-45fc-a90e-48c7ffe03417,41.02763616544628,21.31108861478468,noise,35
2026-01-17T18:09:06+01:00,874ff9c6-786d-45fc-a90e-48c7ffe03417,41.02763616544628,21.31108861478468,noise_dba,43
2026-01-17T18:09:06+01:00,874ff9c6-786d-45fc-a90e-48c7ffe03417,41.02763616544628,21.31108861478468,pm10,32
2026-01-17T18:09:06+01:00,874ff9c6-786d-45fc-a90e-48c7ffe03417,41.02763616544628,21.31108861478468,pm25,18
2026-01-17T18:09:06+01:00,874ff9c6-786d-45fc-a90e-48c7ffe03417,41.02763616544628,21.31108861478468,pressure,949
2026-01-17T18:09:06+01:00,874ff9c6-786d-45fc-a90e-48c7ffe03417,41.02763616544628,21.31108861478468,temperature,5
2026-01-17T18:24:36+01:00,874ff9c6-786d-45fc-a90e-48c7ffe03417,41.02763616544628,21.31108861478468,humidity,88
2026-01-17T18:24:36+01:00,874ff9c6-786d-45fc-a90e-48c7ffe03417,41.02763616544628,21.31108861478468,noise,34
2026-01-17T18:24:36+01:00,874ff9c6-786d-45fc-a90e-48c7ffe03417,41.02763616544628,21.31108861478468,noise_dba,42
2026-01-17T18:24:36+01:00,874ff9c6-786d-45fc-a90e-48c7ffe03417,41.02763616544628,21.31108861478468,pm10,63
2026-01-17T18:24:36+01:00,874ff9c6-786d-45fc-a90e-48c7ffe03417,41.02763616544628,21.31108861478468,pm25,30
2026-01-17T18:24:36+01:00,874ff9c6-786d-45fc-a90e-48c7ffe03417,41.02763616544628,21.31108861478468,pressure,949
2026-01-17T18:24:36+01:00,874ff9c6-786d-45fc-a90e-48c7ffe03417,41.02763616544628,21.31108861478468,temperature,5
2026-01-17T18:40:07+01:00,874ff9c6-786d-45fc-a90e-48c7ffe03417,41.02763616544628,21.31108861478468,humidity,92
2026-01-17T18:40:07+01:00,874ff9c6-786d-45fc-a90e-48c7ffe03417,41.02763616544628,21.31108861478468,noise,35
2026-01-17T18:40:07+01:00,874ff9c6-786d-45fc-a90e-48c7ffe03417,41.02763616544628,21.31108861478468,noise_dba,43
2026-01-17T18:40:07+01:00,874ff9c6-786d-45fc-a90e-48c7ffe03417,41.02763616544628,21.31108861478468,pm10,25
2026-01-17T18:40:07+01:00,874ff9c6-786d-45fc-a90e-48c7ffe03417,41.02763616544628,21.31108861478468,pm25,12
2026-01-17T18:40:07+01:00,874ff9c6-786d-45fc-a90e-48c7ffe03417,41.02763616544628,21.31108861478468,pressure,949
2026-01-17T18:40:07+01:00,874ff9c6-786d-45fc-a90e-48c7ffe03417,41.02763616544628,21.31108861478468,temperature,5
2026-01-17T18:55:38+01:00,874ff9c6-786d-45fc-a90e-48c7ffe03417,41.02763616544628,21.31108861478468,humidity,91
2026-01-17T18:55:38+01:00,874ff9c6-786d-45fc-a90e-48c7ffe03417,41.02763616544628,21.31108861478468,noise,39
2026-01-17T18:55:38+01:00,874ff9c6-786d-45fc-a90e-48c7ffe03417,41.02763616544628,21.31108861478468,noise_dba,44
2026-01-17T18:55:38+01:00,874ff9c6-786d-45fc-a90e-48c7ffe03417,41.02763616544628,21.31108861478468,pm10,40
2026-01-17T18:55:38+01:00,874ff9c6-786d-45fc-a90e-48c7ffe03417,41.02763616544628,21.31108861478468,pm25,20
2026-01-17T18:55:38+01:00,874ff9c6-786d-45fc-a90e-48c7ffe03417,41.02763616544628,21.31108861478468,pressure,949
2026-01-17T18:55:38+01:00,874ff9c6-786d-45fc-a90e-48c7ffe03417,41.02763616544628,21.31108861478468,temperature,5
2026-01-17T19:28:17+01:00,874ff9c6-786d-45fc-a90e-48c7ffe03417,41.02763616544628,21.31108861478468,humidity,90
2026-01-17T19:28:17+01:00,874ff9c6-786d-45fc-a90e-48c7ffe03417,41.02763616544628,21.31108861478468,noise,36
2026-01-17T19:28:17+01:00,874ff9c6-786d-45fc-a90e-48c7ffe03417,41.02763616544628,21.31108861478468,noise_dba,43
2026-01-17T19:28:17+01:00,874ff9c6-786d-45fc-a90e-48c7ffe03417,41.02763616544628,21.31108861478468,pm10,49
2026-01-17T19:28:17+01:00,874ff9c6-786d-45fc-a90e-48c7ffe03417,41.02763616544628,21.31108861478468,pm25,25
2026-01-17T19:28:17+01:00,874ff9c6-786d-45fc-a90e-48c7ffe03417,41.02763616544628,21.31108861478468,pressure,949
2026-01-17T19:28:17+01:00,874ff9c6-786d-45fc-a90e-48c7ffe03417,41.02763616544628,21.31108861478468,temperature,5
2026-01-17T19:43:48+01:00,874ff9c6-786d-45fc-a90e-48c7ffe03417,41.02763616544628,21.31108861478468,humidity,90
2026-01-17T19:43:48+01:00,874ff9c6-786d-45fc-a90e-48c7ffe03417,41.02763616544628,21.31108861478468,noise,37
2026-01-17T19:43:48+01:00,874ff9c6-786d-45fc-a90e-48c7ffe03417,41.02763616544628,21.31108861478468,noise_dba,43
2026-01-17T19:43:48+01:00,874ff9c6-786d-45fc-a90e-48c7ffe03417,41.02763616544628,21.31108861478468,pm10,46
2026-01-17T19:43:48+01:00,874ff9c6-786d-45fc-a90e-48c7ffe03417,41.02763616544628,21.31108861478468,pm25,23
2026-01-17T19:43:48+01:00,874ff9c6-786d-45fc-a90e-48c7ffe03417,41.02763616544628,21.31108861478468,pressure,949
2026-01-17T19:43:48+01:00,874ff9c6-786d-45fc-a90e-48c7ffe03417,41.02763616544628,21.31108861478468,temperature,5
2026-01-17T19:59:19+01:00,874ff9c6-786d-45fc-a90e-48c7ffe03417,41.02763616544628,21.31108861478468,humidity,91
2026-01-17T19:59:19+01:00,874ff9c6-786d-45fc-a90e-48c7ffe03417,41.02763616544628,21.31108861478468,noise,38
2026-01-17T19:59:19+01:00,874ff9c6-786d-45fc-a90e-48c7ffe03417,41.02763616544628,21.31108861478468,noise_dba,44
2026-01-17T19:59:19+01:00,874ff9c6-786d-45fc-a90e-48c7ffe03417,41.02763616544628,21.31108861478468,pm10,46
2026-01-17T19:59:19+01:00,874ff9c6-786d-45fc-a90e-48c7ffe03417,41.02763616544628,21.31108861478468,pm25,21
2026-01-17T19:59:19+01:00,874ff9c6-786d-45fc-a90e-48c7ffe03417,41.02763616544628,21.31108861478468,pressure,949
2026-01-17T19:59:19+01:00,874ff9c6-786d-45fc-a90e-48c7ffe03417,41.02763616544628,21.31108861478468,temperature,5
2026-01-17T20:14:50+01:00,874ff9c6-786d-45fc-a90e-48c7ffe03417,41.02763616544628,21.31108861478468,humidity,88
2026-01-17T20:14:50+01:00,874ff9c6-786d-45fc-a90e-48c7ffe03417,41.02763616544628,21.31108861478468,noise,43
2026-01-17T20:14:50+01:00,874ff9c6-786d-45fc-a90e-48c7ffe03417,41.02763616544628,21.31108861478468,noise_dba,46
2026-01-17T20:14:50+01:00,874ff9c6-786d-45fc-a90e-48c7ffe03417,41.02763616544628,21.31108861478468,pm10,41
2026-01-17T20:14:50+01:00,874ff9c6-786d-45fc-a90e-48c7ffe03417,41.02763616544628,21.31108861478468,pm25,19
2026-01-17T20:14:50+01:00,874ff9c6-786d-45fc-a90e-48c7ffe03417,41.02763616544628,21.31108861478468,pressure,949
2026-01-17T20:14:50+01:00,874ff9c6-786d-45fc-a90e-48c7ffe03417,41.02763616544628,21.31108861478468,temperature,5
2026-01-17T20:30:20+01:00,874ff9c6-786d-45fc-a90e-48c7ffe03417,41.02763616544628,21.31108861478468,humidity,85
2026-01-17T20:30:20+01:00,874ff9c6-786d-45fc-a90e-48c7ffe03417,41.02763616544628,21.31108861478468,noise,42
2026-01-17T20:30:20+01:00,874ff9c6-786d-45fc-a90e-48c7ffe03417,41.02763616544628,21.31108861478468,noise_dba,45
2026-01-17T20:30:20+01:00,874ff9c6-786d-45fc-a90e-48c7ffe03417,41.02763616544628,21.31108861478468,pm10,41
2026-01-17T20:30:20+01:00,874ff9c6-786d-45fc-a90e-48c7ffe03417,41.02763616544628,21.31108861478468,pm25,19
2026-01-17T20:30:20+01:00,874ff9c6-786d-45fc-a90e-48c7ffe03417,41.02763616544628,21.31108861478468,pressure,949
2026-01-17T20:30:20+01:00,874ff9c6-786d-45fc-a90e-48c7ffe03417,41.02763616544628,21.31108861478468,temperature,5
2026-01-17T20:45:51+01:00,874ff9c6-786d-45fc-a90e-48c7ffe03417,41.02763616544628,21.31108861478468,humidity,87
2026-01-17T20:45:51+01:00,874ff9c6-786d-45fc-a90e-48c7ffe03417,41.02763616544628,21.31108861478468,noise,41
2026-01-17T20:45:51+01:00,874ff9c6-786d-45fc-a90e-48c7ffe03417,41.02763616544628,21.31108861478468,noise_dba,45
2026-01-17T20:45:51+01:00,874ff9c6-786d-45fc-a90e-48c7ffe03417,41.02763616544628,21.31108861478468,pm10,30
2026-01-17T20:45:51+01:00,874ff9c6-786d-45fc-a90e-48c7ffe03417,41.02763616544628,21.31108861478468,pm25,14
2026-01-17T20:45:51+01:00,874ff9c6-786d-45fc-a90e-48c7ffe03417,41.02763616544628,21.31108861478468,pressure,949
2026-01-17T20:45:51+01:00,874ff9c6-786d-45fc-a90e-48c7ffe03417,41.02763616544628,21.31108861478468,temperature,5
2026-01-17T21:01:22+01:00,874ff9c6-786d-45fc-a90e-48c7ffe03417,41.02763616544628,21.31108861478468,humidity,86
2026-01-17T21:01:22+01:00,874ff9c6-786d-45fc-a90e-48c7ffe03417,41.02763616544628,21.31108861478468,noise,36
2026-01-17T21:01:22+01:00,874ff9c6-786d-45fc-a90e-48c7ffe03417,41.02763616544628,21.31108861478468,noise_dba,43
2026-01-17T21:01:22+01:00,874ff9c6-786d-45fc-a90e-48c7ffe03417,41.02763616544628,21.31108861478468,pm10,25
2026-01-17T21:01:22+01:00,874ff9c6-786d-45fc-a90e-48c7ffe03417,41.02763616544628,21.31108861478468,pm25,12
2026-01-17T21:01:22+01:00,874ff9c6-786d-45fc-a90e-48c7ffe03417,41.02763616544628,21.31108861478468,pressure,949
2026-01-17T21:01:22+01:00,874ff9c6-786d-45fc-a90e-48c7ffe03417,41.02763616544628,21.31108861478468,temperature,5
2026-01-17T21:16:53+01:00,874ff9c6-786d-45fc-a90e-48c7ffe03417,41.02763616544628,21.31108861478468,humidity,86
2026-01-17T21:16:53+01:00,874ff9c6-786d-45fc-a90e-48c7ffe03417,41.02763616544628,21.31108861478468,noise,38
2026-01-17T21:16:53+01:00,874ff9c6-786d-45fc-a90e-48c7ffe03417,41.02763616544628,21.31108861478468,noise_dba,44
2026-01-17T21:16:53+01:00,874ff9c6-786d-45fc-a90e-48c7ffe03417,41.02763616544628,21.31108861478468,pm10,23
2026-01-17T21:16:53+01:00,874ff9c6-786d-45fc-a90e-48c7ffe03417,41.02763616544628,21.31108861478468,pm25,11
2026-01-17T21:16:53+01:00,874ff9c6-786d-45fc-a90e-48c7ffe03417,41.02763616544628,21.31108861478468,pressure,949
2026-01-17T21:16:53+01:00,874ff9c6-786d-45fc-a90e-48c7ffe03417,41.02763616544628,21.31108861478468,temperature,5
2026-01-17T21:32:24+01:00,874ff9c6-786d-45fc-a90e-48c7ffe03417,41.02763616544628,21.31108861478468,humidity,87
2026-01-17T21:32:24+01:00,874ff9c6-786d-45fc-a90e-48c7ffe03417,41.02763616544628,21.31108861478468,noise,39
2026-01-17T21:32:24+01:00,874ff9c6-786d-45fc-a90e-48c7ffe03417,41.02763616544628,21.31108861478468,noise_dba,44
2026-01-17T21:32:24+01:00,874ff9c6-786d-45fc-a90e-48c7ffe03417,41.02763616544628,21.31108861478468,pm10,23
2026-01-17T21:32:24+01:00,874ff9c6-786d-45fc-a90e-48c7ffe03417,41.02763616544628,21.31108861478468,pm25,10
2026-01-17T21:32:24+01:00,874ff9c6-786d-45fc-a90e-48c7ffe03417,41.02763616544628,21.31108861478468,pressure,949
2026-01-17T21:32:24+01:00,874ff9c6-786d-45fc-a90e-48c7ffe03417,41.02763616544628,21.31108861478468,temperature,5
2026-01-17T22:03:39+01:00,874ff9c6-786d-45fc-a90e-48c7ffe03417,41.02763616544628,21.31108861478468,humidity,89
2026-01-17T22:03:39+01:00,874ff9c6-786d-45fc-a90e-48c7ffe03417,41.02763616544628,21.31108861478468,noise,41
2026-01-17T22:03:39+01:00,874ff9c6-786d-45fc-a90e-48c7ffe03417,41.02763616544628,21.31108861478468,noise_dba,45
2026-01-17T22:03:39+01:00,874ff9c6-786d-45fc-a90e-48c7ffe03417,41.02763616544628,21.31108861478468,pm10,28
2026-01-17T22:03:39+01:00,874ff9c6-786d-45fc-a90e-48c7ffe03417,41.02763616544628,21.31108861478468,pm25,14
2026-01-17T22:03:39+01:00,874ff9c6-786d-45fc-a90e-48c7ffe03417,41.02763616544628,21.31108861478468,pressure,950
2026-01-17T22:03:39+01:00,874ff9c6-786d-45fc-a90e-48c7ffe03417,41.02763616544628,21.31108861478468,temperature,5
2026-01-17T22:19:10+01:00,874ff9c6-786d-45fc-a90e-48c7ffe03417,41.02763616544628,21.31108861478468,humidity,88
2026-01-17T22:19:10+01:00,874ff9c6-786d-45fc-a90e-48c7ffe03417,41.02763616544628,21.31108861478468,noise,35
2026-01-17T22:19:10+01:00,874ff9c6-786d-45fc-a90e-48c7ffe03417,41.02763616544628,21.31108861478468,noise_dba,43
2026-01-17T22:19:10+01:00,874ff9c6-786d-45fc-a90e-48c7ffe03417,41.02763616544628,21.31108861478468,pm10,58
2026-01-17T22:19:10+01:00,874ff9c6-786d-45fc-a90e-48c7ffe03417,41.02763616544628,21.31108861478468,pm25,26
2026-01-17T22:19:10+01:00,874ff9c6-786d-45fc-a90e-48c7ffe03417,41.02763616544628,21.31108861478468,pressure,950
2026-01-17T22:19:10+01:00,874ff9c6-786d-45fc-a90e-48c7ffe03417,41.02763616544628,21.31108861478468,temperature,5
2026-01-17T22:34:40+01:00,874ff9c6-786d-45fc-a90e-48c7ffe03417,41.02763616544628,21.31108861478468,humidity,91
2026-01-17T22:34:40+01:00,874ff9c6-786d-45fc-a90e-48c7ffe03417,41.02763616544628,21.31108861478468,noise,30
2026-01-17T22:34:40+01:00,874ff9c6-786d-45fc-a90e-48c7ffe03417,41.02763616544628,21.31108861478468,noise_dba,40
2026-01-17T22:34:40+01:00,874ff9c6-786d-45fc-a90e-48c7ffe03417,41.02763616544628,21.31108861478468,pm10,34
2026-01-17T22:34:40+01:00,874ff9c6-786d-45fc-a90e-48c7ffe03417,41.02763616544628,21.31108861478468,pm25,16
2026-01-17T22:34:40+01:00,874ff9c6-786d-45fc-a90e-48c7ffe03417,41.02763616544628,21.31108861478468,pressure,950
2026-01-17T22:34:40+01:00,874ff9c6-786d-45fc-a90e-48c7ffe03417,41.02763616544628,21.31108861478468,temperature,5
2026-01-17T22:50:11+01:00,874ff9c6-786d-45fc-a90e-48c7ffe03417,41.02763616544628,21.31108861478468,humidity,91
2026-01-17T22:50:11+01:00,874ff9c6-786d-45fc-a90e-48c7ffe03417,41.02763616544628,21.31108861478468,noise,35
2026-01-17T22:50:11+01:00,874ff9c6-786d-45fc-a90e-48c7ffe03417,41.02763616544628,21.31108861478468,noise_dba,43
2026-01-17T22:50:11+01:00,874ff9c6-786d-45fc-a90e-48c7ffe03417,41.02763616544628,21.31108861478468,pm10,20
2026-01-17T22:50:11+01:00,874ff9c6-786d-45fc-a90e-48c7ffe03417,41.02763616544628,21.31108861478468,pm25,9
2026-01-17T22:50:11+01:00,874ff9c6-786d-45fc-a90e-48c7ffe03417,41.02763616544628,21.31108861478468,pressure,950
2026-01-17T22:50:11+01:00,874ff9c6-786d-45fc-a90e-48c7ffe03417,41.02763616544628,21.31108861478468,temperature,5
2026-01-17T23:05:42+01:00,874ff9c6-786d-45fc-a90e-48c7ffe03417,41.02763616544628,21.31108861478468,humidity,88
2026-01-17T23:05:42+01:00,874ff9c6-786d-45fc-a90e-48c7ffe03417,41.02763616544628,21.31108861478468,noise,36
2026-01-17T23:05:42+01:00,874ff9c6-786d-45fc-a90e-48c7ffe03417,41.02763616544628,21.31108861478468,noise_dba,43
2026-01-17T23:05:42+01:00,874ff9c6-786d-45fc-a90e-48c7ffe03417,41.02763616544628,21.31108861478468,pm10,27
2026-01-17T23:05:42+01:00,874ff9c6-786d-45fc-a90e-48c7ffe03417,41.02763616544628,21.31108861478468,pm25,11
2026-01-17T23:05:42+01:00,874ff9c6-786d-45fc-a90e-48c7ffe03417,41.02763616544628,21.31108861478468,pressure,950
2026-01-17T23:05:42+01:00,874ff9c6-786d-45fc-a90e-48c7ffe03417,41.02763616544628,21.31108861478468,temperature,5
2026-01-17T23:21:13+01:00,874ff9c6-786d-45fc-a90e-48c7ffe03417,41.02763616544628,21.31108861478468,humidity,87
2026-01-17T23:21:13+01:00,874ff9c6-786d-45fc-a90e-48c7ffe03417,41.02763616544628,21.31108861478468,noise,31
2026-01-17T23:21:13+01:00,874ff9c6-786d-45fc-a90e-48c7ffe03417,41.02763616544628,21.31108861478468,noise_dba,41
2026-01-17T23:21:13+01:00,874ff9c6-786d-45fc-a90e-48c7ffe03417,41.02763616544628,21.31108861478468,pm10,33
2026-01-17T23:21:13+01:00,874ff9c6-786d-45fc-a90e-48c7ffe03417,41.02763616544628,21.31108861478468,pm25,16
2026-01-17T23:21:13+01:00,874ff9c6-786d-45fc-a90e-48c7ffe03417,41.02763616544628,21.31108861478468,pressure,950
2026-01-17T23:21:13+01:00,874ff9c6-786d-45fc-a90e-48c7ffe03417,41.02763616544628,21.31108861478468,temperature,5
2026-01-17T23:36:43+01:00,874ff9c6-786d-45fc-a90e-48c7ffe03417,41.02763616544628,21.31108861478468,humidity,89
2026-01-17T23:36:43+01:00,874ff9c6-786d-45fc-a90e-48c7ffe03417,41.02763616544628,21.31108861478468,noise,31
2026-01-17T23:36:43+01:00,874ff9c6-786d-45fc-a90e-48c7ffe03417,41.02763616544628,21.31108861478468,noise_dba,41
2026-01-17T23:36:43+01:00,874ff9c6-786d-45fc-a90e-48c7ffe03417,41.02763616544628,21.31108861478468,pm10,26
2026-01-17T23:36:43+01:00,874ff9c6-786d-45fc-a90e-48c7ffe03417,41.02763616544628,21.31108861478468,pm25,12
2026-01-17T23:36:43+01:00,874ff9c6-786d-45fc-a90e-48c7ffe03417,41.02763616544628,21.31108861478468,pressure,950
2026-01-17T23:36:43+01:00,874ff9c6-786d-45fc-a90e-48c7ffe03417,41.02763616544628,21.31108861478468,temperature,5
2026-01-17T23:52:14+01:00,874ff9c6-786d-45fc-a90e-48c7ffe03417,41.02763616544628,21.31108861478468,humidity,89
2026-01-17T23:52:14+01:00,874ff9c6-786d-45fc-a90e-48c7ffe03417,41.02763616544628,21.31108861478468,noise,29
2026-01-17T23:52:14+01:00,874ff9c6-786d-45fc-a90e-48c7ffe03417,41.02763616544628,21.31108861478468,noise_dba,40
2026-01-17T23:52:14+01:00,874ff9c6-786d-45fc-a90e-48c7ffe03417,41.02763616544628,21.31108861478468,pm10,24
2026-01-17T23:52:14+01:00,874ff9c6-786d-45fc-a90e-48c7ffe03417,41.02763616544628,21.31108861478468,pm25,13
2026-01-17T23:52:14+01:00,874ff9c6-786d-45fc-a90e-48c7ffe03417,41.02763616544628,21.31108861478468,pressure,950
2026-01-17T23:52:14+01:00,874ff9c6-786d-45fc-a90e-48c7ffe03417,41.02763616544628,21.31108861478468,temperature,5
2026-01-18T00:07:45+01:00,874ff9c6-786d-45fc-a90e-48c7ffe03417,41.02763616544628,21.31108861478468,humidity,88
2026-01-18T00:07:45+01:00,874ff9c6-786d-45fc-a90e-48c7ffe03417,41.02763616544628,21.31108861478468,noise,31
2026-01-18T00:07:45+01:00,874ff9c6-786d-45fc-a90e-48c7ffe03417,41.02763616544628,21.31108861478468,noise_dba,41
2026-01-18T00:07:45+01:00,874ff9c6-786d-45fc-a90e-48c7ffe03417,41.02763616544628,21.31108861478468,pm10,28
2026-01-18T00:07:45+01:00,874ff9c6-786d-45fc-a90e-48c7ffe03417,41.02763616544628,21.31108861478468,pm25,12
2026-01-18T00:07:45+01:00,874ff9c6-786d-45fc-a90e-48c7ffe03417,41.02763616544628,21.31108861478468,pressure,950
2026-01-18T00:07:45+01:00,874ff9c6-786d-45fc-a90e-48c7ffe03417,41.02763616544628,21.31108861478468,temperature,5
2026-01-18T00:23:16+01:00,874ff9c6-786d-45fc-a90e-48c7ffe03417,41.02763616544628,21.31108861478468,humidity,86
2026-01-18T00:23:16+01:00,874ff9c6-786d-45fc-a90e-48c7ffe03417,41.02763616544628,21.31108861478468,noise,31
2026-01-18T00:23:16+01:00,874ff9c6-786d-45fc-a90e-48c7ffe03417,41.02763616544628,21.31108861478468,noise_dba,41
2026-01-18T00:23:16+01:00,874ff9c6-786d-45fc-a90e-48c7ffe03417,41.02763616544628,21.31108861478468,pm10,20
2026-01-18T00:23:16+01:00,874ff9c6-786d-45fc-a90e-48c7ffe03417,41.02763616544628,21.31108861478468,pm25,8
2026-01-18T00:23:16+01:00,874ff9c6-786d-45fc-a90e-48c7ffe03417,41.02763616544628,21.31108861478468,pressure,950
2026-01-18T00:23:16+01:00,874ff9c6-786d-45fc-a90e-48c7ffe03417,41.02763616544628,21.31108861478468,temperature,5
2026-01-18T00:38:46+01:00,874ff9c6-786d-45fc-a90e-48c7ffe03417,41.02763616544628,21.31108861478468,humidity,89
2026-01-18T00:38:46+01:00,874ff9c6-786d-45fc-a90e-48c7ffe03417,41.02763616544628,21.31108861478468,noise,29
2026-01-18T00:38:46+01:00,874ff9c6-786d-45fc-a90e-48c7ffe03417,41.02763616544628,21.31108861478468,noise_dba,40
2026-01-18T00:38:46+01:00,874ff9c6-786d-45fc-a90e-48c7ffe03417,41.02763616544628,21.31108861478468,pm10,16
2026-01-18T00:38:46+01:00,874ff9c6-786d-45fc-a90e-48c7ffe03417,41.02763616544628,21.31108861478468,pm25,8
2026-01-18T00:38:46+01:00,874ff9c6-786d-45fc-a90e-48c7ffe03417,41.02763616544628,21.31108861478468,pressure,950
2026-01-18T00:38:46+01:00,874ff9c6-786d-45fc-a90e-48c7ffe03417,41.02763616544628,21.31108861478468,temperature,5
2026-01-18T00:54:17+01:00,874ff9c6-786d-45fc-a90e-48c7ffe03417,41.02763616544628,21.31108861478468,humidity,90
2026-01-18T00:54:17+01:00,874ff9c6-786d-45fc-a90e-48c7ffe03417,41.02763616544628,21.31108861478468,noise,32
2026-01-18T00:54:17+01:00,874ff9c6-786d-45fc-a90e-48c7ffe03417,41.02763616544628,21.31108861478468,noise_dba,41
2026-01-18T00:54:17+01:00,874ff9c6-786d-45fc-a90e-48c7ffe03417,41.02763616544628,21.31108861478468,pm10,10
2026-01-18T00:54:17+01:00,874ff9c6-786d-45fc-a90e-48c7ffe03417,41.02763616544628,21.31108861478468,pm25,4
2026-01-18T00:54:17+01:00,874ff9c6-786d-45fc-a90e-48c7ffe03417,41.02763616544628,21.31108861478468,pressure,950
2026-01-18T00:54:17+01:00,874ff9c6-786d-45fc-a90e-48c7ffe03417,41.02763616544628,21.31108861478468,temperature,5
2026-01-18T01:09:48+01:00,874ff9c6-786d-45fc-a90e-48c7ffe03417,41.02763616544628,21.31108861478468,humidity,90
2026-01-18T01:09:48+01:00,874ff9c6-786d-45fc-a90e-48c7ffe03417,41.02763616544628,21.31108861478468,noise,32
2026-01-18T01:09:48+01:00,874ff9c6-786d-45fc-a90e-48c7ffe03417,41.02763616544628,21.31108861478468,noise_dba,41
2026-01-18T01:09:48+01:00,874ff9c6-786d-45fc-a90e-48c7ffe03417,41.02763616544628,21.31108861478468,pm10,8
2026-01-18T01:09:48+01:00,874ff9c6-786d-45fc-a90e-48c7ffe03417,41.02763616544628,21.31108861478468,pm25,3
2026-01-18T01:09:48+01:00,874ff9c6-786d-45fc-a90e-48c7ffe03417,41.02763616544628,21.31108861478468,pressure,950
2026-01-18T01:09:48+01:00,874ff9c6-786d-45fc-a90e-48c7ffe03417,41.02763616544628,21.31108861478468,temperature,5
2026-01-18T01:25:18+01:00,874ff9c6-786d-45fc-a90e-48c7ffe03417,41.02763616544628,21.31108861478468,humidity,92
2026-01-18T01:25:18+01:00,874ff9c6-786d-45fc-a90e-48c7ffe03417,41.02763616544628,21.31108861478468,noise,34
2026-01-18T01:25:18+01:00,874ff9c6-786d-45fc-a90e-48c7ffe03417,41.02763616544628,21.31108861478468,noise_dba,42
2026-01-18T01:25:18+01:00,874ff9c6-786d-45fc-a90e-48c7ffe03417,41.02763616544628,21.31108861478468,pm10,9
2026-01-18T01:25:18+01:00,874ff9c6-786d-45fc-a90e-48c7ffe03417,41.02763616544628,21.31108861478468,pm25,3
2026-01-18T01:25:18+01:00,874ff9c6-786d-45fc-a90e-48c7ffe03417,41.02763616544628,21.31108861478468,pressure,950
2026-01-18T01:25:18+01:00,874ff9c6-786d-45fc-a90e-48c7ffe03417,41.02763616544628,21.31108861478468,temperature,5
2026-01-18T01:40:49+01:00,874ff9c6-786d-45fc-a90e-48c7ffe03417,41.02763616544628,21.31108861478468,humidity,94
2026-01-18T01:40:49+01:00,874ff9c6-786d-45fc-a90e-48c7ffe03417,41.02763616544628,21.31108861478468,noise,34
2026-01-18T01:40:49+01:00,874ff9c6-786d-45fc-a90e-48c7ffe03417,41.02763616544628,21.31108861478468,noise_dba,42
2026-01-18T01:40:49+01:00,874ff9c6-786d-45fc-a90e-48c7ffe03417,41.02763616544628,21.31108861478468,pm10,12
2026-01-18T01:40:49+01:00,874ff9c6-786d-45fc-a90e-48c7ffe03417,41.02763616544628,21.31108861478468,pm25,3
2026-01-18T01:40:49+01:00,874ff9c6-786d-45fc-a90e-48c7ffe03417,41.02763616544628,21.31108861478468,pressure,950
2026-01-18T01:40:49+01:00,874ff9c6-786d-45fc-a90e-48c7ffe03417,41.02763616544628,21.31108861478468,temperature,5
2026-01-18T01:56:20+01:00,874ff9c6-786d-45fc-a90e-48c7ffe03417,41.02763616544628,21.31108861478468,humidity,93
2026-01-18T01:56:20+01:00,874ff9c6-786d-45fc-a90e-48c7ffe03417,41.02763616544628,21.31108861478468,noise,31
2026-01-18T01:56:20+01:00,874ff9c6-786d-45fc-a90e-48c7ffe03417,41.02763616544628,21.31108861478468,noise_dba,41
2026-01-18T01:56:20+01:00,874ff9c6-786d-45fc-a90e-48c7ffe03417,41.02763616544628,21.31108861478468,pm10,8
2026-01-18T01:56:20+01:00,874ff9c6-786d-45fc-a90e-48c7ffe03417,41.02763616544628,21.31108861478468,pm25,3
2026-01-18T01:56:20+01:00,874ff9c6-786d-45fc-a90e-48c7ffe03417,41.02763616544628,21.31108861478468,pressure,950
2026-01-18T01:56:20+01:00,874ff9c6-786d-45fc-a90e-48c7ffe03417,41.02763616544628,21.31108861478468,temperature,4
2026-01-18T02:11:51+01:00,874ff9c6-786d-45fc-a90e-48c7ffe03417,41.02763616544628,21.31108861478468,humidity,95
2026-01-18T02:11:51+01:00,874ff9c6-786d-45fc-a90e-48c7ffe03417,41.02763616544628,21.31108861478468,noise,34
2026-01-18T02:11:51+01:00,874ff9c6-786d-45fc-a90e-48c7ffe03417,41.02763616544628,21.31108861478468,noise_dba,42
2026-01-18T02:11:51+01:00,874ff9c6-786d-45fc-a90e-48c7ffe03417,41.02763616544628,21.31108861478468,pm10,10
2026-01-18T02:11:51+01:00,874ff9c6-786d-45fc-a90e-48c7ffe03417,41.02763616544628,21.31108861478468,pm25,4
2026-01-18T02:11:51+01:00,874ff9c6-786d-45fc-a90e-48c7ffe03417,41.02763616544628,21.31108861478468,pressure,950
2026-01-18T02:11:51+01:00,874ff9c6-786d-45fc-a90e-48c7ffe03417,41.02763616544628,21.31108861478468,temperature,4
2026-01-18T02:27:22+01:00,874ff9c6-786d-45fc-a90e-48c7ffe03417,41.02763616544628,21.31108861478468,humidity,97
2026-01-18T02:27:22+01:00,874ff9c6-786d-45fc-a90e-48c7ffe03417,41.02763616544628,21.31108861478468,noise,33
2026-01-18T02:27:22+01:00,874ff9c6-786d-45fc-a90e-48c7ffe03417,41.02763616544628,21.31108861478468,noise_dba,42
2026-01-18T02:27:22+01:00,874ff9c6-786d-45fc-a90e-48c7ffe03417,41.02763616544628,21.31108861478468,pm10,122
2026-01-18T02:27:22+01:00,874ff9c6-786d-45fc-a90e-48c7ffe03417,41.02763616544628,21.31108861478468,pm25,38
2026-01-18T02:27:22+01:00,874ff9c6-786d-45fc-a90e-48c7ffe03417,41.02763616544628,21.31108861478468,pressure,950
2026-01-18T02:27:22+01:00,874ff9c6-786d-45fc-a90e-48c7ffe03417,41.02763616544628,21.31108861478468,temperature,4
2026-01-18T02:42:53+01:00,874ff9c6-786d-45fc-a90e-48c7ffe03417,41.02763616544628,21.31108861478468,humidity,96
2026-01-18T02:42:53+01:00,874ff9c6-786d-45fc-a90e-48c7ffe03417,41.02763616544628,21.31108861478468,noise,30
2026-01-18T02:42:53+01:00,874ff9c6-786d-45fc-a90e-48c7ffe03417,41.02763616544628,21.31108861478468,noise_dba,40
2026-01-18T02:42:53+01:00,874ff9c6-786d-45fc-a90e-48c7ffe03417,41.02763616544628,21.31108861478468,pm10,40
2026-01-18T02:42:53+01:00,874ff9c6-786d-45fc-a90e-48c7ffe03417,41.02763616544628,21.31108861478468,pm25,16
2026-01-18T02:42:53+01:00,874ff9c6-786d-45fc-a90e-48c7ffe03417,41.02763616544628,21.31108861478468,pressure,950
2026-01-18T02:42:53+01:00,874ff9c6-786d-45fc-a90e-48c7ffe03417,41.02763616544628,21.31108861478468,temperature,4
2026-01-18T02:58:24+01:00,874ff9c6-786d-45fc-a90e-48c7ffe03417,41.02763616544628,21.31108861478468,humidity,96
2026-01-18T02:58:24+01:00,874ff9c6-786d-45fc-a90e-48c7ffe03417,41.02763616544628,21.31108861478468,noise,25
2026-01-18T02:58:24+01:00,874ff9c6-786d-45fc-a90e-48c7ffe03417,41.02763616544628,21.31108861478468,noise_dba,37
2026-01-18T02:58:24+01:00,874ff9c6-786d-45fc-a90e-48c7ffe03417,41.02763616544628,21.31108861478468,pm10,11
2026-01-18T02:58:24+01:00,874ff9c6-786d-45fc-a90e-48c7ffe03417,41.02763616544628,21.31108861478468,pm25,4
2026-01-18T02:58:24+01:00,874ff9c6-786d-45fc-a90e-48c7ffe03417,41.02763616544628,21.31108861478468,pressure,950
2026-01-18T02:58:24+01:00,874ff9c6-786d-45fc-a90e-48c7ffe03417,41.02763616544628,21.31108861478468,temperature,4
2026-01-18T03:13:55+01:00,874ff9c6-786d-45fc-a90e-48c7ffe03417,41.02763616544628,21.31108861478468,humidity,96
2026-01-18T03:13:55+01:00,874ff9c6-786d-45fc-a90e-48c7ffe03417,41.02763616544628,21.31108861478468,noise,25
2026-01-18T03:13:55+01:00,874ff9c6-786d-45fc-a90e-48c7ffe03417,41.02763616544628,21.31108861478468,noise_dba,37
2026-01-18T03:13:55+01:00,874ff9c6-786d-45fc-a90e-48c7ffe03417,41.02763616544628,21.31108861478468,pm10,15
2026-01-18T03:13:55+01:00,874ff9c6-786d-45fc-a90e-48c7ffe03417,41.02763616544628,21.31108861478468,pm25,4
2026-01-18T03:13:55+01:00,874ff9c6-786d-45fc-a90e-48c7ffe03417,41.02763616544628,21.31108861478468,pressure,950
2026-01-18T03:13:55+01:00,874ff9c6-786d-45fc-a90e-48c7ffe03417,41.02763616544628,21.31108861478468,temperature,4
2026-01-18T03:29:25+01:00,874ff9c6-786d-45fc-a90e-48c7ffe03417,41.02763616544628,21.31108861478468,humidity,97
2026-01-18T03:29:25+01:00,874ff9c6-786d-45fc-a90e-48c7ffe03417,41.02763616544628,21.31108861478468,noise,25
2026-01-18T03:29:25+01:00,874ff9c6-786d-45fc-a90e-48c7ffe03417,41.02763616544628,21.31108861478468,noise_dba,37
2026-01-18T03:29:25+01:00,874ff9c6-786d-45fc-a90e-48c7ffe03417,41.02763616544628,21.31108861478468,pm10,11
2026-01-18T03:29:25+01:00,874ff9c6-786d-45fc-a90e-48c7ffe03417,41.02763616544628,21.31108861478468,pm25,4
2026-01-18T03:29:25+01:00,874ff9c6-786d-45fc-a90e-48c7ffe03417,41.02763616544628,21.31108861478468,pressure,950
2026-01-18T03:29:25+01:00,874ff9c6-786d-45fc-a90e-48c7ffe03417,41.02763616544628,21.31108861478468,temperature,4
2026-01-18T03:44:56+01:00,874ff9c6-786d-45fc-a90e-48c7ffe03417,41.02763616544628,21.31108861478468,humidity,99
2026-01-18T03:44:56+01:00,874ff9c6-786d-45fc-a90e-48c7ffe03417,41.02763616544628,21.31108861478468,noise,29
2026-01-18T03:44:56+01:00,874ff9c6-786d-45fc-a90e-48c7ffe03417,41.02763616544628,21.31108861478468,noise_dba,40
2026-01-18T03:44:56+01:00,874ff9c6-786d-45fc-a90e-48c7ffe03417,41.02763616544628,21.31108861478468,pm10,13
2026-01-18T03:44:56+01:00,874ff9c6-786d-45fc-a90e-48c7ffe03417,41.02763616544628,21.31108861478468,pm25,4
2026-01-18T03:44:56+01:00,874ff9c6-786d-45fc-a90e-48c7ffe03417,41.02763616544628,21.31108861478468,pressure,950
2026-01-18T03:44:56+01:00,874ff9c6-786d-45fc-a90e-48c7ffe03417,41.02763616544628,21.31108861478468,temperature,4
2026-01-18T04:00:27+01:00,874ff9c6-786d-45fc-a90e-48c7ffe03417,41.02763616544628,21.31108861478468,noise,29
2026-01-18T04:00:27+01:00,874ff9c6-786d-45fc-a90e-48c7ffe03417,41.02763616544628,21.31108861478468,noise_dba,40
2026-01-18T04:00:27+01:00,874ff9c6-786d-45fc-a90e-48c7ffe03417,41.02763616544628,21.31108861478468,pm10,8
2026-01-18T04:00:27+01:00,874ff9c6-786d-45fc-a90e-48c7ffe03417,41.02763616544628,21.31108861478468,pm25,2
2026-01-18T04:00:27+01:00,874ff9c6-786d-45fc-a90e-48c7ffe03417,41.02763616544628,21.31108861478468,pressure,950
2026-01-18T04:00:27+01:00,874ff9c6-786d-45fc-a90e-48c7ffe03417,41.02763616544628,21.31108861478468,temperature,4
2026-01-18T04:15:58+01:00,874ff9c6-786d-45fc-a90e-48c7ffe03417,41.02763616544628,21.31108861478468,humidity,99
2026-01-18T04:15:58+01:00,874ff9c6-786d-45fc-a90e-48c7ffe03417,41.02763616544628,21.31108861478468,noise,45
2026-01-18T04:15:58+01:00,874ff9c6-786d-45fc-a90e-48c7ffe03417,41.02763616544628,21.31108861478468,noise_dba,47
2026-01-18T04:15:58+01:00,874ff9c6-786d-45fc-a90e-48c7ffe03417,41.02763616544628,21.31108861478468,pm10,12
2026-01-18T04:15:58+01:00,874ff9c6-786d-45fc-a90e-48c7ffe03417,41.02763616544628,21.31108861478468,pm25,4
2026-01-18T04:15:58+01:00,874ff9c6-786d-45fc-a90e-48c7ffe03417,41.02763616544628,21.31108861478468,pressure,950
2026-01-18T04:15:58+01:00,874ff9c6-786d-45fc-a90e-48c7ffe03417,41.02763616544628,21.31108861478468,temperature,4
2026-01-18T04:31:28+01:00,874ff9c6-786d-45fc-a90e-48c7ffe03417,41.02763616544628,21.31108861478468,noise,52
2026-01-18T04:31:28+01:00,874ff9c6-786d-45fc-a90e-48c7ffe03417,41.02763616544628,21.31108861478468,noise_dba,49
2026-01-18T04:31:28+01:00,874ff9c6-786d-45fc-a90e-48c7ffe03417,41.02763616544628,21.31108861478468,pm10,9
2026-01-18T04:31:28+01:00,874ff9c6-786d-45fc-a90e-48c7ffe03417,41.02763616544628,21.31108861478468,pm25,3
2026-01-18T04:31:28+01:00,874ff9c6-786d-45fc-a90e-48c7ffe03417,41.02763616544628,21.31108861478468,pressure,950
2026-01-18T04:31:28+01:00,874ff9c6-786d-45fc-a90e-48c7ffe03417,41.02763616544628,21.31108861478468,temperature,3
2026-01-18T04:46:59+01:00,874ff9c6-786d-45fc-a90e-48c7ffe03417,41.02763616544628,21.31108861478468,noise,30
2026-01-18T04:46:59+01:00,874ff9c6-786d-45fc-a90e-48c7ffe03417,41.02763616544628,21.31108861478468,noise_dba,40
2026-01-18T04:46:59+01:00,874ff9c6-786d-45fc-a90e-48c7ffe03417,41.02763616544628,21.31108861478468,pm10,11
2026-01-18T04:46:59+01:00,874ff9c6-786d-45fc-a90e-48c7ffe03417,41.02763616544628,21.31108861478468,pm25,4
2026-01-18T04:46:59+01:00,874ff9c6-786d-45fc-a90e-48c7ffe03417,41.02763616544628,21.31108861478468,pressure,950
2026-01-18T04:46:59+01:00,874ff9c6-786d-45fc-a90e-48c7ffe03417,41.02763616544628,21.31108861478468,temperature,3
2026-01-18T05:02:30+01:00,874ff9c6-786d-45fc-a90e-48c7ffe03417,41.02763616544628,21.31108861478468,noise,28
2026-01-18T05:02:30+01:00,874ff9c6-786d-45fc-a90e-48c7ffe03417,41.02763616544628,21.31108861478468,noise_dba,39
2026-01-18T05:02:30+01:00,874ff9c6-786d-45fc-a90e-48c7ffe03417,41.02763616544628,21.31108861478468,pm10,13
2026-01-18T05:02:30+01:00,874ff9c6-786d-45fc-a90e-48c7ffe03417,41.02763616544628,21.31108861478468,pm25,4
2026-01-18T05:02:30+01:00,874ff9c6-786d-45fc-a90e-48c7ffe03417,41.02763616544628,21.31108861478468,pressure,950
2026-01-18T05:02:30+01:00,874ff9c6-786d-45fc-a90e-48c7ffe03417,41.02763616544628,21.31108861478468,temperature,3
2026-01-18T05:18:00+01:00,874ff9c6-786d-45fc-a90e-48c7ffe03417,41.02763616544628,21.31108861478468,noise,26
2026-01-18T05:18:00+01:00,874ff9c6-786d-45fc-a90e-48c7ffe03417,41.02763616544628,21.31108861478468,noise_dba,38
2026-01-18T05:18:00+01:00,874ff9c6-786d-45fc-a90e-48c7ffe03417,41.02763616544628,21.31108861478468,pm10,11
2026-01-18T05:18:00+01:00,874ff9c6-786d-45fc-a90e-48c7ffe03417,41.02763616544628,21.31108861478468,pm25,4
2026-01-18T05:18:00+01:00,874ff9c6-786d-45fc-a90e-48c7ffe03417,41.02763616544628,21.31108861478468,pressure,950
2026-01-18T05:18:00+01:00,874ff9c6-786d-45fc-a90e-48c7ffe03417,41.02763616544628,21.31108861478468,temperature,3
2026-01-18T05:33:31+01:00,874ff9c6-786d-45fc-a90e-48c7ffe03417,41.02763616544628,21.31108861478468,noise,36
2026-01-18T05:33:31+01:00,874ff9c6-786d-45fc-a90e-48c7ffe03417,41.02763616544628,21.31108861478468,noise_dba,43
2026-01-18T05:33:31+01:00,874ff9c6-786d-45fc-a90e-48c7ffe03417,41.02763616544628,21.31108861478468,pm10,11
2026-01-18T05:33:31+01:00,874ff9c6-786d-45fc-a90e-48c7ffe03417,41.02763616544628,21.31108861478468,pm25,3
2026-01-18T05:33:31+01:00,874ff9c6-786d-45fc-a90e-48c7ffe03417,41.02763616544628,21.31108861478468,pressure,950
2026-01-18T05:33:31+01:00,874ff9c6-786d-45fc-a90e-48c7ffe03417,41.02763616544628,21.31108861478468,temperature,3
2026-01-18T05:49:02+01:00,874ff9c6-786d-45fc-a90e-48c7ffe03417,41.02763616544628,21.31108861478468,noise,36
2026-01-18T05:49:02+01:00,874ff9c6-786d-45fc-a90e-48c7ffe03417,41.02763616544628,21.31108861478468,noise_dba,43
2026-01-18T05:49:02+01:00,874ff9c6-786d-45fc-a90e-48c7ffe03417,41.02763616544628,21.31108861478468,pm10,10
2026-01-18T05:49:02+01:00,874ff9c6-786d-45fc-a90e-48c7ffe03417,41.02763616544628,21.31108861478468,pm25,3
2026-01-18T05:49:02+01:00,874ff9c6-786d-45fc-a90e-48c7ffe03417,41.02763616544628,21.31108861478468,pressure,950
2026-01-18T05:49:02+01:00,874ff9c6-786d-45fc-a90e-48c7ffe03417,41.02763616544628,21.31108861478468,temperature,3
2026-01-18T06:04:32+01:00,874ff9c6-786d-45fc-a90e-48c7ffe03417,41.02763616544628,21.31108861478468,noise,30
2026-01-18T06:04:32+01:00,874ff9c6-786d-45fc-a90e-48c7ffe03417,41.02763616544628,21.31108861478468,noise_dba,40
2026-01-18T06:04:32+01:00,874ff9c6-786d-45fc-a90e-48c7ffe03417,41.02763616544628,21.31108861478468,pm10,12
2026-01-18T06:04:32+01:00,874ff9c6-786d-45fc-a90e-48c7ffe03417,41.02763616544628,21.31108861478468,pm25,4
2026-01-18T06:04:32+01:00,874ff9c6-786d-45fc-a90e-48c7ffe03417,41.02763616544628,21.31108861478468,pressure,950
2026-01-18T06:04:32+01:00,874ff9c6-786d-45fc-a90e-48c7ffe03417,41.02763616544628,21.31108861478468,temperature,3
2026-01-18T06:20:03+01:00,874ff9c6-786d-45fc-a90e-48c7ffe03417,41.02763616544628,21.31108861478468,noise,27
2026-01-18T06:20:03+01:00,874ff9c6-786d-45fc-a90e-48c7ffe03417,41.02763616544628,21.31108861478468,noise_dba,38
2026-01-18T06:20:03+01:00,874ff9c6-786d-45fc-a90e-48c7ffe03417,41.02763616544628,21.31108861478468,pm10,9
2026-01-18T06:20:03+01:00,874ff9c6-786d-45fc-a90e-48c7ffe03417,41.02763616544628,21.31108861478468,pm25,4
2026-01-18T06:20:03+01:00,874ff9c6-786d-45fc-a90e-48c7ffe03417,41.02763616544628,21.31108861478468,pressure,950
2026-01-18T06:20:03+01:00,874ff9c6-786d-45fc-a90e-48c7ffe03417,41.02763616544628,21.31108861478468,temperature,3
2026-01-18T06:35:34+01:00,874ff9c6-786d-45fc-a90e-48c7ffe03417,41.02763616544628,21.31108861478468,noise,28
2026-01-18T06:35:34+01:00,874ff9c6-786d-45fc-a90e-48c7ffe03417,41.02763616544628,21.31108861478468,noise_dba,39
2026-01-18T06:35:34+01:00,874ff9c6-786d-45fc-a90e-48c7ffe03417,41.02763616544628,21.31108861478468,pm10,11
2026-01-18T06:35:34+01:00,874ff9c6-786d-45fc-a90e-48c7ffe03417,41.02763616544628,21.31108861478468,pm25,4
2026-01-18T06:35:34+01:00,874ff9c6-786d-45fc-a90e-48c7ffe03417,41.02763616544628,21.31108861478468,pressure,950
2026-01-18T06:35:34+01:00,874ff9c6-786d-45fc-a90e-48c7ffe03417,41.02763616544628,21.31108861478468,temperature,3
2026-01-18T06:51:04+01:00,874ff9c6-786d-45fc-a90e-48c7ffe03417,41.02763616544628,21.31108861478468,noise,35
2026-01-18T06:51:04+01:00,874ff9c6-786d-45fc-a90e-48c7ffe03417,41.02763616544628,21.31108861478468,noise_dba,43
2026-01-18T06:51:04+01:00,874ff9c6-786d-45fc-a90e-48c7ffe03417,41.02763616544628,21.31108861478468,pm10,13
2026-01-18T06:51:04+01:00,874ff9c6-786d-45fc-a90e-48c7ffe03417,41.02763616544628,21.31108861478468,pm25,5
2026-01-18T06:51:04+01:00,874ff9c6-786d-45fc-a90e-48c7ffe03417,41.02763616544628,21.31108861478468,pressure,950
2026-01-18T06:51:04+01:00,874ff9c6-786d-45fc-a90e-48c7ffe03417,41.02763616544628,21.31108861478468,temperature,4
2026-01-18T07:06:35+01:00,874ff9c6-786d-45fc-a90e-48c7ffe03417,41.02763616544628,21.31108861478468,noise,32
2026-01-18T07:06:35+01:00,874ff9c6-786d-45fc-a90e-48c7ffe03417,41.02763616544628,21.31108861478468,noise_dba,41
2026-01-18T07:06:35+01:00,874ff9c6-786d-45fc-a90e-48c7ffe03417,41.02763616544628,21.31108861478468,pm10,15
2026-01-18T07:06:35+01:00,874ff9c6-786d-45fc-a90e-48c7ffe03417,41.02763616544628,21.31108861478468,pm25,6
2026-01-18T07:06:35+01:00,874ff9c6-786d-45fc-a90e-48c7ffe03417,41.02763616544628,21.31108861478468,pressure,950
2026-01-18T07:06:35+01:00,874ff9c6-786d-45fc-a90e-48c7ffe03417,41.02763616544628,21.31108861478468,temperature,4
2026-01-18T07:22:06+01:00,874ff9c6-786d-45fc-a90e-48c7ffe03417,41.02763616544628,21.31108861478468,noise,27
2026-01-18T07:22:06+01:00,874ff9c6-786d-45fc-a90e-48c7ffe03417,41.02763616544628,21.31108861478468,noise_dba,38
2026-01-18T07:22:06+01:00,874ff9c6-786d-45fc-a90e-48c7ffe03417,41.02763616544628,21.31108861478468,pm10,12
2026-01-18T07:22:06+01:00,874ff9c6-786d-45fc-a90e-48c7ffe03417,41.02763616544628,21.31108861478468,pm25,6
2026-01-18T07:22:06+01:00,874ff9c6-786d-45fc-a90e-48c7ffe03417,41.02763616544628,21.31108861478468,pressure,950
2026-01-18T07:22:06+01:00,874ff9c6-786d-45fc-a90e-48c7ffe03417,41.02763616544628,21.31108861478468,temperature,4
2026-01-18T07:37:36+01:00,874ff9c6-786d-45fc-a90e-48c7ffe03417,41.02763616544628,21.31108861478468,noise,29
2026-01-18T07:37:36+01:00,874ff9c6-786d-45fc-a90e-48c7ffe03417,41.02763616544628,21.31108861478468,noise_dba,40
2026-01-18T07:37:36+01:00,874ff9c6-786d-45fc-a90e-48c7ffe03417,41.02763616544628,21.31108861478468,pm10,16
2026-01-18T07:37:36+01:00,874ff9c6-786d-45fc-a90e-48c7ffe03417,41.02763616544628,21.31108861478468,pm25,7
2026-01-18T07:37:36+01:00,874ff9c6-786d-45fc-a90e-48c7ffe03417,41.02763616544628,21.31108861478468,pressure,951
2026-01-18T07:37:36+01:00,874ff9c6-786d-45fc-a90e-48c7ffe03417,41.02763616544628,21.31108861478468,temperature,4
2026-01-18T07:53:07+01:00,874ff9c6-786d-45fc-a90e-48c7ffe03417,41.02763616544628,21.31108861478468,noise,28
2026-01-18T07:53:07+01:00,874ff9c6-786d-45fc-a90e-48c7ffe03417,41.02763616544628,21.31108861478468,noise_dba,39
2026-01-18T07:53:07+01:00,874ff9c6-786d-45fc-a90e-48c7ffe03417,41.02763616544628,21.31108861478468,pm10,19
2026-01-18T07:53:07+01:00,874ff9c6-786d-45fc-a90e-48c7ffe03417,41.02763616544628,21.31108861478468,pm25,8
2026-01-18T07:53:07+01:00,874ff9c6-786d-45fc-a90e-48c7ffe03417,41.02763616544628,21.31108861478468,pressure,951
2026-01-18T07:53:07+01:00,874ff9c6-786d-45fc-a90e-48c7ffe03417,41.02763616544628,21.31108861478468,temperature,4
2026-01-18T08:08:38+01:00,874ff9c6-786d-45fc-a90e-48c7ffe03417,41.02763616544628,21.31108861478468,noise,49
2026-01-18T08:08:38+01:00,874ff9c6-786d-45fc-a90e-48c7ffe03417,41.02763616544628,21.31108861478468,noise_dba,48
2026-01-18T08:08:38+01:00,874ff9c6-786d-45fc-a90e-48c7ffe03417,41.02763616544628,21.31108861478468,pm10,21
2026-01-18T08:08:38+01:00,874ff9c6-786d-45fc-a90e-48c7ffe03417,41.02763616544628,21.31108861478468,pm25,9
2026-01-18T08:08:38+01:00,874ff9c6-786d-45fc-a90e-48c7ffe03417,41.02763616544628,21.31108861478468,pressure,951
2026-01-18T08:08:38+01:00,874ff9c6-786d-45fc-a90e-48c7ffe03417,41.02763616544628,21.31108861478468,temperature,3
2026-01-18T08:24:10+01:00,874ff9c6-786d-45fc-a90e-48c7ffe03417,41.02763616544628,21.31108861478468,noise,49
2026-01-18T08:24:10+01:00,874ff9c6-786d-45fc-a90e-48c7ffe03417,41.02763616544628,21.31108861478468,noise_dba,48
2026-01-18T08:24:10+01:00,874ff9c6-786d-45fc-a90e-48c7ffe03417,41.02763616544628,21.31108861478468,pm10,19
2026-01-18T08:24:10+01:00,874ff9c6-786d-45fc-a90e-48c7ffe03417,41.02763616544628,21.31108861478468,pm25,7
2026-01-18T08:24:10+01:00,874ff9c6-786d-45fc-a90e-48c7ffe03417,41.02763616544628,21.31108861478468,pressure,951
2026-01-18T08:24:10+01:00,874ff9c6-786d-45fc-a90e-48c7ffe03417,41.02763616544628,21.31108861478468,temperature,3
2026-01-18T08:39:41+01:00,874ff9c6-786d-45fc-a90e-48c7ffe03417,41.02763616544628,21.31108861478468,noise,45
2026-01-18T08:39:41+01:00,874ff9c6-786d-45fc-a90e-48c7ffe03417,41.02763616544628,21.31108861478468,noise_dba,47
2026-01-18T08:39:41+01:00,874ff9c6-786d-45fc-a90e-48c7ffe03417,41.02763616544628,21.31108861478468,pm10,18
2026-01-18T08:39:41+01:00,874ff9c6-786d-45fc-a90e-48c7ffe03417,41.02763616544628,21.31108861478468,pm25,8
2026-01-18T08:39:41+01:00,874ff9c6-786d-45fc-a90e-48c7ffe03417,41.02763616544628,21.31108861478468,pressure,951
2026-01-18T08:39:41+01:00,874ff9c6-786d-45fc-a90e-48c7ffe03417,41.02763616544628,21.31108861478468,temperature,3
2026-01-18T08:55:11+01:00,874ff9c6-786d-45fc-a90e-48c7ffe03417,41.02763616544628,21.31108861478468,noise,38
2026-01-18T08:55:11+01:00,874ff9c6-786d-45fc-a90e-48c7ffe03417,41.02763616544628,21.31108861478468,noise_dba,44
2026-01-18T08:55:11+01:00,874ff9c6-786d-45fc-a90e-48c7ffe03417,41.02763616544628,21.31108861478468,pm10,22
2026-01-18T08:55:11+01:00,874ff9c6-786d-45fc-a90e-48c7ffe03417,41.02763616544628,21.31108861478468,pm25,11
2026-01-18T08:55:11+01:00,874ff9c6-786d-45fc-a90e-48c7ffe03417,41.02763616544628,21.31108861478468,pressure,951
2026-01-18T08:55:11+01:00,874ff9c6-786d-45fc-a90e-48c7ffe03417,41.02763616544628,21.31108861478468,temperature,3
2026-01-18T09:10:43+01:00,874ff9c6-786d-45fc-a90e-48c7ffe03417,41.02763616544628,21.31108861478468,noise,50
2026-01-18T09:10:43+01:00,874ff9c6-786d-45fc-a90e-48c7ffe03417,41.02763616544628,21.31108861478468,noise_dba,48
2026-01-18T09:10:43+01:00,874ff9c6-786d-45fc-a90e-48c7ffe03417,41.02763616544628,21.31108861478468,pm10,15
2026-01-18T09:10:43+01:00,874ff9c6-786d-45fc-a90e-48c7ffe03417,41.02763616544628,21.31108861478468,pm25,6
2026-01-18T09:10:43+01:00,874ff9c6-786d-45fc-a90e-48c7ffe03417,41.02763616544628,21.31108861478468,pressure,951
2026-01-18T09:10:43+01:00,874ff9c6-786d-45fc-a90e-48c7ffe03417,41.02763616544628,21.31108861478468,temperature,3
2026-01-18T09:26:14+01:00,874ff9c6-786d-45fc-a90e-48c7ffe03417,41.02763616544628,21.31108861478468,noise,38
2026-01-18T09:26:14+01:00,874ff9c6-786d-45fc-a90e-48c7ffe03417,41.02763616544628,21.31108861478468,noise_dba,44
2026-01-18T09:26:14+01:00,874ff9c6-786d-45fc-a90e-48c7ffe03417,41.02763616544628,21.31108861478468,pm10,18
2026-01-18T09:26:14+01:00,874ff9c6-786d-45fc-a90e-48c7ffe03417,41.02763616544628,21.31108861478468,pm25,7
2026-01-18T09:26:14+01:00,874ff9c6-786d-45fc-a90e-48c7ffe03417,41.02763616544628,21.31108861478468,pressure,951
2026-01-18T09:26:14+01:00,874ff9c6-786d-45fc-a90e-48c7ffe03417,41.02763616544628,21.31108861478468,temperature,3
2026-01-18T09:41:45+01:00,874ff9c6-786d-45fc-a90e-48c7ffe03417,41.02763616544628,21.31108861478468,noise,40
2026-01-18T09:41:45+01:00,874ff9c6-786d-45fc-a90e-48c7ffe03417,41.02763616544628,21.31108861478468,noise_dba,45
2026-01-18T09:41:45+01:00,874ff9c6-786d-45fc-a90e-48c7ffe03417,41.02763616544628,21.31108861478468,pm10,15
2026-01-18T09:41:45+01:00,874ff9c6-786d-45fc-a90e-48c7ffe03417,41.02763616544628,21.31108861478468,pm25,7
2026-01-18T09:41:45+01:00,874ff9c6-786d-45fc-a90e-48c7ffe03417,41.02763616544628,21.31108861478468,pressure,951
2026-01-18T09:41:45+01:00,874ff9c6-786d-45fc-a90e-48c7ffe03417,41.02763616544628,21.31108861478468,temperature,3
2026-01-18T09:57:16+01:00,874ff9c6-786d-45fc-a90e-48c7ffe03417,41.02763616544628,21.31108861478468,noise,41
2026-01-18T09:57:16+01:00,874ff9c6-786d-45fc-a90e-48c7ffe03417,41.02763616544628,21.31108861478468,noise_dba,45
2026-01-18T09:57:16+01:00,874ff9c6-786d-45fc-a90e-48c7ffe03417,41.02763616544628,21.31108861478468,pm10,19
2026-01-18T09:57:16+01:00,874ff9c6-786d-45fc-a90e-48c7ffe03417,41.02763616544628,21.31108861478468,pm25,7
2026-01-18T09:57:16+01:00,874ff9c6-786d-45fc-a90e-48c7ffe03417,41.02763616544628,21.31108861478468,pressure,951
2026-01-18T09:57:16+01:00,874ff9c6-786d-45fc-a90e-48c7ffe03417,41.02763616544628,21.31108861478468,temperature,3
2026-01-18T10:12:47+01:00,874ff9c6-786d-45fc-a90e-48c7ffe03417,41.02763616544628,21.31108861478468,noise,41
2026-01-18T10:12:47+01:00,874ff9c6-786d-45fc-a90e-48c7ffe03417,41.02763616544628,21.31108861478468,noise_dba,45
2026-01-18T10:12:47+01:00,874ff9c6-786d-45fc-a90e-48c7ffe03417,41.02763616544628,21.31108861478468,pm10,19
2026-01-18T10:12:47+01:00,874ff9c6-786d-45fc-a90e-48c7ffe03417,41.02763616544628,21.31108861478468,pm25,7
2026-01-18T10:12:47+01:00,874ff9c6-786d-45fc-a90e-48c7ffe03417,41.02763616544628,21.31108861478468,pressure,951
2026-01-18T10:12:47+01:00,874ff9c6-786d-45fc-a90e-48c7ffe03417,41.02763616544628,21.31108861478468,temperature,4
2026-01-18T10:28:18+01:00,874ff9c6-786d-45fc-a90e-48c7ffe03417,41.02763616544628,21.31108861478468,noise,47
2026-01-18T10:28:18+01:00,874ff9c6-786d-45fc-a90e-48c7ffe03417,41.02763616544628,21.31108861478468,noise_dba,47
2026-01-18T10:28:18+01:00,874ff9c6-786d-45fc-a90e-48c7ffe03417,41.02763616544628,21.31108861478468,pm10,21
2026-01-18T10:28:18+01:00,874ff9c6-786d-45fc-a90e-48c7ffe03417,41.02763616544628,21.31108861478468,pm25,10
2026-01-18T10:28:18+01:00,874ff9c6-786d-45fc-a90e-48c7ffe03417,41.02763616544628,21.31108861478468,pressure,951
2026-01-18T10:28:18+01:00,874ff9c6-786d-45fc-a90e-48c7ffe03417,41.02763616544628,21.31108861478468,temperature,4
2026-01-18T10:43:49+01:00,874ff9c6-786d-45fc-a90e-48c7ffe03417,41.02763616544628,21.31108861478468,humidity,99
2026-01-18T10:43:49+01:00,874ff9c6-786d-45fc-a90e-48c7ffe03417,41.02763616544628,21.31108861478468,noise,58
2026-01-18T10:43:49+01:00,874ff9c6-786d-45fc-a90e-48c7ffe03417,41.02763616544628,21.31108861478468,noise_dba,51
2026-01-18T10:43:49+01:00,874ff9c6-786d-45fc-a90e-48c7ffe03417,41.02763616544628,21.31108861478468,pm10,19
2026-01-18T10:43:49+01:00,874ff9c6-786d-45fc-a90e-48c7ffe03417,41.02763616544628,21.31108861478468,pm25,7
2026-01-18T10:43:49+01:00,874ff9c6-786d-45fc-a90e-48c7ffe03417,41.02763616544628,21.31108861478468,pressure,951
2026-01-18T10:43:49+01:00,874ff9c6-786d-45fc-a90e-48c7ffe03417,41.02763616544628,21.31108861478468,temperature,5
2026-01-18T10:59:20+01:00,874ff9c6-786d-45fc-a90e-48c7ffe03417,41.02763616544628,21.31108861478468,humidity,93
2026-01-18T10:59:20+01:00,874ff9c6-786d-45fc-a90e-48c7ffe03417,41.02763616544628,21.31108861478468,noise,50
2026-01-18T10:59:20+01:00,874ff9c6-786d-45fc-a90e-48c7ffe03417,41.02763616544628,21.31108861478468,noise_dba,48
2026-01-18T10:59:20+01:00,874ff9c6-786d-45fc-a90e-48c7ffe03417,41.02763616544628,21.31108861478468,pm10,29
2026-01-18T10:59:20+01:00,874ff9c6-786d-45fc-a90e-48c7ffe03417,41.02763616544628,21.31108861478468,pm25,13
2026-01-18T10:59:20+01:00,874ff9c6-786d-45fc-a90e-48c7ffe03417,41.02763616544628,21.31108861478468,pressure,951
2026-01-18T10:59:20+01:00,874ff9c6-786d-45fc-a90e-48c7ffe03417,41.02763616544628,21.31108861478468,temperature,5
2026-01-18T11:14:51+01:00,874ff9c6-786d-45fc-a90e-48c7ffe03417,41.02763616544628,21.31108861478468,humidity,93
2026-01-18T11:14:51+01:00,874ff9c6-786d-45fc-a90e-48c7ffe03417,41.02763616544628,21.31108861478468,noise,41
2026-01-18T11:14:51+01:00,874ff9c6-786d-45fc-a90e-48c7ffe03417,41.02763616544628,21.31108861478468,noise_dba,45
2026-01-18T11:14:51+01:00,874ff9c6-786d-45fc-a90e-48c7ffe03417,41.02763616544628,21.31108861478468,pm10,27
2026-01-18T11:14:51+01:00,874ff9c6-786d-45fc-a90e-48c7ffe03417,41.02763616544628,21.31108861478468,pm25,11
2026-01-18T11:14:51+01:00,874ff9c6-786d-45fc-a90e-48c7ffe03417,41.02763616544628,21.31108861478468,pressure,951
2026-01-18T11:14:51+01:00,874ff9c6-786d-45fc-a90e-48c7ffe03417,41.02763616544628,21.31108861478468,temperature,5
2026-01-18T11:30:22+01:00,874ff9c6-786d-45fc-a90e-48c7ffe03417,41.02763616544628,21.31108861478468,humidity,94
2026-01-18T11:30:22+01:00,874ff9c6-786d-45fc-a90e-48c7ffe03417,41.02763616544628,21.31108861478468,noise,34
2026-01-18T11:30:22+01:00,874ff9c6-786d-45fc-a90e-48c7ffe03417,41.02763616544628,21.31108861478468,noise_dba,42
2026-01-18T11:30:22+01:00,874ff9c6-786d-45fc-a90e-48c7ffe03417,41.02763616544628,21.31108861478468,pm10,30
2026-01-18T11:30:22+01:00,874ff9c6-786d-45fc-a90e-48c7ffe03417,41.02763616544628,21.31108861478468,pm25,16
2026-01-18T11:30:22+01:00,874ff9c6-786d-45fc-a90e-48c7ffe03417,41.02763616544628,21.31108861478468,pressure,951
2026-01-18T11:30:22+01:00,874ff9c6-786d-45fc-a90e-48c7ffe03417,41.02763616544628,21.31108861478468,temperature,5
2026-01-18T11:45:53+01:00,874ff9c6-786d-45fc-a90e-48c7ffe03417,41.02763616544628,21.31108861478468,humidity,90
2026-01-18T11:45:53+01:00,874ff9c6-786d-45fc-a90e-48c7ffe03417,41.02763616544628,21.31108861478468,noise,33
2026-01-18T11:45:53+01:00,874ff9c6-786d-45fc-a90e-48c7ffe03417,41.02763616544628,21.31108861478468,noise_dba,42
2026-01-18T11:45:53+01:00,874ff9c6-786d-45fc-a90e-48c7ffe03417,41.02763616544628,21.31108861478468,pm10,23
2026-01-18T11:45:53+01:00,874ff9c6-786d-45fc-a90e-48c7ffe03417,41.02763616544628,21.31108861478468,pm25,10
2026-01-18T11:45:53+01:00,874ff9c6-786d-45fc-a90e-48c7ffe03417,41.02763616544628,21.31108861478468,pressure,951
2026-01-18T11:45:53+01:00,874ff9c6-786d-45fc-a90e-48c7ffe03417,41.02763616544628,21.31108861478468,temperature,5
2026-01-18T12:01:24+01:00,874ff9c6-786d-45fc-a90e-48c7ffe03417,41.02763616544628,21.31108861478468,humidity,89
2026-01-18T12:01:24+01:00,874ff9c6-786d-45fc-a90e-48c7ffe03417,41.02763616544628,21.31108861478468,noise,38
2026-01-18T12:01:24+01:00,874ff9c6-786d-45fc-a90e-48c7ffe03417,41.02763616544628,21.31108861478468,noise_dba,44
2026-01-18T12:01:24+01:00,874ff9c6-786d-45fc-a90e-48c7ffe03417,41.02763616544628,21.31108861478468,pm10,19
2026-01-18T12:01:24+01:00,874ff9c6-786d-45fc-a90e-48c7ffe03417,41.02763616544628,21.31108861478468,pm25,8
2026-01-18T12:01:24+01:00,874ff9c6-786d-45fc-a90e-48c7ffe03417,41.02763616544628,21.31108861478468,pressure,951
2026-01-18T12:01:24+01:00,874ff9c6-786d-45fc-a90e-48c7ffe03417,41.02763616544628,21.31108861478468,temperature,6
2026-01-18T12:16:55+01:00,874ff9c6-786d-45fc-a90e-48c7ffe03417,41.02763616544628,21.31108861478468,humidity,84
2026-01-18T12:16:55+01:00,874ff9c6-786d-45fc-a90e-48c7ffe03417,41.02763616544628,21.31108861478468,noise,42
2026-01-18T12:16:55+01:00,874ff9c6-786d-45fc-a90e-48c7ffe03417,41.02763616544628,21.31108861478468,noise_dba,45
2026-01-18T12:16:55+01:00,874ff9c6-786d-45fc-a90e-48c7ffe03417,41.02763616544628,21.31108861478468,pm10,18
2026-01-18T12:16:55+01:00,874ff9c6-786d-45fc-a90e-48c7ffe03417,41.02763616544628,21.31108861478468,pm25,8
2026-01-18T12:16:55+01:00,874ff9c6-786d-45fc-a90e-48c7ffe03417,41.02763616544628,21.31108861478468,pressure,951
2026-01-18T12:16:55+01:00,874ff9c6-786d-45fc-a90e-48c7ffe03417,41.02763616544628,21.31108861478468,temperature,6
2026-01-18T12:32:26+01:00,874ff9c6-786d-45fc-a90e-48c7ffe03417,41.02763616544628,21.31108861478468,humidity,83
2026-01-18T12:32:26+01:00,874ff9c6-786d-45fc-a90e-48c7ffe03417,41.02763616544628,21.31108861478468,noise,39
2026-01-18T12:32:26+01:00,874ff9c6-786d-45fc-a90e-48c7ffe03417,41.02763616544628,21.31108861478468,noise_dba,44
2026-01-18T12:32:26+01:00,874ff9c6-786d-45fc-a90e-48c7ffe03417,41.02763616544628,21.31108861478468,pm10,19
2026-01-18T12:32:26+01:00,874ff9c6-786d-45fc-a90e-48c7ffe03417,41.02763616544628,21.31108861478468,pm25,9
2026-01-18T12:32:26+01:00,874ff9c6-786d-45fc-a90e-48c7ffe03417,41.02763616544628,21.31108861478468,pressure,950
2026-01-18T12:32:26+01:00,874ff9c6-786d-45fc-a90e-48c7ffe03417,41.02763616544628,21.31108861478468,temperature,6
2026-01-18T12:48:00+01:00,874ff9c6-786d-45fc-a90e-48c7ffe03417,41.02763616544628,21.31108861478468,humidity,79
2026-01-18T12:48:00+01:00,874ff9c6-786d-45fc-a90e-48c7ffe03417,41.02763616544628,21.31108861478468,noise,33
2026-01-18T12:48:00+01:00,874ff9c6-786d-45fc-a90e-48c7ffe03417,41.02763616544628,21.31108861478468,noise_dba,42
2026-01-18T12:48:00+01:00,874ff9c6-786d-45fc-a90e-48c7ffe03417,41.02763616544628,21.31108861478468,pm10,16
2026-01-18T12:48:00+01:00,874ff9c6-786d-45fc-a90e-48c7ffe03417,41.02763616544628,21.31108861478468,pm25,8
2026-01-18T12:48:00+01:00,874ff9c6-786d-45fc-a90e-48c7ffe03417,41.02763616544628,21.31108861478468,pressure,950
2026-01-18T12:48:00+01:00,874ff9c6-786d-45fc-a90e-48c7ffe03417,41.02763616544628,21.31108861478468,temperature,6
2026-01-18T13:03:31+01:00,874ff9c6-786d-45fc-a90e-48c7ffe03417,41.02763616544628,21.31108861478468,humidity,90
2026-01-18T13:03:31+01:00,874ff9c6-786d-45fc-a90e-48c7ffe03417,41.02763616544628,21.31108861478468,noise,41
2026-01-18T13:03:31+01:00,874ff9c6-786d-45fc-a90e-48c7ffe03417,41.02763616544628,21.31108861478468,noise_dba,45
2026-01-18T13:03:31+01:00,874ff9c6-786d-45fc-a90e-48c7ffe03417,41.02763616544628,21.31108861478468,pm10,20
2026-01-18T13:03:31+01:00,874ff9c6-786d-45fc-a90e-48c7ffe03417,41.02763616544628,21.31108861478468,pm25,9
2026-01-18T13:03:31+01:00,874ff9c6-786d-45fc-a90e-48c7ffe03417,41.02763616544628,21.31108861478468,pressure,950
2026-01-18T13:03:31+01:00,874ff9c6-786d-45fc-a90e-48c7ffe03417,41.02763616544628,21.31108861478468,temperature,7
2026-01-18T13:19:02+01:00,874ff9c6-786d-45fc-a90e-48c7ffe03417,41.02763616544628,21.31108861478468,humidity,79
2026-01-18T13:19:02+01:00,874ff9c6-786d-45fc-a90e-48c7ffe03417,41.02763616544628,21.31108861478468,noise,36
2026-01-18T13:19:02+01:00,874ff9c6-786d-45fc-a90e-48c7ffe03417,41.02763616544628,21.31108861478468,noise_dba,43
2026-01-18T13:19:02+01:00,874ff9c6-786d-45fc-a90e-48c7ffe03417,41.02763616544628,21.31108861478468,pm10,37
2026-01-18T13:19:02+01:00,874ff9c6-786d-45fc-a90e-48c7ffe03417,41.02763616544628,21.31108861478468,pm25,14
2026-01-18T13:19:02+01:00,874ff9c6-786d-45fc-a90e-48c7ffe03417,41.02763616544628,21.31108861478468,pressure,950
2026-01-18T13:19:02+01:00,874ff9c6-786d-45fc-a90e-48c7ffe03417,41.02763616544628,21.31108861478468,temperature,9
2026-01-18T13:34:33+01:00,874ff9c6-786d-45fc-a90e-48c7ffe03417,41.02763616544628,21.31108861478468,humidity,98
2026-01-18T13:34:33+01:00,874ff9c6-786d-45fc-a90e-48c7ffe03417,41.02763616544628,21.31108861478468,noise,47
2026-01-18T13:34:33+01:00,874ff9c6-786d-45fc-a90e-48c7ffe03417,41.02763616544628,21.31108861478468,noise_dba,47
2026-01-18T13:34:33+01:00,874ff9c6-786d-45fc-a90e-48c7ffe03417,41.02763616544628,21.31108861478468,pm10,27
2026-01-18T13:34:33+01:00,874ff9c6-786d-45fc-a90e-48c7ffe03417,41.02763616544628,21.31108861478468,pm25,11
2026-01-18T13:34:33+01:00,874ff9c6-786d-45fc-a90e-48c7ffe03417,41.02763616544628,21.31108861478468,pressure,950
2026-01-18T13:34:33+01:00,874ff9c6-786d-45fc-a90e-48c7ffe03417,41.02763616544628,21.31108861478468,temperature,10
2026-01-18T13:50:03+01:00,874ff9c6-786d-45fc-a90e-48c7ffe03417,41.02763616544628,21.31108861478468,humidity,95
2026-01-18T13:50:03+01:00,874ff9c6-786d-45fc-a90e-48c7ffe03417,41.02763616544628,21.31108861478468,noise,39
2026-01-18T13:50:03+01:00,874ff9c6-786d-45fc-a90e-48c7ffe03417,41.02763616544628,21.31108861478468,noise_dba,44
2026-01-18T13:50:03+01:00,874ff9c6-786d-45fc-a90e-48c7ffe03417,41.02763616544628,21.31108861478468,pm10,25
2026-01-18T13:50:03+01:00,874ff9c6-786d-45fc-a90e-48c7ffe03417,41.02763616544628,21.31108861478468,pm25,11
2026-01-18T13:50:03+01:00,874ff9c6-786d-45fc-a90e-48c7ffe03417,41.02763616544628,21.31108861478468,pressure,950
2026-01-18T13:50:03+01:00,874ff9c6-786d-45fc-a90e-48c7ffe03417,41.02763616544628,21.31108861478468,temperature,9
2026-01-18T14:05:34+01:00,874ff9c6-786d-45fc-a90e-48c7ffe03417,41.02763616544628,21.31108861478468,humidity,94
2026-01-18T14:05:34+01:00,874ff9c6-786d-45fc-a90e-48c7ffe03417,41.02763616544628,21.31108861478468,noise,36
2026-01-18T14:05:34+01:00,874ff9c6-786d-45fc-a90e-48c7ffe03417,41.02763616544628,21.31108861478468,noise_dba,43
2026-01-18T14:05:34+01:00,874ff9c6-786d-45fc-a90e-48c7ffe03417,41.02763616544628,21.31108861478468,pm10,24
2026-01-18T14:05:34+01:00,874ff9c6-786d-45fc-a90e-48c7ffe03417,41.02763616544628,21.31108861478468,pm25,10
2026-01-18T14:05:34+01:00,874ff9c6-786d-45fc-a90e-48c7ffe03417,41.02763616544628,21.31108861478468,pressure,950
2026-01-18T14:05:34+01:00,874ff9c6-786d-45fc-a90e-48c7ffe03417,41.02763616544628,21.31108861478468,temperature,9
2026-01-18T14:21:06+01:00,874ff9c6-786d-45fc-a90e-48c7ffe03417,41.02763616544628,21.31108861478468,noise,41
2026-01-18T14:21:06+01:00,874ff9c6-786d-45fc-a90e-48c7ffe03417,41.02763616544628,21.31108861478468,noise_dba,45
2026-01-18T14:21:06+01:00,874ff9c6-786d-45fc-a90e-48c7ffe03417,41.02763616544628,21.31108861478468,pm10,82
2026-01-18T14:21:06+01:00,874ff9c6-786d-45fc-a90e-48c7ffe03417,41.02763616544628,21.31108861478468,pm25,16
2026-01-18T14:21:06+01:00,874ff9c6-786d-45fc-a90e-48c7ffe03417,41.02763616544628,21.31108861478468,pressure,950
2026-01-18T14:21:06+01:00,874ff9c6-786d-45fc-a90e-48c7ffe03417,41.02763616544628,21.31108861478468,temperature,9
2026-01-18T14:36:37+01:00,874ff9c6-786d-45fc-a90e-48c7ffe03417,41.02763616544628,21.31108861478468,humidity,77
2026-01-18T14:36:37+01:00,874ff9c6-786d-45fc-a90e-48c7ffe03417,41.02763616544628,21.31108861478468,noise,42
2026-01-18T14:36:37+01:00,874ff9c6-786d-45fc-a90e-48c7ffe03417,41.02763616544628,21.31108861478468,noise_dba,45
2026-01-18T14:36:37+01:00,874ff9c6-786d-45fc-a90e-48c7ffe03417,41.02763616544628,21.31108861478468,pm10,75
2026-01-18T14:36:37+01:00,874ff9c6-786d-45fc-a90e-48c7ffe03417,41.02763616544628,21.31108861478468,pm25,13
2026-01-18T14:36:37+01:00,874ff9c6-786d-45fc-a90e-48c7ffe03417,41.02763616544628,21.31108861478468,pressure,950
2026-01-18T14:36:37+01:00,874ff9c6-786d-45fc-a90e-48c7ffe03417,41.02763616544628,21.31108861478468,temperature,9
2026-01-18T14:52:08+01:00,874ff9c6-786d-45fc-a90e-48c7ffe03417,41.02763616544628,21.31108861478468,humidity,84
2026-01-18T14:52:08+01:00,874ff9c6-786d-45fc-a90e-48c7ffe03417,41.02763616544628,21.31108861478468,noise,37
2026-01-18T14:52:08+01:00,874ff9c6-786d-45fc-a90e-48c7ffe03417,41.02763616544628,21.31108861478468,noise_dba,43
2026-01-18T14:52:08+01:00,874ff9c6-786d-45fc-a90e-48c7ffe03417,41.02763616544628,21.31108861478468,pm10,119
2026-01-18T14:52:08+01:00,874ff9c6-786d-45fc-a90e-48c7ffe03417,41.02763616544628,21.31108861478468,pm25,92
2026-01-18T14:52:08+01:00,874ff9c6-786d-45fc-a90e-48c7ffe03417,41.02763616544628,21.31108861478468,pressure,950
2026-01-18T14:52:08+01:00,874ff9c6-786d-45fc-a90e-48c7ffe03417,41.02763616544628,21.31108861478468,temperature,10
2026-01-18T15:07:39+01:00,874ff9c6-786d-45fc-a90e-48c7ffe03417,41.02763616544628,21.31108861478468,noise,41
2026-01-18T15:07:39+01:00,874ff9c6-786d-45fc-a90e-48c7ffe03417,41.02763616544628,21.31108861478468,noise_dba,45
2026-01-18T15:07:39+01:00,874ff9c6-786d-45fc-a90e-48c7ffe03417,41.02763616544628,21.31108861478468,pm10,45
2026-01-18T15:07:39+01:00,874ff9c6-786d-45fc-a90e-48c7ffe03417,41.02763616544628,21.31108861478468,pm25,34
2026-01-18T15:07:39+01:00,874ff9c6-786d-45fc-a90e-48c7ffe03417,41.02763616544628,21.31108861478468,pressure,950
2026-01-18T15:07:39+01:00,874ff9c6-786d-45fc-a90e-48c7ffe03417,41.02763616544628,21.31108861478468,temperature,11
2026-01-18T15:23:10+01:00,874ff9c6-786d-45fc-a90e-48c7ffe03417,41.02763616544628,21.31108861478468,humidity,64
2026-01-18T15:23:10+01:00,874ff9c6-786d-45fc-a90e-48c7ffe03417,41.02763616544628,21.31108861478468,noise,45
2026-01-18T15:23:10+01:00,874ff9c6-786d-45fc-a90e-48c7ffe03417,41.02763616544628,21.31108861478468,noise_dba,47
2026-01-18T15:23:10+01:00,874ff9c6-786d-45fc-a90e-48c7ffe03417,41.02763616544628,21.31108861478468,pm10,13
2026-01-18T15:23:10+01:00,874ff9c6-786d-45fc-a90e-48c7ffe03417,41.02763616544628,21.31108861478468,pm25,5
2026-01-18T15:23:10+01:00,874ff9c6-786d-45fc-a90e-48c7ffe03417,41.02763616544628,21.31108861478468,pressure,950
2026-01-18T15:23:10+01:00,874ff9c6-786d-45fc-a90e-48c7ffe03417,41.02763616544628,21.31108861478468,temperature,8
2026-01-18T15:38:41+01:00,874ff9c6-786d-45fc-a90e-48c7ffe03417,41.02763616544628,21.31108861478468,humidity,79
2026-01-18T15:38:41+01:00,874ff9c6-786d-45fc-a90e-48c7ffe03417,41.02763616544628,21.31108861478468,noise,34
2026-01-18T15:38:41+01:00,874ff9c6-786d-45fc-a90e-48c7ffe03417,41.02763616544628,21.31108861478468,noise_dba,42
2026-01-18T15:38:41+01:00,874ff9c6-786d-45fc-a90e-48c7ffe03417,41.02763616544628,21.31108861478468,pm10,17
2026-01-18T15:38:41+01:00,874ff9c6-786d-45fc-a90e-48c7ffe03417,41.02763616544628,21.31108861478468,pm25,8
2026-01-18T15:38:41+01:00,874ff9c6-786d-45fc-a90e-48c7ffe03417,41.02763616544628,21.31108861478468,pressure,950
2026-01-18T15:38:41+01:00,874ff9c6-786d-45fc-a90e-48c7ffe03417,41.02763616544628,21.31108861478468,temperature,7
2026-01-18T15:54:11+01:00,874ff9c6-786d-45fc-a90e-48c7ffe03417,41.02763616544628,21.31108861478468,humidity,85
2026-01-18T15:54:11+01:00,874ff9c6-786d-45fc-a90e-48c7ffe03417,41.02763616544628,21.31108861478468,noise,36
2026-01-18T15:54:11+01:00,874ff9c6-786d-45fc-a90e-48c7ffe03417,41.02763616544628,21.31108861478468,noise_dba,43
2026-01-18T15:54:11+01:00,874ff9c6-786d-45fc-a90e-48c7ffe03417,41.02763616544628,21.31108861478468,pm10,16
2026-01-18T15:54:11+01:00,874ff9c6-786d-45fc-a90e-48c7ffe03417,41.02763616544628,21.31108861478468,pm25,7
2026-01-18T15:54:11+01:00,874ff9c6-786d-45fc-a90e-48c7ffe03417,41.02763616544628,21.31108861478468,pressure,950
2026-01-18T15:54:11+01:00,874ff9c6-786d-45fc-a90e-48c7ffe03417,41.02763616544628,21.31108861478468,temperature,6
2026-01-18T16:09:42+01:00,874ff9c6-786d-45fc-a90e-48c7ffe03417,41.02763616544628,21.31108861478468,humidity,87
2026-01-18T16:09:42+01:00,874ff9c6-786d-45fc-a90e-48c7ffe03417,41.02763616544628,21.31108861478468,noise,43
2026-01-18T16:09:42+01:00,874ff9c6-786d-45fc-a90e-48c7ffe03417,41.02763616544628,21.31108861478468,noise_dba,46
2026-01-18T16:09:42+01:00,874ff9c6-786d-45fc-a90e-48c7ffe03417,41.02763616544628,21.31108861478468,pm10,19
2026-01-18T16:09:42+01:00,874ff9c6-786d-45fc-a90e-48c7ffe03417,41.02763616544628,21.31108861478468,pm25,8
2026-01-18T16:09:42+01:00,874ff9c6-786d-45fc-a90e-48c7ffe03417,41.02763616544628,21.31108861478468,pressure,950
2026-01-18T16:09:42+01:00,874ff9c6-786d-45fc-a90e-48c7ffe03417,41.02763616544628,21.31108861478468,temperature,6
2026-01-18T16:25:14+01:00,874ff9c6-786d-45fc-a90e-48c7ffe03417,41.02763616544628,21.31108861478468,humidity,85
2026-01-18T16:25:14+01:00,874ff9c6-786d-45fc-a90e-48c7ffe03417,41.02763616544628,21.31108861478468,noise,38
2026-01-18T16:25:14+01:00,874ff9c6-786d-45fc-a90e-48c7ffe03417,41.02763616544628,21.31108861478468,noise_dba,44
2026-01-18T16:25:14+01:00,874ff9c6-786d-45fc-a90e-48c7ffe03417,41.02763616544628,21.31108861478468,pm10,31
2026-01-18T16:25:14+01:00,874ff9c6-786d-45fc-a90e-48c7ffe03417,41.02763616544628,21.31108861478468,pm25,8
2026-01-18T16:25:14+01:00,874ff9c6-786d-45fc-a90e-48c7ffe03417,41.02763616544628,21.31108861478468,pressure,950
2026-01-18T16:25:14+01:00,874ff9c6-786d-45fc-a90e-48c7ffe03417,41.02763616544628,21.31108861478468,temperature,6
2026-01-18T16:40:44+01:00,874ff9c6-786d-45fc-a90e-48c7ffe03417,41.02763616544628,21.31108861478468,humidity,85
2026-01-18T16:40:44+01:00,874ff9c6-786d-45fc-a90e-48c7ffe03417,41.02763616544628,21.31108861478468,noise,40
2026-01-18T16:40:44+01:00,874ff9c6-786d-45fc-a90e-48c7ffe03417,41.02763616544628,21.31108861478468,noise_dba,45
2026-01-18T16:40:44+01:00,874ff9c6-786d-45fc-a90e-48c7ffe03417,41.02763616544628,21.31108861478468,pm10,25
2026-01-18T16:40:44+01:00,874ff9c6-786d-45fc-a90e-48c7ffe03417,41.02763616544628,21.31108861478468,pm25,12
2026-01-18T16:40:44+01:00,874ff9c6-786d-45fc-a90e-48c7ffe03417,41.02763616544628,21.31108861478468,pressure,950
2026-01-18T16:40:44+01:00,874ff9c6-786d-45fc-a90e-48c7ffe03417,41.02763616544628,21.31108861478468,temperature,5
2026-01-18T16:56:16+01:00,874ff9c6-786d-45fc-a90e-48c7ffe03417,41.02763616544628,21.31108861478468,humidity,85
2026-01-18T16:56:16+01:00,874ff9c6-786d-45fc-a90e-48c7ffe03417,41.02763616544628,21.31108861478468,noise,45
2026-01-18T16:56:16+01:00,874ff9c6-786d-45fc-a90e-48c7ffe03417,41.02763616544628,21.31108861478468,noise_dba,47
2026-01-18T16:56:16+01:00,874ff9c6-786d-45fc-a90e-48c7ffe03417,41.02763616544628,21.31108861478468,pm10,26
2026-01-18T16:56:16+01:00,874ff9c6-786d-45fc-a90e-48c7ffe03417,41.02763616544628,21.31108861478468,pm25,13
2026-01-18T16:56:16+01:00,874ff9c6-786d-45fc-a90e-48c7ffe03417,41.02763616544628,21.31108861478468,pressure,950
2026-01-18T16:56:16+01:00,874ff9c6-786d-45fc-a90e-48c7ffe03417,41.02763616544628,21.31108861478468,temperature,5
2026-01-18T17:11:47+01:00,874ff9c6-786d-45fc-a90e-48c7ffe03417,41.02763616544628,21.31108861478468,humidity,90
2026-01-18T17:11:47+01:00,874ff9c6-786d-45fc-a90e-48c7ffe03417,41.02763616544628,21.31108861478468,noise,36
2026-01-18T17:11:47+01:00,874ff9c6-786d-45fc-a90e-48c7ffe03417,41.02763616544628,21.31108861478468,noise_dba,43
2026-01-18T17:11:47+01:00,874ff9c6-786d-45fc-a90e-48c7ffe03417,41.02763616544628,21.31108861478468,pm10,26
2026-01-18T17:11:47+01:00,874ff9c6-786d-45fc-a90e-48c7ffe03417,41.02763616544628,21.31108861478468,pm25,11
2026-01-18T17:11:47+01:00,874ff9c6-786d-45fc-a90e-48c7ffe03417,41.02763616544628,21.31108861478468,pressure,950
2026-01-18T17:11:47+01:00,874ff9c6-786d-45fc-a90e-48c7ffe03417,41.02763616544628,21.31108861478468,temperature,4
2026-01-18T17:27:18+01:00,874ff9c6-786d-45fc-a90e-48c7ffe03417,41.02763616544628,21.31108861478468,humidity,91
2026-01-18T17:27:18+01:00,874ff9c6-786d-45fc-a90e-48c7ffe03417,41.02763616544628,21.31108861478468,noise,47
2026-01-18T17:27:18+01:00,874ff9c6-786d-45fc-a90e-48c7ffe03417,41.02763616544628,21.31108861478468,noise_dba,47
2026-01-18T17:27:18+01:00,874ff9c6-786d-45fc-a90e-48c7ffe03417,41.02763616544628,21.31108861478468,pm10,36
2026-01-18T17:27:18+01:00,874ff9c6-786d-45fc-a90e-48c7ffe03417,41.02763616544628,21.31108861478468,pm25,19
2026-01-18T17:27:18+01:00,874ff9c6-786d-45fc-a90e-48c7ffe03417,41.02763616544628,21.31108861478468,pressure,950
2026-01-18T17:27:18+01:00,874ff9c6-786d-45fc-a90e-48c7ffe03417,41.02763616544628,21.31108861478468,temperature,4
2026-01-18T17:42:49+01:00,874ff9c6-786d-45fc-a90e-48c7ffe03417,41.02763616544628,21.31108861478468,humidity,92
2026-01-18T17:42:49+01:00,874ff9c6-786d-45fc-a90e-48c7ffe03417,41.02763616544628,21.31108861478468,noise,39
2026-01-18T17:42:49+01:00,874ff9c6-786d-45fc-a90e-48c7ffe03417,41.02763616544628,21.31108861478468,noise_dba,44
2026-01-18T17:42:49+01:00,874ff9c6-786d-45fc-a90e-48c7ffe03417,41.02763616544628,21.31108861478468,pm10,22
2026-01-18T17:42:49+01:00,874ff9c6-786d-45fc-a90e-48c7ffe03417,41.02763616544628,21.31108861478468,pm25,10
2026-01-18T17:42:49+01:00,874ff9c6-786d-45fc-a90e-48c7ffe03417,41.02763616544628,21.31108861478468,pressure,950
2026-01-18T17:42:49+01:00,874ff9c6-786d-45fc-a90e-48c7ffe03417,41.02763616544628,21.31108861478468,temperature,4
2026-01-18T17:58:20+01:00,874ff9c6-786d-45fc-a90e-48c7ffe03417,41.02763616544628,21.31108861478468,humidity,89
2026-01-18T17:58:20+01:00,874ff9c6-786d-45fc-a90e-48c7ffe03417,41.02763616544628,21.31108861478468,noise,39
2026-01-18T17:58:20+01:00,874ff9c6-786d-45fc-a90e-48c7ffe03417,41.02763616544628,21.31108861478468,noise_dba,44
2026-01-18T17:58:20+01:00,874ff9c6-786d-45fc-a90e-48c7ffe03417,41.02763616544628,21.31108861478468,pm10,20
2026-01-18T17:58:20+01:00,874ff9c6-786d-45fc-a90e-48c7ffe03417,41.02763616544628,21.31108861478468,pm25,9
2026-01-18T17:58:20+01:00,874ff9c6-786d-45fc-a90e-48c7ffe03417,41.02763616544628,21.31108861478468,pressure,950
2026-01-18T17:58:20+01:00,874ff9c6-786d-45fc-a90e-48c7ffe03417,41.02763616544628,21.31108861478468,temperature,4
2026-01-18T18:13:51+01:00,874ff9c6-786d-45fc-a90e-48c7ffe03417,41.02763616544628,21.31108861478468,humidity,86
2026-01-18T18:13:51+01:00,874ff9c6-786d-45fc-a90e-48c7ffe03417,41.02763616544628,21.31108861478468,noise,38
2026-01-18T18:13:51+01:00,874ff9c6-786d-45fc-a90e-48c7ffe03417,41.02763616544628,21.31108861478468,noise_dba,44
2026-01-18T18:13:51+01:00,874ff9c6-786d-45fc-a90e-48c7ffe03417,41.02763616544628,21.31108861478468,pm10,18
2026-01-18T18:13:51+01:00,874ff9c6-786d-45fc-a90e-48c7ffe03417,41.02763616544628,21.31108861478468,pm25,9
2026-01-18T18:13:51+01:00,874ff9c6-786d-45fc-a90e-48c7ffe03417,41.02763616544628,21.31108861478468,pressure,951
2026-01-18T18:13:51+01:00,874ff9c6-786d-45fc-a90e-48c7ffe03417,41.02763616544628,21.31108861478468,temperature,4
2026-01-18T18:29:22+01:00,874ff9c6-786d-45fc-a90e-48c7ffe03417,41.02763616544628,21.31108861478468,humidity,85
2026-01-18T18:29:22+01:00,874ff9c6-786d-45fc-a90e-48c7ffe03417,41.02763616544628,21.31108861478468,noise,41
2026-01-18T18:29:22+01:00,874ff9c6-786d-45fc-a90e-48c7ffe03417,41.02763616544628,21.31108861478468,noise_dba,45
2026-01-18T18:29:22+01:00,874ff9c6-786d-45fc-a90e-48c7ffe03417,41.02763616544628,21.31108861478468,pm10,24
2026-01-18T18:29:22+01:00,874ff9c6-786d-45fc-a90e-48c7ffe03417,41.02763616544628,21.31108861478468,pm25,9
2026-01-18T18:29:22+01:00,874ff9c6-786d-45fc-a90e-48c7ffe03417,41.02763616544628,21.31108861478468,pressure,951
2026-01-18T18:29:22+01:00,874ff9c6-786d-45fc-a90e-48c7ffe03417,41.02763616544628,21.31108861478468,temperature,4
2026-01-18T18:44:53+01:00,874ff9c6-786d-45fc-a90e-48c7ffe03417,41.02763616544628,21.31108861478468,humidity,88
2026-01-18T18:44:53+01:00,874ff9c6-786d-45fc-a90e-48c7ffe03417,41.02763616544628,21.31108861478468,noise,31
2026-01-18T18:44:53+01:00,874ff9c6-786d-45fc-a90e-48c7ffe03417,41.02763616544628,21.31108861478468,noise_dba,41
2026-01-18T18:44:53+01:00,874ff9c6-786d-45fc-a90e-48c7ffe03417,41.02763616544628,21.31108861478468,pm10,18
2026-01-18T18:44:53+01:00,874ff9c6-786d-45fc-a90e-48c7ffe03417,41.02763616544628,21.31108861478468,pm25,7
2026-01-18T18:44:53+01:00,874ff9c6-786d-45fc-a90e-48c7ffe03417,41.02763616544628,21.31108861478468,pressure,951
2026-01-18T18:44:53+01:00,874ff9c6-786d-45fc-a90e-48c7ffe03417,41.02763616544628,21.31108861478468,temperature,4
2026-01-18T19:00:23+01:00,874ff9c6-786d-45fc-a90e-48c7ffe03417,41.02763616544628,21.31108861478468,humidity,91
2026-01-18T19:00:23+01:00,874ff9c6-786d-45fc-a90e-48c7ffe03417,41.02763616544628,21.31108861478468,noise,36
2026-01-18T19:00:23+01:00,874ff9c6-786d-45fc-a90e-48c7ffe03417,41.02763616544628,21.31108861478468,noise_dba,43
2026-01-18T19:00:23+01:00,874ff9c6-786d-45fc-a90e-48c7ffe03417,41.02763616544628,21.31108861478468,pm10,16
2026-01-18T19:00:23+01:00,874ff9c6-786d-45fc-a90e-48c7ffe03417,41.02763616544628,21.31108861478468,pm25,8
2026-01-18T19:00:23+01:00,874ff9c6-786d-45fc-a90e-48c7ffe03417,41.02763616544628,21.31108861478468,pressure,951
2026-01-18T19:00:23+01:00,874ff9c6-786d-45fc-a90e-48c7ffe03417,41.02763616544628,21.31108861478468,temperature,4
2026-01-18T19:15:54+01:00,874ff9c6-786d-45fc-a90e-48c7ffe03417,41.02763616544628,21.31108861478468,humidity,93
2026-01-18T19:15:54+01:00,874ff9c6-786d-45fc-a90e-48c7ffe03417,41.02763616544628,21.31108861478468,noise,33
2026-01-18T19:15:54+01:00,874ff9c6-786d-45fc-a90e-48c7ffe03417,41.02763616544628,21.31108861478468,noise_dba,42
2026-01-18T19:15:54+01:00,874ff9c6-786d-45fc-a90e-48c7ffe03417,41.02763616544628,21.31108861478468,pm10,22
2026-01-18T19:15:54+01:00,874ff9c6-786d-45fc-a90e-48c7ffe03417,41.02763616544628,21.31108861478468,pm25,9
2026-01-18T19:15:54+01:00,874ff9c6-786d-45fc-a90e-48c7ffe03417,41.02763616544628,21.31108861478468,pressure,951
2026-01-18T19:15:54+01:00,874ff9c6-786d-45fc-a90e-48c7ffe03417,41.02763616544628,21.31108861478468,temperature,5
2026-01-18T19:31:25+01:00,874ff9c6-786d-45fc-a90e-48c7ffe03417,41.02763616544628,21.31108861478468,humidity,91
2026-01-18T19:31:25+01:00,874ff9c6-786d-45fc-a90e-48c7ffe03417,41.02763616544628,21.31108861478468,noise,36
2026-01-18T19:31:25+01:00,874ff9c6-786d-45fc-a90e-48c7ffe03417,41.02763616544628,21.31108861478468,noise_dba,43
2026-01-18T19:31:25+01:00,874ff9c6-786d-45fc-a90e-48c7ffe03417,41.02763616544628,21.31108861478468,pm10,20
2026-01-18T19:31:25+01:00,874ff9c6-786d-45fc-a90e-48c7ffe03417,41.02763616544628,21.31108861478468,pm25,8
2026-01-18T19:31:25+01:00,874ff9c6-786d-45fc-a90e-48c7ffe03417,41.02763616544628,21.31108861478468,pressure,951
2026-01-18T19:31:25+01:00,874ff9c6-786d-45fc-a90e-48c7ffe03417,41.02763616544628,21.31108861478468,temperature,5
2026-01-18T19:46:55+01:00,874ff9c6-786d-45fc-a90e-48c7ffe03417,41.02763616544628,21.31108861478468,humidity,89
2026-01-18T19:46:55+01:00,874ff9c6-786d-45fc-a90e-48c7ffe03417,41.02763616544628,21.31108861478468,noise,37
2026-01-18T19:46:55+01:00,874ff9c6-786d-45fc-a90e-48c7ffe03417,41.02763616544628,21.31108861478468,noise_dba,43
2026-01-18T19:46:55+01:00,874ff9c6-786d-45fc-a90e-48c7ffe03417,41.02763616544628,21.31108861478468,pm10,20
2026-01-18T19:46:55+01:00,874ff9c6-786d-45fc-a90e-48c7ffe03417,41.02763616544628,21.31108861478468,pm25,7
2026-01-18T19:46:55+01:00,874ff9c6-786d-45fc-a90e-48c7ffe03417,41.02763616544628,21.31108861478468,pressure,951
2026-01-18T19:46:55+01:00,874ff9c6-786d-45fc-a90e-48c7ffe03417,41.02763616544628,21.31108861478468,temperature,5
2026-01-18T20:02:27+01:00,874ff9c6-786d-45fc-a90e-48c7ffe03417,41.02763616544628,21.31108861478468,humidity,87
2026-01-18T20:02:27+01:00,874ff9c6-786d-45fc-a90e-48c7ffe03417,41.02763616544628,21.31108861478468,noise,37
2026-01-18T20:02:27+01:00,874ff9c6-786d-45fc-a90e-48c7ffe03417,41.02763616544628,21.31108861478468,noise_dba,43
2026-01-18T20:02:27+01:00,874ff9c6-786d-45fc-a90e-48c7ffe03417,41.02763616544628,21.31108861478468,pm10,16
2026-01-18T20:02:27+01:00,874ff9c6-786d-45fc-a90e-48c7ffe03417,41.02763616544628,21.31108861478468,pm25,8
2026-01-18T20:02:27+01:00,874ff9c6-786d-45fc-a90e-48c7ffe03417,41.02763616544628,21.31108861478468,pressure,951
2026-01-18T20:02:27+01:00,874ff9c6-786d-45fc-a90e-48c7ffe03417,41.02763616544628,21.31108861478468,temperature,5
2026-01-18T20:17:59+01:00,874ff9c6-786d-45fc-a90e-48c7ffe03417,41.02763616544628,21.31108861478468,humidity,84
2026-01-18T20:17:59+01:00,874ff9c6-786d-45fc-a90e-48c7ffe03417,41.02763616544628,21.31108861478468,noise,35
2026-01-18T20:17:59+01:00,874ff9c6-786d-45fc-a90e-48c7ffe03417,41.02763616544628,21.31108861478468,noise_dba,43
2026-01-18T20:17:59+01:00,874ff9c6-786d-45fc-a90e-48c7ffe03417,41.02763616544628,21.31108861478468,pm10,20
2026-01-18T20:17:59+01:00,874ff9c6-786d-45fc-a90e-48c7ffe03417,41.02763616544628,21.31108861478468,pm25,9
2026-01-18T20:17:59+01:00,874ff9c6-786d-45fc-a90e-48c7ffe03417,41.02763616544628,21.31108861478468,pressure,951
2026-01-18T20:17:59+01:00,874ff9c6-786d-45fc-a90e-48c7ffe03417,41.02763616544628,21.31108861478468,temperature,5
2026-01-18T20:33:30+01:00,874ff9c6-786d-45fc-a90e-48c7ffe03417,41.02763616544628,21.31108861478468,humidity,74
2026-01-18T20:33:30+01:00,874ff9c6-786d-45fc-a90e-48c7ffe03417,41.02763616544628,21.31108861478468,noise,35
2026-01-18T20:33:30+01:00,874ff9c6-786d-45fc-a90e-48c7ffe03417,41.02763616544628,21.31108861478468,noise_dba,43
2026-01-18T20:33:30+01:00,874ff9c6-786d-45fc-a90e-48c7ffe03417,41.02763616544628,21.31108861478468,pm10,19
2026-01-18T20:33:30+01:00,874ff9c6-786d-45fc-a90e-48c7ffe03417,41.02763616544628,21.31108861478468,pm25,7
2026-01-18T20:33:30+01:00,874ff9c6-786d-45fc-a90e-48c7ffe03417,41.02763616544628,21.31108861478468,pressure,951
2026-01-18T20:33:30+01:00,874ff9c6-786d-45fc-a90e-48c7ffe03417,41.02763616544628,21.31108861478468,temperature,4
2026-01-18T20:49:01+01:00,874ff9c6-786d-45fc-a90e-48c7ffe03417,41.02763616544628,21.31108861478468,humidity,81
2026-01-18T20:49:01+01:00,874ff9c6-786d-45fc-a90e-48c7ffe03417,41.02763616544628,21.31108861478468,noise,38
2026-01-18T20:49:01+01:00,874ff9c6-786d-45fc-a90e-48c7ffe03417,41.02763616544628,21.31108861478468,noise_dba,44
2026-01-18T20:49:01+01:00,874ff9c6-786d-45fc-a90e-48c7ffe03417,41.02763616544628,21.31108861478468,pm10,17
2026-01-18T20:49:01+01:00,874ff9c6-786d-45fc-a90e-48c7ffe03417,41.02763616544628,21.31108861478468,pm25,7
2026-01-18T20:49:01+01:00,874ff9c6-786d-45fc-a90e-48c7ffe03417,41.02763616544628,21.31108861478468,pressure,951
2026-01-18T20:49:01+01:00,874ff9c6-786d-45fc-a90e-48c7ffe03417,41.02763616544628,21.31108861478468,temperature,4
2026-01-18T21:04:32+01:00,874ff9c6-786d-45fc-a90e-48c7ffe03417,41.02763616544628,21.31108861478468,humidity,80
2026-01-18T21:04:32+01:00,874ff9c6-786d-45fc-a90e-48c7ffe03417,41.02763616544628,21.31108861478468,noise,34
2026-01-18T21:04:32+01:00,874ff9c6-786d-45fc-a90e-48c7ffe03417,41.02763616544628,21.31108861478468,noise_dba,42
2026-01-18T21:04:32+01:00,874ff9c6-786d-45fc-a90e-48c7ffe03417,41.02763616544628,21.31108861478468,pm10,11
2026-01-18T21:04:32+01:00,874ff9c6-786d-45fc-a90e-48c7ffe03417,41.02763616544628,21.31108861478468,pm25,5
2026-01-18T21:04:32+01:00,874ff9c6-786d-45fc-a90e-48c7ffe03417,41.02763616544628,21.31108861478468,pressure,951
2026-01-18T21:04:32+01:00,874ff9c6-786d-45fc-a90e-48c7ffe03417,41.02763616544628,21.31108861478468,temperature,4
2026-01-18T21:20:03+01:00,874ff9c6-786d-45fc-a90e-48c7ffe03417,41.02763616544628,21.31108861478468,humidity,73
2026-01-18T21:20:03+01:00,874ff9c6-786d-45fc-a90e-48c7ffe03417,41.02763616544628,21.31108861478468,noise,40
2026-01-18T21:20:03+01:00,874ff9c6-786d-45fc-a90e-48c7ffe03417,41.02763616544628,21.31108861478468,noise_dba,45
2026-01-18T21:20:03+01:00,874ff9c6-786d-45fc-a90e-48c7ffe03417,41.02763616544628,21.31108861478468,pm10,11
2026-01-18T21:20:03+01:00,874ff9c6-786d-45fc-a90e-48c7ffe03417,41.02763616544628,21.31108861478468,pm25,4
2026-01-18T21:20:03+01:00,874ff9c6-786d-45fc-a90e-48c7ffe03417,41.02763616544628,21.31108861478468,pressure,952
2026-01-18T21:20:03+01:00,874ff9c6-786d-45fc-a90e-48c7ffe03417,41.02763616544628,21.31108861478468,temperature,4
2026-01-18T21:35:35+01:00,874ff9c6-786d-45fc-a90e-48c7ffe03417,41.02763616544628,21.31108861478468,humidity,78
2026-01-18T21:35:35+01:00,874ff9c6-786d-45fc-a90e-48c7ffe03417,41.02763616544628,21.31108861478468,noise,42
2026-01-18T21:35:35+01:00,874ff9c6-786d-45fc-a90e-48c7ffe03417,41.02763616544628,21.31108861478468,noise_dba,45
2026-01-18T21:35:35+01:00,874ff9c6-786d-45fc-a90e-48c7ffe03417,41.02763616544628,21.31108861478468,pm10,12
2026-01-18T21:35:35+01:00,874ff9c6-786d-45fc-a90e-48c7ffe03417,41.02763616544628,21.31108861478468,pm25,4
2026-01-18T21:35:35+01:00,874ff9c6-786d-45fc-a90e-48c7ffe03417,41.02763616544628,21.31108861478468,pressure,952
2026-01-18T21:35:35+01:00,874ff9c6-786d-45fc-a90e-48c7ffe03417,41.02763616544628,21.31108861478468,temperature,4
2026-01-18T21:51:06+01:00,874ff9c6-786d-45fc-a90e-48c7ffe03417,41.02763616544628,21.31108861478468,humidity,84
2026-01-18T21:51:06+01:00,874ff9c6-786d-45fc-a90e-48c7ffe03417,41.02763616544628,21.31108861478468,noise,40
2026-01-18T21:51:06+01:00,874ff9c6-786d-45fc-a90e-48c7ffe03417,41.02763616544628,21.31108861478468,noise_dba,45
2026-01-18T21:51:06+01:00,874ff9c6-786d-45fc-a90e-48c7ffe03417,41.02763616544628,21.31108861478468,pm10,15
2026-01-18T21:51:06+01:00,874ff9c6-786d-45fc-a90e-48c7ffe03417,41.02763616544628,21.31108861478468,pm25,4
2026-01-18T21:51:06+01:00,874ff9c6-786d-45fc-a90e-48c7ffe03417,41.02763616544628,21.31108861478468,pressure,951
2026-01-18T21:51:06+01:00,874ff9c6-786d-45fc-a90e-48c7ffe03417,41.02763616544628,21.31108861478468,temperature,5
2026-01-18T22:06:37+01:00,874ff9c6-786d-45fc-a90e-48c7ffe03417,41.02763616544628,21.31108861478468,humidity,80
2026-01-18T22:06:37+01:00,874ff9c6-786d-45fc-a90e-48c7ffe03417,41.02763616544628,21.31108861478468,noise,36
2026-01-18T22:06:37+01:00,874ff9c6-786d-45fc-a90e-48c7ffe03417,41.02763616544628,21.31108861478468,noise_dba,43
2026-01-18T22:06:37+01:00,874ff9c6-786d-45fc-a90e-48c7ffe03417,41.02763616544628,21.31108861478468,pm10,21
2026-01-18T22:06:37+01:00,874ff9c6-786d-45fc-a90e-48c7ffe03417,41.02763616544628,21.31108861478468,pm25,7
2026-01-18T22:06:37+01:00,874ff9c6-786d-45fc-a90e-48c7ffe03417,41.02763616544628,21.31108861478468,pressure,951
2026-01-18T22:06:37+01:00,874ff9c6-786d-45fc-a90e-48c7ffe03417,41.02763616544628,21.31108861478468,temperature,5
2026-01-18T22:22:07+01:00,874ff9c6-786d-45fc-a90e-48c7ffe03417,41.02763616544628,21.31108861478468,humidity,84
2026-01-18T22:22:07+01:00,874ff9c6-786d-45fc-a90e-48c7ffe03417,41.02763616544628,21.31108861478468,noise,35
2026-01-18T22:22:07+01:00,874ff9c6-786d-45fc-a90e-48c7ffe03417,41.02763616544628,21.31108861478468,noise_dba,43
2026-01-18T22:22:07+01:00,874ff9c6-786d-45fc-a90e-48c7ffe03417,41.02763616544628,21.31108861478468,pm10,20
2026-01-18T22:22:07+01:00,874ff9c6-786d-45fc-a90e-48c7ffe03417,41.02763616544628,21.31108861478468,pm25,8
2026-01-18T22:22:07+01:00,874ff9c6-786d-45fc-a90e-48c7ffe03417,41.02763616544628,21.31108861478468,pressure,952
2026-01-18T22:22:07+01:00,874ff9c6-786d-45fc-a90e-48c7ffe03417,41.02763616544628,21.31108861478468,temperature,5
2026-01-18T22:37:38+01:00,874ff9c6-786d-45fc-a90e-48c7ffe03417,41.02763616544628,21.31108861478468,humidity,79
2026-01-18T22:37:38+01:00,874ff9c6-786d-45fc-a90e-48c7ffe03417,41.02763616544628,21.31108861478468,noise,33
2026-01-18T22:37:38+01:00,874ff9c6-786d-45fc-a90e-48c7ffe03417,41.02763616544628,21.31108861478468,noise_dba,42
2026-01-18T22:37:38+01:00,874ff9c6-786d-45fc-a90e-48c7ffe03417,41.02763616544628,21.31108861478468,pm10,25
2026-01-18T22:37:38+01:00,874ff9c6-786d-45fc-a90e-48c7ffe03417,41.02763616544628,21.31108861478468,pm25,8
2026-01-18T22:37:38+01:00,874ff9c6-786d-45fc-a90e-48c7ffe03417,41.02763616544628,21.31108861478468,pressure,952
2026-01-18T22:37:38+01:00,874ff9c6-786d-45fc-a90e-48c7ffe03417,41.02763616544628,21.31108861478468,temperature,5
2026-01-18T22:53:09+01:00,874ff9c6-786d-45fc-a90e-48c7ffe03417,41.02763616544628,21.31108861478468,humidity,83
2026-01-18T22:53:09+01:00,874ff9c6-786d-45fc-a90e-48c7ffe03417,41.02763616544628,21.31108861478468,noise,39
2026-01-18T22:53:09+01:00,874ff9c6-786d-45fc-a90e-48c7ffe03417,41.02763616544628,21.31108861478468,noise_dba,44
2026-01-18T22:53:09+01:00,874ff9c6-786d-45fc-a90e-48c7ffe03417,41.02763616544628,21.31108861478468,pm10,16
2026-01-18T22:53:09+01:00,874ff9c6-786d-45fc-a90e-48c7ffe03417,41.02763616544628,21.31108861478468,pm25,7
2026-01-18T22:53:09+01:00,874ff9c6-786d-45fc-a90e-48c7ffe03417,41.02763616544628,21.31108861478468,pressure,952
2026-01-18T22:53:09+01:00,874ff9c6-786d-45fc-a90e-48c7ffe03417,41.02763616544628,21.31108861478468,temperature,4
2026-01-18T23:08:41+01:00,874ff9c6-786d-45fc-a90e-48c7ffe03417,41.02763616544628,21.31108861478468,humidity,82
2026-01-18T23:08:41+01:00,874ff9c6-786d-45fc-a90e-48c7ffe03417,41.02763616544628,21.31108861478468,noise,39
2026-01-18T23:08:41+01:00,874ff9c6-786d-45fc-a90e-48c7ffe03417,41.02763616544628,21.31108861478468,noise_dba,44
2026-01-18T23:08:41+01:00,874ff9c6-786d-45fc-a90e-48c7ffe03417,41.02763616544628,21.31108861478468,pm10,18
2026-01-18T23:08:41+01:00,874ff9c6-786d-45fc-a90e-48c7ffe03417,41.02763616544628,21.31108861478468,pm25,7
2026-01-18T23:08:41+01:00,874ff9c6-786d-45fc-a90e-48c7ffe03417,41.02763616544628,21.31108861478468,pressure,952
2026-01-18T23:08:41+01:00,874ff9c6-786d-45fc-a90e-48c7ffe03417,41.02763616544628,21.31108861478468,temperature,4
2026-01-18T23:24:12+01:00,874ff9c6-786d-45fc-a90e-48c7ffe03417,41.02763616544628,21.31108861478468,humidity,82
2026-01-18T23:24:12+01:00,874ff9c6-786d-45fc-a90e-48c7ffe03417,41.02763616544628,21.31108861478468,noise,37
2026-01-18T23:24:12+01:00,874ff9c6-786d-45fc-a90e-48c7ffe03417,41.02763616544628,21.31108861478468,noise_dba,43
2026-01-18T23:24:12+01:00,874ff9c6-786d-45fc-a90e-48c7ffe03417,41.02763616544628,21.31108861478468,pm10,19
2026-01-18T23:24:12+01:00,874ff9c6-786d-45fc-a90e-48c7ffe03417,41.02763616544628,21.31108861478468,pm25,7
2026-01-18T23:24:12+01:00,874ff9c6-786d-45fc-a90e-48c7ffe03417,41.02763616544628,21.31108861478468,pressure,951
2026-01-18T23:24:12+01:00,874ff9c6-786d-45fc-a90e-48c7ffe03417,41.02763616544628,21.31108861478468,temperature,4
2026-01-18T23:39:42+01:00,874ff9c6-786d-45fc-a90e-48c7ffe03417,41.02763616544628,21.31108861478468,humidity,83
2026-01-18T23:39:42+01:00,874ff9c6-786d-45fc-a90e-48c7ffe03417,41.02763616544628,21.31108861478468,noise,35
2026-01-18T23:39:42+01:00,874ff9c6-786d-45fc-a90e-48c7ffe03417,41.02763616544628,21.31108861478468,noise_dba,43
2026-01-18T23:39:42+01:00,874ff9c6-786d-45fc-a90e-48c7ffe03417,41.02763616544628,21.31108861478468,pm10,17
2026-01-18T23:39:42+01:00,874ff9c6-786d-45fc-a90e-48c7ffe03417,41.02763616544628,21.31108861478468,pm25,7
2026-01-18T23:39:42+01:00,874ff9c6-786d-45fc-a90e-48c7ffe03417,41.02763616544628,21.31108861478468,pressure,951
2026-01-18T23:39:42+01:00,874ff9c6-786d-45fc-a90e-48c7ffe03417,41.02763616544628,21.31108861478468,temperature,4
2026-01-18T23:55:13+01:00,874ff9c6-786d-45fc-a90e-48c7ffe03417,41.02763616544628,21.31108861478468,humidity,77
2026-01-18T23:55:13+01:00,874ff9c6-786d-45fc-a90e-48c7ffe03417,41.02763616544628,21.31108861478468,noise,30
2026-01-18T23:55:13+01:00,874ff9c6-786d-45fc-a90e-48c7ffe03417,41.02763616544628,21.31108861478468,noise_dba,40
2026-01-18T23:55:13+01:00,874ff9c6-786d-45fc-a90e-48c7ffe03417,41.02763616544628,21.31108861478468,pm10,21
2026-01-18T23:55:13+01:00,874ff9c6-786d-45fc-a90e-48c7ffe03417,41.02763616544628,21.31108861478468,pm25,8
2026-01-18T23:55:13+01:00,874ff9c6-786d-45fc-a90e-48c7ffe03417,41.02763616544628,21.31108861478468,pressure,952
2026-01-18T23:55:13+01:00,874ff9c6-786d-45fc-a90e-48c7ffe03417,41.02763616544628,21.31108861478468,temperature,4
2026-01-19T00:10:44+01:00,874ff9c6-786d-45fc-a90e-48c7ffe03417,41.02763616544628,21.31108861478468,humidity,83
2026-01-19T00:10:44+01:00,874ff9c6-786d-45fc-a90e-48c7ffe03417,41.02763616544628,21.31108861478468,noise,33
2026-01-19T00:10:44+01:00,874ff9c6-786d-45fc-a90e-48c7ffe03417,41.02763616544628,21.31108861478468,noise_dba,42
2026-01-19T00:10:44+01:00,874ff9c6-786d-45fc-a90e-48c7ffe03417,41.02763616544628,21.31108861478468,pm10,36
2026-01-19T00:10:44+01:00,874ff9c6-786d-45fc-a90e-48c7ffe03417,41.02763616544628,21.31108861478468,pm25,11
2026-01-19T00:10:44+01:00,874ff9c6-786d-45fc-a90e-48c7ffe03417,41.02763616544628,21.31108861478468,pressure,952
2026-01-19T00:10:44+01:00,874ff9c6-786d-45fc-a90e-48c7ffe03417,41.02763616544628,21.31108861478468,temperature,4
2026-01-19T00:26:14+01:00,874ff9c6-786d-45fc-a90e-48c7ffe03417,41.02763616544628,21.31108861478468,humidity,83
2026-01-19T00:26:14+01:00,874ff9c6-786d-45fc-a90e-48c7ffe03417,41.02763616544628,21.31108861478468,noise,29
2026-01-19T00:26:14+01:00,874ff9c6-786d-45fc-a90e-48c7ffe03417,41.02763616544628,21.31108861478468,noise_dba,40
2026-01-19T00:26:14+01:00,874ff9c6-786d-45fc-a90e-48c7ffe03417,41.02763616544628,21.31108861478468,pm10,67
2026-01-19T00:26:14+01:00,874ff9c6-786d-45fc-a90e-48c7ffe03417,41.02763616544628,21.31108861478468,pm25,26
2026-01-19T00:26:14+01:00,874ff9c6-786d-45fc-a90e-48c7ffe03417,41.02763616544628,21.31108861478468,pressure,952
2026-01-19T00:26:14+01:00,874ff9c6-786d-45fc-a90e-48c7ffe03417,41.02763616544628,21.31108861478468,temperature,4
