timestamp,sensorId,lat,lon,type,value
2025-12-22T01:02:35+01:00,d241a044-0a06-40c2-9d90-c91fd0a95060,40.99851020119874,21.243798033728062,gasResistance,392800
2025-12-22T01:02:35+01:00,d241a044-0a06-40c2-9d90-c91fd0a95060,40.99851020119874,21.243798033728062,humidity,69
2025-12-22T01:02:35+01:00,d241a044-0a06-40c2-9d90-c91fd0a95060,40.99851020119874,21.243798033728062,noise,27
2025-12-22T01:02:35+01:00,d241a044-0a06-40c2-9d90-c91fd0a95060,40.99851020119874,21.243798033728062,noise_dba,38
2025-12-22T01:02:35+01:00,d241a044-0a06-40c2-9d90-c91fd0a95060,40.99851020119874,21.243798033728062,pm10,3
2025-12-22T01:02:35+01:00,d241a044-0a06-40c2-9d90-c91fd0a95060,40.99851020119874,21.243798033728062,pm25,1
2025-12-22T01:02:35+01:00,d241a044-0a06-40c2-9d90-c91fd0a95060,40.99851020119874,21.243798033728062,pressure,890
2025-12-22T01:02:35+01:00,d241a044-0a06-40c2-9d90-c91fd0a95060,40.99851020119874,21.243798033728062,temperature,4
2025-12-22T01:18:06+01:00,d241a044-0a06-40c2-9d90-c91fd0a95060,40.99851020119874,21.243798033728062,gasResistance,390736
2025-12-22T01:18:06+01:00,d241a044-0a06-40c2-9d90-c91fd0a95060,40.99851020119874,21.243798033728062,humidity,72
2025-12-22T01:18:06+01:00,d241a044-0a06-40c2-9d90-c91fd0a95060,40.99851020119874,21.243798033728062,noise,21
2025-12-22T01:18:06+01:00,d241a044-0a06-40c2-9d90-c91fd0a95060,40.99851020119874,21.243798033728062,noise_dba,34
2025-12-22T01:18:06+01:00,d241a044-0a06-40c2-9d90-c91fd0a95060,40.99851020119874,21.243798033728062,pm10,1
2025-12-22T01:18:06+01:00,d241a044-0a06-40c2-9d90-c91fd0a95060,40.99851020119874,21.243798033728062,pm25,1
2025-12-22T01:18:06+01:00,d241a044-0a06-40c2-9d90-c91fd0a95060,40.99851020119874,21.243798033728062,pressure,890
2025-12-22T01:18:06+01:00,d241a044-0a06-40c2-9d90-c91fd0a95060,40.99851020119874,21.243798033728062,temperature,3
2025-12-22T01:33:38+01:00,d241a044-0a06-40c2-9d90-c91fd0a95060,40.99851020119874,21.243798033728062,gasResistance,392109
2025-12-22T01:33:38+01:00,d241a044-0a06-40c2-9d90-c91fd0a95060,40.99851020119874,21.243798033728062,humidity,71
2025-12-22T01:33:38+01:00,d241a044-0a06-40c2-9d90-c91fd0a95060,40.99851020119874,21.243798033728062,noise,26
2025-12-22T01:33:38+01:00,d241a044-0a06-40c2-9d90-c91fd0a95060,40.99851020119874,21.243798033728062,noise_dba,38
2025-12-22T01:33:38+01:00,d241a044-0a06-40c2-9d90-c91fd0a95060,40.99851020119874,21.243798033728062,pm10,2
2025-12-22T01:33:38+01:00,d241a044-0a06-40c2-9d90-c91fd0a95060,40.99851020119874,21.243798033728062,pm25,1
2025-12-22T01:33:38+01:00,d241a044-0a06-40c2-9d90-c91fd0a95060,40.99851020119874,21.243798033728062,pressure,890
2025-12-22T01:33:38+01:00,d241a044-0a06-40c2-9d90-c91fd0a95060,40.99851020119874,21.243798033728062,temperature,3
2025-12-22T01:49:10+01:00,d241a044-0a06-40c2-9d90-c91fd0a95060,40.99851020119874,21.243798033728062,gasResistance,401037
2025-12-22T01:49:10+01:00,d241a044-0a06-40c2-9d90-c91fd0a95060,40.99851020119874,21.243798033728062,humidity,70
2025-12-22T01:49:10+01:00,d241a044-0a06-40c2-9d90-c91fd0a95060,40.99851020119874,21.243798033728062,noise,21
2025-12-22T01:49:10+01:00,d241a044-0a06-40c2-9d90-c91fd0a95060,40.99851020119874,21.243798033728062,noise_dba,34
2025-12-22T01:49:10+01:00,d241a044-0a06-40c2-9d90-c91fd0a95060,40.99851020119874,21.243798033728062,pm10,4
2025-12-22T01:49:10+01:00,d241a044-0a06-40c2-9d90-c91fd0a95060,40.99851020119874,21.243798033728062,pm25,2
2025-12-22T01:49:10+01:00,d241a044-0a06-40c2-9d90-c91fd0a95060,40.99851020119874,21.243798033728062,pressure,890
2025-12-22T01:49:10+01:00,d241a044-0a06-40c2-9d90-c91fd0a95060,40.99851020119874,21.243798033728062,temperature,3
2025-12-22T02:04:41+01:00,d241a044-0a06-40c2-9d90-c91fd0a95060,40.99851020119874,21.243798033728062,gasResistance,406394
2025-12-22T02:04:41+01:00,d241a044-0a06-40c2-9d90-c91fd0a95060,40.99851020119874,21.243798033728062,humidity,70
2025-12-22T02:04:41+01:00,d241a044-0a06-40c2-9d90-c91fd0a95060,40.99851020119874,21.243798033728062,noise,33
2025-12-22T02:04:41+01:00,d241a044-0a06-40c2-9d90-c91fd0a95060,40.99851020119874,21.243798033728062,noise_dba,42
2025-12-22T02:04:41+01:00,d241a044-0a06-40c2-9d90-c91fd0a95060,40.99851020119874,21.243798033728062,pm10,3
2025-12-22T02:04:41+01:00,d241a044-0a06-40c2-9d90-c91fd0a95060,40.99851020119874,21.243798033728062,pm25,1
2025-12-22T02:04:41+01:00,d241a044-0a06-40c2-9d90-c91fd0a95060,40.99851020119874,21.243798033728062,pressure,890
2025-12-22T02:04:41+01:00,d241a044-0a06-40c2-9d90-c91fd0a95060,40.99851020119874,21.243798033728062,temperature,3
2025-12-22T02:20:13+01:00,d241a044-0a06-40c2-9d90-c91fd0a95060,40.99851020119874,21.243798033728062,gasResistance,393492
2025-12-22T02:20:13+01:00,d241a044-0a06-40c2-9d90-c91fd0a95060,40.99851020119874,21.243798033728062,humidity,71
2025-12-22T02:20:13+01:00,d241a044-0a06-40c2-9d90-c91fd0a95060,40.99851020119874,21.243798033728062,noise,31
2025-12-22T02:20:13+01:00,d241a044-0a06-40c2-9d90-c91fd0a95060,40.99851020119874,21.243798033728062,noise_dba,41
2025-12-22T02:20:13+01:00,d241a044-0a06-40c2-9d90-c91fd0a95060,40.99851020119874,21.243798033728062,pm10,2
2025-12-22T02:20:13+01:00,d241a044-0a06-40c2-9d90-c91fd0a95060,40.99851020119874,21.243798033728062,pm25,2
2025-12-22T02:20:13+01:00,d241a044-0a06-40c2-9d90-c91fd0a95060,40.99851020119874,21.243798033728062,pressure,890
2025-12-22T02:20:13+01:00,d241a044-0a06-40c2-9d90-c91fd0a95060,40.99851020119874,21.243798033728062,temperature,3
2025-12-22T02:35:45+01:00,d241a044-0a06-40c2-9d90-c91fd0a95060,40.99851020119874,21.243798033728062,gasResistance,380302
2025-12-22T02:35:45+01:00,d241a044-0a06-40c2-9d90-c91fd0a95060,40.99851020119874,21.243798033728062,humidity,70
2025-12-22T02:35:45+01:00,d241a044-0a06-40c2-9d90-c91fd0a95060,40.99851020119874,21.243798033728062,noise,31
2025-12-22T02:35:45+01:00,d241a044-0a06-40c2-9d90-c91fd0a95060,40.99851020119874,21.243798033728062,noise_dba,41
2025-12-22T02:35:45+01:00,d241a044-0a06-40c2-9d90-c91fd0a95060,40.99851020119874,21.243798033728062,pm10,4
2025-12-22T02:35:45+01:00,d241a044-0a06-40c2-9d90-c91fd0a95060,40.99851020119874,21.243798033728062,pm25,2
2025-12-22T02:35:45+01:00,d241a044-0a06-40c2-9d90-c91fd0a95060,40.99851020119874,21.243798033728062,pressure,890
2025-12-22T02:35:45+01:00,d241a044-0a06-40c2-9d90-c91fd0a95060,40.99851020119874,21.243798033728062,temperature,4
2025-12-22T02:51:16+01:00,d241a044-0a06-40c2-9d90-c91fd0a95060,40.99851020119874,21.243798033728062,gasResistance,372309
2025-12-22T02:51:16+01:00,d241a044-0a06-40c2-9d90-c91fd0a95060,40.99851020119874,21.243798033728062,humidity,72
2025-12-22T02:51:16+01:00,d241a044-0a06-40c2-9d90-c91fd0a95060,40.99851020119874,21.243798033728062,noise,25
2025-12-22T02:51:16+01:00,d241a044-0a06-40c2-9d90-c91fd0a95060,40.99851020119874,21.243798033728062,noise_dba,37
2025-12-22T02:51:16+01:00,d241a044-0a06-40c2-9d90-c91fd0a95060,40.99851020119874,21.243798033728062,pm10,4
2025-12-22T02:51:16+01:00,d241a044-0a06-40c2-9d90-c91fd0a95060,40.99851020119874,21.243798033728062,pm25,2
2025-12-22T02:51:16+01:00,d241a044-0a06-40c2-9d90-c91fd0a95060,40.99851020119874,21.243798033728062,pressure,890
2025-12-22T02:51:16+01:00,d241a044-0a06-40c2-9d90-c91fd0a95060,40.99851020119874,21.243798033728062,temperature,4
2025-12-22T03:06:48+01:00,d241a044-0a06-40c2-9d90-c91fd0a95060,40.99851020119874,21.243798033728062,gasResistance,373576
2025-12-22T03:06:48+01:00,d241a044-0a06-40c2-9d90-c91fd0a95060,40.99851020119874,21.243798033728062,humidity,73
2025-12-22T03:06:48+01:00,d241a044-0a06-40c2-9d90-c91fd0a95060,40.99851020119874,21.243798033728062,noise,45
2025-12-22T03:06:48+01:00,d241a044-0a06-40c2-9d90-c91fd0a95060,40.99851020119874,21.243798033728062,noise_dba,47
2025-12-22T03:06:48+01:00,d241a044-0a06-40c2-9d90-c91fd0a95060,40.99851020119874,21.243798033728062,pm10,4
2025-12-22T03:06:48+01:00,d241a044-0a06-40c2-9d90-c91fd0a95060,40.99851020119874,21.243798033728062,pm25,2
2025-12-22T03:06:48+01:00,d241a044-0a06-40c2-9d90-c91fd0a95060,40.99851020119874,21.243798033728062,pressure,890
2025-12-22T03:06:48+01:00,d241a044-0a06-40c2-9d90-c91fd0a95060,40.99851020119874,21.243798033728062,temperature,3
2025-12-22T03:22:19+01:00,d241a044-0a06-40c2-9d90-c91fd0a95060,40.99851020119874,21.243798033728062,gasResistance,366917
2025-12-22T03:22:19+01:00,d241a044-0a06-40c2-9d90-c91fd0a95060,40.99851020119874,21.243798033728062,humidity,73
2025-12-22T03:22:19+01:00,d241a044-0a06-40c2-9d90-c91fd0a95060,40.99851020119874,21.243798033728062,noise,21
2025-12-22T03:22:19+01:00,d241a044-0a06-40c2-9d90-c91fd0a95060,40.99851020119874,21.243798033728062,noise_dba,34
2025-12-22T03:22:19+01:00,d241a044-0a06-40c2-9d90-c91fd0a95060,40.99851020119874,21.243798033728062,pm10,5
2025-12-22T03:22:19+01:00,d241a044-0a06-40c2-9d90-c91fd0a95060,40.99851020119874,21.243798033728062,pm25,2
2025-12-22T03:22:19+01:00,d241a044-0a06-40c2-9d90-c91fd0a95060,40.99851020119874,21.243798033728062,pressure,890
2025-12-22T03:22:19+01:00,d241a044-0a06-40c2-9d90-c91fd0a95060,40.99851020119874,21.243798033728062,temperature,3
2025-12-22T03:37:51+01:00,d241a044-0a06-40c2-9d90-c91fd0a95060,40.99851020119874,21.243798033728062,gasResistance,370216
2025-12-22T03:37:51+01:00,d241a044-0a06-40c2-9d90-c91fd0a95060,40.99851020119874,21.243798033728062,humidity,72
2025-12-22T03:37:51+01:00,d241a044-0a06-40c2-9d90-c91fd0a95060,40.99851020119874,21.243798033728062,noise,30
2025-12-22T03:37:51+01:00,d241a044-0a06-40c2-9d90-c91fd0a95060,40.99851020119874,21.243798033728062,noise_dba,40
2025-12-22T03:37:51+01:00,d241a044-0a06-40c2-9d90-c91fd0a95060,40.99851020119874,21.243798033728062,pm10,4
2025-12-22T03:37:51+01:00,d241a044-0a06-40c2-9d90-c91fd0a95060,40.99851020119874,21.243798033728062,pm25,3
2025-12-22T03:37:51+01:00,d241a044-0a06-40c2-9d90-c91fd0a95060,40.99851020119874,21.243798033728062,pressure,890
2025-12-22T03:37:51+01:00,d241a044-0a06-40c2-9d90-c91fd0a95060,40.99851020119874,21.243798033728062,temperature,3
2025-12-22T03:53:22+01:00,d241a044-0a06-40c2-9d90-c91fd0a95060,40.99851020119874,21.243798033728062,gasResistance,371889
2025-12-22T03:53:22+01:00,d241a044-0a06-40c2-9d90-c91fd0a95060,40.99851020119874,21.243798033728062,humidity,73
2025-12-22T03:53:22+01:00,d241a044-0a06-40c2-9d90-c91fd0a95060,40.99851020119874,21.243798033728062,noise,35
2025-12-22T03:53:22+01:00,d241a044-0a06-40c2-9d90-c91fd0a95060,40.99851020119874,21.243798033728062,noise_dba,43
2025-12-22T03:53:22+01:00,d241a044-0a06-40c2-9d90-c91fd0a95060,40.99851020119874,21.243798033728062,pm10,3
2025-12-22T03:53:22+01:00,d241a044-0a06-40c2-9d90-c91fd0a95060,40.99851020119874,21.243798033728062,pm25,2
2025-12-22T03:53:22+01:00,d241a044-0a06-40c2-9d90-c91fd0a95060,40.99851020119874,21.243798033728062,pressure,890
2025-12-22T03:53:22+01:00,d241a044-0a06-40c2-9d90-c91fd0a95060,40.99851020119874,21.243798033728062,temperature,3
2025-12-22T04:08:55+01:00,d241a044-0a06-40c2-9d90-c91fd0a95060,40.99851020119874,21.243798033728062,gasResistance,370216
2025-12-22T04:08:55+01:00,d241a044-0a06-40c2-9d90-c91fd0a95060,40.99851020119874,21.243798033728062,humidity,73
2025-12-22T04:08:55+01:00,d241a044-0a06-40c2-9d90-c91fd0a95060,40.99851020119874,21.243798033728062,noise,31
2025-12-22T04:08:55+01:00,d241a044-0a06-40c2-9d90-c91fd0a95060,40.99851020119874,21.243798033728062,noise_dba,41
2025-12-22T04:08:55+01:00,d241a044-0a06-40c2-9d90-c91fd0a95060,40.99851020119874,21.243798033728062,pm10,3
2025-12-22T04:08:55+01:00,d241a044-0a06-40c2-9d90-c91fd0a95060,40.99851020119874,21.243798033728062,pm25,2
2025-12-22T04:08:55+01:00,d241a044-0a06-40c2-9d90-c91fd0a95060,40.99851020119874,21.243798033728062,pressure,890
2025-12-22T04:08:55+01:00,d241a044-0a06-40c2-9d90-c91fd0a95060,40.99851020119874,21.243798033728062,temperature,3
2025-12-22T04:24:26+01:00,d241a044-0a06-40c2-9d90-c91fd0a95060,40.99851020119874,21.243798033728062,gasResistance,370216
2025-12-22T04:24:26+01:00,d241a044-0a06-40c2-9d90-c91fd0a95060,40.99851020119874,21.243798033728062,humidity,72
2025-12-22T04:24:26+01:00,d241a044-0a06-40c2-9d90-c91fd0a95060,40.99851020119874,21.243798033728062,noise,21
2025-12-22T04:24:26+01:00,d241a044-0a06-40c2-9d90-c91fd0a95060,40.99851020119874,21.243798033728062,noise_dba,34
2025-12-22T04:24:26+01:00,d241a044-0a06-40c2-9d90-c91fd0a95060,40.99851020119874,21.243798033728062,pm10,5
2025-12-22T04:24:26+01:00,d241a044-0a06-40c2-9d90-c91fd0a95060,40.99851020119874,21.243798033728062,pm25,3
2025-12-22T04:24:26+01:00,d241a044-0a06-40c2-9d90-c91fd0a95060,40.99851020119874,21.243798033728062,pressure,889
2025-12-22T04:24:26+01:00,d241a044-0a06-40c2-9d90-c91fd0a95060,40.99851020119874,21.243798033728062,temperature,3
2025-12-22T04:39:58+01:00,d241a044-0a06-40c2-9d90-c91fd0a95060,40.99851020119874,21.243798033728062,gasResistance,376566
2025-12-22T04:39:58+01:00,d241a044-0a06-40c2-9d90-c91fd0a95060,40.99851020119874,21.243798033728062,humidity,70
2025-12-22T04:39:58+01:00,d241a044-0a06-40c2-9d90-c91fd0a95060,40.99851020119874,21.243798033728062,noise,21
2025-12-22T04:39:58+01:00,d241a044-0a06-40c2-9d90-c91fd0a95060,40.99851020119874,21.243798033728062,noise_dba,34
2025-12-22T04:39:58+01:00,d241a044-0a06-40c2-9d90-c91fd0a95060,40.99851020119874,21.243798033728062,pm10,6
2025-12-22T04:39:58+01:00,d241a044-0a06-40c2-9d90-c91fd0a95060,40.99851020119874,21.243798033728062,pm25,3
2025-12-22T04:39:58+01:00,d241a044-0a06-40c2-9d90-c91fd0a95060,40.99851020119874,21.243798033728062,pressure,889
2025-12-22T04:39:58+01:00,d241a044-0a06-40c2-9d90-c91fd0a95060,40.99851020119874,21.243798033728062,temperature,3
2025-12-22T04:55:30+01:00,d241a044-0a06-40c2-9d90-c91fd0a95060,40.99851020119874,21.243798033728062,gasResistance,372309
2025-12-22T04:55:30+01:00,d241a044-0a06-40c2-9d90-c91fd0a95060,40.99851020119874,21.243798033728062,humidity,72
2025-12-22T04:55:30+01:00,d241a044-0a06-40c2-9d90-c91fd0a95060,40.99851020119874,21.243798033728062,noise,26
2025-12-22T04:55:30+01:00,d241a044-0a06-40c2-9d90-c91fd0a95060,40.99851020119874,21.243798033728062,noise_dba,38
2025-12-22T04:55:30+01:00,d241a044-0a06-40c2-9d90-c91fd0a95060,40.99851020119874,21.243798033728062,pm10,3
2025-12-22T04:55:30+01:00,d241a044-0a06-40c2-9d90-c91fd0a95060,40.99851020119874,21.243798033728062,pm25,2
2025-12-22T04:55:30+01:00,d241a044-0a06-40c2-9d90-c91fd0a95060,40.99851020119874,21.243798033728062,pressure,889
2025-12-22T04:55:30+01:00,d241a044-0a06-40c2-9d90-c91fd0a95060,40.99851020119874,21.243798033728062,temperature,3
2025-12-22T05:11:02+01:00,d241a044-0a06-40c2-9d90-c91fd0a95060,40.99851020119874,21.243798033728062,gasResistance,362874
2025-12-22T05:11:02+01:00,d241a044-0a06-40c2-9d90-c91fd0a95060,40.99851020119874,21.243798033728062,humidity,73
2025-12-22T05:11:02+01:00,d241a044-0a06-40c2-9d90-c91fd0a95060,40.99851020119874,21.243798033728062,noise,22
2025-12-22T05:11:02+01:00,d241a044-0a06-40c2-9d90-c91fd0a95060,40.99851020119874,21.243798033728062,noise_dba,35
2025-12-22T05:11:02+01:00,d241a044-0a06-40c2-9d90-c91fd0a95060,40.99851020119874,21.243798033728062,pm10,4
2025-12-22T05:11:02+01:00,d241a044-0a06-40c2-9d90-c91fd0a95060,40.99851020119874,21.243798033728062,pm25,2
2025-12-22T05:11:02+01:00,d241a044-0a06-40c2-9d90-c91fd0a95060,40.99851020119874,21.243798033728062,pressure,889
2025-12-22T05:11:02+01:00,d241a044-0a06-40c2-9d90-c91fd0a95060,40.99851020119874,21.243798033728062,temperature,3
2025-12-22T05:26:34+01:00,d241a044-0a06-40c2-9d90-c91fd0a95060,40.99851020119874,21.243798033728062,gasResistance,360491
2025-12-22T05:26:34+01:00,d241a044-0a06-40c2-9d90-c91fd0a95060,40.99851020119874,21.243798033728062,humidity,72
2025-12-22T05:26:34+01:00,d241a044-0a06-40c2-9d90-c91fd0a95060,40.99851020119874,21.243798033728062,noise,28
2025-12-22T05:26:34+01:00,d241a044-0a06-40c2-9d90-c91fd0a95060,40.99851020119874,21.243798033728062,noise_dba,39
2025-12-22T05:26:34+01:00,d241a044-0a06-40c2-9d90-c91fd0a95060,40.99851020119874,21.243798033728062,pm10,4
2025-12-22T05:26:34+01:00,d241a044-0a06-40c2-9d90-c91fd0a95060,40.99851020119874,21.243798033728062,pm25,2
2025-12-22T05:26:34+01:00,d241a044-0a06-40c2-9d90-c91fd0a95060,40.99851020119874,21.243798033728062,pressure,889
2025-12-22T05:26:34+01:00,d241a044-0a06-40c2-9d90-c91fd0a95060,40.99851020119874,21.243798033728062,temperature,3
2025-12-22T05:42:05+01:00,d241a044-0a06-40c2-9d90-c91fd0a95060,40.99851020119874,21.243798033728062,gasResistance,356974
2025-12-22T05:42:05+01:00,d241a044-0a06-40c2-9d90-c91fd0a95060,40.99851020119874,21.243798033728062,humidity,73
2025-12-22T05:42:05+01:00,d241a044-0a06-40c2-9d90-c91fd0a95060,40.99851020119874,21.243798033728062,noise,25
2025-12-22T05:42:05+01:00,d241a044-0a06-40c2-9d90-c91fd0a95060,40.99851020119874,21.243798033728062,noise_dba,37
2025-12-22T05:42:05+01:00,d241a044-0a06-40c2-9d90-c91fd0a95060,40.99851020119874,21.243798033728062,pm10,5
2025-12-22T05:42:05+01:00,d241a044-0a06-40c2-9d90-c91fd0a95060,40.99851020119874,21.243798033728062,pm25,3
2025-12-22T05:42:05+01:00,d241a044-0a06-40c2-9d90-c91fd0a95060,40.99851020119874,21.243798033728062,pressure,889
2025-12-22T05:42:05+01:00,d241a044-0a06-40c2-9d90-c91fd0a95060,40.99851020119874,21.243798033728062,temperature,3
2025-12-22T05:57:37+01:00,d241a044-0a06-40c2-9d90-c91fd0a95060,40.99851020119874,21.243798033728062,gasResistance,348292
2025-12-22T05:57:37+01:00,d241a044-0a06-40c2-9d90-c91fd0a95060,40.99851020119874,21.243798033728062,humidity,72
2025-12-22T05:57:37+01:00,d241a044-0a06-40c2-9d90-c91fd0a95060,40.99851020119874,21.243798033728062,noise,21
2025-12-22T05:57:37+01:00,d241a044-0a06-40c2-9d90-c91fd0a95060,40.99851020119874,21.243798033728062,noise_dba,34
2025-12-22T05:57:37+01:00,d241a044-0a06-40c2-9d90-c91fd0a95060,40.99851020119874,21.243798033728062,pm10,3
2025-12-22T05:57:37+01:00,d241a044-0a06-40c2-9d90-c91fd0a95060,40.99851020119874,21.243798033728062,pm25,2
2025-12-22T05:57:37+01:00,d241a044-0a06-40c2-9d90-c91fd0a95060,40.99851020119874,21.243798033728062,pressure,889
2025-12-22T05:57:37+01:00,d241a044-0a06-40c2-9d90-c91fd0a95060,40.99851020119874,21.243798033728062,temperature,3
2025-12-22T06:13:09+01:00,d241a044-0a06-40c2-9d90-c91fd0a95060,40.99851020119874,21.243798033728062,gasResistance,343568
2025-12-22T06:13:09+01:00,d241a044-0a06-40c2-9d90-c91fd0a95060,40.99851020119874,21.243798033728062,humidity,71
2025-12-22T06:13:09+01:00,d241a044-0a06-40c2-9d90-c91fd0a95060,40.99851020119874,21.243798033728062,noise,35
2025-12-22T06:13:09+01:00,d241a044-0a06-40c2-9d90-c91fd0a95060,40.99851020119874,21.243798033728062,noise_dba,43
2025-12-22T06:13:09+01:00,d241a044-0a06-40c2-9d90-c91fd0a95060,40.99851020119874,21.243798033728062,pm10,3
2025-12-22T06:13:09+01:00,d241a044-0a06-40c2-9d90-c91fd0a95060,40.99851020119874,21.243798033728062,pm25,2
2025-12-22T06:13:09+01:00,d241a044-0a06-40c2-9d90-c91fd0a95060,40.99851020119874,21.243798033728062,pressure,889
2025-12-22T06:13:09+01:00,d241a044-0a06-40c2-9d90-c91fd0a95060,40.99851020119874,21.243798033728062,temperature,4
2025-12-22T06:28:40+01:00,d241a044-0a06-40c2-9d90-c91fd0a95060,40.99851020119874,21.243798033728062,gasResistance,347190
2025-12-22T06:28:40+01:00,d241a044-0a06-40c2-9d90-c91fd0a95060,40.99851020119874,21.243798033728062,humidity,72
2025-12-22T06:28:40+01:00,d241a044-0a06-40c2-9d90-c91fd0a95060,40.99851020119874,21.243798033728062,noise,26
2025-12-22T06:28:40+01:00,d241a044-0a06-40c2-9d90-c91fd0a95060,40.99851020119874,21.243798033728062,noise_dba,38
2025-12-22T06:28:40+01:00,d241a044-0a06-40c2-9d90-c91fd0a95060,40.99851020119874,21.243798033728062,pm10,4
2025-12-22T06:28:40+01:00,d241a044-0a06-40c2-9d90-c91fd0a95060,40.99851020119874,21.243798033728062,pm25,3
2025-12-22T06:28:40+01:00,d241a044-0a06-40c2-9d90-c91fd0a95060,40.99851020119874,21.243798033728062,pressure,889
2025-12-22T06:28:40+01:00,d241a044-0a06-40c2-9d90-c91fd0a95060,40.99851020119874,21.243798033728062,temperature,3
2025-12-22T06:44:12+01:00,d241a044-0a06-40c2-9d90-c91fd0a95060,40.99851020119874,21.243798033728062,gasResistance,357750
2025-12-22T06:44:12+01:00,d241a044-0a06-40c2-9d90-c91fd0a95060,40.99851020119874,21.243798033728062,humidity,73
2025-12-22T06:44:12+01:00,d241a044-0a06-40c2-9d90-c91fd0a95060,40.99851020119874,21.243798033728062,noise,30
2025-12-22T06:44:12+01:00,d241a044-0a06-40c2-9d90-c91fd0a95060,40.99851020119874,21.243798033728062,noise_dba,40
2025-12-22T06:44:12+01:00,d241a044-0a06-40c2-9d90-c91fd0a95060,40.99851020119874,21.243798033728062,pm10,3
2025-12-22T06:44:12+01:00,d241a044-0a06-40c2-9d90-c91fd0a95060,40.99851020119874,21.243798033728062,pm25,2
2025-12-22T06:44:12+01:00,d241a044-0a06-40c2-9d90-c91fd0a95060,40.99851020119874,21.243798033728062,pressure,889
2025-12-22T06:44:12+01:00,d241a044-0a06-40c2-9d90-c91fd0a95060,40.99851020119874,21.243798033728062,temperature,3
2025-12-22T06:59:44+01:00,d241a044-0a06-40c2-9d90-c91fd0a95060,40.99851020119874,21.243798033728062,gasResistance,350143
2025-12-22T06:59:44+01:00,d241a044-0a06-40c2-9d90-c91fd0a95060,40.99851020119874,21.243798033728062,humidity,75
2025-12-22T06:59:44+01:00,d241a044-0a06-40c2-9d90-c91fd0a95060,40.99851020119874,21.243798033728062,noise,17
2025-12-22T06:59:44+01:00,d241a044-0a06-40c2-9d90-c91fd0a95060,40.99851020119874,21.243798033728062,noise_dba,31
2025-12-22T06:59:44+01:00,d241a044-0a06-40c2-9d90-c91fd0a95060,40.99851020119874,21.243798033728062,pm10,4
2025-12-22T06:59:44+01:00,d241a044-0a06-40c2-9d90-c91fd0a95060,40.99851020119874,21.243798033728062,pm25,2
2025-12-22T06:59:44+01:00,d241a044-0a06-40c2-9d90-c91fd0a95060,40.99851020119874,21.243798033728062,pressure,890
2025-12-22T06:59:44+01:00,d241a044-0a06-40c2-9d90-c91fd0a95060,40.99851020119874,21.243798033728062,temperature,2
2025-12-22T07:15:15+01:00,d241a044-0a06-40c2-9d90-c91fd0a95060,40.99851020119874,21.243798033728062,gasResistance,352391
2025-12-22T07:15:15+01:00,d241a044-0a06-40c2-9d90-c91fd0a95060,40.99851020119874,21.243798033728062,humidity,75
2025-12-22T07:15:15+01:00,d241a044-0a06-40c2-9d90-c91fd0a95060,40.99851020119874,21.243798033728062,pm10,4
2025-12-22T07:15:15+01:00,d241a044-0a06-40c2-9d90-c91fd0a95060,40.99851020119874,21.243798033728062,pm25,2
2025-12-22T07:15:15+01:00,d241a044-0a06-40c2-9d90-c91fd0a95060,40.99851020119874,21.243798033728062,pressure,890
2025-12-22T07:15:15+01:00,d241a044-0a06-40c2-9d90-c91fd0a95060,40.99851020119874,21.243798033728062,temperature,2
2025-12-22T07:30:47+01:00,d241a044-0a06-40c2-9d90-c91fd0a95060,40.99851020119874,21.243798033728062,gasResistance,349400
2025-12-22T07:30:47+01:00,d241a044-0a06-40c2-9d90-c91fd0a95060,40.99851020119874,21.243798033728062,humidity,76
2025-12-22T07:30:47+01:00,d241a044-0a06-40c2-9d90-c91fd0a95060,40.99851020119874,21.243798033728062,pm10,4
2025-12-22T07:30:47+01:00,d241a044-0a06-40c2-9d90-c91fd0a95060,40.99851020119874,21.243798033728062,pm25,2
2025-12-22T07:30:47+01:00,d241a044-0a06-40c2-9d90-c91fd0a95060,40.99851020119874,21.243798033728062,pressure,890
2025-12-22T07:30:47+01:00,d241a044-0a06-40c2-9d90-c91fd0a95060,40.99851020119874,21.243798033728062,temperature,2
2025-12-22T07:46:19+01:00,d241a044-0a06-40c2-9d90-c91fd0a95060,40.99851020119874,21.243798033728062,gasResistance,352391
2025-12-22T07:46:19+01:00,d241a044-0a06-40c2-9d90-c91fd0a95060,40.99851020119874,21.243798033728062,humidity,76
2025-12-22T07:46:19+01:00,d241a044-0a06-40c2-9d90-c91fd0a95060,40.99851020119874,21.243798033728062,pm10,4
2025-12-22T07:46:19+01:00,d241a044-0a06-40c2-9d90-c91fd0a95060,40.99851020119874,21.243798033728062,pm25,3
2025-12-22T07:46:19+01:00,d241a044-0a06-40c2-9d90-c91fd0a95060,40.99851020119874,21.243798033728062,pressure,890
2025-12-22T07:46:19+01:00,d241a044-0a06-40c2-9d90-c91fd0a95060,40.99851020119874,21.243798033728062,temperature,2
2025-12-22T08:01:53+01:00,d241a044-0a06-40c2-9d90-c91fd0a95060,40.99851020119874,21.243798033728062,gasResistance,355817
2025-12-22T08:01:53+01:00,d241a044-0a06-40c2-9d90-c91fd0a95060,40.99851020119874,21.243798033728062,humidity,75
2025-12-22T08:01:53+01:00,d241a044-0a06-40c2-9d90-c91fd0a95060,40.99851020119874,21.243798033728062,pm10,5
2025-12-22T08:01:53+01:00,d241a044-0a06-40c2-9d90-c91fd0a95060,40.99851020119874,21.243798033728062,pm25,3
2025-12-22T08:01:53+01:00,d241a044-0a06-40c2-9d90-c91fd0a95060,40.99851020119874,21.243798033728062,pressure,890
2025-12-22T08:01:53+01:00,d241a044-0a06-40c2-9d90-c91fd0a95060,40.99851020119874,21.243798033728062,temperature,2
2025-12-22T08:17:14+01:00,d241a044-0a06-40c2-9d90-c91fd0a95060,40.99851020119874,21.243798033728062,gasResistance,362874
2025-12-22T08:17:14+01:00,d241a044-0a06-40c2-9d90-c91fd0a95060,40.99851020119874,21.243798033728062,humidity,75
2025-12-22T08:17:14+01:00,d241a044-0a06-40c2-9d90-c91fd0a95060,40.99851020119874,21.243798033728062,pressure,890
2025-12-22T08:17:14+01:00,d241a044-0a06-40c2-9d90-c91fd0a95060,40.99851020119874,21.243798033728062,temperature,2
2025-12-22T08:32:45+01:00,d241a044-0a06-40c2-9d90-c91fd0a95060,40.99851020119874,21.243798033728062,gasResistance,357362
2025-12-22T08:32:45+01:00,d241a044-0a06-40c2-9d90-c91fd0a95060,40.99851020119874,21.243798033728062,humidity,73
2025-12-22T08:32:45+01:00,d241a044-0a06-40c2-9d90-c91fd0a95060,40.99851020119874,21.243798033728062,noise,18
2025-12-22T08:32:45+01:00,d241a044-0a06-40c2-9d90-c91fd0a95060,40.99851020119874,21.243798033728062,noise_dba,32
2025-12-22T08:32:45+01:00,d241a044-0a06-40c2-9d90-c91fd0a95060,40.99851020119874,21.243798033728062,pm10,5
2025-12-22T08:32:45+01:00,d241a044-0a06-40c2-9d90-c91fd0a95060,40.99851020119874,21.243798033728062,pm25,3
2025-12-22T08:32:45+01:00,d241a044-0a06-40c2-9d90-c91fd0a95060,40.99851020119874,21.243798033728062,pressure,890
2025-12-22T08:32:45+01:00,d241a044-0a06-40c2-9d90-c91fd0a95060,40.99851020119874,21.243798033728062,temperature,2
2025-12-22T08:48:18+01:00,d241a044-0a06-40c2-9d90-c91fd0a95060,40.99851020119874,21.243798033728062,gasResistance,352014
2025-12-22T08:48:18+01:00,d241a044-0a06-40c2-9d90-c91fd0a95060,40.99851020119874,21.243798033728062,humidity,73
2025-12-22T08:48:18+01:00,d241a044-0a06-40c2-9d90-c91fd0a95060,40.99851020119874,21.243798033728062,noise,35
2025-12-22T08:48:18+01:00,d241a044-0a06-40c2-9d90-c91fd0a95060,40.99851020119874,21.243798033728062,noise_dba,43
2025-12-22T08:48:18+01:00,d241a044-0a06-40c2-9d90-c91fd0a95060,40.99851020119874,21.243798033728062,pm10,8
2025-12-22T08:48:18+01:00,d241a044-0a06-40c2-9d90-c91fd0a95060,40.99851020119874,21.243798033728062,pm25,4
2025-12-22T08:48:18+01:00,d241a044-0a06-40c2-9d90-c91fd0a95060,40.99851020119874,21.243798033728062,pressure,890
2025-12-22T08:48:18+01:00,d241a044-0a06-40c2-9d90-c91fd0a95060,40.99851020119874,21.243798033728062,temperature,3
2025-12-22T09:03:49+01:00,d241a044-0a06-40c2-9d90-c91fd0a95060,40.99851020119874,21.243798033728062,gasResistance,353526
2025-12-22T09:03:49+01:00,d241a044-0a06-40c2-9d90-c91fd0a95060,40.99851020119874,21.243798033728062,humidity,60
2025-12-22T09:03:49+01:00,d241a044-0a06-40c2-9d90-c91fd0a95060,40.99851020119874,21.243798033728062,noise,22
2025-12-22T09:03:49+01:00,d241a044-0a06-40c2-9d90-c91fd0a95060,40.99851020119874,21.243798033728062,noise_dba,35
2025-12-22T09:03:49+01:00,d241a044-0a06-40c2-9d90-c91fd0a95060,40.99851020119874,21.243798033728062,pm10,3
2025-12-22T09:03:49+01:00,d241a044-0a06-40c2-9d90-c91fd0a95060,40.99851020119874,21.243798033728062,pm25,2
2025-12-22T09:03:49+01:00,d241a044-0a06-40c2-9d90-c91fd0a95060,40.99851020119874,21.243798033728062,pressure,890
2025-12-22T09:03:49+01:00,d241a044-0a06-40c2-9d90-c91fd0a95060,40.99851020119874,21.243798033728062,temperature,4
2025-12-22T09:19:21+01:00,d241a044-0a06-40c2-9d90-c91fd0a95060,40.99851020119874,21.243798033728062,gasResistance,514870
2025-12-22T09:19:21+01:00,d241a044-0a06-40c2-9d90-c91fd0a95060,40.99851020119874,21.243798033728062,humidity,33
2025-12-22T09:19:21+01:00,d241a044-0a06-40c2-9d90-c91fd0a95060,40.99851020119874,21.243798033728062,noise,22
2025-12-22T09:19:21+01:00,d241a044-0a06-40c2-9d90-c91fd0a95060,40.99851020119874,21.243798033728062,noise_dba,35
2025-12-22T09:19:21+01:00,d241a044-0a06-40c2-9d90-c91fd0a95060,40.99851020119874,21.243798033728062,pm10,3
2025-12-22T09:19:21+01:00,d241a044-0a06-40c2-9d90-c91fd0a95060,40.99851020119874,21.243798033728062,pm25,2
2025-12-22T09:19:21+01:00,d241a044-0a06-40c2-9d90-c91fd0a95060,40.99851020119874,21.243798033728062,pressure,890
2025-12-22T09:19:21+01:00,d241a044-0a06-40c2-9d90-c91fd0a95060,40.99851020119874,21.243798033728062,temperature,9
2025-12-22T09:34:54+01:00,d241a044-0a06-40c2-9d90-c91fd0a95060,40.99851020119874,21.243798033728062,gasResistance,616327
2025-12-22T09:34:54+01:00,d241a044-0a06-40c2-9d90-c91fd0a95060,40.99851020119874,21.243798033728062,humidity,28
2025-12-22T09:34:54+01:00,d241a044-0a06-40c2-9d90-c91fd0a95060,40.99851020119874,21.243798033728062,noise,22
2025-12-22T09:34:54+01:00,d241a044-0a06-40c2-9d90-c91fd0a95060,40.99851020119874,21.243798033728062,noise_dba,35
2025-12-22T09:34:54+01:00,d241a044-0a06-40c2-9d90-c91fd0a95060,40.99851020119874,21.243798033728062,pm10,3
2025-12-22T09:34:54+01:00,d241a044-0a06-40c2-9d90-c91fd0a95060,40.99851020119874,21.243798033728062,pm25,2
2025-12-22T09:34:54+01:00,d241a044-0a06-40c2-9d90-c91fd0a95060,40.99851020119874,21.243798033728062,pressure,890
2025-12-22T09:34:54+01:00,d241a044-0a06-40c2-9d90-c91fd0a95060,40.99851020119874,21.243798033728062,temperature,14
2025-12-22T09:50:25+01:00,d241a044-0a06-40c2-9d90-c91fd0a95060,40.99851020119874,21.243798033728062,gasResistance,676775
2025-12-22T09:50:25+01:00,d241a044-0a06-40c2-9d90-c91fd0a95060,40.99851020119874,21.243798033728062,humidity,27
2025-12-22T09:50:25+01:00,d241a044-0a06-40c2-9d90-c91fd0a95060,40.99851020119874,21.243798033728062,noise,26
2025-12-22T09:50:25+01:00,d241a044-0a06-40c2-9d90-c91fd0a95060,40.99851020119874,21.243798033728062,noise_dba,38
2025-12-22T09:50:25+01:00,d241a044-0a06-40c2-9d90-c91fd0a95060,40.99851020119874,21.243798033728062,pm10,4
2025-12-22T09:50:25+01:00,d241a044-0a06-40c2-9d90-c91fd0a95060,40.99851020119874,21.243798033728062,pm25,3
2025-12-22T09:50:25+01:00,d241a044-0a06-40c2-9d90-c91fd0a95060,40.99851020119874,21.243798033728062,pressure,890
2025-12-22T09:50:25+01:00,d241a044-0a06-40c2-9d90-c91fd0a95060,40.99851020119874,21.243798033728062,temperature,17
2025-12-22T10:05:57+01:00,d241a044-0a06-40c2-9d90-c91fd0a95060,40.99851020119874,21.243798033728062,gasResistance,715097
2025-12-22T10:05:57+01:00,d241a044-0a06-40c2-9d90-c91fd0a95060,40.99851020119874,21.243798033728062,humidity,24
2025-12-22T10:05:57+01:00,d241a044-0a06-40c2-9d90-c91fd0a95060,40.99851020119874,21.243798033728062,noise,25
2025-12-22T10:05:57+01:00,d241a044-0a06-40c2-9d90-c91fd0a95060,40.99851020119874,21.243798033728062,noise_dba,37
2025-12-22T10:05:57+01:00,d241a044-0a06-40c2-9d90-c91fd0a95060,40.99851020119874,21.243798033728062,pm10,4
2025-12-22T10:05:57+01:00,d241a044-0a06-40c2-9d90-c91fd0a95060,40.99851020119874,21.243798033728062,pm25,3
2025-12-22T10:05:57+01:00,d241a044-0a06-40c2-9d90-c91fd0a95060,40.99851020119874,21.243798033728062,pressure,890
2025-12-22T10:05:57+01:00,d241a044-0a06-40c2-9d90-c91fd0a95060,40.99851020119874,21.243798033728062,temperature,20
2025-12-22T10:21:29+01:00,d241a044-0a06-40c2-9d90-c91fd0a95060,40.99851020119874,21.243798033728062,gasResistance,720485
2025-12-22T10:21:29+01:00,d241a044-0a06-40c2-9d90-c91fd0a95060,40.99851020119874,21.243798033728062,humidity,28
2025-12-22T10:21:29+01:00,d241a044-0a06-40c2-9d90-c91fd0a95060,40.99851020119874,21.243798033728062,noise,25
2025-12-22T10:21:29+01:00,d241a044-0a06-40c2-9d90-c91fd0a95060,40.99851020119874,21.243798033728062,noise_dba,37
2025-12-22T10:21:29+01:00,d241a044-0a06-40c2-9d90-c91fd0a95060,40.99851020119874,21.243798033728062,pm10,7
2025-12-22T10:21:29+01:00,d241a044-0a06-40c2-9d90-c91fd0a95060,40.99851020119874,21.243798033728062,pm25,5
2025-12-22T10:21:29+01:00,d241a044-0a06-40c2-9d90-c91fd0a95060,40.99851020119874,21.243798033728062,pressure,890
2025-12-22T10:21:29+01:00,d241a044-0a06-40c2-9d90-c91fd0a95060,40.99851020119874,21.243798033728062,temperature,21
2025-12-22T10:37:01+01:00,d241a044-0a06-40c2-9d90-c91fd0a95060,40.99851020119874,21.243798033728062,gasResistance,742875
2025-12-22T10:37:01+01:00,d241a044-0a06-40c2-9d90-c91fd0a95060,40.99851020119874,21.243798033728062,humidity,28
2025-12-22T10:37:01+01:00,d241a044-0a06-40c2-9d90-c91fd0a95060,40.99851020119874,21.243798033728062,noise,23
2025-12-22T10:37:01+01:00,d241a044-0a06-40c2-9d90-c91fd0a95060,40.99851020119874,21.243798033728062,noise_dba,36
2025-12-22T10:37:01+01:00,d241a044-0a06-40c2-9d90-c91fd0a95060,40.99851020119874,21.243798033728062,pm10,5
2025-12-22T10:37:01+01:00,d241a044-0a06-40c2-9d90-c91fd0a95060,40.99851020119874,21.243798033728062,pm25,4
2025-12-22T10:37:01+01:00,d241a044-0a06-40c2-9d90-c91fd0a95060,40.99851020119874,21.243798033728062,pressure,890
2025-12-22T10:37:01+01:00,d241a044-0a06-40c2-9d90-c91fd0a95060,40.99851020119874,21.243798033728062,temperature,21
2025-12-22T10:52:32+01:00,d241a044-0a06-40c2-9d90-c91fd0a95060,40.99851020119874,21.243798033728062,gasResistance,763533
2025-12-22T10:52:32+01:00,d241a044-0a06-40c2-9d90-c91fd0a95060,40.99851020119874,21.243798033728062,humidity,33
2025-12-22T10:52:32+01:00,d241a044-0a06-40c2-9d90-c91fd0a95060,40.99851020119874,21.243798033728062,noise,22
2025-12-22T10:52:32+01:00,d241a044-0a06-40c2-9d90-c91fd0a95060,40.99851020119874,21.243798033728062,noise_dba,35
2025-12-22T10:52:32+01:00,d241a044-0a06-40c2-9d90-c91fd0a95060,40.99851020119874,21.243798033728062,pm10,8
2025-12-22T10:52:32+01:00,d241a044-0a06-40c2-9d90-c91fd0a95060,40.99851020119874,21.243798033728062,pm25,6
2025-12-22T10:52:32+01:00,d241a044-0a06-40c2-9d90-c91fd0a95060,40.99851020119874,21.243798033728062,pressure,890
2025-12-22T10:52:32+01:00,d241a044-0a06-40c2-9d90-c91fd0a95060,40.99851020119874,21.243798033728062,temperature,21
2025-12-22T11:08:03+01:00,d241a044-0a06-40c2-9d90-c91fd0a95060,40.99851020119874,21.243798033728062,gasResistance,757062
2025-12-22T11:08:03+01:00,d241a044-0a06-40c2-9d90-c91fd0a95060,40.99851020119874,21.243798033728062,humidity,37
2025-12-22T11:08:03+01:00,d241a044-0a06-40c2-9d90-c91fd0a95060,40.99851020119874,21.243798033728062,noise,21
2025-12-22T11:08:03+01:00,d241a044-0a06-40c2-9d90-c91fd0a95060,40.99851020119874,21.243798033728062,noise_dba,34
2025-12-22T11:08:03+01:00,d241a044-0a06-40c2-9d90-c91fd0a95060,40.99851020119874,21.243798033728062,pm10,7
2025-12-22T11:08:03+01:00,d241a044-0a06-40c2-9d90-c91fd0a95060,40.99851020119874,21.243798033728062,pm25,5
2025-12-22T11:08:03+01:00,d241a044-0a06-40c2-9d90-c91fd0a95060,40.99851020119874,21.243798033728062,pressure,890
2025-12-22T11:08:03+01:00,d241a044-0a06-40c2-9d90-c91fd0a95060,40.99851020119874,21.243798033728062,temperature,19
2025-12-22T11:23:35+01:00,d241a044-0a06-40c2-9d90-c91fd0a95060,40.99851020119874,21.243798033728062,gasResistance,739592
2025-12-22T11:23:35+01:00,d241a044-0a06-40c2-9d90-c91fd0a95060,40.99851020119874,21.243798033728062,humidity,44
2025-12-22T11:23:35+01:00,d241a044-0a06-40c2-9d90-c91fd0a95060,40.99851020119874,21.243798033728062,noise,28
2025-12-22T11:23:35+01:00,d241a044-0a06-40c2-9d90-c91fd0a95060,40.99851020119874,21.243798033728062,noise_dba,39
2025-12-22T11:23:35+01:00,d241a044-0a06-40c2-9d90-c91fd0a95060,40.99851020119874,21.243798033728062,pm10,10
2025-12-22T11:23:35+01:00,d241a044-0a06-40c2-9d90-c91fd0a95060,40.99851020119874,21.243798033728062,pm25,6
2025-12-22T11:23:35+01:00,d241a044-0a06-40c2-9d90-c91fd0a95060,40.99851020119874,21.243798033728062,pressure,890
2025-12-22T11:23:35+01:00,d241a044-0a06-40c2-9d90-c91fd0a95060,40.99851020119874,21.243798033728062,temperature,17
2025-12-22T11:39:06+01:00,d241a044-0a06-40c2-9d90-c91fd0a95060,40.99851020119874,21.243798033728062,gasResistance,700870
2025-12-22T11:39:06+01:00,d241a044-0a06-40c2-9d90-c91fd0a95060,40.99851020119874,21.243798033728062,humidity,48
2025-12-22T11:39:06+01:00,d241a044-0a06-40c2-9d90-c91fd0a95060,40.99851020119874,21.243798033728062,noise,23
2025-12-22T11:39:06+01:00,d241a044-0a06-40c2-9d90-c91fd0a95060,40.99851020119874,21.243798033728062,noise_dba,36
2025-12-22T11:39:06+01:00,d241a044-0a06-40c2-9d90-c91fd0a95060,40.99851020119874,21.243798033728062,pm10,10
2025-12-22T11:39:06+01:00,d241a044-0a06-40c2-9d90-c91fd0a95060,40.99851020119874,21.243798033728062,pm25,7
2025-12-22T11:39:06+01:00,d241a044-0a06-40c2-9d90-c91fd0a95060,40.99851020119874,21.243798033728062,pressure,889
2025-12-22T11:39:06+01:00,d241a044-0a06-40c2-9d90-c91fd0a95060,40.99851020119874,21.243798033728062,temperature,15
2025-12-22T11:54:41+01:00,d241a044-0a06-40c2-9d90-c91fd0a95060,40.99851020119874,21.243798033728062,gasResistance,697946
2025-12-22T11:54:41+01:00,d241a044-0a06-40c2-9d90-c91fd0a95060,40.99851020119874,21.243798033728062,humidity,48
2025-12-22T11:54:41+01:00,d241a044-0a06-40c2-9d90-c91fd0a95060,40.99851020119874,21.243798033728062,noise,22
2025-12-22T11:54:41+01:00,d241a044-0a06-40c2-9d90-c91fd0a95060,40.99851020119874,21.243798033728062,noise_dba,35
2025-12-22T11:54:41+01:00,d241a044-0a06-40c2-9d90-c91fd0a95060,40.99851020119874,21.243798033728062,pm10,10
2025-12-22T11:54:41+01:00,d241a044-0a06-40c2-9d90-c91fd0a95060,40.99851020119874,21.243798033728062,pm25,6
2025-12-22T11:54:41+01:00,d241a044-0a06-40c2-9d90-c91fd0a95060,40.99851020119874,21.243798033728062,pressure,889
2025-12-22T11:54:41+01:00,d241a044-0a06-40c2-9d90-c91fd0a95060,40.99851020119874,21.243798033728062,temperature,14
2025-12-22T12:10:12+01:00,d241a044-0a06-40c2-9d90-c91fd0a95060,40.99851020119874,21.243798033728062,gasResistance,692172
2025-12-22T12:10:12+01:00,d241a044-0a06-40c2-9d90-c91fd0a95060,40.99851020119874,21.243798033728062,humidity,50
2025-12-22T12:10:12+01:00,d241a044-0a06-40c2-9d90-c91fd0a95060,40.99851020119874,21.243798033728062,noise,21
2025-12-22T12:10:12+01:00,d241a044-0a06-40c2-9d90-c91fd0a95060,40.99851020119874,21.243798033728062,noise_dba,34
2025-12-22T12:10:12+01:00,d241a044-0a06-40c2-9d90-c91fd0a95060,40.99851020119874,21.243798033728062,pm10,10
2025-12-22T12:10:12+01:00,d241a044-0a06-40c2-9d90-c91fd0a95060,40.99851020119874,21.243798033728062,pm25,7
2025-12-22T12:10:12+01:00,d241a044-0a06-40c2-9d90-c91fd0a95060,40.99851020119874,21.243798033728062,pressure,889
2025-12-22T12:10:12+01:00,d241a044-0a06-40c2-9d90-c91fd0a95060,40.99851020119874,21.243798033728062,temperature,13
2025-12-22T12:25:44+01:00,d241a044-0a06-40c2-9d90-c91fd0a95060,40.99851020119874,21.243798033728062,gasResistance,670001
2025-12-22T12:25:44+01:00,d241a044-0a06-40c2-9d90-c91fd0a95060,40.99851020119874,21.243798033728062,humidity,51
2025-12-22T12:25:44+01:00,d241a044-0a06-40c2-9d90-c91fd0a95060,40.99851020119874,21.243798033728062,noise,22
2025-12-22T12:25:44+01:00,d241a044-0a06-40c2-9d90-c91fd0a95060,40.99851020119874,21.243798033728062,noise_dba,35
2025-12-22T12:25:44+01:00,d241a044-0a06-40c2-9d90-c91fd0a95060,40.99851020119874,21.243798033728062,pm10,14
2025-12-22T12:25:44+01:00,d241a044-0a06-40c2-9d90-c91fd0a95060,40.99851020119874,21.243798033728062,pm25,8
2025-12-22T12:25:44+01:00,d241a044-0a06-40c2-9d90-c91fd0a95060,40.99851020119874,21.243798033728062,pressure,889
2025-12-22T12:25:44+01:00,d241a044-0a06-40c2-9d90-c91fd0a95060,40.99851020119874,21.243798033728062,temperature,12
2025-12-22T12:41:15+01:00,d241a044-0a06-40c2-9d90-c91fd0a95060,40.99851020119874,21.243798033728062,gasResistance,662704
2025-12-22T12:41:15+01:00,d241a044-0a06-40c2-9d90-c91fd0a95060,40.99851020119874,21.243798033728062,humidity,49
2025-12-22T12:41:15+01:00,d241a044-0a06-40c2-9d90-c91fd0a95060,40.99851020119874,21.243798033728062,noise,21
2025-12-22T12:41:15+01:00,d241a044-0a06-40c2-9d90-c91fd0a95060,40.99851020119874,21.243798033728062,noise_dba,34
2025-12-22T12:41:15+01:00,d241a044-0a06-40c2-9d90-c91fd0a95060,40.99851020119874,21.243798033728062,pm10,12
2025-12-22T12:41:15+01:00,d241a044-0a06-40c2-9d90-c91fd0a95060,40.99851020119874,21.243798033728062,pm25,8
2025-12-22T12:41:15+01:00,d241a044-0a06-40c2-9d90-c91fd0a95060,40.99851020119874,21.243798033728062,pressure,889
2025-12-22T12:41:15+01:00,d241a044-0a06-40c2-9d90-c91fd0a95060,40.99851020119874,21.243798033728062,temperature,12
2025-12-22T12:56:47+01:00,d241a044-0a06-40c2-9d90-c91fd0a95060,40.99851020119874,21.243798033728062,gasResistance,662048
2025-12-22T12:56:47+01:00,d241a044-0a06-40c2-9d90-c91fd0a95060,40.99851020119874,21.243798033728062,humidity,49
2025-12-22T12:56:47+01:00,d241a044-0a06-40c2-9d90-c91fd0a95060,40.99851020119874,21.243798033728062,noise,21
2025-12-22T12:56:47+01:00,d241a044-0a06-40c2-9d90-c91fd0a95060,40.99851020119874,21.243798033728062,noise_dba,34
2025-12-22T12:56:47+01:00,d241a044-0a06-40c2-9d90-c91fd0a95060,40.99851020119874,21.243798033728062,pm10,12
2025-12-22T12:56:47+01:00,d241a044-0a06-40c2-9d90-c91fd0a95060,40.99851020119874,21.243798033728062,pm25,8
2025-12-22T12:56:47+01:00,d241a044-0a06-40c2-9d90-c91fd0a95060,40.99851020119874,21.243798033728062,pressure,889
2025-12-22T12:56:47+01:00,d241a044-0a06-40c2-9d90-c91fd0a95060,40.99851020119874,21.243798033728062,temperature,12
2025-12-22T13:12:18+01:00,d241a044-0a06-40c2-9d90-c91fd0a95060,40.99851020119874,21.243798033728062,gasResistance,672019
2025-12-22T13:12:18+01:00,d241a044-0a06-40c2-9d90-c91fd0a95060,40.99851020119874,21.243798033728062,humidity,50
2025-12-22T13:12:18+01:00,d241a044-0a06-40c2-9d90-c91fd0a95060,40.99851020119874,21.243798033728062,noise,21
2025-12-22T13:12:18+01:00,d241a044-0a06-40c2-9d90-c91fd0a95060,40.99851020119874,21.243798033728062,noise_dba,34
2025-12-22T13:12:18+01:00,d241a044-0a06-40c2-9d90-c91fd0a95060,40.99851020119874,21.243798033728062,pm10,14
2025-12-22T13:12:18+01:00,d241a044-0a06-40c2-9d90-c91fd0a95060,40.99851020119874,21.243798033728062,pm25,9
2025-12-22T13:12:18+01:00,d241a044-0a06-40c2-9d90-c91fd0a95060,40.99851020119874,21.243798033728062,pressure,889
2025-12-22T13:12:18+01:00,d241a044-0a06-40c2-9d90-c91fd0a95060,40.99851020119874,21.243798033728062,temperature,12
2025-12-22T13:27:50+01:00,d241a044-0a06-40c2-9d90-c91fd0a95060,40.99851020119874,21.243798033728062,gasResistance,657496
2025-12-22T13:27:50+01:00,d241a044-0a06-40c2-9d90-c91fd0a95060,40.99851020119874,21.243798033728062,humidity,53
2025-12-22T13:27:50+01:00,d241a044-0a06-40c2-9d90-c91fd0a95060,40.99851020119874,21.243798033728062,noise,21
2025-12-22T13:27:50+01:00,d241a044-0a06-40c2-9d90-c91fd0a95060,40.99851020119874,21.243798033728062,noise_dba,34
2025-12-22T13:27:50+01:00,d241a044-0a06-40c2-9d90-c91fd0a95060,40.99851020119874,21.243798033728062,pm10,19
2025-12-22T13:27:50+01:00,d241a044-0a06-40c2-9d90-c91fd0a95060,40.99851020119874,21.243798033728062,pm25,12
2025-12-22T13:27:50+01:00,d241a044-0a06-40c2-9d90-c91fd0a95060,40.99851020119874,21.243798033728062,pressure,889
2025-12-22T13:27:50+01:00,d241a044-0a06-40c2-9d90-c91fd0a95060,40.99851020119874,21.243798033728062,temperature,11
2025-12-22T13:43:22+01:00,d241a044-0a06-40c2-9d90-c91fd0a95060,40.99851020119874,21.243798033728062,gasResistance,633236
2025-12-22T13:43:22+01:00,d241a044-0a06-40c2-9d90-c91fd0a95060,40.99851020119874,21.243798033728062,humidity,55
2025-12-22T13:43:22+01:00,d241a044-0a06-40c2-9d90-c91fd0a95060,40.99851020119874,21.243798033728062,noise,22
2025-12-22T13:43:22+01:00,d241a044-0a06-40c2-9d90-c91fd0a95060,40.99851020119874,21.243798033728062,noise_dba,35
2025-12-22T13:43:22+01:00,d241a044-0a06-40c2-9d90-c91fd0a95060,40.99851020119874,21.243798033728062,pm10,23
2025-12-22T13:43:22+01:00,d241a044-0a06-40c2-9d90-c91fd0a95060,40.99851020119874,21.243798033728062,pm25,14
2025-12-22T13:43:22+01:00,d241a044-0a06-40c2-9d90-c91fd0a95060,40.99851020119874,21.243798033728062,pressure,889
2025-12-22T13:43:22+01:00,d241a044-0a06-40c2-9d90-c91fd0a95060,40.99851020119874,21.243798033728062,temperature,11
2025-12-22T13:58:53+01:00,d241a044-0a06-40c2-9d90-c91fd0a95060,40.99851020119874,21.243798033728062,gasResistance,618605
2025-12-22T13:58:53+01:00,d241a044-0a06-40c2-9d90-c91fd0a95060,40.99851020119874,21.243798033728062,humidity,57
2025-12-22T13:58:53+01:00,d241a044-0a06-40c2-9d90-c91fd0a95060,40.99851020119874,21.243798033728062,noise,22
2025-12-22T13:58:53+01:00,d241a044-0a06-40c2-9d90-c91fd0a95060,40.99851020119874,21.243798033728062,noise_dba,35
2025-12-22T13:58:53+01:00,d241a044-0a06-40c2-9d90-c91fd0a95060,40.99851020119874,21.243798033728062,pm10,21
2025-12-22T13:58:53+01:00,d241a044-0a06-40c2-9d90-c91fd0a95060,40.99851020119874,21.243798033728062,pm25,12
2025-12-22T13:58:53+01:00,d241a044-0a06-40c2-9d90-c91fd0a95060,40.99851020119874,21.243798033728062,pressure,889
2025-12-22T13:58:53+01:00,d241a044-0a06-40c2-9d90-c91fd0a95060,40.99851020119874,21.243798033728062,temperature,10
2025-12-22T14:14:25+01:00,d241a044-0a06-40c2-9d90-c91fd0a95060,40.99851020119874,21.243798033728062,gasResistance,603544
2025-12-22T14:14:25+01:00,d241a044-0a06-40c2-9d90-c91fd0a95060,40.99851020119874,21.243798033728062,humidity,57
2025-12-22T14:14:25+01:00,d241a044-0a06-40c2-9d90-c91fd0a95060,40.99851020119874,21.243798033728062,noise,21
2025-12-22T14:14:25+01:00,d241a044-0a06-40c2-9d90-c91fd0a95060,40.99851020119874,21.243798033728062,noise_dba,34
2025-12-22T14:14:25+01:00,d241a044-0a06-40c2-9d90-c91fd0a95060,40.99851020119874,21.243798033728062,pm10,20
2025-12-22T14:14:25+01:00,d241a044-0a06-40c2-9d90-c91fd0a95060,40.99851020119874,21.243798033728062,pm25,12
2025-12-22T14:14:25+01:00,d241a044-0a06-40c2-9d90-c91fd0a95060,40.99851020119874,21.243798033728062,pressure,889
2025-12-22T14:14:25+01:00,d241a044-0a06-40c2-9d90-c91fd0a95060,40.99851020119874,21.243798033728062,temperature,10
2025-12-22T14:29:58+01:00,d241a044-0a06-40c2-9d90-c91fd0a95060,40.99851020119874,21.243798033728062,gasResistance,572567
2025-12-22T14:29:58+01:00,d241a044-0a06-40c2-9d90-c91fd0a95060,40.99851020119874,21.243798033728062,humidity,58
2025-12-22T14:29:58+01:00,d241a044-0a06-40c2-9d90-c91fd0a95060,40.99851020119874,21.243798033728062,noise,22
2025-12-22T14:29:58+01:00,d241a044-0a06-40c2-9d90-c91fd0a95060,40.99851020119874,21.243798033728062,noise_dba,35
2025-12-22T14:29:58+01:00,d241a044-0a06-40c2-9d90-c91fd0a95060,40.99851020119874,21.243798033728062,pm10,37
2025-12-22T14:29:58+01:00,d241a044-0a06-40c2-9d90-c91fd0a95060,40.99851020119874,21.243798033728062,pm25,20
2025-12-22T14:29:58+01:00,d241a044-0a06-40c2-9d90-c91fd0a95060,40.99851020119874,21.243798033728062,pressure,889
2025-12-22T14:29:58+01:00,d241a044-0a06-40c2-9d90-c91fd0a95060,40.99851020119874,21.243798033728062,temperature,10
2025-12-22T14:45:31+01:00,d241a044-0a06-40c2-9d90-c91fd0a95060,40.99851020119874,21.243798033728062,gasResistance,542847
2025-12-22T14:45:31+01:00,d241a044-0a06-40c2-9d90-c91fd0a95060,40.99851020119874,21.243798033728062,humidity,59
2025-12-22T14:45:31+01:00,d241a044-0a06-40c2-9d90-c91fd0a95060,40.99851020119874,21.243798033728062,noise,21
2025-12-22T14:45:31+01:00,d241a044-0a06-40c2-9d90-c91fd0a95060,40.99851020119874,21.243798033728062,noise_dba,34
2025-12-22T14:45:31+01:00,d241a044-0a06-40c2-9d90-c91fd0a95060,40.99851020119874,21.243798033728062,pm10,27
2025-12-22T14:45:31+01:00,d241a044-0a06-40c2-9d90-c91fd0a95060,40.99851020119874,21.243798033728062,pm25,16
2025-12-22T14:45:31+01:00,d241a044-0a06-40c2-9d90-c91fd0a95060,40.99851020119874,21.243798033728062,pressure,889
2025-12-22T14:45:31+01:00,d241a044-0a06-40c2-9d90-c91fd0a95060,40.99851020119874,21.243798033728062,temperature,9
2025-12-22T15:01:02+01:00,d241a044-0a06-40c2-9d90-c91fd0a95060,40.99851020119874,21.243798033728062,gasResistance,533757
2025-12-22T15:01:02+01:00,d241a044-0a06-40c2-9d90-c91fd0a95060,40.99851020119874,21.243798033728062,humidity,59
2025-12-22T15:01:02+01:00,d241a044-0a06-40c2-9d90-c91fd0a95060,40.99851020119874,21.243798033728062,noise,22
2025-12-22T15:01:02+01:00,d241a044-0a06-40c2-9d90-c91fd0a95060,40.99851020119874,21.243798033728062,noise_dba,35
2025-12-22T15:01:02+01:00,d241a044-0a06-40c2-9d90-c91fd0a95060,40.99851020119874,21.243798033728062,pm10,20
2025-12-22T15:01:02+01:00,d241a044-0a06-40c2-9d90-c91fd0a95060,40.99851020119874,21.243798033728062,pm25,12
2025-12-22T15:01:02+01:00,d241a044-0a06-40c2-9d90-c91fd0a95060,40.99851020119874,21.243798033728062,pressure,889
2025-12-22T15:01:02+01:00,d241a044-0a06-40c2-9d90-c91fd0a95060,40.99851020119874,21.243798033728062,temperature,9
2025-12-22T15:16:35+01:00,d241a044-0a06-40c2-9d90-c91fd0a95060,40.99851020119874,21.243798033728062,gasResistance,529953
2025-12-22T15:16:35+01:00,d241a044-0a06-40c2-9d90-c91fd0a95060,40.99851020119874,21.243798033728062,humidity,60
2025-12-22T15:16:35+01:00,d241a044-0a06-40c2-9d90-c91fd0a95060,40.99851020119874,21.243798033728062,noise,23
2025-12-22T15:16:35+01:00,d241a044-0a06-40c2-9d90-c91fd0a95060,40.99851020119874,21.243798033728062,noise_dba,36
2025-12-22T15:16:35+01:00,d241a044-0a06-40c2-9d90-c91fd0a95060,40.99851020119874,21.243798033728062,pm10,27
2025-12-22T15:16:35+01:00,d241a044-0a06-40c2-9d90-c91fd0a95060,40.99851020119874,21.243798033728062,pm25,15
2025-12-22T15:16:35+01:00,d241a044-0a06-40c2-9d90-c91fd0a95060,40.99851020119874,21.243798033728062,pressure,889
2025-12-22T15:16:35+01:00,d241a044-0a06-40c2-9d90-c91fd0a95060,40.99851020119874,21.243798033728062,temperature,9
2025-12-22T15:32:07+01:00,d241a044-0a06-40c2-9d90-c91fd0a95060,40.99851020119874,21.243798033728062,gasResistance,514474
2025-12-22T15:32:07+01:00,d241a044-0a06-40c2-9d90-c91fd0a95060,40.99851020119874,21.243798033728062,humidity,60
2025-12-22T15:32:07+01:00,d241a044-0a06-40c2-9d90-c91fd0a95060,40.99851020119874,21.243798033728062,noise,21
2025-12-22T15:32:07+01:00,d241a044-0a06-40c2-9d90-c91fd0a95060,40.99851020119874,21.243798033728062,noise_dba,34
2025-12-22T15:32:07+01:00,d241a044-0a06-40c2-9d90-c91fd0a95060,40.99851020119874,21.243798033728062,pm10,43
2025-12-22T15:32:07+01:00,d241a044-0a06-40c2-9d90-c91fd0a95060,40.99851020119874,21.243798033728062,pm25,22
2025-12-22T15:32:07+01:00,d241a044-0a06-40c2-9d90-c91fd0a95060,40.99851020119874,21.243798033728062,pressure,889
2025-12-22T15:32:07+01:00,d241a044-0a06-40c2-9d90-c91fd0a95060,40.99851020119874,21.243798033728062,temperature,9
2025-12-22T15:47:40+01:00,d241a044-0a06-40c2-9d90-c91fd0a95060,40.99851020119874,21.243798033728062,gasResistance,498385
2025-12-22T15:47:40+01:00,d241a044-0a06-40c2-9d90-c91fd0a95060,40.99851020119874,21.243798033728062,humidity,61
2025-12-22T15:47:40+01:00,d241a044-0a06-40c2-9d90-c91fd0a95060,40.99851020119874,21.243798033728062,noise,22
2025-12-22T15:47:40+01:00,d241a044-0a06-40c2-9d90-c91fd0a95060,40.99851020119874,21.243798033728062,noise_dba,35
2025-12-22T15:47:40+01:00,d241a044-0a06-40c2-9d90-c91fd0a95060,40.99851020119874,21.243798033728062,pm10,28
2025-12-22T15:47:40+01:00,d241a044-0a06-40c2-9d90-c91fd0a95060,40.99851020119874,21.243798033728062,pm25,16
2025-12-22T15:47:40+01:00,d241a044-0a06-40c2-9d90-c91fd0a95060,40.99851020119874,21.243798033728062,pressure,889
2025-12-22T15:47:40+01:00,d241a044-0a06-40c2-9d90-c91fd0a95060,40.99851020119874,21.243798033728062,temperature,9
2025-12-22T16:03:13+01:00,d241a044-0a06-40c2-9d90-c91fd0a95060,40.99851020119874,21.243798033728062,gasResistance,479807
2025-12-22T16:03:13+01:00,d241a044-0a06-40c2-9d90-c91fd0a95060,40.99851020119874,21.243798033728062,humidity,62
2025-12-22T16:03:13+01:00,d241a044-0a06-40c2-9d90-c91fd0a95060,40.99851020119874,21.243798033728062,noise,21
2025-12-22T16:03:13+01:00,d241a044-0a06-40c2-9d90-c91fd0a95060,40.99851020119874,21.243798033728062,noise_dba,34
2025-12-22T16:03:13+01:00,d241a044-0a06-40c2-9d90-c91fd0a95060,40.99851020119874,21.243798033728062,pm10,23
2025-12-22T16:03:13+01:00,d241a044-0a06-40c2-9d90-c91fd0a95060,40.99851020119874,21.243798033728062,pm25,13
2025-12-22T16:03:13+01:00,d241a044-0a06-40c2-9d90-c91fd0a95060,40.99851020119874,21.243798033728062,pressure,890
2025-12-22T16:03:13+01:00,d241a044-0a06-40c2-9d90-c91fd0a95060,40.99851020119874,21.243798033728062,temperature,8
2025-12-22T16:18:46+01:00,d241a044-0a06-40c2-9d90-c91fd0a95060,40.99851020119874,21.243798033728062,gasResistance,458446
2025-12-22T16:18:46+01:00,d241a044-0a06-40c2-9d90-c91fd0a95060,40.99851020119874,21.243798033728062,humidity,62
2025-12-22T16:18:46+01:00,d241a044-0a06-40c2-9d90-c91fd0a95060,40.99851020119874,21.243798033728062,noise,22
2025-12-22T16:18:46+01:00,d241a044-0a06-40c2-9d90-c91fd0a95060,40.99851020119874,21.243798033728062,noise_dba,35
2025-12-22T16:18:46+01:00,d241a044-0a06-40c2-9d90-c91fd0a95060,40.99851020119874,21.243798033728062,pm10,26
2025-12-22T16:18:46+01:00,d241a044-0a06-40c2-9d90-c91fd0a95060,40.99851020119874,21.243798033728062,pm25,14
2025-12-22T16:18:46+01:00,d241a044-0a06-40c2-9d90-c91fd0a95060,40.99851020119874,21.243798033728062,pressure,890
2025-12-22T16:18:46+01:00,d241a044-0a06-40c2-9d90-c91fd0a95060,40.99851020119874,21.243798033728062,temperature,8
2025-12-22T16:34:19+01:00,d241a044-0a06-40c2-9d90-c91fd0a95060,40.99851020119874,21.243798033728062,gasResistance,433785
2025-12-22T16:34:19+01:00,d241a044-0a06-40c2-9d90-c91fd0a95060,40.99851020119874,21.243798033728062,humidity,62
2025-12-22T16:34:19+01:00,d241a044-0a06-40c2-9d90-c91fd0a95060,40.99851020119874,21.243798033728062,noise,24
2025-12-22T16:34:19+01:00,d241a044-0a06-40c2-9d90-c91fd0a95060,40.99851020119874,21.243798033728062,noise_dba,36
2025-12-22T16:34:19+01:00,d241a044-0a06-40c2-9d90-c91fd0a95060,40.99851020119874,21.243798033728062,pm10,27
2025-12-22T16:34:19+01:00,d241a044-0a06-40c2-9d90-c91fd0a95060,40.99851020119874,21.243798033728062,pm25,15
2025-12-22T16:34:19+01:00,d241a044-0a06-40c2-9d90-c91fd0a95060,40.99851020119874,21.243798033728062,pressure,890
2025-12-22T16:34:19+01:00,d241a044-0a06-40c2-9d90-c91fd0a95060,40.99851020119874,21.243798033728062,temperature,8
2025-12-22T16:49:51+01:00,d241a044-0a06-40c2-9d90-c91fd0a95060,40.99851020119874,21.243798033728062,gasResistance,403698
2025-12-22T16:49:51+01:00,d241a044-0a06-40c2-9d90-c91fd0a95060,40.99851020119874,21.243798033728062,humidity,65
2025-12-22T16:49:51+01:00,d241a044-0a06-40c2-9d90-c91fd0a95060,40.99851020119874,21.243798033728062,noise,24
2025-12-22T16:49:51+01:00,d241a044-0a06-40c2-9d90-c91fd0a95060,40.99851020119874,21.243798033728062,noise_dba,36
2025-12-22T16:49:51+01:00,d241a044-0a06-40c2-9d90-c91fd0a95060,40.99851020119874,21.243798033728062,pm10,25
2025-12-22T16:49:51+01:00,d241a044-0a06-40c2-9d90-c91fd0a95060,40.99851020119874,21.243798033728062,pm25,16
2025-12-22T16:49:51+01:00,d241a044-0a06-40c2-9d90-c91fd0a95060,40.99851020119874,21.243798033728062,pressure,890
2025-12-22T16:49:51+01:00,d241a044-0a06-40c2-9d90-c91fd0a95060,40.99851020119874,21.243798033728062,temperature,8
2025-12-22T17:05:23+01:00,d241a044-0a06-40c2-9d90-c91fd0a95060,40.99851020119874,21.243798033728062,gasResistance,384452
2025-12-22T17:05:23+01:00,d241a044-0a06-40c2-9d90-c91fd0a95060,40.99851020119874,21.243798033728062,humidity,68
2025-12-22T17:05:23+01:00,d241a044-0a06-40c2-9d90-c91fd0a95060,40.99851020119874,21.243798033728062,noise,25
2025-12-22T17:05:23+01:00,d241a044-0a06-40c2-9d90-c91fd0a95060,40.99851020119874,21.243798033728062,noise_dba,37
2025-12-22T17:05:23+01:00,d241a044-0a06-40c2-9d90-c91fd0a95060,40.99851020119874,21.243798033728062,pm10,26
2025-12-22T17:05:23+01:00,d241a044-0a06-40c2-9d90-c91fd0a95060,40.99851020119874,21.243798033728062,pm25,15
2025-12-22T17:05:23+01:00,d241a044-0a06-40c2-9d90-c91fd0a95060,40.99851020119874,21.243798033728062,pressure,890
2025-12-22T17:05:23+01:00,d241a044-0a06-40c2-9d90-c91fd0a95060,40.99851020119874,21.243798033728062,temperature,7
2025-12-22T17:20:55+01:00,d241a044-0a06-40c2-9d90-c91fd0a95060,40.99851020119874,21.243798033728062,gasResistance,360886
2025-12-22T17:20:55+01:00,d241a044-0a06-40c2-9d90-c91fd0a95060,40.99851020119874,21.243798033728062,humidity,68
2025-12-22T17:20:55+01:00,d241a044-0a06-40c2-9d90-c91fd0a95060,40.99851020119874,21.243798033728062,noise,30
2025-12-22T17:20:55+01:00,d241a044-0a06-40c2-9d90-c91fd0a95060,40.99851020119874,21.243798033728062,noise_dba,40
2025-12-22T17:20:55+01:00,d241a044-0a06-40c2-9d90-c91fd0a95060,40.99851020119874,21.243798033728062,pm10,24
2025-12-22T17:20:55+01:00,d241a044-0a06-40c2-9d90-c91fd0a95060,40.99851020119874,21.243798033728062,pm25,13
2025-12-22T17:20:55+01:00,d241a044-0a06-40c2-9d90-c91fd0a95060,40.99851020119874,21.243798033728062,pressure,890
2025-12-22T17:20:55+01:00,d241a044-0a06-40c2-9d90-c91fd0a95060,40.99851020119874,21.243798033728062,temperature,7
2025-12-22T17:36:31+01:00,d241a044-0a06-40c2-9d90-c91fd0a95060,40.99851020119874,21.243798033728062,gasResistance,359311
2025-12-22T17:36:31+01:00,d241a044-0a06-40c2-9d90-c91fd0a95060,40.99851020119874,21.243798033728062,humidity,69
2025-12-22T17:36:31+01:00,d241a044-0a06-40c2-9d90-c91fd0a95060,40.99851020119874,21.243798033728062,noise,28
2025-12-22T17:36:31+01:00,d241a044-0a06-40c2-9d90-c91fd0a95060,40.99851020119874,21.243798033728062,noise_dba,39
2025-12-22T17:36:31+01:00,d241a044-0a06-40c2-9d90-c91fd0a95060,40.99851020119874,21.243798033728062,pm10,20
2025-12-22T17:36:31+01:00,d241a044-0a06-40c2-9d90-c91fd0a95060,40.99851020119874,21.243798033728062,pm25,11
2025-12-22T17:36:31+01:00,d241a044-0a06-40c2-9d90-c91fd0a95060,40.99851020119874,21.243798033728062,pressure,890
2025-12-22T17:36:31+01:00,d241a044-0a06-40c2-9d90-c91fd0a95060,40.99851020119874,21.243798033728062,temperature,7
2025-12-22T17:52:03+01:00,d241a044-0a06-40c2-9d90-c91fd0a95060,40.99851020119874,21.243798033728062,gasResistance,364884
2025-12-22T17:52:03+01:00,d241a044-0a06-40c2-9d90-c91fd0a95060,40.99851020119874,21.243798033728062,humidity,65
2025-12-22T17:52:03+01:00,d241a044-0a06-40c2-9d90-c91fd0a95060,40.99851020119874,21.243798033728062,noise,21
2025-12-22T17:52:03+01:00,d241a044-0a06-40c2-9d90-c91fd0a95060,40.99851020119874,21.243798033728062,noise_dba,34
2025-12-22T17:52:03+01:00,d241a044-0a06-40c2-9d90-c91fd0a95060,40.99851020119874,21.243798033728062,pm10,20
2025-12-22T17:52:03+01:00,d241a044-0a06-40c2-9d90-c91fd0a95060,40.99851020119874,21.243798033728062,pm25,11
2025-12-22T17:52:03+01:00,d241a044-0a06-40c2-9d90-c91fd0a95060,40.99851020119874,21.243798033728062,pressure,890
2025-12-22T17:52:03+01:00,d241a044-0a06-40c2-9d90-c91fd0a95060,40.99851020119874,21.243798033728062,temperature,7
2025-12-22T18:07:35+01:00,d241a044-0a06-40c2-9d90-c91fd0a95060,40.99851020119874,21.243798033728062,gasResistance,363676
2025-12-22T18:07:35+01:00,d241a044-0a06-40c2-9d90-c91fd0a95060,40.99851020119874,21.243798033728062,humidity,65
2025-12-22T18:07:35+01:00,d241a044-0a06-40c2-9d90-c91fd0a95060,40.99851020119874,21.243798033728062,noise,22
2025-12-22T18:07:35+01:00,d241a044-0a06-40c2-9d90-c91fd0a95060,40.99851020119874,21.243798033728062,noise_dba,35
2025-12-22T18:07:35+01:00,d241a044-0a06-40c2-9d90-c91fd0a95060,40.99851020119874,21.243798033728062,pm10,17
2025-12-22T18:07:35+01:00,d241a044-0a06-40c2-9d90-c91fd0a95060,40.99851020119874,21.243798033728062,pm25,10
2025-12-22T18:07:35+01:00,d241a044-0a06-40c2-9d90-c91fd0a95060,40.99851020119874,21.243798033728062,pressure,890
2025-12-22T18:07:35+01:00,d241a044-0a06-40c2-9d90-c91fd0a95060,40.99851020119874,21.243798033728062,temperature,7
2025-12-22T18:23:07+01:00,d241a044-0a06-40c2-9d90-c91fd0a95060,40.99851020119874,21.243798033728062,gasResistance,356974
2025-12-22T18:23:07+01:00,d241a044-0a06-40c2-9d90-c91fd0a95060,40.99851020119874,21.243798033728062,humidity,67
2025-12-22T18:23:07+01:00,d241a044-0a06-40c2-9d90-c91fd0a95060,40.99851020119874,21.243798033728062,noise,21
2025-12-22T18:23:07+01:00,d241a044-0a06-40c2-9d90-c91fd0a95060,40.99851020119874,21.243798033728062,noise_dba,34
2025-12-22T18:23:07+01:00,d241a044-0a06-40c2-9d90-c91fd0a95060,40.99851020119874,21.243798033728062,pm10,16
2025-12-22T18:23:07+01:00,d241a044-0a06-40c2-9d90-c91fd0a95060,40.99851020119874,21.243798033728062,pm25,9
2025-12-22T18:23:07+01:00,d241a044-0a06-40c2-9d90-c91fd0a95060,40.99851020119874,21.243798033728062,pressure,890
2025-12-22T18:23:07+01:00,d241a044-0a06-40c2-9d90-c91fd0a95060,40.99851020119874,21.243798033728062,temperature,7
2025-12-22T18:38:40+01:00,d241a044-0a06-40c2-9d90-c91fd0a95060,40.99851020119874,21.243798033728062,gasResistance,339321
2025-12-22T18:38:40+01:00,d241a044-0a06-40c2-9d90-c91fd0a95060,40.99851020119874,21.243798033728062,humidity,68
2025-12-22T18:38:40+01:00,d241a044-0a06-40c2-9d90-c91fd0a95060,40.99851020119874,21.243798033728062,noise,30
2025-12-22T18:38:40+01:00,d241a044-0a06-40c2-9d90-c91fd0a95060,40.99851020119874,21.243798033728062,noise_dba,40
2025-12-22T18:38:40+01:00,d241a044-0a06-40c2-9d90-c91fd0a95060,40.99851020119874,21.243798033728062,pm10,15
2025-12-22T18:38:40+01:00,d241a044-0a06-40c2-9d90-c91fd0a95060,40.99851020119874,21.243798033728062,pm25,9
2025-12-22T18:38:40+01:00,d241a044-0a06-40c2-9d90-c91fd0a95060,40.99851020119874,21.243798033728062,pressure,890
2025-12-22T18:38:40+01:00,d241a044-0a06-40c2-9d90-c91fd0a95060,40.99851020119874,21.243798033728062,temperature,6
2025-12-22T18:54:02+01:00,d241a044-0a06-40c2-9d90-c91fd0a95060,40.99851020119874,21.243798033728062,gasResistance,323331
2025-12-22T18:54:02+01:00,d241a044-0a06-40c2-9d90-c91fd0a95060,40.99851020119874,21.243798033728062,humidity,70
2025-12-22T18:54:02+01:00,d241a044-0a06-40c2-9d90-c91fd0a95060,40.99851020119874,21.243798033728062,noise,25
2025-12-22T18:54:02+01:00,d241a044-0a06-40c2-9d90-c91fd0a95060,40.99851020119874,21.243798033728062,noise_dba,37
2025-12-22T18:54:02+01:00,d241a044-0a06-40c2-9d90-c91fd0a95060,40.99851020119874,21.243798033728062,pressure,890
2025-12-22T18:54:02+01:00,d241a044-0a06-40c2-9d90-c91fd0a95060,40.99851020119874,21.243798033728062,temperature,6
2025-12-22T19:09:35+01:00,d241a044-0a06-40c2-9d90-c91fd0a95060,40.99851020119874,21.243798033728062,gasResistance,314981
2025-12-22T19:09:35+01:00,d241a044-0a06-40c2-9d90-c91fd0a95060,40.99851020119874,21.243798033728062,humidity,69
2025-12-22T19:09:35+01:00,d241a044-0a06-40c2-9d90-c91fd0a95060,40.99851020119874,21.243798033728062,noise,26
2025-12-22T19:09:35+01:00,d241a044-0a06-40c2-9d90-c91fd0a95060,40.99851020119874,21.243798033728062,noise_dba,38
2025-12-22T19:09:35+01:00,d241a044-0a06-40c2-9d90-c91fd0a95060,40.99851020119874,21.243798033728062,pm10,15
2025-12-22T19:09:35+01:00,d241a044-0a06-40c2-9d90-c91fd0a95060,40.99851020119874,21.243798033728062,pm25,9
2025-12-22T19:09:35+01:00,d241a044-0a06-40c2-9d90-c91fd0a95060,40.99851020119874,21.243798033728062,pressure,890
2025-12-22T19:09:35+01:00,d241a044-0a06-40c2-9d90-c91fd0a95060,40.99851020119874,21.243798033728062,temperature,6
2025-12-22T19:24:57+01:00,d241a044-0a06-40c2-9d90-c91fd0a95060,40.99851020119874,21.243798033728062,gasResistance,318023
2025-12-22T19:24:57+01:00,d241a044-0a06-40c2-9d90-c91fd0a95060,40.99851020119874,21.243798033728062,humidity,70
2025-12-22T19:24:57+01:00,d241a044-0a06-40c2-9d90-c91fd0a95060,40.99851020119874,21.243798033728062,noise,26
2025-12-22T19:24:57+01:00,d241a044-0a06-40c2-9d90-c91fd0a95060,40.99851020119874,21.243798033728062,noise_dba,38
2025-12-22T19:24:57+01:00,d241a044-0a06-40c2-9d90-c91fd0a95060,40.99851020119874,21.243798033728062,pressure,890
2025-12-22T19:24:57+01:00,d241a044-0a06-40c2-9d90-c91fd0a95060,40.99851020119874,21.243798033728062,temperature,6
2025-12-22T19:40:29+01:00,d241a044-0a06-40c2-9d90-c91fd0a95060,40.99851020119874,21.243798033728062,gasResistance,316799
2025-12-22T19:40:29+01:00,d241a044-0a06-40c2-9d90-c91fd0a95060,40.99851020119874,21.243798033728062,humidity,69
2025-12-22T19:40:29+01:00,d241a044-0a06-40c2-9d90-c91fd0a95060,40.99851020119874,21.243798033728062,noise,30
2025-12-22T19:40:29+01:00,d241a044-0a06-40c2-9d90-c91fd0a95060,40.99851020119874,21.243798033728062,noise_dba,40
2025-12-22T19:40:29+01:00,d241a044-0a06-40c2-9d90-c91fd0a95060,40.99851020119874,21.243798033728062,pm10,13
2025-12-22T19:40:29+01:00,d241a044-0a06-40c2-9d90-c91fd0a95060,40.99851020119874,21.243798033728062,pm25,7
2025-12-22T19:40:29+01:00,d241a044-0a06-40c2-9d90-c91fd0a95060,40.99851020119874,21.243798033728062,pressure,890
2025-12-22T19:40:29+01:00,d241a044-0a06-40c2-9d90-c91fd0a95060,40.99851020119874,21.243798033728062,temperature,6
2025-12-22T19:56:02+01:00,d241a044-0a06-40c2-9d90-c91fd0a95060,40.99851020119874,21.243798033728062,gasResistance,311998
2025-12-22T19:56:02+01:00,d241a044-0a06-40c2-9d90-c91fd0a95060,40.99851020119874,21.243798033728062,humidity,68
2025-12-22T19:56:02+01:00,d241a044-0a06-40c2-9d90-c91fd0a95060,40.99851020119874,21.243798033728062,noise,26
2025-12-22T19:56:02+01:00,d241a044-0a06-40c2-9d90-c91fd0a95060,40.99851020119874,21.243798033728062,noise_dba,38
2025-12-22T19:56:02+01:00,d241a044-0a06-40c2-9d90-c91fd0a95060,40.99851020119874,21.243798033728062,pm10,15
2025-12-22T19:56:02+01:00,d241a044-0a06-40c2-9d90-c91fd0a95060,40.99851020119874,21.243798033728062,pm25,8
2025-12-22T19:56:02+01:00,d241a044-0a06-40c2-9d90-c91fd0a95060,40.99851020119874,21.243798033728062,pressure,890
2025-12-22T19:56:02+01:00,d241a044-0a06-40c2-9d90-c91fd0a95060,40.99851020119874,21.243798033728062,temperature,6
2025-12-22T20:11:34+01:00,d241a044-0a06-40c2-9d90-c91fd0a95060,40.99851020119874,21.243798033728062,gasResistance,304216
2025-12-22T20:11:34+01:00,d241a044-0a06-40c2-9d90-c91fd0a95060,40.99851020119874,21.243798033728062,humidity,71
2025-12-22T20:11:34+01:00,d241a044-0a06-40c2-9d90-c91fd0a95060,40.99851020119874,21.243798033728062,noise,22
2025-12-22T20:11:34+01:00,d241a044-0a06-40c2-9d90-c91fd0a95060,40.99851020119874,21.243798033728062,noise_dba,35
2025-12-22T20:11:34+01:00,d241a044-0a06-40c2-9d90-c91fd0a95060,40.99851020119874,21.243798033728062,pm10,14
2025-12-22T20:11:34+01:00,d241a044-0a06-40c2-9d90-c91fd0a95060,40.99851020119874,21.243798033728062,pm25,8
2025-12-22T20:11:34+01:00,d241a044-0a06-40c2-9d90-c91fd0a95060,40.99851020119874,21.243798033728062,pressure,890
2025-12-22T20:11:34+01:00,d241a044-0a06-40c2-9d90-c91fd0a95060,40.99851020119874,21.243798033728062,temperature,6
2025-12-22T20:27:07+01:00,d241a044-0a06-40c2-9d90-c91fd0a95060,40.99851020119874,21.243798033728062,gasResistance,298157
2025-12-22T20:27:07+01:00,d241a044-0a06-40c2-9d90-c91fd0a95060,40.99851020119874,21.243798033728062,humidity,73
2025-12-22T20:27:07+01:00,d241a044-0a06-40c2-9d90-c91fd0a95060,40.99851020119874,21.243798033728062,noise,26
2025-12-22T20:27:07+01:00,d241a044-0a06-40c2-9d90-c91fd0a95060,40.99851020119874,21.243798033728062,noise_dba,38
2025-12-22T20:27:07+01:00,d241a044-0a06-40c2-9d90-c91fd0a95060,40.99851020119874,21.243798033728062,pm10,14
2025-12-22T20:27:07+01:00,d241a044-0a06-40c2-9d90-c91fd0a95060,40.99851020119874,21.243798033728062,pm25,7
2025-12-22T20:27:07+01:00,d241a044-0a06-40c2-9d90-c91fd0a95060,40.99851020119874,21.243798033728062,pressure,890
2025-12-22T20:27:07+01:00,d241a044-0a06-40c2-9d90-c91fd0a95060,40.99851020119874,21.243798033728062,temperature,5
2025-12-22T20:42:39+01:00,d241a044-0a06-40c2-9d90-c91fd0a95060,40.99851020119874,21.243798033728062,gasResistance,296280
2025-12-22T20:42:39+01:00,d241a044-0a06-40c2-9d90-c91fd0a95060,40.99851020119874,21.243798033728062,humidity,69
2025-12-22T20:42:39+01:00,d241a044-0a06-40c2-9d90-c91fd0a95060,40.99851020119874,21.243798033728062,noise,20
2025-12-22T20:42:39+01:00,d241a044-0a06-40c2-9d90-c91fd0a95060,40.99851020119874,21.243798033728062,noise_dba,34
2025-12-22T20:42:39+01:00,d241a044-0a06-40c2-9d90-c91fd0a95060,40.99851020119874,21.243798033728062,pm10,11
2025-12-22T20:42:39+01:00,d241a044-0a06-40c2-9d90-c91fd0a95060,40.99851020119874,21.243798033728062,pm25,6
2025-12-22T20:42:39+01:00,d241a044-0a06-40c2-9d90-c91fd0a95060,40.99851020119874,21.243798033728062,pressure,890
2025-12-22T20:42:39+01:00,d241a044-0a06-40c2-9d90-c91fd0a95060,40.99851020119874,21.243798033728062,temperature,5
2025-12-22T20:58:12+01:00,d241a044-0a06-40c2-9d90-c91fd0a95060,40.99851020119874,21.243798033728062,gasResistance,300607
2025-12-22T20:58:12+01:00,d241a044-0a06-40c2-9d90-c91fd0a95060,40.99851020119874,21.243798033728062,humidity,72
2025-12-22T20:58:12+01:00,d241a044-0a06-40c2-9d90-c91fd0a95060,40.99851020119874,21.243798033728062,noise,21
2025-12-22T20:58:12+01:00,d241a044-0a06-40c2-9d90-c91fd0a95060,40.99851020119874,21.243798033728062,noise_dba,34
2025-12-22T20:58:12+01:00,d241a044-0a06-40c2-9d90-c91fd0a95060,40.99851020119874,21.243798033728062,pm10,11
2025-12-22T20:58:12+01:00,d241a044-0a06-40c2-9d90-c91fd0a95060,40.99851020119874,21.243798033728062,pm25,7
2025-12-22T20:58:12+01:00,d241a044-0a06-40c2-9d90-c91fd0a95060,40.99851020119874,21.243798033728062,pressure,890
2025-12-22T20:58:12+01:00,d241a044-0a06-40c2-9d90-c91fd0a95060,40.99851020119874,21.243798033728062,temperature,5
2025-12-22T21:13:45+01:00,d241a044-0a06-40c2-9d90-c91fd0a95060,40.99851020119874,21.243798033728062,gasResistance,298969
2025-12-22T21:13:45+01:00,d241a044-0a06-40c2-9d90-c91fd0a95060,40.99851020119874,21.243798033728062,humidity,69
2025-12-22T21:13:45+01:00,d241a044-0a06-40c2-9d90-c91fd0a95060,40.99851020119874,21.243798033728062,noise,21
2025-12-22T21:13:45+01:00,d241a044-0a06-40c2-9d90-c91fd0a95060,40.99851020119874,21.243798033728062,noise_dba,34
2025-12-22T21:13:45+01:00,d241a044-0a06-40c2-9d90-c91fd0a95060,40.99851020119874,21.243798033728062,pm10,12
2025-12-22T21:13:45+01:00,d241a044-0a06-40c2-9d90-c91fd0a95060,40.99851020119874,21.243798033728062,pm25,6
2025-12-22T21:13:45+01:00,d241a044-0a06-40c2-9d90-c91fd0a95060,40.99851020119874,21.243798033728062,pressure,890
2025-12-22T21:13:45+01:00,d241a044-0a06-40c2-9d90-c91fd0a95060,40.99851020119874,21.243798033728062,temperature,5
2025-12-22T21:29:17+01:00,d241a044-0a06-40c2-9d90-c91fd0a95060,40.99851020119874,21.243798033728062,gasResistance,296814
2025-12-22T21:29:17+01:00,d241a044-0a06-40c2-9d90-c91fd0a95060,40.99851020119874,21.243798033728062,humidity,70
2025-12-22T21:29:17+01:00,d241a044-0a06-40c2-9d90-c91fd0a95060,40.99851020119874,21.243798033728062,noise,25
2025-12-22T21:29:17+01:00,d241a044-0a06-40c2-9d90-c91fd0a95060,40.99851020119874,21.243798033728062,noise_dba,37
2025-12-22T21:29:17+01:00,d241a044-0a06-40c2-9d90-c91fd0a95060,40.99851020119874,21.243798033728062,pm10,12
2025-12-22T21:29:17+01:00,d241a044-0a06-40c2-9d90-c91fd0a95060,40.99851020119874,21.243798033728062,pm25,7
2025-12-22T21:29:17+01:00,d241a044-0a06-40c2-9d90-c91fd0a95060,40.99851020119874,21.243798033728062,pressure,890
2025-12-22T21:29:17+01:00,d241a044-0a06-40c2-9d90-c91fd0a95060,40.99851020119874,21.243798033728062,temperature,5
2025-12-22T21:44:49+01:00,d241a044-0a06-40c2-9d90-c91fd0a95060,40.99851020119874,21.243798033728062,gasResistance,288494
2025-12-22T21:44:49+01:00,d241a044-0a06-40c2-9d90-c91fd0a95060,40.99851020119874,21.243798033728062,humidity,70
2025-12-22T21:44:49+01:00,d241a044-0a06-40c2-9d90-c91fd0a95060,40.99851020119874,21.243798033728062,noise,21
2025-12-22T21:44:49+01:00,d241a044-0a06-40c2-9d90-c91fd0a95060,40.99851020119874,21.243798033728062,noise_dba,34
2025-12-22T21:44:49+01:00,d241a044-0a06-40c2-9d90-c91fd0a95060,40.99851020119874,21.243798033728062,pm10,9
2025-12-22T21:44:49+01:00,d241a044-0a06-40c2-9d90-c91fd0a95060,40.99851020119874,21.243798033728062,pm25,5
2025-12-22T21:44:49+01:00,d241a044-0a06-40c2-9d90-c91fd0a95060,40.99851020119874,21.243798033728062,pressure,890
2025-12-22T21:44:49+01:00,d241a044-0a06-40c2-9d90-c91fd0a95060,40.99851020119874,21.243798033728062,temperature,5
2025-12-22T22:00:21+01:00,d241a044-0a06-40c2-9d90-c91fd0a95060,40.99851020119874,21.243798033728062,gasResistance,288747
2025-12-22T22:00:21+01:00,d241a044-0a06-40c2-9d90-c91fd0a95060,40.99851020119874,21.243798033728062,humidity,72
2025-12-22T22:00:21+01:00,d241a044-0a06-40c2-9d90-c91fd0a95060,40.99851020119874,21.243798033728062,noise,30
2025-12-22T22:00:21+01:00,d241a044-0a06-40c2-9d90-c91fd0a95060,40.99851020119874,21.243798033728062,noise_dba,40
2025-12-22T22:00:21+01:00,d241a044-0a06-40c2-9d90-c91fd0a95060,40.99851020119874,21.243798033728062,pm10,10
2025-12-22T22:00:21+01:00,d241a044-0a06-40c2-9d90-c91fd0a95060,40.99851020119874,21.243798033728062,pm25,6
2025-12-22T22:00:21+01:00,d241a044-0a06-40c2-9d90-c91fd0a95060,40.99851020119874,21.243798033728062,pressure,890
2025-12-22T22:00:21+01:00,d241a044-0a06-40c2-9d90-c91fd0a95060,40.99851020119874,21.243798033728062,temperature,5
2025-12-22T22:15:57+01:00,d241a044-0a06-40c2-9d90-c91fd0a95060,40.99851020119874,21.243798033728062,gasResistance,285989
2025-12-22T22:15:57+01:00,d241a044-0a06-40c2-9d90-c91fd0a95060,40.99851020119874,21.243798033728062,humidity,71
2025-12-22T22:15:57+01:00,d241a044-0a06-40c2-9d90-c91fd0a95060,40.99851020119874,21.243798033728062,noise,20
2025-12-22T22:15:57+01:00,d241a044-0a06-40c2-9d90-c91fd0a95060,40.99851020119874,21.243798033728062,noise_dba,34
2025-12-22T22:15:57+01:00,d241a044-0a06-40c2-9d90-c91fd0a95060,40.99851020119874,21.243798033728062,pm10,10
2025-12-22T22:15:57+01:00,d241a044-0a06-40c2-9d90-c91fd0a95060,40.99851020119874,21.243798033728062,pm25,6
2025-12-22T22:15:57+01:00,d241a044-0a06-40c2-9d90-c91fd0a95060,40.99851020119874,21.243798033728062,pressure,890
2025-12-22T22:15:57+01:00,d241a044-0a06-40c2-9d90-c91fd0a95060,40.99851020119874,21.243798033728062,temperature,5
2025-12-22T22:31:30+01:00,d241a044-0a06-40c2-9d90-c91fd0a95060,40.99851020119874,21.243798033728062,gasResistance,291559
2025-12-22T22:31:30+01:00,d241a044-0a06-40c2-9d90-c91fd0a95060,40.99851020119874,21.243798033728062,humidity,71
2025-12-22T22:31:30+01:00,d241a044-0a06-40c2-9d90-c91fd0a95060,40.99851020119874,21.243798033728062,noise,30
2025-12-22T22:31:30+01:00,d241a044-0a06-40c2-9d90-c91fd0a95060,40.99851020119874,21.243798033728062,noise_dba,40
2025-12-22T22:31:30+01:00,d241a044-0a06-40c2-9d90-c91fd0a95060,40.99851020119874,21.243798033728062,pm10,9
2025-12-22T22:31:30+01:00,d241a044-0a06-40c2-9d90-c91fd0a95060,40.99851020119874,21.243798033728062,pm25,6
2025-12-22T22:31:30+01:00,d241a044-0a06-40c2-9d90-c91fd0a95060,40.99851020119874,21.243798033728062,pressure,890
2025-12-22T22:31:30+01:00,d241a044-0a06-40c2-9d90-c91fd0a95060,40.99851020119874,21.243798033728062,temperature,5
2025-12-22T22:47:02+01:00,d241a044-0a06-40c2-9d90-c91fd0a95060,40.99851020119874,21.243798033728062,gasResistance,291301
2025-12-22T22:47:02+01:00,d241a044-0a06-40c2-9d90-c91fd0a95060,40.99851020119874,21.243798033728062,humidity,70
2025-12-22T22:47:02+01:00,d241a044-0a06-40c2-9d90-c91fd0a95060,40.99851020119874,21.243798033728062,noise,21
2025-12-22T22:47:02+01:00,d241a044-0a06-40c2-9d90-c91fd0a95060,40.99851020119874,21.243798033728062,noise_dba,34
2025-12-22T22:47:02+01:00,d241a044-0a06-40c2-9d90-c91fd0a95060,40.99851020119874,21.243798033728062,pm10,12
2025-12-22T22:47:02+01:00,d241a044-0a06-40c2-9d90-c91fd0a95060,40.99851020119874,21.243798033728062,pm25,7
2025-12-22T22:47:02+01:00,d241a044-0a06-40c2-9d90-c91fd0a95060,40.99851020119874,21.243798033728062,pressure,890
2025-12-22T22:47:02+01:00,d241a044-0a06-40c2-9d90-c91fd0a95060,40.99851020119874,21.243798033728062,temperature,5
2025-12-22T23:02:35+01:00,d241a044-0a06-40c2-9d90-c91fd0a95060,40.99851020119874,21.243798033728062,gasResistance,296814
2025-12-22T23:02:35+01:00,d241a044-0a06-40c2-9d90-c91fd0a95060,40.99851020119874,21.243798033728062,humidity,69
2025-12-22T23:02:35+01:00,d241a044-0a06-40c2-9d90-c91fd0a95060,40.99851020119874,21.243798033728062,noise,20
2025-12-22T23:02:35+01:00,d241a044-0a06-40c2-9d90-c91fd0a95060,40.99851020119874,21.243798033728062,noise_dba,34
2025-12-22T23:02:35+01:00,d241a044-0a06-40c2-9d90-c91fd0a95060,40.99851020119874,21.243798033728062,pm10,10
2025-12-22T23:02:35+01:00,d241a044-0a06-40c2-9d90-c91fd0a95060,40.99851020119874,21.243798033728062,pm25,6
2025-12-22T23:02:35+01:00,d241a044-0a06-40c2-9d90-c91fd0a95060,40.99851020119874,21.243798033728062,pressure,890
2025-12-22T23:02:35+01:00,d241a044-0a06-40c2-9d90-c91fd0a95060,40.99851020119874,21.243798033728062,temperature,5
2025-12-22T23:18:07+01:00,d241a044-0a06-40c2-9d90-c91fd0a95060,40.99851020119874,21.243798033728062,gasResistance,289763
2025-12-22T23:18:07+01:00,d241a044-0a06-40c2-9d90-c91fd0a95060,40.99851020119874,21.243798033728062,humidity,69
2025-12-22T23:18:07+01:00,d241a044-0a06-40c2-9d90-c91fd0a95060,40.99851020119874,21.243798033728062,noise,21
2025-12-22T23:18:07+01:00,d241a044-0a06-40c2-9d90-c91fd0a95060,40.99851020119874,21.243798033728062,noise_dba,34
2025-12-22T23:18:07+01:00,d241a044-0a06-40c2-9d90-c91fd0a95060,40.99851020119874,21.243798033728062,pm10,10
2025-12-22T23:18:07+01:00,d241a044-0a06-40c2-9d90-c91fd0a95060,40.99851020119874,21.243798033728062,pm25,6
2025-12-22T23:18:07+01:00,d241a044-0a06-40c2-9d90-c91fd0a95060,40.99851020119874,21.243798033728062,pressure,890
2025-12-22T23:18:07+01:00,d241a044-0a06-40c2-9d90-c91fd0a95060,40.99851020119874,21.243798033728062,temperature,6
2025-12-22T23:33:40+01:00,d241a044-0a06-40c2-9d90-c91fd0a95060,40.99851020119874,21.243798033728062,gasResistance,282796
2025-12-22T23:33:40+01:00,d241a044-0a06-40c2-9d90-c91fd0a95060,40.99851020119874,21.243798033728062,humidity,70
2025-12-22T23:33:40+01:00,d241a044-0a06-40c2-9d90-c91fd0a95060,40.99851020119874,21.243798033728062,noise,26
2025-12-22T23:33:40+01:00,d241a044-0a06-40c2-9d90-c91fd0a95060,40.99851020119874,21.243798033728062,noise_dba,38
2025-12-22T23:33:40+01:00,d241a044-0a06-40c2-9d90-c91fd0a95060,40.99851020119874,21.243798033728062,pm10,11
2025-12-22T23:33:40+01:00,d241a044-0a06-40c2-9d90-c91fd0a95060,40.99851020119874,21.243798033728062,pm25,6
2025-12-22T23:33:40+01:00,d241a044-0a06-40c2-9d90-c91fd0a95060,40.99851020119874,21.243798033728062,pressure,890
2025-12-22T23:33:40+01:00,d241a044-0a06-40c2-9d90-c91fd0a95060,40.99851020119874,21.243798033728062,temperature,6
2025-12-22T23:49:12+01:00,d241a044-0a06-40c2-9d90-c91fd0a95060,40.99851020119874,21.243798033728062,gasResistance,280150
2025-12-22T23:49:12+01:00,d241a044-0a06-40c2-9d90-c91fd0a95060,40.99851020119874,21.243798033728062,humidity,70
2025-12-22T23:49:12+01:00,d241a044-0a06-40c2-9d90-c91fd0a95060,40.99851020119874,21.243798033728062,noise,22
2025-12-22T23:49:12+01:00,d241a044-0a06-40c2-9d90-c91fd0a95060,40.99851020119874,21.243798033728062,noise_dba,35
2025-12-22T23:49:12+01:00,d241a044-0a06-40c2-9d90-c91fd0a95060,40.99851020119874,21.243798033728062,pm10,10
2025-12-22T23:49:12+01:00,d241a044-0a06-40c2-9d90-c91fd0a95060,40.99851020119874,21.243798033728062,pm25,5
2025-12-22T23:49:12+01:00,d241a044-0a06-40c2-9d90-c91fd0a95060,40.99851020119874,21.243798033728062,pressure,890
2025-12-22T23:49:12+01:00,d241a044-0a06-40c2-9d90-c91fd0a95060,40.99851020119874,21.243798033728062,temperature,6
2025-12-23T00:04:44+01:00,d241a044-0a06-40c2-9d90-c91fd0a95060,40.99851020119874,21.243798033728062,gasResistance,274545
2025-12-23T00:04:44+01:00,d241a044-0a06-40c2-9d90-c91fd0a95060,40.99851020119874,21.243798033728062,humidity,71
2025-12-23T00:04:44+01:00,d241a044-0a06-40c2-9d90-c91fd0a95060,40.99851020119874,21.243798033728062,noise,21
2025-12-23T00:04:44+01:00,d241a044-0a06-40c2-9d90-c91fd0a95060,40.99851020119874,21.243798033728062,noise_dba,34
2025-12-23T00:04:44+01:00,d241a044-0a06-40c2-9d90-c91fd0a95060,40.99851020119874,21.243798033728062,pm10,11
2025-12-23T00:04:44+01:00,d241a044-0a06-40c2-9d90-c91fd0a95060,40.99851020119874,21.243798033728062,pm25,6
2025-12-23T00:04:44+01:00,d241a044-0a06-40c2-9d90-c91fd0a95060,40.99851020119874,21.243798033728062,pressure,890
2025-12-23T00:04:44+01:00,d241a044-0a06-40c2-9d90-c91fd0a95060,40.99851020119874,21.243798033728062,temperature,5
2025-12-23T00:20:16+01:00,d241a044-0a06-40c2-9d90-c91fd0a95060,40.99851020119874,21.243798033728062,gasResistance,271378
2025-12-23T00:20:16+01:00,d241a044-0a06-40c2-9d90-c91fd0a95060,40.99851020119874,21.243798033728062,humidity,72
2025-12-23T00:20:16+01:00,d241a044-0a06-40c2-9d90-c91fd0a95060,40.99851020119874,21.243798033728062,noise,21
2025-12-23T00:20:16+01:00,d241a044-0a06-40c2-9d90-c91fd0a95060,40.99851020119874,21.243798033728062,noise_dba,34
2025-12-23T00:20:16+01:00,d241a044-0a06-40c2-9d90-c91fd0a95060,40.99851020119874,21.243798033728062,pm10,10
2025-12-23T00:20:16+01:00,d241a044-0a06-40c2-9d90-c91fd0a95060,40.99851020119874,21.243798033728062,pm25,6
2025-12-23T00:20:16+01:00,d241a044-0a06-40c2-9d90-c91fd0a95060,40.99851020119874,21.243798033728062,pressure,890
2025-12-23T00:20:16+01:00,d241a044-0a06-40c2-9d90-c91fd0a95060,40.99851020119874,21.243798033728062,temperature,5
2025-12-23T00:35:49+01:00,d241a044-0a06-40c2-9d90-c91fd0a95060,40.99851020119874,21.243798033728062,gasResistance,272727
2025-12-23T00:35:49+01:00,d241a044-0a06-40c2-9d90-c91fd0a95060,40.99851020119874,21.243798033728062,humidity,71
2025-12-23T00:35:49+01:00,d241a044-0a06-40c2-9d90-c91fd0a95060,40.99851020119874,21.243798033728062,noise,21
2025-12-23T00:35:49+01:00,d241a044-0a06-40c2-9d90-c91fd0a95060,40.99851020119874,21.243798033728062,noise_dba,34
2025-12-23T00:35:49+01:00,d241a044-0a06-40c2-9d90-c91fd0a95060,40.99851020119874,21.243798033728062,pm10,12
2025-12-23T00:35:49+01:00,d241a044-0a06-40c2-9d90-c91fd0a95060,40.99851020119874,21.243798033728062,pm25,6
2025-12-23T00:35:49+01:00,d241a044-0a06-40c2-9d90-c91fd0a95060,40.99851020119874,21.243798033728062,pressure,890
2025-12-23T00:35:49+01:00,d241a044-0a06-40c2-9d90-c91fd0a95060,40.99851020119874,21.243798033728062,temperature,5
2025-12-23T00:51:21+01:00,d241a044-0a06-40c2-9d90-c91fd0a95060,40.99851020119874,21.243798033728062,gasResistance,266331
2025-12-23T00:51:21+01:00,d241a044-0a06-40c2-9d90-c91fd0a95060,40.99851020119874,21.243798033728062,humidity,72
2025-12-23T00:51:21+01:00,d241a044-0a06-40c2-9d90-c91fd0a95060,40.99851020119874,21.243798033728062,noise,21
2025-12-23T00:51:21+01:00,d241a044-0a06-40c2-9d90-c91fd0a95060,40.99851020119874,21.243798033728062,noise_dba,34
2025-12-23T00:51:21+01:00,d241a044-0a06-40c2-9d90-c91fd0a95060,40.99851020119874,21.243798033728062,pm10,12
2025-12-23T00:51:21+01:00,d241a044-0a06-40c2-9d90-c91fd0a95060,40.99851020119874,21.243798033728062,pm25,7
2025-12-23T00:51:21+01:00,d241a044-0a06-40c2-9d90-c91fd0a95060,40.99851020119874,21.243798033728062,pressure,890
2025-12-23T00:51:21+01:00,d241a044-0a06-40c2-9d90-c91fd0a95060,40.99851020119874,21.243798033728062,temperature,5
2025-12-23T01:06:53+01:00,d241a044-0a06-40c2-9d90-c91fd0a95060,40.99851020119874,21.243798033728062,gasResistance,267195
2025-12-23T01:06:53+01:00,d241a044-0a06-40c2-9d90-c91fd0a95060,40.99851020119874,21.243798033728062,humidity,73
2025-12-23T01:06:53+01:00,d241a044-0a06-40c2-9d90-c91fd0a95060,40.99851020119874,21.243798033728062,noise,21
2025-12-23T01:06:53+01:00,d241a044-0a06-40c2-9d90-c91fd0a95060,40.99851020119874,21.243798033728062,noise_dba,34
2025-12-23T01:06:53+01:00,d241a044-0a06-40c2-9d90-c91fd0a95060,40.99851020119874,21.243798033728062,pm10,12
2025-12-23T01:06:53+01:00,d241a044-0a06-40c2-9d90-c91fd0a95060,40.99851020119874,21.243798033728062,pm25,7
2025-12-23T01:06:53+01:00,d241a044-0a06-40c2-9d90-c91fd0a95060,40.99851020119874,21.243798033728062,pressure,890
2025-12-23T01:06:53+01:00,d241a044-0a06-40c2-9d90-c91fd0a95060,40.99851020119874,21.243798033728062,temperature,5
2025-12-23T01:22:25+01:00,d241a044-0a06-40c2-9d90-c91fd0a95060,40.99851020119874,21.243798033728062,gasResistance,262092
2025-12-23T01:22:25+01:00,d241a044-0a06-40c2-9d90-c91fd0a95060,40.99851020119874,21.243798033728062,humidity,76
2025-12-23T01:22:25+01:00,d241a044-0a06-40c2-9d90-c91fd0a95060,40.99851020119874,21.243798033728062,noise,30
2025-12-23T01:22:25+01:00,d241a044-0a06-40c2-9d90-c91fd0a95060,40.99851020119874,21.243798033728062,noise_dba,40
2025-12-23T01:22:25+01:00,d241a044-0a06-40c2-9d90-c91fd0a95060,40.99851020119874,21.243798033728062,pm10,11
2025-12-23T01:22:25+01:00,d241a044-0a06-40c2-9d90-c91fd0a95060,40.99851020119874,21.243798033728062,pm25,6
2025-12-23T01:22:25+01:00,d241a044-0a06-40c2-9d90-c91fd0a95060,40.99851020119874,21.243798033728062,pressure,890
2025-12-23T01:22:25+01:00,d241a044-0a06-40c2-9d90-c91fd0a95060,40.99851020119874,21.243798033728062,temperature,5
2025-12-23T01:37:58+01:00,d241a044-0a06-40c2-9d90-c91fd0a95060,40.99851020119874,21.243798033728062,gasResistance,256379
2025-12-23T01:37:58+01:00,d241a044-0a06-40c2-9d90-c91fd0a95060,40.99851020119874,21.243798033728062,humidity,75
2025-12-23T01:37:58+01:00,d241a044-0a06-40c2-9d90-c91fd0a95060,40.99851020119874,21.243798033728062,noise,21
2025-12-23T01:37:58+01:00,d241a044-0a06-40c2-9d90-c91fd0a95060,40.99851020119874,21.243798033728062,noise_dba,34
2025-12-23T01:37:58+01:00,d241a044-0a06-40c2-9d90-c91fd0a95060,40.99851020119874,21.243798033728062,pm10,11
2025-12-23T01:37:58+01:00,d241a044-0a06-40c2-9d90-c91fd0a95060,40.99851020119874,21.243798033728062,pm25,7
2025-12-23T01:37:58+01:00,d241a044-0a06-40c2-9d90-c91fd0a95060,40.99851020119874,21.243798033728062,pressure,890
2025-12-23T01:37:58+01:00,d241a044-0a06-40c2-9d90-c91fd0a95060,40.99851020119874,21.243798033728062,temperature,5
2025-12-23T01:53:29+01:00,d241a044-0a06-40c2-9d90-c91fd0a95060,40.99851020119874,21.243798033728062,gasResistance,249390
2025-12-23T01:53:29+01:00,d241a044-0a06-40c2-9d90-c91fd0a95060,40.99851020119874,21.243798033728062,humidity,75
2025-12-23T01:53:29+01:00,d241a044-0a06-40c2-9d90-c91fd0a95060,40.99851020119874,21.243798033728062,noise,32
2025-12-23T01:53:29+01:00,d241a044-0a06-40c2-9d90-c91fd0a95060,40.99851020119874,21.243798033728062,noise_dba,41
2025-12-23T01:53:29+01:00,d241a044-0a06-40c2-9d90-c91fd0a95060,40.99851020119874,21.243798033728062,pm10,10
2025-12-23T01:53:29+01:00,d241a044-0a06-40c2-9d90-c91fd0a95060,40.99851020119874,21.243798033728062,pm25,6
2025-12-23T01:53:29+01:00,d241a044-0a06-40c2-9d90-c91fd0a95060,40.99851020119874,21.243798033728062,pressure,890
2025-12-23T01:53:29+01:00,d241a044-0a06-40c2-9d90-c91fd0a95060,40.99851020119874,21.243798033728062,temperature,5
2025-12-23T02:09:02+01:00,d241a044-0a06-40c2-9d90-c91fd0a95060,40.99851020119874,21.243798033728062,gasResistance,243670
2025-12-23T02:09:02+01:00,d241a044-0a06-40c2-9d90-c91fd0a95060,40.99851020119874,21.243798033728062,humidity,77
2025-12-23T02:09:02+01:00,d241a044-0a06-40c2-9d90-c91fd0a95060,40.99851020119874,21.243798033728062,noise,21
2025-12-23T02:09:02+01:00,d241a044-0a06-40c2-9d90-c91fd0a95060,40.99851020119874,21.243798033728062,noise_dba,34
2025-12-23T02:09:02+01:00,d241a044-0a06-40c2-9d90-c91fd0a95060,40.99851020119874,21.243798033728062,pm10,10
2025-12-23T02:09:02+01:00,d241a044-0a06-40c2-9d90-c91fd0a95060,40.99851020119874,21.243798033728062,pm25,6
2025-12-23T02:09:02+01:00,d241a044-0a06-40c2-9d90-c91fd0a95060,40.99851020119874,21.243798033728062,pressure,890
2025-12-23T02:09:02+01:00,d241a044-0a06-40c2-9d90-c91fd0a95060,40.99851020119874,21.243798033728062,temperature,5
2025-12-23T02:24:34+01:00,d241a044-0a06-40c2-9d90-c91fd0a95060,40.99851020119874,21.243798033728062,gasResistance,234476
2025-12-23T02:24:34+01:00,d241a044-0a06-40c2-9d90-c91fd0a95060,40.99851020119874,21.243798033728062,humidity,77
2025-12-23T02:24:34+01:00,d241a044-0a06-40c2-9d90-c91fd0a95060,40.99851020119874,21.243798033728062,noise,20
2025-12-23T02:24:34+01:00,d241a044-0a06-40c2-9d90-c91fd0a95060,40.99851020119874,21.243798033728062,noise_dba,34
2025-12-23T02:24:34+01:00,d241a044-0a06-40c2-9d90-c91fd0a95060,40.99851020119874,21.243798033728062,pm10,14
2025-12-23T02:24:34+01:00,d241a044-0a06-40c2-9d90-c91fd0a95060,40.99851020119874,21.243798033728062,pm25,9
2025-12-23T02:24:34+01:00,d241a044-0a06-40c2-9d90-c91fd0a95060,40.99851020119874,21.243798033728062,pressure,890
2025-12-23T02:24:34+01:00,d241a044-0a06-40c2-9d90-c91fd0a95060,40.99851020119874,21.243798033728062,temperature,5
2025-12-23T02:40:07+01:00,d241a044-0a06-40c2-9d90-c91fd0a95060,40.99851020119874,21.243798033728062,gasResistance,241349
2025-12-23T02:40:07+01:00,d241a044-0a06-40c2-9d90-c91fd0a95060,40.99851020119874,21.243798033728062,humidity,75
2025-12-23T02:40:07+01:00,d241a044-0a06-40c2-9d90-c91fd0a95060,40.99851020119874,21.243798033728062,noise,25
2025-12-23T02:40:07+01:00,d241a044-0a06-40c2-9d90-c91fd0a95060,40.99851020119874,21.243798033728062,noise_dba,37
2025-12-23T02:40:07+01:00,d241a044-0a06-40c2-9d90-c91fd0a95060,40.99851020119874,21.243798033728062,pm10,13
2025-12-23T02:40:07+01:00,d241a044-0a06-40c2-9d90-c91fd0a95060,40.99851020119874,21.243798033728062,pm25,8
2025-12-23T02:40:07+01:00,d241a044-0a06-40c2-9d90-c91fd0a95060,40.99851020119874,21.243798033728062,pressure,890
2025-12-23T02:40:07+01:00,d241a044-0a06-40c2-9d90-c91fd0a95060,40.99851020119874,21.243798033728062,temperature,5
2025-12-23T02:55:40+01:00,d241a044-0a06-40c2-9d90-c91fd0a95060,40.99851020119874,21.243798033728062,gasResistance,245121
2025-12-23T02:55:40+01:00,d241a044-0a06-40c2-9d90-c91fd0a95060,40.99851020119874,21.243798033728062,humidity,73
2025-12-23T02:55:40+01:00,d241a044-0a06-40c2-9d90-c91fd0a95060,40.99851020119874,21.243798033728062,noise,29
2025-12-23T02:55:40+01:00,d241a044-0a06-40c2-9d90-c91fd0a95060,40.99851020119874,21.243798033728062,noise_dba,40
2025-12-23T02:55:40+01:00,d241a044-0a06-40c2-9d90-c91fd0a95060,40.99851020119874,21.243798033728062,pm10,9
2025-12-23T02:55:40+01:00,d241a044-0a06-40c2-9d90-c91fd0a95060,40.99851020119874,21.243798033728062,pm25,6
2025-12-23T02:55:40+01:00,d241a044-0a06-40c2-9d90-c91fd0a95060,40.99851020119874,21.243798033728062,pressure,890
2025-12-23T02:55:40+01:00,d241a044-0a06-40c2-9d90-c91fd0a95060,40.99851020119874,21.243798033728062,temperature,5
2025-12-23T03:26:56+01:00,d241a044-0a06-40c2-9d90-c91fd0a95060,40.99851020119874,21.243798033728062,gasResistance,0
2025-12-23T03:26:56+01:00,d241a044-0a06-40c2-9d90-c91fd0a95060,40.99851020119874,21.243798033728062,humidity,73
2025-12-23T03:26:56+01:00,d241a044-0a06-40c2-9d90-c91fd0a95060,40.99851020119874,21.243798033728062,noise,21
2025-12-23T03:26:56+01:00,d241a044-0a06-40c2-9d90-c91fd0a95060,40.99851020119874,21.243798033728062,noise_dba,34
2025-12-23T03:26:56+01:00,d241a044-0a06-40c2-9d90-c91fd0a95060,40.99851020119874,21.243798033728062,pm10,9
2025-12-23T03:26:56+01:00,d241a044-0a06-40c2-9d90-c91fd0a95060,40.99851020119874,21.243798033728062,pm25,5
2025-12-23T03:26:56+01:00,d241a044-0a06-40c2-9d90-c91fd0a95060,40.99851020119874,21.243798033728062,pressure,890
2025-12-23T03:26:56+01:00,d241a044-0a06-40c2-9d90-c91fd0a95060,40.99851020119874,21.243798033728062,temperature,5
2025-12-23T03:42:29+01:00,d241a044-0a06-40c2-9d90-c91fd0a95060,40.99851020119874,21.243798033728062,gasResistance,222892
2025-12-23T03:42:29+01:00,d241a044-0a06-40c2-9d90-c91fd0a95060,40.99851020119874,21.243798033728062,humidity,76
2025-12-23T03:42:29+01:00,d241a044-0a06-40c2-9d90-c91fd0a95060,40.99851020119874,21.243798033728062,noise,21
2025-12-23T03:42:29+01:00,d241a044-0a06-40c2-9d90-c91fd0a95060,40.99851020119874,21.243798033728062,noise_dba,34
2025-12-23T03:42:29+01:00,d241a044-0a06-40c2-9d90-c91fd0a95060,40.99851020119874,21.243798033728062,pm10,12
2025-12-23T03:42:29+01:00,d241a044-0a06-40c2-9d90-c91fd0a95060,40.99851020119874,21.243798033728062,pm25,7
2025-12-23T03:42:29+01:00,d241a044-0a06-40c2-9d90-c91fd0a95060,40.99851020119874,21.243798033728062,pressure,890
2025-12-23T03:42:29+01:00,d241a044-0a06-40c2-9d90-c91fd0a95060,40.99851020119874,21.243798033728062,temperature,5
2025-12-23T03:58:01+01:00,d241a044-0a06-40c2-9d90-c91fd0a95060,40.99851020119874,21.243798033728062,gasResistance,221096
2025-12-23T03:58:01+01:00,d241a044-0a06-40c2-9d90-c91fd0a95060,40.99851020119874,21.243798033728062,humidity,74
2025-12-23T03:58:01+01:00,d241a044-0a06-40c2-9d90-c91fd0a95060,40.99851020119874,21.243798033728062,noise,25
2025-12-23T03:58:01+01:00,d241a044-0a06-40c2-9d90-c91fd0a95060,40.99851020119874,21.243798033728062,noise_dba,37
2025-12-23T03:58:01+01:00,d241a044-0a06-40c2-9d90-c91fd0a95060,40.99851020119874,21.243798033728062,pm10,10
2025-12-23T03:58:01+01:00,d241a044-0a06-40c2-9d90-c91fd0a95060,40.99851020119874,21.243798033728062,pm25,6
2025-12-23T03:58:01+01:00,d241a044-0a06-40c2-9d90-c91fd0a95060,40.99851020119874,21.243798033728062,pressure,890
2025-12-23T03:58:01+01:00,d241a044-0a06-40c2-9d90-c91fd0a95060,40.99851020119874,21.243798033728062,temperature,5
2025-12-23T04:13:34+01:00,d241a044-0a06-40c2-9d90-c91fd0a95060,40.99851020119874,21.243798033728062,gasResistance,213777
2025-12-23T04:13:34+01:00,d241a044-0a06-40c2-9d90-c91fd0a95060,40.99851020119874,21.243798033728062,humidity,74
2025-12-23T04:13:34+01:00,d241a044-0a06-40c2-9d90-c91fd0a95060,40.99851020119874,21.243798033728062,noise,22
2025-12-23T04:13:34+01:00,d241a044-0a06-40c2-9d90-c91fd0a95060,40.99851020119874,21.243798033728062,noise_dba,35
2025-12-23T04:13:34+01:00,d241a044-0a06-40c2-9d90-c91fd0a95060,40.99851020119874,21.243798033728062,pm10,11
2025-12-23T04:13:34+01:00,d241a044-0a06-40c2-9d90-c91fd0a95060,40.99851020119874,21.243798033728062,pm25,7
2025-12-23T04:13:34+01:00,d241a044-0a06-40c2-9d90-c91fd0a95060,40.99851020119874,21.243798033728062,pressure,890
2025-12-23T04:13:34+01:00,d241a044-0a06-40c2-9d90-c91fd0a95060,40.99851020119874,21.243798033728062,temperature,6
2025-12-23T04:29:06+01:00,d241a044-0a06-40c2-9d90-c91fd0a95060,40.99851020119874,21.243798033728062,gasResistance,214194
2025-12-23T04:29:06+01:00,d241a044-0a06-40c2-9d90-c91fd0a95060,40.99851020119874,21.243798033728062,humidity,75
2025-12-23T04:29:06+01:00,d241a044-0a06-40c2-9d90-c91fd0a95060,40.99851020119874,21.243798033728062,noise,26
2025-12-23T04:29:06+01:00,d241a044-0a06-40c2-9d90-c91fd0a95060,40.99851020119874,21.243798033728062,noise_dba,38
2025-12-23T04:29:06+01:00,d241a044-0a06-40c2-9d90-c91fd0a95060,40.99851020119874,21.243798033728062,pm10,14
2025-12-23T04:29:06+01:00,d241a044-0a06-40c2-9d90-c91fd0a95060,40.99851020119874,21.243798033728062,pm25,8
2025-12-23T04:29:06+01:00,d241a044-0a06-40c2-9d90-c91fd0a95060,40.99851020119874,21.243798033728062,pressure,890
2025-12-23T04:29:06+01:00,d241a044-0a06-40c2-9d90-c91fd0a95060,40.99851020119874,21.243798033728062,temperature,6
2025-12-23T04:44:38+01:00,d241a044-0a06-40c2-9d90-c91fd0a95060,40.99851020119874,21.243798033728062,gasResistance,211308
2025-12-23T04:44:38+01:00,d241a044-0a06-40c2-9d90-c91fd0a95060,40.99851020119874,21.243798033728062,humidity,77
2025-12-23T04:44:38+01:00,d241a044-0a06-40c2-9d90-c91fd0a95060,40.99851020119874,21.243798033728062,noise,21
2025-12-23T04:44:38+01:00,d241a044-0a06-40c2-9d90-c91fd0a95060,40.99851020119874,21.243798033728062,noise_dba,34
2025-12-23T04:44:38+01:00,d241a044-0a06-40c2-9d90-c91fd0a95060,40.99851020119874,21.243798033728062,pm10,13
2025-12-23T04:44:38+01:00,d241a044-0a06-40c2-9d90-c91fd0a95060,40.99851020119874,21.243798033728062,pm25,8
2025-12-23T04:44:38+01:00,d241a044-0a06-40c2-9d90-c91fd0a95060,40.99851020119874,21.243798033728062,pressure,890
2025-12-23T04:44:38+01:00,d241a044-0a06-40c2-9d90-c91fd0a95060,40.99851020119874,21.243798033728062,temperature,5
2025-12-23T05:00:11+01:00,d241a044-0a06-40c2-9d90-c91fd0a95060,40.99851020119874,21.243798033728062,gasResistance,210363
2025-12-23T05:00:11+01:00,d241a044-0a06-40c2-9d90-c91fd0a95060,40.99851020119874,21.243798033728062,humidity,78
2025-12-23T05:00:11+01:00,d241a044-0a06-40c2-9d90-c91fd0a95060,40.99851020119874,21.243798033728062,noise,21
2025-12-23T05:00:11+01:00,d241a044-0a06-40c2-9d90-c91fd0a95060,40.99851020119874,21.243798033728062,noise_dba,34
2025-12-23T05:00:11+01:00,d241a044-0a06-40c2-9d90-c91fd0a95060,40.99851020119874,21.243798033728062,pm10,13
2025-12-23T05:00:11+01:00,d241a044-0a06-40c2-9d90-c91fd0a95060,40.99851020119874,21.243798033728062,pm25,8
2025-12-23T05:00:11+01:00,d241a044-0a06-40c2-9d90-c91fd0a95060,40.99851020119874,21.243798033728062,pressure,890
2025-12-23T05:00:11+01:00,d241a044-0a06-40c2-9d90-c91fd0a95060,40.99851020119874,21.243798033728062,temperature,5
2025-12-23T05:15:44+01:00,d241a044-0a06-40c2-9d90-c91fd0a95060,40.99851020119874,21.243798033728062,gasResistance,216589
2025-12-23T05:15:44+01:00,d241a044-0a06-40c2-9d90-c91fd0a95060,40.99851020119874,21.243798033728062,humidity,75
2025-12-23T05:15:44+01:00,d241a044-0a06-40c2-9d90-c91fd0a95060,40.99851020119874,21.243798033728062,noise,25
2025-12-23T05:15:44+01:00,d241a044-0a06-40c2-9d90-c91fd0a95060,40.99851020119874,21.243798033728062,noise_dba,37
2025-12-23T05:15:44+01:00,d241a044-0a06-40c2-9d90-c91fd0a95060,40.99851020119874,21.243798033728062,pm10,12
2025-12-23T05:15:44+01:00,d241a044-0a06-40c2-9d90-c91fd0a95060,40.99851020119874,21.243798033728062,pm25,7
2025-12-23T05:15:44+01:00,d241a044-0a06-40c2-9d90-c91fd0a95060,40.99851020119874,21.243798033728062,pressure,890
2025-12-23T05:15:44+01:00,d241a044-0a06-40c2-9d90-c91fd0a95060,40.99851020119874,21.243798033728062,temperature,5
2025-12-23T05:31:16+01:00,d241a044-0a06-40c2-9d90-c91fd0a95060,40.99851020119874,21.243798033728062,gasResistance,217878
2025-12-23T05:31:16+01:00,d241a044-0a06-40c2-9d90-c91fd0a95060,40.99851020119874,21.243798033728062,humidity,74
2025-12-23T05:31:16+01:00,d241a044-0a06-40c2-9d90-c91fd0a95060,40.99851020119874,21.243798033728062,noise,21
2025-12-23T05:31:16+01:00,d241a044-0a06-40c2-9d90-c91fd0a95060,40.99851020119874,21.243798033728062,noise_dba,34
2025-12-23T05:31:16+01:00,d241a044-0a06-40c2-9d90-c91fd0a95060,40.99851020119874,21.243798033728062,pm10,13
2025-12-23T05:31:16+01:00,d241a044-0a06-40c2-9d90-c91fd0a95060,40.99851020119874,21.243798033728062,pm25,7
2025-12-23T05:31:16+01:00,d241a044-0a06-40c2-9d90-c91fd0a95060,40.99851020119874,21.243798033728062,pressure,890
2025-12-23T05:31:16+01:00,d241a044-0a06-40c2-9d90-c91fd0a95060,40.99851020119874,21.243798033728062,temperature,5
2025-12-23T05:46:49+01:00,d241a044-0a06-40c2-9d90-c91fd0a95060,40.99851020119874,21.243798033728062,gasResistance,217017
2025-12-23T05:46:49+01:00,d241a044-0a06-40c2-9d90-c91fd0a95060,40.99851020119874,21.243798033728062,humidity,76
2025-12-23T05:46:49+01:00,d241a044-0a06-40c2-9d90-c91fd0a95060,40.99851020119874,21.243798033728062,noise,24
2025-12-23T05:46:49+01:00,d241a044-0a06-40c2-9d90-c91fd0a95060,40.99851020119874,21.243798033728062,noise_dba,36
2025-12-23T05:46:49+01:00,d241a044-0a06-40c2-9d90-c91fd0a95060,40.99851020119874,21.243798033728062,pm10,13
2025-12-23T05:46:49+01:00,d241a044-0a06-40c2-9d90-c91fd0a95060,40.99851020119874,21.243798033728062,pm25,8
2025-12-23T05:46:49+01:00,d241a044-0a06-40c2-9d90-c91fd0a95060,40.99851020119874,21.243798033728062,pressure,890
2025-12-23T05:46:49+01:00,d241a044-0a06-40c2-9d90-c91fd0a95060,40.99851020119874,21.243798033728062,temperature,5
2025-12-23T06:02:21+01:00,d241a044-0a06-40c2-9d90-c91fd0a95060,40.99851020119874,21.243798033728062,gasResistance,206537
2025-12-23T06:02:21+01:00,d241a044-0a06-40c2-9d90-c91fd0a95060,40.99851020119874,21.243798033728062,humidity,77
2025-12-23T06:02:21+01:00,d241a044-0a06-40c2-9d90-c91fd0a95060,40.99851020119874,21.243798033728062,noise,21
2025-12-23T06:02:21+01:00,d241a044-0a06-40c2-9d90-c91fd0a95060,40.99851020119874,21.243798033728062,noise_dba,34
2025-12-23T06:02:21+01:00,d241a044-0a06-40c2-9d90-c91fd0a95060,40.99851020119874,21.243798033728062,pm10,12
2025-12-23T06:02:21+01:00,d241a044-0a06-40c2-9d90-c91fd0a95060,40.99851020119874,21.243798033728062,pm25,8
2025-12-23T06:02:21+01:00,d241a044-0a06-40c2-9d90-c91fd0a95060,40.99851020119874,21.243798033728062,pressure,890
2025-12-23T06:02:21+01:00,d241a044-0a06-40c2-9d90-c91fd0a95060,40.99851020119874,21.243798033728062,temperature,5
2025-12-23T06:17:54+01:00,d241a044-0a06-40c2-9d90-c91fd0a95060,40.99851020119874,21.243798033728062,gasResistance,199894
2025-12-23T06:17:54+01:00,d241a044-0a06-40c2-9d90-c91fd0a95060,40.99851020119874,21.243798033728062,humidity,74
2025-12-23T06:17:54+01:00,d241a044-0a06-40c2-9d90-c91fd0a95060,40.99851020119874,21.243798033728062,noise,30
2025-12-23T06:17:54+01:00,d241a044-0a06-40c2-9d90-c91fd0a95060,40.99851020119874,21.243798033728062,noise_dba,40
2025-12-23T06:17:54+01:00,d241a044-0a06-40c2-9d90-c91fd0a95060,40.99851020119874,21.243798033728062,pm10,11
2025-12-23T06:17:54+01:00,d241a044-0a06-40c2-9d90-c91fd0a95060,40.99851020119874,21.243798033728062,pm25,7
2025-12-23T06:17:54+01:00,d241a044-0a06-40c2-9d90-c91fd0a95060,40.99851020119874,21.243798033728062,pressure,890
2025-12-23T06:17:54+01:00,d241a044-0a06-40c2-9d90-c91fd0a95060,40.99851020119874,21.243798033728062,temperature,5
2025-12-23T06:33:27+01:00,d241a044-0a06-40c2-9d90-c91fd0a95060,40.99851020119874,21.243798033728062,gasResistance,197024
2025-12-23T06:33:27+01:00,d241a044-0a06-40c2-9d90-c91fd0a95060,40.99851020119874,21.243798033728062,humidity,76
2025-12-23T06:33:27+01:00,d241a044-0a06-40c2-9d90-c91fd0a95060,40.99851020119874,21.243798033728062,noise,21
2025-12-23T06:33:27+01:00,d241a044-0a06-40c2-9d90-c91fd0a95060,40.99851020119874,21.243798033728062,noise_dba,34
2025-12-23T06:33:27+01:00,d241a044-0a06-40c2-9d90-c91fd0a95060,40.99851020119874,21.243798033728062,pm10,13
2025-12-23T06:33:27+01:00,d241a044-0a06-40c2-9d90-c91fd0a95060,40.99851020119874,21.243798033728062,pm25,7
2025-12-23T06:33:27+01:00,d241a044-0a06-40c2-9d90-c91fd0a95060,40.99851020119874,21.243798033728062,pressure,890
2025-12-23T06:33:27+01:00,d241a044-0a06-40c2-9d90-c91fd0a95060,40.99851020119874,21.243798033728062,temperature,5
2025-12-23T06:48:59+01:00,d241a044-0a06-40c2-9d90-c91fd0a95060,40.99851020119874,21.243798033728062,gasResistance,189868
2025-12-23T06:48:59+01:00,d241a044-0a06-40c2-9d90-c91fd0a95060,40.99851020119874,21.243798033728062,humidity,75
2025-12-23T06:48:59+01:00,d241a044-0a06-40c2-9d90-c91fd0a95060,40.99851020119874,21.243798033728062,noise,21
2025-12-23T06:48:59+01:00,d241a044-0a06-40c2-9d90-c91fd0a95060,40.99851020119874,21.243798033728062,noise_dba,34
2025-12-23T06:48:59+01:00,d241a044-0a06-40c2-9d90-c91fd0a95060,40.99851020119874,21.243798033728062,pm10,12
2025-12-23T06:48:59+01:00,d241a044-0a06-40c2-9d90-c91fd0a95060,40.99851020119874,21.243798033728062,pm25,8
2025-12-23T06:48:59+01:00,d241a044-0a06-40c2-9d90-c91fd0a95060,40.99851020119874,21.243798033728062,pressure,890
2025-12-23T06:48:59+01:00,d241a044-0a06-40c2-9d90-c91fd0a95060,40.99851020119874,21.243798033728062,temperature,5
2025-12-23T07:04:32+01:00,d241a044-0a06-40c2-9d90-c91fd0a95060,40.99851020119874,21.243798033728062,gasResistance,191301
2025-12-23T07:04:32+01:00,d241a044-0a06-40c2-9d90-c91fd0a95060,40.99851020119874,21.243798033728062,humidity,74
2025-12-23T07:04:32+01:00,d241a044-0a06-40c2-9d90-c91fd0a95060,40.99851020119874,21.243798033728062,noise,21
2025-12-23T07:04:32+01:00,d241a044-0a06-40c2-9d90-c91fd0a95060,40.99851020119874,21.243798033728062,noise_dba,34
2025-12-23T07:04:32+01:00,d241a044-0a06-40c2-9d90-c91fd0a95060,40.99851020119874,21.243798033728062,pm10,10
2025-12-23T07:04:32+01:00,d241a044-0a06-40c2-9d90-c91fd0a95060,40.99851020119874,21.243798033728062,pm25,6
2025-12-23T07:04:32+01:00,d241a044-0a06-40c2-9d90-c91fd0a95060,40.99851020119874,21.243798033728062,pressure,890
2025-12-23T07:04:32+01:00,d241a044-0a06-40c2-9d90-c91fd0a95060,40.99851020119874,21.243798033728062,temperature,6
2025-12-23T07:20:04+01:00,d241a044-0a06-40c2-9d90-c91fd0a95060,40.99851020119874,21.243798033728062,gasResistance,187811
2025-12-23T07:20:04+01:00,d241a044-0a06-40c2-9d90-c91fd0a95060,40.99851020119874,21.243798033728062,humidity,75
2025-12-23T07:20:04+01:00,d241a044-0a06-40c2-9d90-c91fd0a95060,40.99851020119874,21.243798033728062,noise,25
2025-12-23T07:20:04+01:00,d241a044-0a06-40c2-9d90-c91fd0a95060,40.99851020119874,21.243798033728062,noise_dba,37
2025-12-23T07:20:04+01:00,d241a044-0a06-40c2-9d90-c91fd0a95060,40.99851020119874,21.243798033728062,pm10,13
2025-12-23T07:20:04+01:00,d241a044-0a06-40c2-9d90-c91fd0a95060,40.99851020119874,21.243798033728062,pm25,7
2025-12-23T07:20:04+01:00,d241a044-0a06-40c2-9d90-c91fd0a95060,40.99851020119874,21.243798033728062,pressure,890
2025-12-23T07:20:04+01:00,d241a044-0a06-40c2-9d90-c91fd0a95060,40.99851020119874,21.243798033728062,temperature,6
2025-12-23T07:35:38+01:00,d241a044-0a06-40c2-9d90-c91fd0a95060,40.99851020119874,21.243798033728062,gasResistance,188025
2025-12-23T07:35:38+01:00,d241a044-0a06-40c2-9d90-c91fd0a95060,40.99851020119874,21.243798033728062,humidity,73
2025-12-23T07:35:38+01:00,d241a044-0a06-40c2-9d90-c91fd0a95060,40.99851020119874,21.243798033728062,noise,25
2025-12-23T07:35:38+01:00,d241a044-0a06-40c2-9d90-c91fd0a95060,40.99851020119874,21.243798033728062,noise_dba,37
2025-12-23T07:35:38+01:00,d241a044-0a06-40c2-9d90-c91fd0a95060,40.99851020119874,21.243798033728062,pm10,10
2025-12-23T07:35:38+01:00,d241a044-0a06-40c2-9d90-c91fd0a95060,40.99851020119874,21.243798033728062,pm25,6
2025-12-23T07:35:38+01:00,d241a044-0a06-40c2-9d90-c91fd0a95060,40.99851020119874,21.243798033728062,pressure,890
2025-12-23T07:35:38+01:00,d241a044-0a06-40c2-9d90-c91fd0a95060,40.99851020119874,21.243798033728062,temperature,6
2025-12-23T07:51:11+01:00,d241a044-0a06-40c2-9d90-c91fd0a95060,40.99851020119874,21.243798033728062,gasResistance,207841
2025-12-23T07:51:11+01:00,d241a044-0a06-40c2-9d90-c91fd0a95060,40.99851020119874,21.243798033728062,humidity,74
2025-12-23T07:51:11+01:00,d241a044-0a06-40c2-9d90-c91fd0a95060,40.99851020119874,21.243798033728062,noise,32
2025-12-23T07:51:11+01:00,d241a044-0a06-40c2-9d90-c91fd0a95060,40.99851020119874,21.243798033728062,noise_dba,41
2025-12-23T07:51:11+01:00,d241a044-0a06-40c2-9d90-c91fd0a95060,40.99851020119874,21.243798033728062,pm10,11
2025-12-23T07:51:11+01:00,d241a044-0a06-40c2-9d90-c91fd0a95060,40.99851020119874,21.243798033728062,pm25,7
2025-12-23T07:51:11+01:00,d241a044-0a06-40c2-9d90-c91fd0a95060,40.99851020119874,21.243798033728062,pressure,890
2025-12-23T07:51:11+01:00,d241a044-0a06-40c2-9d90-c91fd0a95060,40.99851020119874,21.243798033728062,temperature,6
2025-12-23T08:06:43+01:00,d241a044-0a06-40c2-9d90-c91fd0a95060,40.99851020119874,21.243798033728062,gasResistance,214473
2025-12-23T08:06:43+01:00,d241a044-0a06-40c2-9d90-c91fd0a95060,40.99851020119874,21.243798033728062,humidity,75
2025-12-23T08:06:43+01:00,d241a044-0a06-40c2-9d90-c91fd0a95060,40.99851020119874,21.243798033728062,noise,27
2025-12-23T08:06:43+01:00,d241a044-0a06-40c2-9d90-c91fd0a95060,40.99851020119874,21.243798033728062,noise_dba,38
2025-12-23T08:06:43+01:00,d241a044-0a06-40c2-9d90-c91fd0a95060,40.99851020119874,21.243798033728062,pm10,16
2025-12-23T08:06:43+01:00,d241a044-0a06-40c2-9d90-c91fd0a95060,40.99851020119874,21.243798033728062,pm25,9
2025-12-23T08:06:43+01:00,d241a044-0a06-40c2-9d90-c91fd0a95060,40.99851020119874,21.243798033728062,pressure,890
2025-12-23T08:06:43+01:00,d241a044-0a06-40c2-9d90-c91fd0a95060,40.99851020119874,21.243798033728062,temperature,6
2025-12-23T08:22:15+01:00,d241a044-0a06-40c2-9d90-c91fd0a95060,40.99851020119874,21.243798033728062,gasResistance,238035
2025-12-23T08:22:15+01:00,d241a044-0a06-40c2-9d90-c91fd0a95060,40.99851020119874,21.243798033728062,humidity,74
2025-12-23T08:22:15+01:00,d241a044-0a06-40c2-9d90-c91fd0a95060,40.99851020119874,21.243798033728062,noise,27
2025-12-23T08:22:15+01:00,d241a044-0a06-40c2-9d90-c91fd0a95060,40.99851020119874,21.243798033728062,noise_dba,38
2025-12-23T08:22:15+01:00,d241a044-0a06-40c2-9d90-c91fd0a95060,40.99851020119874,21.243798033728062,pm10,18
2025-12-23T08:22:15+01:00,d241a044-0a06-40c2-9d90-c91fd0a95060,40.99851020119874,21.243798033728062,pm25,10
2025-12-23T08:22:15+01:00,d241a044-0a06-40c2-9d90-c91fd0a95060,40.99851020119874,21.243798033728062,pressure,890
2025-12-23T08:22:15+01:00,d241a044-0a06-40c2-9d90-c91fd0a95060,40.99851020119874,21.243798033728062,temperature,6
2025-12-23T08:37:48+01:00,d241a044-0a06-40c2-9d90-c91fd0a95060,40.99851020119874,21.243798033728062,gasResistance,260846
2025-12-23T08:37:48+01:00,d241a044-0a06-40c2-9d90-c91fd0a95060,40.99851020119874,21.243798033728062,humidity,72
2025-12-23T08:37:48+01:00,d241a044-0a06-40c2-9d90-c91fd0a95060,40.99851020119874,21.243798033728062,noise,25
2025-12-23T08:37:48+01:00,d241a044-0a06-40c2-9d90-c91fd0a95060,40.99851020119874,21.243798033728062,noise_dba,37
2025-12-23T08:37:48+01:00,d241a044-0a06-40c2-9d90-c91fd0a95060,40.99851020119874,21.243798033728062,pm10,13
2025-12-23T08:37:48+01:00,d241a044-0a06-40c2-9d90-c91fd0a95060,40.99851020119874,21.243798033728062,pm25,8
2025-12-23T08:37:48+01:00,d241a044-0a06-40c2-9d90-c91fd0a95060,40.99851020119874,21.243798033728062,pressure,890
2025-12-23T08:37:48+01:00,d241a044-0a06-40c2-9d90-c91fd0a95060,40.99851020119874,21.243798033728062,temperature,6
2025-12-23T08:53:21+01:00,d241a044-0a06-40c2-9d90-c91fd0a95060,40.99851020119874,21.243798033728062,gasResistance,289508
2025-12-23T08:53:21+01:00,d241a044-0a06-40c2-9d90-c91fd0a95060,40.99851020119874,21.243798033728062,humidity,70
2025-12-23T08:53:21+01:00,d241a044-0a06-40c2-9d90-c91fd0a95060,40.99851020119874,21.243798033728062,noise,21
2025-12-23T08:53:21+01:00,d241a044-0a06-40c2-9d90-c91fd0a95060,40.99851020119874,21.243798033728062,noise_dba,34
2025-12-23T08:53:21+01:00,d241a044-0a06-40c2-9d90-c91fd0a95060,40.99851020119874,21.243798033728062,pm10,10
2025-12-23T08:53:21+01:00,d241a044-0a06-40c2-9d90-c91fd0a95060,40.99851020119874,21.243798033728062,pm25,7
2025-12-23T08:53:21+01:00,d241a044-0a06-40c2-9d90-c91fd0a95060,40.99851020119874,21.243798033728062,pressure,890
2025-12-23T08:53:21+01:00,d241a044-0a06-40c2-9d90-c91fd0a95060,40.99851020119874,21.243798033728062,temperature,6
2025-12-23T09:08:53+01:00,d241a044-0a06-40c2-9d90-c91fd0a95060,40.99851020119874,21.243798033728062,gasResistance,306196
2025-12-23T09:08:53+01:00,d241a044-0a06-40c2-9d90-c91fd0a95060,40.99851020119874,21.243798033728062,humidity,71
2025-12-23T09:08:53+01:00,d241a044-0a06-40c2-9d90-c91fd0a95060,40.99851020119874,21.243798033728062,noise,24
2025-12-23T09:08:53+01:00,d241a044-0a06-40c2-9d90-c91fd0a95060,40.99851020119874,21.243798033728062,noise_dba,36
2025-12-23T09:08:53+01:00,d241a044-0a06-40c2-9d90-c91fd0a95060,40.99851020119874,21.243798033728062,pm10,13
2025-12-23T09:08:53+01:00,d241a044-0a06-40c2-9d90-c91fd0a95060,40.99851020119874,21.243798033728062,pm25,8
2025-12-23T09:08:53+01:00,d241a044-0a06-40c2-9d90-c91fd0a95060,40.99851020119874,21.243798033728062,pressure,890
2025-12-23T09:08:53+01:00,d241a044-0a06-40c2-9d90-c91fd0a95060,40.99851020119874,21.243798033728062,temperature,7
2025-12-23T09:24:26+01:00,d241a044-0a06-40c2-9d90-c91fd0a95060,40.99851020119874,21.243798033728062,gasResistance,322697
2025-12-23T09:24:26+01:00,d241a044-0a06-40c2-9d90-c91fd0a95060,40.99851020119874,21.243798033728062,humidity,70
2025-12-23T09:24:26+01:00,d241a044-0a06-40c2-9d90-c91fd0a95060,40.99851020119874,21.243798033728062,noise,30
2025-12-23T09:24:26+01:00,d241a044-0a06-40c2-9d90-c91fd0a95060,40.99851020119874,21.243798033728062,noise_dba,40
2025-12-23T09:24:26+01:00,d241a044-0a06-40c2-9d90-c91fd0a95060,40.99851020119874,21.243798033728062,pm10,13
2025-12-23T09:24:26+01:00,d241a044-0a06-40c2-9d90-c91fd0a95060,40.99851020119874,21.243798033728062,pm25,8
2025-12-23T09:24:26+01:00,d241a044-0a06-40c2-9d90-c91fd0a95060,40.99851020119874,21.243798033728062,pressure,890
2025-12-23T09:24:26+01:00,d241a044-0a06-40c2-9d90-c91fd0a95060,40.99851020119874,21.243798033728062,temperature,7
2025-12-23T09:39:58+01:00,d241a044-0a06-40c2-9d90-c91fd0a95060,40.99851020119874,21.243798033728062,gasResistance,333480
2025-12-23T09:39:58+01:00,d241a044-0a06-40c2-9d90-c91fd0a95060,40.99851020119874,21.243798033728062,humidity,67
2025-12-23T09:39:58+01:00,d241a044-0a06-40c2-9d90-c91fd0a95060,40.99851020119874,21.243798033728062,noise,21
2025-12-23T09:39:58+01:00,d241a044-0a06-40c2-9d90-c91fd0a95060,40.99851020119874,21.243798033728062,noise_dba,34
2025-12-23T09:39:58+01:00,d241a044-0a06-40c2-9d90-c91fd0a95060,40.99851020119874,21.243798033728062,pm10,16
2025-12-23T09:39:58+01:00,d241a044-0a06-40c2-9d90-c91fd0a95060,40.99851020119874,21.243798033728062,pm25,11
2025-12-23T09:39:58+01:00,d241a044-0a06-40c2-9d90-c91fd0a95060,40.99851020119874,21.243798033728062,pressure,890
2025-12-23T09:39:58+01:00,d241a044-0a06-40c2-9d90-c91fd0a95060,40.99851020119874,21.243798033728062,temperature,7
2025-12-23T09:55:31+01:00,d241a044-0a06-40c2-9d90-c91fd0a95060,40.99851020119874,21.243798033728062,gasResistance,355817
2025-12-23T09:55:31+01:00,d241a044-0a06-40c2-9d90-c91fd0a95060,40.99851020119874,21.243798033728062,humidity,68
2025-12-23T09:55:31+01:00,d241a044-0a06-40c2-9d90-c91fd0a95060,40.99851020119874,21.243798033728062,noise,30
2025-12-23T09:55:31+01:00,d241a044-0a06-40c2-9d90-c91fd0a95060,40.99851020119874,21.243798033728062,noise_dba,40
2025-12-23T09:55:31+01:00,d241a044-0a06-40c2-9d90-c91fd0a95060,40.99851020119874,21.243798033728062,pm10,12
2025-12-23T09:55:31+01:00,d241a044-0a06-40c2-9d90-c91fd0a95060,40.99851020119874,21.243798033728062,pm25,8
2025-12-23T09:55:31+01:00,d241a044-0a06-40c2-9d90-c91fd0a95060,40.99851020119874,21.243798033728062,pressure,890
2025-12-23T09:55:31+01:00,d241a044-0a06-40c2-9d90-c91fd0a95060,40.99851020119874,21.243798033728062,temperature,8
2025-12-23T10:26:46+01:00,d241a044-0a06-40c2-9d90-c91fd0a95060,40.99851020119874,21.243798033728062,gasResistance,0
2025-12-23T10:26:46+01:00,d241a044-0a06-40c2-9d90-c91fd0a95060,40.99851020119874,21.243798033728062,humidity,68
2025-12-23T10:26:46+01:00,d241a044-0a06-40c2-9d90-c91fd0a95060,40.99851020119874,21.243798033728062,noise,26
2025-12-23T10:26:46+01:00,d241a044-0a06-40c2-9d90-c91fd0a95060,40.99851020119874,21.243798033728062,noise_dba,38
2025-12-23T10:26:46+01:00,d241a044-0a06-40c2-9d90-c91fd0a95060,40.99851020119874,21.243798033728062,pm10,15
2025-12-23T10:26:46+01:00,d241a044-0a06-40c2-9d90-c91fd0a95060,40.99851020119874,21.243798033728062,pm25,8
2025-12-23T10:26:46+01:00,d241a044-0a06-40c2-9d90-c91fd0a95060,40.99851020119874,21.243798033728062,pressure,890
2025-12-23T10:26:46+01:00,d241a044-0a06-40c2-9d90-c91fd0a95060,40.99851020119874,21.243798033728062,temperature,8
2025-12-23T10:42:18+01:00,d241a044-0a06-40c2-9d90-c91fd0a95060,40.99851020119874,21.243798033728062,gasResistance,388018
2025-12-23T10:42:18+01:00,d241a044-0a06-40c2-9d90-c91fd0a95060,40.99851020119874,21.243798033728062,humidity,68
2025-12-23T10:42:18+01:00,d241a044-0a06-40c2-9d90-c91fd0a95060,40.99851020119874,21.243798033728062,noise,22
2025-12-23T10:42:18+01:00,d241a044-0a06-40c2-9d90-c91fd0a95060,40.99851020119874,21.243798033728062,noise_dba,35
2025-12-23T10:42:18+01:00,d241a044-0a06-40c2-9d90-c91fd0a95060,40.99851020119874,21.243798033728062,pm10,18
2025-12-23T10:42:18+01:00,d241a044-0a06-40c2-9d90-c91fd0a95060,40.99851020119874,21.243798033728062,pm25,9
2025-12-23T10:42:18+01:00,d241a044-0a06-40c2-9d90-c91fd0a95060,40.99851020119874,21.243798033728062,pressure,890
2025-12-23T10:42:18+01:00,d241a044-0a06-40c2-9d90-c91fd0a95060,40.99851020119874,21.243798033728062,temperature,8
2025-12-23T10:57:39+01:00,d241a044-0a06-40c2-9d90-c91fd0a95060,40.99851020119874,21.243798033728062,gasResistance,369386
2025-12-23T10:57:39+01:00,d241a044-0a06-40c2-9d90-c91fd0a95060,40.99851020119874,21.243798033728062,humidity,68
2025-12-23T10:57:39+01:00,d241a044-0a06-40c2-9d90-c91fd0a95060,40.99851020119874,21.243798033728062,noise,31
2025-12-23T10:57:39+01:00,d241a044-0a06-40c2-9d90-c91fd0a95060,40.99851020119874,21.243798033728062,noise_dba,41
2025-12-23T10:57:39+01:00,d241a044-0a06-40c2-9d90-c91fd0a95060,40.99851020119874,21.243798033728062,pressure,890
2025-12-23T10:57:39+01:00,d241a044-0a06-40c2-9d90-c91fd0a95060,40.99851020119874,21.243798033728062,temperature,8
2025-12-23T11:13:15+01:00,d241a044-0a06-40c2-9d90-c91fd0a95060,40.99851020119874,21.243798033728062,gasResistance,362076
2025-12-23T11:13:15+01:00,d241a044-0a06-40c2-9d90-c91fd0a95060,40.99851020119874,21.243798033728062,humidity,70
2025-12-23T11:13:15+01:00,d241a044-0a06-40c2-9d90-c91fd0a95060,40.99851020119874,21.243798033728062,noise,27
2025-12-23T11:13:15+01:00,d241a044-0a06-40c2-9d90-c91fd0a95060,40.99851020119874,21.243798033728062,noise_dba,38
2025-12-23T11:13:15+01:00,d241a044-0a06-40c2-9d90-c91fd0a95060,40.99851020119874,21.243798033728062,pm10,18
2025-12-23T11:13:15+01:00,d241a044-0a06-40c2-9d90-c91fd0a95060,40.99851020119874,21.243798033728062,pm25,12
2025-12-23T11:13:15+01:00,d241a044-0a06-40c2-9d90-c91fd0a95060,40.99851020119874,21.243798033728062,pressure,890
2025-12-23T11:13:15+01:00,d241a044-0a06-40c2-9d90-c91fd0a95060,40.99851020119874,21.243798033728062,temperature,8
2025-12-23T11:28:48+01:00,d241a044-0a06-40c2-9d90-c91fd0a95060,40.99851020119874,21.243798033728062,gasResistance,360491
2025-12-23T11:28:48+01:00,d241a044-0a06-40c2-9d90-c91fd0a95060,40.99851020119874,21.243798033728062,humidity,68
2025-12-23T11:28:48+01:00,d241a044-0a06-40c2-9d90-c91fd0a95060,40.99851020119874,21.243798033728062,noise,24
2025-12-23T11:28:48+01:00,d241a044-0a06-40c2-9d90-c91fd0a95060,40.99851020119874,21.243798033728062,noise_dba,36
2025-12-23T11:28:48+01:00,d241a044-0a06-40c2-9d90-c91fd0a95060,40.99851020119874,21.243798033728062,pm10,14
2025-12-23T11:28:48+01:00,d241a044-0a06-40c2-9d90-c91fd0a95060,40.99851020119874,21.243798033728062,pm25,9
2025-12-23T11:28:48+01:00,d241a044-0a06-40c2-9d90-c91fd0a95060,40.99851020119874,21.243798033728062,pressure,890
2025-12-23T11:28:48+01:00,d241a044-0a06-40c2-9d90-c91fd0a95060,40.99851020119874,21.243798033728062,temperature,8
2025-12-23T11:44:19+01:00,d241a044-0a06-40c2-9d90-c91fd0a95060,40.99851020119874,21.243798033728062,gasResistance,347190
2025-12-23T11:44:19+01:00,d241a044-0a06-40c2-9d90-c91fd0a95060,40.99851020119874,21.243798033728062,humidity,69
2025-12-23T11:44:19+01:00,d241a044-0a06-40c2-9d90-c91fd0a95060,40.99851020119874,21.243798033728062,noise,26
2025-12-23T11:44:19+01:00,d241a044-0a06-40c2-9d90-c91fd0a95060,40.99851020119874,21.243798033728062,noise_dba,38
2025-12-23T11:44:19+01:00,d241a044-0a06-40c2-9d90-c91fd0a95060,40.99851020119874,21.243798033728062,pm10,48
2025-12-23T11:44:19+01:00,d241a044-0a06-40c2-9d90-c91fd0a95060,40.99851020119874,21.243798033728062,pm25,26
2025-12-23T11:44:19+01:00,d241a044-0a06-40c2-9d90-c91fd0a95060,40.99851020119874,21.243798033728062,pressure,890
2025-12-23T11:44:19+01:00,d241a044-0a06-40c2-9d90-c91fd0a95060,40.99851020119874,21.243798033728062,temperature,8
2025-12-23T11:59:50+01:00,d241a044-0a06-40c2-9d90-c91fd0a95060,40.99851020119874,21.243798033728062,gasResistance,310234
2025-12-23T11:59:50+01:00,d241a044-0a06-40c2-9d90-c91fd0a95060,40.99851020119874,21.243798033728062,humidity,70
2025-12-23T11:59:50+01:00,d241a044-0a06-40c2-9d90-c91fd0a95060,40.99851020119874,21.243798033728062,noise,23
2025-12-23T11:59:50+01:00,d241a044-0a06-40c2-9d90-c91fd0a95060,40.99851020119874,21.243798033728062,noise_dba,36
2025-12-23T11:59:50+01:00,d241a044-0a06-40c2-9d90-c91fd0a95060,40.99851020119874,21.243798033728062,pm10,49
2025-12-23T11:59:50+01:00,d241a044-0a06-40c2-9d90-c91fd0a95060,40.99851020119874,21.243798033728062,pm25,29
2025-12-23T11:59:50+01:00,d241a044-0a06-40c2-9d90-c91fd0a95060,40.99851020119874,21.243798033728062,pressure,890
2025-12-23T11:59:50+01:00,d241a044-0a06-40c2-9d90-c91fd0a95060,40.99851020119874,21.243798033728062,temperature,8
2025-12-23T12:15:23+01:00,d241a044-0a06-40c2-9d90-c91fd0a95060,40.99851020119874,21.243798033728062,gasResistance,294163
2025-12-23T12:15:23+01:00,d241a044-0a06-40c2-9d90-c91fd0a95060,40.99851020119874,21.243798033728062,humidity,69
2025-12-23T12:15:23+01:00,d241a044-0a06-40c2-9d90-c91fd0a95060,40.99851020119874,21.243798033728062,noise,22
2025-12-23T12:15:23+01:00,d241a044-0a06-40c2-9d90-c91fd0a95060,40.99851020119874,21.243798033728062,noise_dba,35
2025-12-23T12:15:23+01:00,d241a044-0a06-40c2-9d90-c91fd0a95060,40.99851020119874,21.243798033728062,pm10,45
2025-12-23T12:15:23+01:00,d241a044-0a06-40c2-9d90-c91fd0a95060,40.99851020119874,21.243798033728062,pm25,25
2025-12-23T12:15:23+01:00,d241a044-0a06-40c2-9d90-c91fd0a95060,40.99851020119874,21.243798033728062,pressure,889
2025-12-23T12:15:23+01:00,d241a044-0a06-40c2-9d90-c91fd0a95060,40.99851020119874,21.243798033728062,temperature,8
2025-12-23T12:30:55+01:00,d241a044-0a06-40c2-9d90-c91fd0a95060,40.99851020119874,21.243798033728062,gasResistance,301708
2025-12-23T12:30:55+01:00,d241a044-0a06-40c2-9d90-c91fd0a95060,40.99851020119874,21.243798033728062,humidity,68
2025-12-23T12:30:55+01:00,d241a044-0a06-40c2-9d90-c91fd0a95060,40.99851020119874,21.243798033728062,noise,29
2025-12-23T12:30:55+01:00,d241a044-0a06-40c2-9d90-c91fd0a95060,40.99851020119874,21.243798033728062,noise_dba,40
2025-12-23T12:30:55+01:00,d241a044-0a06-40c2-9d90-c91fd0a95060,40.99851020119874,21.243798033728062,pm10,35
2025-12-23T12:30:55+01:00,d241a044-0a06-40c2-9d90-c91fd0a95060,40.99851020119874,21.243798033728062,pm25,21
2025-12-23T12:30:55+01:00,d241a044-0a06-40c2-9d90-c91fd0a95060,40.99851020119874,21.243798033728062,pressure,889
2025-12-23T12:30:55+01:00,d241a044-0a06-40c2-9d90-c91fd0a95060,40.99851020119874,21.243798033728062,temperature,8
2025-12-23T12:46:26+01:00,d241a044-0a06-40c2-9d90-c91fd0a95060,40.99851020119874,21.243798033728062,gasResistance,311998
2025-12-23T12:46:26+01:00,d241a044-0a06-40c2-9d90-c91fd0a95060,40.99851020119874,21.243798033728062,humidity,68
2025-12-23T12:46:26+01:00,d241a044-0a06-40c2-9d90-c91fd0a95060,40.99851020119874,21.243798033728062,noise,28
2025-12-23T12:46:26+01:00,d241a044-0a06-40c2-9d90-c91fd0a95060,40.99851020119874,21.243798033728062,noise_dba,39
2025-12-23T12:46:26+01:00,d241a044-0a06-40c2-9d90-c91fd0a95060,40.99851020119874,21.243798033728062,pm10,30
2025-12-23T12:46:26+01:00,d241a044-0a06-40c2-9d90-c91fd0a95060,40.99851020119874,21.243798033728062,pm25,18
2025-12-23T12:46:26+01:00,d241a044-0a06-40c2-9d90-c91fd0a95060,40.99851020119874,21.243798033728062,pressure,889
2025-12-23T12:46:26+01:00,d241a044-0a06-40c2-9d90-c91fd0a95060,40.99851020119874,21.243798033728062,temperature,8
2025-12-23T13:01:58+01:00,d241a044-0a06-40c2-9d90-c91fd0a95060,40.99851020119874,21.243798033728062,gasResistance,312590
2025-12-23T13:01:58+01:00,d241a044-0a06-40c2-9d90-c91fd0a95060,40.99851020119874,21.243798033728062,humidity,68
2025-12-23T13:01:58+01:00,d241a044-0a06-40c2-9d90-c91fd0a95060,40.99851020119874,21.243798033728062,noise,27
2025-12-23T13:01:58+01:00,d241a044-0a06-40c2-9d90-c91fd0a95060,40.99851020119874,21.243798033728062,noise_dba,38
2025-12-23T13:01:58+01:00,d241a044-0a06-40c2-9d90-c91fd0a95060,40.99851020119874,21.243798033728062,pm10,32
2025-12-23T13:01:58+01:00,d241a044-0a06-40c2-9d90-c91fd0a95060,40.99851020119874,21.243798033728062,pm25,18
2025-12-23T13:01:58+01:00,d241a044-0a06-40c2-9d90-c91fd0a95060,40.99851020119874,21.243798033728062,pressure,889
2025-12-23T13:01:58+01:00,d241a044-0a06-40c2-9d90-c91fd0a95060,40.99851020119874,21.243798033728062,temperature,8
2025-12-23T13:17:30+01:00,d241a044-0a06-40c2-9d90-c91fd0a95060,40.99851020119874,21.243798033728062,gasResistance,321124
2025-12-23T13:17:30+01:00,d241a044-0a06-40c2-9d90-c91fd0a95060,40.99851020119874,21.243798033728062,humidity,68
2025-12-23T13:17:30+01:00,d241a044-0a06-40c2-9d90-c91fd0a95060,40.99851020119874,21.243798033728062,noise,27
2025-12-23T13:17:30+01:00,d241a044-0a06-40c2-9d90-c91fd0a95060,40.99851020119874,21.243798033728062,noise_dba,38
2025-12-23T13:17:30+01:00,d241a044-0a06-40c2-9d90-c91fd0a95060,40.99851020119874,21.243798033728062,pm10,28
2025-12-23T13:17:30+01:00,d241a044-0a06-40c2-9d90-c91fd0a95060,40.99851020119874,21.243798033728062,pm25,18
2025-12-23T13:17:30+01:00,d241a044-0a06-40c2-9d90-c91fd0a95060,40.99851020119874,21.243798033728062,pressure,889
2025-12-23T13:17:30+01:00,d241a044-0a06-40c2-9d90-c91fd0a95060,40.99851020119874,21.243798033728062,temperature,8
2025-12-23T13:33:01+01:00,d241a044-0a06-40c2-9d90-c91fd0a95060,40.99851020119874,21.243798033728062,gasResistance,326860
2025-12-23T13:33:01+01:00,d241a044-0a06-40c2-9d90-c91fd0a95060,40.99851020119874,21.243798033728062,humidity,68
2025-12-23T13:33:01+01:00,d241a044-0a06-40c2-9d90-c91fd0a95060,40.99851020119874,21.243798033728062,noise,23
2025-12-23T13:33:01+01:00,d241a044-0a06-40c2-9d90-c91fd0a95060,40.99851020119874,21.243798033728062,noise_dba,36
2025-12-23T13:33:01+01:00,d241a044-0a06-40c2-9d90-c91fd0a95060,40.99851020119874,21.243798033728062,pm10,28
2025-12-23T13:33:01+01:00,d241a044-0a06-40c2-9d90-c91fd0a95060,40.99851020119874,21.243798033728062,pm25,16
2025-12-23T13:33:01+01:00,d241a044-0a06-40c2-9d90-c91fd0a95060,40.99851020119874,21.243798033728062,pressure,889
2025-12-23T13:33:01+01:00,d241a044-0a06-40c2-9d90-c91fd0a95060,40.99851020119874,21.243798033728062,temperature,8
2025-12-23T13:48:33+01:00,d241a044-0a06-40c2-9d90-c91fd0a95060,40.99851020119874,21.243798033728062,gasResistance,347924
2025-12-23T13:48:33+01:00,d241a044-0a06-40c2-9d90-c91fd0a95060,40.99851020119874,21.243798033728062,humidity,67
2025-12-23T13:48:33+01:00,d241a044-0a06-40c2-9d90-c91fd0a95060,40.99851020119874,21.243798033728062,noise,24
2025-12-23T13:48:33+01:00,d241a044-0a06-40c2-9d90-c91fd0a95060,40.99851020119874,21.243798033728062,noise_dba,36
2025-12-23T13:48:33+01:00,d241a044-0a06-40c2-9d90-c91fd0a95060,40.99851020119874,21.243798033728062,pm10,20
2025-12-23T13:48:33+01:00,d241a044-0a06-40c2-9d90-c91fd0a95060,40.99851020119874,21.243798033728062,pm25,13
2025-12-23T13:48:33+01:00,d241a044-0a06-40c2-9d90-c91fd0a95060,40.99851020119874,21.243798033728062,pressure,889
2025-12-23T13:48:33+01:00,d241a044-0a06-40c2-9d90-c91fd0a95060,40.99851020119874,21.243798033728062,temperature,8
2025-12-23T14:04:05+01:00,d241a044-0a06-40c2-9d90-c91fd0a95060,40.99851020119874,21.243798033728062,gasResistance,366917
2025-12-23T14:04:05+01:00,d241a044-0a06-40c2-9d90-c91fd0a95060,40.99851020119874,21.243798033728062,humidity,66
2025-12-23T14:04:05+01:00,d241a044-0a06-40c2-9d90-c91fd0a95060,40.99851020119874,21.243798033728062,noise,29
2025-12-23T14:04:05+01:00,d241a044-0a06-40c2-9d90-c91fd0a95060,40.99851020119874,21.243798033728062,noise_dba,40
2025-12-23T14:04:05+01:00,d241a044-0a06-40c2-9d90-c91fd0a95060,40.99851020119874,21.243798033728062,pm10,19
2025-12-23T14:04:05+01:00,d241a044-0a06-40c2-9d90-c91fd0a95060,40.99851020119874,21.243798033728062,pm25,11
2025-12-23T14:04:05+01:00,d241a044-0a06-40c2-9d90-c91fd0a95060,40.99851020119874,21.243798033728062,pressure,889
2025-12-23T14:04:05+01:00,d241a044-0a06-40c2-9d90-c91fd0a95060,40.99851020119874,21.243798033728062,temperature,8
2025-12-23T14:19:36+01:00,d241a044-0a06-40c2-9d90-c91fd0a95060,40.99851020119874,21.243798033728062,gasResistance,350889
2025-12-23T14:19:36+01:00,d241a044-0a06-40c2-9d90-c91fd0a95060,40.99851020119874,21.243798033728062,humidity,69
2025-12-23T14:19:36+01:00,d241a044-0a06-40c2-9d90-c91fd0a95060,40.99851020119874,21.243798033728062,noise,23
2025-12-23T14:19:36+01:00,d241a044-0a06-40c2-9d90-c91fd0a95060,40.99851020119874,21.243798033728062,noise_dba,36
2025-12-23T14:19:36+01:00,d241a044-0a06-40c2-9d90-c91fd0a95060,40.99851020119874,21.243798033728062,pm10,29
2025-12-23T14:19:36+01:00,d241a044-0a06-40c2-9d90-c91fd0a95060,40.99851020119874,21.243798033728062,pm25,17
2025-12-23T14:19:36+01:00,d241a044-0a06-40c2-9d90-c91fd0a95060,40.99851020119874,21.243798033728062,pressure,889
2025-12-23T14:19:36+01:00,d241a044-0a06-40c2-9d90-c91fd0a95060,40.99851020119874,21.243798033728062,temperature,8
2025-12-23T14:35:08+01:00,d241a044-0a06-40c2-9d90-c91fd0a95060,40.99851020119874,21.243798033728062,gasResistance,340373
2025-12-23T14:35:08+01:00,d241a044-0a06-40c2-9d90-c91fd0a95060,40.99851020119874,21.243798033728062,humidity,71
2025-12-23T14:35:08+01:00,d241a044-0a06-40c2-9d90-c91fd0a95060,40.99851020119874,21.243798033728062,noise,22
2025-12-23T14:35:08+01:00,d241a044-0a06-40c2-9d90-c91fd0a95060,40.99851020119874,21.243798033728062,noise_dba,35
2025-12-23T14:35:08+01:00,d241a044-0a06-40c2-9d90-c91fd0a95060,40.99851020119874,21.243798033728062,pm10,26
2025-12-23T14:35:08+01:00,d241a044-0a06-40c2-9d90-c91fd0a95060,40.99851020119874,21.243798033728062,pm25,16
2025-12-23T14:35:08+01:00,d241a044-0a06-40c2-9d90-c91fd0a95060,40.99851020119874,21.243798033728062,pressure,889
2025-12-23T14:35:08+01:00,d241a044-0a06-40c2-9d90-c91fd0a95060,40.99851020119874,21.243798033728062,temperature,8
2025-12-23T14:50:40+01:00,d241a044-0a06-40c2-9d90-c91fd0a95060,40.99851020119874,21.243798033728062,gasResistance,332470
2025-12-23T14:50:40+01:00,d241a044-0a06-40c2-9d90-c91fd0a95060,40.99851020119874,21.243798033728062,humidity,71
2025-12-23T14:50:40+01:00,d241a044-0a06-40c2-9d90-c91fd0a95060,40.99851020119874,21.243798033728062,noise,20
2025-12-23T14:50:40+01:00,d241a044-0a06-40c2-9d90-c91fd0a95060,40.99851020119874,21.243798033728062,noise_dba,34
2025-12-23T14:50:40+01:00,d241a044-0a06-40c2-9d90-c91fd0a95060,40.99851020119874,21.243798033728062,pm10,28
2025-12-23T14:50:40+01:00,d241a044-0a06-40c2-9d90-c91fd0a95060,40.99851020119874,21.243798033728062,pm25,17
2025-12-23T14:50:40+01:00,d241a044-0a06-40c2-9d90-c91fd0a95060,40.99851020119874,21.243798033728062,pressure,889
2025-12-23T14:50:40+01:00,d241a044-0a06-40c2-9d90-c91fd0a95060,40.99851020119874,21.243798033728062,temperature,8
2025-12-23T15:06:12+01:00,d241a044-0a06-40c2-9d90-c91fd0a95060,40.99851020119874,21.243798033728062,gasResistance,326213
2025-12-23T15:06:12+01:00,d241a044-0a06-40c2-9d90-c91fd0a95060,40.99851020119874,21.243798033728062,humidity,70
2025-12-23T15:06:12+01:00,d241a044-0a06-40c2-9d90-c91fd0a95060,40.99851020119874,21.243798033728062,noise,23
2025-12-23T15:06:12+01:00,d241a044-0a06-40c2-9d90-c91fd0a95060,40.99851020119874,21.243798033728062,noise_dba,36
2025-12-23T15:06:12+01:00,d241a044-0a06-40c2-9d90-c91fd0a95060,40.99851020119874,21.243798033728062,pm10,32
2025-12-23T15:06:12+01:00,d241a044-0a06-40c2-9d90-c91fd0a95060,40.99851020119874,21.243798033728062,pm25,19
2025-12-23T15:06:12+01:00,d241a044-0a06-40c2-9d90-c91fd0a95060,40.99851020119874,21.243798033728062,pressure,889
2025-12-23T15:06:12+01:00,d241a044-0a06-40c2-9d90-c91fd0a95060,40.99851020119874,21.243798033728062,temperature,8
2025-12-23T15:21:44+01:00,d241a044-0a06-40c2-9d90-c91fd0a95060,40.99851020119874,21.243798033728062,gasResistance,325568
2025-12-23T15:21:44+01:00,d241a044-0a06-40c2-9d90-c91fd0a95060,40.99851020119874,21.243798033728062,humidity,71
2025-12-23T15:21:44+01:00,d241a044-0a06-40c2-9d90-c91fd0a95060,40.99851020119874,21.243798033728062,noise,36
2025-12-23T15:21:44+01:00,d241a044-0a06-40c2-9d90-c91fd0a95060,40.99851020119874,21.243798033728062,noise_dba,43
2025-12-23T15:21:44+01:00,d241a044-0a06-40c2-9d90-c91fd0a95060,40.99851020119874,21.243798033728062,pm10,32
2025-12-23T15:21:44+01:00,d241a044-0a06-40c2-9d90-c91fd0a95060,40.99851020119874,21.243798033728062,pm25,16
2025-12-23T15:21:44+01:00,d241a044-0a06-40c2-9d90-c91fd0a95060,40.99851020119874,21.243798033728062,pressure,889
2025-12-23T15:21:44+01:00,d241a044-0a06-40c2-9d90-c91fd0a95060,40.99851020119874,21.243798033728062,temperature,8
2025-12-23T15:37:19+01:00,d241a044-0a06-40c2-9d90-c91fd0a95060,40.99851020119874,21.243798033728062,gasResistance,327837
2025-12-23T15:37:19+01:00,d241a044-0a06-40c2-9d90-c91fd0a95060,40.99851020119874,21.243798033728062,humidity,71
2025-12-23T15:37:19+01:00,d241a044-0a06-40c2-9d90-c91fd0a95060,40.99851020119874,21.243798033728062,noise,27
2025-12-23T15:37:19+01:00,d241a044-0a06-40c2-9d90-c91fd0a95060,40.99851020119874,21.243798033728062,noise_dba,38
2025-12-23T15:37:19+01:00,d241a044-0a06-40c2-9d90-c91fd0a95060,40.99851020119874,21.243798033728062,pm10,26
2025-12-23T15:37:19+01:00,d241a044-0a06-40c2-9d90-c91fd0a95060,40.99851020119874,21.243798033728062,pm25,15
2025-12-23T15:37:19+01:00,d241a044-0a06-40c2-9d90-c91fd0a95060,40.99851020119874,21.243798033728062,pressure,889
2025-12-23T15:37:19+01:00,d241a044-0a06-40c2-9d90-c91fd0a95060,40.99851020119874,21.243798033728062,temperature,8
2025-12-23T15:52:50+01:00,d241a044-0a06-40c2-9d90-c91fd0a95060,40.99851020119874,21.243798033728062,gasResistance,328818
2025-12-23T15:52:50+01:00,d241a044-0a06-40c2-9d90-c91fd0a95060,40.99851020119874,21.243798033728062,humidity,71
2025-12-23T15:52:50+01:00,d241a044-0a06-40c2-9d90-c91fd0a95060,40.99851020119874,21.243798033728062,noise,23
2025-12-23T15:52:50+01:00,d241a044-0a06-40c2-9d90-c91fd0a95060,40.99851020119874,21.243798033728062,noise_dba,36
2025-12-23T15:52:50+01:00,d241a044-0a06-40c2-9d90-c91fd0a95060,40.99851020119874,21.243798033728062,pm10,26
2025-12-23T15:52:50+01:00,d241a044-0a06-40c2-9d90-c91fd0a95060,40.99851020119874,21.243798033728062,pm25,14
2025-12-23T15:52:50+01:00,d241a044-0a06-40c2-9d90-c91fd0a95060,40.99851020119874,21.243798033728062,pressure,889
2025-12-23T15:52:50+01:00,d241a044-0a06-40c2-9d90-c91fd0a95060,40.99851020119874,21.243798033728062,temperature,8
2025-12-23T16:08:22+01:00,d241a044-0a06-40c2-9d90-c91fd0a95060,40.99851020119874,21.243798033728062,gasResistance,320811
2025-12-23T16:08:22+01:00,d241a044-0a06-40c2-9d90-c91fd0a95060,40.99851020119874,21.243798033728062,humidity,72
2025-12-23T16:08:22+01:00,d241a044-0a06-40c2-9d90-c91fd0a95060,40.99851020119874,21.243798033728062,noise,30
2025-12-23T16:08:22+01:00,d241a044-0a06-40c2-9d90-c91fd0a95060,40.99851020119874,21.243798033728062,noise_dba,40
2025-12-23T16:08:22+01:00,d241a044-0a06-40c2-9d90-c91fd0a95060,40.99851020119874,21.243798033728062,pm10,27
2025-12-23T16:08:22+01:00,d241a044-0a06-40c2-9d90-c91fd0a95060,40.99851020119874,21.243798033728062,pm25,14
2025-12-23T16:08:22+01:00,d241a044-0a06-40c2-9d90-c91fd0a95060,40.99851020119874,21.243798033728062,pressure,889
2025-12-23T16:08:22+01:00,d241a044-0a06-40c2-9d90-c91fd0a95060,40.99851020119874,21.243798033728062,temperature,8
2025-12-23T16:23:54+01:00,d241a044-0a06-40c2-9d90-c91fd0a95060,40.99851020119874,21.243798033728062,gasResistance,319256
2025-12-23T16:23:54+01:00,d241a044-0a06-40c2-9d90-c91fd0a95060,40.99851020119874,21.243798033728062,humidity,72
2025-12-23T16:23:54+01:00,d241a044-0a06-40c2-9d90-c91fd0a95060,40.99851020119874,21.243798033728062,noise,21
2025-12-23T16:23:54+01:00,d241a044-0a06-40c2-9d90-c91fd0a95060,40.99851020119874,21.243798033728062,noise_dba,34
2025-12-23T16:23:54+01:00,d241a044-0a06-40c2-9d90-c91fd0a95060,40.99851020119874,21.243798033728062,pm10,27
2025-12-23T16:23:54+01:00,d241a044-0a06-40c2-9d90-c91fd0a95060,40.99851020119874,21.243798033728062,pm25,15
2025-12-23T16:23:54+01:00,d241a044-0a06-40c2-9d90-c91fd0a95060,40.99851020119874,21.243798033728062,pressure,889
2025-12-23T16:23:54+01:00,d241a044-0a06-40c2-9d90-c91fd0a95060,40.99851020119874,21.243798033728062,temperature,8
2025-12-23T16:39:25+01:00,d241a044-0a06-40c2-9d90-c91fd0a95060,40.99851020119874,21.243798033728062,gasResistance,313781
2025-12-23T16:39:25+01:00,d241a044-0a06-40c2-9d90-c91fd0a95060,40.99851020119874,21.243798033728062,humidity,73
2025-12-23T16:39:25+01:00,d241a044-0a06-40c2-9d90-c91fd0a95060,40.99851020119874,21.243798033728062,noise,26
2025-12-23T16:39:25+01:00,d241a044-0a06-40c2-9d90-c91fd0a95060,40.99851020119874,21.243798033728062,noise_dba,38
2025-12-23T16:39:25+01:00,d241a044-0a06-40c2-9d90-c91fd0a95060,40.99851020119874,21.243798033728062,pm10,27
2025-12-23T16:39:25+01:00,d241a044-0a06-40c2-9d90-c91fd0a95060,40.99851020119874,21.243798033728062,pm25,15
2025-12-23T16:39:25+01:00,d241a044-0a06-40c2-9d90-c91fd0a95060,40.99851020119874,21.243798033728062,pressure,889
2025-12-23T16:39:25+01:00,d241a044-0a06-40c2-9d90-c91fd0a95060,40.99851020119874,21.243798033728062,temperature,8
2025-12-23T16:54:56+01:00,d241a044-0a06-40c2-9d90-c91fd0a95060,40.99851020119874,21.243798033728062,gasResistance,294953
2025-12-23T16:54:56+01:00,d241a044-0a06-40c2-9d90-c91fd0a95060,40.99851020119874,21.243798033728062,humidity,73
2025-12-23T16:54:56+01:00,d241a044-0a06-40c2-9d90-c91fd0a95060,40.99851020119874,21.243798033728062,noise,27
2025-12-23T16:54:56+01:00,d241a044-0a06-40c2-9d90-c91fd0a95060,40.99851020119874,21.243798033728062,noise_dba,38
2025-12-23T16:54:56+01:00,d241a044-0a06-40c2-9d90-c91fd0a95060,40.99851020119874,21.243798033728062,pm10,26
2025-12-23T16:54:56+01:00,d241a044-0a06-40c2-9d90-c91fd0a95060,40.99851020119874,21.243798033728062,pm25,15
2025-12-23T16:54:56+01:00,d241a044-0a06-40c2-9d90-c91fd0a95060,40.99851020119874,21.243798033728062,pressure,889
2025-12-23T16:54:56+01:00,d241a044-0a06-40c2-9d90-c91fd0a95060,40.99851020119874,21.243798033728062,temperature,8
2025-12-23T17:10:28+01:00,d241a044-0a06-40c2-9d90-c91fd0a95060,40.99851020119874,21.243798033728062,gasResistance,286486
2025-12-23T17:10:28+01:00,d241a044-0a06-40c2-9d90-c91fd0a95060,40.99851020119874,21.243798033728062,humidity,74
2025-12-23T17:10:28+01:00,d241a044-0a06-40c2-9d90-c91fd0a95060,40.99851020119874,21.243798033728062,noise,24
2025-12-23T17:10:28+01:00,d241a044-0a06-40c2-9d90-c91fd0a95060,40.99851020119874,21.243798033728062,noise_dba,36
2025-12-23T17:10:28+01:00,d241a044-0a06-40c2-9d90-c91fd0a95060,40.99851020119874,21.243798033728062,pm10,29
2025-12-23T17:10:28+01:00,d241a044-0a06-40c2-9d90-c91fd0a95060,40.99851020119874,21.243798033728062,pm25,15
2025-12-23T17:10:28+01:00,d241a044-0a06-40c2-9d90-c91fd0a95060,40.99851020119874,21.243798033728062,pressure,889
2025-12-23T17:10:28+01:00,d241a044-0a06-40c2-9d90-c91fd0a95060,40.99851020119874,21.243798033728062,temperature,7
2025-12-23T17:26:00+01:00,d241a044-0a06-40c2-9d90-c91fd0a95060,40.99851020119874,21.243798033728062,gasResistance,269380
2025-12-23T17:26:00+01:00,d241a044-0a06-40c2-9d90-c91fd0a95060,40.99851020119874,21.243798033728062,humidity,75
2025-12-23T17:26:00+01:00,d241a044-0a06-40c2-9d90-c91fd0a95060,40.99851020119874,21.243798033728062,noise,23
2025-12-23T17:26:00+01:00,d241a044-0a06-40c2-9d90-c91fd0a95060,40.99851020119874,21.243798033728062,noise_dba,36
2025-12-23T17:26:00+01:00,d241a044-0a06-40c2-9d90-c91fd0a95060,40.99851020119874,21.243798033728062,pm10,34
2025-12-23T17:26:00+01:00,d241a044-0a06-40c2-9d90-c91fd0a95060,40.99851020119874,21.243798033728062,pm25,16
2025-12-23T17:26:00+01:00,d241a044-0a06-40c2-9d90-c91fd0a95060,40.99851020119874,21.243798033728062,pressure,889
2025-12-23T17:26:00+01:00,d241a044-0a06-40c2-9d90-c91fd0a95060,40.99851020119874,21.243798033728062,temperature,7
2025-12-23T17:41:31+01:00,d241a044-0a06-40c2-9d90-c91fd0a95060,40.99851020119874,21.243798033728062,gasResistance,247330
2025-12-23T17:41:31+01:00,d241a044-0a06-40c2-9d90-c91fd0a95060,40.99851020119874,21.243798033728062,humidity,74
2025-12-23T17:41:31+01:00,d241a044-0a06-40c2-9d90-c91fd0a95060,40.99851020119874,21.243798033728062,noise,24
2025-12-23T17:41:31+01:00,d241a044-0a06-40c2-9d90-c91fd0a95060,40.99851020119874,21.243798033728062,noise_dba,36
2025-12-23T17:41:31+01:00,d241a044-0a06-40c2-9d90-c91fd0a95060,40.99851020119874,21.243798033728062,pm10,27
2025-12-23T17:41:31+01:00,d241a044-0a06-40c2-9d90-c91fd0a95060,40.99851020119874,21.243798033728062,pm25,15
2025-12-23T17:41:31+01:00,d241a044-0a06-40c2-9d90-c91fd0a95060,40.99851020119874,21.243798033728062,pressure,889
2025-12-23T17:41:31+01:00,d241a044-0a06-40c2-9d90-c91fd0a95060,40.99851020119874,21.243798033728062,temperature,7
2025-12-23T17:57:03+01:00,d241a044-0a06-40c2-9d90-c91fd0a95060,40.99851020119874,21.243798033728062,gasResistance,237177
2025-12-23T17:57:03+01:00,d241a044-0a06-40c2-9d90-c91fd0a95060,40.99851020119874,21.243798033728062,humidity,74
2025-12-23T17:57:03+01:00,d241a044-0a06-40c2-9d90-c91fd0a95060,40.99851020119874,21.243798033728062,noise,26
2025-12-23T17:57:03+01:00,d241a044-0a06-40c2-9d90-c91fd0a95060,40.99851020119874,21.243798033728062,noise_dba,38
2025-12-23T17:57:03+01:00,d241a044-0a06-40c2-9d90-c91fd0a95060,40.99851020119874,21.243798033728062,pm10,29
2025-12-23T17:57:03+01:00,d241a044-0a06-40c2-9d90-c91fd0a95060,40.99851020119874,21.243798033728062,pm25,15
2025-12-23T17:57:03+01:00,d241a044-0a06-40c2-9d90-c91fd0a95060,40.99851020119874,21.243798033728062,pressure,889
2025-12-23T17:57:03+01:00,d241a044-0a06-40c2-9d90-c91fd0a95060,40.99851020119874,21.243798033728062,temperature,7
2025-12-23T18:12:34+01:00,d241a044-0a06-40c2-9d90-c91fd0a95060,40.99851020119874,21.243798033728062,gasResistance,230537
2025-12-23T18:12:34+01:00,d241a044-0a06-40c2-9d90-c91fd0a95060,40.99851020119874,21.243798033728062,humidity,75
2025-12-23T18:12:34+01:00,d241a044-0a06-40c2-9d90-c91fd0a95060,40.99851020119874,21.243798033728062,noise,22
2025-12-23T18:12:34+01:00,d241a044-0a06-40c2-9d90-c91fd0a95060,40.99851020119874,21.243798033728062,noise_dba,35
2025-12-23T18:12:34+01:00,d241a044-0a06-40c2-9d90-c91fd0a95060,40.99851020119874,21.243798033728062,pm10,28
2025-12-23T18:12:34+01:00,d241a044-0a06-40c2-9d90-c91fd0a95060,40.99851020119874,21.243798033728062,pm25,15
2025-12-23T18:12:34+01:00,d241a044-0a06-40c2-9d90-c91fd0a95060,40.99851020119874,21.243798033728062,pressure,889
2025-12-23T18:12:34+01:00,d241a044-0a06-40c2-9d90-c91fd0a95060,40.99851020119874,21.243798033728062,temperature,7
2025-12-23T18:28:06+01:00,d241a044-0a06-40c2-9d90-c91fd0a95060,40.99851020119874,21.243798033728062,gasResistance,225486
2025-12-23T18:28:06+01:00,d241a044-0a06-40c2-9d90-c91fd0a95060,40.99851020119874,21.243798033728062,humidity,74
2025-12-23T18:28:06+01:00,d241a044-0a06-40c2-9d90-c91fd0a95060,40.99851020119874,21.243798033728062,noise,26
2025-12-23T18:28:06+01:00,d241a044-0a06-40c2-9d90-c91fd0a95060,40.99851020119874,21.243798033728062,noise_dba,38
2025-12-23T18:28:06+01:00,d241a044-0a06-40c2-9d90-c91fd0a95060,40.99851020119874,21.243798033728062,pm10,27
2025-12-23T18:28:06+01:00,d241a044-0a06-40c2-9d90-c91fd0a95060,40.99851020119874,21.243798033728062,pm25,15
2025-12-23T18:28:06+01:00,d241a044-0a06-40c2-9d90-c91fd0a95060,40.99851020119874,21.243798033728062,pressure,889
2025-12-23T18:28:06+01:00,d241a044-0a06-40c2-9d90-c91fd0a95060,40.99851020119874,21.243798033728062,temperature,7
2025-12-23T18:43:38+01:00,d241a044-0a06-40c2-9d90-c91fd0a95060,40.99851020119874,21.243798033728062,gasResistance,223953
2025-12-23T18:43:38+01:00,d241a044-0a06-40c2-9d90-c91fd0a95060,40.99851020119874,21.243798033728062,humidity,74
2025-12-23T18:43:38+01:00,d241a044-0a06-40c2-9d90-c91fd0a95060,40.99851020119874,21.243798033728062,noise,21
2025-12-23T18:43:38+01:00,d241a044-0a06-40c2-9d90-c91fd0a95060,40.99851020119874,21.243798033728062,noise_dba,34
2025-12-23T18:43:38+01:00,d241a044-0a06-40c2-9d90-c91fd0a95060,40.99851020119874,21.243798033728062,pm10,36
2025-12-23T18:43:38+01:00,d241a044-0a06-40c2-9d90-c91fd0a95060,40.99851020119874,21.243798033728062,pm25,18
2025-12-23T18:43:38+01:00,d241a044-0a06-40c2-9d90-c91fd0a95060,40.99851020119874,21.243798033728062,pressure,889
2025-12-23T18:43:38+01:00,d241a044-0a06-40c2-9d90-c91fd0a95060,40.99851020119874,21.243798033728062,temperature,7
2025-12-23T18:59:10+01:00,d241a044-0a06-40c2-9d90-c91fd0a95060,40.99851020119874,21.243798033728062,gasResistance,218167
2025-12-23T18:59:10+01:00,d241a044-0a06-40c2-9d90-c91fd0a95060,40.99851020119874,21.243798033728062,humidity,74
2025-12-23T18:59:10+01:00,d241a044-0a06-40c2-9d90-c91fd0a95060,40.99851020119874,21.243798033728062,noise,33
2025-12-23T18:59:10+01:00,d241a044-0a06-40c2-9d90-c91fd0a95060,40.99851020119874,21.243798033728062,noise_dba,42
2025-12-23T18:59:10+01:00,d241a044-0a06-40c2-9d90-c91fd0a95060,40.99851020119874,21.243798033728062,pm10,29
2025-12-23T18:59:10+01:00,d241a044-0a06-40c2-9d90-c91fd0a95060,40.99851020119874,21.243798033728062,pm25,15
2025-12-23T18:59:10+01:00,d241a044-0a06-40c2-9d90-c91fd0a95060,40.99851020119874,21.243798033728062,pressure,889
2025-12-23T18:59:10+01:00,d241a044-0a06-40c2-9d90-c91fd0a95060,40.99851020119874,21.243798033728062,temperature,7
2025-12-23T19:14:41+01:00,d241a044-0a06-40c2-9d90-c91fd0a95060,40.99851020119874,21.243798033728062,gasResistance,212535
2025-12-23T19:14:41+01:00,d241a044-0a06-40c2-9d90-c91fd0a95060,40.99851020119874,21.243798033728062,humidity,74
2025-12-23T19:14:41+01:00,d241a044-0a06-40c2-9d90-c91fd0a95060,40.99851020119874,21.243798033728062,noise,24
2025-12-23T19:14:41+01:00,d241a044-0a06-40c2-9d90-c91fd0a95060,40.99851020119874,21.243798033728062,noise_dba,36
2025-12-23T19:14:41+01:00,d241a044-0a06-40c2-9d90-c91fd0a95060,40.99851020119874,21.243798033728062,pm10,30
2025-12-23T19:14:41+01:00,d241a044-0a06-40c2-9d90-c91fd0a95060,40.99851020119874,21.243798033728062,pm25,16
2025-12-23T19:14:41+01:00,d241a044-0a06-40c2-9d90-c91fd0a95060,40.99851020119874,21.243798033728062,pressure,889
2025-12-23T19:14:41+01:00,d241a044-0a06-40c2-9d90-c91fd0a95060,40.99851020119874,21.243798033728062,temperature,7
2025-12-23T19:30:13+01:00,d241a044-0a06-40c2-9d90-c91fd0a95060,40.99851020119874,21.243798033728062,gasResistance,209427
2025-12-23T19:30:13+01:00,d241a044-0a06-40c2-9d90-c91fd0a95060,40.99851020119874,21.243798033728062,humidity,77
2025-12-23T19:30:13+01:00,d241a044-0a06-40c2-9d90-c91fd0a95060,40.99851020119874,21.243798033728062,noise,21
2025-12-23T19:30:13+01:00,d241a044-0a06-40c2-9d90-c91fd0a95060,40.99851020119874,21.243798033728062,noise_dba,34
2025-12-23T19:30:13+01:00,d241a044-0a06-40c2-9d90-c91fd0a95060,40.99851020119874,21.243798033728062,pm10,28
2025-12-23T19:30:13+01:00,d241a044-0a06-40c2-9d90-c91fd0a95060,40.99851020119874,21.243798033728062,pm25,15
2025-12-23T19:30:13+01:00,d241a044-0a06-40c2-9d90-c91fd0a95060,40.99851020119874,21.243798033728062,pressure,889
2025-12-23T19:30:13+01:00,d241a044-0a06-40c2-9d90-c91fd0a95060,40.99851020119874,21.243798033728062,temperature,7
2025-12-23T19:45:45+01:00,d241a044-0a06-40c2-9d90-c91fd0a95060,40.99851020119874,21.243798033728062,gasResistance,194925
2025-12-23T19:45:45+01:00,d241a044-0a06-40c2-9d90-c91fd0a95060,40.99851020119874,21.243798033728062,humidity,76
2025-12-23T19:45:45+01:00,d241a044-0a06-40c2-9d90-c91fd0a95060,40.99851020119874,21.243798033728062,noise,26
2025-12-23T19:45:45+01:00,d241a044-0a06-40c2-9d90-c91fd0a95060,40.99851020119874,21.243798033728062,noise_dba,38
2025-12-23T19:45:45+01:00,d241a044-0a06-40c2-9d90-c91fd0a95060,40.99851020119874,21.243798033728062,pm10,27
2025-12-23T19:45:45+01:00,d241a044-0a06-40c2-9d90-c91fd0a95060,40.99851020119874,21.243798033728062,pm25,14
2025-12-23T19:45:45+01:00,d241a044-0a06-40c2-9d90-c91fd0a95060,40.99851020119874,21.243798033728062,pressure,889
2025-12-23T19:45:45+01:00,d241a044-0a06-40c2-9d90-c91fd0a95060,40.99851020119874,21.243798033728062,temperature,7
2025-12-23T20:01:17+01:00,d241a044-0a06-40c2-9d90-c91fd0a95060,40.99851020119874,21.243798033728062,gasResistance,194006
2025-12-23T20:01:17+01:00,d241a044-0a06-40c2-9d90-c91fd0a95060,40.99851020119874,21.243798033728062,humidity,75
2025-12-23T20:01:17+01:00,d241a044-0a06-40c2-9d90-c91fd0a95060,40.99851020119874,21.243798033728062,noise,21
2025-12-23T20:01:17+01:00,d241a044-0a06-40c2-9d90-c91fd0a95060,40.99851020119874,21.243798033728062,noise_dba,34
2025-12-23T20:01:17+01:00,d241a044-0a06-40c2-9d90-c91fd0a95060,40.99851020119874,21.243798033728062,pm10,29
2025-12-23T20:01:17+01:00,d241a044-0a06-40c2-9d90-c91fd0a95060,40.99851020119874,21.243798033728062,pm25,14
2025-12-23T20:01:17+01:00,d241a044-0a06-40c2-9d90-c91fd0a95060,40.99851020119874,21.243798033728062,pressure,889
2025-12-23T20:01:17+01:00,d241a044-0a06-40c2-9d90-c91fd0a95060,40.99851020119874,21.243798033728062,temperature,7
2025-12-23T20:16:49+01:00,d241a044-0a06-40c2-9d90-c91fd0a95060,40.99851020119874,21.243798033728062,gasResistance,203853
2025-12-23T20:16:49+01:00,d241a044-0a06-40c2-9d90-c91fd0a95060,40.99851020119874,21.243798033728062,humidity,74
2025-12-23T20:16:49+01:00,d241a044-0a06-40c2-9d90-c91fd0a95060,40.99851020119874,21.243798033728062,noise,28
2025-12-23T20:16:49+01:00,d241a044-0a06-40c2-9d90-c91fd0a95060,40.99851020119874,21.243798033728062,noise_dba,39
2025-12-23T20:16:49+01:00,d241a044-0a06-40c2-9d90-c91fd0a95060,40.99851020119874,21.243798033728062,pm10,24
2025-12-23T20:16:49+01:00,d241a044-0a06-40c2-9d90-c91fd0a95060,40.99851020119874,21.243798033728062,pm25,13
2025-12-23T20:16:49+01:00,d241a044-0a06-40c2-9d90-c91fd0a95060,40.99851020119874,21.243798033728062,pressure,889
2025-12-23T20:16:49+01:00,d241a044-0a06-40c2-9d90-c91fd0a95060,40.99851020119874,21.243798033728062,temperature,7
2025-12-23T20:32:21+01:00,d241a044-0a06-40c2-9d90-c91fd0a95060,40.99851020119874,21.243798033728062,gasResistance,201237
2025-12-23T20:32:21+01:00,d241a044-0a06-40c2-9d90-c91fd0a95060,40.99851020119874,21.243798033728062,humidity,76
2025-12-23T20:32:21+01:00,d241a044-0a06-40c2-9d90-c91fd0a95060,40.99851020119874,21.243798033728062,noise,36
2025-12-23T20:32:21+01:00,d241a044-0a06-40c2-9d90-c91fd0a95060,40.99851020119874,21.243798033728062,noise_dba,43
2025-12-23T20:32:21+01:00,d241a044-0a06-40c2-9d90-c91fd0a95060,40.99851020119874,21.243798033728062,pm10,28
2025-12-23T20:32:21+01:00,d241a044-0a06-40c2-9d90-c91fd0a95060,40.99851020119874,21.243798033728062,pm25,15
2025-12-23T20:32:21+01:00,d241a044-0a06-40c2-9d90-c91fd0a95060,40.99851020119874,21.243798033728062,pressure,889
2025-12-23T20:32:21+01:00,d241a044-0a06-40c2-9d90-c91fd0a95060,40.99851020119874,21.243798033728062,temperature,7
2025-12-23T20:47:53+01:00,d241a044-0a06-40c2-9d90-c91fd0a95060,40.99851020119874,21.243798033728062,gasResistance,201607
2025-12-23T20:47:53+01:00,d241a044-0a06-40c2-9d90-c91fd0a95060,40.99851020119874,21.243798033728062,humidity,75
2025-12-23T20:47:53+01:00,d241a044-0a06-40c2-9d90-c91fd0a95060,40.99851020119874,21.243798033728062,noise,21
2025-12-23T20:47:53+01:00,d241a044-0a06-40c2-9d90-c91fd0a95060,40.99851020119874,21.243798033728062,noise_dba,34
2025-12-23T20:47:53+01:00,d241a044-0a06-40c2-9d90-c91fd0a95060,40.99851020119874,21.243798033728062,pm10,26
2025-12-23T20:47:53+01:00,d241a044-0a06-40c2-9d90-c91fd0a95060,40.99851020119874,21.243798033728062,pm25,14
2025-12-23T20:47:53+01:00,d241a044-0a06-40c2-9d90-c91fd0a95060,40.99851020119874,21.243798033728062,pressure,889
2025-12-23T20:47:53+01:00,d241a044-0a06-40c2-9d90-c91fd0a95060,40.99851020119874,21.243798033728062,temperature,7
2025-12-23T21:03:24+01:00,d241a044-0a06-40c2-9d90-c91fd0a95060,40.99851020119874,21.243798033728062,gasResistance,202474
2025-12-23T21:03:24+01:00,d241a044-0a06-40c2-9d90-c91fd0a95060,40.99851020119874,21.243798033728062,humidity,74
2025-12-23T21:03:24+01:00,d241a044-0a06-40c2-9d90-c91fd0a95060,40.99851020119874,21.243798033728062,noise,21
2025-12-23T21:03:24+01:00,d241a044-0a06-40c2-9d90-c91fd0a95060,40.99851020119874,21.243798033728062,noise_dba,34
2025-12-23T21:03:24+01:00,d241a044-0a06-40c2-9d90-c91fd0a95060,40.99851020119874,21.243798033728062,pm10,27
2025-12-23T21:03:24+01:00,d241a044-0a06-40c2-9d90-c91fd0a95060,40.99851020119874,21.243798033728062,pm25,14
2025-12-23T21:03:24+01:00,d241a044-0a06-40c2-9d90-c91fd0a95060,40.99851020119874,21.243798033728062,pressure,889
2025-12-23T21:03:24+01:00,d241a044-0a06-40c2-9d90-c91fd0a95060,40.99851020119874,21.243798033728062,temperature,7
2025-12-23T21:18:55+01:00,d241a044-0a06-40c2-9d90-c91fd0a95060,40.99851020119874,21.243798033728062,gasResistance,203979
2025-12-23T21:18:55+01:00,d241a044-0a06-40c2-9d90-c91fd0a95060,40.99851020119874,21.243798033728062,humidity,74
2025-12-23T21:18:55+01:00,d241a044-0a06-40c2-9d90-c91fd0a95060,40.99851020119874,21.243798033728062,noise,21
2025-12-23T21:18:55+01:00,d241a044-0a06-40c2-9d90-c91fd0a95060,40.99851020119874,21.243798033728062,noise_dba,34
2025-12-23T21:18:55+01:00,d241a044-0a06-40c2-9d90-c91fd0a95060,40.99851020119874,21.243798033728062,pm10,29
2025-12-23T21:18:55+01:00,d241a044-0a06-40c2-9d90-c91fd0a95060,40.99851020119874,21.243798033728062,pm25,15
2025-12-23T21:18:55+01:00,d241a044-0a06-40c2-9d90-c91fd0a95060,40.99851020119874,21.243798033728062,pressure,889
2025-12-23T21:18:55+01:00,d241a044-0a06-40c2-9d90-c91fd0a95060,40.99851020119874,21.243798033728062,temperature,7
2025-12-23T21:34:27+01:00,d241a044-0a06-40c2-9d90-c91fd0a95060,40.99851020119874,21.243798033728062,gasResistance,197971
2025-12-23T21:34:27+01:00,d241a044-0a06-40c2-9d90-c91fd0a95060,40.99851020119874,21.243798033728062,humidity,75
2025-12-23T21:34:27+01:00,d241a044-0a06-40c2-9d90-c91fd0a95060,40.99851020119874,21.243798033728062,noise,20
2025-12-23T21:34:27+01:00,d241a044-0a06-40c2-9d90-c91fd0a95060,40.99851020119874,21.243798033728062,noise_dba,34
2025-12-23T21:34:27+01:00,d241a044-0a06-40c2-9d90-c91fd0a95060,40.99851020119874,21.243798033728062,pm10,39
2025-12-23T21:34:27+01:00,d241a044-0a06-40c2-9d90-c91fd0a95060,40.99851020119874,21.243798033728062,pm25,16
2025-12-23T21:34:27+01:00,d241a044-0a06-40c2-9d90-c91fd0a95060,40.99851020119874,21.243798033728062,pressure,889
2025-12-23T21:34:27+01:00,d241a044-0a06-40c2-9d90-c91fd0a95060,40.99851020119874,21.243798033728062,temperature,7
2025-12-23T21:49:59+01:00,d241a044-0a06-40c2-9d90-c91fd0a95060,40.99851020119874,21.243798033728062,gasResistance,195968
2025-12-23T21:49:59+01:00,d241a044-0a06-40c2-9d90-c91fd0a95060,40.99851020119874,21.243798033728062,humidity,75
2025-12-23T21:49:59+01:00,d241a044-0a06-40c2-9d90-c91fd0a95060,40.99851020119874,21.243798033728062,noise,22
2025-12-23T21:49:59+01:00,d241a044-0a06-40c2-9d90-c91fd0a95060,40.99851020119874,21.243798033728062,noise_dba,35
2025-12-23T21:49:59+01:00,d241a044-0a06-40c2-9d90-c91fd0a95060,40.99851020119874,21.243798033728062,pm10,27
2025-12-23T21:49:59+01:00,d241a044-0a06-40c2-9d90-c91fd0a95060,40.99851020119874,21.243798033728062,pm25,14
2025-12-23T21:49:59+01:00,d241a044-0a06-40c2-9d90-c91fd0a95060,40.99851020119874,21.243798033728062,pressure,889
2025-12-23T21:49:59+01:00,d241a044-0a06-40c2-9d90-c91fd0a95060,40.99851020119874,21.243798033728062,temperature,7
2025-12-23T22:05:34+01:00,d241a044-0a06-40c2-9d90-c91fd0a95060,40.99851020119874,21.243798033728062,gasResistance,195387
2025-12-23T22:05:34+01:00,d241a044-0a06-40c2-9d90-c91fd0a95060,40.99851020119874,21.243798033728062,humidity,76
2025-12-23T22:05:34+01:00,d241a044-0a06-40c2-9d90-c91fd0a95060,40.99851020119874,21.243798033728062,noise,26
2025-12-23T22:05:34+01:00,d241a044-0a06-40c2-9d90-c91fd0a95060,40.99851020119874,21.243798033728062,noise_dba,38
2025-12-23T22:05:34+01:00,d241a044-0a06-40c2-9d90-c91fd0a95060,40.99851020119874,21.243798033728062,pm10,28
2025-12-23T22:05:34+01:00,d241a044-0a06-40c2-9d90-c91fd0a95060,40.99851020119874,21.243798033728062,pm25,14
2025-12-23T22:05:34+01:00,d241a044-0a06-40c2-9d90-c91fd0a95060,40.99851020119874,21.243798033728062,pressure,889
2025-12-23T22:05:34+01:00,d241a044-0a06-40c2-9d90-c91fd0a95060,40.99851020119874,21.243798033728062,temperature,7
2025-12-23T22:21:06+01:00,d241a044-0a06-40c2-9d90-c91fd0a95060,40.99851020119874,21.243798033728062,gasResistance,194694
2025-12-23T22:21:06+01:00,d241a044-0a06-40c2-9d90-c91fd0a95060,40.99851020119874,21.243798033728062,humidity,78
2025-12-23T22:21:06+01:00,d241a044-0a06-40c2-9d90-c91fd0a95060,40.99851020119874,21.243798033728062,noise,26
2025-12-23T22:21:06+01:00,d241a044-0a06-40c2-9d90-c91fd0a95060,40.99851020119874,21.243798033728062,noise_dba,38
2025-12-23T22:21:06+01:00,d241a044-0a06-40c2-9d90-c91fd0a95060,40.99851020119874,21.243798033728062,pm10,23
2025-12-23T22:21:06+01:00,d241a044-0a06-40c2-9d90-c91fd0a95060,40.99851020119874,21.243798033728062,pm25,13
2025-12-23T22:21:06+01:00,d241a044-0a06-40c2-9d90-c91fd0a95060,40.99851020119874,21.243798033728062,pressure,889
2025-12-23T22:21:06+01:00,d241a044-0a06-40c2-9d90-c91fd0a95060,40.99851020119874,21.243798033728062,temperature,7
2025-12-23T22:36:40+01:00,d241a044-0a06-40c2-9d90-c91fd0a95060,40.99851020119874,21.243798033728062,gasResistance,193664
2025-12-23T22:36:40+01:00,d241a044-0a06-40c2-9d90-c91fd0a95060,40.99851020119874,21.243798033728062,humidity,76
2025-12-23T22:36:40+01:00,d241a044-0a06-40c2-9d90-c91fd0a95060,40.99851020119874,21.243798033728062,noise,30
2025-12-23T22:36:40+01:00,d241a044-0a06-40c2-9d90-c91fd0a95060,40.99851020119874,21.243798033728062,noise_dba,40
2025-12-23T22:36:40+01:00,d241a044-0a06-40c2-9d90-c91fd0a95060,40.99851020119874,21.243798033728062,pm10,24
2025-12-23T22:36:40+01:00,d241a044-0a06-40c2-9d90-c91fd0a95060,40.99851020119874,21.243798033728062,pm25,13
2025-12-23T22:36:40+01:00,d241a044-0a06-40c2-9d90-c91fd0a95060,40.99851020119874,21.243798033728062,pressure,889
2025-12-23T22:36:40+01:00,d241a044-0a06-40c2-9d90-c91fd0a95060,40.99851020119874,21.243798033728062,temperature,7
2025-12-23T22:52:11+01:00,d241a044-0a06-40c2-9d90-c91fd0a95060,40.99851020119874,21.243798033728062,gasResistance,190969
2025-12-23T22:52:11+01:00,d241a044-0a06-40c2-9d90-c91fd0a95060,40.99851020119874,21.243798033728062,humidity,75
2025-12-23T22:52:11+01:00,d241a044-0a06-40c2-9d90-c91fd0a95060,40.99851020119874,21.243798033728062,noise,21
2025-12-23T22:52:11+01:00,d241a044-0a06-40c2-9d90-c91fd0a95060,40.99851020119874,21.243798033728062,noise_dba,34
2025-12-23T22:52:11+01:00,d241a044-0a06-40c2-9d90-c91fd0a95060,40.99851020119874,21.243798033728062,pm10,21
2025-12-23T22:52:11+01:00,d241a044-0a06-40c2-9d90-c91fd0a95060,40.99851020119874,21.243798033728062,pm25,11
2025-12-23T22:52:11+01:00,d241a044-0a06-40c2-9d90-c91fd0a95060,40.99851020119874,21.243798033728062,pressure,888
2025-12-23T22:52:11+01:00,d241a044-0a06-40c2-9d90-c91fd0a95060,40.99851020119874,21.243798033728062,temperature,7
2025-12-23T23:07:43+01:00,d241a044-0a06-40c2-9d90-c91fd0a95060,40.99851020119874,21.243798033728062,gasResistance,181473
2025-12-23T23:07:43+01:00,d241a044-0a06-40c2-9d90-c91fd0a95060,40.99851020119874,21.243798033728062,humidity,76
2025-12-23T23:07:43+01:00,d241a044-0a06-40c2-9d90-c91fd0a95060,40.99851020119874,21.243798033728062,noise,30
2025-12-23T23:07:43+01:00,d241a044-0a06-40c2-9d90-c91fd0a95060,40.99851020119874,21.243798033728062,noise_dba,40
2025-12-23T23:07:43+01:00,d241a044-0a06-40c2-9d90-c91fd0a95060,40.99851020119874,21.243798033728062,pm10,20
2025-12-23T23:07:43+01:00,d241a044-0a06-40c2-9d90-c91fd0a95060,40.99851020119874,21.243798033728062,pm25,10
2025-12-23T23:07:43+01:00,d241a044-0a06-40c2-9d90-c91fd0a95060,40.99851020119874,21.243798033728062,pressure,888
2025-12-23T23:07:43+01:00,d241a044-0a06-40c2-9d90-c91fd0a95060,40.99851020119874,21.243798033728062,temperature,7
2025-12-23T23:23:15+01:00,d241a044-0a06-40c2-9d90-c91fd0a95060,40.99851020119874,21.243798033728062,gasResistance,183260
2025-12-23T23:23:15+01:00,d241a044-0a06-40c2-9d90-c91fd0a95060,40.99851020119874,21.243798033728062,humidity,75
2025-12-23T23:23:15+01:00,d241a044-0a06-40c2-9d90-c91fd0a95060,40.99851020119874,21.243798033728062,noise,20
2025-12-23T23:23:15+01:00,d241a044-0a06-40c2-9d90-c91fd0a95060,40.99851020119874,21.243798033728062,noise_dba,34
2025-12-23T23:23:15+01:00,d241a044-0a06-40c2-9d90-c91fd0a95060,40.99851020119874,21.243798033728062,pm10,281
2025-12-23T23:23:15+01:00,d241a044-0a06-40c2-9d90-c91fd0a95060,40.99851020119874,21.243798033728062,pm25,22
2025-12-23T23:23:15+01:00,d241a044-0a06-40c2-9d90-c91fd0a95060,40.99851020119874,21.243798033728062,pressure,888
2025-12-23T23:23:15+01:00,d241a044-0a06-40c2-9d90-c91fd0a95060,40.99851020119874,21.243798033728062,temperature,7
2025-12-23T23:38:47+01:00,d241a044-0a06-40c2-9d90-c91fd0a95060,40.99851020119874,21.243798033728062,gasResistance,184879
2025-12-23T23:38:47+01:00,d241a044-0a06-40c2-9d90-c91fd0a95060,40.99851020119874,21.243798033728062,humidity,77
2025-12-23T23:38:47+01:00,d241a044-0a06-40c2-9d90-c91fd0a95060,40.99851020119874,21.243798033728062,noise,20
2025-12-23T23:38:47+01:00,d241a044-0a06-40c2-9d90-c91fd0a95060,40.99851020119874,21.243798033728062,noise_dba,34
2025-12-23T23:38:47+01:00,d241a044-0a06-40c2-9d90-c91fd0a95060,40.99851020119874,21.243798033728062,pm10,55
2025-12-23T23:38:47+01:00,d241a044-0a06-40c2-9d90-c91fd0a95060,40.99851020119874,21.243798033728062,pm25,14
2025-12-23T23:38:47+01:00,d241a044-0a06-40c2-9d90-c91fd0a95060,40.99851020119874,21.243798033728062,pressure,888
2025-12-23T23:38:47+01:00,d241a044-0a06-40c2-9d90-c91fd0a95060,40.99851020119874,21.243798033728062,temperature,7
2025-12-23T23:54:19+01:00,d241a044-0a06-40c2-9d90-c91fd0a95060,40.99851020119874,21.243798033728062,gasResistance,191524
2025-12-23T23:54:19+01:00,d241a044-0a06-40c2-9d90-c91fd0a95060,40.99851020119874,21.243798033728062,humidity,77
2025-12-23T23:54:19+01:00,d241a044-0a06-40c2-9d90-c91fd0a95060,40.99851020119874,21.243798033728062,noise,23
2025-12-23T23:54:19+01:00,d241a044-0a06-40c2-9d90-c91fd0a95060,40.99851020119874,21.243798033728062,noise_dba,36
2025-12-23T23:54:19+01:00,d241a044-0a06-40c2-9d90-c91fd0a95060,40.99851020119874,21.243798033728062,pm10,183
2025-12-23T23:54:19+01:00,d241a044-0a06-40c2-9d90-c91fd0a95060,40.99851020119874,21.243798033728062,pm25,22
2025-12-23T23:54:19+01:00,d241a044-0a06-40c2-9d90-c91fd0a95060,40.99851020119874,21.243798033728062,pressure,888
2025-12-23T23:54:19+01:00,d241a044-0a06-40c2-9d90-c91fd0a95060,40.99851020119874,21.243798033728062,temperature,7
2025-12-24T00:09:50+01:00,d241a044-0a06-40c2-9d90-c91fd0a95060,40.99851020119874,21.243798033728062,gasResistance,192983
2025-12-24T00:09:50+01:00,d241a044-0a06-40c2-9d90-c91fd0a95060,40.99851020119874,21.243798033728062,humidity,78
2025-12-24T00:09:50+01:00,d241a044-0a06-40c2-9d90-c91fd0a95060,40.99851020119874,21.243798033728062,noise,21
2025-12-24T00:09:50+01:00,d241a044-0a06-40c2-9d90-c91fd0a95060,40.99851020119874,21.243798033728062,noise_dba,34
2025-12-24T00:09:50+01:00,d241a044-0a06-40c2-9d90-c91fd0a95060,40.99851020119874,21.243798033728062,pm10,27
2025-12-24T00:09:50+01:00,d241a044-0a06-40c2-9d90-c91fd0a95060,40.99851020119874,21.243798033728062,pm25,11
2025-12-24T00:09:50+01:00,d241a044-0a06-40c2-9d90-c91fd0a95060,40.99851020119874,21.243798033728062,pressure,888
2025-12-24T00:09:50+01:00,d241a044-0a06-40c2-9d90-c91fd0a95060,40.99851020119874,21.243798033728062,temperature,7
2025-12-24T00:25:22+01:00,d241a044-0a06-40c2-9d90-c91fd0a95060,40.99851020119874,21.243798033728062,gasResistance,190527
2025-12-24T00:25:22+01:00,d241a044-0a06-40c2-9d90-c91fd0a95060,40.99851020119874,21.243798033728062,humidity,80
2025-12-24T00:25:22+01:00,d241a044-0a06-40c2-9d90-c91fd0a95060,40.99851020119874,21.243798033728062,noise,28
2025-12-24T00:25:22+01:00,d241a044-0a06-40c2-9d90-c91fd0a95060,40.99851020119874,21.243798033728062,noise_dba,39
2025-12-24T00:25:22+01:00,d241a044-0a06-40c2-9d90-c91fd0a95060,40.99851020119874,21.243798033728062,pm10,21
2025-12-24T00:25:22+01:00,d241a044-0a06-40c2-9d90-c91fd0a95060,40.99851020119874,21.243798033728062,pm25,11
2025-12-24T00:25:22+01:00,d241a044-0a06-40c2-9d90-c91fd0a95060,40.99851020119874,21.243798033728062,pressure,888
2025-12-24T00:25:22+01:00,d241a044-0a06-40c2-9d90-c91fd0a95060,40.99851020119874,21.243798033728062,temperature,6
2025-12-24T00:40:53+01:00,d241a044-0a06-40c2-9d90-c91fd0a95060,40.99851020119874,21.243798033728062,gasResistance,184066
2025-12-24T00:40:53+01:00,d241a044-0a06-40c2-9d90-c91fd0a95060,40.99851020119874,21.243798033728062,humidity,77
2025-12-24T00:40:53+01:00,d241a044-0a06-40c2-9d90-c91fd0a95060,40.99851020119874,21.243798033728062,noise,26
2025-12-24T00:40:53+01:00,d241a044-0a06-40c2-9d90-c91fd0a95060,40.99851020119874,21.243798033728062,noise_dba,38
2025-12-24T00:40:53+01:00,d241a044-0a06-40c2-9d90-c91fd0a95060,40.99851020119874,21.243798033728062,pm10,18
2025-12-24T00:40:53+01:00,d241a044-0a06-40c2-9d90-c91fd0a95060,40.99851020119874,21.243798033728062,pm25,10
2025-12-24T00:40:53+01:00,d241a044-0a06-40c2-9d90-c91fd0a95060,40.99851020119874,21.243798033728062,pressure,888
2025-12-24T00:40:53+01:00,d241a044-0a06-40c2-9d90-c91fd0a95060,40.99851020119874,21.243798033728062,temperature,6
2025-12-24T00:56:25+01:00,d241a044-0a06-40c2-9d90-c91fd0a95060,40.99851020119874,21.243798033728062,gasResistance,183662
2025-12-24T00:56:25+01:00,d241a044-0a06-40c2-9d90-c91fd0a95060,40.99851020119874,21.243798033728062,humidity,76
2025-12-24T00:56:25+01:00,d241a044-0a06-40c2-9d90-c91fd0a95060,40.99851020119874,21.243798033728062,noise,21
2025-12-24T00:56:25+01:00,d241a044-0a06-40c2-9d90-c91fd0a95060,40.99851020119874,21.243798033728062,noise_dba,34
2025-12-24T00:56:25+01:00,d241a044-0a06-40c2-9d90-c91fd0a95060,40.99851020119874,21.243798033728062,pm10,17
2025-12-24T00:56:25+01:00,d241a044-0a06-40c2-9d90-c91fd0a95060,40.99851020119874,21.243798033728062,pm25,9
2025-12-24T00:56:25+01:00,d241a044-0a06-40c2-9d90-c91fd0a95060,40.99851020119874,21.243798033728062,pressure,888
2025-12-24T00:56:25+01:00,d241a044-0a06-40c2-9d90-c91fd0a95060,40.99851020119874,21.243798033728062,temperature,6
2025-12-24T01:11:57+01:00,d241a044-0a06-40c2-9d90-c91fd0a95060,40.99851020119874,21.243798033728062,gasResistance,188025
2025-12-24T01:11:57+01:00,d241a044-0a06-40c2-9d90-c91fd0a95060,40.99851020119874,21.243798033728062,humidity,76
2025-12-24T01:11:57+01:00,d241a044-0a06-40c2-9d90-c91fd0a95060,40.99851020119874,21.243798033728062,noise,21
2025-12-24T01:11:57+01:00,d241a044-0a06-40c2-9d90-c91fd0a95060,40.99851020119874,21.243798033728062,noise_dba,34
2025-12-24T01:11:57+01:00,d241a044-0a06-40c2-9d90-c91fd0a95060,40.99851020119874,21.243798033728062,pm10,39
2025-12-24T01:11:57+01:00,d241a044-0a06-40c2-9d90-c91fd0a95060,40.99851020119874,21.243798033728062,pm25,13
2025-12-24T01:11:57+01:00,d241a044-0a06-40c2-9d90-c91fd0a95060,40.99851020119874,21.243798033728062,pressure,888
2025-12-24T01:11:57+01:00,d241a044-0a06-40c2-9d90-c91fd0a95060,40.99851020119874,21.243798033728062,temperature,7
2025-12-24T01:27:29+01:00,d241a044-0a06-40c2-9d90-c91fd0a95060,40.99851020119874,21.243798033728062,gasResistance,191413
2025-12-24T01:27:29+01:00,d241a044-0a06-40c2-9d90-c91fd0a95060,40.99851020119874,21.243798033728062,humidity,76
2025-12-24T01:27:29+01:00,d241a044-0a06-40c2-9d90-c91fd0a95060,40.99851020119874,21.243798033728062,noise,25
2025-12-24T01:27:29+01:00,d241a044-0a06-40c2-9d90-c91fd0a95060,40.99851020119874,21.243798033728062,noise_dba,37
2025-12-24T01:27:29+01:00,d241a044-0a06-40c2-9d90-c91fd0a95060,40.99851020119874,21.243798033728062,pm10,24
2025-12-24T01:27:29+01:00,d241a044-0a06-40c2-9d90-c91fd0a95060,40.99851020119874,21.243798033728062,pm25,12
2025-12-24T01:27:29+01:00,d241a044-0a06-40c2-9d90-c91fd0a95060,40.99851020119874,21.243798033728062,pressure,888
2025-12-24T01:27:29+01:00,d241a044-0a06-40c2-9d90-c91fd0a95060,40.99851020119874,21.243798033728062,temperature,7
2025-12-24T01:43:00+01:00,d241a044-0a06-40c2-9d90-c91fd0a95060,40.99851020119874,21.243798033728062,gasResistance,202723
2025-12-24T01:43:00+01:00,d241a044-0a06-40c2-9d90-c91fd0a95060,40.99851020119874,21.243798033728062,humidity,76
2025-12-24T01:43:00+01:00,d241a044-0a06-40c2-9d90-c91fd0a95060,40.99851020119874,21.243798033728062,noise,21
2025-12-24T01:43:00+01:00,d241a044-0a06-40c2-9d90-c91fd0a95060,40.99851020119874,21.243798033728062,noise_dba,34
2025-12-24T01:43:00+01:00,d241a044-0a06-40c2-9d90-c91fd0a95060,40.99851020119874,21.243798033728062,pm10,58
2025-12-24T01:43:00+01:00,d241a044-0a06-40c2-9d90-c91fd0a95060,40.99851020119874,21.243798033728062,pm25,10
2025-12-24T01:43:00+01:00,d241a044-0a06-40c2-9d90-c91fd0a95060,40.99851020119874,21.243798033728062,pressure,888
2025-12-24T01:43:00+01:00,d241a044-0a06-40c2-9d90-c91fd0a95060,40.99851020119874,21.243798033728062,temperature,7
2025-12-24T01:58:32+01:00,d241a044-0a06-40c2-9d90-c91fd0a95060,40.99851020119874,21.243798033728062,gasResistance,215455
2025-12-24T01:58:32+01:00,d241a044-0a06-40c2-9d90-c91fd0a95060,40.99851020119874,21.243798033728062,humidity,76
2025-12-24T01:58:32+01:00,d241a044-0a06-40c2-9d90-c91fd0a95060,40.99851020119874,21.243798033728062,noise,21
2025-12-24T01:58:32+01:00,d241a044-0a06-40c2-9d90-c91fd0a95060,40.99851020119874,21.243798033728062,noise_dba,34
2025-12-24T01:58:32+01:00,d241a044-0a06-40c2-9d90-c91fd0a95060,40.99851020119874,21.243798033728062,pm10,13
2025-12-24T01:58:32+01:00,d241a044-0a06-40c2-9d90-c91fd0a95060,40.99851020119874,21.243798033728062,pm25,7
2025-12-24T01:58:32+01:00,d241a044-0a06-40c2-9d90-c91fd0a95060,40.99851020119874,21.243798033728062,pressure,888
2025-12-24T01:58:32+01:00,d241a044-0a06-40c2-9d90-c91fd0a95060,40.99851020119874,21.243798033728062,temperature,7
2025-12-24T02:14:04+01:00,d241a044-0a06-40c2-9d90-c91fd0a95060,40.99851020119874,21.243798033728062,gasResistance,225332
2025-12-24T02:14:04+01:00,d241a044-0a06-40c2-9d90-c91fd0a95060,40.99851020119874,21.243798033728062,humidity,75
2025-12-24T02:14:04+01:00,d241a044-0a06-40c2-9d90-c91fd0a95060,40.99851020119874,21.243798033728062,noise,25
2025-12-24T02:14:04+01:00,d241a044-0a06-40c2-9d90-c91fd0a95060,40.99851020119874,21.243798033728062,noise_dba,37
2025-12-24T02:14:04+01:00,d241a044-0a06-40c2-9d90-c91fd0a95060,40.99851020119874,21.243798033728062,pm10,223
2025-12-24T02:14:04+01:00,d241a044-0a06-40c2-9d90-c91fd0a95060,40.99851020119874,21.243798033728062,pm25,14
2025-12-24T02:14:04+01:00,d241a044-0a06-40c2-9d90-c91fd0a95060,40.99851020119874,21.243798033728062,pressure,887
2025-12-24T02:14:04+01:00,d241a044-0a06-40c2-9d90-c91fd0a95060,40.99851020119874,21.243798033728062,temperature,7
2025-12-24T02:29:35+01:00,d241a044-0a06-40c2-9d90-c91fd0a95060,40.99851020119874,21.243798033728062,gasResistance,233148
2025-12-24T02:29:35+01:00,d241a044-0a06-40c2-9d90-c91fd0a95060,40.99851020119874,21.243798033728062,humidity,76
2025-12-24T02:29:35+01:00,d241a044-0a06-40c2-9d90-c91fd0a95060,40.99851020119874,21.243798033728062,noise,20
2025-12-24T02:29:35+01:00,d241a044-0a06-40c2-9d90-c91fd0a95060,40.99851020119874,21.243798033728062,noise_dba,34
2025-12-24T02:29:35+01:00,d241a044-0a06-40c2-9d90-c91fd0a95060,40.99851020119874,21.243798033728062,pm10,12
2025-12-24T02:29:35+01:00,d241a044-0a06-40c2-9d90-c91fd0a95060,40.99851020119874,21.243798033728062,pm25,6
2025-12-24T02:29:35+01:00,d241a044-0a06-40c2-9d90-c91fd0a95060,40.99851020119874,21.243798033728062,pressure,887
2025-12-24T02:29:35+01:00,d241a044-0a06-40c2-9d90-c91fd0a95060,40.99851020119874,21.243798033728062,temperature,7
2025-12-24T02:45:07+01:00,d241a044-0a06-40c2-9d90-c91fd0a95060,40.99851020119874,21.243798033728062,gasResistance,239942
2025-12-24T02:45:07+01:00,d241a044-0a06-40c2-9d90-c91fd0a95060,40.99851020119874,21.243798033728062,humidity,75
2025-12-24T02:45:07+01:00,d241a044-0a06-40c2-9d90-c91fd0a95060,40.99851020119874,21.243798033728062,noise,21
2025-12-24T02:45:07+01:00,d241a044-0a06-40c2-9d90-c91fd0a95060,40.99851020119874,21.243798033728062,noise_dba,34
2025-12-24T02:45:07+01:00,d241a044-0a06-40c2-9d90-c91fd0a95060,40.99851020119874,21.243798033728062,pm10,26
2025-12-24T02:45:07+01:00,d241a044-0a06-40c2-9d90-c91fd0a95060,40.99851020119874,21.243798033728062,pm25,8
2025-12-24T02:45:07+01:00,d241a044-0a06-40c2-9d90-c91fd0a95060,40.99851020119874,21.243798033728062,pressure,887
2025-12-24T02:45:07+01:00,d241a044-0a06-40c2-9d90-c91fd0a95060,40.99851020119874,21.243798033728062,temperature,7
2025-12-24T03:00:39+01:00,d241a044-0a06-40c2-9d90-c91fd0a95060,40.99851020119874,21.243798033728062,gasResistance,251101
2025-12-24T03:00:39+01:00,d241a044-0a06-40c2-9d90-c91fd0a95060,40.99851020119874,21.243798033728062,humidity,75
2025-12-24T03:00:39+01:00,d241a044-0a06-40c2-9d90-c91fd0a95060,40.99851020119874,21.243798033728062,noise,20
2025-12-24T03:00:39+01:00,d241a044-0a06-40c2-9d90-c91fd0a95060,40.99851020119874,21.243798033728062,noise_dba,34
2025-12-24T03:00:39+01:00,d241a044-0a06-40c2-9d90-c91fd0a95060,40.99851020119874,21.243798033728062,pm10,11
2025-12-24T03:00:39+01:00,d241a044-0a06-40c2-9d90-c91fd0a95060,40.99851020119874,21.243798033728062,pm25,6
2025-12-24T03:00:39+01:00,d241a044-0a06-40c2-9d90-c91fd0a95060,40.99851020119874,21.243798033728062,pressure,887
2025-12-24T03:00:39+01:00,d241a044-0a06-40c2-9d90-c91fd0a95060,40.99851020119874,21.243798033728062,temperature,7
2025-12-24T03:16:10+01:00,d241a044-0a06-40c2-9d90-c91fd0a95060,40.99851020119874,21.243798033728062,gasResistance,259408
2025-12-24T03:16:10+01:00,d241a044-0a06-40c2-9d90-c91fd0a95060,40.99851020119874,21.243798033728062,humidity,75
2025-12-24T03:16:10+01:00,d241a044-0a06-40c2-9d90-c91fd0a95060,40.99851020119874,21.243798033728062,noise,20
2025-12-24T03:16:10+01:00,d241a044-0a06-40c2-9d90-c91fd0a95060,40.99851020119874,21.243798033728062,noise_dba,34
2025-12-24T03:16:10+01:00,d241a044-0a06-40c2-9d90-c91fd0a95060,40.99851020119874,21.243798033728062,pm10,8
2025-12-24T03:16:10+01:00,d241a044-0a06-40c2-9d90-c91fd0a95060,40.99851020119874,21.243798033728062,pm25,4
2025-12-24T03:16:10+01:00,d241a044-0a06-40c2-9d90-c91fd0a95060,40.99851020119874,21.243798033728062,pressure,887
2025-12-24T03:16:10+01:00,d241a044-0a06-40c2-9d90-c91fd0a95060,40.99851020119874,21.243798033728062,temperature,7
2025-12-24T03:31:42+01:00,d241a044-0a06-40c2-9d90-c91fd0a95060,40.99851020119874,21.243798033728062,gasResistance,266978
2025-12-24T03:31:42+01:00,d241a044-0a06-40c2-9d90-c91fd0a95060,40.99851020119874,21.243798033728062,humidity,78
2025-12-24T03:31:42+01:00,d241a044-0a06-40c2-9d90-c91fd0a95060,40.99851020119874,21.243798033728062,noise,20
2025-12-24T03:31:42+01:00,d241a044-0a06-40c2-9d90-c91fd0a95060,40.99851020119874,21.243798033728062,noise_dba,34
2025-12-24T03:31:42+01:00,d241a044-0a06-40c2-9d90-c91fd0a95060,40.99851020119874,21.243798033728062,pm10,30
2025-12-24T03:31:42+01:00,d241a044-0a06-40c2-9d90-c91fd0a95060,40.99851020119874,21.243798033728062,pm25,5
2025-12-24T03:31:42+01:00,d241a044-0a06-40c2-9d90-c91fd0a95060,40.99851020119874,21.243798033728062,pressure,887
2025-12-24T03:31:42+01:00,d241a044-0a06-40c2-9d90-c91fd0a95060,40.99851020119874,21.243798033728062,temperature,7
2025-12-24T03:47:14+01:00,d241a044-0a06-40c2-9d90-c91fd0a95060,40.99851020119874,21.243798033728062,gasResistance,263983
2025-12-24T03:47:14+01:00,d241a044-0a06-40c2-9d90-c91fd0a95060,40.99851020119874,21.243798033728062,humidity,76
2025-12-24T03:47:14+01:00,d241a044-0a06-40c2-9d90-c91fd0a95060,40.99851020119874,21.243798033728062,noise,20
2025-12-24T03:47:14+01:00,d241a044-0a06-40c2-9d90-c91fd0a95060,40.99851020119874,21.243798033728062,noise_dba,34
2025-12-24T03:47:14+01:00,d241a044-0a06-40c2-9d90-c91fd0a95060,40.99851020119874,21.243798033728062,pm10,6
2025-12-24T03:47:14+01:00,d241a044-0a06-40c2-9d90-c91fd0a95060,40.99851020119874,21.243798033728062,pm25,4
2025-12-24T03:47:14+01:00,d241a044-0a06-40c2-9d90-c91fd0a95060,40.99851020119874,21.243798033728062,pressure,887
2025-12-24T03:47:14+01:00,d241a044-0a06-40c2-9d90-c91fd0a95060,40.99851020119874,21.243798033728062,temperature,7
2025-12-24T04:02:45+01:00,d241a044-0a06-40c2-9d90-c91fd0a95060,40.99851020119874,21.243798033728062,gasResistance,255782
2025-12-24T04:02:45+01:00,d241a044-0a06-40c2-9d90-c91fd0a95060,40.99851020119874,21.243798033728062,humidity,78
2025-12-24T04:02:45+01:00,d241a044-0a06-40c2-9d90-c91fd0a95060,40.99851020119874,21.243798033728062,noise,25
2025-12-24T04:02:45+01:00,d241a044-0a06-40c2-9d90-c91fd0a95060,40.99851020119874,21.243798033728062,noise_dba,37
2025-12-24T04:02:45+01:00,d241a044-0a06-40c2-9d90-c91fd0a95060,40.99851020119874,21.243798033728062,pm10,53
2025-12-24T04:02:45+01:00,d241a044-0a06-40c2-9d90-c91fd0a95060,40.99851020119874,21.243798033728062,pm25,5
2025-12-24T04:02:45+01:00,d241a044-0a06-40c2-9d90-c91fd0a95060,40.99851020119874,21.243798033728062,pressure,887
2025-12-24T04:02:45+01:00,d241a044-0a06-40c2-9d90-c91fd0a95060,40.99851020119874,21.243798033728062,temperature,7
2025-12-24T04:18:17+01:00,d241a044-0a06-40c2-9d90-c91fd0a95060,40.99851020119874,21.243798033728062,gasResistance,256979
2025-12-24T04:18:17+01:00,d241a044-0a06-40c2-9d90-c91fd0a95060,40.99851020119874,21.243798033728062,humidity,76
2025-12-24T04:18:17+01:00,d241a044-0a06-40c2-9d90-c91fd0a95060,40.99851020119874,21.243798033728062,noise,21
2025-12-24T04:18:17+01:00,d241a044-0a06-40c2-9d90-c91fd0a95060,40.99851020119874,21.243798033728062,noise_dba,34
2025-12-24T04:18:17+01:00,d241a044-0a06-40c2-9d90-c91fd0a95060,40.99851020119874,21.243798033728062,pm10,5
2025-12-24T04:18:17+01:00,d241a044-0a06-40c2-9d90-c91fd0a95060,40.99851020119874,21.243798033728062,pm25,3
2025-12-24T04:18:17+01:00,d241a044-0a06-40c2-9d90-c91fd0a95060,40.99851020119874,21.243798033728062,pressure,887
2025-12-24T04:18:17+01:00,d241a044-0a06-40c2-9d90-c91fd0a95060,40.99851020119874,21.243798033728062,temperature,7
2025-12-24T04:33:48+01:00,d241a044-0a06-40c2-9d90-c91fd0a95060,40.99851020119874,21.243798033728062,gasResistance,262719
2025-12-24T04:33:48+01:00,d241a044-0a06-40c2-9d90-c91fd0a95060,40.99851020119874,21.243798033728062,humidity,75
2025-12-24T04:33:48+01:00,d241a044-0a06-40c2-9d90-c91fd0a95060,40.99851020119874,21.243798033728062,noise,24
2025-12-24T04:33:48+01:00,d241a044-0a06-40c2-9d90-c91fd0a95060,40.99851020119874,21.243798033728062,noise_dba,36
2025-12-24T04:33:48+01:00,d241a044-0a06-40c2-9d90-c91fd0a95060,40.99851020119874,21.243798033728062,pm10,5
2025-12-24T04:33:48+01:00,d241a044-0a06-40c2-9d90-c91fd0a95060,40.99851020119874,21.243798033728062,pm25,3
2025-12-24T04:33:48+01:00,d241a044-0a06-40c2-9d90-c91fd0a95060,40.99851020119874,21.243798033728062,pressure,886
2025-12-24T04:33:48+01:00,d241a044-0a06-40c2-9d90-c91fd0a95060,40.99851020119874,21.243798033728062,temperature,7
2025-12-24T04:49:20+01:00,d241a044-0a06-40c2-9d90-c91fd0a95060,40.99851020119874,21.243798033728062,gasResistance,265258
2025-12-24T04:49:20+01:00,d241a044-0a06-40c2-9d90-c91fd0a95060,40.99851020119874,21.243798033728062,humidity,78
2025-12-24T04:49:20+01:00,d241a044-0a06-40c2-9d90-c91fd0a95060,40.99851020119874,21.243798033728062,noise,22
2025-12-24T04:49:20+01:00,d241a044-0a06-40c2-9d90-c91fd0a95060,40.99851020119874,21.243798033728062,noise_dba,35
2025-12-24T04:49:20+01:00,d241a044-0a06-40c2-9d90-c91fd0a95060,40.99851020119874,21.243798033728062,pm10,4
2025-12-24T04:49:20+01:00,d241a044-0a06-40c2-9d90-c91fd0a95060,40.99851020119874,21.243798033728062,pm25,3
2025-12-24T04:49:20+01:00,d241a044-0a06-40c2-9d90-c91fd0a95060,40.99851020119874,21.243798033728062,pressure,886
2025-12-24T04:49:20+01:00,d241a044-0a06-40c2-9d90-c91fd0a95060,40.99851020119874,21.243798033728062,temperature,7
2025-12-24T05:04:52+01:00,d241a044-0a06-40c2-9d90-c91fd0a95060,40.99851020119874,21.243798033728062,gasResistance,263983
2025-12-24T05:04:52+01:00,d241a044-0a06-40c2-9d90-c91fd0a95060,40.99851020119874,21.243798033728062,humidity,76
2025-12-24T05:04:52+01:00,d241a044-0a06-40c2-9d90-c91fd0a95060,40.99851020119874,21.243798033728062,noise,22
2025-12-24T05:04:52+01:00,d241a044-0a06-40c2-9d90-c91fd0a95060,40.99851020119874,21.243798033728062,noise_dba,35
2025-12-24T05:04:52+01:00,d241a044-0a06-40c2-9d90-c91fd0a95060,40.99851020119874,21.243798033728062,pm10,3
2025-12-24T05:04:52+01:00,d241a044-0a06-40c2-9d90-c91fd0a95060,40.99851020119874,21.243798033728062,pm25,2
2025-12-24T05:04:52+01:00,d241a044-0a06-40c2-9d90-c91fd0a95060,40.99851020119874,21.243798033728062,pressure,886
2025-12-24T05:04:52+01:00,d241a044-0a06-40c2-9d90-c91fd0a95060,40.99851020119874,21.243798033728062,temperature,7
2025-12-24T05:20:24+01:00,d241a044-0a06-40c2-9d90-c91fd0a95060,40.99851020119874,21.243798033728062,gasResistance,263983
2025-12-24T05:20:24+01:00,d241a044-0a06-40c2-9d90-c91fd0a95060,40.99851020119874,21.243798033728062,humidity,76
2025-12-24T05:20:24+01:00,d241a044-0a06-40c2-9d90-c91fd0a95060,40.99851020119874,21.243798033728062,noise,22
2025-12-24T05:20:24+01:00,d241a044-0a06-40c2-9d90-c91fd0a95060,40.99851020119874,21.243798033728062,noise_dba,35
2025-12-24T05:20:24+01:00,d241a044-0a06-40c2-9d90-c91fd0a95060,40.99851020119874,21.243798033728062,pm10,2
2025-12-24T05:20:24+01:00,d241a044-0a06-40c2-9d90-c91fd0a95060,40.99851020119874,21.243798033728062,pm25,1
2025-12-24T05:20:24+01:00,d241a044-0a06-40c2-9d90-c91fd0a95060,40.99851020119874,21.243798033728062,pressure,886
2025-12-24T05:20:24+01:00,d241a044-0a06-40c2-9d90-c91fd0a95060,40.99851020119874,21.243798033728062,temperature,7
2025-12-24T05:35:55+01:00,d241a044-0a06-40c2-9d90-c91fd0a95060,40.99851020119874,21.243798033728062,gasResistance,267195
2025-12-24T05:35:55+01:00,d241a044-0a06-40c2-9d90-c91fd0a95060,40.99851020119874,21.243798033728062,humidity,77
2025-12-24T05:35:55+01:00,d241a044-0a06-40c2-9d90-c91fd0a95060,40.99851020119874,21.243798033728062,noise,21
2025-12-24T05:35:55+01:00,d241a044-0a06-40c2-9d90-c91fd0a95060,40.99851020119874,21.243798033728062,noise_dba,34
2025-12-24T05:35:55+01:00,d241a044-0a06-40c2-9d90-c91fd0a95060,40.99851020119874,21.243798033728062,pm10,3
2025-12-24T05:35:55+01:00,d241a044-0a06-40c2-9d90-c91fd0a95060,40.99851020119874,21.243798033728062,pm25,1
2025-12-24T05:35:55+01:00,d241a044-0a06-40c2-9d90-c91fd0a95060,40.99851020119874,21.243798033728062,pressure,886
2025-12-24T05:35:55+01:00,d241a044-0a06-40c2-9d90-c91fd0a95060,40.99851020119874,21.243798033728062,temperature,7
2025-12-24T05:51:27+01:00,d241a044-0a06-40c2-9d90-c91fd0a95060,40.99851020119874,21.243798033728062,gasResistance,244757
2025-12-24T05:51:27+01:00,d241a044-0a06-40c2-9d90-c91fd0a95060,40.99851020119874,21.243798033728062,humidity,79
2025-12-24T05:51:27+01:00,d241a044-0a06-40c2-9d90-c91fd0a95060,40.99851020119874,21.243798033728062,noise,21
2025-12-24T05:51:27+01:00,d241a044-0a06-40c2-9d90-c91fd0a95060,40.99851020119874,21.243798033728062,noise_dba,34
2025-12-24T05:51:27+01:00,d241a044-0a06-40c2-9d90-c91fd0a95060,40.99851020119874,21.243798033728062,pm10,4
2025-12-24T05:51:27+01:00,d241a044-0a06-40c2-9d90-c91fd0a95060,40.99851020119874,21.243798033728062,pm25,2
2025-12-24T05:51:27+01:00,d241a044-0a06-40c2-9d90-c91fd0a95060,40.99851020119874,21.243798033728062,pressure,886
2025-12-24T05:51:27+01:00,d241a044-0a06-40c2-9d90-c91fd0a95060,40.99851020119874,21.243798033728062,temperature,6
2025-12-24T06:06:59+01:00,d241a044-0a06-40c2-9d90-c91fd0a95060,40.99851020119874,21.243798033728062,gasResistance,256979
2025-12-24T06:06:59+01:00,d241a044-0a06-40c2-9d90-c91fd0a95060,40.99851020119874,21.243798033728062,humidity,79
2025-12-24T06:06:59+01:00,d241a044-0a06-40c2-9d90-c91fd0a95060,40.99851020119874,21.243798033728062,noise,21
2025-12-24T06:06:59+01:00,d241a044-0a06-40c2-9d90-c91fd0a95060,40.99851020119874,21.243798033728062,noise_dba,34
2025-12-24T06:06:59+01:00,d241a044-0a06-40c2-9d90-c91fd0a95060,40.99851020119874,21.243798033728062,pm10,2
2025-12-24T06:06:59+01:00,d241a044-0a06-40c2-9d90-c91fd0a95060,40.99851020119874,21.243798033728062,pm25,1
2025-12-24T06:06:59+01:00,d241a044-0a06-40c2-9d90-c91fd0a95060,40.99851020119874,21.243798033728062,pressure,886
2025-12-24T06:06:59+01:00,d241a044-0a06-40c2-9d90-c91fd0a95060,40.99851020119874,21.243798033728062,temperature,6
2025-12-24T06:22:30+01:00,d241a044-0a06-40c2-9d90-c91fd0a95060,40.99851020119874,21.243798033728062,gasResistance,252255
2025-12-24T06:22:30+01:00,d241a044-0a06-40c2-9d90-c91fd0a95060,40.99851020119874,21.243798033728062,humidity,77
2025-12-24T06:22:30+01:00,d241a044-0a06-40c2-9d90-c91fd0a95060,40.99851020119874,21.243798033728062,noise,21
2025-12-24T06:22:30+01:00,d241a044-0a06-40c2-9d90-c91fd0a95060,40.99851020119874,21.243798033728062,noise_dba,34
2025-12-24T06:22:30+01:00,d241a044-0a06-40c2-9d90-c91fd0a95060,40.99851020119874,21.243798033728062,pm10,2
2025-12-24T06:22:30+01:00,d241a044-0a06-40c2-9d90-c91fd0a95060,40.99851020119874,21.243798033728062,pm25,1
2025-12-24T06:22:30+01:00,d241a044-0a06-40c2-9d90-c91fd0a95060,40.99851020119874,21.243798033728062,pressure,886
2025-12-24T06:22:30+01:00,d241a044-0a06-40c2-9d90-c91fd0a95060,40.99851020119874,21.243798033728062,temperature,6
2025-12-24T06:38:02+01:00,d241a044-0a06-40c2-9d90-c91fd0a95060,40.99851020119874,21.243798033728062,gasResistance,242058
2025-12-24T06:38:02+01:00,d241a044-0a06-40c2-9d90-c91fd0a95060,40.99851020119874,21.243798033728062,humidity,76
2025-12-24T06:38:02+01:00,d241a044-0a06-40c2-9d90-c91fd0a95060,40.99851020119874,21.243798033728062,noise,21
2025-12-24T06:38:02+01:00,d241a044-0a06-40c2-9d90-c91fd0a95060,40.99851020119874,21.243798033728062,noise_dba,34
2025-12-24T06:38:02+01:00,d241a044-0a06-40c2-9d90-c91fd0a95060,40.99851020119874,21.243798033728062,pm10,2
2025-12-24T06:38:02+01:00,d241a044-0a06-40c2-9d90-c91fd0a95060,40.99851020119874,21.243798033728062,pm25,1
2025-12-24T06:38:02+01:00,d241a044-0a06-40c2-9d90-c91fd0a95060,40.99851020119874,21.243798033728062,pressure,887
2025-12-24T06:38:02+01:00,d241a044-0a06-40c2-9d90-c91fd0a95060,40.99851020119874,21.243798033728062,temperature,6
2025-12-24T06:53:34+01:00,d241a044-0a06-40c2-9d90-c91fd0a95060,40.99851020119874,21.243798033728062,gasResistance,238207
2025-12-24T06:53:34+01:00,d241a044-0a06-40c2-9d90-c91fd0a95060,40.99851020119874,21.243798033728062,humidity,77
2025-12-24T06:53:34+01:00,d241a044-0a06-40c2-9d90-c91fd0a95060,40.99851020119874,21.243798033728062,noise,27
2025-12-24T06:53:34+01:00,d241a044-0a06-40c2-9d90-c91fd0a95060,40.99851020119874,21.243798033728062,noise_dba,38
2025-12-24T06:53:34+01:00,d241a044-0a06-40c2-9d90-c91fd0a95060,40.99851020119874,21.243798033728062,pm10,2
2025-12-24T06:53:34+01:00,d241a044-0a06-40c2-9d90-c91fd0a95060,40.99851020119874,21.243798033728062,pm25,1
2025-12-24T06:53:34+01:00,d241a044-0a06-40c2-9d90-c91fd0a95060,40.99851020119874,21.243798033728062,pressure,887
2025-12-24T06:53:34+01:00,d241a044-0a06-40c2-9d90-c91fd0a95060,40.99851020119874,21.243798033728062,temperature,7
2025-12-24T07:09:05+01:00,d241a044-0a06-40c2-9d90-c91fd0a95060,40.99851020119874,21.243798033728062,gasResistance,245121
2025-12-24T07:09:05+01:00,d241a044-0a06-40c2-9d90-c91fd0a95060,40.99851020119874,21.243798033728062,humidity,76
2025-12-24T07:09:05+01:00,d241a044-0a06-40c2-9d90-c91fd0a95060,40.99851020119874,21.243798033728062,noise,23
2025-12-24T07:09:05+01:00,d241a044-0a06-40c2-9d90-c91fd0a95060,40.99851020119874,21.243798033728062,noise_dba,36
2025-12-24T07:09:05+01:00,d241a044-0a06-40c2-9d90-c91fd0a95060,40.99851020119874,21.243798033728062,pm10,2
2025-12-24T07:09:05+01:00,d241a044-0a06-40c2-9d90-c91fd0a95060,40.99851020119874,21.243798033728062,pm25,1
2025-12-24T07:09:05+01:00,d241a044-0a06-40c2-9d90-c91fd0a95060,40.99851020119874,21.243798033728062,pressure,887
2025-12-24T07:09:05+01:00,d241a044-0a06-40c2-9d90-c91fd0a95060,40.99851020119874,21.243798033728062,temperature,7
2025-12-24T07:24:37+01:00,d241a044-0a06-40c2-9d90-c91fd0a95060,40.99851020119874,21.243798033728062,gasResistance,247144
2025-12-24T07:24:37+01:00,d241a044-0a06-40c2-9d90-c91fd0a95060,40.99851020119874,21.243798033728062,humidity,78
2025-12-24T07:24:37+01:00,d241a044-0a06-40c2-9d90-c91fd0a95060,40.99851020119874,21.243798033728062,noise,28
2025-12-24T07:24:37+01:00,d241a044-0a06-40c2-9d90-c91fd0a95060,40.99851020119874,21.243798033728062,noise_dba,39
2025-12-24T07:24:37+01:00,d241a044-0a06-40c2-9d90-c91fd0a95060,40.99851020119874,21.243798033728062,pm10,2
2025-12-24T07:24:37+01:00,d241a044-0a06-40c2-9d90-c91fd0a95060,40.99851020119874,21.243798033728062,pm25,1
2025-12-24T07:24:37+01:00,d241a044-0a06-40c2-9d90-c91fd0a95060,40.99851020119874,21.243798033728062,pressure,887
2025-12-24T07:24:37+01:00,d241a044-0a06-40c2-9d90-c91fd0a95060,40.99851020119874,21.243798033728062,temperature,7
2025-12-24T07:40:09+01:00,d241a044-0a06-40c2-9d90-c91fd0a95060,40.99851020119874,21.243798033728062,gasResistance,261053
2025-12-24T07:40:09+01:00,d241a044-0a06-40c2-9d90-c91fd0a95060,40.99851020119874,21.243798033728062,humidity,76
2025-12-24T07:40:09+01:00,d241a044-0a06-40c2-9d90-c91fd0a95060,40.99851020119874,21.243798033728062,noise,23
2025-12-24T07:40:09+01:00,d241a044-0a06-40c2-9d90-c91fd0a95060,40.99851020119874,21.243798033728062,noise_dba,36
2025-12-24T07:40:09+01:00,d241a044-0a06-40c2-9d90-c91fd0a95060,40.99851020119874,21.243798033728062,pm10,2
2025-12-24T07:40:09+01:00,d241a044-0a06-40c2-9d90-c91fd0a95060,40.99851020119874,21.243798033728062,pm25,1
2025-12-24T07:40:09+01:00,d241a044-0a06-40c2-9d90-c91fd0a95060,40.99851020119874,21.243798033728062,pressure,887
2025-12-24T07:40:09+01:00,d241a044-0a06-40c2-9d90-c91fd0a95060,40.99851020119874,21.243798033728062,temperature,7
2025-12-24T07:55:40+01:00,d241a044-0a06-40c2-9d90-c91fd0a95060,40.99851020119874,21.243798033728062,gasResistance,272953
2025-12-24T07:55:40+01:00,d241a044-0a06-40c2-9d90-c91fd0a95060,40.99851020119874,21.243798033728062,humidity,76
2025-12-24T07:55:40+01:00,d241a044-0a06-40c2-9d90-c91fd0a95060,40.99851020119874,21.243798033728062,noise,22
2025-12-24T07:55:40+01:00,d241a044-0a06-40c2-9d90-c91fd0a95060,40.99851020119874,21.243798033728062,noise_dba,35
2025-12-24T07:55:40+01:00,d241a044-0a06-40c2-9d90-c91fd0a95060,40.99851020119874,21.243798033728062,pm10,2
2025-12-24T07:55:40+01:00,d241a044-0a06-40c2-9d90-c91fd0a95060,40.99851020119874,21.243798033728062,pm25,1
2025-12-24T07:55:40+01:00,d241a044-0a06-40c2-9d90-c91fd0a95060,40.99851020119874,21.243798033728062,pressure,887
2025-12-24T07:55:40+01:00,d241a044-0a06-40c2-9d90-c91fd0a95060,40.99851020119874,21.243798033728062,temperature,7
2025-12-24T08:11:12+01:00,d241a044-0a06-40c2-9d90-c91fd0a95060,40.99851020119874,21.243798033728062,gasResistance,276389
2025-12-24T08:11:12+01:00,d241a044-0a06-40c2-9d90-c91fd0a95060,40.99851020119874,21.243798033728062,humidity,77
2025-12-24T08:11:12+01:00,d241a044-0a06-40c2-9d90-c91fd0a95060,40.99851020119874,21.243798033728062,noise,23
2025-12-24T08:11:12+01:00,d241a044-0a06-40c2-9d90-c91fd0a95060,40.99851020119874,21.243798033728062,noise_dba,36
2025-12-24T08:11:12+01:00,d241a044-0a06-40c2-9d90-c91fd0a95060,40.99851020119874,21.243798033728062,pm10,1
2025-12-24T08:11:12+01:00,d241a044-0a06-40c2-9d90-c91fd0a95060,40.99851020119874,21.243798033728062,pm25,0
2025-12-24T08:11:12+01:00,d241a044-0a06-40c2-9d90-c91fd0a95060,40.99851020119874,21.243798033728062,pressure,887
2025-12-24T08:11:12+01:00,d241a044-0a06-40c2-9d90-c91fd0a95060,40.99851020119874,21.243798033728062,temperature,7
2025-12-24T08:26:43+01:00,d241a044-0a06-40c2-9d90-c91fd0a95060,40.99851020119874,21.243798033728062,gasResistance,292855
2025-12-24T08:26:43+01:00,d241a044-0a06-40c2-9d90-c91fd0a95060,40.99851020119874,21.243798033728062,humidity,76
2025-12-24T08:26:43+01:00,d241a044-0a06-40c2-9d90-c91fd0a95060,40.99851020119874,21.243798033728062,noise,22
2025-12-24T08:26:43+01:00,d241a044-0a06-40c2-9d90-c91fd0a95060,40.99851020119874,21.243798033728062,noise_dba,35
2025-12-24T08:26:43+01:00,d241a044-0a06-40c2-9d90-c91fd0a95060,40.99851020119874,21.243798033728062,pm10,1
2025-12-24T08:26:43+01:00,d241a044-0a06-40c2-9d90-c91fd0a95060,40.99851020119874,21.243798033728062,pm25,0
2025-12-24T08:26:43+01:00,d241a044-0a06-40c2-9d90-c91fd0a95060,40.99851020119874,21.243798033728062,pressure,887
2025-12-24T08:26:43+01:00,d241a044-0a06-40c2-9d90-c91fd0a95060,40.99851020119874,21.243798033728062,temperature,7
2025-12-24T08:42:15+01:00,d241a044-0a06-40c2-9d90-c91fd0a95060,40.99851020119874,21.243798033728062,gasResistance,300059
2025-12-24T08:42:15+01:00,d241a044-0a06-40c2-9d90-c91fd0a95060,40.99851020119874,21.243798033728062,humidity,76
2025-12-24T08:42:15+01:00,d241a044-0a06-40c2-9d90-c91fd0a95060,40.99851020119874,21.243798033728062,noise,27
2025-12-24T08:42:15+01:00,d241a044-0a06-40c2-9d90-c91fd0a95060,40.99851020119874,21.243798033728062,noise_dba,38
2025-12-24T08:42:15+01:00,d241a044-0a06-40c2-9d90-c91fd0a95060,40.99851020119874,21.243798033728062,pm10,1
2025-12-24T08:42:15+01:00,d241a044-0a06-40c2-9d90-c91fd0a95060,40.99851020119874,21.243798033728062,pm25,0
2025-12-24T08:42:15+01:00,d241a044-0a06-40c2-9d90-c91fd0a95060,40.99851020119874,21.243798033728062,pressure,888
2025-12-24T08:42:15+01:00,d241a044-0a06-40c2-9d90-c91fd0a95060,40.99851020119874,21.243798033728062,temperature,7
2025-12-24T08:57:47+01:00,d241a044-0a06-40c2-9d90-c91fd0a95060,40.99851020119874,21.243798033728062,gasResistance,309651
2025-12-24T08:57:47+01:00,d241a044-0a06-40c2-9d90-c91fd0a95060,40.99851020119874,21.243798033728062,humidity,74
2025-12-24T08:57:47+01:00,d241a044-0a06-40c2-9d90-c91fd0a95060,40.99851020119874,21.243798033728062,noise,26
2025-12-24T08:57:47+01:00,d241a044-0a06-40c2-9d90-c91fd0a95060,40.99851020119874,21.243798033728062,noise_dba,38
2025-12-24T08:57:47+01:00,d241a044-0a06-40c2-9d90-c91fd0a95060,40.99851020119874,21.243798033728062,pm10,0
2025-12-24T08:57:47+01:00,d241a044-0a06-40c2-9d90-c91fd0a95060,40.99851020119874,21.243798033728062,pm25,0
2025-12-24T08:57:47+01:00,d241a044-0a06-40c2-9d90-c91fd0a95060,40.99851020119874,21.243798033728062,pressure,888
2025-12-24T08:57:47+01:00,d241a044-0a06-40c2-9d90-c91fd0a95060,40.99851020119874,21.243798033728062,temperature,7
2025-12-24T09:29:01+01:00,d241a044-0a06-40c2-9d90-c91fd0a95060,40.99851020119874,21.243798033728062,gasResistance,0
2025-12-24T09:29:01+01:00,d241a044-0a06-40c2-9d90-c91fd0a95060,40.99851020119874,21.243798033728062,humidity,73
2025-12-24T09:29:01+01:00,d241a044-0a06-40c2-9d90-c91fd0a95060,40.99851020119874,21.243798033728062,noise,24
2025-12-24T09:29:01+01:00,d241a044-0a06-40c2-9d90-c91fd0a95060,40.99851020119874,21.243798033728062,noise_dba,36
2025-12-24T09:29:01+01:00,d241a044-0a06-40c2-9d90-c91fd0a95060,40.99851020119874,21.243798033728062,pm10,0
2025-12-24T09:29:01+01:00,d241a044-0a06-40c2-9d90-c91fd0a95060,40.99851020119874,21.243798033728062,pm25,0
2025-12-24T09:29:01+01:00,d241a044-0a06-40c2-9d90-c91fd0a95060,40.99851020119874,21.243798033728062,pressure,888
2025-12-24T09:29:01+01:00,d241a044-0a06-40c2-9d90-c91fd0a95060,40.99851020119874,21.243798033728062,temperature,8
2025-12-24T09:44:33+01:00,d241a044-0a06-40c2-9d90-c91fd0a95060,40.99851020119874,21.243798033728062,gasResistance,347557
2025-12-24T09:44:33+01:00,d241a044-0a06-40c2-9d90-c91fd0a95060,40.99851020119874,21.243798033728062,humidity,73
2025-12-24T09:44:33+01:00,d241a044-0a06-40c2-9d90-c91fd0a95060,40.99851020119874,21.243798033728062,noise,22
2025-12-24T09:44:33+01:00,d241a044-0a06-40c2-9d90-c91fd0a95060,40.99851020119874,21.243798033728062,noise_dba,35
2025-12-24T09:44:33+01:00,d241a044-0a06-40c2-9d90-c91fd0a95060,40.99851020119874,21.243798033728062,pm10,0
2025-12-24T09:44:33+01:00,d241a044-0a06-40c2-9d90-c91fd0a95060,40.99851020119874,21.243798033728062,pm25,0
2025-12-24T09:44:33+01:00,d241a044-0a06-40c2-9d90-c91fd0a95060,40.99851020119874,21.243798033728062,pressure,888
2025-12-24T09:44:33+01:00,d241a044-0a06-40c2-9d90-c91fd0a95060,40.99851020119874,21.243798033728062,temperature,8
2025-12-24T10:00:04+01:00,d241a044-0a06-40c2-9d90-c91fd0a95060,40.99851020119874,21.243798033728062,gasResistance,334156
2025-12-24T10:00:04+01:00,d241a044-0a06-40c2-9d90-c91fd0a95060,40.99851020119874,21.243798033728062,humidity,75
2025-12-24T10:00:04+01:00,d241a044-0a06-40c2-9d90-c91fd0a95060,40.99851020119874,21.243798033728062,noise,24
2025-12-24T10:00:04+01:00,d241a044-0a06-40c2-9d90-c91fd0a95060,40.99851020119874,21.243798033728062,noise_dba,36
2025-12-24T10:00:04+01:00,d241a044-0a06-40c2-9d90-c91fd0a95060,40.99851020119874,21.243798033728062,pm10,0
2025-12-24T10:00:04+01:00,d241a044-0a06-40c2-9d90-c91fd0a95060,40.99851020119874,21.243798033728062,pm25,0
2025-12-24T10:00:04+01:00,d241a044-0a06-40c2-9d90-c91fd0a95060,40.99851020119874,21.243798033728062,pressure,888
2025-12-24T10:00:04+01:00,d241a044-0a06-40c2-9d90-c91fd0a95060,40.99851020119874,21.243798033728062,temperature,8
2025-12-24T10:15:36+01:00,d241a044-0a06-40c2-9d90-c91fd0a95060,40.99851020119874,21.243798033728062,gasResistance,343568
2025-12-24T10:15:36+01:00,d241a044-0a06-40c2-9d90-c91fd0a95060,40.99851020119874,21.243798033728062,humidity,73
2025-12-24T10:15:36+01:00,d241a044-0a06-40c2-9d90-c91fd0a95060,40.99851020119874,21.243798033728062,noise,24
2025-12-24T10:15:36+01:00,d241a044-0a06-40c2-9d90-c91fd0a95060,40.99851020119874,21.243798033728062,noise_dba,36
2025-12-24T10:15:36+01:00,d241a044-0a06-40c2-9d90-c91fd0a95060,40.99851020119874,21.243798033728062,pm10,0
2025-12-24T10:15:36+01:00,d241a044-0a06-40c2-9d90-c91fd0a95060,40.99851020119874,21.243798033728062,pm25,0
2025-12-24T10:15:36+01:00,d241a044-0a06-40c2-9d90-c91fd0a95060,40.99851020119874,21.243798033728062,pressure,888
2025-12-24T10:15:36+01:00,d241a044-0a06-40c2-9d90-c91fd0a95060,40.99851020119874,21.243798033728062,temperature,8
2025-12-24T10:31:07+01:00,d241a044-0a06-40c2-9d90-c91fd0a95060,40.99851020119874,21.243798033728062,gasResistance,342496
2025-12-24T10:31:07+01:00,d241a044-0a06-40c2-9d90-c91fd0a95060,40.99851020119874,21.243798033728062,humidity,73
2025-12-24T10:31:07+01:00,d241a044-0a06-40c2-9d90-c91fd0a95060,40.99851020119874,21.243798033728062,noise,21
2025-12-24T10:31:07+01:00,d241a044-0a06-40c2-9d90-c91fd0a95060,40.99851020119874,21.243798033728062,noise_dba,34
2025-12-24T10:31:07+01:00,d241a044-0a06-40c2-9d90-c91fd0a95060,40.99851020119874,21.243798033728062,pm10,1
2025-12-24T10:31:07+01:00,d241a044-0a06-40c2-9d90-c91fd0a95060,40.99851020119874,21.243798033728062,pm25,1
2025-12-24T10:31:07+01:00,d241a044-0a06-40c2-9d90-c91fd0a95060,40.99851020119874,21.243798033728062,pressure,888
2025-12-24T10:31:07+01:00,d241a044-0a06-40c2-9d90-c91fd0a95060,40.99851020119874,21.243798033728062,temperature,8
2025-12-24T10:46:39+01:00,d241a044-0a06-40c2-9d90-c91fd0a95060,40.99851020119874,21.243798033728062,gasResistance,357362
2025-12-24T10:46:39+01:00,d241a044-0a06-40c2-9d90-c91fd0a95060,40.99851020119874,21.243798033728062,humidity,74
2025-12-24T10:46:39+01:00,d241a044-0a06-40c2-9d90-c91fd0a95060,40.99851020119874,21.243798033728062,noise,23
2025-12-24T10:46:39+01:00,d241a044-0a06-40c2-9d90-c91fd0a95060,40.99851020119874,21.243798033728062,noise_dba,36
2025-12-24T10:46:39+01:00,d241a044-0a06-40c2-9d90-c91fd0a95060,40.99851020119874,21.243798033728062,pm10,1
2025-12-24T10:46:39+01:00,d241a044-0a06-40c2-9d90-c91fd0a95060,40.99851020119874,21.243798033728062,pm25,1
2025-12-24T10:46:39+01:00,d241a044-0a06-40c2-9d90-c91fd0a95060,40.99851020119874,21.243798033728062,pressure,888
2025-12-24T10:46:39+01:00,d241a044-0a06-40c2-9d90-c91fd0a95060,40.99851020119874,21.243798033728062,temperature,8
2025-12-24T11:02:11+01:00,d241a044-0a06-40c2-9d90-c91fd0a95060,40.99851020119874,21.243798033728062,gasResistance,367736
2025-12-24T11:02:11+01:00,d241a044-0a06-40c2-9d90-c91fd0a95060,40.99851020119874,21.243798033728062,humidity,72
2025-12-24T11:02:11+01:00,d241a044-0a06-40c2-9d90-c91fd0a95060,40.99851020119874,21.243798033728062,noise,27
2025-12-24T11:02:11+01:00,d241a044-0a06-40c2-9d90-c91fd0a95060,40.99851020119874,21.243798033728062,noise_dba,38
2025-12-24T11:02:11+01:00,d241a044-0a06-40c2-9d90-c91fd0a95060,40.99851020119874,21.243798033728062,pm10,2
2025-12-24T11:02:11+01:00,d241a044-0a06-40c2-9d90-c91fd0a95060,40.99851020119874,21.243798033728062,pm25,1
2025-12-24T11:02:11+01:00,d241a044-0a06-40c2-9d90-c91fd0a95060,40.99851020119874,21.243798033728062,pressure,888
2025-12-24T11:02:11+01:00,d241a044-0a06-40c2-9d90-c91fd0a95060,40.99851020119874,21.243798033728062,temperature,8
2025-12-24T11:17:42+01:00,d241a044-0a06-40c2-9d90-c91fd0a95060,40.99851020119874,21.243798033728062,gasResistance,389826
2025-12-24T11:17:42+01:00,d241a044-0a06-40c2-9d90-c91fd0a95060,40.99851020119874,21.243798033728062,humidity,72
2025-12-24T11:17:42+01:00,d241a044-0a06-40c2-9d90-c91fd0a95060,40.99851020119874,21.243798033728062,noise,26
2025-12-24T11:17:42+01:00,d241a044-0a06-40c2-9d90-c91fd0a95060,40.99851020119874,21.243798033728062,noise_dba,38
2025-12-24T11:17:42+01:00,d241a044-0a06-40c2-9d90-c91fd0a95060,40.99851020119874,21.243798033728062,pm10,1
2025-12-24T11:17:42+01:00,d241a044-0a06-40c2-9d90-c91fd0a95060,40.99851020119874,21.243798033728062,pm25,1
2025-12-24T11:17:42+01:00,d241a044-0a06-40c2-9d90-c91fd0a95060,40.99851020119874,21.243798033728062,pressure,888
2025-12-24T11:17:42+01:00,d241a044-0a06-40c2-9d90-c91fd0a95060,40.99851020119874,21.243798033728062,temperature,8
2025-12-24T11:33:14+01:00,d241a044-0a06-40c2-9d90-c91fd0a95060,40.99851020119874,21.243798033728062,gasResistance,417809
2025-12-24T11:33:14+01:00,d241a044-0a06-40c2-9d90-c91fd0a95060,40.99851020119874,21.243798033728062,humidity,67
2025-12-24T11:33:14+01:00,d241a044-0a06-40c2-9d90-c91fd0a95060,40.99851020119874,21.243798033728062,noise,24
2025-12-24T11:33:14+01:00,d241a044-0a06-40c2-9d90-c91fd0a95060,40.99851020119874,21.243798033728062,noise_dba,36
2025-12-24T11:33:14+01:00,d241a044-0a06-40c2-9d90-c91fd0a95060,40.99851020119874,21.243798033728062,pm10,0
2025-12-24T11:33:14+01:00,d241a044-0a06-40c2-9d90-c91fd0a95060,40.99851020119874,21.243798033728062,pm25,0
2025-12-24T11:33:14+01:00,d241a044-0a06-40c2-9d90-c91fd0a95060,40.99851020119874,21.243798033728062,pressure,888
2025-12-24T11:33:14+01:00,d241a044-0a06-40c2-9d90-c91fd0a95060,40.99851020119874,21.243798033728062,temperature,8
2025-12-24T11:48:45+01:00,d241a044-0a06-40c2-9d90-c91fd0a95060,40.99851020119874,21.243798033728062,gasResistance,514870
2025-12-24T11:48:45+01:00,d241a044-0a06-40c2-9d90-c91fd0a95060,40.99851020119874,21.243798033728062,humidity,63
2025-12-24T11:48:45+01:00,d241a044-0a06-40c2-9d90-c91fd0a95060,40.99851020119874,21.243798033728062,noise,26
2025-12-24T11:48:45+01:00,d241a044-0a06-40c2-9d90-c91fd0a95060,40.99851020119874,21.243798033728062,noise_dba,38
2025-12-24T11:48:45+01:00,d241a044-0a06-40c2-9d90-c91fd0a95060,40.99851020119874,21.243798033728062,pm10,0
2025-12-24T11:48:45+01:00,d241a044-0a06-40c2-9d90-c91fd0a95060,40.99851020119874,21.243798033728062,pm25,0
2025-12-24T11:48:45+01:00,d241a044-0a06-40c2-9d90-c91fd0a95060,40.99851020119874,21.243798033728062,pressure,888
2025-12-24T11:48:45+01:00,d241a044-0a06-40c2-9d90-c91fd0a95060,40.99851020119874,21.243798033728062,temperature,8
2025-12-24T12:04:17+01:00,d241a044-0a06-40c2-9d90-c91fd0a95060,40.99851020119874,21.243798033728062,gasResistance,596551
2025-12-24T12:04:17+01:00,d241a044-0a06-40c2-9d90-c91fd0a95060,40.99851020119874,21.243798033728062,humidity,61
2025-12-24T12:04:17+01:00,d241a044-0a06-40c2-9d90-c91fd0a95060,40.99851020119874,21.243798033728062,noise,24
2025-12-24T12:04:17+01:00,d241a044-0a06-40c2-9d90-c91fd0a95060,40.99851020119874,21.243798033728062,noise_dba,36
2025-12-24T12:04:17+01:00,d241a044-0a06-40c2-9d90-c91fd0a95060,40.99851020119874,21.243798033728062,pm10,0
2025-12-24T12:04:17+01:00,d241a044-0a06-40c2-9d90-c91fd0a95060,40.99851020119874,21.243798033728062,pm25,0
2025-12-24T12:04:17+01:00,d241a044-0a06-40c2-9d90-c91fd0a95060,40.99851020119874,21.243798033728062,pressure,887
2025-12-24T12:04:17+01:00,d241a044-0a06-40c2-9d90-c91fd0a95060,40.99851020119874,21.243798033728062,temperature,8
2025-12-24T12:19:49+01:00,d241a044-0a06-40c2-9d90-c91fd0a95060,40.99851020119874,21.243798033728062,gasResistance,508997
2025-12-24T12:19:49+01:00,d241a044-0a06-40c2-9d90-c91fd0a95060,40.99851020119874,21.243798033728062,humidity,73
2025-12-24T12:19:49+01:00,d241a044-0a06-40c2-9d90-c91fd0a95060,40.99851020119874,21.243798033728062,noise,20
2025-12-24T12:19:49+01:00,d241a044-0a06-40c2-9d90-c91fd0a95060,40.99851020119874,21.243798033728062,noise_dba,34
2025-12-24T12:19:49+01:00,d241a044-0a06-40c2-9d90-c91fd0a95060,40.99851020119874,21.243798033728062,pm10,5
2025-12-24T12:19:49+01:00,d241a044-0a06-40c2-9d90-c91fd0a95060,40.99851020119874,21.243798033728062,pm25,3
2025-12-24T12:19:49+01:00,d241a044-0a06-40c2-9d90-c91fd0a95060,40.99851020119874,21.243798033728062,pressure,887
2025-12-24T12:19:49+01:00,d241a044-0a06-40c2-9d90-c91fd0a95060,40.99851020119874,21.243798033728062,temperature,8
2025-12-24T12:35:20+01:00,d241a044-0a06-40c2-9d90-c91fd0a95060,40.99851020119874,21.243798033728062,gasResistance,444738
2025-12-24T12:35:20+01:00,d241a044-0a06-40c2-9d90-c91fd0a95060,40.99851020119874,21.243798033728062,humidity,75
2025-12-24T12:35:20+01:00,d241a044-0a06-40c2-9d90-c91fd0a95060,40.99851020119874,21.243798033728062,noise,21
2025-12-24T12:35:20+01:00,d241a044-0a06-40c2-9d90-c91fd0a95060,40.99851020119874,21.243798033728062,noise_dba,34
2025-12-24T12:35:20+01:00,d241a044-0a06-40c2-9d90-c91fd0a95060,40.99851020119874,21.243798033728062,pm10,9
2025-12-24T12:35:20+01:00,d241a044-0a06-40c2-9d90-c91fd0a95060,40.99851020119874,21.243798033728062,pm25,4
2025-12-24T12:35:20+01:00,d241a044-0a06-40c2-9d90-c91fd0a95060,40.99851020119874,21.243798033728062,pressure,887
2025-12-24T12:35:20+01:00,d241a044-0a06-40c2-9d90-c91fd0a95060,40.99851020119874,21.243798033728062,temperature,8
2025-12-24T12:50:52+01:00,d241a044-0a06-40c2-9d90-c91fd0a95060,40.99851020119874,21.243798033728062,gasResistance,434913
2025-12-24T12:50:52+01:00,d241a044-0a06-40c2-9d90-c91fd0a95060,40.99851020119874,21.243798033728062,humidity,71
2025-12-24T12:50:52+01:00,d241a044-0a06-40c2-9d90-c91fd0a95060,40.99851020119874,21.243798033728062,noise,26
2025-12-24T12:50:52+01:00,d241a044-0a06-40c2-9d90-c91fd0a95060,40.99851020119874,21.243798033728062,noise_dba,38
2025-12-24T12:50:52+01:00,d241a044-0a06-40c2-9d90-c91fd0a95060,40.99851020119874,21.243798033728062,pm10,3
2025-12-24T12:50:52+01:00,d241a044-0a06-40c2-9d90-c91fd0a95060,40.99851020119874,21.243798033728062,pm25,3
2025-12-24T12:50:52+01:00,d241a044-0a06-40c2-9d90-c91fd0a95060,40.99851020119874,21.243798033728062,pressure,887
2025-12-24T12:50:52+01:00,d241a044-0a06-40c2-9d90-c91fd0a95060,40.99851020119874,21.243798033728062,temperature,8
2025-12-24T13:06:23+01:00,d241a044-0a06-40c2-9d90-c91fd0a95060,40.99851020119874,21.243798033728062,gasResistance,452862
2025-12-24T13:06:23+01:00,d241a044-0a06-40c2-9d90-c91fd0a95060,40.99851020119874,21.243798033728062,humidity,72
2025-12-24T13:06:23+01:00,d241a044-0a06-40c2-9d90-c91fd0a95060,40.99851020119874,21.243798033728062,noise,26
2025-12-24T13:06:23+01:00,d241a044-0a06-40c2-9d90-c91fd0a95060,40.99851020119874,21.243798033728062,noise_dba,38
2025-12-24T13:06:23+01:00,d241a044-0a06-40c2-9d90-c91fd0a95060,40.99851020119874,21.243798033728062,pm10,3
2025-12-24T13:06:23+01:00,d241a044-0a06-40c2-9d90-c91fd0a95060,40.99851020119874,21.243798033728062,pm25,2
2025-12-24T13:06:23+01:00,d241a044-0a06-40c2-9d90-c91fd0a95060,40.99851020119874,21.243798033728062,pressure,887
2025-12-24T13:06:23+01:00,d241a044-0a06-40c2-9d90-c91fd0a95060,40.99851020119874,21.243798033728062,temperature,8
2025-12-24T13:21:55+01:00,d241a044-0a06-40c2-9d90-c91fd0a95060,40.99851020119874,21.243798033728062,gasResistance,446816
2025-12-24T13:21:55+01:00,d241a044-0a06-40c2-9d90-c91fd0a95060,40.99851020119874,21.243798033728062,humidity,70
2025-12-24T13:21:55+01:00,d241a044-0a06-40c2-9d90-c91fd0a95060,40.99851020119874,21.243798033728062,noise,22
2025-12-24T13:21:55+01:00,d241a044-0a06-40c2-9d90-c91fd0a95060,40.99851020119874,21.243798033728062,noise_dba,35
2025-12-24T13:21:55+01:00,d241a044-0a06-40c2-9d90-c91fd0a95060,40.99851020119874,21.243798033728062,pm10,1
2025-12-24T13:21:55+01:00,d241a044-0a06-40c2-9d90-c91fd0a95060,40.99851020119874,21.243798033728062,pm25,1
2025-12-24T13:21:55+01:00,d241a044-0a06-40c2-9d90-c91fd0a95060,40.99851020119874,21.243798033728062,pressure,887
2025-12-24T13:21:55+01:00,d241a044-0a06-40c2-9d90-c91fd0a95060,40.99851020119874,21.243798033728062,temperature,8
2025-12-24T13:37:26+01:00,d241a044-0a06-40c2-9d90-c91fd0a95060,40.99851020119874,21.243798033728062,gasResistance,458446
2025-12-24T13:37:26+01:00,d241a044-0a06-40c2-9d90-c91fd0a95060,40.99851020119874,21.243798033728062,humidity,67
2025-12-24T13:37:26+01:00,d241a044-0a06-40c2-9d90-c91fd0a95060,40.99851020119874,21.243798033728062,noise,22
2025-12-24T13:37:26+01:00,d241a044-0a06-40c2-9d90-c91fd0a95060,40.99851020119874,21.243798033728062,noise_dba,35
2025-12-24T13:37:26+01:00,d241a044-0a06-40c2-9d90-c91fd0a95060,40.99851020119874,21.243798033728062,pm10,3
2025-12-24T13:37:26+01:00,d241a044-0a06-40c2-9d90-c91fd0a95060,40.99851020119874,21.243798033728062,pm25,2
2025-12-24T13:37:26+01:00,d241a044-0a06-40c2-9d90-c91fd0a95060,40.99851020119874,21.243798033728062,pressure,887
2025-12-24T13:37:26+01:00,d241a044-0a06-40c2-9d90-c91fd0a95060,40.99851020119874,21.243798033728062,temperature,8
2025-12-24T13:52:58+01:00,d241a044-0a06-40c2-9d90-c91fd0a95060,40.99851020119874,21.243798033728062,gasResistance,455637
2025-12-24T13:52:58+01:00,d241a044-0a06-40c2-9d90-c91fd0a95060,40.99851020119874,21.243798033728062,humidity,70
2025-12-24T13:52:58+01:00,d241a044-0a06-40c2-9d90-c91fd0a95060,40.99851020119874,21.243798033728062,noise,22
2025-12-24T13:52:58+01:00,d241a044-0a06-40c2-9d90-c91fd0a95060,40.99851020119874,21.243798033728062,noise_dba,35
2025-12-24T13:52:58+01:00,d241a044-0a06-40c2-9d90-c91fd0a95060,40.99851020119874,21.243798033728062,pm10,3
2025-12-24T13:52:58+01:00,d241a044-0a06-40c2-9d90-c91fd0a95060,40.99851020119874,21.243798033728062,pm25,2
2025-12-24T13:52:58+01:00,d241a044-0a06-40c2-9d90-c91fd0a95060,40.99851020119874,21.243798033728062,pressure,887
2025-12-24T13:52:58+01:00,d241a044-0a06-40c2-9d90-c91fd0a95060,40.99851020119874,21.243798033728062,temperature,9
2025-12-24T14:08:30+01:00,d241a044-0a06-40c2-9d90-c91fd0a95060,40.99851020119874,21.243798033728062,gasResistance,443559
2025-12-24T14:08:30+01:00,d241a044-0a06-40c2-9d90-c91fd0a95060,40.99851020119874,21.243798033728062,humidity,71
2025-12-24T14:08:30+01:00,d241a044-0a06-40c2-9d90-c91fd0a95060,40.99851020119874,21.243798033728062,noise,21
2025-12-24T14:08:30+01:00,d241a044-0a06-40c2-9d90-c91fd0a95060,40.99851020119874,21.243798033728062,noise_dba,34
2025-12-24T14:08:30+01:00,d241a044-0a06-40c2-9d90-c91fd0a95060,40.99851020119874,21.243798033728062,pm10,3
2025-12-24T14:08:30+01:00,d241a044-0a06-40c2-9d90-c91fd0a95060,40.99851020119874,21.243798033728062,pm25,2
2025-12-24T14:08:30+01:00,d241a044-0a06-40c2-9d90-c91fd0a95060,40.99851020119874,21.243798033728062,pressure,887
2025-12-24T14:08:30+01:00,d241a044-0a06-40c2-9d90-c91fd0a95060,40.99851020119874,21.243798033728062,temperature,9
2025-12-24T14:24:01+01:00,d241a044-0a06-40c2-9d90-c91fd0a95060,40.99851020119874,21.243798033728062,gasResistance,437185
2025-12-24T14:24:01+01:00,d241a044-0a06-40c2-9d90-c91fd0a95060,40.99851020119874,21.243798033728062,humidity,69
2025-12-24T14:24:01+01:00,d241a044-0a06-40c2-9d90-c91fd0a95060,40.99851020119874,21.243798033728062,noise,22
2025-12-24T14:24:01+01:00,d241a044-0a06-40c2-9d90-c91fd0a95060,40.99851020119874,21.243798033728062,noise_dba,35
2025-12-24T14:24:01+01:00,d241a044-0a06-40c2-9d90-c91fd0a95060,40.99851020119874,21.243798033728062,pm10,3
2025-12-24T14:24:01+01:00,d241a044-0a06-40c2-9d90-c91fd0a95060,40.99851020119874,21.243798033728062,pm25,2
2025-12-24T14:24:01+01:00,d241a044-0a06-40c2-9d90-c91fd0a95060,40.99851020119874,21.243798033728062,pressure,888
2025-12-24T14:24:01+01:00,d241a044-0a06-40c2-9d90-c91fd0a95060,40.99851020119874,21.243798033728062,temperature,9
2025-12-24T14:39:33+01:00,d241a044-0a06-40c2-9d90-c91fd0a95060,40.99851020119874,21.243798033728062,gasResistance,425783
2025-12-24T14:39:33+01:00,d241a044-0a06-40c2-9d90-c91fd0a95060,40.99851020119874,21.243798033728062,humidity,71
2025-12-24T14:39:33+01:00,d241a044-0a06-40c2-9d90-c91fd0a95060,40.99851020119874,21.243798033728062,noise,21
2025-12-24T14:39:33+01:00,d241a044-0a06-40c2-9d90-c91fd0a95060,40.99851020119874,21.243798033728062,noise_dba,34
2025-12-24T14:39:33+01:00,d241a044-0a06-40c2-9d90-c91fd0a95060,40.99851020119874,21.243798033728062,pm10,4
2025-12-24T14:39:33+01:00,d241a044-0a06-40c2-9d90-c91fd0a95060,40.99851020119874,21.243798033728062,pm25,3
2025-12-24T14:39:33+01:00,d241a044-0a06-40c2-9d90-c91fd0a95060,40.99851020119874,21.243798033728062,pressure,888
2025-12-24T14:39:33+01:00,d241a044-0a06-40c2-9d90-c91fd0a95060,40.99851020119874,21.243798033728062,temperature,9
2025-12-24T14:55:05+01:00,d241a044-0a06-40c2-9d90-c91fd0a95060,40.99851020119874,21.243798033728062,gasResistance,411389
2025-12-24T14:55:05+01:00,d241a044-0a06-40c2-9d90-c91fd0a95060,40.99851020119874,21.243798033728062,humidity,71
2025-12-24T14:55:05+01:00,d241a044-0a06-40c2-9d90-c91fd0a95060,40.99851020119874,21.243798033728062,noise,26
2025-12-24T14:55:05+01:00,d241a044-0a06-40c2-9d90-c91fd0a95060,40.99851020119874,21.243798033728062,noise_dba,38
2025-12-24T14:55:05+01:00,d241a044-0a06-40c2-9d90-c91fd0a95060,40.99851020119874,21.243798033728062,pm10,4
2025-12-24T14:55:05+01:00,d241a044-0a06-40c2-9d90-c91fd0a95060,40.99851020119874,21.243798033728062,pm25,3
2025-12-24T14:55:05+01:00,d241a044-0a06-40c2-9d90-c91fd0a95060,40.99851020119874,21.243798033728062,pressure,888
2025-12-24T14:55:05+01:00,d241a044-0a06-40c2-9d90-c91fd0a95060,40.99851020119874,21.243798033728062,temperature,9
2025-12-24T15:10:36+01:00,d241a044-0a06-40c2-9d90-c91fd0a95060,40.99851020119874,21.243798033728062,gasResistance,400797
2025-12-24T15:10:36+01:00,d241a044-0a06-40c2-9d90-c91fd0a95060,40.99851020119874,21.243798033728062,humidity,73
2025-12-24T15:10:36+01:00,d241a044-0a06-40c2-9d90-c91fd0a95060,40.99851020119874,21.243798033728062,noise,24
2025-12-24T15:10:36+01:00,d241a044-0a06-40c2-9d90-c91fd0a95060,40.99851020119874,21.243798033728062,noise_dba,36
2025-12-24T15:10:36+01:00,d241a044-0a06-40c2-9d90-c91fd0a95060,40.99851020119874,21.243798033728062,pm10,5
2025-12-24T15:10:36+01:00,d241a044-0a06-40c2-9d90-c91fd0a95060,40.99851020119874,21.243798033728062,pm25,4
2025-12-24T15:10:36+01:00,d241a044-0a06-40c2-9d90-c91fd0a95060,40.99851020119874,21.243798033728062,pressure,888
2025-12-24T15:10:36+01:00,d241a044-0a06-40c2-9d90-c91fd0a95060,40.99851020119874,21.243798033728062,temperature,9
2025-12-24T15:26:07+01:00,d241a044-0a06-40c2-9d90-c91fd0a95060,40.99851020119874,21.243798033728062,gasResistance,376997
2025-12-24T15:26:07+01:00,d241a044-0a06-40c2-9d90-c91fd0a95060,40.99851020119874,21.243798033728062,humidity,72
2025-12-24T15:26:07+01:00,d241a044-0a06-40c2-9d90-c91fd0a95060,40.99851020119874,21.243798033728062,noise,21
2025-12-24T15:26:07+01:00,d241a044-0a06-40c2-9d90-c91fd0a95060,40.99851020119874,21.243798033728062,noise_dba,34
2025-12-24T15:26:07+01:00,d241a044-0a06-40c2-9d90-c91fd0a95060,40.99851020119874,21.243798033728062,pm10,5
2025-12-24T15:26:07+01:00,d241a044-0a06-40c2-9d90-c91fd0a95060,40.99851020119874,21.243798033728062,pm25,4
2025-12-24T15:26:07+01:00,d241a044-0a06-40c2-9d90-c91fd0a95060,40.99851020119874,21.243798033728062,pressure,888
2025-12-24T15:26:07+01:00,d241a044-0a06-40c2-9d90-c91fd0a95060,40.99851020119874,21.243798033728062,temperature,8
2025-12-24T15:41:39+01:00,d241a044-0a06-40c2-9d90-c91fd0a95060,40.99851020119874,21.243798033728062,gasResistance,372309
2025-12-24T15:41:39+01:00,d241a044-0a06-40c2-9d90-c91fd0a95060,40.99851020119874,21.243798033728062,humidity,73
2025-12-24T15:41:39+01:00,d241a044-0a06-40c2-9d90-c91fd0a95060,40.99851020119874,21.243798033728062,noise,27
2025-12-24T15:41:39+01:00,d241a044-0a06-40c2-9d90-c91fd0a95060,40.99851020119874,21.243798033728062,noise_dba,38
2025-12-24T15:41:39+01:00,d241a044-0a06-40c2-9d90-c91fd0a95060,40.99851020119874,21.243798033728062,pm10,5
2025-12-24T15:41:39+01:00,d241a044-0a06-40c2-9d90-c91fd0a95060,40.99851020119874,21.243798033728062,pm25,4
2025-12-24T15:41:39+01:00,d241a044-0a06-40c2-9d90-c91fd0a95060,40.99851020119874,21.243798033728062,pressure,888
2025-12-24T15:41:39+01:00,d241a044-0a06-40c2-9d90-c91fd0a95060,40.99851020119874,21.243798033728062,temperature,8
2025-12-24T15:57:11+01:00,d241a044-0a06-40c2-9d90-c91fd0a95060,40.99851020119874,21.243798033728062,gasResistance,364481
2025-12-24T15:57:11+01:00,d241a044-0a06-40c2-9d90-c91fd0a95060,40.99851020119874,21.243798033728062,humidity,73
2025-12-24T15:57:11+01:00,d241a044-0a06-40c2-9d90-c91fd0a95060,40.99851020119874,21.243798033728062,noise,21
2025-12-24T15:57:11+01:00,d241a044-0a06-40c2-9d90-c91fd0a95060,40.99851020119874,21.243798033728062,noise_dba,34
2025-12-24T15:57:11+01:00,d241a044-0a06-40c2-9d90-c91fd0a95060,40.99851020119874,21.243798033728062,pm10,8
2025-12-24T15:57:11+01:00,d241a044-0a06-40c2-9d90-c91fd0a95060,40.99851020119874,21.243798033728062,pm25,4
2025-12-24T15:57:11+01:00,d241a044-0a06-40c2-9d90-c91fd0a95060,40.99851020119874,21.243798033728062,pressure,888
2025-12-24T15:57:11+01:00,d241a044-0a06-40c2-9d90-c91fd0a95060,40.99851020119874,21.243798033728062,temperature,8
2025-12-24T16:12:44+01:00,d241a044-0a06-40c2-9d90-c91fd0a95060,40.99851020119874,21.243798033728062,gasResistance,331133
2025-12-24T16:12:44+01:00,d241a044-0a06-40c2-9d90-c91fd0a95060,40.99851020119874,21.243798033728062,humidity,75
2025-12-24T16:12:44+01:00,d241a044-0a06-40c2-9d90-c91fd0a95060,40.99851020119874,21.243798033728062,noise,21
2025-12-24T16:12:44+01:00,d241a044-0a06-40c2-9d90-c91fd0a95060,40.99851020119874,21.243798033728062,noise_dba,34
2025-12-24T16:12:44+01:00,d241a044-0a06-40c2-9d90-c91fd0a95060,40.99851020119874,21.243798033728062,pm10,0
2025-12-24T16:12:44+01:00,d241a044-0a06-40c2-9d90-c91fd0a95060,40.99851020119874,21.243798033728062,pm25,0
2025-12-24T16:12:44+01:00,d241a044-0a06-40c2-9d90-c91fd0a95060,40.99851020119874,21.243798033728062,pressure,888
2025-12-24T16:12:44+01:00,d241a044-0a06-40c2-9d90-c91fd0a95060,40.99851020119874,21.243798033728062,temperature,8
2025-12-24T16:28:05+01:00,d241a044-0a06-40c2-9d90-c91fd0a95060,40.99851020119874,21.243798033728062,gasResistance,341078
2025-12-24T16:28:05+01:00,d241a044-0a06-40c2-9d90-c91fd0a95060,40.99851020119874,21.243798033728062,humidity,74
2025-12-24T16:28:05+01:00,d241a044-0a06-40c2-9d90-c91fd0a95060,40.99851020119874,21.243798033728062,noise,21
2025-12-24T16:28:05+01:00,d241a044-0a06-40c2-9d90-c91fd0a95060,40.99851020119874,21.243798033728062,noise_dba,34
2025-12-24T16:28:05+01:00,d241a044-0a06-40c2-9d90-c91fd0a95060,40.99851020119874,21.243798033728062,pressure,888
2025-12-24T16:28:05+01:00,d241a044-0a06-40c2-9d90-c91fd0a95060,40.99851020119874,21.243798033728062,temperature,7
2025-12-24T16:43:37+01:00,d241a044-0a06-40c2-9d90-c91fd0a95060,40.99851020119874,21.243798033728062,gasResistance,347924
2025-12-24T16:43:37+01:00,d241a044-0a06-40c2-9d90-c91fd0a95060,40.99851020119874,21.243798033728062,humidity,75
2025-12-24T16:43:37+01:00,d241a044-0a06-40c2-9d90-c91fd0a95060,40.99851020119874,21.243798033728062,noise,21
2025-12-24T16:43:37+01:00,d241a044-0a06-40c2-9d90-c91fd0a95060,40.99851020119874,21.243798033728062,noise_dba,34
2025-12-24T16:43:37+01:00,d241a044-0a06-40c2-9d90-c91fd0a95060,40.99851020119874,21.243798033728062,pm10,0
2025-12-24T16:43:37+01:00,d241a044-0a06-40c2-9d90-c91fd0a95060,40.99851020119874,21.243798033728062,pm25,0
2025-12-24T16:43:37+01:00,d241a044-0a06-40c2-9d90-c91fd0a95060,40.99851020119874,21.243798033728062,pressure,888
2025-12-24T16:43:37+01:00,d241a044-0a06-40c2-9d90-c91fd0a95060,40.99851020119874,21.243798033728062,temperature,6
2025-12-24T16:59:08+01:00,d241a044-0a06-40c2-9d90-c91fd0a95060,40.99851020119874,21.243798033728062,gasResistance,353906
2025-12-24T16:59:08+01:00,d241a044-0a06-40c2-9d90-c91fd0a95060,40.99851020119874,21.243798033728062,humidity,75
2025-12-24T16:59:08+01:00,d241a044-0a06-40c2-9d90-c91fd0a95060,40.99851020119874,21.243798033728062,noise,28
2025-12-24T16:59:08+01:00,d241a044-0a06-40c2-9d90-c91fd0a95060,40.99851020119874,21.243798033728062,noise_dba,39
2025-12-24T16:59:08+01:00,d241a044-0a06-40c2-9d90-c91fd0a95060,40.99851020119874,21.243798033728062,pm10,0
2025-12-24T16:59:08+01:00,d241a044-0a06-40c2-9d90-c91fd0a95060,40.99851020119874,21.243798033728062,pm25,0
2025-12-24T16:59:08+01:00,d241a044-0a06-40c2-9d90-c91fd0a95060,40.99851020119874,21.243798033728062,pressure,888
2025-12-24T16:59:08+01:00,d241a044-0a06-40c2-9d90-c91fd0a95060,40.99851020119874,21.243798033728062,temperature,6
2025-12-24T17:14:40+01:00,d241a044-0a06-40c2-9d90-c91fd0a95060,40.99851020119874,21.243798033728062,gasResistance,356588
2025-12-24T17:14:40+01:00,d241a044-0a06-40c2-9d90-c91fd0a95060,40.99851020119874,21.243798033728062,humidity,78
2025-12-24T17:14:40+01:00,d241a044-0a06-40c2-9d90-c91fd0a95060,40.99851020119874,21.243798033728062,noise,26
2025-12-24T17:14:40+01:00,d241a044-0a06-40c2-9d90-c91fd0a95060,40.99851020119874,21.243798033728062,noise_dba,38
2025-12-24T17:14:40+01:00,d241a044-0a06-40c2-9d90-c91fd0a95060,40.99851020119874,21.243798033728062,pm10,0
2025-12-24T17:14:40+01:00,d241a044-0a06-40c2-9d90-c91fd0a95060,40.99851020119874,21.243798033728062,pm25,0
2025-12-24T17:14:40+01:00,d241a044-0a06-40c2-9d90-c91fd0a95060,40.99851020119874,21.243798033728062,pressure,888
2025-12-24T17:14:40+01:00,d241a044-0a06-40c2-9d90-c91fd0a95060,40.99851020119874,21.243798033728062,temperature,5
2025-12-24T17:30:12+01:00,d241a044-0a06-40c2-9d90-c91fd0a95060,40.99851020119874,21.243798033728062,gasResistance,352768
2025-12-24T17:30:12+01:00,d241a044-0a06-40c2-9d90-c91fd0a95060,40.99851020119874,21.243798033728062,humidity,79
2025-12-24T17:30:12+01:00,d241a044-0a06-40c2-9d90-c91fd0a95060,40.99851020119874,21.243798033728062,noise,22
2025-12-24T17:30:12+01:00,d241a044-0a06-40c2-9d90-c91fd0a95060,40.99851020119874,21.243798033728062,noise_dba,35
2025-12-24T17:30:12+01:00,d241a044-0a06-40c2-9d90-c91fd0a95060,40.99851020119874,21.243798033728062,pm10,0
2025-12-24T17:30:12+01:00,d241a044-0a06-40c2-9d90-c91fd0a95060,40.99851020119874,21.243798033728062,pm25,0
2025-12-24T17:30:12+01:00,d241a044-0a06-40c2-9d90-c91fd0a95060,40.99851020119874,21.243798033728062,pressure,888
2025-12-24T17:30:12+01:00,d241a044-0a06-40c2-9d90-c91fd0a95060,40.99851020119874,21.243798033728062,temperature,4
2025-12-24T17:45:43+01:00,d241a044-0a06-40c2-9d90-c91fd0a95060,40.99851020119874,21.243798033728062,gasResistance,359311
2025-12-24T17:45:43+01:00,d241a044-0a06-40c2-9d90-c91fd0a95060,40.99851020119874,21.243798033728062,humidity,76
2025-12-24T17:45:43+01:00,d241a044-0a06-40c2-9d90-c91fd0a95060,40.99851020119874,21.243798033728062,noise,26
2025-12-24T17:45:43+01:00,d241a044-0a06-40c2-9d90-c91fd0a95060,40.99851020119874,21.243798033728062,noise_dba,38
2025-12-24T17:45:43+01:00,d241a044-0a06-40c2-9d90-c91fd0a95060,40.99851020119874,21.243798033728062,pm10,0
2025-12-24T17:45:43+01:00,d241a044-0a06-40c2-9d90-c91fd0a95060,40.99851020119874,21.243798033728062,pm25,0
2025-12-24T17:45:43+01:00,d241a044-0a06-40c2-9d90-c91fd0a95060,40.99851020119874,21.243798033728062,pressure,888
2025-12-24T17:45:43+01:00,d241a044-0a06-40c2-9d90-c91fd0a95060,40.99851020119874,21.243798033728062,temperature,4
2025-12-24T18:01:15+01:00,d241a044-0a06-40c2-9d90-c91fd0a95060,40.99851020119874,21.243798033728062,gasResistance,372730
2025-12-24T18:01:15+01:00,d241a044-0a06-40c2-9d90-c91fd0a95060,40.99851020119874,21.243798033728062,humidity,78
2025-12-24T18:01:15+01:00,d241a044-0a06-40c2-9d90-c91fd0a95060,40.99851020119874,21.243798033728062,noise,21
2025-12-24T18:01:15+01:00,d241a044-0a06-40c2-9d90-c91fd0a95060,40.99851020119874,21.243798033728062,noise_dba,34
2025-12-24T18:01:15+01:00,d241a044-0a06-40c2-9d90-c91fd0a95060,40.99851020119874,21.243798033728062,pm10,0
2025-12-24T18:01:15+01:00,d241a044-0a06-40c2-9d90-c91fd0a95060,40.99851020119874,21.243798033728062,pm25,0
2025-12-24T18:01:15+01:00,d241a044-0a06-40c2-9d90-c91fd0a95060,40.99851020119874,21.243798033728062,pressure,888
2025-12-24T18:01:15+01:00,d241a044-0a06-40c2-9d90-c91fd0a95060,40.99851020119874,21.243798033728062,temperature,4
2025-12-24T18:16:47+01:00,d241a044-0a06-40c2-9d90-c91fd0a95060,40.99851020119874,21.243798033728062,gasResistance,384452
2025-12-24T18:16:47+01:00,d241a044-0a06-40c2-9d90-c91fd0a95060,40.99851020119874,21.243798033728062,humidity,76
2025-12-24T18:16:47+01:00,d241a044-0a06-40c2-9d90-c91fd0a95060,40.99851020119874,21.243798033728062,noise,26
2025-12-24T18:16:47+01:00,d241a044-0a06-40c2-9d90-c91fd0a95060,40.99851020119874,21.243798033728062,noise_dba,38
2025-12-24T18:16:47+01:00,d241a044-0a06-40c2-9d90-c91fd0a95060,40.99851020119874,21.243798033728062,pm10,0
2025-12-24T18:16:47+01:00,d241a044-0a06-40c2-9d90-c91fd0a95060,40.99851020119874,21.243798033728062,pm25,0
2025-12-24T18:16:47+01:00,d241a044-0a06-40c2-9d90-c91fd0a95060,40.99851020119874,21.243798033728062,pressure,888
2025-12-24T18:16:47+01:00,d241a044-0a06-40c2-9d90-c91fd0a95060,40.99851020119874,21.243798033728062,temperature,3
2025-12-24T18:32:19+01:00,d241a044-0a06-40c2-9d90-c91fd0a95060,40.99851020119874,21.243798033728062,gasResistance,422824
2025-12-24T18:32:19+01:00,d241a044-0a06-40c2-9d90-c91fd0a95060,40.99851020119874,21.243798033728062,humidity,71
2025-12-24T18:32:19+01:00,d241a044-0a06-40c2-9d90-c91fd0a95060,40.99851020119874,21.243798033728062,noise,21
2025-12-24T18:32:19+01:00,d241a044-0a06-40c2-9d90-c91fd0a95060,40.99851020119874,21.243798033728062,noise_dba,34
2025-12-24T18:32:19+01:00,d241a044-0a06-40c2-9d90-c91fd0a95060,40.99851020119874,21.243798033728062,pm10,0
2025-12-24T18:32:19+01:00,d241a044-0a06-40c2-9d90-c91fd0a95060,40.99851020119874,21.243798033728062,pm25,0
2025-12-24T18:32:19+01:00,d241a044-0a06-40c2-9d90-c91fd0a95060,40.99851020119874,21.243798033728062,pressure,888
2025-12-24T18:32:19+01:00,d241a044-0a06-40c2-9d90-c91fd0a95060,40.99851020119874,21.243798033728062,temperature,3
2025-12-24T18:47:51+01:00,d241a044-0a06-40c2-9d90-c91fd0a95060,40.99851020119874,21.243798033728062,gasResistance,419643
2025-12-24T18:47:51+01:00,d241a044-0a06-40c2-9d90-c91fd0a95060,40.99851020119874,21.243798033728062,humidity,78
2025-12-24T18:47:51+01:00,d241a044-0a06-40c2-9d90-c91fd0a95060,40.99851020119874,21.243798033728062,noise,22
2025-12-24T18:47:51+01:00,d241a044-0a06-40c2-9d90-c91fd0a95060,40.99851020119874,21.243798033728062,noise_dba,35
2025-12-24T18:47:51+01:00,d241a044-0a06-40c2-9d90-c91fd0a95060,40.99851020119874,21.243798033728062,pm10,0
2025-12-24T18:47:51+01:00,d241a044-0a06-40c2-9d90-c91fd0a95060,40.99851020119874,21.243798033728062,pm25,0
2025-12-24T18:47:51+01:00,d241a044-0a06-40c2-9d90-c91fd0a95060,40.99851020119874,21.243798033728062,pressure,888
2025-12-24T18:47:51+01:00,d241a044-0a06-40c2-9d90-c91fd0a95060,40.99851020119874,21.243798033728062,temperature,3
2025-12-24T19:03:22+01:00,d241a044-0a06-40c2-9d90-c91fd0a95060,40.99851020119874,21.243798033728062,gasResistance,414960
2025-12-24T19:03:22+01:00,d241a044-0a06-40c2-9d90-c91fd0a95060,40.99851020119874,21.243798033728062,humidity,76
2025-12-24T19:03:22+01:00,d241a044-0a06-40c2-9d90-c91fd0a95060,40.99851020119874,21.243798033728062,noise,26
2025-12-24T19:03:22+01:00,d241a044-0a06-40c2-9d90-c91fd0a95060,40.99851020119874,21.243798033728062,noise_dba,38
2025-12-24T19:03:22+01:00,d241a044-0a06-40c2-9d90-c91fd0a95060,40.99851020119874,21.243798033728062,pm10,0
2025-12-24T19:03:22+01:00,d241a044-0a06-40c2-9d90-c91fd0a95060,40.99851020119874,21.243798033728062,pm25,0
2025-12-24T19:03:22+01:00,d241a044-0a06-40c2-9d90-c91fd0a95060,40.99851020119874,21.243798033728062,pressure,888
2025-12-24T19:03:22+01:00,d241a044-0a06-40c2-9d90-c91fd0a95060,40.99851020119874,21.243798033728062,temperature,3
2025-12-24T19:18:54+01:00,d241a044-0a06-40c2-9d90-c91fd0a95060,40.99851020119874,21.243798033728062,gasResistance,403941
2025-12-24T19:18:54+01:00,d241a044-0a06-40c2-9d90-c91fd0a95060,40.99851020119874,21.243798033728062,humidity,75
2025-12-24T19:18:54+01:00,d241a044-0a06-40c2-9d90-c91fd0a95060,40.99851020119874,21.243798033728062,noise,26
2025-12-24T19:18:54+01:00,d241a044-0a06-40c2-9d90-c91fd0a95060,40.99851020119874,21.243798033728062,noise_dba,38
2025-12-24T19:18:54+01:00,d241a044-0a06-40c2-9d90-c91fd0a95060,40.99851020119874,21.243798033728062,pm10,0
2025-12-24T19:18:54+01:00,d241a044-0a06-40c2-9d90-c91fd0a95060,40.99851020119874,21.243798033728062,pm25,0
2025-12-24T19:18:54+01:00,d241a044-0a06-40c2-9d90-c91fd0a95060,40.99851020119874,21.243798033728062,pressure,888
2025-12-24T19:18:54+01:00,d241a044-0a06-40c2-9d90-c91fd0a95060,40.99851020119874,21.243798033728062,temperature,3
2025-12-24T19:34:27+01:00,d241a044-0a06-40c2-9d90-c91fd0a95060,40.99851020119874,21.243798033728062,gasResistance,396993
2025-12-24T19:34:27+01:00,d241a044-0a06-40c2-9d90-c91fd0a95060,40.99851020119874,21.243798033728062,humidity,77
2025-12-24T19:34:27+01:00,d241a044-0a06-40c2-9d90-c91fd0a95060,40.99851020119874,21.243798033728062,noise,26
2025-12-24T19:34:27+01:00,d241a044-0a06-40c2-9d90-c91fd0a95060,40.99851020119874,21.243798033728062,noise_dba,38
2025-12-24T19:34:27+01:00,d241a044-0a06-40c2-9d90-c91fd0a95060,40.99851020119874,21.243798033728062,pm10,0
2025-12-24T19:34:27+01:00,d241a044-0a06-40c2-9d90-c91fd0a95060,40.99851020119874,21.243798033728062,pm25,0
2025-12-24T19:34:27+01:00,d241a044-0a06-40c2-9d90-c91fd0a95060,40.99851020119874,21.243798033728062,pressure,889
2025-12-24T19:34:27+01:00,d241a044-0a06-40c2-9d90-c91fd0a95060,40.99851020119874,21.243798033728062,temperature,3
2025-12-24T19:50:00+01:00,d241a044-0a06-40c2-9d90-c91fd0a95060,40.99851020119874,21.243798033728062,gasResistance,374425
2025-12-24T19:50:00+01:00,d241a044-0a06-40c2-9d90-c91fd0a95060,40.99851020119874,21.243798033728062,humidity,80
2025-12-24T19:50:00+01:00,d241a044-0a06-40c2-9d90-c91fd0a95060,40.99851020119874,21.243798033728062,noise,34
2025-12-24T19:50:00+01:00,d241a044-0a06-40c2-9d90-c91fd0a95060,40.99851020119874,21.243798033728062,noise_dba,42
2025-12-24T19:50:00+01:00,d241a044-0a06-40c2-9d90-c91fd0a95060,40.99851020119874,21.243798033728062,pm10,0
2025-12-24T19:50:00+01:00,d241a044-0a06-40c2-9d90-c91fd0a95060,40.99851020119874,21.243798033728062,pm25,0
2025-12-24T19:50:00+01:00,d241a044-0a06-40c2-9d90-c91fd0a95060,40.99851020119874,21.243798033728062,pressure,889
2025-12-24T19:50:00+01:00,d241a044-0a06-40c2-9d90-c91fd0a95060,40.99851020119874,21.243798033728062,temperature,3
2025-12-24T20:05:36+01:00,d241a044-0a06-40c2-9d90-c91fd0a95060,40.99851020119874,21.243798033728062,gasResistance,362475
2025-12-24T20:05:36+01:00,d241a044-0a06-40c2-9d90-c91fd0a95060,40.99851020119874,21.243798033728062,humidity,80
2025-12-24T20:05:36+01:00,d241a044-0a06-40c2-9d90-c91fd0a95060,40.99851020119874,21.243798033728062,noise,22
2025-12-24T20:05:36+01:00,d241a044-0a06-40c2-9d90-c91fd0a95060,40.99851020119874,21.243798033728062,noise_dba,35
2025-12-24T20:05:36+01:00,d241a044-0a06-40c2-9d90-c91fd0a95060,40.99851020119874,21.243798033728062,pm10,0
2025-12-24T20:05:36+01:00,d241a044-0a06-40c2-9d90-c91fd0a95060,40.99851020119874,21.243798033728062,pm25,0
2025-12-24T20:05:36+01:00,d241a044-0a06-40c2-9d90-c91fd0a95060,40.99851020119874,21.243798033728062,pressure,889
2025-12-24T20:05:36+01:00,d241a044-0a06-40c2-9d90-c91fd0a95060,40.99851020119874,21.243798033728062,temperature,3
2025-12-24T20:21:08+01:00,d241a044-0a06-40c2-9d90-c91fd0a95060,40.99851020119874,21.243798033728062,gasResistance,351263
2025-12-24T20:21:08+01:00,d241a044-0a06-40c2-9d90-c91fd0a95060,40.99851020119874,21.243798033728062,humidity,80
2025-12-24T20:21:08+01:00,d241a044-0a06-40c2-9d90-c91fd0a95060,40.99851020119874,21.243798033728062,noise,23
2025-12-24T20:21:08+01:00,d241a044-0a06-40c2-9d90-c91fd0a95060,40.99851020119874,21.243798033728062,noise_dba,36
2025-12-24T20:21:08+01:00,d241a044-0a06-40c2-9d90-c91fd0a95060,40.99851020119874,21.243798033728062,pm10,1
2025-12-24T20:21:08+01:00,d241a044-0a06-40c2-9d90-c91fd0a95060,40.99851020119874,21.243798033728062,pm25,0
2025-12-24T20:21:08+01:00,d241a044-0a06-40c2-9d90-c91fd0a95060,40.99851020119874,21.243798033728062,pressure,889
2025-12-24T20:21:08+01:00,d241a044-0a06-40c2-9d90-c91fd0a95060,40.99851020119874,21.243798033728062,temperature,3
2025-12-24T20:36:40+01:00,d241a044-0a06-40c2-9d90-c91fd0a95060,40.99851020119874,21.243798033728062,gasResistance,347557
2025-12-24T20:36:40+01:00,d241a044-0a06-40c2-9d90-c91fd0a95060,40.99851020119874,21.243798033728062,humidity,78
2025-12-24T20:36:40+01:00,d241a044-0a06-40c2-9d90-c91fd0a95060,40.99851020119874,21.243798033728062,noise,31
2025-12-24T20:36:40+01:00,d241a044-0a06-40c2-9d90-c91fd0a95060,40.99851020119874,21.243798033728062,noise_dba,41
2025-12-24T20:36:40+01:00,d241a044-0a06-40c2-9d90-c91fd0a95060,40.99851020119874,21.243798033728062,pm10,1
2025-12-24T20:36:40+01:00,d241a044-0a06-40c2-9d90-c91fd0a95060,40.99851020119874,21.243798033728062,pm25,0
2025-12-24T20:36:40+01:00,d241a044-0a06-40c2-9d90-c91fd0a95060,40.99851020119874,21.243798033728062,pressure,889
2025-12-24T20:36:40+01:00,d241a044-0a06-40c2-9d90-c91fd0a95060,40.99851020119874,21.243798033728062,temperature,3
2025-12-24T20:52:12+01:00,d241a044-0a06-40c2-9d90-c91fd0a95060,40.99851020119874,21.243798033728062,gasResistance,343927
2025-12-24T20:52:12+01:00,d241a044-0a06-40c2-9d90-c91fd0a95060,40.99851020119874,21.243798033728062,humidity,79
2025-12-24T20:52:12+01:00,d241a044-0a06-40c2-9d90-c91fd0a95060,40.99851020119874,21.243798033728062,noise,22
2025-12-24T20:52:12+01:00,d241a044-0a06-40c2-9d90-c91fd0a95060,40.99851020119874,21.243798033728062,noise_dba,35
2025-12-24T20:52:12+01:00,d241a044-0a06-40c2-9d90-c91fd0a95060,40.99851020119874,21.243798033728062,pm10,2
2025-12-24T20:52:12+01:00,d241a044-0a06-40c2-9d90-c91fd0a95060,40.99851020119874,21.243798033728062,pm25,1
2025-12-24T20:52:12+01:00,d241a044-0a06-40c2-9d90-c91fd0a95060,40.99851020119874,21.243798033728062,pressure,889
2025-12-24T20:52:12+01:00,d241a044-0a06-40c2-9d90-c91fd0a95060,40.99851020119874,21.243798033728062,temperature,3
2025-12-24T21:07:43+01:00,d241a044-0a06-40c2-9d90-c91fd0a95060,40.99851020119874,21.243798033728062,gasResistance,333818
2025-12-24T21:07:43+01:00,d241a044-0a06-40c2-9d90-c91fd0a95060,40.99851020119874,21.243798033728062,humidity,80
2025-12-24T21:07:43+01:00,d241a044-0a06-40c2-9d90-c91fd0a95060,40.99851020119874,21.243798033728062,noise,30
2025-12-24T21:07:43+01:00,d241a044-0a06-40c2-9d90-c91fd0a95060,40.99851020119874,21.243798033728062,noise_dba,40
2025-12-24T21:07:43+01:00,d241a044-0a06-40c2-9d90-c91fd0a95060,40.99851020119874,21.243798033728062,pm10,3
2025-12-24T21:07:43+01:00,d241a044-0a06-40c2-9d90-c91fd0a95060,40.99851020119874,21.243798033728062,pm25,1
2025-12-24T21:07:43+01:00,d241a044-0a06-40c2-9d90-c91fd0a95060,40.99851020119874,21.243798033728062,pressure,889
2025-12-24T21:07:43+01:00,d241a044-0a06-40c2-9d90-c91fd0a95060,40.99851020119874,21.243798033728062,temperature,3
2025-12-24T21:23:15+01:00,d241a044-0a06-40c2-9d90-c91fd0a95060,40.99851020119874,21.243798033728062,gasResistance,331800
2025-12-24T21:23:15+01:00,d241a044-0a06-40c2-9d90-c91fd0a95060,40.99851020119874,21.243798033728062,humidity,79
2025-12-24T21:23:15+01:00,d241a044-0a06-40c2-9d90-c91fd0a95060,40.99851020119874,21.243798033728062,noise,26
2025-12-24T21:23:15+01:00,d241a044-0a06-40c2-9d90-c91fd0a95060,40.99851020119874,21.243798033728062,noise_dba,38
2025-12-24T21:23:15+01:00,d241a044-0a06-40c2-9d90-c91fd0a95060,40.99851020119874,21.243798033728062,pm10,2
2025-12-24T21:23:15+01:00,d241a044-0a06-40c2-9d90-c91fd0a95060,40.99851020119874,21.243798033728062,pm25,1
2025-12-24T21:23:15+01:00,d241a044-0a06-40c2-9d90-c91fd0a95060,40.99851020119874,21.243798033728062,pressure,889
2025-12-24T21:23:15+01:00,d241a044-0a06-40c2-9d90-c91fd0a95060,40.99851020119874,21.243798033728062,temperature,4
2025-12-24T21:38:47+01:00,d241a044-0a06-40c2-9d90-c91fd0a95060,40.99851020119874,21.243798033728062,gasResistance,326860
2025-12-24T21:38:47+01:00,d241a044-0a06-40c2-9d90-c91fd0a95060,40.99851020119874,21.243798033728062,humidity,78
2025-12-24T21:38:47+01:00,d241a044-0a06-40c2-9d90-c91fd0a95060,40.99851020119874,21.243798033728062,noise,25
2025-12-24T21:38:47+01:00,d241a044-0a06-40c2-9d90-c91fd0a95060,40.99851020119874,21.243798033728062,noise_dba,37
2025-12-24T21:38:47+01:00,d241a044-0a06-40c2-9d90-c91fd0a95060,40.99851020119874,21.243798033728062,pm10,2
2025-12-24T21:38:47+01:00,d241a044-0a06-40c2-9d90-c91fd0a95060,40.99851020119874,21.243798033728062,pm25,1
2025-12-24T21:38:47+01:00,d241a044-0a06-40c2-9d90-c91fd0a95060,40.99851020119874,21.243798033728062,pressure,889
2025-12-24T21:38:47+01:00,d241a044-0a06-40c2-9d90-c91fd0a95060,40.99851020119874,21.243798033728062,temperature,4
2025-12-24T21:54:19+01:00,d241a044-0a06-40c2-9d90-c91fd0a95060,40.99851020119874,21.243798033728062,gasResistance,313184
2025-12-24T21:54:19+01:00,d241a044-0a06-40c2-9d90-c91fd0a95060,40.99851020119874,21.243798033728062,humidity,77
2025-12-24T21:54:19+01:00,d241a044-0a06-40c2-9d90-c91fd0a95060,40.99851020119874,21.243798033728062,noise,26
2025-12-24T21:54:19+01:00,d241a044-0a06-40c2-9d90-c91fd0a95060,40.99851020119874,21.243798033728062,noise_dba,38
2025-12-24T21:54:19+01:00,d241a044-0a06-40c2-9d90-c91fd0a95060,40.99851020119874,21.243798033728062,pm10,2
2025-12-24T21:54:19+01:00,d241a044-0a06-40c2-9d90-c91fd0a95060,40.99851020119874,21.243798033728062,pm25,1
2025-12-24T21:54:19+01:00,d241a044-0a06-40c2-9d90-c91fd0a95060,40.99851020119874,21.243798033728062,pressure,889
2025-12-24T21:54:19+01:00,d241a044-0a06-40c2-9d90-c91fd0a95060,40.99851020119874,21.243798033728062,temperature,4
2025-12-24T22:09:50+01:00,d241a044-0a06-40c2-9d90-c91fd0a95060,40.99851020119874,21.243798033728062,gasResistance,299241
2025-12-24T22:09:50+01:00,d241a044-0a06-40c2-9d90-c91fd0a95060,40.99851020119874,21.243798033728062,humidity,75
2025-12-24T22:09:50+01:00,d241a044-0a06-40c2-9d90-c91fd0a95060,40.99851020119874,21.243798033728062,noise,21
2025-12-24T22:09:50+01:00,d241a044-0a06-40c2-9d90-c91fd0a95060,40.99851020119874,21.243798033728062,noise_dba,34
2025-12-24T22:09:50+01:00,d241a044-0a06-40c2-9d90-c91fd0a95060,40.99851020119874,21.243798033728062,pm10,6
2025-12-24T22:09:50+01:00,d241a044-0a06-40c2-9d90-c91fd0a95060,40.99851020119874,21.243798033728062,pm25,2
2025-12-24T22:09:50+01:00,d241a044-0a06-40c2-9d90-c91fd0a95060,40.99851020119874,21.243798033728062,pressure,889
2025-12-24T22:09:50+01:00,d241a044-0a06-40c2-9d90-c91fd0a95060,40.99851020119874,21.243798033728062,temperature,4
2025-12-24T22:25:22+01:00,d241a044-0a06-40c2-9d90-c91fd0a95060,40.99851020119874,21.243798033728062,gasResistance,286237
2025-12-24T22:25:22+01:00,d241a044-0a06-40c2-9d90-c91fd0a95060,40.99851020119874,21.243798033728062,humidity,78
2025-12-24T22:25:22+01:00,d241a044-0a06-40c2-9d90-c91fd0a95060,40.99851020119874,21.243798033728062,noise,21
2025-12-24T22:25:22+01:00,d241a044-0a06-40c2-9d90-c91fd0a95060,40.99851020119874,21.243798033728062,noise_dba,34
2025-12-24T22:25:22+01:00,d241a044-0a06-40c2-9d90-c91fd0a95060,40.99851020119874,21.243798033728062,pm10,2
2025-12-24T22:25:22+01:00,d241a044-0a06-40c2-9d90-c91fd0a95060,40.99851020119874,21.243798033728062,pm25,1
2025-12-24T22:25:22+01:00,d241a044-0a06-40c2-9d90-c91fd0a95060,40.99851020119874,21.243798033728062,pressure,889
2025-12-24T22:25:22+01:00,d241a044-0a06-40c2-9d90-c91fd0a95060,40.99851020119874,21.243798033728062,temperature,4
2025-12-24T22:40:53+01:00,d241a044-0a06-40c2-9d90-c91fd0a95060,40.99851020119874,21.243798033728062,gasResistance,264406
2025-12-24T22:40:53+01:00,d241a044-0a06-40c2-9d90-c91fd0a95060,40.99851020119874,21.243798033728062,humidity,80
2025-12-24T22:40:53+01:00,d241a044-0a06-40c2-9d90-c91fd0a95060,40.99851020119874,21.243798033728062,noise,21
2025-12-24T22:40:53+01:00,d241a044-0a06-40c2-9d90-c91fd0a95060,40.99851020119874,21.243798033728062,noise_dba,34
2025-12-24T22:40:53+01:00,d241a044-0a06-40c2-9d90-c91fd0a95060,40.99851020119874,21.243798033728062,pm10,4
2025-12-24T22:40:53+01:00,d241a044-0a06-40c2-9d90-c91fd0a95060,40.99851020119874,21.243798033728062,pm25,3
2025-12-24T22:40:53+01:00,d241a044-0a06-40c2-9d90-c91fd0a95060,40.99851020119874,21.243798033728062,pressure,889
2025-12-24T22:40:53+01:00,d241a044-0a06-40c2-9d90-c91fd0a95060,40.99851020119874,21.243798033728062,temperature,4
2025-12-24T22:56:25+01:00,d241a044-0a06-40c2-9d90-c91fd0a95060,40.99851020119874,21.243798033728062,gasResistance,265686
2025-12-24T22:56:25+01:00,d241a044-0a06-40c2-9d90-c91fd0a95060,40.99851020119874,21.243798033728062,humidity,81
2025-12-24T22:56:25+01:00,d241a044-0a06-40c2-9d90-c91fd0a95060,40.99851020119874,21.243798033728062,noise,21
2025-12-24T22:56:25+01:00,d241a044-0a06-40c2-9d90-c91fd0a95060,40.99851020119874,21.243798033728062,noise_dba,34
2025-12-24T22:56:25+01:00,d241a044-0a06-40c2-9d90-c91fd0a95060,40.99851020119874,21.243798033728062,pm10,7
2025-12-24T22:56:25+01:00,d241a044-0a06-40c2-9d90-c91fd0a95060,40.99851020119874,21.243798033728062,pm25,3
2025-12-24T22:56:25+01:00,d241a044-0a06-40c2-9d90-c91fd0a95060,40.99851020119874,21.243798033728062,pressure,889
2025-12-24T22:56:25+01:00,d241a044-0a06-40c2-9d90-c91fd0a95060,40.99851020119874,21.243798033728062,temperature,4
2025-12-24T23:11:57+01:00,d241a044-0a06-40c2-9d90-c91fd0a95060,40.99851020119874,21.243798033728062,gasResistance,265258
2025-12-24T23:11:57+01:00,d241a044-0a06-40c2-9d90-c91fd0a95060,40.99851020119874,21.243798033728062,humidity,80
2025-12-24T23:11:57+01:00,d241a044-0a06-40c2-9d90-c91fd0a95060,40.99851020119874,21.243798033728062,noise,26
2025-12-24T23:11:57+01:00,d241a044-0a06-40c2-9d90-c91fd0a95060,40.99851020119874,21.243798033728062,noise_dba,38
2025-12-24T23:11:57+01:00,d241a044-0a06-40c2-9d90-c91fd0a95060,40.99851020119874,21.243798033728062,pm10,5
2025-12-24T23:11:57+01:00,d241a044-0a06-40c2-9d90-c91fd0a95060,40.99851020119874,21.243798033728062,pm25,3
2025-12-24T23:11:57+01:00,d241a044-0a06-40c2-9d90-c91fd0a95060,40.99851020119874,21.243798033728062,pressure,889
2025-12-24T23:11:57+01:00,d241a044-0a06-40c2-9d90-c91fd0a95060,40.99851020119874,21.243798033728062,temperature,4
2025-12-24T23:27:29+01:00,d241a044-0a06-40c2-9d90-c91fd0a95060,40.99851020119874,21.243798033728062,gasResistance,263983
2025-12-24T23:27:29+01:00,d241a044-0a06-40c2-9d90-c91fd0a95060,40.99851020119874,21.243798033728062,humidity,80
2025-12-24T23:27:29+01:00,d241a044-0a06-40c2-9d90-c91fd0a95060,40.99851020119874,21.243798033728062,noise,21
2025-12-24T23:27:29+01:00,d241a044-0a06-40c2-9d90-c91fd0a95060,40.99851020119874,21.243798033728062,noise_dba,34
2025-12-24T23:27:29+01:00,d241a044-0a06-40c2-9d90-c91fd0a95060,40.99851020119874,21.243798033728062,pm10,7
2025-12-24T23:27:29+01:00,d241a044-0a06-40c2-9d90-c91fd0a95060,40.99851020119874,21.243798033728062,pm25,3
2025-12-24T23:27:29+01:00,d241a044-0a06-40c2-9d90-c91fd0a95060,40.99851020119874,21.243798033728062,pressure,889
2025-12-24T23:27:29+01:00,d241a044-0a06-40c2-9d90-c91fd0a95060,40.99851020119874,21.243798033728062,temperature,4
2025-12-24T23:43:00+01:00,d241a044-0a06-40c2-9d90-c91fd0a95060,40.99851020119874,21.243798033728062,gasResistance,257784
2025-12-24T23:43:00+01:00,d241a044-0a06-40c2-9d90-c91fd0a95060,40.99851020119874,21.243798033728062,humidity,78
2025-12-24T23:43:00+01:00,d241a044-0a06-40c2-9d90-c91fd0a95060,40.99851020119874,21.243798033728062,noise,21
2025-12-24T23:43:00+01:00,d241a044-0a06-40c2-9d90-c91fd0a95060,40.99851020119874,21.243798033728062,noise_dba,34
2025-12-24T23:43:00+01:00,d241a044-0a06-40c2-9d90-c91fd0a95060,40.99851020119874,21.243798033728062,pm10,5
2025-12-24T23:43:00+01:00,d241a044-0a06-40c2-9d90-c91fd0a95060,40.99851020119874,21.243798033728062,pm25,4
2025-12-24T23:43:00+01:00,d241a044-0a06-40c2-9d90-c91fd0a95060,40.99851020119874,21.243798033728062,pressure,889
2025-12-24T23:43:00+01:00,d241a044-0a06-40c2-9d90-c91fd0a95060,40.99851020119874,21.243798033728062,temperature,5
2025-12-24T23:58:32+01:00,d241a044-0a06-40c2-9d90-c91fd0a95060,40.99851020119874,21.243798033728062,gasResistance,252642
2025-12-24T23:58:32+01:00,d241a044-0a06-40c2-9d90-c91fd0a95060,40.99851020119874,21.243798033728062,humidity,79
2025-12-24T23:58:32+01:00,d241a044-0a06-40c2-9d90-c91fd0a95060,40.99851020119874,21.243798033728062,noise,25
2025-12-24T23:58:32+01:00,d241a044-0a06-40c2-9d90-c91fd0a95060,40.99851020119874,21.243798033728062,noise_dba,37
2025-12-24T23:58:32+01:00,d241a044-0a06-40c2-9d90-c91fd0a95060,40.99851020119874,21.243798033728062,pm10,5
2025-12-24T23:58:32+01:00,d241a044-0a06-40c2-9d90-c91fd0a95060,40.99851020119874,21.243798033728062,pm25,3
2025-12-24T23:58:32+01:00,d241a044-0a06-40c2-9d90-c91fd0a95060,40.99851020119874,21.243798033728062,pressure,889
2025-12-24T23:58:32+01:00,d241a044-0a06-40c2-9d90-c91fd0a95060,40.99851020119874,21.243798033728062,temperature,5
2025-12-25T00:14:03+01:00,d241a044-0a06-40c2-9d90-c91fd0a95060,40.99851020119874,21.243798033728062,gasResistance,247888
2025-12-25T00:14:03+01:00,d241a044-0a06-40c2-9d90-c91fd0a95060,40.99851020119874,21.243798033728062,humidity,80
2025-12-25T00:14:03+01:00,d241a044-0a06-40c2-9d90-c91fd0a95060,40.99851020119874,21.243798033728062,noise,28
2025-12-25T00:14:03+01:00,d241a044-0a06-40c2-9d90-c91fd0a95060,40.99851020119874,21.243798033728062,noise_dba,39
2025-12-25T00:14:03+01:00,d241a044-0a06-40c2-9d90-c91fd0a95060,40.99851020119874,21.243798033728062,pm10,6
2025-12-25T00:14:03+01:00,d241a044-0a06-40c2-9d90-c91fd0a95060,40.99851020119874,21.243798033728062,pm25,4
2025-12-25T00:14:03+01:00,d241a044-0a06-40c2-9d90-c91fd0a95060,40.99851020119874,21.243798033728062,pressure,889
2025-12-25T00:14:03+01:00,d241a044-0a06-40c2-9d90-c91fd0a95060,40.99851020119874,21.243798033728062,temperature,5
2025-12-25T00:29:35+01:00,d241a044-0a06-40c2-9d90-c91fd0a95060,40.99851020119874,21.243798033728062,gasResistance,242236
2025-12-25T00:29:35+01:00,d241a044-0a06-40c2-9d90-c91fd0a95060,40.99851020119874,21.243798033728062,humidity,79
2025-12-25T00:29:35+01:00,d241a044-0a06-40c2-9d90-c91fd0a95060,40.99851020119874,21.243798033728062,noise,27
2025-12-25T00:29:35+01:00,d241a044-0a06-40c2-9d90-c91fd0a95060,40.99851020119874,21.243798033728062,noise_dba,38
2025-12-25T00:29:35+01:00,d241a044-0a06-40c2-9d90-c91fd0a95060,40.99851020119874,21.243798033728062,pm10,5
2025-12-25T00:29:35+01:00,d241a044-0a06-40c2-9d90-c91fd0a95060,40.99851020119874,21.243798033728062,pm25,3
2025-12-25T00:29:35+01:00,d241a044-0a06-40c2-9d90-c91fd0a95060,40.99851020119874,21.243798033728062,pressure,889
2025-12-25T00:29:35+01:00,d241a044-0a06-40c2-9d90-c91fd0a95060,40.99851020119874,21.243798033728062,temperature,5
2025-12-25T00:45:06+01:00,d241a044-0a06-40c2-9d90-c91fd0a95060,40.99851020119874,21.243798033728062,gasResistance,241526
2025-12-25T00:45:06+01:00,d241a044-0a06-40c2-9d90-c91fd0a95060,40.99851020119874,21.243798033728062,humidity,80
2025-12-25T00:45:06+01:00,d241a044-0a06-40c2-9d90-c91fd0a95060,40.99851020119874,21.243798033728062,noise,21
2025-12-25T00:45:06+01:00,d241a044-0a06-40c2-9d90-c91fd0a95060,40.99851020119874,21.243798033728062,noise_dba,34
2025-12-25T00:45:06+01:00,d241a044-0a06-40c2-9d90-c91fd0a95060,40.99851020119874,21.243798033728062,pm10,5
2025-12-25T00:45:06+01:00,d241a044-0a06-40c2-9d90-c91fd0a95060,40.99851020119874,21.243798033728062,pm25,3
2025-12-25T00:45:06+01:00,d241a044-0a06-40c2-9d90-c91fd0a95060,40.99851020119874,21.243798033728062,pressure,889
2025-12-25T00:45:06+01:00,d241a044-0a06-40c2-9d90-c91fd0a95060,40.99851020119874,21.243798033728062,temperature,5
2025-12-25T01:00:38+01:00,d241a044-0a06-40c2-9d90-c91fd0a95060,40.99851020119874,21.243798033728062,gasResistance,238552
2025-12-25T01:00:38+01:00,d241a044-0a06-40c2-9d90-c91fd0a95060,40.99851020119874,21.243798033728062,humidity,79
2025-12-25T01:00:38+01:00,d241a044-0a06-40c2-9d90-c91fd0a95060,40.99851020119874,21.243798033728062,noise,21
2025-12-25T01:00:38+01:00,d241a044-0a06-40c2-9d90-c91fd0a95060,40.99851020119874,21.243798033728062,noise_dba,34
2025-12-25T01:00:38+01:00,d241a044-0a06-40c2-9d90-c91fd0a95060,40.99851020119874,21.243798033728062,pm10,3
2025-12-25T01:00:38+01:00,d241a044-0a06-40c2-9d90-c91fd0a95060,40.99851020119874,21.243798033728062,pm25,2
2025-12-25T01:00:38+01:00,d241a044-0a06-40c2-9d90-c91fd0a95060,40.99851020119874,21.243798033728062,pressure,889
2025-12-25T01:00:38+01:00,d241a044-0a06-40c2-9d90-c91fd0a95060,40.99851020119874,21.243798033728062,temperature,5
2025-12-25T01:16:10+01:00,d241a044-0a06-40c2-9d90-c91fd0a95060,40.99851020119874,21.243798033728062,gasResistance,237177
2025-12-25T01:16:10+01:00,d241a044-0a06-40c2-9d90-c91fd0a95060,40.99851020119874,21.243798033728062,humidity,78
2025-12-25T01:16:10+01:00,d241a044-0a06-40c2-9d90-c91fd0a95060,40.99851020119874,21.243798033728062,noise,26
2025-12-25T01:16:10+01:00,d241a044-0a06-40c2-9d90-c91fd0a95060,40.99851020119874,21.243798033728062,noise_dba,38
2025-12-25T01:16:10+01:00,d241a044-0a06-40c2-9d90-c91fd0a95060,40.99851020119874,21.243798033728062,pm10,2
2025-12-25T01:16:10+01:00,d241a044-0a06-40c2-9d90-c91fd0a95060,40.99851020119874,21.243798033728062,pm25,1
2025-12-25T01:16:10+01:00,d241a044-0a06-40c2-9d90-c91fd0a95060,40.99851020119874,21.243798033728062,pressure,889
2025-12-25T01:16:10+01:00,d241a044-0a06-40c2-9d90-c91fd0a95060,40.99851020119874,21.243798033728062,temperature,5
2025-12-25T01:31:42+01:00,d241a044-0a06-40c2-9d90-c91fd0a95060,40.99851020119874,21.243798033728062,gasResistance,244031
2025-12-25T01:31:42+01:00,d241a044-0a06-40c2-9d90-c91fd0a95060,40.99851020119874,21.243798033728062,humidity,77
2025-12-25T01:31:42+01:00,d241a044-0a06-40c2-9d90-c91fd0a95060,40.99851020119874,21.243798033728062,noise,27
2025-12-25T01:31:42+01:00,d241a044-0a06-40c2-9d90-c91fd0a95060,40.99851020119874,21.243798033728062,noise_dba,38
2025-12-25T01:31:42+01:00,d241a044-0a06-40c2-9d90-c91fd0a95060,40.99851020119874,21.243798033728062,pm10,1
2025-12-25T01:31:42+01:00,d241a044-0a06-40c2-9d90-c91fd0a95060,40.99851020119874,21.243798033728062,pm25,1
2025-12-25T01:31:42+01:00,d241a044-0a06-40c2-9d90-c91fd0a95060,40.99851020119874,21.243798033728062,pressure,889
2025-12-25T01:31:42+01:00,d241a044-0a06-40c2-9d90-c91fd0a95060,40.99851020119874,21.243798033728062,temperature,5
2025-12-25T01:47:14+01:00,d241a044-0a06-40c2-9d90-c91fd0a95060,40.99851020119874,21.243798033728062,gasResistance,260640
2025-12-25T01:47:14+01:00,d241a044-0a06-40c2-9d90-c91fd0a95060,40.99851020119874,21.243798033728062,humidity,77
2025-12-25T01:47:14+01:00,d241a044-0a06-40c2-9d90-c91fd0a95060,40.99851020119874,21.243798033728062,noise,25
2025-12-25T01:47:14+01:00,d241a044-0a06-40c2-9d90-c91fd0a95060,40.99851020119874,21.243798033728062,noise_dba,37
2025-12-25T01:47:14+01:00,d241a044-0a06-40c2-9d90-c91fd0a95060,40.99851020119874,21.243798033728062,pm10,1
2025-12-25T01:47:14+01:00,d241a044-0a06-40c2-9d90-c91fd0a95060,40.99851020119874,21.243798033728062,pm25,1
2025-12-25T01:47:14+01:00,d241a044-0a06-40c2-9d90-c91fd0a95060,40.99851020119874,21.243798033728062,pressure,890
2025-12-25T01:47:14+01:00,d241a044-0a06-40c2-9d90-c91fd0a95060,40.99851020119874,21.243798033728062,temperature,6
2025-12-25T02:02:45+01:00,d241a044-0a06-40c2-9d90-c91fd0a95060,40.99851020119874,21.243798033728062,gasResistance,267412
2025-12-25T02:02:45+01:00,d241a044-0a06-40c2-9d90-c91fd0a95060,40.99851020119874,21.243798033728062,humidity,81
2025-12-25T02:02:45+01:00,d241a044-0a06-40c2-9d90-c91fd0a95060,40.99851020119874,21.243798033728062,noise,25
2025-12-25T02:02:45+01:00,d241a044-0a06-40c2-9d90-c91fd0a95060,40.99851020119874,21.243798033728062,noise_dba,37
2025-12-25T02:02:45+01:00,d241a044-0a06-40c2-9d90-c91fd0a95060,40.99851020119874,21.243798033728062,pm10,1
2025-12-25T02:02:45+01:00,d241a044-0a06-40c2-9d90-c91fd0a95060,40.99851020119874,21.243798033728062,pm25,0
2025-12-25T02:02:45+01:00,d241a044-0a06-40c2-9d90-c91fd0a95060,40.99851020119874,21.243798033728062,pressure,890
2025-12-25T02:02:45+01:00,d241a044-0a06-40c2-9d90-c91fd0a95060,40.99851020119874,21.243798033728062,temperature,5
2025-12-25T02:18:17+01:00,d241a044-0a06-40c2-9d90-c91fd0a95060,40.99851020119874,21.243798033728062,gasResistance,262510
2025-12-25T02:18:17+01:00,d241a044-0a06-40c2-9d90-c91fd0a95060,40.99851020119874,21.243798033728062,humidity,81
2025-12-25T02:18:17+01:00,d241a044-0a06-40c2-9d90-c91fd0a95060,40.99851020119874,21.243798033728062,noise,21
2025-12-25T02:18:17+01:00,d241a044-0a06-40c2-9d90-c91fd0a95060,40.99851020119874,21.243798033728062,noise_dba,34
2025-12-25T02:18:17+01:00,d241a044-0a06-40c2-9d90-c91fd0a95060,40.99851020119874,21.243798033728062,pm10,1
2025-12-25T02:18:17+01:00,d241a044-0a06-40c2-9d90-c91fd0a95060,40.99851020119874,21.243798033728062,pm25,0
2025-12-25T02:18:17+01:00,d241a044-0a06-40c2-9d90-c91fd0a95060,40.99851020119874,21.243798033728062,pressure,890
2025-12-25T02:18:17+01:00,d241a044-0a06-40c2-9d90-c91fd0a95060,40.99851020119874,21.243798033728062,temperature,5
2025-12-25T02:33:49+01:00,d241a044-0a06-40c2-9d90-c91fd0a95060,40.99851020119874,21.243798033728062,gasResistance,268065
2025-12-25T02:33:49+01:00,d241a044-0a06-40c2-9d90-c91fd0a95060,40.99851020119874,21.243798033728062,humidity,78
2025-12-25T02:33:49+01:00,d241a044-0a06-40c2-9d90-c91fd0a95060,40.99851020119874,21.243798033728062,noise,35
2025-12-25T02:33:49+01:00,d241a044-0a06-40c2-9d90-c91fd0a95060,40.99851020119874,21.243798033728062,noise_dba,43
2025-12-25T02:33:49+01:00,d241a044-0a06-40c2-9d90-c91fd0a95060,40.99851020119874,21.243798033728062,pm10,1
2025-12-25T02:33:49+01:00,d241a044-0a06-40c2-9d90-c91fd0a95060,40.99851020119874,21.243798033728062,pm25,0
2025-12-25T02:33:49+01:00,d241a044-0a06-40c2-9d90-c91fd0a95060,40.99851020119874,21.243798033728062,pressure,890
2025-12-25T02:33:49+01:00,d241a044-0a06-40c2-9d90-c91fd0a95060,40.99851020119874,21.243798033728062,temperature,5
2025-12-25T02:49:21+01:00,d241a044-0a06-40c2-9d90-c91fd0a95060,40.99851020119874,21.243798033728062,gasResistance,266762
2025-12-25T02:49:21+01:00,d241a044-0a06-40c2-9d90-c91fd0a95060,40.99851020119874,21.243798033728062,humidity,79
2025-12-25T02:49:21+01:00,d241a044-0a06-40c2-9d90-c91fd0a95060,40.99851020119874,21.243798033728062,noise,26
2025-12-25T02:49:21+01:00,d241a044-0a06-40c2-9d90-c91fd0a95060,40.99851020119874,21.243798033728062,noise_dba,38
2025-12-25T02:49:21+01:00,d241a044-0a06-40c2-9d90-c91fd0a95060,40.99851020119874,21.243798033728062,pm10,1
2025-12-25T02:49:21+01:00,d241a044-0a06-40c2-9d90-c91fd0a95060,40.99851020119874,21.243798033728062,pm25,0
2025-12-25T02:49:21+01:00,d241a044-0a06-40c2-9d90-c91fd0a95060,40.99851020119874,21.243798033728062,pressure,890
2025-12-25T02:49:21+01:00,d241a044-0a06-40c2-9d90-c91fd0a95060,40.99851020119874,21.243798033728062,temperature,5
2025-12-25T03:04:52+01:00,d241a044-0a06-40c2-9d90-c91fd0a95060,40.99851020119874,21.243798033728062,gasResistance,274317
2025-12-25T03:04:52+01:00,d241a044-0a06-40c2-9d90-c91fd0a95060,40.99851020119874,21.243798033728062,humidity,81
2025-12-25T03:04:52+01:00,d241a044-0a06-40c2-9d90-c91fd0a95060,40.99851020119874,21.243798033728062,noise,22
2025-12-25T03:04:52+01:00,d241a044-0a06-40c2-9d90-c91fd0a95060,40.99851020119874,21.243798033728062,noise_dba,35
2025-12-25T03:04:52+01:00,d241a044-0a06-40c2-9d90-c91fd0a95060,40.99851020119874,21.243798033728062,pm10,0
2025-12-25T03:04:52+01:00,d241a044-0a06-40c2-9d90-c91fd0a95060,40.99851020119874,21.243798033728062,pm25,0
2025-12-25T03:04:52+01:00,d241a044-0a06-40c2-9d90-c91fd0a95060,40.99851020119874,21.243798033728062,pressure,890
2025-12-25T03:04:52+01:00,d241a044-0a06-40c2-9d90-c91fd0a95060,40.99851020119874,21.243798033728062,temperature,5
2025-12-25T03:20:24+01:00,d241a044-0a06-40c2-9d90-c91fd0a95060,40.99851020119874,21.243798033728062,gasResistance,291559
2025-12-25T03:20:24+01:00,d241a044-0a06-40c2-9d90-c91fd0a95060,40.99851020119874,21.243798033728062,humidity,79
2025-12-25T03:20:24+01:00,d241a044-0a06-40c2-9d90-c91fd0a95060,40.99851020119874,21.243798033728062,noise,27
2025-12-25T03:20:24+01:00,d241a044-0a06-40c2-9d90-c91fd0a95060,40.99851020119874,21.243798033728062,noise_dba,38
2025-12-25T03:20:24+01:00,d241a044-0a06-40c2-9d90-c91fd0a95060,40.99851020119874,21.243798033728062,pm10,0
2025-12-25T03:20:24+01:00,d241a044-0a06-40c2-9d90-c91fd0a95060,40.99851020119874,21.243798033728062,pm25,0
2025-12-25T03:20:24+01:00,d241a044-0a06-40c2-9d90-c91fd0a95060,40.99851020119874,21.243798033728062,pressure,890
2025-12-25T03:20:24+01:00,d241a044-0a06-40c2-9d90-c91fd0a95060,40.99851020119874,21.243798033728062,temperature,5
2025-12-25T03:35:55+01:00,d241a044-0a06-40c2-9d90-c91fd0a95060,40.99851020119874,21.243798033728062,gasResistance,300881
2025-12-25T03:35:55+01:00,d241a044-0a06-40c2-9d90-c91fd0a95060,40.99851020119874,21.243798033728062,humidity,78
2025-12-25T03:35:55+01:00,d241a044-0a06-40c2-9d90-c91fd0a95060,40.99851020119874,21.243798033728062,noise,26
2025-12-25T03:35:55+01:00,d241a044-0a06-40c2-9d90-c91fd0a95060,40.99851020119874,21.243798033728062,noise_dba,38
2025-12-25T03:35:55+01:00,d241a044-0a06-40c2-9d90-c91fd0a95060,40.99851020119874,21.243798033728062,pm10,0
2025-12-25T03:35:55+01:00,d241a044-0a06-40c2-9d90-c91fd0a95060,40.99851020119874,21.243798033728062,pm25,0
2025-12-25T03:35:55+01:00,d241a044-0a06-40c2-9d90-c91fd0a95060,40.99851020119874,21.243798033728062,pressure,890
2025-12-25T03:35:55+01:00,d241a044-0a06-40c2-9d90-c91fd0a95060,40.99851020119874,21.243798033728062,temperature,5
2025-12-25T03:51:27+01:00,d241a044-0a06-40c2-9d90-c91fd0a95060,40.99851020119874,21.243798033728062,gasResistance,313781
2025-12-25T03:51:27+01:00,d241a044-0a06-40c2-9d90-c91fd0a95060,40.99851020119874,21.243798033728062,humidity,80
2025-12-25T03:51:27+01:00,d241a044-0a06-40c2-9d90-c91fd0a95060,40.99851020119874,21.243798033728062,noise,23
2025-12-25T03:51:27+01:00,d241a044-0a06-40c2-9d90-c91fd0a95060,40.99851020119874,21.243798033728062,noise_dba,36
2025-12-25T03:51:27+01:00,d241a044-0a06-40c2-9d90-c91fd0a95060,40.99851020119874,21.243798033728062,pm10,0
2025-12-25T03:51:27+01:00,d241a044-0a06-40c2-9d90-c91fd0a95060,40.99851020119874,21.243798033728062,pm25,0
2025-12-25T03:51:27+01:00,d241a044-0a06-40c2-9d90-c91fd0a95060,40.99851020119874,21.243798033728062,pressure,890
2025-12-25T03:51:27+01:00,d241a044-0a06-40c2-9d90-c91fd0a95060,40.99851020119874,21.243798033728062,temperature,5
2025-12-25T04:06:59+01:00,d241a044-0a06-40c2-9d90-c91fd0a95060,40.99851020119874,21.243798033728062,gasResistance,320811
2025-12-25T04:06:59+01:00,d241a044-0a06-40c2-9d90-c91fd0a95060,40.99851020119874,21.243798033728062,humidity,80
2025-12-25T04:06:59+01:00,d241a044-0a06-40c2-9d90-c91fd0a95060,40.99851020119874,21.243798033728062,noise,24
2025-12-25T04:06:59+01:00,d241a044-0a06-40c2-9d90-c91fd0a95060,40.99851020119874,21.243798033728062,noise_dba,36
2025-12-25T04:06:59+01:00,d241a044-0a06-40c2-9d90-c91fd0a95060,40.99851020119874,21.243798033728062,pm10,1
2025-12-25T04:06:59+01:00,d241a044-0a06-40c2-9d90-c91fd0a95060,40.99851020119874,21.243798033728062,pm25,0
2025-12-25T04:06:59+01:00,d241a044-0a06-40c2-9d90-c91fd0a95060,40.99851020119874,21.243798033728062,pressure,890
2025-12-25T04:06:59+01:00,d241a044-0a06-40c2-9d90-c91fd0a95060,40.99851020119874,21.243798033728062,temperature,4
2025-12-25T04:22:30+01:00,d241a044-0a06-40c2-9d90-c91fd0a95060,40.99851020119874,21.243798033728062,gasResistance,312887
2025-12-25T04:22:30+01:00,d241a044-0a06-40c2-9d90-c91fd0a95060,40.99851020119874,21.243798033728062,humidity,79
2025-12-25T04:22:30+01:00,d241a044-0a06-40c2-9d90-c91fd0a95060,40.99851020119874,21.243798033728062,noise,22
2025-12-25T04:22:30+01:00,d241a044-0a06-40c2-9d90-c91fd0a95060,40.99851020119874,21.243798033728062,noise_dba,35
2025-12-25T04:22:30+01:00,d241a044-0a06-40c2-9d90-c91fd0a95060,40.99851020119874,21.243798033728062,pm10,0
2025-12-25T04:22:30+01:00,d241a044-0a06-40c2-9d90-c91fd0a95060,40.99851020119874,21.243798033728062,pm25,0
2025-12-25T04:22:30+01:00,d241a044-0a06-40c2-9d90-c91fd0a95060,40.99851020119874,21.243798033728062,pressure,890
2025-12-25T04:22:30+01:00,d241a044-0a06-40c2-9d90-c91fd0a95060,40.99851020119874,21.243798033728062,temperature,4
2025-12-25T04:38:02+01:00,d241a044-0a06-40c2-9d90-c91fd0a95060,40.99851020119874,21.243798033728062,gasResistance,328818
2025-12-25T04:38:02+01:00,d241a044-0a06-40c2-9d90-c91fd0a95060,40.99851020119874,21.243798033728062,humidity,80
2025-12-25T04:38:02+01:00,d241a044-0a06-40c2-9d90-c91fd0a95060,40.99851020119874,21.243798033728062,noise,27
2025-12-25T04:38:02+01:00,d241a044-0a06-40c2-9d90-c91fd0a95060,40.99851020119874,21.243798033728062,noise_dba,38
2025-12-25T04:38:02+01:00,d241a044-0a06-40c2-9d90-c91fd0a95060,40.99851020119874,21.243798033728062,pm10,0
2025-12-25T04:38:02+01:00,d241a044-0a06-40c2-9d90-c91fd0a95060,40.99851020119874,21.243798033728062,pm25,0
2025-12-25T04:38:02+01:00,d241a044-0a06-40c2-9d90-c91fd0a95060,40.99851020119874,21.243798033728062,pressure,890
2025-12-25T04:38:02+01:00,d241a044-0a06-40c2-9d90-c91fd0a95060,40.99851020119874,21.243798033728062,temperature,5
2025-12-25T04:53:33+01:00,d241a044-0a06-40c2-9d90-c91fd0a95060,40.99851020119874,21.243798033728062,gasResistance,338275
2025-12-25T04:53:33+01:00,d241a044-0a06-40c2-9d90-c91fd0a95060,40.99851020119874,21.243798033728062,humidity,78
2025-12-25T04:53:33+01:00,d241a044-0a06-40c2-9d90-c91fd0a95060,40.99851020119874,21.243798033728062,noise,22
2025-12-25T04:53:33+01:00,d241a044-0a06-40c2-9d90-c91fd0a95060,40.99851020119874,21.243798033728062,noise_dba,35
2025-12-25T04:53:33+01:00,d241a044-0a06-40c2-9d90-c91fd0a95060,40.99851020119874,21.243798033728062,pm10,0
2025-12-25T04:53:33+01:00,d241a044-0a06-40c2-9d90-c91fd0a95060,40.99851020119874,21.243798033728062,pm25,0
2025-12-25T04:53:33+01:00,d241a044-0a06-40c2-9d90-c91fd0a95060,40.99851020119874,21.243798033728062,pressure,890
2025-12-25T04:53:33+01:00,d241a044-0a06-40c2-9d90-c91fd0a95060,40.99851020119874,21.243798033728062,temperature,5
2025-12-25T05:09:05+01:00,d241a044-0a06-40c2-9d90-c91fd0a95060,40.99851020119874,21.243798033728062,gasResistance,350516
2025-12-25T05:09:05+01:00,d241a044-0a06-40c2-9d90-c91fd0a95060,40.99851020119874,21.243798033728062,humidity,78
2025-12-25T05:09:05+01:00,d241a044-0a06-40c2-9d90-c91fd0a95060,40.99851020119874,21.243798033728062,noise,30
2025-12-25T05:09:05+01:00,d241a044-0a06-40c2-9d90-c91fd0a95060,40.99851020119874,21.243798033728062,noise_dba,40
2025-12-25T05:09:05+01:00,d241a044-0a06-40c2-9d90-c91fd0a95060,40.99851020119874,21.243798033728062,pm10,0
2025-12-25T05:09:05+01:00,d241a044-0a06-40c2-9d90-c91fd0a95060,40.99851020119874,21.243798033728062,pm25,0
2025-12-25T05:09:05+01:00,d241a044-0a06-40c2-9d90-c91fd0a95060,40.99851020119874,21.243798033728062,pressure,890
2025-12-25T05:09:05+01:00,d241a044-0a06-40c2-9d90-c91fd0a95060,40.99851020119874,21.243798033728062,temperature,5
2025-12-25T05:24:37+01:00,d241a044-0a06-40c2-9d90-c91fd0a95060,40.99851020119874,21.243798033728062,gasResistance,352014
2025-12-25T05:24:37+01:00,d241a044-0a06-40c2-9d90-c91fd0a95060,40.99851020119874,21.243798033728062,humidity,80
2025-12-25T05:24:37+01:00,d241a044-0a06-40c2-9d90-c91fd0a95060,40.99851020119874,21.243798033728062,noise,25
2025-12-25T05:24:37+01:00,d241a044-0a06-40c2-9d90-c91fd0a95060,40.99851020119874,21.243798033728062,noise_dba,37
2025-12-25T05:24:37+01:00,d241a044-0a06-40c2-9d90-c91fd0a95060,40.99851020119874,21.243798033728062,pm10,0
2025-12-25T05:24:37+01:00,d241a044-0a06-40c2-9d90-c91fd0a95060,40.99851020119874,21.243798033728062,pm25,0
2025-12-25T05:24:37+01:00,d241a044-0a06-40c2-9d90-c91fd0a95060,40.99851020119874,21.243798033728062,pressure,890
2025-12-25T05:24:37+01:00,d241a044-0a06-40c2-9d90-c91fd0a95060,40.99851020119874,21.243798033728062,temperature,5
2025-12-25T05:40:09+01:00,d241a044-0a06-40c2-9d90-c91fd0a95060,40.99851020119874,21.243798033728062,gasResistance,349030
2025-12-25T05:40:09+01:00,d241a044-0a06-40c2-9d90-c91fd0a95060,40.99851020119874,21.243798033728062,humidity,79
2025-12-25T05:40:09+01:00,d241a044-0a06-40c2-9d90-c91fd0a95060,40.99851020119874,21.243798033728062,noise,22
2025-12-25T05:40:09+01:00,d241a044-0a06-40c2-9d90-c91fd0a95060,40.99851020119874,21.243798033728062,noise_dba,35
2025-12-25T05:40:09+01:00,d241a044-0a06-40c2-9d90-c91fd0a95060,40.99851020119874,21.243798033728062,pm10,1
2025-12-25T05:40:09+01:00,d241a044-0a06-40c2-9d90-c91fd0a95060,40.99851020119874,21.243798033728062,pm25,0
2025-12-25T05:40:09+01:00,d241a044-0a06-40c2-9d90-c91fd0a95060,40.99851020119874,21.243798033728062,pressure,890
2025-12-25T05:40:09+01:00,d241a044-0a06-40c2-9d90-c91fd0a95060,40.99851020119874,21.243798033728062,temperature,5
2025-12-25T05:55:41+01:00,d241a044-0a06-40c2-9d90-c91fd0a95060,40.99851020119874,21.243798033728062,gasResistance,354668
2025-12-25T05:55:41+01:00,d241a044-0a06-40c2-9d90-c91fd0a95060,40.99851020119874,21.243798033728062,humidity,77
2025-12-25T05:55:41+01:00,d241a044-0a06-40c2-9d90-c91fd0a95060,40.99851020119874,21.243798033728062,noise,25
2025-12-25T05:55:41+01:00,d241a044-0a06-40c2-9d90-c91fd0a95060,40.99851020119874,21.243798033728062,noise_dba,37
2025-12-25T05:55:41+01:00,d241a044-0a06-40c2-9d90-c91fd0a95060,40.99851020119874,21.243798033728062,pm10,0
2025-12-25T05:55:41+01:00,d241a044-0a06-40c2-9d90-c91fd0a95060,40.99851020119874,21.243798033728062,pm25,0
2025-12-25T05:55:41+01:00,d241a044-0a06-40c2-9d90-c91fd0a95060,40.99851020119874,21.243798033728062,pressure,890
2025-12-25T05:55:41+01:00,d241a044-0a06-40c2-9d90-c91fd0a95060,40.99851020119874,21.243798033728062,temperature,5
2025-12-25T06:11:13+01:00,d241a044-0a06-40c2-9d90-c91fd0a95060,40.99851020119874,21.243798033728062,gasResistance,349030
2025-12-25T06:11:13+01:00,d241a044-0a06-40c2-9d90-c91fd0a95060,40.99851020119874,21.243798033728062,humidity,80
2025-12-25T06:11:13+01:00,d241a044-0a06-40c2-9d90-c91fd0a95060,40.99851020119874,21.243798033728062,noise,20
2025-12-25T06:11:13+01:00,d241a044-0a06-40c2-9d90-c91fd0a95060,40.99851020119874,21.243798033728062,noise_dba,34
2025-12-25T06:11:13+01:00,d241a044-0a06-40c2-9d90-c91fd0a95060,40.99851020119874,21.243798033728062,pm10,0
2025-12-25T06:11:13+01:00,d241a044-0a06-40c2-9d90-c91fd0a95060,40.99851020119874,21.243798033728062,pm25,0
2025-12-25T06:11:13+01:00,d241a044-0a06-40c2-9d90-c91fd0a95060,40.99851020119874,21.243798033728062,pressure,891
2025-12-25T06:11:13+01:00,d241a044-0a06-40c2-9d90-c91fd0a95060,40.99851020119874,21.243798033728062,temperature,5
2025-12-25T06:26:44+01:00,d241a044-0a06-40c2-9d90-c91fd0a95060,40.99851020119874,21.243798033728062,gasResistance,333480
2025-12-25T06:26:44+01:00,d241a044-0a06-40c2-9d90-c91fd0a95060,40.99851020119874,21.243798033728062,humidity,77
2025-12-25T06:26:44+01:00,d241a044-0a06-40c2-9d90-c91fd0a95060,40.99851020119874,21.243798033728062,noise,26
2025-12-25T06:26:44+01:00,d241a044-0a06-40c2-9d90-c91fd0a95060,40.99851020119874,21.243798033728062,noise_dba,38
2025-12-25T06:26:44+01:00,d241a044-0a06-40c2-9d90-c91fd0a95060,40.99851020119874,21.243798033728062,pm10,0
2025-12-25T06:26:44+01:00,d241a044-0a06-40c2-9d90-c91fd0a95060,40.99851020119874,21.243798033728062,pm25,0
2025-12-25T06:26:44+01:00,d241a044-0a06-40c2-9d90-c91fd0a95060,40.99851020119874,21.243798033728062,pressure,891
2025-12-25T06:26:44+01:00,d241a044-0a06-40c2-9d90-c91fd0a95060,40.99851020119874,21.243798033728062,temperature,5
2025-12-25T06:42:16+01:00,d241a044-0a06-40c2-9d90-c91fd0a95060,40.99851020119874,21.243798033728062,gasResistance,334156
2025-12-25T06:42:16+01:00,d241a044-0a06-40c2-9d90-c91fd0a95060,40.99851020119874,21.243798033728062,humidity,78
2025-12-25T06:42:16+01:00,d241a044-0a06-40c2-9d90-c91fd0a95060,40.99851020119874,21.243798033728062,noise,22
2025-12-25T06:42:16+01:00,d241a044-0a06-40c2-9d90-c91fd0a95060,40.99851020119874,21.243798033728062,noise_dba,35
2025-12-25T06:42:16+01:00,d241a044-0a06-40c2-9d90-c91fd0a95060,40.99851020119874,21.243798033728062,pm10,0
2025-12-25T06:42:16+01:00,d241a044-0a06-40c2-9d90-c91fd0a95060,40.99851020119874,21.243798033728062,pm25,0
2025-12-25T06:42:16+01:00,d241a044-0a06-40c2-9d90-c91fd0a95060,40.99851020119874,21.243798033728062,pressure,891
2025-12-25T06:42:16+01:00,d241a044-0a06-40c2-9d90-c91fd0a95060,40.99851020119874,21.243798033728062,temperature,5
2025-12-25T06:57:47+01:00,d241a044-0a06-40c2-9d90-c91fd0a95060,40.99851020119874,21.243798033728062,gasResistance,327837
2025-12-25T06:57:47+01:00,d241a044-0a06-40c2-9d90-c91fd0a95060,40.99851020119874,21.243798033728062,humidity,76
2025-12-25T06:57:47+01:00,d241a044-0a06-40c2-9d90-c91fd0a95060,40.99851020119874,21.243798033728062,noise,20
2025-12-25T06:57:47+01:00,d241a044-0a06-40c2-9d90-c91fd0a95060,40.99851020119874,21.243798033728062,noise_dba,34
2025-12-25T06:57:47+01:00,d241a044-0a06-40c2-9d90-c91fd0a95060,40.99851020119874,21.243798033728062,pm10,0
2025-12-25T06:57:47+01:00,d241a044-0a06-40c2-9d90-c91fd0a95060,40.99851020119874,21.243798033728062,pm25,0
2025-12-25T06:57:47+01:00,d241a044-0a06-40c2-9d90-c91fd0a95060,40.99851020119874,21.243798033728062,pressure,891
2025-12-25T06:57:47+01:00,d241a044-0a06-40c2-9d90-c91fd0a95060,40.99851020119874,21.243798033728062,temperature,5
2025-12-25T07:13:19+01:00,d241a044-0a06-40c2-9d90-c91fd0a95060,40.99851020119874,21.243798033728062,gasResistance,318947
2025-12-25T07:13:19+01:00,d241a044-0a06-40c2-9d90-c91fd0a95060,40.99851020119874,21.243798033728062,humidity,79
2025-12-25T07:13:19+01:00,d241a044-0a06-40c2-9d90-c91fd0a95060,40.99851020119874,21.243798033728062,noise,21
2025-12-25T07:13:19+01:00,d241a044-0a06-40c2-9d90-c91fd0a95060,40.99851020119874,21.243798033728062,noise_dba,34
2025-12-25T07:13:19+01:00,d241a044-0a06-40c2-9d90-c91fd0a95060,40.99851020119874,21.243798033728062,pm10,0
2025-12-25T07:13:19+01:00,d241a044-0a06-40c2-9d90-c91fd0a95060,40.99851020119874,21.243798033728062,pm25,0
2025-12-25T07:13:19+01:00,d241a044-0a06-40c2-9d90-c91fd0a95060,40.99851020119874,21.243798033728062,pressure,891
2025-12-25T07:13:19+01:00,d241a044-0a06-40c2-9d90-c91fd0a95060,40.99851020119874,21.243798033728062,temperature,5
2025-12-25T07:28:51+01:00,d241a044-0a06-40c2-9d90-c91fd0a95060,40.99851020119874,21.243798033728062,gasResistance,309070
2025-12-25T07:28:51+01:00,d241a044-0a06-40c2-9d90-c91fd0a95060,40.99851020119874,21.243798033728062,humidity,78
2025-12-25T07:28:51+01:00,d241a044-0a06-40c2-9d90-c91fd0a95060,40.99851020119874,21.243798033728062,noise,28
2025-12-25T07:28:51+01:00,d241a044-0a06-40c2-9d90-c91fd0a95060,40.99851020119874,21.243798033728062,noise_dba,39
2025-12-25T07:28:51+01:00,d241a044-0a06-40c2-9d90-c91fd0a95060,40.99851020119874,21.243798033728062,pm10,1
2025-12-25T07:28:51+01:00,d241a044-0a06-40c2-9d90-c91fd0a95060,40.99851020119874,21.243798033728062,pm25,0
2025-12-25T07:28:51+01:00,d241a044-0a06-40c2-9d90-c91fd0a95060,40.99851020119874,21.243798033728062,pressure,891
2025-12-25T07:28:51+01:00,d241a044-0a06-40c2-9d90-c91fd0a95060,40.99851020119874,21.243798033728062,temperature,5
2025-12-25T07:44:23+01:00,d241a044-0a06-40c2-9d90-c91fd0a95060,40.99851020119874,21.243798033728062,gasResistance,318023
2025-12-25T07:44:23+01:00,d241a044-0a06-40c2-9d90-c91fd0a95060,40.99851020119874,21.243798033728062,humidity,77
2025-12-25T07:44:23+01:00,d241a044-0a06-40c2-9d90-c91fd0a95060,40.99851020119874,21.243798033728062,noise,25
2025-12-25T07:44:23+01:00,d241a044-0a06-40c2-9d90-c91fd0a95060,40.99851020119874,21.243798033728062,noise_dba,37
2025-12-25T07:44:23+01:00,d241a044-0a06-40c2-9d90-c91fd0a95060,40.99851020119874,21.243798033728062,pm10,0
2025-12-25T07:44:23+01:00,d241a044-0a06-40c2-9d90-c91fd0a95060,40.99851020119874,21.243798033728062,pm25,0
2025-12-25T07:44:23+01:00,d241a044-0a06-40c2-9d90-c91fd0a95060,40.99851020119874,21.243798033728062,pressure,891
2025-12-25T07:44:23+01:00,d241a044-0a06-40c2-9d90-c91fd0a95060,40.99851020119874,21.243798033728062,temperature,5
2025-12-25T07:59:55+01:00,d241a044-0a06-40c2-9d90-c91fd0a95060,40.99851020119874,21.243798033728062,gasResistance,326213
2025-12-25T07:59:55+01:00,d241a044-0a06-40c2-9d90-c91fd0a95060,40.99851020119874,21.243798033728062,humidity,75
2025-12-25T07:59:55+01:00,d241a044-0a06-40c2-9d90-c91fd0a95060,40.99851020119874,21.243798033728062,noise,21
2025-12-25T07:59:55+01:00,d241a044-0a06-40c2-9d90-c91fd0a95060,40.99851020119874,21.243798033728062,noise_dba,34
2025-12-25T07:59:55+01:00,d241a044-0a06-40c2-9d90-c91fd0a95060,40.99851020119874,21.243798033728062,pm10,0
2025-12-25T07:59:55+01:00,d241a044-0a06-40c2-9d90-c91fd0a95060,40.99851020119874,21.243798033728062,pm25,0
2025-12-25T07:59:55+01:00,d241a044-0a06-40c2-9d90-c91fd0a95060,40.99851020119874,21.243798033728062,pressure,892
2025-12-25T07:59:55+01:00,d241a044-0a06-40c2-9d90-c91fd0a95060,40.99851020119874,21.243798033728062,temperature,6
2025-12-25T08:15:26+01:00,d241a044-0a06-40c2-9d90-c91fd0a95060,40.99851020119874,21.243798033728062,gasResistance,338623
2025-12-25T08:15:26+01:00,d241a044-0a06-40c2-9d90-c91fd0a95060,40.99851020119874,21.243798033728062,humidity,78
2025-12-25T08:15:26+01:00,d241a044-0a06-40c2-9d90-c91fd0a95060,40.99851020119874,21.243798033728062,noise,31
2025-12-25T08:15:26+01:00,d241a044-0a06-40c2-9d90-c91fd0a95060,40.99851020119874,21.243798033728062,noise_dba,41
2025-12-25T08:15:26+01:00,d241a044-0a06-40c2-9d90-c91fd0a95060,40.99851020119874,21.243798033728062,pm10,0
2025-12-25T08:15:26+01:00,d241a044-0a06-40c2-9d90-c91fd0a95060,40.99851020119874,21.243798033728062,pm25,0
2025-12-25T08:15:26+01:00,d241a044-0a06-40c2-9d90-c91fd0a95060,40.99851020119874,21.243798033728062,pressure,892
2025-12-25T08:15:26+01:00,d241a044-0a06-40c2-9d90-c91fd0a95060,40.99851020119874,21.243798033728062,temperature,6
2025-12-25T08:30:58+01:00,d241a044-0a06-40c2-9d90-c91fd0a95060,40.99851020119874,21.243798033728062,gasResistance,345008
2025-12-25T08:30:58+01:00,d241a044-0a06-40c2-9d90-c91fd0a95060,40.99851020119874,21.243798033728062,humidity,76
2025-12-25T08:30:58+01:00,d241a044-0a06-40c2-9d90-c91fd0a95060,40.99851020119874,21.243798033728062,noise,20
2025-12-25T08:30:58+01:00,d241a044-0a06-40c2-9d90-c91fd0a95060,40.99851020119874,21.243798033728062,noise_dba,34
2025-12-25T08:30:58+01:00,d241a044-0a06-40c2-9d90-c91fd0a95060,40.99851020119874,21.243798033728062,pm10,0
2025-12-25T08:30:58+01:00,d241a044-0a06-40c2-9d90-c91fd0a95060,40.99851020119874,21.243798033728062,pm25,0
2025-12-25T08:30:58+01:00,d241a044-0a06-40c2-9d90-c91fd0a95060,40.99851020119874,21.243798033728062,pressure,892
2025-12-25T08:30:58+01:00,d241a044-0a06-40c2-9d90-c91fd0a95060,40.99851020119874,21.243798033728062,temperature,6
2025-12-25T08:46:29+01:00,d241a044-0a06-40c2-9d90-c91fd0a95060,40.99851020119874,21.243798033728062,gasResistance,359704
2025-12-25T08:46:29+01:00,d241a044-0a06-40c2-9d90-c91fd0a95060,40.99851020119874,21.243798033728062,humidity,75
2025-12-25T08:46:29+01:00,d241a044-0a06-40c2-9d90-c91fd0a95060,40.99851020119874,21.243798033728062,noise,32
2025-12-25T08:46:29+01:00,d241a044-0a06-40c2-9d90-c91fd0a95060,40.99851020119874,21.243798033728062,noise_dba,41
2025-12-25T08:46:29+01:00,d241a044-0a06-40c2-9d90-c91fd0a95060,40.99851020119874,21.243798033728062,pm10,0
2025-12-25T08:46:29+01:00,d241a044-0a06-40c2-9d90-c91fd0a95060,40.99851020119874,21.243798033728062,pm25,0
2025-12-25T08:46:29+01:00,d241a044-0a06-40c2-9d90-c91fd0a95060,40.99851020119874,21.243798033728062,pressure,892
2025-12-25T08:46:29+01:00,d241a044-0a06-40c2-9d90-c91fd0a95060,40.99851020119874,21.243798033728062,temperature,6
2025-12-25T09:02:01+01:00,d241a044-0a06-40c2-9d90-c91fd0a95060,40.99851020119874,21.243798033728062,gasResistance,381820
2025-12-25T09:02:01+01:00,d241a044-0a06-40c2-9d90-c91fd0a95060,40.99851020119874,21.243798033728062,humidity,70
2025-12-25T09:02:01+01:00,d241a044-0a06-40c2-9d90-c91fd0a95060,40.99851020119874,21.243798033728062,noise,26
2025-12-25T09:02:01+01:00,d241a044-0a06-40c2-9d90-c91fd0a95060,40.99851020119874,21.243798033728062,noise_dba,38
2025-12-25T09:02:01+01:00,d241a044-0a06-40c2-9d90-c91fd0a95060,40.99851020119874,21.243798033728062,pm10,0
2025-12-25T09:02:01+01:00,d241a044-0a06-40c2-9d90-c91fd0a95060,40.99851020119874,21.243798033728062,pm25,0
2025-12-25T09:02:01+01:00,d241a044-0a06-40c2-9d90-c91fd0a95060,40.99851020119874,21.243798033728062,pressure,892
2025-12-25T09:02:01+01:00,d241a044-0a06-40c2-9d90-c91fd0a95060,40.99851020119874,21.243798033728062,temperature,6
2025-12-25T09:17:33+01:00,d241a044-0a06-40c2-9d90-c91fd0a95060,40.99851020119874,21.243798033728062,gasResistance,419118
2025-12-25T09:17:33+01:00,d241a044-0a06-40c2-9d90-c91fd0a95060,40.99851020119874,21.243798033728062,humidity,69
2025-12-25T09:17:33+01:00,d241a044-0a06-40c2-9d90-c91fd0a95060,40.99851020119874,21.243798033728062,noise,26
2025-12-25T09:17:33+01:00,d241a044-0a06-40c2-9d90-c91fd0a95060,40.99851020119874,21.243798033728062,noise_dba,38
2025-12-25T09:17:33+01:00,d241a044-0a06-40c2-9d90-c91fd0a95060,40.99851020119874,21.243798033728062,pm10,0
2025-12-25T09:17:33+01:00,d241a044-0a06-40c2-9d90-c91fd0a95060,40.99851020119874,21.243798033728062,pm25,0
2025-12-25T09:17:33+01:00,d241a044-0a06-40c2-9d90-c91fd0a95060,40.99851020119874,21.243798033728062,pressure,892
2025-12-25T09:17:33+01:00,d241a044-0a06-40c2-9d90-c91fd0a95060,40.99851020119874,21.243798033728062,temperature,7
2025-12-25T09:33:04+01:00,d241a044-0a06-40c2-9d90-c91fd0a95060,40.99851020119874,21.243798033728062,gasResistance,416509
2025-12-25T09:33:04+01:00,d241a044-0a06-40c2-9d90-c91fd0a95060,40.99851020119874,21.243798033728062,humidity,74
2025-12-25T09:33:04+01:00,d241a044-0a06-40c2-9d90-c91fd0a95060,40.99851020119874,21.243798033728062,noise,21
2025-12-25T09:33:04+01:00,d241a044-0a06-40c2-9d90-c91fd0a95060,40.99851020119874,21.243798033728062,noise_dba,34
2025-12-25T09:33:04+01:00,d241a044-0a06-40c2-9d90-c91fd0a95060,40.99851020119874,21.243798033728062,pm10,4
2025-12-25T09:33:04+01:00,d241a044-0a06-40c2-9d90-c91fd0a95060,40.99851020119874,21.243798033728062,pm25,3
2025-12-25T09:33:04+01:00,d241a044-0a06-40c2-9d90-c91fd0a95060,40.99851020119874,21.243798033728062,pressure,893
2025-12-25T09:33:04+01:00,d241a044-0a06-40c2-9d90-c91fd0a95060,40.99851020119874,21.243798033728062,temperature,7
2025-12-25T09:48:36+01:00,d241a044-0a06-40c2-9d90-c91fd0a95060,40.99851020119874,21.243798033728062,gasResistance,401037
2025-12-25T09:48:36+01:00,d241a044-0a06-40c2-9d90-c91fd0a95060,40.99851020119874,21.243798033728062,humidity,73
2025-12-25T09:48:36+01:00,d241a044-0a06-40c2-9d90-c91fd0a95060,40.99851020119874,21.243798033728062,noise,27
2025-12-25T09:48:36+01:00,d241a044-0a06-40c2-9d90-c91fd0a95060,40.99851020119874,21.243798033728062,noise_dba,38
2025-12-25T09:48:36+01:00,d241a044-0a06-40c2-9d90-c91fd0a95060,40.99851020119874,21.243798033728062,pm10,1
2025-12-25T09:48:36+01:00,d241a044-0a06-40c2-9d90-c91fd0a95060,40.99851020119874,21.243798033728062,pm25,1
2025-12-25T09:48:36+01:00,d241a044-0a06-40c2-9d90-c91fd0a95060,40.99851020119874,21.243798033728062,pressure,893
2025-12-25T09:48:36+01:00,d241a044-0a06-40c2-9d90-c91fd0a95060,40.99851020119874,21.243798033728062,temperature,7
2025-12-25T10:04:07+01:00,d241a044-0a06-40c2-9d90-c91fd0a95060,40.99851020119874,21.243798033728062,gasResistance,404429
2025-12-25T10:04:07+01:00,d241a044-0a06-40c2-9d90-c91fd0a95060,40.99851020119874,21.243798033728062,humidity,73
2025-12-25T10:04:07+01:00,d241a044-0a06-40c2-9d90-c91fd0a95060,40.99851020119874,21.243798033728062,noise,20
2025-12-25T10:04:07+01:00,d241a044-0a06-40c2-9d90-c91fd0a95060,40.99851020119874,21.243798033728062,noise_dba,34
2025-12-25T10:04:07+01:00,d241a044-0a06-40c2-9d90-c91fd0a95060,40.99851020119874,21.243798033728062,pm10,2
2025-12-25T10:04:07+01:00,d241a044-0a06-40c2-9d90-c91fd0a95060,40.99851020119874,21.243798033728062,pm25,1
2025-12-25T10:04:07+01:00,d241a044-0a06-40c2-9d90-c91fd0a95060,40.99851020119874,21.243798033728062,pressure,893
2025-12-25T10:04:07+01:00,d241a044-0a06-40c2-9d90-c91fd0a95060,40.99851020119874,21.243798033728062,temperature,7
2025-12-25T10:19:39+01:00,d241a044-0a06-40c2-9d90-c91fd0a95060,40.99851020119874,21.243798033728062,gasResistance,408128
2025-12-25T10:19:39+01:00,d241a044-0a06-40c2-9d90-c91fd0a95060,40.99851020119874,21.243798033728062,humidity,71
2025-12-25T10:19:39+01:00,d241a044-0a06-40c2-9d90-c91fd0a95060,40.99851020119874,21.243798033728062,noise,20
2025-12-25T10:19:39+01:00,d241a044-0a06-40c2-9d90-c91fd0a95060,40.99851020119874,21.243798033728062,noise_dba,34
2025-12-25T10:19:39+01:00,d241a044-0a06-40c2-9d90-c91fd0a95060,40.99851020119874,21.243798033728062,pm10,1
2025-12-25T10:19:39+01:00,d241a044-0a06-40c2-9d90-c91fd0a95060,40.99851020119874,21.243798033728062,pm25,0
2025-12-25T10:19:39+01:00,d241a044-0a06-40c2-9d90-c91fd0a95060,40.99851020119874,21.243798033728062,pressure,893
2025-12-25T10:19:39+01:00,d241a044-0a06-40c2-9d90-c91fd0a95060,40.99851020119874,21.243798033728062,temperature,7
2025-12-25T10:35:11+01:00,d241a044-0a06-40c2-9d90-c91fd0a95060,40.99851020119874,21.243798033728062,gasResistance,416509
2025-12-25T10:35:11+01:00,d241a044-0a06-40c2-9d90-c91fd0a95060,40.99851020119874,21.243798033728062,humidity,71
2025-12-25T10:35:11+01:00,d241a044-0a06-40c2-9d90-c91fd0a95060,40.99851020119874,21.243798033728062,noise,19
2025-12-25T10:35:11+01:00,d241a044-0a06-40c2-9d90-c91fd0a95060,40.99851020119874,21.243798033728062,noise_dba,33
2025-12-25T10:35:11+01:00,d241a044-0a06-40c2-9d90-c91fd0a95060,40.99851020119874,21.243798033728062,pm10,0
2025-12-25T10:35:11+01:00,d241a044-0a06-40c2-9d90-c91fd0a95060,40.99851020119874,21.243798033728062,pm25,0
2025-12-25T10:35:11+01:00,d241a044-0a06-40c2-9d90-c91fd0a95060,40.99851020119874,21.243798033728062,pressure,893
2025-12-25T10:35:11+01:00,d241a044-0a06-40c2-9d90-c91fd0a95060,40.99851020119874,21.243798033728062,temperature,7
2025-12-25T10:50:42+01:00,d241a044-0a06-40c2-9d90-c91fd0a95060,40.99851020119874,21.243798033728062,gasResistance,415733
2025-12-25T10:50:42+01:00,d241a044-0a06-40c2-9d90-c91fd0a95060,40.99851020119874,21.243798033728062,humidity,72
2025-12-25T10:50:42+01:00,d241a044-0a06-40c2-9d90-c91fd0a95060,40.99851020119874,21.243798033728062,noise,21
2025-12-25T10:50:42+01:00,d241a044-0a06-40c2-9d90-c91fd0a95060,40.99851020119874,21.243798033728062,noise_dba,34
2025-12-25T10:50:42+01:00,d241a044-0a06-40c2-9d90-c91fd0a95060,40.99851020119874,21.243798033728062,pm10,1
2025-12-25T10:50:42+01:00,d241a044-0a06-40c2-9d90-c91fd0a95060,40.99851020119874,21.243798033728062,pm25,0
2025-12-25T10:50:42+01:00,d241a044-0a06-40c2-9d90-c91fd0a95060,40.99851020119874,21.243798033728062,pressure,893
2025-12-25T10:50:42+01:00,d241a044-0a06-40c2-9d90-c91fd0a95060,40.99851020119874,21.243798033728062,temperature,7
2025-12-25T11:06:14+01:00,d241a044-0a06-40c2-9d90-c91fd0a95060,40.99851020119874,21.243798033728062,gasResistance,419118
2025-12-25T11:06:14+01:00,d241a044-0a06-40c2-9d90-c91fd0a95060,40.99851020119874,21.243798033728062,humidity,73
2025-12-25T11:06:14+01:00,d241a044-0a06-40c2-9d90-c91fd0a95060,40.99851020119874,21.243798033728062,noise,19
2025-12-25T11:06:14+01:00,d241a044-0a06-40c2-9d90-c91fd0a95060,40.99851020119874,21.243798033728062,noise_dba,33
2025-12-25T11:06:14+01:00,d241a044-0a06-40c2-9d90-c91fd0a95060,40.99851020119874,21.243798033728062,pm10,1
2025-12-25T11:06:14+01:00,d241a044-0a06-40c2-9d90-c91fd0a95060,40.99851020119874,21.243798033728062,pm25,1
2025-12-25T11:06:14+01:00,d241a044-0a06-40c2-9d90-c91fd0a95060,40.99851020119874,21.243798033728062,pressure,893
2025-12-25T11:06:14+01:00,d241a044-0a06-40c2-9d90-c91fd0a95060,40.99851020119874,21.243798033728062,temperature,7
2025-12-25T11:21:46+01:00,d241a044-0a06-40c2-9d90-c91fd0a95060,40.99851020119874,21.243798033728062,gasResistance,413422
2025-12-25T11:21:46+01:00,d241a044-0a06-40c2-9d90-c91fd0a95060,40.99851020119874,21.243798033728062,humidity,73
2025-12-25T11:21:46+01:00,d241a044-0a06-40c2-9d90-c91fd0a95060,40.99851020119874,21.243798033728062,noise,19
2025-12-25T11:21:46+01:00,d241a044-0a06-40c2-9d90-c91fd0a95060,40.99851020119874,21.243798033728062,noise_dba,33
2025-12-25T11:21:46+01:00,d241a044-0a06-40c2-9d90-c91fd0a95060,40.99851020119874,21.243798033728062,pm10,2
2025-12-25T11:21:46+01:00,d241a044-0a06-40c2-9d90-c91fd0a95060,40.99851020119874,21.243798033728062,pm25,1
2025-12-25T11:21:46+01:00,d241a044-0a06-40c2-9d90-c91fd0a95060,40.99851020119874,21.243798033728062,pressure,893
2025-12-25T11:21:46+01:00,d241a044-0a06-40c2-9d90-c91fd0a95060,40.99851020119874,21.243798033728062,temperature,7
2025-12-25T11:53:01+01:00,d241a044-0a06-40c2-9d90-c91fd0a95060,40.99851020119874,21.243798033728062,gasResistance,0
2025-12-25T11:53:01+01:00,d241a044-0a06-40c2-9d90-c91fd0a95060,40.99851020119874,21.243798033728062,humidity,72
2025-12-25T11:53:01+01:00,d241a044-0a06-40c2-9d90-c91fd0a95060,40.99851020119874,21.243798033728062,noise,21
2025-12-25T11:53:01+01:00,d241a044-0a06-40c2-9d90-c91fd0a95060,40.99851020119874,21.243798033728062,noise_dba,34
2025-12-25T11:53:01+01:00,d241a044-0a06-40c2-9d90-c91fd0a95060,40.99851020119874,21.243798033728062,pm10,3
2025-12-25T11:53:01+01:00,d241a044-0a06-40c2-9d90-c91fd0a95060,40.99851020119874,21.243798033728062,pm25,2
2025-12-25T11:53:01+01:00,d241a044-0a06-40c2-9d90-c91fd0a95060,40.99851020119874,21.243798033728062,pressure,892
2025-12-25T11:53:01+01:00,d241a044-0a06-40c2-9d90-c91fd0a95060,40.99851020119874,21.243798033728062,temperature,7
2025-12-25T12:08:33+01:00,d241a044-0a06-40c2-9d90-c91fd0a95060,40.99851020119874,21.243798033728062,gasResistance,441802
2025-12-25T12:08:33+01:00,d241a044-0a06-40c2-9d90-c91fd0a95060,40.99851020119874,21.243798033728062,humidity,72
2025-12-25T12:08:33+01:00,d241a044-0a06-40c2-9d90-c91fd0a95060,40.99851020119874,21.243798033728062,noise,24
2025-12-25T12:08:33+01:00,d241a044-0a06-40c2-9d90-c91fd0a95060,40.99851020119874,21.243798033728062,noise_dba,36
2025-12-25T12:08:33+01:00,d241a044-0a06-40c2-9d90-c91fd0a95060,40.99851020119874,21.243798033728062,pm10,2
2025-12-25T12:08:33+01:00,d241a044-0a06-40c2-9d90-c91fd0a95060,40.99851020119874,21.243798033728062,pm25,2
2025-12-25T12:08:33+01:00,d241a044-0a06-40c2-9d90-c91fd0a95060,40.99851020119874,21.243798033728062,pressure,892
2025-12-25T12:08:33+01:00,d241a044-0a06-40c2-9d90-c91fd0a95060,40.99851020119874,21.243798033728062,temperature,7
2025-12-25T12:24:04+01:00,d241a044-0a06-40c2-9d90-c91fd0a95060,40.99851020119874,21.243798033728062,gasResistance,426597
2025-12-25T12:24:04+01:00,d241a044-0a06-40c2-9d90-c91fd0a95060,40.99851020119874,21.243798033728062,humidity,72
2025-12-25T12:24:04+01:00,d241a044-0a06-40c2-9d90-c91fd0a95060,40.99851020119874,21.243798033728062,noise,20
2025-12-25T12:24:04+01:00,d241a044-0a06-40c2-9d90-c91fd0a95060,40.99851020119874,21.243798033728062,noise_dba,34
2025-12-25T12:24:04+01:00,d241a044-0a06-40c2-9d90-c91fd0a95060,40.99851020119874,21.243798033728062,pm10,2
2025-12-25T12:24:04+01:00,d241a044-0a06-40c2-9d90-c91fd0a95060,40.99851020119874,21.243798033728062,pm25,2
2025-12-25T12:24:04+01:00,d241a044-0a06-40c2-9d90-c91fd0a95060,40.99851020119874,21.243798033728062,pressure,892
2025-12-25T12:24:04+01:00,d241a044-0a06-40c2-9d90-c91fd0a95060,40.99851020119874,21.243798033728062,temperature,7
2025-12-25T12:39:36+01:00,d241a044-0a06-40c2-9d90-c91fd0a95060,40.99851020119874,21.243798033728062,gasResistance,429333
2025-12-25T12:39:36+01:00,d241a044-0a06-40c2-9d90-c91fd0a95060,40.99851020119874,21.243798033728062,humidity,71
2025-12-25T12:39:36+01:00,d241a044-0a06-40c2-9d90-c91fd0a95060,40.99851020119874,21.243798033728062,noise,19
2025-12-25T12:39:36+01:00,d241a044-0a06-40c2-9d90-c91fd0a95060,40.99851020119874,21.243798033728062,noise_dba,33
2025-12-25T12:39:36+01:00,d241a044-0a06-40c2-9d90-c91fd0a95060,40.99851020119874,21.243798033728062,pm10,2
2025-12-25T12:39:36+01:00,d241a044-0a06-40c2-9d90-c91fd0a95060,40.99851020119874,21.243798033728062,pm25,2
2025-12-25T12:39:36+01:00,d241a044-0a06-40c2-9d90-c91fd0a95060,40.99851020119874,21.243798033728062,pressure,892
2025-12-25T12:39:36+01:00,d241a044-0a06-40c2-9d90-c91fd0a95060,40.99851020119874,21.243798033728062,temperature,7
2025-12-25T12:55:08+01:00,d241a044-0a06-40c2-9d90-c91fd0a95060,40.99851020119874,21.243798033728062,gasResistance,421493
2025-12-25T12:55:08+01:00,d241a044-0a06-40c2-9d90-c91fd0a95060,40.99851020119874,21.243798033728062,humidity,72
2025-12-25T12:55:08+01:00,d241a044-0a06-40c2-9d90-c91fd0a95060,40.99851020119874,21.243798033728062,noise,19
2025-12-25T12:55:08+01:00,d241a044-0a06-40c2-9d90-c91fd0a95060,40.99851020119874,21.243798033728062,noise_dba,33
2025-12-25T12:55:08+01:00,d241a044-0a06-40c2-9d90-c91fd0a95060,40.99851020119874,21.243798033728062,pm10,2
2025-12-25T12:55:08+01:00,d241a044-0a06-40c2-9d90-c91fd0a95060,40.99851020119874,21.243798033728062,pm25,2
2025-12-25T12:55:08+01:00,d241a044-0a06-40c2-9d90-c91fd0a95060,40.99851020119874,21.243798033728062,pressure,892
2025-12-25T12:55:08+01:00,d241a044-0a06-40c2-9d90-c91fd0a95060,40.99851020119874,21.243798033728062,temperature,7
2025-12-25T13:10:40+01:00,d241a044-0a06-40c2-9d90-c91fd0a95060,40.99851020119874,21.243798033728062,gasResistance,420963
2025-12-25T13:10:40+01:00,d241a044-0a06-40c2-9d90-c91fd0a95060,40.99851020119874,21.243798033728062,humidity,71
2025-12-25T13:10:40+01:00,d241a044-0a06-40c2-9d90-c91fd0a95060,40.99851020119874,21.243798033728062,noise,19
2025-12-25T13:10:40+01:00,d241a044-0a06-40c2-9d90-c91fd0a95060,40.99851020119874,21.243798033728062,noise_dba,33
2025-12-25T13:10:40+01:00,d241a044-0a06-40c2-9d90-c91fd0a95060,40.99851020119874,21.243798033728062,pm10,2
2025-12-25T13:10:40+01:00,d241a044-0a06-40c2-9d90-c91fd0a95060,40.99851020119874,21.243798033728062,pm25,1
2025-12-25T13:10:40+01:00,d241a044-0a06-40c2-9d90-c91fd0a95060,40.99851020119874,21.243798033728062,pressure,892
2025-12-25T13:10:40+01:00,d241a044-0a06-40c2-9d90-c91fd0a95060,40.99851020119874,21.243798033728062,temperature,7
2025-12-25T13:26:12+01:00,d241a044-0a06-40c2-9d90-c91fd0a95060,40.99851020119874,21.243798033728062,gasResistance,407631
2025-12-25T13:26:12+01:00,d241a044-0a06-40c2-9d90-c91fd0a95060,40.99851020119874,21.243798033728062,humidity,72
2025-12-25T13:26:12+01:00,d241a044-0a06-40c2-9d90-c91fd0a95060,40.99851020119874,21.243798033728062,noise,24
2025-12-25T13:26:12+01:00,d241a044-0a06-40c2-9d90-c91fd0a95060,40.99851020119874,21.243798033728062,noise_dba,36
2025-12-25T13:26:12+01:00,d241a044-0a06-40c2-9d90-c91fd0a95060,40.99851020119874,21.243798033728062,pm10,2
2025-12-25T13:26:12+01:00,d241a044-0a06-40c2-9d90-c91fd0a95060,40.99851020119874,21.243798033728062,pm25,1
2025-12-25T13:26:12+01:00,d241a044-0a06-40c2-9d90-c91fd0a95060,40.99851020119874,21.243798033728062,pressure,892
2025-12-25T13:26:12+01:00,d241a044-0a06-40c2-9d90-c91fd0a95060,40.99851020119874,21.243798033728062,temperature,7
2025-12-25T13:41:44+01:00,d241a044-0a06-40c2-9d90-c91fd0a95060,40.99851020119874,21.243798033728062,gasResistance,418593
2025-12-25T13:41:44+01:00,d241a044-0a06-40c2-9d90-c91fd0a95060,40.99851020119874,21.243798033728062,humidity,70
2025-12-25T13:41:44+01:00,d241a044-0a06-40c2-9d90-c91fd0a95060,40.99851020119874,21.243798033728062,noise,19
2025-12-25T13:41:44+01:00,d241a044-0a06-40c2-9d90-c91fd0a95060,40.99851020119874,21.243798033728062,noise_dba,33
2025-12-25T13:41:44+01:00,d241a044-0a06-40c2-9d90-c91fd0a95060,40.99851020119874,21.243798033728062,pm10,2
2025-12-25T13:41:44+01:00,d241a044-0a06-40c2-9d90-c91fd0a95060,40.99851020119874,21.243798033728062,pm25,2
2025-12-25T13:41:44+01:00,d241a044-0a06-40c2-9d90-c91fd0a95060,40.99851020119874,21.243798033728062,pressure,892
2025-12-25T13:41:44+01:00,d241a044-0a06-40c2-9d90-c91fd0a95060,40.99851020119874,21.243798033728062,temperature,7
2025-12-25T13:57:15+01:00,d241a044-0a06-40c2-9d90-c91fd0a95060,40.99851020119874,21.243798033728062,gasResistance,419118
2025-12-25T13:57:15+01:00,d241a044-0a06-40c2-9d90-c91fd0a95060,40.99851020119874,21.243798033728062,humidity,70
2025-12-25T13:57:15+01:00,d241a044-0a06-40c2-9d90-c91fd0a95060,40.99851020119874,21.243798033728062,noise,19
2025-12-25T13:57:15+01:00,d241a044-0a06-40c2-9d90-c91fd0a95060,40.99851020119874,21.243798033728062,noise_dba,33
2025-12-25T13:57:15+01:00,d241a044-0a06-40c2-9d90-c91fd0a95060,40.99851020119874,21.243798033728062,pm10,1
2025-12-25T13:57:15+01:00,d241a044-0a06-40c2-9d90-c91fd0a95060,40.99851020119874,21.243798033728062,pm25,1
2025-12-25T13:57:15+01:00,d241a044-0a06-40c2-9d90-c91fd0a95060,40.99851020119874,21.243798033728062,pressure,892
2025-12-25T13:57:15+01:00,d241a044-0a06-40c2-9d90-c91fd0a95060,40.99851020119874,21.243798033728062,temperature,7
2025-12-25T14:12:46+01:00,d241a044-0a06-40c2-9d90-c91fd0a95060,40.99851020119874,21.243798033728062,gasResistance,430161
2025-12-25T14:12:46+01:00,d241a044-0a06-40c2-9d90-c91fd0a95060,40.99851020119874,21.243798033728062,humidity,69
2025-12-25T14:12:46+01:00,d241a044-0a06-40c2-9d90-c91fd0a95060,40.99851020119874,21.243798033728062,noise,21
2025-12-25T14:12:46+01:00,d241a044-0a06-40c2-9d90-c91fd0a95060,40.99851020119874,21.243798033728062,noise_dba,34
2025-12-25T14:12:46+01:00,d241a044-0a06-40c2-9d90-c91fd0a95060,40.99851020119874,21.243798033728062,pm10,1
2025-12-25T14:12:46+01:00,d241a044-0a06-40c2-9d90-c91fd0a95060,40.99851020119874,21.243798033728062,pm25,1
2025-12-25T14:12:46+01:00,d241a044-0a06-40c2-9d90-c91fd0a95060,40.99851020119874,21.243798033728062,pressure,892
2025-12-25T14:12:46+01:00,d241a044-0a06-40c2-9d90-c91fd0a95060,40.99851020119874,21.243798033728062,temperature,7
2025-12-25T14:28:18+01:00,d241a044-0a06-40c2-9d90-c91fd0a95060,40.99851020119874,21.243798033728062,gasResistance,434348
2025-12-25T14:28:18+01:00,d241a044-0a06-40c2-9d90-c91fd0a95060,40.99851020119874,21.243798033728062,humidity,69
2025-12-25T14:28:18+01:00,d241a044-0a06-40c2-9d90-c91fd0a95060,40.99851020119874,21.243798033728062,noise,23
2025-12-25T14:28:18+01:00,d241a044-0a06-40c2-9d90-c91fd0a95060,40.99851020119874,21.243798033728062,noise_dba,36
2025-12-25T14:28:18+01:00,d241a044-0a06-40c2-9d90-c91fd0a95060,40.99851020119874,21.243798033728062,pm10,1
2025-12-25T14:28:18+01:00,d241a044-0a06-40c2-9d90-c91fd0a95060,40.99851020119874,21.243798033728062,pm25,1
2025-12-25T14:28:18+01:00,d241a044-0a06-40c2-9d90-c91fd0a95060,40.99851020119874,21.243798033728062,pressure,893
2025-12-25T14:28:18+01:00,d241a044-0a06-40c2-9d90-c91fd0a95060,40.99851020119874,21.243798033728062,temperature,7
2025-12-25T14:43:50+01:00,d241a044-0a06-40c2-9d90-c91fd0a95060,40.99851020119874,21.243798033728062,gasResistance,427961
2025-12-25T14:43:50+01:00,d241a044-0a06-40c2-9d90-c91fd0a95060,40.99851020119874,21.243798033728062,humidity,70
2025-12-25T14:43:50+01:00,d241a044-0a06-40c2-9d90-c91fd0a95060,40.99851020119874,21.243798033728062,noise,29
2025-12-25T14:43:50+01:00,d241a044-0a06-40c2-9d90-c91fd0a95060,40.99851020119874,21.243798033728062,noise_dba,40
2025-12-25T14:43:50+01:00,d241a044-0a06-40c2-9d90-c91fd0a95060,40.99851020119874,21.243798033728062,pm10,2
2025-12-25T14:43:50+01:00,d241a044-0a06-40c2-9d90-c91fd0a95060,40.99851020119874,21.243798033728062,pm25,1
2025-12-25T14:43:50+01:00,d241a044-0a06-40c2-9d90-c91fd0a95060,40.99851020119874,21.243798033728062,pressure,893
2025-12-25T14:43:50+01:00,d241a044-0a06-40c2-9d90-c91fd0a95060,40.99851020119874,21.243798033728062,temperature,7
2025-12-25T14:59:21+01:00,d241a044-0a06-40c2-9d90-c91fd0a95060,40.99851020119874,21.243798033728062,gasResistance,431548
2025-12-25T14:59:21+01:00,d241a044-0a06-40c2-9d90-c91fd0a95060,40.99851020119874,21.243798033728062,humidity,71
2025-12-25T14:59:21+01:00,d241a044-0a06-40c2-9d90-c91fd0a95060,40.99851020119874,21.243798033728062,noise,29
2025-12-25T14:59:21+01:00,d241a044-0a06-40c2-9d90-c91fd0a95060,40.99851020119874,21.243798033728062,noise_dba,40
2025-12-25T14:59:21+01:00,d241a044-0a06-40c2-9d90-c91fd0a95060,40.99851020119874,21.243798033728062,pm10,1
2025-12-25T14:59:21+01:00,d241a044-0a06-40c2-9d90-c91fd0a95060,40.99851020119874,21.243798033728062,pm25,1
2025-12-25T14:59:21+01:00,d241a044-0a06-40c2-9d90-c91fd0a95060,40.99851020119874,21.243798033728062,pressure,893
2025-12-25T14:59:21+01:00,d241a044-0a06-40c2-9d90-c91fd0a95060,40.99851020119874,21.243798033728062,temperature,7
2025-12-25T15:14:57+01:00,d241a044-0a06-40c2-9d90-c91fd0a95060,40.99851020119874,21.243798033728062,gasResistance,418070
2025-12-25T15:14:57+01:00,d241a044-0a06-40c2-9d90-c91fd0a95060,40.99851020119874,21.243798033728062,humidity,71
2025-12-25T15:14:57+01:00,d241a044-0a06-40c2-9d90-c91fd0a95060,40.99851020119874,21.243798033728062,noise,20
2025-12-25T15:14:57+01:00,d241a044-0a06-40c2-9d90-c91fd0a95060,40.99851020119874,21.243798033728062,noise_dba,34
2025-12-25T15:14:57+01:00,d241a044-0a06-40c2-9d90-c91fd0a95060,40.99851020119874,21.243798033728062,pm10,1
2025-12-25T15:14:57+01:00,d241a044-0a06-40c2-9d90-c91fd0a95060,40.99851020119874,21.243798033728062,pm25,1
2025-12-25T15:14:57+01:00,d241a044-0a06-40c2-9d90-c91fd0a95060,40.99851020119874,21.243798033728062,pressure,893
2025-12-25T15:14:57+01:00,d241a044-0a06-40c2-9d90-c91fd0a95060,40.99851020119874,21.243798033728062,temperature,7
2025-12-25T15:30:28+01:00,d241a044-0a06-40c2-9d90-c91fd0a95060,40.99851020119874,21.243798033728062,gasResistance,411389
2025-12-25T15:30:28+01:00,d241a044-0a06-40c2-9d90-c91fd0a95060,40.99851020119874,21.243798033728062,humidity,72
2025-12-25T15:30:28+01:00,d241a044-0a06-40c2-9d90-c91fd0a95060,40.99851020119874,21.243798033728062,noise,21
2025-12-25T15:30:28+01:00,d241a044-0a06-40c2-9d90-c91fd0a95060,40.99851020119874,21.243798033728062,noise_dba,34
2025-12-25T15:30:28+01:00,d241a044-0a06-40c2-9d90-c91fd0a95060,40.99851020119874,21.243798033728062,pm10,4
2025-12-25T15:30:28+01:00,d241a044-0a06-40c2-9d90-c91fd0a95060,40.99851020119874,21.243798033728062,pm25,3
2025-12-25T15:30:28+01:00,d241a044-0a06-40c2-9d90-c91fd0a95060,40.99851020119874,21.243798033728062,pressure,893
2025-12-25T15:30:28+01:00,d241a044-0a06-40c2-9d90-c91fd0a95060,40.99851020119874,21.243798033728062,temperature,7
2025-12-25T15:46:00+01:00,d241a044-0a06-40c2-9d90-c91fd0a95060,40.99851020119874,21.243798033728062,gasResistance,395352
2025-12-25T15:46:00+01:00,d241a044-0a06-40c2-9d90-c91fd0a95060,40.99851020119874,21.243798033728062,humidity,72
2025-12-25T15:46:00+01:00,d241a044-0a06-40c2-9d90-c91fd0a95060,40.99851020119874,21.243798033728062,noise,18
2025-12-25T15:46:00+01:00,d241a044-0a06-40c2-9d90-c91fd0a95060,40.99851020119874,21.243798033728062,noise_dba,32
2025-12-25T15:46:00+01:00,d241a044-0a06-40c2-9d90-c91fd0a95060,40.99851020119874,21.243798033728062,pm10,2
2025-12-25T15:46:00+01:00,d241a044-0a06-40c2-9d90-c91fd0a95060,40.99851020119874,21.243798033728062,pm25,1
2025-12-25T15:46:00+01:00,d241a044-0a06-40c2-9d90-c91fd0a95060,40.99851020119874,21.243798033728062,pressure,893
2025-12-25T15:46:00+01:00,d241a044-0a06-40c2-9d90-c91fd0a95060,40.99851020119874,21.243798033728062,temperature,7
2025-12-25T16:01:31+01:00,d241a044-0a06-40c2-9d90-c91fd0a95060,40.99851020119874,21.243798033728062,gasResistance,392800
2025-12-25T16:01:31+01:00,d241a044-0a06-40c2-9d90-c91fd0a95060,40.99851020119874,21.243798033728062,humidity,72
2025-12-25T16:01:31+01:00,d241a044-0a06-40c2-9d90-c91fd0a95060,40.99851020119874,21.243798033728062,noise,23
2025-12-25T16:01:31+01:00,d241a044-0a06-40c2-9d90-c91fd0a95060,40.99851020119874,21.243798033728062,noise_dba,36
2025-12-25T16:01:31+01:00,d241a044-0a06-40c2-9d90-c91fd0a95060,40.99851020119874,21.243798033728062,pm10,3
2025-12-25T16:01:31+01:00,d241a044-0a06-40c2-9d90-c91fd0a95060,40.99851020119874,21.243798033728062,pm25,2
2025-12-25T16:01:31+01:00,d241a044-0a06-40c2-9d90-c91fd0a95060,40.99851020119874,21.243798033728062,pressure,893
2025-12-25T16:01:31+01:00,d241a044-0a06-40c2-9d90-c91fd0a95060,40.99851020119874,21.243798033728062,temperature,7
2025-12-25T16:17:03+01:00,d241a044-0a06-40c2-9d90-c91fd0a95060,40.99851020119874,21.243798033728062,gasResistance,387568
2025-12-25T16:17:03+01:00,d241a044-0a06-40c2-9d90-c91fd0a95060,40.99851020119874,21.243798033728062,humidity,72
2025-12-25T16:17:03+01:00,d241a044-0a06-40c2-9d90-c91fd0a95060,40.99851020119874,21.243798033728062,noise,24
2025-12-25T16:17:03+01:00,d241a044-0a06-40c2-9d90-c91fd0a95060,40.99851020119874,21.243798033728062,noise_dba,36
2025-12-25T16:17:03+01:00,d241a044-0a06-40c2-9d90-c91fd0a95060,40.99851020119874,21.243798033728062,pm10,2
2025-12-25T16:17:03+01:00,d241a044-0a06-40c2-9d90-c91fd0a95060,40.99851020119874,21.243798033728062,pm25,1
2025-12-25T16:17:03+01:00,d241a044-0a06-40c2-9d90-c91fd0a95060,40.99851020119874,21.243798033728062,pressure,893
2025-12-25T16:17:03+01:00,d241a044-0a06-40c2-9d90-c91fd0a95060,40.99851020119874,21.243798033728062,temperature,7
2025-12-25T16:32:35+01:00,d241a044-0a06-40c2-9d90-c91fd0a95060,40.99851020119874,21.243798033728062,gasResistance,387568
2025-12-25T16:32:35+01:00,d241a044-0a06-40c2-9d90-c91fd0a95060,40.99851020119874,21.243798033728062,humidity,72
2025-12-25T16:32:35+01:00,d241a044-0a06-40c2-9d90-c91fd0a95060,40.99851020119874,21.243798033728062,noise,19
2025-12-25T16:32:35+01:00,d241a044-0a06-40c2-9d90-c91fd0a95060,40.99851020119874,21.243798033728062,noise_dba,33
2025-12-25T16:32:35+01:00,d241a044-0a06-40c2-9d90-c91fd0a95060,40.99851020119874,21.243798033728062,pm10,2
2025-12-25T16:32:35+01:00,d241a044-0a06-40c2-9d90-c91fd0a95060,40.99851020119874,21.243798033728062,pm25,1
2025-12-25T16:32:35+01:00,d241a044-0a06-40c2-9d90-c91fd0a95060,40.99851020119874,21.243798033728062,pressure,893
2025-12-25T16:32:35+01:00,d241a044-0a06-40c2-9d90-c91fd0a95060,40.99851020119874,21.243798033728062,temperature,6
2025-12-25T16:48:06+01:00,d241a044-0a06-40c2-9d90-c91fd0a95060,40.99851020119874,21.243798033728062,gasResistance,389599
2025-12-25T16:48:06+01:00,d241a044-0a06-40c2-9d90-c91fd0a95060,40.99851020119874,21.243798033728062,humidity,73
2025-12-25T16:48:06+01:00,d241a044-0a06-40c2-9d90-c91fd0a95060,40.99851020119874,21.243798033728062,noise,24
2025-12-25T16:48:06+01:00,d241a044-0a06-40c2-9d90-c91fd0a95060,40.99851020119874,21.243798033728062,noise_dba,36
2025-12-25T16:48:06+01:00,d241a044-0a06-40c2-9d90-c91fd0a95060,40.99851020119874,21.243798033728062,pm10,3
2025-12-25T16:48:06+01:00,d241a044-0a06-40c2-9d90-c91fd0a95060,40.99851020119874,21.243798033728062,pm25,2
2025-12-25T16:48:06+01:00,d241a044-0a06-40c2-9d90-c91fd0a95060,40.99851020119874,21.243798033728062,pressure,893
2025-12-25T16:48:06+01:00,d241a044-0a06-40c2-9d90-c91fd0a95060,40.99851020119874,21.243798033728062,temperature,6
2025-12-25T17:03:38+01:00,d241a044-0a06-40c2-9d90-c91fd0a95060,40.99851020119874,21.243798033728062,gasResistance,386450
2025-12-25T17:03:38+01:00,d241a044-0a06-40c2-9d90-c91fd0a95060,40.99851020119874,21.243798033728062,humidity,73
2025-12-25T17:03:38+01:00,d241a044-0a06-40c2-9d90-c91fd0a95060,40.99851020119874,21.243798033728062,noise,25
2025-12-25T17:03:38+01:00,d241a044-0a06-40c2-9d90-c91fd0a95060,40.99851020119874,21.243798033728062,noise_dba,37
2025-12-25T17:03:38+01:00,d241a044-0a06-40c2-9d90-c91fd0a95060,40.99851020119874,21.243798033728062,pm10,4
2025-12-25T17:03:38+01:00,d241a044-0a06-40c2-9d90-c91fd0a95060,40.99851020119874,21.243798033728062,pm25,3
2025-12-25T17:03:38+01:00,d241a044-0a06-40c2-9d90-c91fd0a95060,40.99851020119874,21.243798033728062,pressure,893
2025-12-25T17:03:38+01:00,d241a044-0a06-40c2-9d90-c91fd0a95060,40.99851020119874,21.243798033728062,temperature,6
2025-12-25T17:19:10+01:00,d241a044-0a06-40c2-9d90-c91fd0a95060,40.99851020119874,21.243798033728062,gasResistance,372309
2025-12-25T17:19:10+01:00,d241a044-0a06-40c2-9d90-c91fd0a95060,40.99851020119874,21.243798033728062,humidity,77
2025-12-25T17:19:10+01:00,d241a044-0a06-40c2-9d90-c91fd0a95060,40.99851020119874,21.243798033728062,noise,20
2025-12-25T17:19:10+01:00,d241a044-0a06-40c2-9d90-c91fd0a95060,40.99851020119874,21.243798033728062,noise_dba,34
2025-12-25T17:19:10+01:00,d241a044-0a06-40c2-9d90-c91fd0a95060,40.99851020119874,21.243798033728062,pm10,4
2025-12-25T17:19:10+01:00,d241a044-0a06-40c2-9d90-c91fd0a95060,40.99851020119874,21.243798033728062,pm25,2
2025-12-25T17:19:10+01:00,d241a044-0a06-40c2-9d90-c91fd0a95060,40.99851020119874,21.243798033728062,pressure,893
2025-12-25T17:19:10+01:00,d241a044-0a06-40c2-9d90-c91fd0a95060,40.99851020119874,21.243798033728062,temperature,6
2025-12-25T17:34:42+01:00,d241a044-0a06-40c2-9d90-c91fd0a95060,40.99851020119874,21.243798033728062,gasResistance,356588
2025-12-25T17:34:42+01:00,d241a044-0a06-40c2-9d90-c91fd0a95060,40.99851020119874,21.243798033728062,humidity,74
2025-12-25T17:34:42+01:00,d241a044-0a06-40c2-9d90-c91fd0a95060,40.99851020119874,21.243798033728062,noise,20
2025-12-25T17:34:42+01:00,d241a044-0a06-40c2-9d90-c91fd0a95060,40.99851020119874,21.243798033728062,noise_dba,34
2025-12-25T17:34:42+01:00,d241a044-0a06-40c2-9d90-c91fd0a95060,40.99851020119874,21.243798033728062,pm10,2
2025-12-25T17:34:42+01:00,d241a044-0a06-40c2-9d90-c91fd0a95060,40.99851020119874,21.243798033728062,pm25,2
2025-12-25T17:34:42+01:00,d241a044-0a06-40c2-9d90-c91fd0a95060,40.99851020119874,21.243798033728062,pressure,893
2025-12-25T17:34:42+01:00,d241a044-0a06-40c2-9d90-c91fd0a95060,40.99851020119874,21.243798033728062,temperature,6
2025-12-25T17:50:13+01:00,d241a044-0a06-40c2-9d90-c91fd0a95060,40.99851020119874,21.243798033728062,gasResistance,349030
2025-12-25T17:50:13+01:00,d241a044-0a06-40c2-9d90-c91fd0a95060,40.99851020119874,21.243798033728062,humidity,74
2025-12-25T17:50:13+01:00,d241a044-0a06-40c2-9d90-c91fd0a95060,40.99851020119874,21.243798033728062,noise,19
2025-12-25T17:50:13+01:00,d241a044-0a06-40c2-9d90-c91fd0a95060,40.99851020119874,21.243798033728062,noise_dba,33
2025-12-25T17:50:13+01:00,d241a044-0a06-40c2-9d90-c91fd0a95060,40.99851020119874,21.243798033728062,pm10,2
2025-12-25T17:50:13+01:00,d241a044-0a06-40c2-9d90-c91fd0a95060,40.99851020119874,21.243798033728062,pm25,2
2025-12-25T17:50:13+01:00,d241a044-0a06-40c2-9d90-c91fd0a95060,40.99851020119874,21.243798033728062,pressure,893
2025-12-25T17:50:13+01:00,d241a044-0a06-40c2-9d90-c91fd0a95060,40.99851020119874,21.243798033728062,temperature,6
2025-12-25T18:05:45+01:00,d241a044-0a06-40c2-9d90-c91fd0a95060,40.99851020119874,21.243798033728062,gasResistance,343210
2025-12-25T18:05:45+01:00,d241a044-0a06-40c2-9d90-c91fd0a95060,40.99851020119874,21.243798033728062,humidity,74
2025-12-25T18:05:45+01:00,d241a044-0a06-40c2-9d90-c91fd0a95060,40.99851020119874,21.243798033728062,noise,24
2025-12-25T18:05:45+01:00,d241a044-0a06-40c2-9d90-c91fd0a95060,40.99851020119874,21.243798033728062,noise_dba,36
2025-12-25T18:05:45+01:00,d241a044-0a06-40c2-9d90-c91fd0a95060,40.99851020119874,21.243798033728062,pm10,2
2025-12-25T18:05:45+01:00,d241a044-0a06-40c2-9d90-c91fd0a95060,40.99851020119874,21.243798033728062,pm25,1
2025-12-25T18:05:45+01:00,d241a044-0a06-40c2-9d90-c91fd0a95060,40.99851020119874,21.243798033728062,pressure,893
2025-12-25T18:05:45+01:00,d241a044-0a06-40c2-9d90-c91fd0a95060,40.99851020119874,21.243798033728062,temperature,6
2025-12-25T18:21:16+01:00,d241a044-0a06-40c2-9d90-c91fd0a95060,40.99851020119874,21.243798033728062,gasResistance,335177
2025-12-25T18:21:16+01:00,d241a044-0a06-40c2-9d90-c91fd0a95060,40.99851020119874,21.243798033728062,humidity,74
2025-12-25T18:21:16+01:00,d241a044-0a06-40c2-9d90-c91fd0a95060,40.99851020119874,21.243798033728062,noise,24
2025-12-25T18:21:16+01:00,d241a044-0a06-40c2-9d90-c91fd0a95060,40.99851020119874,21.243798033728062,noise_dba,36
2025-12-25T18:21:16+01:00,d241a044-0a06-40c2-9d90-c91fd0a95060,40.99851020119874,21.243798033728062,pm10,1
2025-12-25T18:21:16+01:00,d241a044-0a06-40c2-9d90-c91fd0a95060,40.99851020119874,21.243798033728062,pm25,1
2025-12-25T18:21:16+01:00,d241a044-0a06-40c2-9d90-c91fd0a95060,40.99851020119874,21.243798033728062,pressure,894
2025-12-25T18:21:16+01:00,d241a044-0a06-40c2-9d90-c91fd0a95060,40.99851020119874,21.243798033728062,temperature,6
2025-12-25T18:36:48+01:00,d241a044-0a06-40c2-9d90-c91fd0a95060,40.99851020119874,21.243798033728062,gasResistance,337236
2025-12-25T18:36:48+01:00,d241a044-0a06-40c2-9d90-c91fd0a95060,40.99851020119874,21.243798033728062,humidity,73
2025-12-25T18:36:48+01:00,d241a044-0a06-40c2-9d90-c91fd0a95060,40.99851020119874,21.243798033728062,noise,19
2025-12-25T18:36:48+01:00,d241a044-0a06-40c2-9d90-c91fd0a95060,40.99851020119874,21.243798033728062,noise_dba,33
2025-12-25T18:36:48+01:00,d241a044-0a06-40c2-9d90-c91fd0a95060,40.99851020119874,21.243798033728062,pm10,7
2025-12-25T18:36:48+01:00,d241a044-0a06-40c2-9d90-c91fd0a95060,40.99851020119874,21.243798033728062,pm25,5
2025-12-25T18:36:48+01:00,d241a044-0a06-40c2-9d90-c91fd0a95060,40.99851020119874,21.243798033728062,pressure,894
2025-12-25T18:36:48+01:00,d241a044-0a06-40c2-9d90-c91fd0a95060,40.99851020119874,21.243798033728062,temperature,6
2025-12-25T18:52:19+01:00,d241a044-0a06-40c2-9d90-c91fd0a95060,40.99851020119874,21.243798033728062,gasResistance,335518
2025-12-25T18:52:19+01:00,d241a044-0a06-40c2-9d90-c91fd0a95060,40.99851020119874,21.243798033728062,humidity,74
2025-12-25T18:52:19+01:00,d241a044-0a06-40c2-9d90-c91fd0a95060,40.99851020119874,21.243798033728062,noise,19
2025-12-25T18:52:19+01:00,d241a044-0a06-40c2-9d90-c91fd0a95060,40.99851020119874,21.243798033728062,noise_dba,33
2025-12-25T18:52:19+01:00,d241a044-0a06-40c2-9d90-c91fd0a95060,40.99851020119874,21.243798033728062,pm10,5
2025-12-25T18:52:19+01:00,d241a044-0a06-40c2-9d90-c91fd0a95060,40.99851020119874,21.243798033728062,pm25,4
2025-12-25T18:52:19+01:00,d241a044-0a06-40c2-9d90-c91fd0a95060,40.99851020119874,21.243798033728062,pressure,894
2025-12-25T18:52:19+01:00,d241a044-0a06-40c2-9d90-c91fd0a95060,40.99851020119874,21.243798033728062,temperature,6
2025-12-25T19:07:51+01:00,d241a044-0a06-40c2-9d90-c91fd0a95060,40.99851020119874,21.243798033728062,gasResistance,330800
2025-12-25T19:07:51+01:00,d241a044-0a06-40c2-9d90-c91fd0a95060,40.99851020119874,21.243798033728062,humidity,74
2025-12-25T19:07:51+01:00,d241a044-0a06-40c2-9d90-c91fd0a95060,40.99851020119874,21.243798033728062,noise,29
2025-12-25T19:07:51+01:00,d241a044-0a06-40c2-9d90-c91fd0a95060,40.99851020119874,21.243798033728062,noise_dba,40
2025-12-25T19:07:51+01:00,d241a044-0a06-40c2-9d90-c91fd0a95060,40.99851020119874,21.243798033728062,pm10,5
2025-12-25T19:07:51+01:00,d241a044-0a06-40c2-9d90-c91fd0a95060,40.99851020119874,21.243798033728062,pm25,4
2025-12-25T19:07:51+01:00,d241a044-0a06-40c2-9d90-c91fd0a95060,40.99851020119874,21.243798033728062,pressure,894
2025-12-25T19:07:51+01:00,d241a044-0a06-40c2-9d90-c91fd0a95060,40.99851020119874,21.243798033728062,temperature,6
2025-12-25T19:23:23+01:00,d241a044-0a06-40c2-9d90-c91fd0a95060,40.99851020119874,21.243798033728062,gasResistance,324926
2025-12-25T19:23:23+01:00,d241a044-0a06-40c2-9d90-c91fd0a95060,40.99851020119874,21.243798033728062,humidity,74
2025-12-25T19:23:23+01:00,d241a044-0a06-40c2-9d90-c91fd0a95060,40.99851020119874,21.243798033728062,noise,19
2025-12-25T19:23:23+01:00,d241a044-0a06-40c2-9d90-c91fd0a95060,40.99851020119874,21.243798033728062,noise_dba,33
2025-12-25T19:23:23+01:00,d241a044-0a06-40c2-9d90-c91fd0a95060,40.99851020119874,21.243798033728062,pm10,5
2025-12-25T19:23:23+01:00,d241a044-0a06-40c2-9d90-c91fd0a95060,40.99851020119874,21.243798033728062,pm25,4
2025-12-25T19:23:23+01:00,d241a044-0a06-40c2-9d90-c91fd0a95060,40.99851020119874,21.243798033728062,pressure,894
2025-12-25T19:23:23+01:00,d241a044-0a06-40c2-9d90-c91fd0a95060,40.99851020119874,21.243798033728062,temperature,6
2025-12-25T19:38:54+01:00,d241a044-0a06-40c2-9d90-c91fd0a95060,40.99851020119874,21.243798033728062,gasResistance,326213
2025-12-25T19:38:54+01:00,d241a044-0a06-40c2-9d90-c91fd0a95060,40.99851020119874,21.243798033728062,humidity,74
2025-12-25T19:38:54+01:00,d241a044-0a06-40c2-9d90-c91fd0a95060,40.99851020119874,21.243798033728062,noise,19
2025-12-25T19:38:54+01:00,d241a044-0a06-40c2-9d90-c91fd0a95060,40.99851020119874,21.243798033728062,noise_dba,33
2025-12-25T19:38:54+01:00,d241a044-0a06-40c2-9d90-c91fd0a95060,40.99851020119874,21.243798033728062,pm10,5
2025-12-25T19:38:54+01:00,d241a044-0a06-40c2-9d90-c91fd0a95060,40.99851020119874,21.243798033728062,pm25,4
2025-12-25T19:38:54+01:00,d241a044-0a06-40c2-9d90-c91fd0a95060,40.99851020119874,21.243798033728062,pressure,894
2025-12-25T19:38:54+01:00,d241a044-0a06-40c2-9d90-c91fd0a95060,40.99851020119874,21.243798033728062,temperature,6
2025-12-25T19:54:26+01:00,d241a044-0a06-40c2-9d90-c91fd0a95060,40.99851020119874,21.243798033728062,gasResistance,327185
2025-12-25T19:54:26+01:00,d241a044-0a06-40c2-9d90-c91fd0a95060,40.99851020119874,21.243798033728062,humidity,74
2025-12-25T19:54:26+01:00,d241a044-0a06-40c2-9d90-c91fd0a95060,40.99851020119874,21.243798033728062,noise,25
2025-12-25T19:54:26+01:00,d241a044-0a06-40c2-9d90-c91fd0a95060,40.99851020119874,21.243798033728062,noise_dba,37
2025-12-25T19:54:26+01:00,d241a044-0a06-40c2-9d90-c91fd0a95060,40.99851020119874,21.243798033728062,pm10,4
2025-12-25T19:54:26+01:00,d241a044-0a06-40c2-9d90-c91fd0a95060,40.99851020119874,21.243798033728062,pm25,3
2025-12-25T19:54:26+01:00,d241a044-0a06-40c2-9d90-c91fd0a95060,40.99851020119874,21.243798033728062,pressure,894
2025-12-25T19:54:26+01:00,d241a044-0a06-40c2-9d90-c91fd0a95060,40.99851020119874,21.243798033728062,temperature,6
2025-12-25T20:09:57+01:00,d241a044-0a06-40c2-9d90-c91fd0a95060,40.99851020119874,21.243798033728062,gasResistance,326860
2025-12-25T20:09:57+01:00,d241a044-0a06-40c2-9d90-c91fd0a95060,40.99851020119874,21.243798033728062,humidity,74
2025-12-25T20:09:57+01:00,d241a044-0a06-40c2-9d90-c91fd0a95060,40.99851020119874,21.243798033728062,noise,25
2025-12-25T20:09:57+01:00,d241a044-0a06-40c2-9d90-c91fd0a95060,40.99851020119874,21.243798033728062,noise_dba,37
2025-12-25T20:09:57+01:00,d241a044-0a06-40c2-9d90-c91fd0a95060,40.99851020119874,21.243798033728062,pm10,4
2025-12-25T20:09:57+01:00,d241a044-0a06-40c2-9d90-c91fd0a95060,40.99851020119874,21.243798033728062,pm25,3
2025-12-25T20:09:57+01:00,d241a044-0a06-40c2-9d90-c91fd0a95060,40.99851020119874,21.243798033728062,pressure,894
2025-12-25T20:09:57+01:00,d241a044-0a06-40c2-9d90-c91fd0a95060,40.99851020119874,21.243798033728062,temperature,6
2025-12-25T20:25:29+01:00,d241a044-0a06-40c2-9d90-c91fd0a95060,40.99851020119874,21.243798033728062,gasResistance,317716
2025-12-25T20:25:29+01:00,d241a044-0a06-40c2-9d90-c91fd0a95060,40.99851020119874,21.243798033728062,humidity,76
2025-12-25T20:25:29+01:00,d241a044-0a06-40c2-9d90-c91fd0a95060,40.99851020119874,21.243798033728062,noise,27
2025-12-25T20:25:29+01:00,d241a044-0a06-40c2-9d90-c91fd0a95060,40.99851020119874,21.243798033728062,noise_dba,38
2025-12-25T20:25:29+01:00,d241a044-0a06-40c2-9d90-c91fd0a95060,40.99851020119874,21.243798033728062,pm10,6
2025-12-25T20:25:29+01:00,d241a044-0a06-40c2-9d90-c91fd0a95060,40.99851020119874,21.243798033728062,pm25,4
2025-12-25T20:25:29+01:00,d241a044-0a06-40c2-9d90-c91fd0a95060,40.99851020119874,21.243798033728062,pressure,894
2025-12-25T20:25:29+01:00,d241a044-0a06-40c2-9d90-c91fd0a95060,40.99851020119874,21.243798033728062,temperature,6
2025-12-25T20:41:00+01:00,d241a044-0a06-40c2-9d90-c91fd0a95060,40.99851020119874,21.243798033728062,gasResistance,315585
2025-12-25T20:41:00+01:00,d241a044-0a06-40c2-9d90-c91fd0a95060,40.99851020119874,21.243798033728062,humidity,75
2025-12-25T20:41:00+01:00,d241a044-0a06-40c2-9d90-c91fd0a95060,40.99851020119874,21.243798033728062,noise,20
2025-12-25T20:41:00+01:00,d241a044-0a06-40c2-9d90-c91fd0a95060,40.99851020119874,21.243798033728062,noise_dba,34
2025-12-25T20:41:00+01:00,d241a044-0a06-40c2-9d90-c91fd0a95060,40.99851020119874,21.243798033728062,pm10,6
2025-12-25T20:41:00+01:00,d241a044-0a06-40c2-9d90-c91fd0a95060,40.99851020119874,21.243798033728062,pm25,3
2025-12-25T20:41:00+01:00,d241a044-0a06-40c2-9d90-c91fd0a95060,40.99851020119874,21.243798033728062,pressure,895
2025-12-25T20:41:00+01:00,d241a044-0a06-40c2-9d90-c91fd0a95060,40.99851020119874,21.243798033728062,temperature,5
2025-12-25T20:56:32+01:00,d241a044-0a06-40c2-9d90-c91fd0a95060,40.99851020119874,21.243798033728062,gasResistance,321124
2025-12-25T20:56:32+01:00,d241a044-0a06-40c2-9d90-c91fd0a95060,40.99851020119874,21.243798033728062,humidity,74
2025-12-25T20:56:32+01:00,d241a044-0a06-40c2-9d90-c91fd0a95060,40.99851020119874,21.243798033728062,noise,20
2025-12-25T20:56:32+01:00,d241a044-0a06-40c2-9d90-c91fd0a95060,40.99851020119874,21.243798033728062,noise_dba,34
2025-12-25T20:56:32+01:00,d241a044-0a06-40c2-9d90-c91fd0a95060,40.99851020119874,21.243798033728062,pm10,4
2025-12-25T20:56:32+01:00,d241a044-0a06-40c2-9d90-c91fd0a95060,40.99851020119874,21.243798033728062,pm25,3
2025-12-25T20:56:32+01:00,d241a044-0a06-40c2-9d90-c91fd0a95060,40.99851020119874,21.243798033728062,pressure,895
2025-12-25T20:56:32+01:00,d241a044-0a06-40c2-9d90-c91fd0a95060,40.99851020119874,21.243798033728062,temperature,6
2025-12-25T21:12:04+01:00,d241a044-0a06-40c2-9d90-c91fd0a95060,40.99851020119874,21.243798033728062,gasResistance,316799
2025-12-25T21:12:04+01:00,d241a044-0a06-40c2-9d90-c91fd0a95060,40.99851020119874,21.243798033728062,humidity,74
2025-12-25T21:12:04+01:00,d241a044-0a06-40c2-9d90-c91fd0a95060,40.99851020119874,21.243798033728062,noise,24
2025-12-25T21:12:04+01:00,d241a044-0a06-40c2-9d90-c91fd0a95060,40.99851020119874,21.243798033728062,noise_dba,36
2025-12-25T21:12:04+01:00,d241a044-0a06-40c2-9d90-c91fd0a95060,40.99851020119874,21.243798033728062,pm10,4
2025-12-25T21:12:04+01:00,d241a044-0a06-40c2-9d90-c91fd0a95060,40.99851020119874,21.243798033728062,pm25,3
2025-12-25T21:12:04+01:00,d241a044-0a06-40c2-9d90-c91fd0a95060,40.99851020119874,21.243798033728062,pressure,895
2025-12-25T21:12:04+01:00,d241a044-0a06-40c2-9d90-c91fd0a95060,40.99851020119874,21.243798033728062,temperature,6
2025-12-25T21:27:35+01:00,d241a044-0a06-40c2-9d90-c91fd0a95060,40.99851020119874,21.243798033728062,gasResistance,299786
2025-12-25T21:27:35+01:00,d241a044-0a06-40c2-9d90-c91fd0a95060,40.99851020119874,21.243798033728062,humidity,75
2025-12-25T21:27:35+01:00,d241a044-0a06-40c2-9d90-c91fd0a95060,40.99851020119874,21.243798033728062,noise,28
2025-12-25T21:27:35+01:00,d241a044-0a06-40c2-9d90-c91fd0a95060,40.99851020119874,21.243798033728062,noise_dba,39
2025-12-25T21:27:35+01:00,d241a044-0a06-40c2-9d90-c91fd0a95060,40.99851020119874,21.243798033728062,pm10,8
2025-12-25T21:27:35+01:00,d241a044-0a06-40c2-9d90-c91fd0a95060,40.99851020119874,21.243798033728062,pm25,5
2025-12-25T21:27:35+01:00,d241a044-0a06-40c2-9d90-c91fd0a95060,40.99851020119874,21.243798033728062,pressure,895
2025-12-25T21:27:35+01:00,d241a044-0a06-40c2-9d90-c91fd0a95060,40.99851020119874,21.243798033728062,temperature,6
2025-12-25T21:43:07+01:00,d241a044-0a06-40c2-9d90-c91fd0a95060,40.99851020119874,21.243798033728062,gasResistance,288494
2025-12-25T21:43:07+01:00,d241a044-0a06-40c2-9d90-c91fd0a95060,40.99851020119874,21.243798033728062,humidity,75
2025-12-25T21:43:07+01:00,d241a044-0a06-40c2-9d90-c91fd0a95060,40.99851020119874,21.243798033728062,noise,19
2025-12-25T21:43:07+01:00,d241a044-0a06-40c2-9d90-c91fd0a95060,40.99851020119874,21.243798033728062,noise_dba,33
2025-12-25T21:43:07+01:00,d241a044-0a06-40c2-9d90-c91fd0a95060,40.99851020119874,21.243798033728062,pm10,15
2025-12-25T21:43:07+01:00,d241a044-0a06-40c2-9d90-c91fd0a95060,40.99851020119874,21.243798033728062,pm25,7
2025-12-25T21:43:07+01:00,d241a044-0a06-40c2-9d90-c91fd0a95060,40.99851020119874,21.243798033728062,pressure,895
2025-12-25T21:43:07+01:00,d241a044-0a06-40c2-9d90-c91fd0a95060,40.99851020119874,21.243798033728062,temperature,6
2025-12-25T21:58:39+01:00,d241a044-0a06-40c2-9d90-c91fd0a95060,40.99851020119874,21.243798033728062,gasResistance,278492
2025-12-25T21:58:39+01:00,d241a044-0a06-40c2-9d90-c91fd0a95060,40.99851020119874,21.243798033728062,humidity,75
2025-12-25T21:58:39+01:00,d241a044-0a06-40c2-9d90-c91fd0a95060,40.99851020119874,21.243798033728062,noise,19
2025-12-25T21:58:39+01:00,d241a044-0a06-40c2-9d90-c91fd0a95060,40.99851020119874,21.243798033728062,noise_dba,33
2025-12-25T21:58:39+01:00,d241a044-0a06-40c2-9d90-c91fd0a95060,40.99851020119874,21.243798033728062,pm10,9
2025-12-25T21:58:39+01:00,d241a044-0a06-40c2-9d90-c91fd0a95060,40.99851020119874,21.243798033728062,pm25,5
2025-12-25T21:58:39+01:00,d241a044-0a06-40c2-9d90-c91fd0a95060,40.99851020119874,21.243798033728062,pressure,895
2025-12-25T21:58:39+01:00,d241a044-0a06-40c2-9d90-c91fd0a95060,40.99851020119874,21.243798033728062,temperature,5
2025-12-25T22:14:11+01:00,d241a044-0a06-40c2-9d90-c91fd0a95060,40.99851020119874,21.243798033728062,gasResistance,285493
2025-12-25T22:14:11+01:00,d241a044-0a06-40c2-9d90-c91fd0a95060,40.99851020119874,21.243798033728062,humidity,73
2025-12-25T22:14:11+01:00,d241a044-0a06-40c2-9d90-c91fd0a95060,40.99851020119874,21.243798033728062,noise,19
2025-12-25T22:14:11+01:00,d241a044-0a06-40c2-9d90-c91fd0a95060,40.99851020119874,21.243798033728062,noise_dba,33
2025-12-25T22:14:11+01:00,d241a044-0a06-40c2-9d90-c91fd0a95060,40.99851020119874,21.243798033728062,pm10,4
2025-12-25T22:14:11+01:00,d241a044-0a06-40c2-9d90-c91fd0a95060,40.99851020119874,21.243798033728062,pm25,3
2025-12-25T22:14:11+01:00,d241a044-0a06-40c2-9d90-c91fd0a95060,40.99851020119874,21.243798033728062,pressure,895
2025-12-25T22:14:11+01:00,d241a044-0a06-40c2-9d90-c91fd0a95060,40.99851020119874,21.243798033728062,temperature,5
2025-12-25T22:29:42+01:00,d241a044-0a06-40c2-9d90-c91fd0a95060,40.99851020119874,21.243798033728062,gasResistance,294953
2025-12-25T22:29:42+01:00,d241a044-0a06-40c2-9d90-c91fd0a95060,40.99851020119874,21.243798033728062,humidity,74
2025-12-25T22:29:42+01:00,d241a044-0a06-40c2-9d90-c91fd0a95060,40.99851020119874,21.243798033728062,noise,20
2025-12-25T22:29:42+01:00,d241a044-0a06-40c2-9d90-c91fd0a95060,40.99851020119874,21.243798033728062,noise_dba,34
2025-12-25T22:29:42+01:00,d241a044-0a06-40c2-9d90-c91fd0a95060,40.99851020119874,21.243798033728062,pm10,4
2025-12-25T22:29:42+01:00,d241a044-0a06-40c2-9d90-c91fd0a95060,40.99851020119874,21.243798033728062,pm25,3
2025-12-25T22:29:42+01:00,d241a044-0a06-40c2-9d90-c91fd0a95060,40.99851020119874,21.243798033728062,pressure,895
2025-12-25T22:29:42+01:00,d241a044-0a06-40c2-9d90-c91fd0a95060,40.99851020119874,21.243798033728062,temperature,5
2025-12-25T22:45:14+01:00,d241a044-0a06-40c2-9d90-c91fd0a95060,40.99851020119874,21.243798033728062,gasResistance,302540
2025-12-25T22:45:14+01:00,d241a044-0a06-40c2-9d90-c91fd0a95060,40.99851020119874,21.243798033728062,humidity,73
2025-12-25T22:45:14+01:00,d241a044-0a06-40c2-9d90-c91fd0a95060,40.99851020119874,21.243798033728062,noise,24
2025-12-25T22:45:14+01:00,d241a044-0a06-40c2-9d90-c91fd0a95060,40.99851020119874,21.243798033728062,noise_dba,36
2025-12-25T22:45:14+01:00,d241a044-0a06-40c2-9d90-c91fd0a95060,40.99851020119874,21.243798033728062,pm10,3
2025-12-25T22:45:14+01:00,d241a044-0a06-40c2-9d90-c91fd0a95060,40.99851020119874,21.243798033728062,pm25,2
2025-12-25T22:45:14+01:00,d241a044-0a06-40c2-9d90-c91fd0a95060,40.99851020119874,21.243798033728062,pressure,895
2025-12-25T22:45:14+01:00,d241a044-0a06-40c2-9d90-c91fd0a95060,40.99851020119874,21.243798033728062,temperature,5
2025-12-25T23:00:46+01:00,d241a044-0a06-40c2-9d90-c91fd0a95060,40.99851020119874,21.243798033728062,gasResistance,309942
2025-12-25T23:00:46+01:00,d241a044-0a06-40c2-9d90-c91fd0a95060,40.99851020119874,21.243798033728062,humidity,74
2025-12-25T23:00:46+01:00,d241a044-0a06-40c2-9d90-c91fd0a95060,40.99851020119874,21.243798033728062,noise,37
2025-12-25T23:00:46+01:00,d241a044-0a06-40c2-9d90-c91fd0a95060,40.99851020119874,21.243798033728062,noise_dba,43
2025-12-25T23:00:46+01:00,d241a044-0a06-40c2-9d90-c91fd0a95060,40.99851020119874,21.243798033728062,pm10,3
2025-12-25T23:00:46+01:00,d241a044-0a06-40c2-9d90-c91fd0a95060,40.99851020119874,21.243798033728062,pm25,2
2025-12-25T23:00:46+01:00,d241a044-0a06-40c2-9d90-c91fd0a95060,40.99851020119874,21.243798033728062,pressure,895
2025-12-25T23:00:46+01:00,d241a044-0a06-40c2-9d90-c91fd0a95060,40.99851020119874,21.243798033728062,temperature,5
2025-12-25T23:16:17+01:00,d241a044-0a06-40c2-9d90-c91fd0a95060,40.99851020119874,21.243798033728062,gasResistance,315283
2025-12-25T23:16:17+01:00,d241a044-0a06-40c2-9d90-c91fd0a95060,40.99851020119874,21.243798033728062,humidity,74
2025-12-25T23:16:17+01:00,d241a044-0a06-40c2-9d90-c91fd0a95060,40.99851020119874,21.243798033728062,noise,19
2025-12-25T23:16:17+01:00,d241a044-0a06-40c2-9d90-c91fd0a95060,40.99851020119874,21.243798033728062,noise_dba,33
2025-12-25T23:16:17+01:00,d241a044-0a06-40c2-9d90-c91fd0a95060,40.99851020119874,21.243798033728062,pm10,3
2025-12-25T23:16:17+01:00,d241a044-0a06-40c2-9d90-c91fd0a95060,40.99851020119874,21.243798033728062,pm25,2
2025-12-25T23:16:17+01:00,d241a044-0a06-40c2-9d90-c91fd0a95060,40.99851020119874,21.243798033728062,pressure,895
2025-12-25T23:16:17+01:00,d241a044-0a06-40c2-9d90-c91fd0a95060,40.99851020119874,21.243798033728062,temperature,5
2025-12-25T23:31:49+01:00,d241a044-0a06-40c2-9d90-c91fd0a95060,40.99851020119874,21.243798033728062,gasResistance,311113
2025-12-25T23:31:49+01:00,d241a044-0a06-40c2-9d90-c91fd0a95060,40.99851020119874,21.243798033728062,humidity,74
2025-12-25T23:31:49+01:00,d241a044-0a06-40c2-9d90-c91fd0a95060,40.99851020119874,21.243798033728062,noise,30
2025-12-25T23:31:49+01:00,d241a044-0a06-40c2-9d90-c91fd0a95060,40.99851020119874,21.243798033728062,noise_dba,40
2025-12-25T23:31:49+01:00,d241a044-0a06-40c2-9d90-c91fd0a95060,40.99851020119874,21.243798033728062,pm10,5
2025-12-25T23:31:49+01:00,d241a044-0a06-40c2-9d90-c91fd0a95060,40.99851020119874,21.243798033728062,pm25,3
2025-12-25T23:31:49+01:00,d241a044-0a06-40c2-9d90-c91fd0a95060,40.99851020119874,21.243798033728062,pressure,895
2025-12-25T23:31:49+01:00,d241a044-0a06-40c2-9d90-c91fd0a95060,40.99851020119874,21.243798033728062,temperature,5
2025-12-25T23:47:21+01:00,d241a044-0a06-40c2-9d90-c91fd0a95060,40.99851020119874,21.243798033728062,gasResistance,312887
2025-12-25T23:47:21+01:00,d241a044-0a06-40c2-9d90-c91fd0a95060,40.99851020119874,21.243798033728062,humidity,74
2025-12-25T23:47:21+01:00,d241a044-0a06-40c2-9d90-c91fd0a95060,40.99851020119874,21.243798033728062,noise,24
2025-12-25T23:47:21+01:00,d241a044-0a06-40c2-9d90-c91fd0a95060,40.99851020119874,21.243798033728062,noise_dba,36
2025-12-25T23:47:21+01:00,d241a044-0a06-40c2-9d90-c91fd0a95060,40.99851020119874,21.243798033728062,pm10,4
2025-12-25T23:47:21+01:00,d241a044-0a06-40c2-9d90-c91fd0a95060,40.99851020119874,21.243798033728062,pm25,3
2025-12-25T23:47:21+01:00,d241a044-0a06-40c2-9d90-c91fd0a95060,40.99851020119874,21.243798033728062,pressure,895
2025-12-25T23:47:21+01:00,d241a044-0a06-40c2-9d90-c91fd0a95060,40.99851020119874,21.243798033728062,temperature,5
2025-12-26T00:02:52+01:00,d241a044-0a06-40c2-9d90-c91fd0a95060,40.99851020119874,21.243798033728062,gasResistance,312590
2025-12-26T00:02:52+01:00,d241a044-0a06-40c2-9d90-c91fd0a95060,40.99851020119874,21.243798033728062,humidity,75
2025-12-26T00:02:52+01:00,d241a044-0a06-40c2-9d90-c91fd0a95060,40.99851020119874,21.243798033728062,noise,23
2025-12-26T00:02:52+01:00,d241a044-0a06-40c2-9d90-c91fd0a95060,40.99851020119874,21.243798033728062,noise_dba,36
2025-12-26T00:02:52+01:00,d241a044-0a06-40c2-9d90-c91fd0a95060,40.99851020119874,21.243798033728062,pm10,4
2025-12-26T00:02:52+01:00,d241a044-0a06-40c2-9d90-c91fd0a95060,40.99851020119874,21.243798033728062,pm25,2
2025-12-26T00:02:52+01:00,d241a044-0a06-40c2-9d90-c91fd0a95060,40.99851020119874,21.243798033728062,pressure,895
2025-12-26T00:02:52+01:00,d241a044-0a06-40c2-9d90-c91fd0a95060,40.99851020119874,21.243798033728062,temperature,5
2025-12-26T00:18:24+01:00,d241a044-0a06-40c2-9d90-c91fd0a95060,40.99851020119874,21.243798033728062,gasResistance,315585
2025-12-26T00:18:24+01:00,d241a044-0a06-40c2-9d90-c91fd0a95060,40.99851020119874,21.243798033728062,humidity,74
2025-12-26T00:18:24+01:00,d241a044-0a06-40c2-9d90-c91fd0a95060,40.99851020119874,21.243798033728062,noise,25
2025-12-26T00:18:24+01:00,d241a044-0a06-40c2-9d90-c91fd0a95060,40.99851020119874,21.243798033728062,noise_dba,37
2025-12-26T00:18:24+01:00,d241a044-0a06-40c2-9d90-c91fd0a95060,40.99851020119874,21.243798033728062,pm10,3
2025-12-26T00:18:24+01:00,d241a044-0a06-40c2-9d90-c91fd0a95060,40.99851020119874,21.243798033728062,pm25,2
2025-12-26T00:18:24+01:00,d241a044-0a06-40c2-9d90-c91fd0a95060,40.99851020119874,21.243798033728062,pressure,895
2025-12-26T00:18:24+01:00,d241a044-0a06-40c2-9d90-c91fd0a95060,40.99851020119874,21.243798033728062,temperature,5
2025-12-26T00:33:55+01:00,d241a044-0a06-40c2-9d90-c91fd0a95060,40.99851020119874,21.243798033728062,gasResistance,320499
2025-12-26T00:33:55+01:00,d241a044-0a06-40c2-9d90-c91fd0a95060,40.99851020119874,21.243798033728062,humidity,74
2025-12-26T00:33:55+01:00,d241a044-0a06-40c2-9d90-c91fd0a95060,40.99851020119874,21.243798033728062,noise,24
2025-12-26T00:33:55+01:00,d241a044-0a06-40c2-9d90-c91fd0a95060,40.99851020119874,21.243798033728062,noise_dba,36
2025-12-26T00:33:55+01:00,d241a044-0a06-40c2-9d90-c91fd0a95060,40.99851020119874,21.243798033728062,pm10,6
2025-12-26T00:33:55+01:00,d241a044-0a06-40c2-9d90-c91fd0a95060,40.99851020119874,21.243798033728062,pm25,3
2025-12-26T00:33:55+01:00,d241a044-0a06-40c2-9d90-c91fd0a95060,40.99851020119874,21.243798033728062,pressure,895
2025-12-26T00:33:55+01:00,d241a044-0a06-40c2-9d90-c91fd0a95060,40.99851020119874,21.243798033728062,temperature,5
2025-12-26T00:49:27+01:00,d241a044-0a06-40c2-9d90-c91fd0a95060,40.99851020119874,21.243798033728062,gasResistance,331466
2025-12-26T00:49:27+01:00,d241a044-0a06-40c2-9d90-c91fd0a95060,40.99851020119874,21.243798033728062,humidity,74
2025-12-26T00:49:27+01:00,d241a044-0a06-40c2-9d90-c91fd0a95060,40.99851020119874,21.243798033728062,noise,24
2025-12-26T00:49:27+01:00,d241a044-0a06-40c2-9d90-c91fd0a95060,40.99851020119874,21.243798033728062,noise_dba,36
2025-12-26T00:49:27+01:00,d241a044-0a06-40c2-9d90-c91fd0a95060,40.99851020119874,21.243798033728062,pm10,3
2025-12-26T00:49:27+01:00,d241a044-0a06-40c2-9d90-c91fd0a95060,40.99851020119874,21.243798033728062,pm25,2
2025-12-26T00:49:27+01:00,d241a044-0a06-40c2-9d90-c91fd0a95060,40.99851020119874,21.243798033728062,pressure,895
2025-12-26T00:49:27+01:00,d241a044-0a06-40c2-9d90-c91fd0a95060,40.99851020119874,21.243798033728062,temperature,5
2025-12-26T01:04:59+01:00,d241a044-0a06-40c2-9d90-c91fd0a95060,40.99851020119874,21.243798033728062,gasResistance,346460
2025-12-26T01:04:59+01:00,d241a044-0a06-40c2-9d90-c91fd0a95060,40.99851020119874,21.243798033728062,humidity,73
2025-12-26T01:04:59+01:00,d241a044-0a06-40c2-9d90-c91fd0a95060,40.99851020119874,21.243798033728062,noise,24
2025-12-26T01:04:59+01:00,d241a044-0a06-40c2-9d90-c91fd0a95060,40.99851020119874,21.243798033728062,noise_dba,36
2025-12-26T01:04:59+01:00,d241a044-0a06-40c2-9d90-c91fd0a95060,40.99851020119874,21.243798033728062,pm10,3
2025-12-26T01:04:59+01:00,d241a044-0a06-40c2-9d90-c91fd0a95060,40.99851020119874,21.243798033728062,pm25,1
2025-12-26T01:04:59+01:00,d241a044-0a06-40c2-9d90-c91fd0a95060,40.99851020119874,21.243798033728062,pressure,895
2025-12-26T01:04:59+01:00,d241a044-0a06-40c2-9d90-c91fd0a95060,40.99851020119874,21.243798033728062,temperature,5
2025-12-26T01:20:30+01:00,d241a044-0a06-40c2-9d90-c91fd0a95060,40.99851020119874,21.243798033728062,gasResistance,346825
2025-12-26T01:20:30+01:00,d241a044-0a06-40c2-9d90-c91fd0a95060,40.99851020119874,21.243798033728062,humidity,75
2025-12-26T01:20:30+01:00,d241a044-0a06-40c2-9d90-c91fd0a95060,40.99851020119874,21.243798033728062,noise,29
2025-12-26T01:20:30+01:00,d241a044-0a06-40c2-9d90-c91fd0a95060,40.99851020119874,21.243798033728062,noise_dba,40
2025-12-26T01:20:30+01:00,d241a044-0a06-40c2-9d90-c91fd0a95060,40.99851020119874,21.243798033728062,pm10,3
2025-12-26T01:20:30+01:00,d241a044-0a06-40c2-9d90-c91fd0a95060,40.99851020119874,21.243798033728062,pm25,1
2025-12-26T01:20:30+01:00,d241a044-0a06-40c2-9d90-c91fd0a95060,40.99851020119874,21.243798033728062,pressure,895
2025-12-26T01:20:30+01:00,d241a044-0a06-40c2-9d90-c91fd0a95060,40.99851020119874,21.243798033728062,temperature,5
2025-12-26T01:36:02+01:00,d241a044-0a06-40c2-9d90-c91fd0a95060,40.99851020119874,21.243798033728062,gasResistance,338623
2025-12-26T01:36:02+01:00,d241a044-0a06-40c2-9d90-c91fd0a95060,40.99851020119874,21.243798033728062,humidity,75
2025-12-26T01:36:02+01:00,d241a044-0a06-40c2-9d90-c91fd0a95060,40.99851020119874,21.243798033728062,noise,19
2025-12-26T01:36:02+01:00,d241a044-0a06-40c2-9d90-c91fd0a95060,40.99851020119874,21.243798033728062,noise_dba,33
2025-12-26T01:36:02+01:00,d241a044-0a06-40c2-9d90-c91fd0a95060,40.99851020119874,21.243798033728062,pm10,3
2025-12-26T01:36:02+01:00,d241a044-0a06-40c2-9d90-c91fd0a95060,40.99851020119874,21.243798033728062,pm25,2
2025-12-26T01:36:02+01:00,d241a044-0a06-40c2-9d90-c91fd0a95060,40.99851020119874,21.243798033728062,pressure,895
2025-12-26T01:36:02+01:00,d241a044-0a06-40c2-9d90-c91fd0a95060,40.99851020119874,21.243798033728062,temperature,5
2025-12-26T01:51:34+01:00,d241a044-0a06-40c2-9d90-c91fd0a95060,40.99851020119874,21.243798033728062,gasResistance,338971
2025-12-26T01:51:34+01:00,d241a044-0a06-40c2-9d90-c91fd0a95060,40.99851020119874,21.243798033728062,humidity,74
2025-12-26T01:51:34+01:00,d241a044-0a06-40c2-9d90-c91fd0a95060,40.99851020119874,21.243798033728062,noise,19
2025-12-26T01:51:34+01:00,d241a044-0a06-40c2-9d90-c91fd0a95060,40.99851020119874,21.243798033728062,noise_dba,33
2025-12-26T01:51:34+01:00,d241a044-0a06-40c2-9d90-c91fd0a95060,40.99851020119874,21.243798033728062,pm10,4
2025-12-26T01:51:34+01:00,d241a044-0a06-40c2-9d90-c91fd0a95060,40.99851020119874,21.243798033728062,pm25,2
2025-12-26T01:51:34+01:00,d241a044-0a06-40c2-9d90-c91fd0a95060,40.99851020119874,21.243798033728062,pressure,895
2025-12-26T01:51:34+01:00,d241a044-0a06-40c2-9d90-c91fd0a95060,40.99851020119874,21.243798033728062,temperature,5
2025-12-26T02:07:05+01:00,d241a044-0a06-40c2-9d90-c91fd0a95060,40.99851020119874,21.243798033728062,gasResistance,343568
2025-12-26T02:07:05+01:00,d241a044-0a06-40c2-9d90-c91fd0a95060,40.99851020119874,21.243798033728062,humidity,74
2025-12-26T02:07:05+01:00,d241a044-0a06-40c2-9d90-c91fd0a95060,40.99851020119874,21.243798033728062,noise,19
2025-12-26T02:07:05+01:00,d241a044-0a06-40c2-9d90-c91fd0a95060,40.99851020119874,21.243798033728062,noise_dba,33
2025-12-26T02:07:05+01:00,d241a044-0a06-40c2-9d90-c91fd0a95060,40.99851020119874,21.243798033728062,pm10,2
2025-12-26T02:07:05+01:00,d241a044-0a06-40c2-9d90-c91fd0a95060,40.99851020119874,21.243798033728062,pm25,2
2025-12-26T02:07:05+01:00,d241a044-0a06-40c2-9d90-c91fd0a95060,40.99851020119874,21.243798033728062,pressure,895
2025-12-26T02:07:05+01:00,d241a044-0a06-40c2-9d90-c91fd0a95060,40.99851020119874,21.243798033728062,temperature,5
2025-12-26T02:22:37+01:00,d241a044-0a06-40c2-9d90-c91fd0a95060,40.99851020119874,21.243798033728062,gasResistance,349030
2025-12-26T02:22:37+01:00,d241a044-0a06-40c2-9d90-c91fd0a95060,40.99851020119874,21.243798033728062,humidity,75
2025-12-26T02:22:37+01:00,d241a044-0a06-40c2-9d90-c91fd0a95060,40.99851020119874,21.243798033728062,noise,24
2025-12-26T02:22:37+01:00,d241a044-0a06-40c2-9d90-c91fd0a95060,40.99851020119874,21.243798033728062,noise_dba,36
2025-12-26T02:22:37+01:00,d241a044-0a06-40c2-9d90-c91fd0a95060,40.99851020119874,21.243798033728062,pm10,9
2025-12-26T02:22:37+01:00,d241a044-0a06-40c2-9d90-c91fd0a95060,40.99851020119874,21.243798033728062,pm25,4
2025-12-26T02:22:37+01:00,d241a044-0a06-40c2-9d90-c91fd0a95060,40.99851020119874,21.243798033728062,pressure,895
2025-12-26T02:22:37+01:00,d241a044-0a06-40c2-9d90-c91fd0a95060,40.99851020119874,21.243798033728062,temperature,5
2025-12-26T02:38:08+01:00,d241a044-0a06-40c2-9d90-c91fd0a95060,40.99851020119874,21.243798033728062,gasResistance,346096
2025-12-26T02:38:08+01:00,d241a044-0a06-40c2-9d90-c91fd0a95060,40.99851020119874,21.243798033728062,humidity,73
2025-12-26T02:38:08+01:00,d241a044-0a06-40c2-9d90-c91fd0a95060,40.99851020119874,21.243798033728062,noise,20
2025-12-26T02:38:08+01:00,d241a044-0a06-40c2-9d90-c91fd0a95060,40.99851020119874,21.243798033728062,noise_dba,34
2025-12-26T02:38:08+01:00,d241a044-0a06-40c2-9d90-c91fd0a95060,40.99851020119874,21.243798033728062,pm10,3
2025-12-26T02:38:08+01:00,d241a044-0a06-40c2-9d90-c91fd0a95060,40.99851020119874,21.243798033728062,pm25,2
2025-12-26T02:38:08+01:00,d241a044-0a06-40c2-9d90-c91fd0a95060,40.99851020119874,21.243798033728062,pressure,895
2025-12-26T02:38:08+01:00,d241a044-0a06-40c2-9d90-c91fd0a95060,40.99851020119874,21.243798033728062,temperature,5
2025-12-26T02:53:40+01:00,d241a044-0a06-40c2-9d90-c91fd0a95060,40.99851020119874,21.243798033728062,gasResistance,338623
2025-12-26T02:53:40+01:00,d241a044-0a06-40c2-9d90-c91fd0a95060,40.99851020119874,21.243798033728062,humidity,75
2025-12-26T02:53:40+01:00,d241a044-0a06-40c2-9d90-c91fd0a95060,40.99851020119874,21.243798033728062,noise,20
2025-12-26T02:53:40+01:00,d241a044-0a06-40c2-9d90-c91fd0a95060,40.99851020119874,21.243798033728062,noise_dba,34
2025-12-26T02:53:40+01:00,d241a044-0a06-40c2-9d90-c91fd0a95060,40.99851020119874,21.243798033728062,pm10,2
2025-12-26T02:53:40+01:00,d241a044-0a06-40c2-9d90-c91fd0a95060,40.99851020119874,21.243798033728062,pm25,1
2025-12-26T02:53:40+01:00,d241a044-0a06-40c2-9d90-c91fd0a95060,40.99851020119874,21.243798033728062,pressure,895
2025-12-26T02:53:40+01:00,d241a044-0a06-40c2-9d90-c91fd0a95060,40.99851020119874,21.243798033728062,temperature,5
2025-12-26T03:09:12+01:00,d241a044-0a06-40c2-9d90-c91fd0a95060,40.99851020119874,21.243798033728062,gasResistance,324605
2025-12-26T03:09:12+01:00,d241a044-0a06-40c2-9d90-c91fd0a95060,40.99851020119874,21.243798033728062,humidity,75
2025-12-26T03:09:12+01:00,d241a044-0a06-40c2-9d90-c91fd0a95060,40.99851020119874,21.243798033728062,noise,20
2025-12-26T03:09:12+01:00,d241a044-0a06-40c2-9d90-c91fd0a95060,40.99851020119874,21.243798033728062,noise_dba,34
2025-12-26T03:09:12+01:00,d241a044-0a06-40c2-9d90-c91fd0a95060,40.99851020119874,21.243798033728062,pm10,3
2025-12-26T03:09:12+01:00,d241a044-0a06-40c2-9d90-c91fd0a95060,40.99851020119874,21.243798033728062,pm25,1
2025-12-26T03:09:12+01:00,d241a044-0a06-40c2-9d90-c91fd0a95060,40.99851020119874,21.243798033728062,pressure,895
2025-12-26T03:09:12+01:00,d241a044-0a06-40c2-9d90-c91fd0a95060,40.99851020119874,21.243798033728062,temperature,4
2025-12-26T03:24:43+01:00,d241a044-0a06-40c2-9d90-c91fd0a95060,40.99851020119874,21.243798033728062,gasResistance,322381
2025-12-26T03:24:43+01:00,d241a044-0a06-40c2-9d90-c91fd0a95060,40.99851020119874,21.243798033728062,humidity,77
2025-12-26T03:24:43+01:00,d241a044-0a06-40c2-9d90-c91fd0a95060,40.99851020119874,21.243798033728062,noise,24
2025-12-26T03:24:43+01:00,d241a044-0a06-40c2-9d90-c91fd0a95060,40.99851020119874,21.243798033728062,noise_dba,36
2025-12-26T03:24:43+01:00,d241a044-0a06-40c2-9d90-c91fd0a95060,40.99851020119874,21.243798033728062,pm10,3
2025-12-26T03:24:43+01:00,d241a044-0a06-40c2-9d90-c91fd0a95060,40.99851020119874,21.243798033728062,pm25,2
2025-12-26T03:24:43+01:00,d241a044-0a06-40c2-9d90-c91fd0a95060,40.99851020119874,21.243798033728062,pressure,895
2025-12-26T03:24:43+01:00,d241a044-0a06-40c2-9d90-c91fd0a95060,40.99851020119874,21.243798033728062,temperature,4
2025-12-26T03:40:15+01:00,d241a044-0a06-40c2-9d90-c91fd0a95060,40.99851020119874,21.243798033728062,gasResistance,310820
2025-12-26T03:40:15+01:00,d241a044-0a06-40c2-9d90-c91fd0a95060,40.99851020119874,21.243798033728062,humidity,78
2025-12-26T03:40:15+01:00,d241a044-0a06-40c2-9d90-c91fd0a95060,40.99851020119874,21.243798033728062,noise,26
2025-12-26T03:40:15+01:00,d241a044-0a06-40c2-9d90-c91fd0a95060,40.99851020119874,21.243798033728062,noise_dba,38
2025-12-26T03:40:15+01:00,d241a044-0a06-40c2-9d90-c91fd0a95060,40.99851020119874,21.243798033728062,pm10,4
2025-12-26T03:40:15+01:00,d241a044-0a06-40c2-9d90-c91fd0a95060,40.99851020119874,21.243798033728062,pm25,2
2025-12-26T03:40:15+01:00,d241a044-0a06-40c2-9d90-c91fd0a95060,40.99851020119874,21.243798033728062,pressure,895
2025-12-26T03:40:15+01:00,d241a044-0a06-40c2-9d90-c91fd0a95060,40.99851020119874,21.243798033728062,temperature,3
2025-12-26T03:55:46+01:00,d241a044-0a06-40c2-9d90-c91fd0a95060,40.99851020119874,21.243798033728062,gasResistance,308202
2025-12-26T03:55:46+01:00,d241a044-0a06-40c2-9d90-c91fd0a95060,40.99851020119874,21.243798033728062,humidity,75
2025-12-26T03:55:46+01:00,d241a044-0a06-40c2-9d90-c91fd0a95060,40.99851020119874,21.243798033728062,noise,22
2025-12-26T03:55:46+01:00,d241a044-0a06-40c2-9d90-c91fd0a95060,40.99851020119874,21.243798033728062,noise_dba,35
2025-12-26T03:55:46+01:00,d241a044-0a06-40c2-9d90-c91fd0a95060,40.99851020119874,21.243798033728062,pm10,2
2025-12-26T03:55:46+01:00,d241a044-0a06-40c2-9d90-c91fd0a95060,40.99851020119874,21.243798033728062,pm25,1
2025-12-26T03:55:46+01:00,d241a044-0a06-40c2-9d90-c91fd0a95060,40.99851020119874,21.243798033728062,pressure,895
2025-12-26T03:55:46+01:00,d241a044-0a06-40c2-9d90-c91fd0a95060,40.99851020119874,21.243798033728062,temperature,3
2025-12-26T04:11:18+01:00,d241a044-0a06-40c2-9d90-c91fd0a95060,40.99851020119874,21.243798033728062,gasResistance,310820
2025-12-26T04:11:18+01:00,d241a044-0a06-40c2-9d90-c91fd0a95060,40.99851020119874,21.243798033728062,humidity,78
2025-12-26T04:11:18+01:00,d241a044-0a06-40c2-9d90-c91fd0a95060,40.99851020119874,21.243798033728062,noise,24
2025-12-26T04:11:18+01:00,d241a044-0a06-40c2-9d90-c91fd0a95060,40.99851020119874,21.243798033728062,noise_dba,36
2025-12-26T04:11:18+01:00,d241a044-0a06-40c2-9d90-c91fd0a95060,40.99851020119874,21.243798033728062,pm10,1
2025-12-26T04:11:18+01:00,d241a044-0a06-40c2-9d90-c91fd0a95060,40.99851020119874,21.243798033728062,pm25,1
2025-12-26T04:11:18+01:00,d241a044-0a06-40c2-9d90-c91fd0a95060,40.99851020119874,21.243798033728062,pressure,895
2025-12-26T04:11:18+01:00,d241a044-0a06-40c2-9d90-c91fd0a95060,40.99851020119874,21.243798033728062,temperature,3
2025-12-26T04:26:50+01:00,d241a044-0a06-40c2-9d90-c91fd0a95060,40.99851020119874,21.243798033728062,gasResistance,300332
2025-12-26T04:26:50+01:00,d241a044-0a06-40c2-9d90-c91fd0a95060,40.99851020119874,21.243798033728062,humidity,77
2025-12-26T04:26:50+01:00,d241a044-0a06-40c2-9d90-c91fd0a95060,40.99851020119874,21.243798033728062,noise,20
2025-12-26T04:26:50+01:00,d241a044-0a06-40c2-9d90-c91fd0a95060,40.99851020119874,21.243798033728062,noise_dba,34
2025-12-26T04:26:50+01:00,d241a044-0a06-40c2-9d90-c91fd0a95060,40.99851020119874,21.243798033728062,pm10,1
2025-12-26T04:26:50+01:00,d241a044-0a06-40c2-9d90-c91fd0a95060,40.99851020119874,21.243798033728062,pm25,0
2025-12-26T04:26:50+01:00,d241a044-0a06-40c2-9d90-c91fd0a95060,40.99851020119874,21.243798033728062,pressure,895
2025-12-26T04:26:50+01:00,d241a044-0a06-40c2-9d90-c91fd0a95060,40.99851020119874,21.243798033728062,temperature,3
2025-12-26T04:42:21+01:00,d241a044-0a06-40c2-9d90-c91fd0a95060,40.99851020119874,21.243798033728062,gasResistance,300881
2025-12-26T04:42:21+01:00,d241a044-0a06-40c2-9d90-c91fd0a95060,40.99851020119874,21.243798033728062,humidity,74
2025-12-26T04:42:21+01:00,d241a044-0a06-40c2-9d90-c91fd0a95060,40.99851020119874,21.243798033728062,noise,19
2025-12-26T04:42:21+01:00,d241a044-0a06-40c2-9d90-c91fd0a95060,40.99851020119874,21.243798033728062,noise_dba,33
2025-12-26T04:42:21+01:00,d241a044-0a06-40c2-9d90-c91fd0a95060,40.99851020119874,21.243798033728062,pm10,0
2025-12-26T04:42:21+01:00,d241a044-0a06-40c2-9d90-c91fd0a95060,40.99851020119874,21.243798033728062,pm25,0
2025-12-26T04:42:21+01:00,d241a044-0a06-40c2-9d90-c91fd0a95060,40.99851020119874,21.243798033728062,pressure,895
2025-12-26T04:42:21+01:00,d241a044-0a06-40c2-9d90-c91fd0a95060,40.99851020119874,21.243798033728062,temperature,3
2025-12-26T04:57:53+01:00,d241a044-0a06-40c2-9d90-c91fd0a95060,40.99851020119874,21.243798033728062,gasResistance,303936
2025-12-26T04:57:53+01:00,d241a044-0a06-40c2-9d90-c91fd0a95060,40.99851020119874,21.243798033728062,humidity,75
2025-12-26T04:57:53+01:00,d241a044-0a06-40c2-9d90-c91fd0a95060,40.99851020119874,21.243798033728062,noise,24
2025-12-26T04:57:53+01:00,d241a044-0a06-40c2-9d90-c91fd0a95060,40.99851020119874,21.243798033728062,noise_dba,36
2025-12-26T04:57:53+01:00,d241a044-0a06-40c2-9d90-c91fd0a95060,40.99851020119874,21.243798033728062,pm10,0
2025-12-26T04:57:53+01:00,d241a044-0a06-40c2-9d90-c91fd0a95060,40.99851020119874,21.243798033728062,pm25,0
2025-12-26T04:57:53+01:00,d241a044-0a06-40c2-9d90-c91fd0a95060,40.99851020119874,21.243798033728062,pressure,895
2025-12-26T04:57:53+01:00,d241a044-0a06-40c2-9d90-c91fd0a95060,40.99851020119874,21.243798033728062,temperature,3
2025-12-26T05:13:25+01:00,d241a044-0a06-40c2-9d90-c91fd0a95060,40.99851020119874,21.243798033728062,gasResistance,310820
2025-12-26T05:13:25+01:00,d241a044-0a06-40c2-9d90-c91fd0a95060,40.99851020119874,21.243798033728062,humidity,75
2025-12-26T05:13:25+01:00,d241a044-0a06-40c2-9d90-c91fd0a95060,40.99851020119874,21.243798033728062,noise,19
2025-12-26T05:13:25+01:00,d241a044-0a06-40c2-9d90-c91fd0a95060,40.99851020119874,21.243798033728062,noise_dba,33
2025-12-26T05:13:25+01:00,d241a044-0a06-40c2-9d90-c91fd0a95060,40.99851020119874,21.243798033728062,pm10,0
2025-12-26T05:13:25+01:00,d241a044-0a06-40c2-9d90-c91fd0a95060,40.99851020119874,21.243798033728062,pm25,0
2025-12-26T05:13:25+01:00,d241a044-0a06-40c2-9d90-c91fd0a95060,40.99851020119874,21.243798033728062,pressure,895
2025-12-26T05:13:25+01:00,d241a044-0a06-40c2-9d90-c91fd0a95060,40.99851020119874,21.243798033728062,temperature,4
2025-12-26T05:28:56+01:00,d241a044-0a06-40c2-9d90-c91fd0a95060,40.99851020119874,21.243798033728062,gasResistance,312590
2025-12-26T05:28:56+01:00,d241a044-0a06-40c2-9d90-c91fd0a95060,40.99851020119874,21.243798033728062,humidity,76
2025-12-26T05:28:56+01:00,d241a044-0a06-40c2-9d90-c91fd0a95060,40.99851020119874,21.243798033728062,noise,25
2025-12-26T05:28:56+01:00,d241a044-0a06-40c2-9d90-c91fd0a95060,40.99851020119874,21.243798033728062,noise_dba,37
2025-12-26T05:28:56+01:00,d241a044-0a06-40c2-9d90-c91fd0a95060,40.99851020119874,21.243798033728062,pm10,0
2025-12-26T05:28:56+01:00,d241a044-0a06-40c2-9d90-c91fd0a95060,40.99851020119874,21.243798033728062,pm25,0
2025-12-26T05:28:56+01:00,d241a044-0a06-40c2-9d90-c91fd0a95060,40.99851020119874,21.243798033728062,pressure,895
2025-12-26T05:28:56+01:00,d241a044-0a06-40c2-9d90-c91fd0a95060,40.99851020119874,21.243798033728062,temperature,3
2025-12-26T05:44:28+01:00,d241a044-0a06-40c2-9d90-c91fd0a95060,40.99851020119874,21.243798033728062,gasResistance,300881
2025-12-26T05:44:28+01:00,d241a044-0a06-40c2-9d90-c91fd0a95060,40.99851020119874,21.243798033728062,humidity,79
2025-12-26T05:44:28+01:00,d241a044-0a06-40c2-9d90-c91fd0a95060,40.99851020119874,21.243798033728062,noise,29
2025-12-26T05:44:28+01:00,d241a044-0a06-40c2-9d90-c91fd0a95060,40.99851020119874,21.243798033728062,noise_dba,40
2025-12-26T05:44:28+01:00,d241a044-0a06-40c2-9d90-c91fd0a95060,40.99851020119874,21.243798033728062,pm10,1
2025-12-26T05:44:28+01:00,d241a044-0a06-40c2-9d90-c91fd0a95060,40.99851020119874,21.243798033728062,pm25,0
2025-12-26T05:44:28+01:00,d241a044-0a06-40c2-9d90-c91fd0a95060,40.99851020119874,21.243798033728062,pressure,895
2025-12-26T05:44:28+01:00,d241a044-0a06-40c2-9d90-c91fd0a95060,40.99851020119874,21.243798033728062,temperature,3
2025-12-26T05:59:59+01:00,d241a044-0a06-40c2-9d90-c91fd0a95060,40.99851020119874,21.243798033728062,gasResistance,293116
2025-12-26T05:59:59+01:00,d241a044-0a06-40c2-9d90-c91fd0a95060,40.99851020119874,21.243798033728062,humidity,77
2025-12-26T05:59:59+01:00,d241a044-0a06-40c2-9d90-c91fd0a95060,40.99851020119874,21.243798033728062,noise,24
2025-12-26T05:59:59+01:00,d241a044-0a06-40c2-9d90-c91fd0a95060,40.99851020119874,21.243798033728062,noise_dba,36
2025-12-26T05:59:59+01:00,d241a044-0a06-40c2-9d90-c91fd0a95060,40.99851020119874,21.243798033728062,pm10,0
2025-12-26T05:59:59+01:00,d241a044-0a06-40c2-9d90-c91fd0a95060,40.99851020119874,21.243798033728062,pm25,0
2025-12-26T05:59:59+01:00,d241a044-0a06-40c2-9d90-c91fd0a95060,40.99851020119874,21.243798033728062,pressure,895
2025-12-26T05:59:59+01:00,d241a044-0a06-40c2-9d90-c91fd0a95060,40.99851020119874,21.243798033728062,temperature,3
2025-12-26T06:15:31+01:00,d241a044-0a06-40c2-9d90-c91fd0a95060,40.99851020119874,21.243798033728062,gasResistance,295482
2025-12-26T06:15:31+01:00,d241a044-0a06-40c2-9d90-c91fd0a95060,40.99851020119874,21.243798033728062,humidity,75
2025-12-26T06:15:31+01:00,d241a044-0a06-40c2-9d90-c91fd0a95060,40.99851020119874,21.243798033728062,noise,19
2025-12-26T06:15:31+01:00,d241a044-0a06-40c2-9d90-c91fd0a95060,40.99851020119874,21.243798033728062,noise_dba,33
2025-12-26T06:15:31+01:00,d241a044-0a06-40c2-9d90-c91fd0a95060,40.99851020119874,21.243798033728062,pm10,0
2025-12-26T06:15:31+01:00,d241a044-0a06-40c2-9d90-c91fd0a95060,40.99851020119874,21.243798033728062,pm25,0
2025-12-26T06:15:31+01:00,d241a044-0a06-40c2-9d90-c91fd0a95060,40.99851020119874,21.243798033728062,pressure,895
2025-12-26T06:15:31+01:00,d241a044-0a06-40c2-9d90-c91fd0a95060,40.99851020119874,21.243798033728062,temperature,3
2025-12-26T06:31:03+01:00,d241a044-0a06-40c2-9d90-c91fd0a95060,40.99851020119874,21.243798033728062,gasResistance,305628
2025-12-26T06:31:03+01:00,d241a044-0a06-40c2-9d90-c91fd0a95060,40.99851020119874,21.243798033728062,humidity,76
2025-12-26T06:31:03+01:00,d241a044-0a06-40c2-9d90-c91fd0a95060,40.99851020119874,21.243798033728062,noise,29
2025-12-26T06:31:03+01:00,d241a044-0a06-40c2-9d90-c91fd0a95060,40.99851020119874,21.243798033728062,noise_dba,40
2025-12-26T06:31:03+01:00,d241a044-0a06-40c2-9d90-c91fd0a95060,40.99851020119874,21.243798033728062,pm10,0
2025-12-26T06:31:03+01:00,d241a044-0a06-40c2-9d90-c91fd0a95060,40.99851020119874,21.243798033728062,pm25,0
2025-12-26T06:31:03+01:00,d241a044-0a06-40c2-9d90-c91fd0a95060,40.99851020119874,21.243798033728062,pressure,895
2025-12-26T06:31:03+01:00,d241a044-0a06-40c2-9d90-c91fd0a95060,40.99851020119874,21.243798033728062,temperature,3
2025-12-26T06:46:34+01:00,d241a044-0a06-40c2-9d90-c91fd0a95060,40.99851020119874,21.243798033728062,gasResistance,303655
2025-12-26T06:46:34+01:00,d241a044-0a06-40c2-9d90-c91fd0a95060,40.99851020119874,21.243798033728062,humidity,77
2025-12-26T06:46:34+01:00,d241a044-0a06-40c2-9d90-c91fd0a95060,40.99851020119874,21.243798033728062,noise,28
2025-12-26T06:46:34+01:00,d241a044-0a06-40c2-9d90-c91fd0a95060,40.99851020119874,21.243798033728062,noise_dba,39
2025-12-26T06:46:34+01:00,d241a044-0a06-40c2-9d90-c91fd0a95060,40.99851020119874,21.243798033728062,pm10,0
2025-12-26T06:46:34+01:00,d241a044-0a06-40c2-9d90-c91fd0a95060,40.99851020119874,21.243798033728062,pm25,0
2025-12-26T06:46:34+01:00,d241a044-0a06-40c2-9d90-c91fd0a95060,40.99851020119874,21.243798033728062,pressure,895
2025-12-26T06:46:34+01:00,d241a044-0a06-40c2-9d90-c91fd0a95060,40.99851020119874,21.243798033728062,temperature,3
2025-12-26T07:02:06+01:00,d241a044-0a06-40c2-9d90-c91fd0a95060,40.99851020119874,21.243798033728062,gasResistance,305628
2025-12-26T07:02:06+01:00,d241a044-0a06-40c2-9d90-c91fd0a95060,40.99851020119874,21.243798033728062,humidity,76
2025-12-26T07:02:06+01:00,d241a044-0a06-40c2-9d90-c91fd0a95060,40.99851020119874,21.243798033728062,noise,19
2025-12-26T07:02:06+01:00,d241a044-0a06-40c2-9d90-c91fd0a95060,40.99851020119874,21.243798033728062,noise_dba,33
2025-12-26T07:02:06+01:00,d241a044-0a06-40c2-9d90-c91fd0a95060,40.99851020119874,21.243798033728062,pm10,0
2025-12-26T07:02:06+01:00,d241a044-0a06-40c2-9d90-c91fd0a95060,40.99851020119874,21.243798033728062,pm25,0
2025-12-26T07:02:06+01:00,d241a044-0a06-40c2-9d90-c91fd0a95060,40.99851020119874,21.243798033728062,pressure,895
2025-12-26T07:02:06+01:00,d241a044-0a06-40c2-9d90-c91fd0a95060,40.99851020119874,21.243798033728062,temperature,3
2025-12-26T07:17:38+01:00,d241a044-0a06-40c2-9d90-c91fd0a95060,40.99851020119874,21.243798033728062,gasResistance,323648
2025-12-26T07:17:38+01:00,d241a044-0a06-40c2-9d90-c91fd0a95060,40.99851020119874,21.243798033728062,humidity,74
2025-12-26T07:17:38+01:00,d241a044-0a06-40c2-9d90-c91fd0a95060,40.99851020119874,21.243798033728062,noise,24
2025-12-26T07:17:38+01:00,d241a044-0a06-40c2-9d90-c91fd0a95060,40.99851020119874,21.243798033728062,noise_dba,36
2025-12-26T07:17:38+01:00,d241a044-0a06-40c2-9d90-c91fd0a95060,40.99851020119874,21.243798033728062,pm10,0
2025-12-26T07:17:38+01:00,d241a044-0a06-40c2-9d90-c91fd0a95060,40.99851020119874,21.243798033728062,pm25,0
2025-12-26T07:17:38+01:00,d241a044-0a06-40c2-9d90-c91fd0a95060,40.99851020119874,21.243798033728062,pressure,896
2025-12-26T07:17:38+01:00,d241a044-0a06-40c2-9d90-c91fd0a95060,40.99851020119874,21.243798033728062,temperature,4
2025-12-26T07:33:10+01:00,d241a044-0a06-40c2-9d90-c91fd0a95060,40.99851020119874,21.243798033728062,gasResistance,325568
2025-12-26T07:33:10+01:00,d241a044-0a06-40c2-9d90-c91fd0a95060,40.99851020119874,21.243798033728062,humidity,74
2025-12-26T07:33:10+01:00,d241a044-0a06-40c2-9d90-c91fd0a95060,40.99851020119874,21.243798033728062,noise,24
2025-12-26T07:33:10+01:00,d241a044-0a06-40c2-9d90-c91fd0a95060,40.99851020119874,21.243798033728062,noise_dba,36
2025-12-26T07:33:10+01:00,d241a044-0a06-40c2-9d90-c91fd0a95060,40.99851020119874,21.243798033728062,pm10,0
2025-12-26T07:33:10+01:00,d241a044-0a06-40c2-9d90-c91fd0a95060,40.99851020119874,21.243798033728062,pm25,0
2025-12-26T07:33:10+01:00,d241a044-0a06-40c2-9d90-c91fd0a95060,40.99851020119874,21.243798033728062,pressure,896
2025-12-26T07:33:10+01:00,d241a044-0a06-40c2-9d90-c91fd0a95060,40.99851020119874,21.243798033728062,temperature,4
2025-12-26T07:48:41+01:00,d241a044-0a06-40c2-9d90-c91fd0a95060,40.99851020119874,21.243798033728062,gasResistance,328163
2025-12-26T07:48:41+01:00,d241a044-0a06-40c2-9d90-c91fd0a95060,40.99851020119874,21.243798033728062,humidity,75
2025-12-26T07:48:41+01:00,d241a044-0a06-40c2-9d90-c91fd0a95060,40.99851020119874,21.243798033728062,noise,20
2025-12-26T07:48:41+01:00,d241a044-0a06-40c2-9d90-c91fd0a95060,40.99851020119874,21.243798033728062,noise_dba,34
2025-12-26T07:48:41+01:00,d241a044-0a06-40c2-9d90-c91fd0a95060,40.99851020119874,21.243798033728062,pm10,0
2025-12-26T07:48:41+01:00,d241a044-0a06-40c2-9d90-c91fd0a95060,40.99851020119874,21.243798033728062,pm25,0
2025-12-26T07:48:41+01:00,d241a044-0a06-40c2-9d90-c91fd0a95060,40.99851020119874,21.243798033728062,pressure,896
2025-12-26T07:48:41+01:00,d241a044-0a06-40c2-9d90-c91fd0a95060,40.99851020119874,21.243798033728062,temperature,4
2025-12-26T08:04:13+01:00,d241a044-0a06-40c2-9d90-c91fd0a95060,40.99851020119874,21.243798033728062,gasResistance,340373
2025-12-26T08:04:13+01:00,d241a044-0a06-40c2-9d90-c91fd0a95060,40.99851020119874,21.243798033728062,humidity,75
2025-12-26T08:04:13+01:00,d241a044-0a06-40c2-9d90-c91fd0a95060,40.99851020119874,21.243798033728062,noise,20
2025-12-26T08:04:13+01:00,d241a044-0a06-40c2-9d90-c91fd0a95060,40.99851020119874,21.243798033728062,noise_dba,34
2025-12-26T08:04:13+01:00,d241a044-0a06-40c2-9d90-c91fd0a95060,40.99851020119874,21.243798033728062,pm10,1
2025-12-26T08:04:13+01:00,d241a044-0a06-40c2-9d90-c91fd0a95060,40.99851020119874,21.243798033728062,pm25,0
2025-12-26T08:04:13+01:00,d241a044-0a06-40c2-9d90-c91fd0a95060,40.99851020119874,21.243798033728062,pressure,896
2025-12-26T08:04:13+01:00,d241a044-0a06-40c2-9d90-c91fd0a95060,40.99851020119874,21.243798033728062,temperature,4
2025-12-26T08:19:45+01:00,d241a044-0a06-40c2-9d90-c91fd0a95060,40.99851020119874,21.243798033728062,gasResistance,357750
2025-12-26T08:19:45+01:00,d241a044-0a06-40c2-9d90-c91fd0a95060,40.99851020119874,21.243798033728062,humidity,73
2025-12-26T08:19:45+01:00,d241a044-0a06-40c2-9d90-c91fd0a95060,40.99851020119874,21.243798033728062,noise,24
2025-12-26T08:19:45+01:00,d241a044-0a06-40c2-9d90-c91fd0a95060,40.99851020119874,21.243798033728062,noise_dba,36
2025-12-26T08:19:45+01:00,d241a044-0a06-40c2-9d90-c91fd0a95060,40.99851020119874,21.243798033728062,pm10,0
2025-12-26T08:19:45+01:00,d241a044-0a06-40c2-9d90-c91fd0a95060,40.99851020119874,21.243798033728062,pm25,0
2025-12-26T08:19:45+01:00,d241a044-0a06-40c2-9d90-c91fd0a95060,40.99851020119874,21.243798033728062,pressure,896
2025-12-26T08:19:45+01:00,d241a044-0a06-40c2-9d90-c91fd0a95060,40.99851020119874,21.243798033728062,temperature,4
2025-12-26T08:35:16+01:00,d241a044-0a06-40c2-9d90-c91fd0a95060,40.99851020119874,21.243798033728062,gasResistance,364481
2025-12-26T08:35:16+01:00,d241a044-0a06-40c2-9d90-c91fd0a95060,40.99851020119874,21.243798033728062,humidity,78
2025-12-26T08:35:16+01:00,d241a044-0a06-40c2-9d90-c91fd0a95060,40.99851020119874,21.243798033728062,noise,19
2025-12-26T08:35:16+01:00,d241a044-0a06-40c2-9d90-c91fd0a95060,40.99851020119874,21.243798033728062,noise_dba,33
2025-12-26T08:35:16+01:00,d241a044-0a06-40c2-9d90-c91fd0a95060,40.99851020119874,21.243798033728062,pm10,1
2025-12-26T08:35:16+01:00,d241a044-0a06-40c2-9d90-c91fd0a95060,40.99851020119874,21.243798033728062,pm25,0
2025-12-26T08:35:16+01:00,d241a044-0a06-40c2-9d90-c91fd0a95060,40.99851020119874,21.243798033728062,pressure,896
2025-12-26T08:35:16+01:00,d241a044-0a06-40c2-9d90-c91fd0a95060,40.99851020119874,21.243798033728062,temperature,4
2025-12-26T08:50:48+01:00,d241a044-0a06-40c2-9d90-c91fd0a95060,40.99851020119874,21.243798033728062,gasResistance,367736
2025-12-26T08:50:48+01:00,d241a044-0a06-40c2-9d90-c91fd0a95060,40.99851020119874,21.243798033728062,humidity,73
2025-12-26T08:50:48+01:00,d241a044-0a06-40c2-9d90-c91fd0a95060,40.99851020119874,21.243798033728062,noise,21
2025-12-26T08:50:48+01:00,d241a044-0a06-40c2-9d90-c91fd0a95060,40.99851020119874,21.243798033728062,noise_dba,34
2025-12-26T08:50:48+01:00,d241a044-0a06-40c2-9d90-c91fd0a95060,40.99851020119874,21.243798033728062,pm10,1
2025-12-26T08:50:48+01:00,d241a044-0a06-40c2-9d90-c91fd0a95060,40.99851020119874,21.243798033728062,pm25,0
2025-12-26T08:50:48+01:00,d241a044-0a06-40c2-9d90-c91fd0a95060,40.99851020119874,21.243798033728062,pressure,896
2025-12-26T08:50:48+01:00,d241a044-0a06-40c2-9d90-c91fd0a95060,40.99851020119874,21.243798033728062,temperature,4
2025-12-26T09:06:19+01:00,d241a044-0a06-40c2-9d90-c91fd0a95060,40.99851020119874,21.243798033728062,gasResistance,375279
2025-12-26T09:06:19+01:00,d241a044-0a06-40c2-9d90-c91fd0a95060,40.99851020119874,21.243798033728062,humidity,72
2025-12-26T09:06:19+01:00,d241a044-0a06-40c2-9d90-c91fd0a95060,40.99851020119874,21.243798033728062,noise,29
2025-12-26T09:06:19+01:00,d241a044-0a06-40c2-9d90-c91fd0a95060,40.99851020119874,21.243798033728062,noise_dba,40
2025-12-26T09:06:19+01:00,d241a044-0a06-40c2-9d90-c91fd0a95060,40.99851020119874,21.243798033728062,pm10,1
2025-12-26T09:06:19+01:00,d241a044-0a06-40c2-9d90-c91fd0a95060,40.99851020119874,21.243798033728062,pm25,1
2025-12-26T09:06:19+01:00,d241a044-0a06-40c2-9d90-c91fd0a95060,40.99851020119874,21.243798033728062,pressure,896
2025-12-26T09:06:19+01:00,d241a044-0a06-40c2-9d90-c91fd0a95060,40.99851020119874,21.243798033728062,temperature,5
2025-12-26T09:21:51+01:00,d241a044-0a06-40c2-9d90-c91fd0a95060,40.99851020119874,21.243798033728062,gasResistance,384231
2025-12-26T09:21:51+01:00,d241a044-0a06-40c2-9d90-c91fd0a95060,40.99851020119874,21.243798033728062,humidity,70
2025-12-26T09:21:51+01:00,d241a044-0a06-40c2-9d90-c91fd0a95060,40.99851020119874,21.243798033728062,noise,19
2025-12-26T09:21:51+01:00,d241a044-0a06-40c2-9d90-c91fd0a95060,40.99851020119874,21.243798033728062,noise_dba,33
2025-12-26T09:21:51+01:00,d241a044-0a06-40c2-9d90-c91fd0a95060,40.99851020119874,21.243798033728062,pm10,2
2025-12-26T09:21:51+01:00,d241a044-0a06-40c2-9d90-c91fd0a95060,40.99851020119874,21.243798033728062,pm25,1
2025-12-26T09:21:51+01:00,d241a044-0a06-40c2-9d90-c91fd0a95060,40.99851020119874,21.243798033728062,pressure,896
2025-12-26T09:21:51+01:00,d241a044-0a06-40c2-9d90-c91fd0a95060,40.99851020119874,21.243798033728062,temperature,6
2025-12-26T09:37:24+01:00,d241a044-0a06-40c2-9d90-c91fd0a95060,40.99851020119874,21.243798033728062,gasResistance,394188
2025-12-26T09:37:24+01:00,d241a044-0a06-40c2-9d90-c91fd0a95060,40.99851020119874,21.243798033728062,humidity,70
2025-12-26T09:37:24+01:00,d241a044-0a06-40c2-9d90-c91fd0a95060,40.99851020119874,21.243798033728062,noise,19
2025-12-26T09:37:24+01:00,d241a044-0a06-40c2-9d90-c91fd0a95060,40.99851020119874,21.243798033728062,noise_dba,33
2025-12-26T09:37:24+01:00,d241a044-0a06-40c2-9d90-c91fd0a95060,40.99851020119874,21.243798033728062,pm10,1
2025-12-26T09:37:24+01:00,d241a044-0a06-40c2-9d90-c91fd0a95060,40.99851020119874,21.243798033728062,pm25,1
2025-12-26T09:37:24+01:00,d241a044-0a06-40c2-9d90-c91fd0a95060,40.99851020119874,21.243798033728062,pressure,896
2025-12-26T09:37:24+01:00,d241a044-0a06-40c2-9d90-c91fd0a95060,40.99851020119874,21.243798033728062,temperature,6
2025-12-26T09:52:55+01:00,d241a044-0a06-40c2-9d90-c91fd0a95060,40.99851020119874,21.243798033728062,gasResistance,397465
2025-12-26T09:52:55+01:00,d241a044-0a06-40c2-9d90-c91fd0a95060,40.99851020119874,21.243798033728062,humidity,71
2025-12-26T09:52:55+01:00,d241a044-0a06-40c2-9d90-c91fd0a95060,40.99851020119874,21.243798033728062,noise,24
2025-12-26T09:52:55+01:00,d241a044-0a06-40c2-9d90-c91fd0a95060,40.99851020119874,21.243798033728062,noise_dba,36
2025-12-26T09:52:55+01:00,d241a044-0a06-40c2-9d90-c91fd0a95060,40.99851020119874,21.243798033728062,pm10,2
2025-12-26T09:52:55+01:00,d241a044-0a06-40c2-9d90-c91fd0a95060,40.99851020119874,21.243798033728062,pm25,1
2025-12-26T09:52:55+01:00,d241a044-0a06-40c2-9d90-c91fd0a95060,40.99851020119874,21.243798033728062,pressure,896
2025-12-26T09:52:55+01:00,d241a044-0a06-40c2-9d90-c91fd0a95060,40.99851020119874,21.243798033728062,temperature,6
2025-12-26T10:08:27+01:00,d241a044-0a06-40c2-9d90-c91fd0a95060,40.99851020119874,21.243798033728062,gasResistance,394420
2025-12-26T10:08:27+01:00,d241a044-0a06-40c2-9d90-c91fd0a95060,40.99851020119874,21.243798033728062,humidity,72
2025-12-26T10:08:27+01:00,d241a044-0a06-40c2-9d90-c91fd0a95060,40.99851020119874,21.243798033728062,noise,27
2025-12-26T10:08:27+01:00,d241a044-0a06-40c2-9d90-c91fd0a95060,40.99851020119874,21.243798033728062,noise_dba,38
2025-12-26T10:08:27+01:00,d241a044-0a06-40c2-9d90-c91fd0a95060,40.99851020119874,21.243798033728062,pm10,4
2025-12-26T10:08:27+01:00,d241a044-0a06-40c2-9d90-c91fd0a95060,40.99851020119874,21.243798033728062,pm25,3
2025-12-26T10:08:27+01:00,d241a044-0a06-40c2-9d90-c91fd0a95060,40.99851020119874,21.243798033728062,pressure,896
2025-12-26T10:08:27+01:00,d241a044-0a06-40c2-9d90-c91fd0a95060,40.99851020119874,21.243798033728062,temperature,6
2025-12-26T10:23:58+01:00,d241a044-0a06-40c2-9d90-c91fd0a95060,40.99851020119874,21.243798033728062,gasResistance,382038
2025-12-26T10:23:58+01:00,d241a044-0a06-40c2-9d90-c91fd0a95060,40.99851020119874,21.243798033728062,humidity,72
2025-12-26T10:23:58+01:00,d241a044-0a06-40c2-9d90-c91fd0a95060,40.99851020119874,21.243798033728062,noise,24
2025-12-26T10:23:58+01:00,d241a044-0a06-40c2-9d90-c91fd0a95060,40.99851020119874,21.243798033728062,noise_dba,36
2025-12-26T10:23:58+01:00,d241a044-0a06-40c2-9d90-c91fd0a95060,40.99851020119874,21.243798033728062,pm10,9
2025-12-26T10:23:58+01:00,d241a044-0a06-40c2-9d90-c91fd0a95060,40.99851020119874,21.243798033728062,pm25,4
2025-12-26T10:23:58+01:00,d241a044-0a06-40c2-9d90-c91fd0a95060,40.99851020119874,21.243798033728062,pressure,896
2025-12-26T10:23:58+01:00,d241a044-0a06-40c2-9d90-c91fd0a95060,40.99851020119874,21.243798033728062,temperature,6
2025-12-26T10:39:30+01:00,d241a044-0a06-40c2-9d90-c91fd0a95060,40.99851020119874,21.243798033728062,gasResistance,371051
2025-12-26T10:39:30+01:00,d241a044-0a06-40c2-9d90-c91fd0a95060,40.99851020119874,21.243798033728062,humidity,74
2025-12-26T10:39:30+01:00,d241a044-0a06-40c2-9d90-c91fd0a95060,40.99851020119874,21.243798033728062,noise,20
2025-12-26T10:39:30+01:00,d241a044-0a06-40c2-9d90-c91fd0a95060,40.99851020119874,21.243798033728062,noise_dba,34
2025-12-26T10:39:30+01:00,d241a044-0a06-40c2-9d90-c91fd0a95060,40.99851020119874,21.243798033728062,pm10,6
2025-12-26T10:39:30+01:00,d241a044-0a06-40c2-9d90-c91fd0a95060,40.99851020119874,21.243798033728062,pm25,4
2025-12-26T10:39:30+01:00,d241a044-0a06-40c2-9d90-c91fd0a95060,40.99851020119874,21.243798033728062,pressure,896
2025-12-26T10:39:30+01:00,d241a044-0a06-40c2-9d90-c91fd0a95060,40.99851020119874,21.243798033728062,temperature,6
2025-12-26T10:55:02+01:00,d241a044-0a06-40c2-9d90-c91fd0a95060,40.99851020119874,21.243798033728062,gasResistance,349030
2025-12-26T10:55:02+01:00,d241a044-0a06-40c2-9d90-c91fd0a95060,40.99851020119874,21.243798033728062,humidity,74
2025-12-26T10:55:02+01:00,d241a044-0a06-40c2-9d90-c91fd0a95060,40.99851020119874,21.243798033728062,noise,20
2025-12-26T10:55:02+01:00,d241a044-0a06-40c2-9d90-c91fd0a95060,40.99851020119874,21.243798033728062,noise_dba,34
2025-12-26T10:55:02+01:00,d241a044-0a06-40c2-9d90-c91fd0a95060,40.99851020119874,21.243798033728062,pm10,67
2025-12-26T10:55:02+01:00,d241a044-0a06-40c2-9d90-c91fd0a95060,40.99851020119874,21.243798033728062,pm25,8
2025-12-26T10:55:02+01:00,d241a044-0a06-40c2-9d90-c91fd0a95060,40.99851020119874,21.243798033728062,pressure,895
2025-12-26T10:55:02+01:00,d241a044-0a06-40c2-9d90-c91fd0a95060,40.99851020119874,21.243798033728062,temperature,6
2025-12-26T11:10:33+01:00,d241a044-0a06-40c2-9d90-c91fd0a95060,40.99851020119874,21.243798033728062,gasResistance,335177
2025-12-26T11:10:33+01:00,d241a044-0a06-40c2-9d90-c91fd0a95060,40.99851020119874,21.243798033728062,humidity,75
2025-12-26T11:10:33+01:00,d241a044-0a06-40c2-9d90-c91fd0a95060,40.99851020119874,21.243798033728062,noise,24
2025-12-26T11:10:33+01:00,d241a044-0a06-40c2-9d90-c91fd0a95060,40.99851020119874,21.243798033728062,noise_dba,36
2025-12-26T11:10:33+01:00,d241a044-0a06-40c2-9d90-c91fd0a95060,40.99851020119874,21.243798033728062,pm10,28
2025-12-26T11:10:33+01:00,d241a044-0a06-40c2-9d90-c91fd0a95060,40.99851020119874,21.243798033728062,pm25,7
2025-12-26T11:10:33+01:00,d241a044-0a06-40c2-9d90-c91fd0a95060,40.99851020119874,21.243798033728062,pressure,895
2025-12-26T11:10:33+01:00,d241a044-0a06-40c2-9d90-c91fd0a95060,40.99851020119874,21.243798033728062,temperature,6
2025-12-26T11:26:05+01:00,d241a044-0a06-40c2-9d90-c91fd0a95060,40.99851020119874,21.243798033728062,gasResistance,324605
2025-12-26T11:26:05+01:00,d241a044-0a06-40c2-9d90-c91fd0a95060,40.99851020119874,21.243798033728062,humidity,74
2025-12-26T11:26:05+01:00,d241a044-0a06-40c2-9d90-c91fd0a95060,40.99851020119874,21.243798033728062,noise,18
2025-12-26T11:26:05+01:00,d241a044-0a06-40c2-9d90-c91fd0a95060,40.99851020119874,21.243798033728062,noise_dba,32
2025-12-26T11:26:05+01:00,d241a044-0a06-40c2-9d90-c91fd0a95060,40.99851020119874,21.243798033728062,pm10,14
2025-12-26T11:26:05+01:00,d241a044-0a06-40c2-9d90-c91fd0a95060,40.99851020119874,21.243798033728062,pm25,8
2025-12-26T11:26:05+01:00,d241a044-0a06-40c2-9d90-c91fd0a95060,40.99851020119874,21.243798033728062,pressure,895
2025-12-26T11:26:05+01:00,d241a044-0a06-40c2-9d90-c91fd0a95060,40.99851020119874,21.243798033728062,temperature,6
2025-12-26T11:41:37+01:00,d241a044-0a06-40c2-9d90-c91fd0a95060,40.99851020119874,21.243798033728062,gasResistance,322066
2025-12-26T11:41:37+01:00,d241a044-0a06-40c2-9d90-c91fd0a95060,40.99851020119874,21.243798033728062,humidity,74
2025-12-26T11:41:37+01:00,d241a044-0a06-40c2-9d90-c91fd0a95060,40.99851020119874,21.243798033728062,noise,28
2025-12-26T11:41:37+01:00,d241a044-0a06-40c2-9d90-c91fd0a95060,40.99851020119874,21.243798033728062,noise_dba,39
2025-12-26T11:41:37+01:00,d241a044-0a06-40c2-9d90-c91fd0a95060,40.99851020119874,21.243798033728062,pm10,12
2025-12-26T11:41:37+01:00,d241a044-0a06-40c2-9d90-c91fd0a95060,40.99851020119874,21.243798033728062,pm25,7
2025-12-26T11:41:37+01:00,d241a044-0a06-40c2-9d90-c91fd0a95060,40.99851020119874,21.243798033728062,pressure,895
2025-12-26T11:41:37+01:00,d241a044-0a06-40c2-9d90-c91fd0a95060,40.99851020119874,21.243798033728062,temperature,6
2025-12-26T11:57:09+01:00,d241a044-0a06-40c2-9d90-c91fd0a95060,40.99851020119874,21.243798033728062,gasResistance,319256
2025-12-26T11:57:09+01:00,d241a044-0a06-40c2-9d90-c91fd0a95060,40.99851020119874,21.243798033728062,humidity,74
2025-12-26T11:57:09+01:00,d241a044-0a06-40c2-9d90-c91fd0a95060,40.99851020119874,21.243798033728062,noise,23
2025-12-26T11:57:09+01:00,d241a044-0a06-40c2-9d90-c91fd0a95060,40.99851020119874,21.243798033728062,noise_dba,36
2025-12-26T11:57:09+01:00,d241a044-0a06-40c2-9d90-c91fd0a95060,40.99851020119874,21.243798033728062,pm10,7
2025-12-26T11:57:09+01:00,d241a044-0a06-40c2-9d90-c91fd0a95060,40.99851020119874,21.243798033728062,pm25,4
2025-12-26T11:57:09+01:00,d241a044-0a06-40c2-9d90-c91fd0a95060,40.99851020119874,21.243798033728062,pressure,895
2025-12-26T11:57:09+01:00,d241a044-0a06-40c2-9d90-c91fd0a95060,40.99851020119874,21.243798033728062,temperature,6
2025-12-26T12:12:40+01:00,d241a044-0a06-40c2-9d90-c91fd0a95060,40.99851020119874,21.243798033728062,gasResistance,327511
2025-12-26T12:12:40+01:00,d241a044-0a06-40c2-9d90-c91fd0a95060,40.99851020119874,21.243798033728062,humidity,73
2025-12-26T12:12:40+01:00,d241a044-0a06-40c2-9d90-c91fd0a95060,40.99851020119874,21.243798033728062,noise,24
2025-12-26T12:12:40+01:00,d241a044-0a06-40c2-9d90-c91fd0a95060,40.99851020119874,21.243798033728062,noise_dba,36
2025-12-26T12:12:40+01:00,d241a044-0a06-40c2-9d90-c91fd0a95060,40.99851020119874,21.243798033728062,pm10,7
2025-12-26T12:12:40+01:00,d241a044-0a06-40c2-9d90-c91fd0a95060,40.99851020119874,21.243798033728062,pm25,4
2025-12-26T12:12:40+01:00,d241a044-0a06-40c2-9d90-c91fd0a95060,40.99851020119874,21.243798033728062,pressure,895
2025-12-26T12:12:40+01:00,d241a044-0a06-40c2-9d90-c91fd0a95060,40.99851020119874,21.243798033728062,temperature,6
2025-12-26T12:28:12+01:00,d241a044-0a06-40c2-9d90-c91fd0a95060,40.99851020119874,21.243798033728062,gasResistance,334836
2025-12-26T12:28:12+01:00,d241a044-0a06-40c2-9d90-c91fd0a95060,40.99851020119874,21.243798033728062,humidity,73
2025-12-26T12:28:12+01:00,d241a044-0a06-40c2-9d90-c91fd0a95060,40.99851020119874,21.243798033728062,noise,23
2025-12-26T12:28:12+01:00,d241a044-0a06-40c2-9d90-c91fd0a95060,40.99851020119874,21.243798033728062,noise_dba,36
2025-12-26T12:28:12+01:00,d241a044-0a06-40c2-9d90-c91fd0a95060,40.99851020119874,21.243798033728062,pm10,9
2025-12-26T12:28:12+01:00,d241a044-0a06-40c2-9d90-c91fd0a95060,40.99851020119874,21.243798033728062,pm25,6
2025-12-26T12:28:12+01:00,d241a044-0a06-40c2-9d90-c91fd0a95060,40.99851020119874,21.243798033728062,pressure,895
2025-12-26T12:28:12+01:00,d241a044-0a06-40c2-9d90-c91fd0a95060,40.99851020119874,21.243798033728062,temperature,6
2025-12-26T12:43:44+01:00,d241a044-0a06-40c2-9d90-c91fd0a95060,40.99851020119874,21.243798033728062,gasResistance,328818
2025-12-26T12:43:44+01:00,d241a044-0a06-40c2-9d90-c91fd0a95060,40.99851020119874,21.243798033728062,humidity,74
2025-12-26T12:43:44+01:00,d241a044-0a06-40c2-9d90-c91fd0a95060,40.99851020119874,21.243798033728062,noise,24
2025-12-26T12:43:44+01:00,d241a044-0a06-40c2-9d90-c91fd0a95060,40.99851020119874,21.243798033728062,noise_dba,36
2025-12-26T12:43:44+01:00,d241a044-0a06-40c2-9d90-c91fd0a95060,40.99851020119874,21.243798033728062,pm10,10
2025-12-26T12:43:44+01:00,d241a044-0a06-40c2-9d90-c91fd0a95060,40.99851020119874,21.243798033728062,pm25,5
2025-12-26T12:43:44+01:00,d241a044-0a06-40c2-9d90-c91fd0a95060,40.99851020119874,21.243798033728062,pressure,895
2025-12-26T12:43:44+01:00,d241a044-0a06-40c2-9d90-c91fd0a95060,40.99851020119874,21.243798033728062,temperature,6
2025-12-26T12:59:15+01:00,d241a044-0a06-40c2-9d90-c91fd0a95060,40.99851020119874,21.243798033728062,gasResistance,324926
2025-12-26T12:59:15+01:00,d241a044-0a06-40c2-9d90-c91fd0a95060,40.99851020119874,21.243798033728062,humidity,76
2025-12-26T12:59:15+01:00,d241a044-0a06-40c2-9d90-c91fd0a95060,40.99851020119874,21.243798033728062,noise,23
2025-12-26T12:59:15+01:00,d241a044-0a06-40c2-9d90-c91fd0a95060,40.99851020119874,21.243798033728062,noise_dba,36
2025-12-26T12:59:15+01:00,d241a044-0a06-40c2-9d90-c91fd0a95060,40.99851020119874,21.243798033728062,pm10,13
2025-12-26T12:59:15+01:00,d241a044-0a06-40c2-9d90-c91fd0a95060,40.99851020119874,21.243798033728062,pm25,7
2025-12-26T12:59:15+01:00,d241a044-0a06-40c2-9d90-c91fd0a95060,40.99851020119874,21.243798033728062,pressure,895
2025-12-26T12:59:15+01:00,d241a044-0a06-40c2-9d90-c91fd0a95060,40.99851020119874,21.243798033728062,temperature,6
2025-12-26T13:14:47+01:00,d241a044-0a06-40c2-9d90-c91fd0a95060,40.99851020119874,21.243798033728062,gasResistance,317410
2025-12-26T13:14:47+01:00,d241a044-0a06-40c2-9d90-c91fd0a95060,40.99851020119874,21.243798033728062,humidity,75
2025-12-26T13:14:47+01:00,d241a044-0a06-40c2-9d90-c91fd0a95060,40.99851020119874,21.243798033728062,noise,28
2025-12-26T13:14:47+01:00,d241a044-0a06-40c2-9d90-c91fd0a95060,40.99851020119874,21.243798033728062,noise_dba,39
2025-12-26T13:14:47+01:00,d241a044-0a06-40c2-9d90-c91fd0a95060,40.99851020119874,21.243798033728062,pm10,13
2025-12-26T13:14:47+01:00,d241a044-0a06-40c2-9d90-c91fd0a95060,40.99851020119874,21.243798033728062,pm25,7
2025-12-26T13:14:47+01:00,d241a044-0a06-40c2-9d90-c91fd0a95060,40.99851020119874,21.243798033728062,pressure,894
2025-12-26T13:14:47+01:00,d241a044-0a06-40c2-9d90-c91fd0a95060,40.99851020119874,21.243798033728062,temperature,6
2025-12-26T13:30:19+01:00,d241a044-0a06-40c2-9d90-c91fd0a95060,40.99851020119874,21.243798033728062,gasResistance,310820
2025-12-26T13:30:19+01:00,d241a044-0a06-40c2-9d90-c91fd0a95060,40.99851020119874,21.243798033728062,humidity,75
2025-12-26T13:30:19+01:00,d241a044-0a06-40c2-9d90-c91fd0a95060,40.99851020119874,21.243798033728062,noise,20
2025-12-26T13:30:19+01:00,d241a044-0a06-40c2-9d90-c91fd0a95060,40.99851020119874,21.243798033728062,noise_dba,34
2025-12-26T13:30:19+01:00,d241a044-0a06-40c2-9d90-c91fd0a95060,40.99851020119874,21.243798033728062,pm10,15
2025-12-26T13:30:19+01:00,d241a044-0a06-40c2-9d90-c91fd0a95060,40.99851020119874,21.243798033728062,pm25,7
2025-12-26T13:30:19+01:00,d241a044-0a06-40c2-9d90-c91fd0a95060,40.99851020119874,21.243798033728062,pressure,894
2025-12-26T13:30:19+01:00,d241a044-0a06-40c2-9d90-c91fd0a95060,40.99851020119874,21.243798033728062,temperature,6
2025-12-26T13:45:50+01:00,d241a044-0a06-40c2-9d90-c91fd0a95060,40.99851020119874,21.243798033728062,gasResistance,312293
2025-12-26T13:45:50+01:00,d241a044-0a06-40c2-9d90-c91fd0a95060,40.99851020119874,21.243798033728062,humidity,74
2025-12-26T13:45:50+01:00,d241a044-0a06-40c2-9d90-c91fd0a95060,40.99851020119874,21.243798033728062,noise,27
2025-12-26T13:45:50+01:00,d241a044-0a06-40c2-9d90-c91fd0a95060,40.99851020119874,21.243798033728062,noise_dba,38
2025-12-26T13:45:50+01:00,d241a044-0a06-40c2-9d90-c91fd0a95060,40.99851020119874,21.243798033728062,pm10,12
2025-12-26T13:45:50+01:00,d241a044-0a06-40c2-9d90-c91fd0a95060,40.99851020119874,21.243798033728062,pm25,6
2025-12-26T13:45:50+01:00,d241a044-0a06-40c2-9d90-c91fd0a95060,40.99851020119874,21.243798033728062,pressure,894
2025-12-26T13:45:50+01:00,d241a044-0a06-40c2-9d90-c91fd0a95060,40.99851020119874,21.243798033728062,temperature,6
2025-12-26T14:01:22+01:00,d241a044-0a06-40c2-9d90-c91fd0a95060,40.99851020119874,21.243798033728062,gasResistance,313781
2025-12-26T14:01:22+01:00,d241a044-0a06-40c2-9d90-c91fd0a95060,40.99851020119874,21.243798033728062,humidity,74
2025-12-26T14:01:22+01:00,d241a044-0a06-40c2-9d90-c91fd0a95060,40.99851020119874,21.243798033728062,noise,19
2025-12-26T14:01:22+01:00,d241a044-0a06-40c2-9d90-c91fd0a95060,40.99851020119874,21.243798033728062,noise_dba,33
2025-12-26T14:01:22+01:00,d241a044-0a06-40c2-9d90-c91fd0a95060,40.99851020119874,21.243798033728062,pm10,8
2025-12-26T14:01:22+01:00,d241a044-0a06-40c2-9d90-c91fd0a95060,40.99851020119874,21.243798033728062,pm25,5
2025-12-26T14:01:22+01:00,d241a044-0a06-40c2-9d90-c91fd0a95060,40.99851020119874,21.243798033728062,pressure,894
2025-12-26T14:01:22+01:00,d241a044-0a06-40c2-9d90-c91fd0a95060,40.99851020119874,21.243798033728062,temperature,6
2025-12-26T14:16:53+01:00,d241a044-0a06-40c2-9d90-c91fd0a95060,40.99851020119874,21.243798033728062,gasResistance,317410
2025-12-26T14:16:53+01:00,d241a044-0a06-40c2-9d90-c91fd0a95060,40.99851020119874,21.243798033728062,humidity,74
2025-12-26T14:16:53+01:00,d241a044-0a06-40c2-9d90-c91fd0a95060,40.99851020119874,21.243798033728062,noise,21
2025-12-26T14:16:53+01:00,d241a044-0a06-40c2-9d90-c91fd0a95060,40.99851020119874,21.243798033728062,noise_dba,34
2025-12-26T14:16:53+01:00,d241a044-0a06-40c2-9d90-c91fd0a95060,40.99851020119874,21.243798033728062,pm10,8
2025-12-26T14:16:53+01:00,d241a044-0a06-40c2-9d90-c91fd0a95060,40.99851020119874,21.243798033728062,pm25,5
2025-12-26T14:16:53+01:00,d241a044-0a06-40c2-9d90-c91fd0a95060,40.99851020119874,21.243798033728062,pressure,894
2025-12-26T14:16:53+01:00,d241a044-0a06-40c2-9d90-c91fd0a95060,40.99851020119874,21.243798033728062,temperature,6
2025-12-26T14:32:25+01:00,d241a044-0a06-40c2-9d90-c91fd0a95060,40.99851020119874,21.243798033728062,gasResistance,317410
2025-12-26T14:32:25+01:00,d241a044-0a06-40c2-9d90-c91fd0a95060,40.99851020119874,21.243798033728062,humidity,74
2025-12-26T14:32:25+01:00,d241a044-0a06-40c2-9d90-c91fd0a95060,40.99851020119874,21.243798033728062,noise,19
2025-12-26T14:32:25+01:00,d241a044-0a06-40c2-9d90-c91fd0a95060,40.99851020119874,21.243798033728062,noise_dba,33
2025-12-26T14:32:25+01:00,d241a044-0a06-40c2-9d90-c91fd0a95060,40.99851020119874,21.243798033728062,pm10,11
2025-12-26T14:32:25+01:00,d241a044-0a06-40c2-9d90-c91fd0a95060,40.99851020119874,21.243798033728062,pm25,6
2025-12-26T14:32:25+01:00,d241a044-0a06-40c2-9d90-c91fd0a95060,40.99851020119874,21.243798033728062,pressure,894
2025-12-26T14:32:25+01:00,d241a044-0a06-40c2-9d90-c91fd0a95060,40.99851020119874,21.243798033728062,temperature,6
2025-12-26T14:47:57+01:00,d241a044-0a06-40c2-9d90-c91fd0a95060,40.99851020119874,21.243798033728062,gasResistance,315585
2025-12-26T14:47:57+01:00,d241a044-0a06-40c2-9d90-c91fd0a95060,40.99851020119874,21.243798033728062,humidity,74
2025-12-26T14:47:57+01:00,d241a044-0a06-40c2-9d90-c91fd0a95060,40.99851020119874,21.243798033728062,noise,20
2025-12-26T14:47:57+01:00,d241a044-0a06-40c2-9d90-c91fd0a95060,40.99851020119874,21.243798033728062,noise_dba,34
2025-12-26T14:47:57+01:00,d241a044-0a06-40c2-9d90-c91fd0a95060,40.99851020119874,21.243798033728062,pm10,8
2025-12-26T14:47:57+01:00,d241a044-0a06-40c2-9d90-c91fd0a95060,40.99851020119874,21.243798033728062,pm25,5
2025-12-26T14:47:57+01:00,d241a044-0a06-40c2-9d90-c91fd0a95060,40.99851020119874,21.243798033728062,pressure,894
2025-12-26T14:47:57+01:00,d241a044-0a06-40c2-9d90-c91fd0a95060,40.99851020119874,21.243798033728062,temperature,6
2025-12-26T15:03:28+01:00,d241a044-0a06-40c2-9d90-c91fd0a95060,40.99851020119874,21.243798033728062,gasResistance,311998
2025-12-26T15:03:28+01:00,d241a044-0a06-40c2-9d90-c91fd0a95060,40.99851020119874,21.243798033728062,humidity,75
2025-12-26T15:03:28+01:00,d241a044-0a06-40c2-9d90-c91fd0a95060,40.99851020119874,21.243798033728062,noise,28
2025-12-26T15:03:28+01:00,d241a044-0a06-40c2-9d90-c91fd0a95060,40.99851020119874,21.243798033728062,noise_dba,39
2025-12-26T15:03:28+01:00,d241a044-0a06-40c2-9d90-c91fd0a95060,40.99851020119874,21.243798033728062,pm10,10
2025-12-26T15:03:28+01:00,d241a044-0a06-40c2-9d90-c91fd0a95060,40.99851020119874,21.243798033728062,pm25,6
2025-12-26T15:03:28+01:00,d241a044-0a06-40c2-9d90-c91fd0a95060,40.99851020119874,21.243798033728062,pressure,894
2025-12-26T15:03:28+01:00,d241a044-0a06-40c2-9d90-c91fd0a95060,40.99851020119874,21.243798033728062,temperature,6
2025-12-26T15:19:01+01:00,d241a044-0a06-40c2-9d90-c91fd0a95060,40.99851020119874,21.243798033728062,gasResistance,309360
2025-12-26T15:19:01+01:00,d241a044-0a06-40c2-9d90-c91fd0a95060,40.99851020119874,21.243798033728062,humidity,74
2025-12-26T15:19:01+01:00,d241a044-0a06-40c2-9d90-c91fd0a95060,40.99851020119874,21.243798033728062,noise,20
2025-12-26T15:19:01+01:00,d241a044-0a06-40c2-9d90-c91fd0a95060,40.99851020119874,21.243798033728062,noise_dba,34
2025-12-26T15:19:01+01:00,d241a044-0a06-40c2-9d90-c91fd0a95060,40.99851020119874,21.243798033728062,pm10,7
2025-12-26T15:19:01+01:00,d241a044-0a06-40c2-9d90-c91fd0a95060,40.99851020119874,21.243798033728062,pm25,4
2025-12-26T15:19:01+01:00,d241a044-0a06-40c2-9d90-c91fd0a95060,40.99851020119874,21.243798033728062,pressure,894
2025-12-26T15:19:01+01:00,d241a044-0a06-40c2-9d90-c91fd0a95060,40.99851020119874,21.243798033728062,temperature,6
2025-12-26T15:34:32+01:00,d241a044-0a06-40c2-9d90-c91fd0a95060,40.99851020119874,21.243798033728062,gasResistance,310820
2025-12-26T15:34:32+01:00,d241a044-0a06-40c2-9d90-c91fd0a95060,40.99851020119874,21.243798033728062,humidity,74
2025-12-26T15:34:32+01:00,d241a044-0a06-40c2-9d90-c91fd0a95060,40.99851020119874,21.243798033728062,noise,20
2025-12-26T15:34:32+01:00,d241a044-0a06-40c2-9d90-c91fd0a95060,40.99851020119874,21.243798033728062,noise_dba,34
2025-12-26T15:34:32+01:00,d241a044-0a06-40c2-9d90-c91fd0a95060,40.99851020119874,21.243798033728062,pm10,9
2025-12-26T15:34:32+01:00,d241a044-0a06-40c2-9d90-c91fd0a95060,40.99851020119874,21.243798033728062,pm25,5
2025-12-26T15:34:32+01:00,d241a044-0a06-40c2-9d90-c91fd0a95060,40.99851020119874,21.243798033728062,pressure,894
2025-12-26T15:34:32+01:00,d241a044-0a06-40c2-9d90-c91fd0a95060,40.99851020119874,21.243798033728062,temperature,6
2025-12-26T15:50:04+01:00,d241a044-0a06-40c2-9d90-c91fd0a95060,40.99851020119874,21.243798033728062,gasResistance,302262
2025-12-26T15:50:04+01:00,d241a044-0a06-40c2-9d90-c91fd0a95060,40.99851020119874,21.243798033728062,humidity,78
2025-12-26T15:50:04+01:00,d241a044-0a06-40c2-9d90-c91fd0a95060,40.99851020119874,21.243798033728062,noise,20
2025-12-26T15:50:04+01:00,d241a044-0a06-40c2-9d90-c91fd0a95060,40.99851020119874,21.243798033728062,noise_dba,34
2025-12-26T15:50:04+01:00,d241a044-0a06-40c2-9d90-c91fd0a95060,40.99851020119874,21.243798033728062,pm10,6
2025-12-26T15:50:04+01:00,d241a044-0a06-40c2-9d90-c91fd0a95060,40.99851020119874,21.243798033728062,pm25,3
2025-12-26T15:50:04+01:00,d241a044-0a06-40c2-9d90-c91fd0a95060,40.99851020119874,21.243798033728062,pressure,894
2025-12-26T15:50:04+01:00,d241a044-0a06-40c2-9d90-c91fd0a95060,40.99851020119874,21.243798033728062,temperature,5
2025-12-26T16:05:37+01:00,d241a044-0a06-40c2-9d90-c91fd0a95060,40.99851020119874,21.243798033728062,gasResistance,296280
2025-12-26T16:05:37+01:00,d241a044-0a06-40c2-9d90-c91fd0a95060,40.99851020119874,21.243798033728062,humidity,77
2025-12-26T16:05:37+01:00,d241a044-0a06-40c2-9d90-c91fd0a95060,40.99851020119874,21.243798033728062,noise,19
2025-12-26T16:05:37+01:00,d241a044-0a06-40c2-9d90-c91fd0a95060,40.99851020119874,21.243798033728062,noise_dba,33
2025-12-26T16:05:37+01:00,d241a044-0a06-40c2-9d90-c91fd0a95060,40.99851020119874,21.243798033728062,pm10,5
2025-12-26T16:05:37+01:00,d241a044-0a06-40c2-9d90-c91fd0a95060,40.99851020119874,21.243798033728062,pm25,3
2025-12-26T16:05:37+01:00,d241a044-0a06-40c2-9d90-c91fd0a95060,40.99851020119874,21.243798033728062,pressure,894
2025-12-26T16:05:37+01:00,d241a044-0a06-40c2-9d90-c91fd0a95060,40.99851020119874,21.243798033728062,temperature,5
2025-12-26T16:21:08+01:00,d241a044-0a06-40c2-9d90-c91fd0a95060,40.99851020119874,21.243798033728062,gasResistance,288494
2025-12-26T16:21:08+01:00,d241a044-0a06-40c2-9d90-c91fd0a95060,40.99851020119874,21.243798033728062,humidity,75
2025-12-26T16:21:08+01:00,d241a044-0a06-40c2-9d90-c91fd0a95060,40.99851020119874,21.243798033728062,noise,19
2025-12-26T16:21:08+01:00,d241a044-0a06-40c2-9d90-c91fd0a95060,40.99851020119874,21.243798033728062,noise_dba,33
2025-12-26T16:21:08+01:00,d241a044-0a06-40c2-9d90-c91fd0a95060,40.99851020119874,21.243798033728062,pm10,11
2025-12-26T16:21:08+01:00,d241a044-0a06-40c2-9d90-c91fd0a95060,40.99851020119874,21.243798033728062,pm25,6
2025-12-26T16:21:08+01:00,d241a044-0a06-40c2-9d90-c91fd0a95060,40.99851020119874,21.243798033728062,pressure,894
2025-12-26T16:21:08+01:00,d241a044-0a06-40c2-9d90-c91fd0a95060,40.99851020119874,21.243798033728062,temperature,5
2025-12-26T16:36:40+01:00,d241a044-0a06-40c2-9d90-c91fd0a95060,40.99851020119874,21.243798033728062,gasResistance,282070
2025-12-26T16:36:40+01:00,d241a044-0a06-40c2-9d90-c91fd0a95060,40.99851020119874,21.243798033728062,humidity,75
2025-12-26T16:36:40+01:00,d241a044-0a06-40c2-9d90-c91fd0a95060,40.99851020119874,21.243798033728062,noise,21
2025-12-26T16:36:40+01:00,d241a044-0a06-40c2-9d90-c91fd0a95060,40.99851020119874,21.243798033728062,noise_dba,34
2025-12-26T16:36:40+01:00,d241a044-0a06-40c2-9d90-c91fd0a95060,40.99851020119874,21.243798033728062,pm10,10
2025-12-26T16:36:40+01:00,d241a044-0a06-40c2-9d90-c91fd0a95060,40.99851020119874,21.243798033728062,pm25,5
2025-12-26T16:36:40+01:00,d241a044-0a06-40c2-9d90-c91fd0a95060,40.99851020119874,21.243798033728062,pressure,894
2025-12-26T16:36:40+01:00,d241a044-0a06-40c2-9d90-c91fd0a95060,40.99851020119874,21.243798033728062,temperature,5
2025-12-26T16:52:12+01:00,d241a044-0a06-40c2-9d90-c91fd0a95060,40.99851020119874,21.243798033728062,gasResistance,292855
2025-12-26T16:52:12+01:00,d241a044-0a06-40c2-9d90-c91fd0a95060,40.99851020119874,21.243798033728062,humidity,74
2025-12-26T16:52:12+01:00,d241a044-0a06-40c2-9d90-c91fd0a95060,40.99851020119874,21.243798033728062,noise,20
2025-12-26T16:52:12+01:00,d241a044-0a06-40c2-9d90-c91fd0a95060,40.99851020119874,21.243798033728062,noise_dba,34
2025-12-26T16:52:12+01:00,d241a044-0a06-40c2-9d90-c91fd0a95060,40.99851020119874,21.243798033728062,pm10,16
2025-12-26T16:52:12+01:00,d241a044-0a06-40c2-9d90-c91fd0a95060,40.99851020119874,21.243798033728062,pm25,10
2025-12-26T16:52:12+01:00,d241a044-0a06-40c2-9d90-c91fd0a95060,40.99851020119874,21.243798033728062,pressure,894
2025-12-26T16:52:12+01:00,d241a044-0a06-40c2-9d90-c91fd0a95060,40.99851020119874,21.243798033728062,temperature,5
2025-12-26T17:07:44+01:00,d241a044-0a06-40c2-9d90-c91fd0a95060,40.99851020119874,21.243798033728062,gasResistance,299241
2025-12-26T17:07:44+01:00,d241a044-0a06-40c2-9d90-c91fd0a95060,40.99851020119874,21.243798033728062,humidity,74
2025-12-26T17:07:44+01:00,d241a044-0a06-40c2-9d90-c91fd0a95060,40.99851020119874,21.243798033728062,noise,41
2025-12-26T17:07:44+01:00,d241a044-0a06-40c2-9d90-c91fd0a95060,40.99851020119874,21.243798033728062,noise_dba,45
2025-12-26T17:07:44+01:00,d241a044-0a06-40c2-9d90-c91fd0a95060,40.99851020119874,21.243798033728062,pm10,7
2025-12-26T17:07:44+01:00,d241a044-0a06-40c2-9d90-c91fd0a95060,40.99851020119874,21.243798033728062,pm25,4
2025-12-26T17:07:44+01:00,d241a044-0a06-40c2-9d90-c91fd0a95060,40.99851020119874,21.243798033728062,pressure,894
2025-12-26T17:07:44+01:00,d241a044-0a06-40c2-9d90-c91fd0a95060,40.99851020119874,21.243798033728062,temperature,5
2025-12-26T17:23:15+01:00,d241a044-0a06-40c2-9d90-c91fd0a95060,40.99851020119874,21.243798033728062,gasResistance,306481
2025-12-26T17:23:15+01:00,d241a044-0a06-40c2-9d90-c91fd0a95060,40.99851020119874,21.243798033728062,humidity,76
2025-12-26T17:23:15+01:00,d241a044-0a06-40c2-9d90-c91fd0a95060,40.99851020119874,21.243798033728062,noise,24
2025-12-26T17:23:15+01:00,d241a044-0a06-40c2-9d90-c91fd0a95060,40.99851020119874,21.243798033728062,noise_dba,36
2025-12-26T17:23:15+01:00,d241a044-0a06-40c2-9d90-c91fd0a95060,40.99851020119874,21.243798033728062,pm10,8
2025-12-26T17:23:15+01:00,d241a044-0a06-40c2-9d90-c91fd0a95060,40.99851020119874,21.243798033728062,pm25,5
2025-12-26T17:23:15+01:00,d241a044-0a06-40c2-9d90-c91fd0a95060,40.99851020119874,21.243798033728062,pressure,894
2025-12-26T17:23:15+01:00,d241a044-0a06-40c2-9d90-c91fd0a95060,40.99851020119874,21.243798033728062,temperature,5
2025-12-26T17:38:47+01:00,d241a044-0a06-40c2-9d90-c91fd0a95060,40.99851020119874,21.243798033728062,gasResistance,303936
2025-12-26T17:38:47+01:00,d241a044-0a06-40c2-9d90-c91fd0a95060,40.99851020119874,21.243798033728062,humidity,77
2025-12-26T17:38:47+01:00,d241a044-0a06-40c2-9d90-c91fd0a95060,40.99851020119874,21.243798033728062,noise,29
2025-12-26T17:38:47+01:00,d241a044-0a06-40c2-9d90-c91fd0a95060,40.99851020119874,21.243798033728062,noise_dba,40
2025-12-26T17:38:47+01:00,d241a044-0a06-40c2-9d90-c91fd0a95060,40.99851020119874,21.243798033728062,pm10,6
2025-12-26T17:38:47+01:00,d241a044-0a06-40c2-9d90-c91fd0a95060,40.99851020119874,21.243798033728062,pm25,4
2025-12-26T17:38:47+01:00,d241a044-0a06-40c2-9d90-c91fd0a95060,40.99851020119874,21.243798033728062,pressure,894
2025-12-26T17:38:47+01:00,d241a044-0a06-40c2-9d90-c91fd0a95060,40.99851020119874,21.243798033728062,temperature,5
2025-12-26T17:54:18+01:00,d241a044-0a06-40c2-9d90-c91fd0a95060,40.99851020119874,21.243798033728062,gasResistance,290786
2025-12-26T17:54:18+01:00,d241a044-0a06-40c2-9d90-c91fd0a95060,40.99851020119874,21.243798033728062,humidity,77
2025-12-26T17:54:18+01:00,d241a044-0a06-40c2-9d90-c91fd0a95060,40.99851020119874,21.243798033728062,noise,25
2025-12-26T17:54:18+01:00,d241a044-0a06-40c2-9d90-c91fd0a95060,40.99851020119874,21.243798033728062,noise_dba,37
2025-12-26T17:54:18+01:00,d241a044-0a06-40c2-9d90-c91fd0a95060,40.99851020119874,21.243798033728062,pm10,5
2025-12-26T17:54:18+01:00,d241a044-0a06-40c2-9d90-c91fd0a95060,40.99851020119874,21.243798033728062,pm25,3
2025-12-26T17:54:18+01:00,d241a044-0a06-40c2-9d90-c91fd0a95060,40.99851020119874,21.243798033728062,pressure,894
2025-12-26T17:54:18+01:00,d241a044-0a06-40c2-9d90-c91fd0a95060,40.99851020119874,21.243798033728062,temperature,5
2025-12-26T18:09:50+01:00,d241a044-0a06-40c2-9d90-c91fd0a95060,40.99851020119874,21.243798033728062,gasResistance,275925
2025-12-26T18:09:50+01:00,d241a044-0a06-40c2-9d90-c91fd0a95060,40.99851020119874,21.243798033728062,humidity,79
2025-12-26T18:09:50+01:00,d241a044-0a06-40c2-9d90-c91fd0a95060,40.99851020119874,21.243798033728062,noise,22
2025-12-26T18:09:50+01:00,d241a044-0a06-40c2-9d90-c91fd0a95060,40.99851020119874,21.243798033728062,noise_dba,35
2025-12-26T18:09:50+01:00,d241a044-0a06-40c2-9d90-c91fd0a95060,40.99851020119874,21.243798033728062,pm10,2
2025-12-26T18:09:50+01:00,d241a044-0a06-40c2-9d90-c91fd0a95060,40.99851020119874,21.243798033728062,pm25,1
2025-12-26T18:09:50+01:00,d241a044-0a06-40c2-9d90-c91fd0a95060,40.99851020119874,21.243798033728062,pressure,894
2025-12-26T18:09:50+01:00,d241a044-0a06-40c2-9d90-c91fd0a95060,40.99851020119874,21.243798033728062,temperature,4
2025-12-26T18:25:23+01:00,d241a044-0a06-40c2-9d90-c91fd0a95060,40.99851020119874,21.243798033728062,gasResistance,264406
2025-12-26T18:25:23+01:00,d241a044-0a06-40c2-9d90-c91fd0a95060,40.99851020119874,21.243798033728062,humidity,76
2025-12-26T18:25:23+01:00,d241a044-0a06-40c2-9d90-c91fd0a95060,40.99851020119874,21.243798033728062,noise,25
2025-12-26T18:25:23+01:00,d241a044-0a06-40c2-9d90-c91fd0a95060,40.99851020119874,21.243798033728062,noise_dba,37
2025-12-26T18:25:23+01:00,d241a044-0a06-40c2-9d90-c91fd0a95060,40.99851020119874,21.243798033728062,pm10,0
2025-12-26T18:25:23+01:00,d241a044-0a06-40c2-9d90-c91fd0a95060,40.99851020119874,21.243798033728062,pm25,0
2025-12-26T18:25:23+01:00,d241a044-0a06-40c2-9d90-c91fd0a95060,40.99851020119874,21.243798033728062,pressure,894
2025-12-26T18:25:23+01:00,d241a044-0a06-40c2-9d90-c91fd0a95060,40.99851020119874,21.243798033728062,temperature,4
2025-12-26T18:40:54+01:00,d241a044-0a06-40c2-9d90-c91fd0a95060,40.99851020119874,21.243798033728062,gasResistance,264832
2025-12-26T18:40:54+01:00,d241a044-0a06-40c2-9d90-c91fd0a95060,40.99851020119874,21.243798033728062,humidity,74
2025-12-26T18:40:54+01:00,d241a044-0a06-40c2-9d90-c91fd0a95060,40.99851020119874,21.243798033728062,noise,19
2025-12-26T18:40:54+01:00,d241a044-0a06-40c2-9d90-c91fd0a95060,40.99851020119874,21.243798033728062,noise_dba,33
2025-12-26T18:40:54+01:00,d241a044-0a06-40c2-9d90-c91fd0a95060,40.99851020119874,21.243798033728062,pm10,1
2025-12-26T18:40:54+01:00,d241a044-0a06-40c2-9d90-c91fd0a95060,40.99851020119874,21.243798033728062,pm25,1
2025-12-26T18:40:54+01:00,d241a044-0a06-40c2-9d90-c91fd0a95060,40.99851020119874,21.243798033728062,pressure,894
2025-12-26T18:40:54+01:00,d241a044-0a06-40c2-9d90-c91fd0a95060,40.99851020119874,21.243798033728062,temperature,4
2025-12-26T18:56:26+01:00,d241a044-0a06-40c2-9d90-c91fd0a95060,40.99851020119874,21.243798033728062,gasResistance,270932
2025-12-26T18:56:26+01:00,d241a044-0a06-40c2-9d90-c91fd0a95060,40.99851020119874,21.243798033728062,humidity,81
2025-12-26T18:56:26+01:00,d241a044-0a06-40c2-9d90-c91fd0a95060,40.99851020119874,21.243798033728062,noise,20
2025-12-26T18:56:26+01:00,d241a044-0a06-40c2-9d90-c91fd0a95060,40.99851020119874,21.243798033728062,noise_dba,34
2025-12-26T18:56:26+01:00,d241a044-0a06-40c2-9d90-c91fd0a95060,40.99851020119874,21.243798033728062,pm10,3
2025-12-26T18:56:26+01:00,d241a044-0a06-40c2-9d90-c91fd0a95060,40.99851020119874,21.243798033728062,pm25,2
2025-12-26T18:56:26+01:00,d241a044-0a06-40c2-9d90-c91fd0a95060,40.99851020119874,21.243798033728062,pressure,894
2025-12-26T18:56:26+01:00,d241a044-0a06-40c2-9d90-c91fd0a95060,40.99851020119874,21.243798033728062,temperature,4
2025-12-26T19:11:59+01:00,d241a044-0a06-40c2-9d90-c91fd0a95060,40.99851020119874,21.243798033728062,gasResistance,266978
2025-12-26T19:11:59+01:00,d241a044-0a06-40c2-9d90-c91fd0a95060,40.99851020119874,21.243798033728062,humidity,78
2025-12-26T19:11:59+01:00,d241a044-0a06-40c2-9d90-c91fd0a95060,40.99851020119874,21.243798033728062,noise,47
2025-12-26T19:11:59+01:00,d241a044-0a06-40c2-9d90-c91fd0a95060,40.99851020119874,21.243798033728062,noise_dba,47
2025-12-26T19:11:59+01:00,d241a044-0a06-40c2-9d90-c91fd0a95060,40.99851020119874,21.243798033728062,pm10,9
2025-12-26T19:11:59+01:00,d241a044-0a06-40c2-9d90-c91fd0a95060,40.99851020119874,21.243798033728062,pm25,4
2025-12-26T19:11:59+01:00,d241a044-0a06-40c2-9d90-c91fd0a95060,40.99851020119874,21.243798033728062,pressure,894
2025-12-26T19:11:59+01:00,d241a044-0a06-40c2-9d90-c91fd0a95060,40.99851020119874,21.243798033728062,temperature,3
2025-12-26T19:27:30+01:00,d241a044-0a06-40c2-9d90-c91fd0a95060,40.99851020119874,21.243798033728062,gasResistance,278964
2025-12-26T19:27:30+01:00,d241a044-0a06-40c2-9d90-c91fd0a95060,40.99851020119874,21.243798033728062,humidity,76
2025-12-26T19:27:30+01:00,d241a044-0a06-40c2-9d90-c91fd0a95060,40.99851020119874,21.243798033728062,noise,30
2025-12-26T19:27:30+01:00,d241a044-0a06-40c2-9d90-c91fd0a95060,40.99851020119874,21.243798033728062,noise_dba,40
2025-12-26T19:27:30+01:00,d241a044-0a06-40c2-9d90-c91fd0a95060,40.99851020119874,21.243798033728062,pm10,7
2025-12-26T19:27:30+01:00,d241a044-0a06-40c2-9d90-c91fd0a95060,40.99851020119874,21.243798033728062,pm25,3
2025-12-26T19:27:30+01:00,d241a044-0a06-40c2-9d90-c91fd0a95060,40.99851020119874,21.243798033728062,pressure,894
2025-12-26T19:27:30+01:00,d241a044-0a06-40c2-9d90-c91fd0a95060,40.99851020119874,21.243798033728062,temperature,4
2025-12-26T19:43:02+01:00,d241a044-0a06-40c2-9d90-c91fd0a95060,40.99851020119874,21.243798033728062,gasResistance,283527
2025-12-26T19:43:02+01:00,d241a044-0a06-40c2-9d90-c91fd0a95060,40.99851020119874,21.243798033728062,humidity,78
2025-12-26T19:43:02+01:00,d241a044-0a06-40c2-9d90-c91fd0a95060,40.99851020119874,21.243798033728062,noise,25
2025-12-26T19:43:02+01:00,d241a044-0a06-40c2-9d90-c91fd0a95060,40.99851020119874,21.243798033728062,noise_dba,37
2025-12-26T19:43:02+01:00,d241a044-0a06-40c2-9d90-c91fd0a95060,40.99851020119874,21.243798033728062,pm10,31
2025-12-26T19:43:02+01:00,d241a044-0a06-40c2-9d90-c91fd0a95060,40.99851020119874,21.243798033728062,pm25,5
2025-12-26T19:43:02+01:00,d241a044-0a06-40c2-9d90-c91fd0a95060,40.99851020119874,21.243798033728062,pressure,894
2025-12-26T19:43:02+01:00,d241a044-0a06-40c2-9d90-c91fd0a95060,40.99851020119874,21.243798033728062,temperature,4
2025-12-26T19:58:33+01:00,d241a044-0a06-40c2-9d90-c91fd0a95060,40.99851020119874,21.243798033728062,gasResistance,284506
2025-12-26T19:58:33+01:00,d241a044-0a06-40c2-9d90-c91fd0a95060,40.99851020119874,21.243798033728062,humidity,77
2025-12-26T19:58:33+01:00,d241a044-0a06-40c2-9d90-c91fd0a95060,40.99851020119874,21.243798033728062,noise,31
2025-12-26T19:58:33+01:00,d241a044-0a06-40c2-9d90-c91fd0a95060,40.99851020119874,21.243798033728062,noise_dba,41
2025-12-26T19:58:33+01:00,d241a044-0a06-40c2-9d90-c91fd0a95060,40.99851020119874,21.243798033728062,pm10,26
2025-12-26T19:58:33+01:00,d241a044-0a06-40c2-9d90-c91fd0a95060,40.99851020119874,21.243798033728062,pm25,5
2025-12-26T19:58:33+01:00,d241a044-0a06-40c2-9d90-c91fd0a95060,40.99851020119874,21.243798033728062,pressure,894
2025-12-26T19:58:33+01:00,d241a044-0a06-40c2-9d90-c91fd0a95060,40.99851020119874,21.243798033728062,temperature,4
2025-12-26T20:14:05+01:00,d241a044-0a06-40c2-9d90-c91fd0a95060,40.99851020119874,21.243798033728062,gasResistance,282554
2025-12-26T20:14:05+01:00,d241a044-0a06-40c2-9d90-c91fd0a95060,40.99851020119874,21.243798033728062,humidity,79
2025-12-26T20:14:05+01:00,d241a044-0a06-40c2-9d90-c91fd0a95060,40.99851020119874,21.243798033728062,noise,34
2025-12-26T20:14:05+01:00,d241a044-0a06-40c2-9d90-c91fd0a95060,40.99851020119874,21.243798033728062,noise_dba,42
2025-12-26T20:14:05+01:00,d241a044-0a06-40c2-9d90-c91fd0a95060,40.99851020119874,21.243798033728062,pm10,8
2025-12-26T20:14:05+01:00,d241a044-0a06-40c2-9d90-c91fd0a95060,40.99851020119874,21.243798033728062,pm25,4
2025-12-26T20:14:05+01:00,d241a044-0a06-40c2-9d90-c91fd0a95060,40.99851020119874,21.243798033728062,pressure,895
2025-12-26T20:14:05+01:00,d241a044-0a06-40c2-9d90-c91fd0a95060,40.99851020119874,21.243798033728062,temperature,4
2025-12-26T20:29:37+01:00,d241a044-0a06-40c2-9d90-c91fd0a95060,40.99851020119874,21.243798033728062,gasResistance,284261
2025-12-26T20:29:37+01:00,d241a044-0a06-40c2-9d90-c91fd0a95060,40.99851020119874,21.243798033728062,humidity,77
2025-12-26T20:29:37+01:00,d241a044-0a06-40c2-9d90-c91fd0a95060,40.99851020119874,21.243798033728062,noise,29
2025-12-26T20:29:37+01:00,d241a044-0a06-40c2-9d90-c91fd0a95060,40.99851020119874,21.243798033728062,noise_dba,40
2025-12-26T20:29:37+01:00,d241a044-0a06-40c2-9d90-c91fd0a95060,40.99851020119874,21.243798033728062,pm10,8
2025-12-26T20:29:37+01:00,d241a044-0a06-40c2-9d90-c91fd0a95060,40.99851020119874,21.243798033728062,pm25,4
2025-12-26T20:29:37+01:00,d241a044-0a06-40c2-9d90-c91fd0a95060,40.99851020119874,21.243798033728062,pressure,895
2025-12-26T20:29:37+01:00,d241a044-0a06-40c2-9d90-c91fd0a95060,40.99851020119874,21.243798033728062,temperature,4
2025-12-26T20:45:09+01:00,d241a044-0a06-40c2-9d90-c91fd0a95060,40.99851020119874,21.243798033728062,gasResistance,291817
2025-12-26T20:45:09+01:00,d241a044-0a06-40c2-9d90-c91fd0a95060,40.99851020119874,21.243798033728062,humidity,77
2025-12-26T20:45:09+01:00,d241a044-0a06-40c2-9d90-c91fd0a95060,40.99851020119874,21.243798033728062,noise,24
2025-12-26T20:45:09+01:00,d241a044-0a06-40c2-9d90-c91fd0a95060,40.99851020119874,21.243798033728062,noise_dba,36
2025-12-26T20:45:09+01:00,d241a044-0a06-40c2-9d90-c91fd0a95060,40.99851020119874,21.243798033728062,pm10,9
2025-12-26T20:45:09+01:00,d241a044-0a06-40c2-9d90-c91fd0a95060,40.99851020119874,21.243798033728062,pm25,5
2025-12-26T20:45:09+01:00,d241a044-0a06-40c2-9d90-c91fd0a95060,40.99851020119874,21.243798033728062,pressure,895
2025-12-26T20:45:09+01:00,d241a044-0a06-40c2-9d90-c91fd0a95060,40.99851020119874,21.243798033728062,temperature,4
2025-12-26T21:00:40+01:00,d241a044-0a06-40c2-9d90-c91fd0a95060,40.99851020119874,21.243798033728062,gasResistance,292076
2025-12-26T21:00:40+01:00,d241a044-0a06-40c2-9d90-c91fd0a95060,40.99851020119874,21.243798033728062,humidity,80
2025-12-26T21:00:40+01:00,d241a044-0a06-40c2-9d90-c91fd0a95060,40.99851020119874,21.243798033728062,noise,33
2025-12-26T21:00:40+01:00,d241a044-0a06-40c2-9d90-c91fd0a95060,40.99851020119874,21.243798033728062,noise_dba,42
2025-12-26T21:00:40+01:00,d241a044-0a06-40c2-9d90-c91fd0a95060,40.99851020119874,21.243798033728062,pm10,8
2025-12-26T21:00:40+01:00,d241a044-0a06-40c2-9d90-c91fd0a95060,40.99851020119874,21.243798033728062,pm25,4
2025-12-26T21:00:40+01:00,d241a044-0a06-40c2-9d90-c91fd0a95060,40.99851020119874,21.243798033728062,pressure,895
2025-12-26T21:00:40+01:00,d241a044-0a06-40c2-9d90-c91fd0a95060,40.99851020119874,21.243798033728062,temperature,4
2025-12-26T21:16:12+01:00,d241a044-0a06-40c2-9d90-c91fd0a95060,40.99851020119874,21.243798033728062,gasResistance,285246
2025-12-26T21:16:12+01:00,d241a044-0a06-40c2-9d90-c91fd0a95060,40.99851020119874,21.243798033728062,humidity,76
2025-12-26T21:16:12+01:00,d241a044-0a06-40c2-9d90-c91fd0a95060,40.99851020119874,21.243798033728062,noise,24
2025-12-26T21:16:12+01:00,d241a044-0a06-40c2-9d90-c91fd0a95060,40.99851020119874,21.243798033728062,noise_dba,36
2025-12-26T21:16:12+01:00,d241a044-0a06-40c2-9d90-c91fd0a95060,40.99851020119874,21.243798033728062,pm10,8
2025-12-26T21:16:12+01:00,d241a044-0a06-40c2-9d90-c91fd0a95060,40.99851020119874,21.243798033728062,pm25,4
2025-12-26T21:16:12+01:00,d241a044-0a06-40c2-9d90-c91fd0a95060,40.99851020119874,21.243798033728062,pressure,895
2025-12-26T21:16:12+01:00,d241a044-0a06-40c2-9d90-c91fd0a95060,40.99851020119874,21.243798033728062,temperature,4
2025-12-26T21:31:44+01:00,d241a044-0a06-40c2-9d90-c91fd0a95060,40.99851020119874,21.243798033728062,gasResistance,274088
2025-12-26T21:31:44+01:00,d241a044-0a06-40c2-9d90-c91fd0a95060,40.99851020119874,21.243798033728062,humidity,77
2025-12-26T21:31:44+01:00,d241a044-0a06-40c2-9d90-c91fd0a95060,40.99851020119874,21.243798033728062,noise,22
2025-12-26T21:31:44+01:00,d241a044-0a06-40c2-9d90-c91fd0a95060,40.99851020119874,21.243798033728062,noise_dba,35
2025-12-26T21:31:44+01:00,d241a044-0a06-40c2-9d90-c91fd0a95060,40.99851020119874,21.243798033728062,pm10,25
2025-12-26T21:31:44+01:00,d241a044-0a06-40c2-9d90-c91fd0a95060,40.99851020119874,21.243798033728062,pm25,8
2025-12-26T21:31:44+01:00,d241a044-0a06-40c2-9d90-c91fd0a95060,40.99851020119874,21.243798033728062,pressure,895
2025-12-26T21:31:44+01:00,d241a044-0a06-40c2-9d90-c91fd0a95060,40.99851020119874,21.243798033728062,temperature,4
2025-12-26T21:47:15+01:00,d241a044-0a06-40c2-9d90-c91fd0a95060,40.99851020119874,21.243798033728062,gasResistance,265901
2025-12-26T21:47:15+01:00,d241a044-0a06-40c2-9d90-c91fd0a95060,40.99851020119874,21.243798033728062,humidity,76
2025-12-26T21:47:15+01:00,d241a044-0a06-40c2-9d90-c91fd0a95060,40.99851020119874,21.243798033728062,noise,20
2025-12-26T21:47:15+01:00,d241a044-0a06-40c2-9d90-c91fd0a95060,40.99851020119874,21.243798033728062,noise_dba,34
2025-12-26T21:47:15+01:00,d241a044-0a06-40c2-9d90-c91fd0a95060,40.99851020119874,21.243798033728062,pm10,10
2025-12-26T21:47:15+01:00,d241a044-0a06-40c2-9d90-c91fd0a95060,40.99851020119874,21.243798033728062,pm25,6
2025-12-26T21:47:15+01:00,d241a044-0a06-40c2-9d90-c91fd0a95060,40.99851020119874,21.243798033728062,pressure,895
2025-12-26T21:47:15+01:00,d241a044-0a06-40c2-9d90-c91fd0a95060,40.99851020119874,21.243798033728062,temperature,4
2025-12-26T22:02:49+01:00,d241a044-0a06-40c2-9d90-c91fd0a95060,40.99851020119874,21.243798033728062,gasResistance,264406
2025-12-26T22:02:49+01:00,d241a044-0a06-40c2-9d90-c91fd0a95060,40.99851020119874,21.243798033728062,humidity,76
2025-12-26T22:02:49+01:00,d241a044-0a06-40c2-9d90-c91fd0a95060,40.99851020119874,21.243798033728062,noise,18
2025-12-26T22:02:49+01:00,d241a044-0a06-40c2-9d90-c91fd0a95060,40.99851020119874,21.243798033728062,noise_dba,32
2025-12-26T22:02:49+01:00,d241a044-0a06-40c2-9d90-c91fd0a95060,40.99851020119874,21.243798033728062,pm10,89
2025-12-26T22:02:49+01:00,d241a044-0a06-40c2-9d90-c91fd0a95060,40.99851020119874,21.243798033728062,pm25,9
2025-12-26T22:02:49+01:00,d241a044-0a06-40c2-9d90-c91fd0a95060,40.99851020119874,21.243798033728062,pressure,895
2025-12-26T22:02:49+01:00,d241a044-0a06-40c2-9d90-c91fd0a95060,40.99851020119874,21.243798033728062,temperature,4
2025-12-26T22:18:21+01:00,d241a044-0a06-40c2-9d90-c91fd0a95060,40.99851020119874,21.243798033728062,gasResistance,265472
2025-12-26T22:18:21+01:00,d241a044-0a06-40c2-9d90-c91fd0a95060,40.99851020119874,21.243798033728062,humidity,77
2025-12-26T22:18:21+01:00,d241a044-0a06-40c2-9d90-c91fd0a95060,40.99851020119874,21.243798033728062,noise,29
2025-12-26T22:18:21+01:00,d241a044-0a06-40c2-9d90-c91fd0a95060,40.99851020119874,21.243798033728062,noise_dba,40
2025-12-26T22:18:21+01:00,d241a044-0a06-40c2-9d90-c91fd0a95060,40.99851020119874,21.243798033728062,pm10,13
2025-12-26T22:18:21+01:00,d241a044-0a06-40c2-9d90-c91fd0a95060,40.99851020119874,21.243798033728062,pm25,5
2025-12-26T22:18:21+01:00,d241a044-0a06-40c2-9d90-c91fd0a95060,40.99851020119874,21.243798033728062,pressure,895
2025-12-26T22:18:21+01:00,d241a044-0a06-40c2-9d90-c91fd0a95060,40.99851020119874,21.243798033728062,temperature,4
2025-12-26T22:33:53+01:00,d241a044-0a06-40c2-9d90-c91fd0a95060,40.99851020119874,21.243798033728062,gasResistance,271155
2025-12-26T22:33:53+01:00,d241a044-0a06-40c2-9d90-c91fd0a95060,40.99851020119874,21.243798033728062,humidity,77
2025-12-26T22:33:53+01:00,d241a044-0a06-40c2-9d90-c91fd0a95060,40.99851020119874,21.243798033728062,noise,33
2025-12-26T22:33:53+01:00,d241a044-0a06-40c2-9d90-c91fd0a95060,40.99851020119874,21.243798033728062,noise_dba,42
2025-12-26T22:33:53+01:00,d241a044-0a06-40c2-9d90-c91fd0a95060,40.99851020119874,21.243798033728062,pm10,13
2025-12-26T22:33:53+01:00,d241a044-0a06-40c2-9d90-c91fd0a95060,40.99851020119874,21.243798033728062,pm25,4
2025-12-26T22:33:53+01:00,d241a044-0a06-40c2-9d90-c91fd0a95060,40.99851020119874,21.243798033728062,pressure,895
2025-12-26T22:33:53+01:00,d241a044-0a06-40c2-9d90-c91fd0a95060,40.99851020119874,21.243798033728062,temperature,4
2025-12-26T22:49:24+01:00,d241a044-0a06-40c2-9d90-c91fd0a95060,40.99851020119874,21.243798033728062,gasResistance,275004
2025-12-26T22:49:24+01:00,d241a044-0a06-40c2-9d90-c91fd0a95060,40.99851020119874,21.243798033728062,humidity,76
2025-12-26T22:49:24+01:00,d241a044-0a06-40c2-9d90-c91fd0a95060,40.99851020119874,21.243798033728062,noise,23
2025-12-26T22:49:24+01:00,d241a044-0a06-40c2-9d90-c91fd0a95060,40.99851020119874,21.243798033728062,noise_dba,36
2025-12-26T22:49:24+01:00,d241a044-0a06-40c2-9d90-c91fd0a95060,40.99851020119874,21.243798033728062,pm10,194
2025-12-26T22:49:24+01:00,d241a044-0a06-40c2-9d90-c91fd0a95060,40.99851020119874,21.243798033728062,pm25,10
2025-12-26T22:49:24+01:00,d241a044-0a06-40c2-9d90-c91fd0a95060,40.99851020119874,21.243798033728062,pressure,895
2025-12-26T22:49:24+01:00,d241a044-0a06-40c2-9d90-c91fd0a95060,40.99851020119874,21.243798033728062,temperature,4
2025-12-26T23:04:56+01:00,d241a044-0a06-40c2-9d90-c91fd0a95060,40.99851020119874,21.243798033728062,gasResistance,280389
2025-12-26T23:04:56+01:00,d241a044-0a06-40c2-9d90-c91fd0a95060,40.99851020119874,21.243798033728062,humidity,76
2025-12-26T23:04:56+01:00,d241a044-0a06-40c2-9d90-c91fd0a95060,40.99851020119874,21.243798033728062,noise,18
2025-12-26T23:04:56+01:00,d241a044-0a06-40c2-9d90-c91fd0a95060,40.99851020119874,21.243798033728062,noise_dba,32
2025-12-26T23:04:56+01:00,d241a044-0a06-40c2-9d90-c91fd0a95060,40.99851020119874,21.243798033728062,pm10,14
2025-12-26T23:04:56+01:00,d241a044-0a06-40c2-9d90-c91fd0a95060,40.99851020119874,21.243798033728062,pm25,4
2025-12-26T23:04:56+01:00,d241a044-0a06-40c2-9d90-c91fd0a95060,40.99851020119874,21.243798033728062,pressure,895
2025-12-26T23:04:56+01:00,d241a044-0a06-40c2-9d90-c91fd0a95060,40.99851020119874,21.243798033728062,temperature,4
2025-12-26T23:20:27+01:00,d241a044-0a06-40c2-9d90-c91fd0a95060,40.99851020119874,21.243798033728062,gasResistance,282554
2025-12-26T23:20:27+01:00,d241a044-0a06-40c2-9d90-c91fd0a95060,40.99851020119874,21.243798033728062,humidity,76
2025-12-26T23:20:27+01:00,d241a044-0a06-40c2-9d90-c91fd0a95060,40.99851020119874,21.243798033728062,noise,23
2025-12-26T23:20:27+01:00,d241a044-0a06-40c2-9d90-c91fd0a95060,40.99851020119874,21.243798033728062,noise_dba,36
2025-12-26T23:20:27+01:00,d241a044-0a06-40c2-9d90-c91fd0a95060,40.99851020119874,21.243798033728062,pm10,344
2025-12-26T23:20:27+01:00,d241a044-0a06-40c2-9d90-c91fd0a95060,40.99851020119874,21.243798033728062,pm25,17
2025-12-26T23:20:27+01:00,d241a044-0a06-40c2-9d90-c91fd0a95060,40.99851020119874,21.243798033728062,pressure,895
2025-12-26T23:20:27+01:00,d241a044-0a06-40c2-9d90-c91fd0a95060,40.99851020119874,21.243798033728062,temperature,4
2025-12-26T23:35:59+01:00,d241a044-0a06-40c2-9d90-c91fd0a95060,40.99851020119874,21.243798033728062,gasResistance,281828
2025-12-26T23:35:59+01:00,d241a044-0a06-40c2-9d90-c91fd0a95060,40.99851020119874,21.243798033728062,humidity,76
2025-12-26T23:35:59+01:00,d241a044-0a06-40c2-9d90-c91fd0a95060,40.99851020119874,21.243798033728062,noise,23
2025-12-26T23:35:59+01:00,d241a044-0a06-40c2-9d90-c91fd0a95060,40.99851020119874,21.243798033728062,noise_dba,36
2025-12-26T23:35:59+01:00,d241a044-0a06-40c2-9d90-c91fd0a95060,40.99851020119874,21.243798033728062,pm10,76
2025-12-26T23:35:59+01:00,d241a044-0a06-40c2-9d90-c91fd0a95060,40.99851020119874,21.243798033728062,pm25,7
2025-12-26T23:35:59+01:00,d241a044-0a06-40c2-9d90-c91fd0a95060,40.99851020119874,21.243798033728062,pressure,895
2025-12-26T23:35:59+01:00,d241a044-0a06-40c2-9d90-c91fd0a95060,40.99851020119874,21.243798033728062,temperature,4
2025-12-26T23:51:31+01:00,d241a044-0a06-40c2-9d90-c91fd0a95060,40.99851020119874,21.243798033728062,gasResistance,278964
2025-12-26T23:51:31+01:00,d241a044-0a06-40c2-9d90-c91fd0a95060,40.99851020119874,21.243798033728062,humidity,80
2025-12-26T23:51:31+01:00,d241a044-0a06-40c2-9d90-c91fd0a95060,40.99851020119874,21.243798033728062,noise,18
2025-12-26T23:51:31+01:00,d241a044-0a06-40c2-9d90-c91fd0a95060,40.99851020119874,21.243798033728062,noise_dba,32
2025-12-26T23:51:31+01:00,d241a044-0a06-40c2-9d90-c91fd0a95060,40.99851020119874,21.243798033728062,pm10,4
2025-12-26T23:51:31+01:00,d241a044-0a06-40c2-9d90-c91fd0a95060,40.99851020119874,21.243798033728062,pm25,3
2025-12-26T23:51:31+01:00,d241a044-0a06-40c2-9d90-c91fd0a95060,40.99851020119874,21.243798033728062,pressure,895
2025-12-26T23:51:31+01:00,d241a044-0a06-40c2-9d90-c91fd0a95060,40.99851020119874,21.243798033728062,temperature,3
2025-12-27T00:07:03+01:00,d241a044-0a06-40c2-9d90-c91fd0a95060,40.99851020119874,21.243798033728062,gasResistance,277787
2025-12-27T00:07:03+01:00,d241a044-0a06-40c2-9d90-c91fd0a95060,40.99851020119874,21.243798033728062,humidity,78
2025-12-27T00:07:03+01:00,d241a044-0a06-40c2-9d90-c91fd0a95060,40.99851020119874,21.243798033728062,noise,19
2025-12-27T00:07:03+01:00,d241a044-0a06-40c2-9d90-c91fd0a95060,40.99851020119874,21.243798033728062,noise_dba,33
2025-12-27T00:07:03+01:00,d241a044-0a06-40c2-9d90-c91fd0a95060,40.99851020119874,21.243798033728062,pm10,3
2025-12-27T00:07:03+01:00,d241a044-0a06-40c2-9d90-c91fd0a95060,40.99851020119874,21.243798033728062,pm25,1
2025-12-27T00:07:03+01:00,d241a044-0a06-40c2-9d90-c91fd0a95060,40.99851020119874,21.243798033728062,pressure,895
2025-12-27T00:07:03+01:00,d241a044-0a06-40c2-9d90-c91fd0a95060,40.99851020119874,21.243798033728062,temperature,3
2025-12-27T00:22:34+01:00,d241a044-0a06-40c2-9d90-c91fd0a95060,40.99851020119874,21.243798033728062,gasResistance,303376
2025-12-27T00:22:34+01:00,d241a044-0a06-40c2-9d90-c91fd0a95060,40.99851020119874,21.243798033728062,humidity,77
2025-12-27T00:22:34+01:00,d241a044-0a06-40c2-9d90-c91fd0a95060,40.99851020119874,21.243798033728062,pm10,6
2025-12-27T00:22:34+01:00,d241a044-0a06-40c2-9d90-c91fd0a95060,40.99851020119874,21.243798033728062,pm25,3
2025-12-27T00:22:34+01:00,d241a044-0a06-40c2-9d90-c91fd0a95060,40.99851020119874,21.243798033728062,pressure,895
2025-12-27T00:22:34+01:00,d241a044-0a06-40c2-9d90-c91fd0a95060,40.99851020119874,21.243798033728062,temperature,2
2025-12-27T00:38:06+01:00,d241a044-0a06-40c2-9d90-c91fd0a95060,40.99851020119874,21.243798033728062,gasResistance,302540
2025-12-27T00:38:06+01:00,d241a044-0a06-40c2-9d90-c91fd0a95060,40.99851020119874,21.243798033728062,humidity,76
2025-12-27T00:38:06+01:00,d241a044-0a06-40c2-9d90-c91fd0a95060,40.99851020119874,21.243798033728062,noise,21
2025-12-27T00:38:06+01:00,d241a044-0a06-40c2-9d90-c91fd0a95060,40.99851020119874,21.243798033728062,noise_dba,34
2025-12-27T00:38:06+01:00,d241a044-0a06-40c2-9d90-c91fd0a95060,40.99851020119874,21.243798033728062,pm10,8
2025-12-27T00:38:06+01:00,d241a044-0a06-40c2-9d90-c91fd0a95060,40.99851020119874,21.243798033728062,pm25,4
2025-12-27T00:38:06+01:00,d241a044-0a06-40c2-9d90-c91fd0a95060,40.99851020119874,21.243798033728062,pressure,895
2025-12-27T00:38:06+01:00,d241a044-0a06-40c2-9d90-c91fd0a95060,40.99851020119874,21.243798033728062,temperature,2
2025-12-27T00:53:37+01:00,d241a044-0a06-40c2-9d90-c91fd0a95060,40.99851020119874,21.243798033728062,gasResistance,309070
2025-12-27T00:53:37+01:00,d241a044-0a06-40c2-9d90-c91fd0a95060,40.99851020119874,21.243798033728062,humidity,79
2025-12-27T00:53:37+01:00,d241a044-0a06-40c2-9d90-c91fd0a95060,40.99851020119874,21.243798033728062,noise,13
2025-12-27T00:53:37+01:00,d241a044-0a06-40c2-9d90-c91fd0a95060,40.99851020119874,21.243798033728062,noise_dba,27
2025-12-27T00:53:37+01:00,d241a044-0a06-40c2-9d90-c91fd0a95060,40.99851020119874,21.243798033728062,pm10,8
2025-12-27T00:53:37+01:00,d241a044-0a06-40c2-9d90-c91fd0a95060,40.99851020119874,21.243798033728062,pm25,5
2025-12-27T00:53:37+01:00,d241a044-0a06-40c2-9d90-c91fd0a95060,40.99851020119874,21.243798033728062,pressure,895
2025-12-27T00:53:37+01:00,d241a044-0a06-40c2-9d90-c91fd0a95060,40.99851020119874,21.243798033728062,temperature,2
2025-12-27T01:09:09+01:00,d241a044-0a06-40c2-9d90-c91fd0a95060,40.99851020119874,21.243798033728062,gasResistance,332470
2025-12-27T01:09:09+01:00,d241a044-0a06-40c2-9d90-c91fd0a95060,40.99851020119874,21.243798033728062,humidity,79
2025-12-27T01:09:09+01:00,d241a044-0a06-40c2-9d90-c91fd0a95060,40.99851020119874,21.243798033728062,pm10,3
2025-12-27T01:09:09+01:00,d241a044-0a06-40c2-9d90-c91fd0a95060,40.99851020119874,21.243798033728062,pm25,2
2025-12-27T01:09:09+01:00,d241a044-0a06-40c2-9d90-c91fd0a95060,40.99851020119874,21.243798033728062,pressure,895
2025-12-27T01:09:09+01:00,d241a044-0a06-40c2-9d90-c91fd0a95060,40.99851020119874,21.243798033728062,temperature,2
2025-12-27T01:24:41+01:00,d241a044-0a06-40c2-9d90-c91fd0a95060,40.99851020119874,21.243798033728062,gasResistance,349030
2025-12-27T01:24:41+01:00,d241a044-0a06-40c2-9d90-c91fd0a95060,40.99851020119874,21.243798033728062,humidity,76
2025-12-27T01:24:41+01:00,d241a044-0a06-40c2-9d90-c91fd0a95060,40.99851020119874,21.243798033728062,pm10,6
2025-12-27T01:24:41+01:00,d241a044-0a06-40c2-9d90-c91fd0a95060,40.99851020119874,21.243798033728062,pm25,3
2025-12-27T01:24:41+01:00,d241a044-0a06-40c2-9d90-c91fd0a95060,40.99851020119874,21.243798033728062,pressure,895
2025-12-27T01:24:41+01:00,d241a044-0a06-40c2-9d90-c91fd0a95060,40.99851020119874,21.243798033728062,temperature,2
2025-12-27T01:40:13+01:00,d241a044-0a06-40c2-9d90-c91fd0a95060,40.99851020119874,21.243798033728062,gasResistance,347557
2025-12-27T01:40:13+01:00,d241a044-0a06-40c2-9d90-c91fd0a95060,40.99851020119874,21.243798033728062,humidity,80
2025-12-27T01:40:13+01:00,d241a044-0a06-40c2-9d90-c91fd0a95060,40.99851020119874,21.243798033728062,pm10,3
2025-12-27T01:40:13+01:00,d241a044-0a06-40c2-9d90-c91fd0a95060,40.99851020119874,21.243798033728062,pm25,2
2025-12-27T01:40:13+01:00,d241a044-0a06-40c2-9d90-c91fd0a95060,40.99851020119874,21.243798033728062,pressure,895
2025-12-27T01:40:13+01:00,d241a044-0a06-40c2-9d90-c91fd0a95060,40.99851020119874,21.243798033728062,temperature,2
2025-12-27T01:55:44+01:00,d241a044-0a06-40c2-9d90-c91fd0a95060,40.99851020119874,21.243798033728062,gasResistance,336547
2025-12-27T01:55:44+01:00,d241a044-0a06-40c2-9d90-c91fd0a95060,40.99851020119874,21.243798033728062,humidity,79
2025-12-27T01:55:44+01:00,d241a044-0a06-40c2-9d90-c91fd0a95060,40.99851020119874,21.243798033728062,pm10,4
2025-12-27T01:55:44+01:00,d241a044-0a06-40c2-9d90-c91fd0a95060,40.99851020119874,21.243798033728062,pm25,2
2025-12-27T01:55:44+01:00,d241a044-0a06-40c2-9d90-c91fd0a95060,40.99851020119874,21.243798033728062,pressure,895
2025-12-27T01:55:44+01:00,d241a044-0a06-40c2-9d90-c91fd0a95060,40.99851020119874,21.243798033728062,temperature,2
2025-12-27T02:11:16+01:00,d241a044-0a06-40c2-9d90-c91fd0a95060,40.99851020119874,21.243798033728062,gasResistance,354668
2025-12-27T02:11:16+01:00,d241a044-0a06-40c2-9d90-c91fd0a95060,40.99851020119874,21.243798033728062,humidity,78
2025-12-27T02:11:16+01:00,d241a044-0a06-40c2-9d90-c91fd0a95060,40.99851020119874,21.243798033728062,pm10,3
2025-12-27T02:11:16+01:00,d241a044-0a06-40c2-9d90-c91fd0a95060,40.99851020119874,21.243798033728062,pm25,2
2025-12-27T02:11:16+01:00,d241a044-0a06-40c2-9d90-c91fd0a95060,40.99851020119874,21.243798033728062,pressure,895
2025-12-27T02:11:16+01:00,d241a044-0a06-40c2-9d90-c91fd0a95060,40.99851020119874,21.243798033728062,temperature,2
2025-12-27T02:26:48+01:00,d241a044-0a06-40c2-9d90-c91fd0a95060,40.99851020119874,21.243798033728062,gasResistance,384894
2025-12-27T02:26:48+01:00,d241a044-0a06-40c2-9d90-c91fd0a95060,40.99851020119874,21.243798033728062,humidity,76
2025-12-27T02:26:48+01:00,d241a044-0a06-40c2-9d90-c91fd0a95060,40.99851020119874,21.243798033728062,pm10,2
2025-12-27T02:26:48+01:00,d241a044-0a06-40c2-9d90-c91fd0a95060,40.99851020119874,21.243798033728062,pm25,1
2025-12-27T02:26:48+01:00,d241a044-0a06-40c2-9d90-c91fd0a95060,40.99851020119874,21.243798033728062,pressure,895
2025-12-27T02:26:48+01:00,d241a044-0a06-40c2-9d90-c91fd0a95060,40.99851020119874,21.243798033728062,temperature,2
2025-12-27T02:42:19+01:00,d241a044-0a06-40c2-9d90-c91fd0a95060,40.99851020119874,21.243798033728062,gasResistance,380951
2025-12-27T02:42:19+01:00,d241a044-0a06-40c2-9d90-c91fd0a95060,40.99851020119874,21.243798033728062,humidity,76
2025-12-27T02:42:19+01:00,d241a044-0a06-40c2-9d90-c91fd0a95060,40.99851020119874,21.243798033728062,pm10,2
2025-12-27T02:42:19+01:00,d241a044-0a06-40c2-9d90-c91fd0a95060,40.99851020119874,21.243798033728062,pm25,1
2025-12-27T02:42:19+01:00,d241a044-0a06-40c2-9d90-c91fd0a95060,40.99851020119874,21.243798033728062,pressure,894
2025-12-27T02:42:19+01:00,d241a044-0a06-40c2-9d90-c91fd0a95060,40.99851020119874,21.243798033728062,temperature,2
2025-12-27T02:57:51+01:00,d241a044-0a06-40c2-9d90-c91fd0a95060,40.99851020119874,21.243798033728062,gasResistance,391421
2025-12-27T02:57:51+01:00,d241a044-0a06-40c2-9d90-c91fd0a95060,40.99851020119874,21.243798033728062,humidity,75
2025-12-27T02:57:51+01:00,d241a044-0a06-40c2-9d90-c91fd0a95060,40.99851020119874,21.243798033728062,pm10,3
2025-12-27T02:57:51+01:00,d241a044-0a06-40c2-9d90-c91fd0a95060,40.99851020119874,21.243798033728062,pm25,1
2025-12-27T02:57:51+01:00,d241a044-0a06-40c2-9d90-c91fd0a95060,40.99851020119874,21.243798033728062,pressure,894
2025-12-27T02:57:51+01:00,d241a044-0a06-40c2-9d90-c91fd0a95060,40.99851020119874,21.243798033728062,temperature,2
2025-12-27T03:13:23+01:00,d241a044-0a06-40c2-9d90-c91fd0a95060,40.99851020119874,21.243798033728062,gasResistance,389599
2025-12-27T03:13:23+01:00,d241a044-0a06-40c2-9d90-c91fd0a95060,40.99851020119874,21.243798033728062,humidity,77
2025-12-27T03:13:23+01:00,d241a044-0a06-40c2-9d90-c91fd0a95060,40.99851020119874,21.243798033728062,pm10,6
2025-12-27T03:13:23+01:00,d241a044-0a06-40c2-9d90-c91fd0a95060,40.99851020119874,21.243798033728062,pm25,4
2025-12-27T03:13:23+01:00,d241a044-0a06-40c2-9d90-c91fd0a95060,40.99851020119874,21.243798033728062,pressure,894
2025-12-27T03:13:23+01:00,d241a044-0a06-40c2-9d90-c91fd0a95060,40.99851020119874,21.243798033728062,temperature,2
2025-12-27T03:28:55+01:00,d241a044-0a06-40c2-9d90-c91fd0a95060,40.99851020119874,21.243798033728062,gasResistance,392800
2025-12-27T03:28:55+01:00,d241a044-0a06-40c2-9d90-c91fd0a95060,40.99851020119874,21.243798033728062,humidity,76
2025-12-27T03:28:55+01:00,d241a044-0a06-40c2-9d90-c91fd0a95060,40.99851020119874,21.243798033728062,pm10,86
2025-12-27T03:28:55+01:00,d241a044-0a06-40c2-9d90-c91fd0a95060,40.99851020119874,21.243798033728062,pm25,8
2025-12-27T03:28:55+01:00,d241a044-0a06-40c2-9d90-c91fd0a95060,40.99851020119874,21.243798033728062,pressure,894
2025-12-27T03:28:55+01:00,d241a044-0a06-40c2-9d90-c91fd0a95060,40.99851020119874,21.243798033728062,temperature,2
2025-12-27T03:44:27+01:00,d241a044-0a06-40c2-9d90-c91fd0a95060,40.99851020119874,21.243798033728062,gasResistance,394188
2025-12-27T03:44:27+01:00,d241a044-0a06-40c2-9d90-c91fd0a95060,40.99851020119874,21.243798033728062,humidity,75
2025-12-27T03:44:27+01:00,d241a044-0a06-40c2-9d90-c91fd0a95060,40.99851020119874,21.243798033728062,noise,11
2025-12-27T03:44:27+01:00,d241a044-0a06-40c2-9d90-c91fd0a95060,40.99851020119874,21.243798033728062,noise_dba,24
2025-12-27T03:44:27+01:00,d241a044-0a06-40c2-9d90-c91fd0a95060,40.99851020119874,21.243798033728062,pm10,256
2025-12-27T03:44:27+01:00,d241a044-0a06-40c2-9d90-c91fd0a95060,40.99851020119874,21.243798033728062,pm25,11
2025-12-27T03:44:27+01:00,d241a044-0a06-40c2-9d90-c91fd0a95060,40.99851020119874,21.243798033728062,pressure,894
2025-12-27T03:44:27+01:00,d241a044-0a06-40c2-9d90-c91fd0a95060,40.99851020119874,21.243798033728062,temperature,2
2025-12-27T03:59:58+01:00,d241a044-0a06-40c2-9d90-c91fd0a95060,40.99851020119874,21.243798033728062,gasResistance,398886
2025-12-27T03:59:58+01:00,d241a044-0a06-40c2-9d90-c91fd0a95060,40.99851020119874,21.243798033728062,humidity,76
2025-12-27T03:59:58+01:00,d241a044-0a06-40c2-9d90-c91fd0a95060,40.99851020119874,21.243798033728062,noise,22
2025-12-27T03:59:58+01:00,d241a044-0a06-40c2-9d90-c91fd0a95060,40.99851020119874,21.243798033728062,noise_dba,35
2025-12-27T03:59:58+01:00,d241a044-0a06-40c2-9d90-c91fd0a95060,40.99851020119874,21.243798033728062,pm10,10
2025-12-27T03:59:58+01:00,d241a044-0a06-40c2-9d90-c91fd0a95060,40.99851020119874,21.243798033728062,pm25,4
2025-12-27T03:59:58+01:00,d241a044-0a06-40c2-9d90-c91fd0a95060,40.99851020119874,21.243798033728062,pressure,894
2025-12-27T03:59:58+01:00,d241a044-0a06-40c2-9d90-c91fd0a95060,40.99851020119874,21.243798033728062,temperature,2
2025-12-27T04:15:30+01:00,d241a044-0a06-40c2-9d90-c91fd0a95060,40.99851020119874,21.243798033728062,gasResistance,396288
2025-12-27T04:15:30+01:00,d241a044-0a06-40c2-9d90-c91fd0a95060,40.99851020119874,21.243798033728062,humidity,75
2025-12-27T04:15:30+01:00,d241a044-0a06-40c2-9d90-c91fd0a95060,40.99851020119874,21.243798033728062,noise,24
2025-12-27T04:15:30+01:00,d241a044-0a06-40c2-9d90-c91fd0a95060,40.99851020119874,21.243798033728062,noise_dba,36
2025-12-27T04:15:30+01:00,d241a044-0a06-40c2-9d90-c91fd0a95060,40.99851020119874,21.243798033728062,pm10,11
2025-12-27T04:15:30+01:00,d241a044-0a06-40c2-9d90-c91fd0a95060,40.99851020119874,21.243798033728062,pm25,6
2025-12-27T04:15:30+01:00,d241a044-0a06-40c2-9d90-c91fd0a95060,40.99851020119874,21.243798033728062,pressure,894
2025-12-27T04:15:30+01:00,d241a044-0a06-40c2-9d90-c91fd0a95060,40.99851020119874,21.243798033728062,temperature,2
2025-12-27T04:31:02+01:00,d241a044-0a06-40c2-9d90-c91fd0a95060,40.99851020119874,21.243798033728062,gasResistance,395352
2025-12-27T04:31:02+01:00,d241a044-0a06-40c2-9d90-c91fd0a95060,40.99851020119874,21.243798033728062,humidity,77
2025-12-27T04:31:02+01:00,d241a044-0a06-40c2-9d90-c91fd0a95060,40.99851020119874,21.243798033728062,noise,22
2025-12-27T04:31:02+01:00,d241a044-0a06-40c2-9d90-c91fd0a95060,40.99851020119874,21.243798033728062,noise_dba,35
2025-12-27T04:31:02+01:00,d241a044-0a06-40c2-9d90-c91fd0a95060,40.99851020119874,21.243798033728062,pm10,8
2025-12-27T04:31:02+01:00,d241a044-0a06-40c2-9d90-c91fd0a95060,40.99851020119874,21.243798033728062,pm25,4
2025-12-27T04:31:02+01:00,d241a044-0a06-40c2-9d90-c91fd0a95060,40.99851020119874,21.243798033728062,pressure,894
2025-12-27T04:31:02+01:00,d241a044-0a06-40c2-9d90-c91fd0a95060,40.99851020119874,21.243798033728062,temperature,2
2025-12-27T04:46:33+01:00,d241a044-0a06-40c2-9d90-c91fd0a95060,40.99851020119874,21.243798033728062,gasResistance,404429
2025-12-27T04:46:33+01:00,d241a044-0a06-40c2-9d90-c91fd0a95060,40.99851020119874,21.243798033728062,humidity,75
2025-12-27T04:46:33+01:00,d241a044-0a06-40c2-9d90-c91fd0a95060,40.99851020119874,21.243798033728062,pm10,4
2025-12-27T04:46:33+01:00,d241a044-0a06-40c2-9d90-c91fd0a95060,40.99851020119874,21.243798033728062,pm25,2
2025-12-27T04:46:33+01:00,d241a044-0a06-40c2-9d90-c91fd0a95060,40.99851020119874,21.243798033728062,pressure,894
2025-12-27T04:46:33+01:00,d241a044-0a06-40c2-9d90-c91fd0a95060,40.99851020119874,21.243798033728062,temperature,2
2025-12-27T05:02:05+01:00,d241a044-0a06-40c2-9d90-c91fd0a95060,40.99851020119874,21.243798033728062,gasResistance,424972
2025-12-27T05:02:05+01:00,d241a044-0a06-40c2-9d90-c91fd0a95060,40.99851020119874,21.243798033728062,humidity,74
2025-12-27T05:02:05+01:00,d241a044-0a06-40c2-9d90-c91fd0a95060,40.99851020119874,21.243798033728062,pm10,5
2025-12-27T05:02:05+01:00,d241a044-0a06-40c2-9d90-c91fd0a95060,40.99851020119874,21.243798033728062,pm25,2
2025-12-27T05:02:05+01:00,d241a044-0a06-40c2-9d90-c91fd0a95060,40.99851020119874,21.243798033728062,pressure,894
2025-12-27T05:02:05+01:00,d241a044-0a06-40c2-9d90-c91fd0a95060,40.99851020119874,21.243798033728062,temperature,2
2025-12-27T05:17:37+01:00,d241a044-0a06-40c2-9d90-c91fd0a95060,40.99851020119874,21.243798033728062,gasResistance,429333
2025-12-27T05:17:37+01:00,d241a044-0a06-40c2-9d90-c91fd0a95060,40.99851020119874,21.243798033728062,humidity,73
2025-12-27T05:17:37+01:00,d241a044-0a06-40c2-9d90-c91fd0a95060,40.99851020119874,21.243798033728062,pm10,8
2025-12-27T05:17:37+01:00,d241a044-0a06-40c2-9d90-c91fd0a95060,40.99851020119874,21.243798033728062,pm25,4
2025-12-27T05:17:37+01:00,d241a044-0a06-40c2-9d90-c91fd0a95060,40.99851020119874,21.243798033728062,pressure,894
2025-12-27T05:17:37+01:00,d241a044-0a06-40c2-9d90-c91fd0a95060,40.99851020119874,21.243798033728062,temperature,2
2025-12-27T05:33:08+01:00,d241a044-0a06-40c2-9d90-c91fd0a95060,40.99851020119874,21.243798033728062,gasResistance,436615
2025-12-27T05:33:08+01:00,d241a044-0a06-40c2-9d90-c91fd0a95060,40.99851020119874,21.243798033728062,humidity,73
2025-12-27T05:33:08+01:00,d241a044-0a06-40c2-9d90-c91fd0a95060,40.99851020119874,21.243798033728062,pm10,5
2025-12-27T05:33:08+01:00,d241a044-0a06-40c2-9d90-c91fd0a95060,40.99851020119874,21.243798033728062,pm25,3
2025-12-27T05:33:08+01:00,d241a044-0a06-40c2-9d90-c91fd0a95060,40.99851020119874,21.243798033728062,pressure,894
2025-12-27T05:33:08+01:00,d241a044-0a06-40c2-9d90-c91fd0a95060,40.99851020119874,21.243798033728062,temperature,2
2025-12-27T05:48:40+01:00,d241a044-0a06-40c2-9d90-c91fd0a95060,40.99851020119874,21.243798033728062,gasResistance,443559
2025-12-27T05:48:40+01:00,d241a044-0a06-40c2-9d90-c91fd0a95060,40.99851020119874,21.243798033728062,humidity,73
2025-12-27T05:48:40+01:00,d241a044-0a06-40c2-9d90-c91fd0a95060,40.99851020119874,21.243798033728062,pm10,7
2025-12-27T05:48:40+01:00,d241a044-0a06-40c2-9d90-c91fd0a95060,40.99851020119874,21.243798033728062,pm25,4
2025-12-27T05:48:40+01:00,d241a044-0a06-40c2-9d90-c91fd0a95060,40.99851020119874,21.243798033728062,pressure,894
2025-12-27T05:48:40+01:00,d241a044-0a06-40c2-9d90-c91fd0a95060,40.99851020119874,21.243798033728062,temperature,2
2025-12-27T06:04:12+01:00,d241a044-0a06-40c2-9d90-c91fd0a95060,40.99851020119874,21.243798033728062,gasResistance,450424
2025-12-27T06:04:12+01:00,d241a044-0a06-40c2-9d90-c91fd0a95060,40.99851020119874,21.243798033728062,humidity,71
2025-12-27T06:04:12+01:00,d241a044-0a06-40c2-9d90-c91fd0a95060,40.99851020119874,21.243798033728062,noise,15
2025-12-27T06:04:12+01:00,d241a044-0a06-40c2-9d90-c91fd0a95060,40.99851020119874,21.243798033728062,noise_dba,29
2025-12-27T06:04:12+01:00,d241a044-0a06-40c2-9d90-c91fd0a95060,40.99851020119874,21.243798033728062,pm10,4
2025-12-27T06:04:12+01:00,d241a044-0a06-40c2-9d90-c91fd0a95060,40.99851020119874,21.243798033728062,pm25,3
2025-12-27T06:04:12+01:00,d241a044-0a06-40c2-9d90-c91fd0a95060,40.99851020119874,21.243798033728062,pressure,894
2025-12-27T06:04:12+01:00,d241a044-0a06-40c2-9d90-c91fd0a95060,40.99851020119874,21.243798033728062,temperature,2
2025-12-27T06:19:44+01:00,d241a044-0a06-40c2-9d90-c91fd0a95060,40.99851020119874,21.243798033728062,gasResistance,463205
2025-12-27T06:19:44+01:00,d241a044-0a06-40c2-9d90-c91fd0a95060,40.99851020119874,21.243798033728062,humidity,71
2025-12-27T06:19:44+01:00,d241a044-0a06-40c2-9d90-c91fd0a95060,40.99851020119874,21.243798033728062,noise,39
2025-12-27T06:19:44+01:00,d241a044-0a06-40c2-9d90-c91fd0a95060,40.99851020119874,21.243798033728062,noise_dba,44
2025-12-27T06:19:44+01:00,d241a044-0a06-40c2-9d90-c91fd0a95060,40.99851020119874,21.243798033728062,pm10,6
2025-12-27T06:19:44+01:00,d241a044-0a06-40c2-9d90-c91fd0a95060,40.99851020119874,21.243798033728062,pm25,2
2025-12-27T06:19:44+01:00,d241a044-0a06-40c2-9d90-c91fd0a95060,40.99851020119874,21.243798033728062,pressure,894
2025-12-27T06:19:44+01:00,d241a044-0a06-40c2-9d90-c91fd0a95060,40.99851020119874,21.243798033728062,temperature,2
2025-12-27T06:35:15+01:00,d241a044-0a06-40c2-9d90-c91fd0a95060,40.99851020119874,21.243798033728062,gasResistance,473360
2025-12-27T06:35:15+01:00,d241a044-0a06-40c2-9d90-c91fd0a95060,40.99851020119874,21.243798033728062,humidity,74
2025-12-27T06:35:15+01:00,d241a044-0a06-40c2-9d90-c91fd0a95060,40.99851020119874,21.243798033728062,noise,25
2025-12-27T06:35:15+01:00,d241a044-0a06-40c2-9d90-c91fd0a95060,40.99851020119874,21.243798033728062,noise_dba,37
2025-12-27T06:35:15+01:00,d241a044-0a06-40c2-9d90-c91fd0a95060,40.99851020119874,21.243798033728062,pm10,4
2025-12-27T06:35:15+01:00,d241a044-0a06-40c2-9d90-c91fd0a95060,40.99851020119874,21.243798033728062,pm25,2
2025-12-27T06:35:15+01:00,d241a044-0a06-40c2-9d90-c91fd0a95060,40.99851020119874,21.243798033728062,pressure,894
2025-12-27T06:35:15+01:00,d241a044-0a06-40c2-9d90-c91fd0a95060,40.99851020119874,21.243798033728062,temperature,2
2025-12-27T06:50:47+01:00,d241a044-0a06-40c2-9d90-c91fd0a95060,40.99851020119874,21.243798033728062,gasResistance,479120
2025-12-27T06:50:47+01:00,d241a044-0a06-40c2-9d90-c91fd0a95060,40.99851020119874,21.243798033728062,humidity,71
2025-12-27T06:50:47+01:00,d241a044-0a06-40c2-9d90-c91fd0a95060,40.99851020119874,21.243798033728062,pm10,3
2025-12-27T06:50:47+01:00,d241a044-0a06-40c2-9d90-c91fd0a95060,40.99851020119874,21.243798033728062,pm25,2
2025-12-27T06:50:47+01:00,d241a044-0a06-40c2-9d90-c91fd0a95060,40.99851020119874,21.243798033728062,pressure,894
2025-12-27T06:50:47+01:00,d241a044-0a06-40c2-9d90-c91fd0a95060,40.99851020119874,21.243798033728062,temperature,2
2025-12-27T07:06:19+01:00,d241a044-0a06-40c2-9d90-c91fd0a95060,40.99851020119874,21.243798033728062,gasResistance,487850
2025-12-27T07:06:19+01:00,d241a044-0a06-40c2-9d90-c91fd0a95060,40.99851020119874,21.243798033728062,humidity,71
2025-12-27T07:06:19+01:00,d241a044-0a06-40c2-9d90-c91fd0a95060,40.99851020119874,21.243798033728062,pm10,6
2025-12-27T07:06:19+01:00,d241a044-0a06-40c2-9d90-c91fd0a95060,40.99851020119874,21.243798033728062,pm25,2
2025-12-27T07:06:19+01:00,d241a044-0a06-40c2-9d90-c91fd0a95060,40.99851020119874,21.243798033728062,pressure,895
2025-12-27T07:06:19+01:00,d241a044-0a06-40c2-9d90-c91fd0a95060,40.99851020119874,21.243798033728062,temperature,2
2025-12-27T07:21:50+01:00,d241a044-0a06-40c2-9d90-c91fd0a95060,40.99851020119874,21.243798033728062,gasResistance,487495
2025-12-27T07:21:50+01:00,d241a044-0a06-40c2-9d90-c91fd0a95060,40.99851020119874,21.243798033728062,humidity,71
2025-12-27T07:21:50+01:00,d241a044-0a06-40c2-9d90-c91fd0a95060,40.99851020119874,21.243798033728062,noise,17
2025-12-27T07:21:50+01:00,d241a044-0a06-40c2-9d90-c91fd0a95060,40.99851020119874,21.243798033728062,noise_dba,31
2025-12-27T07:21:50+01:00,d241a044-0a06-40c2-9d90-c91fd0a95060,40.99851020119874,21.243798033728062,pm10,6
2025-12-27T07:21:50+01:00,d241a044-0a06-40c2-9d90-c91fd0a95060,40.99851020119874,21.243798033728062,pm25,2
2025-12-27T07:21:50+01:00,d241a044-0a06-40c2-9d90-c91fd0a95060,40.99851020119874,21.243798033728062,pressure,895
2025-12-27T07:21:50+01:00,d241a044-0a06-40c2-9d90-c91fd0a95060,40.99851020119874,21.243798033728062,temperature,2
2025-12-27T07:37:22+01:00,d241a044-0a06-40c2-9d90-c91fd0a95060,40.99851020119874,21.243798033728062,gasResistance,498756
2025-12-27T07:37:22+01:00,d241a044-0a06-40c2-9d90-c91fd0a95060,40.99851020119874,21.243798033728062,humidity,70
2025-12-27T07:37:22+01:00,d241a044-0a06-40c2-9d90-c91fd0a95060,40.99851020119874,21.243798033728062,noise,23
2025-12-27T07:37:22+01:00,d241a044-0a06-40c2-9d90-c91fd0a95060,40.99851020119874,21.243798033728062,noise_dba,36
2025-12-27T07:37:22+01:00,d241a044-0a06-40c2-9d90-c91fd0a95060,40.99851020119874,21.243798033728062,pm10,3
2025-12-27T07:37:22+01:00,d241a044-0a06-40c2-9d90-c91fd0a95060,40.99851020119874,21.243798033728062,pm25,2
2025-12-27T07:37:22+01:00,d241a044-0a06-40c2-9d90-c91fd0a95060,40.99851020119874,21.243798033728062,pressure,895
2025-12-27T07:37:22+01:00,d241a044-0a06-40c2-9d90-c91fd0a95060,40.99851020119874,21.243798033728062,temperature,2
2025-12-27T07:52:53+01:00,d241a044-0a06-40c2-9d90-c91fd0a95060,40.99851020119874,21.243798033728062,gasResistance,526203
2025-12-27T07:52:53+01:00,d241a044-0a06-40c2-9d90-c91fd0a95060,40.99851020119874,21.243798033728062,humidity,70
2025-12-27T07:52:53+01:00,d241a044-0a06-40c2-9d90-c91fd0a95060,40.99851020119874,21.243798033728062,noise,14
2025-12-27T07:52:53+01:00,d241a044-0a06-40c2-9d90-c91fd0a95060,40.99851020119874,21.243798033728062,noise_dba,28
2025-12-27T07:52:53+01:00,d241a044-0a06-40c2-9d90-c91fd0a95060,40.99851020119874,21.243798033728062,pm10,3
2025-12-27T07:52:53+01:00,d241a044-0a06-40c2-9d90-c91fd0a95060,40.99851020119874,21.243798033728062,pm25,2
2025-12-27T07:52:53+01:00,d241a044-0a06-40c2-9d90-c91fd0a95060,40.99851020119874,21.243798033728062,pressure,895
2025-12-27T07:52:53+01:00,d241a044-0a06-40c2-9d90-c91fd0a95060,40.99851020119874,21.243798033728062,temperature,2
2025-12-27T08:08:25+01:00,d241a044-0a06-40c2-9d90-c91fd0a95060,40.99851020119874,21.243798033728062,gasResistance,525790
2025-12-27T08:08:25+01:00,d241a044-0a06-40c2-9d90-c91fd0a95060,40.99851020119874,21.243798033728062,humidity,70
2025-12-27T08:08:25+01:00,d241a044-0a06-40c2-9d90-c91fd0a95060,40.99851020119874,21.243798033728062,pm10,3
2025-12-27T08:08:25+01:00,d241a044-0a06-40c2-9d90-c91fd0a95060,40.99851020119874,21.243798033728062,pm25,2
2025-12-27T08:08:25+01:00,d241a044-0a06-40c2-9d90-c91fd0a95060,40.99851020119874,21.243798033728062,pressure,895
2025-12-27T08:08:25+01:00,d241a044-0a06-40c2-9d90-c91fd0a95060,40.99851020119874,21.243798033728062,temperature,2
2025-12-27T08:23:57+01:00,d241a044-0a06-40c2-9d90-c91fd0a95060,40.99851020119874,21.243798033728062,gasResistance,520475
2025-12-27T08:23:57+01:00,d241a044-0a06-40c2-9d90-c91fd0a95060,40.99851020119874,21.243798033728062,humidity,70
2025-12-27T08:23:57+01:00,d241a044-0a06-40c2-9d90-c91fd0a95060,40.99851020119874,21.243798033728062,noise,14
2025-12-27T08:23:57+01:00,d241a044-0a06-40c2-9d90-c91fd0a95060,40.99851020119874,21.243798033728062,noise_dba,28
2025-12-27T08:23:57+01:00,d241a044-0a06-40c2-9d90-c91fd0a95060,40.99851020119874,21.243798033728062,pm10,5
2025-12-27T08:23:57+01:00,d241a044-0a06-40c2-9d90-c91fd0a95060,40.99851020119874,21.243798033728062,pm25,2
2025-12-27T08:23:57+01:00,d241a044-0a06-40c2-9d90-c91fd0a95060,40.99851020119874,21.243798033728062,pressure,895
2025-12-27T08:23:57+01:00,d241a044-0a06-40c2-9d90-c91fd0a95060,40.99851020119874,21.243798033728062,temperature,2
2025-12-27T08:39:29+01:00,d241a044-0a06-40c2-9d90-c91fd0a95060,40.99851020119874,21.243798033728062,gasResistance,546839
2025-12-27T08:39:29+01:00,d241a044-0a06-40c2-9d90-c91fd0a95060,40.99851020119874,21.243798033728062,humidity,68
2025-12-27T08:39:29+01:00,d241a044-0a06-40c2-9d90-c91fd0a95060,40.99851020119874,21.243798033728062,noise,20
2025-12-27T08:39:29+01:00,d241a044-0a06-40c2-9d90-c91fd0a95060,40.99851020119874,21.243798033728062,noise_dba,34
2025-12-27T08:39:29+01:00,d241a044-0a06-40c2-9d90-c91fd0a95060,40.99851020119874,21.243798033728062,pm10,4
2025-12-27T08:39:29+01:00,d241a044-0a06-40c2-9d90-c91fd0a95060,40.99851020119874,21.243798033728062,pm25,2
2025-12-27T08:39:29+01:00,d241a044-0a06-40c2-9d90-c91fd0a95060,40.99851020119874,21.243798033728062,pressure,895
2025-12-27T08:39:29+01:00,d241a044-0a06-40c2-9d90-c91fd0a95060,40.99851020119874,21.243798033728062,temperature,2
2025-12-27T08:55:01+01:00,d241a044-0a06-40c2-9d90-c91fd0a95060,40.99851020119874,21.243798033728062,gasResistance,577507
2025-12-27T08:55:01+01:00,d241a044-0a06-40c2-9d90-c91fd0a95060,40.99851020119874,21.243798033728062,humidity,56
2025-12-27T08:55:01+01:00,d241a044-0a06-40c2-9d90-c91fd0a95060,40.99851020119874,21.243798033728062,noise,21
2025-12-27T08:55:01+01:00,d241a044-0a06-40c2-9d90-c91fd0a95060,40.99851020119874,21.243798033728062,noise_dba,34
2025-12-27T08:55:01+01:00,d241a044-0a06-40c2-9d90-c91fd0a95060,40.99851020119874,21.243798033728062,pm10,4
2025-12-27T08:55:01+01:00,d241a044-0a06-40c2-9d90-c91fd0a95060,40.99851020119874,21.243798033728062,pm25,2
2025-12-27T08:55:01+01:00,d241a044-0a06-40c2-9d90-c91fd0a95060,40.99851020119874,21.243798033728062,pressure,895
2025-12-27T08:55:01+01:00,d241a044-0a06-40c2-9d90-c91fd0a95060,40.99851020119874,21.243798033728062,temperature,3
2025-12-27T09:10:32+01:00,d241a044-0a06-40c2-9d90-c91fd0a95060,40.99851020119874,21.243798033728062,gasResistance,661394
2025-12-27T09:10:32+01:00,d241a044-0a06-40c2-9d90-c91fd0a95060,40.99851020119874,21.243798033728062,humidity,47
2025-12-27T09:10:32+01:00,d241a044-0a06-40c2-9d90-c91fd0a95060,40.99851020119874,21.243798033728062,noise,20
2025-12-27T09:10:32+01:00,d241a044-0a06-40c2-9d90-c91fd0a95060,40.99851020119874,21.243798033728062,noise_dba,34
2025-12-27T09:10:32+01:00,d241a044-0a06-40c2-9d90-c91fd0a95060,40.99851020119874,21.243798033728062,pm10,2
2025-12-27T09:10:32+01:00,d241a044-0a06-40c2-9d90-c91fd0a95060,40.99851020119874,21.243798033728062,pm25,2
2025-12-27T09:10:32+01:00,d241a044-0a06-40c2-9d90-c91fd0a95060,40.99851020119874,21.243798033728062,pressure,895
2025-12-27T09:10:32+01:00,d241a044-0a06-40c2-9d90-c91fd0a95060,40.99851020119874,21.243798033728062,temperature,5
2025-12-27T09:26:04+01:00,d241a044-0a06-40c2-9d90-c91fd0a95060,40.99851020119874,21.243798033728062,gasResistance,753656
2025-12-27T09:26:04+01:00,d241a044-0a06-40c2-9d90-c91fd0a95060,40.99851020119874,21.243798033728062,humidity,41
2025-12-27T09:26:04+01:00,d241a044-0a06-40c2-9d90-c91fd0a95060,40.99851020119874,21.243798033728062,noise,19
2025-12-27T09:26:04+01:00,d241a044-0a06-40c2-9d90-c91fd0a95060,40.99851020119874,21.243798033728062,noise_dba,33
2025-12-27T09:26:04+01:00,d241a044-0a06-40c2-9d90-c91fd0a95060,40.99851020119874,21.243798033728062,pm10,2
2025-12-27T09:26:04+01:00,d241a044-0a06-40c2-9d90-c91fd0a95060,40.99851020119874,21.243798033728062,pm25,1
2025-12-27T09:26:04+01:00,d241a044-0a06-40c2-9d90-c91fd0a95060,40.99851020119874,21.243798033728062,pressure,895
2025-12-27T09:26:04+01:00,d241a044-0a06-40c2-9d90-c91fd0a95060,40.99851020119874,21.243798033728062,temperature,8
2025-12-27T09:41:36+01:00,d241a044-0a06-40c2-9d90-c91fd0a95060,40.99851020119874,21.243798033728062,gasResistance,806258
2025-12-27T09:41:36+01:00,d241a044-0a06-40c2-9d90-c91fd0a95060,40.99851020119874,21.243798033728062,humidity,45
2025-12-27T09:41:36+01:00,d241a044-0a06-40c2-9d90-c91fd0a95060,40.99851020119874,21.243798033728062,noise,22
2025-12-27T09:41:36+01:00,d241a044-0a06-40c2-9d90-c91fd0a95060,40.99851020119874,21.243798033728062,noise_dba,35
2025-12-27T09:41:36+01:00,d241a044-0a06-40c2-9d90-c91fd0a95060,40.99851020119874,21.243798033728062,pm10,3
2025-12-27T09:41:36+01:00,d241a044-0a06-40c2-9d90-c91fd0a95060,40.99851020119874,21.243798033728062,pm25,2
2025-12-27T09:41:36+01:00,d241a044-0a06-40c2-9d90-c91fd0a95060,40.99851020119874,21.243798033728062,pressure,895
2025-12-27T09:41:36+01:00,d241a044-0a06-40c2-9d90-c91fd0a95060,40.99851020119874,21.243798033728062,temperature,9
2025-12-27T09:57:07+01:00,d241a044-0a06-40c2-9d90-c91fd0a95060,40.99851020119874,21.243798033728062,gasResistance,831781
2025-12-27T09:57:07+01:00,d241a044-0a06-40c2-9d90-c91fd0a95060,40.99851020119874,21.243798033728062,humidity,48
2025-12-27T09:57:07+01:00,d241a044-0a06-40c2-9d90-c91fd0a95060,40.99851020119874,21.243798033728062,noise,19
2025-12-27T09:57:07+01:00,d241a044-0a06-40c2-9d90-c91fd0a95060,40.99851020119874,21.243798033728062,noise_dba,33
2025-12-27T09:57:07+01:00,d241a044-0a06-40c2-9d90-c91fd0a95060,40.99851020119874,21.243798033728062,pm10,2
2025-12-27T09:57:07+01:00,d241a044-0a06-40c2-9d90-c91fd0a95060,40.99851020119874,21.243798033728062,pm25,2
2025-12-27T09:57:07+01:00,d241a044-0a06-40c2-9d90-c91fd0a95060,40.99851020119874,21.243798033728062,pressure,895
2025-12-27T09:57:07+01:00,d241a044-0a06-40c2-9d90-c91fd0a95060,40.99851020119874,21.243798033728062,temperature,9
2025-12-27T10:12:39+01:00,d241a044-0a06-40c2-9d90-c91fd0a95060,40.99851020119874,21.243798033728062,gasResistance,828695
2025-12-27T10:12:39+01:00,d241a044-0a06-40c2-9d90-c91fd0a95060,40.99851020119874,21.243798033728062,humidity,51
2025-12-27T10:12:39+01:00,d241a044-0a06-40c2-9d90-c91fd0a95060,40.99851020119874,21.243798033728062,noise,18
2025-12-27T10:12:39+01:00,d241a044-0a06-40c2-9d90-c91fd0a95060,40.99851020119874,21.243798033728062,noise_dba,32
2025-12-27T10:12:39+01:00,d241a044-0a06-40c2-9d90-c91fd0a95060,40.99851020119874,21.243798033728062,pm10,4
2025-12-27T10:12:39+01:00,d241a044-0a06-40c2-9d90-c91fd0a95060,40.99851020119874,21.243798033728062,pm25,2
2025-12-27T10:12:39+01:00,d241a044-0a06-40c2-9d90-c91fd0a95060,40.99851020119874,21.243798033728062,pressure,895
2025-12-27T10:12:39+01:00,d241a044-0a06-40c2-9d90-c91fd0a95060,40.99851020119874,21.243798033728062,temperature,8
2025-12-27T10:28:11+01:00,d241a044-0a06-40c2-9d90-c91fd0a95060,40.99851020119874,21.243798033728062,gasResistance,795252
2025-12-27T10:28:11+01:00,d241a044-0a06-40c2-9d90-c91fd0a95060,40.99851020119874,21.243798033728062,humidity,54
2025-12-27T10:28:11+01:00,d241a044-0a06-40c2-9d90-c91fd0a95060,40.99851020119874,21.243798033728062,noise,19
2025-12-27T10:28:11+01:00,d241a044-0a06-40c2-9d90-c91fd0a95060,40.99851020119874,21.243798033728062,noise_dba,33
2025-12-27T10:28:11+01:00,d241a044-0a06-40c2-9d90-c91fd0a95060,40.99851020119874,21.243798033728062,pm10,3
2025-12-27T10:28:11+01:00,d241a044-0a06-40c2-9d90-c91fd0a95060,40.99851020119874,21.243798033728062,pm25,2
2025-12-27T10:28:11+01:00,d241a044-0a06-40c2-9d90-c91fd0a95060,40.99851020119874,21.243798033728062,pressure,895
2025-12-27T10:28:11+01:00,d241a044-0a06-40c2-9d90-c91fd0a95060,40.99851020119874,21.243798033728062,temperature,8
2025-12-27T10:43:42+01:00,d241a044-0a06-40c2-9d90-c91fd0a95060,40.99851020119874,21.243798033728062,gasResistance,771001
2025-12-27T10:43:42+01:00,d241a044-0a06-40c2-9d90-c91fd0a95060,40.99851020119874,21.243798033728062,humidity,57
2025-12-27T10:43:42+01:00,d241a044-0a06-40c2-9d90-c91fd0a95060,40.99851020119874,21.243798033728062,noise,19
2025-12-27T10:43:42+01:00,d241a044-0a06-40c2-9d90-c91fd0a95060,40.99851020119874,21.243798033728062,noise_dba,33
2025-12-27T10:43:42+01:00,d241a044-0a06-40c2-9d90-c91fd0a95060,40.99851020119874,21.243798033728062,pm10,3
2025-12-27T10:43:42+01:00,d241a044-0a06-40c2-9d90-c91fd0a95060,40.99851020119874,21.243798033728062,pm25,1
2025-12-27T10:43:42+01:00,d241a044-0a06-40c2-9d90-c91fd0a95060,40.99851020119874,21.243798033728062,pressure,895
2025-12-27T10:43:42+01:00,d241a044-0a06-40c2-9d90-c91fd0a95060,40.99851020119874,21.243798033728062,temperature,7
2025-12-27T10:59:14+01:00,d241a044-0a06-40c2-9d90-c91fd0a95060,40.99851020119874,21.243798033728062,gasResistance,767029
2025-12-27T10:59:14+01:00,d241a044-0a06-40c2-9d90-c91fd0a95060,40.99851020119874,21.243798033728062,humidity,53
2025-12-27T10:59:14+01:00,d241a044-0a06-40c2-9d90-c91fd0a95060,40.99851020119874,21.243798033728062,noise,19
2025-12-27T10:59:14+01:00,d241a044-0a06-40c2-9d90-c91fd0a95060,40.99851020119874,21.243798033728062,noise_dba,33
2025-12-27T10:59:14+01:00,d241a044-0a06-40c2-9d90-c91fd0a95060,40.99851020119874,21.243798033728062,pm10,2
2025-12-27T10:59:14+01:00,d241a044-0a06-40c2-9d90-c91fd0a95060,40.99851020119874,21.243798033728062,pm25,2
2025-12-27T10:59:14+01:00,d241a044-0a06-40c2-9d90-c91fd0a95060,40.99851020119874,21.243798033728062,pressure,895
2025-12-27T10:59:14+01:00,d241a044-0a06-40c2-9d90-c91fd0a95060,40.99851020119874,21.243798033728062,temperature,6
2025-12-27T11:14:45+01:00,d241a044-0a06-40c2-9d90-c91fd0a95060,40.99851020119874,21.243798033728062,gasResistance,840125
2025-12-27T11:14:45+01:00,d241a044-0a06-40c2-9d90-c91fd0a95060,40.99851020119874,21.243798033728062,humidity,46
2025-12-27T11:14:45+01:00,d241a044-0a06-40c2-9d90-c91fd0a95060,40.99851020119874,21.243798033728062,noise,22
2025-12-27T11:14:45+01:00,d241a044-0a06-40c2-9d90-c91fd0a95060,40.99851020119874,21.243798033728062,noise_dba,35
2025-12-27T11:14:45+01:00,d241a044-0a06-40c2-9d90-c91fd0a95060,40.99851020119874,21.243798033728062,pm10,3
2025-12-27T11:14:45+01:00,d241a044-0a06-40c2-9d90-c91fd0a95060,40.99851020119874,21.243798033728062,pm25,2
2025-12-27T11:14:45+01:00,d241a044-0a06-40c2-9d90-c91fd0a95060,40.99851020119874,21.243798033728062,pressure,895
2025-12-27T11:14:45+01:00,d241a044-0a06-40c2-9d90-c91fd0a95060,40.99851020119874,21.243798033728062,temperature,7
2025-12-27T11:46:01+01:00,d241a044-0a06-40c2-9d90-c91fd0a95060,40.99851020119874,21.243798033728062,gasResistance,0
2025-12-27T11:46:01+01:00,d241a044-0a06-40c2-9d90-c91fd0a95060,40.99851020119874,21.243798033728062,humidity,32
2025-12-27T11:46:01+01:00,d241a044-0a06-40c2-9d90-c91fd0a95060,40.99851020119874,21.243798033728062,noise,20
2025-12-27T11:46:01+01:00,d241a044-0a06-40c2-9d90-c91fd0a95060,40.99851020119874,21.243798033728062,noise_dba,34
2025-12-27T11:46:01+01:00,d241a044-0a06-40c2-9d90-c91fd0a95060,40.99851020119874,21.243798033728062,pm10,1
2025-12-27T11:46:01+01:00,d241a044-0a06-40c2-9d90-c91fd0a95060,40.99851020119874,21.243798033728062,pm25,1
2025-12-27T11:46:01+01:00,d241a044-0a06-40c2-9d90-c91fd0a95060,40.99851020119874,21.243798033728062,pressure,893
2025-12-27T11:46:01+01:00,d241a044-0a06-40c2-9d90-c91fd0a95060,40.99851020119874,21.243798033728062,temperature,17
2025-12-27T12:01:33+01:00,d241a044-0a06-40c2-9d90-c91fd0a95060,40.99851020119874,21.243798033728062,gasResistance,1049334
2025-12-27T12:01:33+01:00,d241a044-0a06-40c2-9d90-c91fd0a95060,40.99851020119874,21.243798033728062,humidity,30
2025-12-27T12:01:33+01:00,d241a044-0a06-40c2-9d90-c91fd0a95060,40.99851020119874,21.243798033728062,noise,25
2025-12-27T12:01:33+01:00,d241a044-0a06-40c2-9d90-c91fd0a95060,40.99851020119874,21.243798033728062,noise_dba,37
2025-12-27T12:01:33+01:00,d241a044-0a06-40c2-9d90-c91fd0a95060,40.99851020119874,21.243798033728062,pm10,2
2025-12-27T12:01:33+01:00,d241a044-0a06-40c2-9d90-c91fd0a95060,40.99851020119874,21.243798033728062,pm25,1
2025-12-27T12:01:33+01:00,d241a044-0a06-40c2-9d90-c91fd0a95060,40.99851020119874,21.243798033728062,pressure,893
2025-12-27T12:01:33+01:00,d241a044-0a06-40c2-9d90-c91fd0a95060,40.99851020119874,21.243798033728062,temperature,17
2025-12-27T12:17:05+01:00,d241a044-0a06-40c2-9d90-c91fd0a95060,40.99851020119874,21.243798033728062,gasResistance,1035549
2025-12-27T12:17:05+01:00,d241a044-0a06-40c2-9d90-c91fd0a95060,40.99851020119874,21.243798033728062,humidity,28
2025-12-27T12:17:05+01:00,d241a044-0a06-40c2-9d90-c91fd0a95060,40.99851020119874,21.243798033728062,noise,20
2025-12-27T12:17:05+01:00,d241a044-0a06-40c2-9d90-c91fd0a95060,40.99851020119874,21.243798033728062,noise_dba,34
2025-12-27T12:17:05+01:00,d241a044-0a06-40c2-9d90-c91fd0a95060,40.99851020119874,21.243798033728062,pm10,2
2025-12-27T12:17:05+01:00,d241a044-0a06-40c2-9d90-c91fd0a95060,40.99851020119874,21.243798033728062,pm25,1
2025-12-27T12:17:05+01:00,d241a044-0a06-40c2-9d90-c91fd0a95060,40.99851020119874,21.243798033728062,pressure,893
2025-12-27T12:17:05+01:00,d241a044-0a06-40c2-9d90-c91fd0a95060,40.99851020119874,21.243798033728062,temperature,17
2025-12-27T12:32:36+01:00,d241a044-0a06-40c2-9d90-c91fd0a95060,40.99851020119874,21.243798033728062,gasResistance,1031563
2025-12-27T12:32:36+01:00,d241a044-0a06-40c2-9d90-c91fd0a95060,40.99851020119874,21.243798033728062,humidity,28
2025-12-27T12:32:36+01:00,d241a044-0a06-40c2-9d90-c91fd0a95060,40.99851020119874,21.243798033728062,noise,20
2025-12-27T12:32:36+01:00,d241a044-0a06-40c2-9d90-c91fd0a95060,40.99851020119874,21.243798033728062,noise_dba,34
2025-12-27T12:32:36+01:00,d241a044-0a06-40c2-9d90-c91fd0a95060,40.99851020119874,21.243798033728062,pm10,3
2025-12-27T12:32:36+01:00,d241a044-0a06-40c2-9d90-c91fd0a95060,40.99851020119874,21.243798033728062,pm25,1
2025-12-27T12:32:36+01:00,d241a044-0a06-40c2-9d90-c91fd0a95060,40.99851020119874,21.243798033728062,pressure,893
2025-12-27T12:32:36+01:00,d241a044-0a06-40c2-9d90-c91fd0a95060,40.99851020119874,21.243798033728062,temperature,18
2025-12-27T12:48:08+01:00,d241a044-0a06-40c2-9d90-c91fd0a95060,40.99851020119874,21.243798033728062,gasResistance,1028396
2025-12-27T12:48:08+01:00,d241a044-0a06-40c2-9d90-c91fd0a95060,40.99851020119874,21.243798033728062,humidity,29
2025-12-27T12:48:08+01:00,d241a044-0a06-40c2-9d90-c91fd0a95060,40.99851020119874,21.243798033728062,noise,20
2025-12-27T12:48:08+01:00,d241a044-0a06-40c2-9d90-c91fd0a95060,40.99851020119874,21.243798033728062,noise_dba,34
2025-12-27T12:48:08+01:00,d241a044-0a06-40c2-9d90-c91fd0a95060,40.99851020119874,21.243798033728062,pm10,3
2025-12-27T12:48:08+01:00,d241a044-0a06-40c2-9d90-c91fd0a95060,40.99851020119874,21.243798033728062,pm25,2
2025-12-27T12:48:08+01:00,d241a044-0a06-40c2-9d90-c91fd0a95060,40.99851020119874,21.243798033728062,pressure,893
2025-12-27T12:48:08+01:00,d241a044-0a06-40c2-9d90-c91fd0a95060,40.99851020119874,21.243798033728062,temperature,18
2025-12-27T13:03:40+01:00,d241a044-0a06-40c2-9d90-c91fd0a95060,40.99851020119874,21.243798033728062,gasResistance,1002244
2025-12-27T13:03:40+01:00,d241a044-0a06-40c2-9d90-c91fd0a95060,40.99851020119874,21.243798033728062,humidity,33
2025-12-27T13:03:40+01:00,d241a044-0a06-40c2-9d90-c91fd0a95060,40.99851020119874,21.243798033728062,noise,20
2025-12-27T13:03:40+01:00,d241a044-0a06-40c2-9d90-c91fd0a95060,40.99851020119874,21.243798033728062,noise_dba,34
2025-12-27T13:03:40+01:00,d241a044-0a06-40c2-9d90-c91fd0a95060,40.99851020119874,21.243798033728062,pm10,7
2025-12-27T13:03:40+01:00,d241a044-0a06-40c2-9d90-c91fd0a95060,40.99851020119874,21.243798033728062,pm25,4
2025-12-27T13:03:40+01:00,d241a044-0a06-40c2-9d90-c91fd0a95060,40.99851020119874,21.243798033728062,pressure,893
2025-12-27T13:03:40+01:00,d241a044-0a06-40c2-9d90-c91fd0a95060,40.99851020119874,21.243798033728062,temperature,17
2025-12-27T13:19:11+01:00,d241a044-0a06-40c2-9d90-c91fd0a95060,40.99851020119874,21.243798033728062,gasResistance,994803
2025-12-27T13:19:11+01:00,d241a044-0a06-40c2-9d90-c91fd0a95060,40.99851020119874,21.243798033728062,humidity,34
2025-12-27T13:19:11+01:00,d241a044-0a06-40c2-9d90-c91fd0a95060,40.99851020119874,21.243798033728062,noise,20
2025-12-27T13:19:11+01:00,d241a044-0a06-40c2-9d90-c91fd0a95060,40.99851020119874,21.243798033728062,noise_dba,34
2025-12-27T13:19:11+01:00,d241a044-0a06-40c2-9d90-c91fd0a95060,40.99851020119874,21.243798033728062,pm10,5
2025-12-27T13:19:11+01:00,d241a044-0a06-40c2-9d90-c91fd0a95060,40.99851020119874,21.243798033728062,pm25,3
2025-12-27T13:19:11+01:00,d241a044-0a06-40c2-9d90-c91fd0a95060,40.99851020119874,21.243798033728062,pressure,893
2025-12-27T13:19:11+01:00,d241a044-0a06-40c2-9d90-c91fd0a95060,40.99851020119874,21.243798033728062,temperature,16
2025-12-27T13:34:43+01:00,d241a044-0a06-40c2-9d90-c91fd0a95060,40.99851020119874,21.243798033728062,gasResistance,994065
2025-12-27T13:34:43+01:00,d241a044-0a06-40c2-9d90-c91fd0a95060,40.99851020119874,21.243798033728062,humidity,33
2025-12-27T13:34:43+01:00,d241a044-0a06-40c2-9d90-c91fd0a95060,40.99851020119874,21.243798033728062,noise,21
2025-12-27T13:34:43+01:00,d241a044-0a06-40c2-9d90-c91fd0a95060,40.99851020119874,21.243798033728062,noise_dba,34
2025-12-27T13:34:43+01:00,d241a044-0a06-40c2-9d90-c91fd0a95060,40.99851020119874,21.243798033728062,pm10,5
2025-12-27T13:34:43+01:00,d241a044-0a06-40c2-9d90-c91fd0a95060,40.99851020119874,21.243798033728062,pm25,4
2025-12-27T13:34:43+01:00,d241a044-0a06-40c2-9d90-c91fd0a95060,40.99851020119874,21.243798033728062,pressure,893
2025-12-27T13:34:43+01:00,d241a044-0a06-40c2-9d90-c91fd0a95060,40.99851020119874,21.243798033728062,temperature,16
2025-12-27T13:50:14+01:00,d241a044-0a06-40c2-9d90-c91fd0a95060,40.99851020119874,21.243798033728062,gasResistance,990392
2025-12-27T13:50:14+01:00,d241a044-0a06-40c2-9d90-c91fd0a95060,40.99851020119874,21.243798033728062,humidity,36
2025-12-27T13:50:14+01:00,d241a044-0a06-40c2-9d90-c91fd0a95060,40.99851020119874,21.243798033728062,noise,19
2025-12-27T13:50:14+01:00,d241a044-0a06-40c2-9d90-c91fd0a95060,40.99851020119874,21.243798033728062,noise_dba,33
2025-12-27T13:50:14+01:00,d241a044-0a06-40c2-9d90-c91fd0a95060,40.99851020119874,21.243798033728062,pm10,5
2025-12-27T13:50:14+01:00,d241a044-0a06-40c2-9d90-c91fd0a95060,40.99851020119874,21.243798033728062,pm25,4
2025-12-27T13:50:14+01:00,d241a044-0a06-40c2-9d90-c91fd0a95060,40.99851020119874,21.243798033728062,pressure,893
2025-12-27T13:50:14+01:00,d241a044-0a06-40c2-9d90-c91fd0a95060,40.99851020119874,21.243798033728062,temperature,15
2025-12-27T14:05:46+01:00,d241a044-0a06-40c2-9d90-c91fd0a95060,40.99851020119874,21.243798033728062,gasResistance,958512
2025-12-27T14:05:46+01:00,d241a044-0a06-40c2-9d90-c91fd0a95060,40.99851020119874,21.243798033728062,humidity,42
2025-12-27T14:05:46+01:00,d241a044-0a06-40c2-9d90-c91fd0a95060,40.99851020119874,21.243798033728062,noise,20
2025-12-27T14:05:46+01:00,d241a044-0a06-40c2-9d90-c91fd0a95060,40.99851020119874,21.243798033728062,noise_dba,34
2025-12-27T14:05:46+01:00,d241a044-0a06-40c2-9d90-c91fd0a95060,40.99851020119874,21.243798033728062,pm10,7
2025-12-27T14:05:46+01:00,d241a044-0a06-40c2-9d90-c91fd0a95060,40.99851020119874,21.243798033728062,pm25,4
2025-12-27T14:05:46+01:00,d241a044-0a06-40c2-9d90-c91fd0a95060,40.99851020119874,21.243798033728062,pressure,893
2025-12-27T14:05:46+01:00,d241a044-0a06-40c2-9d90-c91fd0a95060,40.99851020119874,21.243798033728062,temperature,14
2025-12-27T14:21:18+01:00,d241a044-0a06-40c2-9d90-c91fd0a95060,40.99851020119874,21.243798033728062,gasResistance,909708
2025-12-27T14:21:18+01:00,d241a044-0a06-40c2-9d90-c91fd0a95060,40.99851020119874,21.243798033728062,humidity,46
2025-12-27T14:21:18+01:00,d241a044-0a06-40c2-9d90-c91fd0a95060,40.99851020119874,21.243798033728062,noise,19
2025-12-27T14:21:18+01:00,d241a044-0a06-40c2-9d90-c91fd0a95060,40.99851020119874,21.243798033728062,noise_dba,33
2025-12-27T14:21:18+01:00,d241a044-0a06-40c2-9d90-c91fd0a95060,40.99851020119874,21.243798033728062,pm10,9
2025-12-27T14:21:18+01:00,d241a044-0a06-40c2-9d90-c91fd0a95060,40.99851020119874,21.243798033728062,pm25,5
2025-12-27T14:21:18+01:00,d241a044-0a06-40c2-9d90-c91fd0a95060,40.99851020119874,21.243798033728062,pressure,893
2025-12-27T14:21:18+01:00,d241a044-0a06-40c2-9d90-c91fd0a95060,40.99851020119874,21.243798033728062,temperature,12
2025-12-27T14:36:49+01:00,d241a044-0a06-40c2-9d90-c91fd0a95060,40.99851020119874,21.243798033728062,gasResistance,818571
2025-12-27T14:36:49+01:00,d241a044-0a06-40c2-9d90-c91fd0a95060,40.99851020119874,21.243798033728062,humidity,53
2025-12-27T14:36:49+01:00,d241a044-0a06-40c2-9d90-c91fd0a95060,40.99851020119874,21.243798033728062,noise,23
2025-12-27T14:36:49+01:00,d241a044-0a06-40c2-9d90-c91fd0a95060,40.99851020119874,21.243798033728062,noise_dba,36
2025-12-27T14:36:49+01:00,d241a044-0a06-40c2-9d90-c91fd0a95060,40.99851020119874,21.243798033728062,pm10,7
2025-12-27T14:36:49+01:00,d241a044-0a06-40c2-9d90-c91fd0a95060,40.99851020119874,21.243798033728062,pm25,4
2025-12-27T14:36:49+01:00,d241a044-0a06-40c2-9d90-c91fd0a95060,40.99851020119874,21.243798033728062,pressure,893
2025-12-27T14:36:49+01:00,d241a044-0a06-40c2-9d90-c91fd0a95060,40.99851020119874,21.243798033728062,temperature,10
2025-12-27T14:52:21+01:00,d241a044-0a06-40c2-9d90-c91fd0a95060,40.99851020119874,21.243798033728062,gasResistance,708286
2025-12-27T14:52:21+01:00,d241a044-0a06-40c2-9d90-c91fd0a95060,40.99851020119874,21.243798033728062,humidity,64
2025-12-27T14:52:21+01:00,d241a044-0a06-40c2-9d90-c91fd0a95060,40.99851020119874,21.243798033728062,noise,22
2025-12-27T14:52:21+01:00,d241a044-0a06-40c2-9d90-c91fd0a95060,40.99851020119874,21.243798033728062,noise_dba,35
2025-12-27T14:52:21+01:00,d241a044-0a06-40c2-9d90-c91fd0a95060,40.99851020119874,21.243798033728062,pm10,7
2025-12-27T14:52:21+01:00,d241a044-0a06-40c2-9d90-c91fd0a95060,40.99851020119874,21.243798033728062,pm25,2
2025-12-27T14:52:21+01:00,d241a044-0a06-40c2-9d90-c91fd0a95060,40.99851020119874,21.243798033728062,pressure,893
2025-12-27T14:52:21+01:00,d241a044-0a06-40c2-9d90-c91fd0a95060,40.99851020119874,21.243798033728062,temperature,8
2025-12-27T15:07:53+01:00,d241a044-0a06-40c2-9d90-c91fd0a95060,40.99851020119874,21.243798033728062,gasResistance,641121
2025-12-27T15:07:53+01:00,d241a044-0a06-40c2-9d90-c91fd0a95060,40.99851020119874,21.243798033728062,humidity,67
2025-12-27T15:07:53+01:00,d241a044-0a06-40c2-9d90-c91fd0a95060,40.99851020119874,21.243798033728062,noise,29
2025-12-27T15:07:53+01:00,d241a044-0a06-40c2-9d90-c91fd0a95060,40.99851020119874,21.243798033728062,noise_dba,40
2025-12-27T15:07:53+01:00,d241a044-0a06-40c2-9d90-c91fd0a95060,40.99851020119874,21.243798033728062,pm10,5
2025-12-27T15:07:53+01:00,d241a044-0a06-40c2-9d90-c91fd0a95060,40.99851020119874,21.243798033728062,pm25,2
2025-12-27T15:07:53+01:00,d241a044-0a06-40c2-9d90-c91fd0a95060,40.99851020119874,21.243798033728062,pressure,893
2025-12-27T15:07:53+01:00,d241a044-0a06-40c2-9d90-c91fd0a95060,40.99851020119874,21.243798033728062,temperature,6
2025-12-27T15:23:25+01:00,d241a044-0a06-40c2-9d90-c91fd0a95060,40.99851020119874,21.243798033728062,gasResistance,629662
2025-12-27T15:23:25+01:00,d241a044-0a06-40c2-9d90-c91fd0a95060,40.99851020119874,21.243798033728062,humidity,62
2025-12-27T15:23:25+01:00,d241a044-0a06-40c2-9d90-c91fd0a95060,40.99851020119874,21.243798033728062,noise,14
2025-12-27T15:23:25+01:00,d241a044-0a06-40c2-9d90-c91fd0a95060,40.99851020119874,21.243798033728062,noise_dba,28
2025-12-27T15:23:25+01:00,d241a044-0a06-40c2-9d90-c91fd0a95060,40.99851020119874,21.243798033728062,pm10,4
2025-12-27T15:23:25+01:00,d241a044-0a06-40c2-9d90-c91fd0a95060,40.99851020119874,21.243798033728062,pm25,1
2025-12-27T15:23:25+01:00,d241a044-0a06-40c2-9d90-c91fd0a95060,40.99851020119874,21.243798033728062,pressure,893
2025-12-27T15:23:25+01:00,d241a044-0a06-40c2-9d90-c91fd0a95060,40.99851020119874,21.243798033728062,temperature,4
2025-12-27T15:38:56+01:00,d241a044-0a06-40c2-9d90-c91fd0a95060,40.99851020119874,21.243798033728062,gasResistance,616895
2025-12-27T15:38:56+01:00,d241a044-0a06-40c2-9d90-c91fd0a95060,40.99851020119874,21.243798033728062,humidity,64
2025-12-27T15:38:56+01:00,d241a044-0a06-40c2-9d90-c91fd0a95060,40.99851020119874,21.243798033728062,noise,23
2025-12-27T15:38:56+01:00,d241a044-0a06-40c2-9d90-c91fd0a95060,40.99851020119874,21.243798033728062,noise_dba,36
2025-12-27T15:38:56+01:00,d241a044-0a06-40c2-9d90-c91fd0a95060,40.99851020119874,21.243798033728062,pm10,1
2025-12-27T15:38:56+01:00,d241a044-0a06-40c2-9d90-c91fd0a95060,40.99851020119874,21.243798033728062,pm25,1
2025-12-27T15:38:56+01:00,d241a044-0a06-40c2-9d90-c91fd0a95060,40.99851020119874,21.243798033728062,pressure,893
2025-12-27T15:38:56+01:00,d241a044-0a06-40c2-9d90-c91fd0a95060,40.99851020119874,21.243798033728062,temperature,4
2025-12-27T15:54:28+01:00,d241a044-0a06-40c2-9d90-c91fd0a95060,40.99851020119874,21.243798033728062,gasResistance,611261
2025-12-27T15:54:28+01:00,d241a044-0a06-40c2-9d90-c91fd0a95060,40.99851020119874,21.243798033728062,humidity,65
2025-12-27T15:54:28+01:00,d241a044-0a06-40c2-9d90-c91fd0a95060,40.99851020119874,21.243798033728062,noise,16
2025-12-27T15:54:28+01:00,d241a044-0a06-40c2-9d90-c91fd0a95060,40.99851020119874,21.243798033728062,noise_dba,30
2025-12-27T15:54:28+01:00,d241a044-0a06-40c2-9d90-c91fd0a95060,40.99851020119874,21.243798033728062,pm10,1
2025-12-27T15:54:28+01:00,d241a044-0a06-40c2-9d90-c91fd0a95060,40.99851020119874,21.243798033728062,pm25,0
2025-12-27T15:54:28+01:00,d241a044-0a06-40c2-9d90-c91fd0a95060,40.99851020119874,21.243798033728062,pressure,893
2025-12-27T15:54:28+01:00,d241a044-0a06-40c2-9d90-c91fd0a95060,40.99851020119874,21.243798033728062,temperature,3
2025-12-27T16:09:59+01:00,d241a044-0a06-40c2-9d90-c91fd0a95060,40.99851020119874,21.243798033728062,gasResistance,625543
2025-12-27T16:09:59+01:00,d241a044-0a06-40c2-9d90-c91fd0a95060,40.99851020119874,21.243798033728062,humidity,60
2025-12-27T16:09:59+01:00,d241a044-0a06-40c2-9d90-c91fd0a95060,40.99851020119874,21.243798033728062,pm10,0
2025-12-27T16:09:59+01:00,d241a044-0a06-40c2-9d90-c91fd0a95060,40.99851020119874,21.243798033728062,pm25,0
2025-12-27T16:09:59+01:00,d241a044-0a06-40c2-9d90-c91fd0a95060,40.99851020119874,21.243798033728062,pressure,893
2025-12-27T16:09:59+01:00,d241a044-0a06-40c2-9d90-c91fd0a95060,40.99851020119874,21.243798033728062,temperature,2
2025-12-27T16:25:31+01:00,d241a044-0a06-40c2-9d90-c91fd0a95060,40.99851020119874,21.243798033728062,gasResistance,678147
2025-12-27T16:25:31+01:00,d241a044-0a06-40c2-9d90-c91fd0a95060,40.99851020119874,21.243798033728062,humidity,57
2025-12-27T16:25:31+01:00,d241a044-0a06-40c2-9d90-c91fd0a95060,40.99851020119874,21.243798033728062,pm10,0
2025-12-27T16:25:31+01:00,d241a044-0a06-40c2-9d90-c91fd0a95060,40.99851020119874,21.243798033728062,pm25,0
2025-12-27T16:25:31+01:00,d241a044-0a06-40c2-9d90-c91fd0a95060,40.99851020119874,21.243798033728062,pressure,893
2025-12-27T16:25:31+01:00,d241a044-0a06-40c2-9d90-c91fd0a95060,40.99851020119874,21.243798033728062,temperature,2
2025-12-27T16:41:02+01:00,d241a044-0a06-40c2-9d90-c91fd0a95060,40.99851020119874,21.243798033728062,gasResistance,688612
2025-12-27T16:41:02+01:00,d241a044-0a06-40c2-9d90-c91fd0a95060,40.99851020119874,21.243798033728062,humidity,60
2025-12-27T16:41:02+01:00,d241a044-0a06-40c2-9d90-c91fd0a95060,40.99851020119874,21.243798033728062,pm10,0
2025-12-27T16:41:02+01:00,d241a044-0a06-40c2-9d90-c91fd0a95060,40.99851020119874,21.243798033728062,pm25,0
2025-12-27T16:41:02+01:00,d241a044-0a06-40c2-9d90-c91fd0a95060,40.99851020119874,21.243798033728062,pressure,893
2025-12-27T16:41:02+01:00,d241a044-0a06-40c2-9d90-c91fd0a95060,40.99851020119874,21.243798033728062,temperature,2
2025-12-27T16:56:34+01:00,d241a044-0a06-40c2-9d90-c91fd0a95060,40.99851020119874,21.243798033728062,gasResistance,718166
2025-12-27T16:56:34+01:00,d241a044-0a06-40c2-9d90-c91fd0a95060,40.99851020119874,21.243798033728062,humidity,58
2025-12-27T16:56:34+01:00,d241a044-0a06-40c2-9d90-c91fd0a95060,40.99851020119874,21.243798033728062,pm10,0
2025-12-27T16:56:34+01:00,d241a044-0a06-40c2-9d90-c91fd0a95060,40.99851020119874,21.243798033728062,pm25,0
2025-12-27T16:56:34+01:00,d241a044-0a06-40c2-9d90-c91fd0a95060,40.99851020119874,21.243798033728062,pressure,892
2025-12-27T16:56:34+01:00,d241a044-0a06-40c2-9d90-c91fd0a95060,40.99851020119874,21.243798033728062,temperature,2
2025-12-27T17:12:06+01:00,d241a044-0a06-40c2-9d90-c91fd0a95060,40.99851020119874,21.243798033728062,gasResistance,733111
2025-12-27T17:12:06+01:00,d241a044-0a06-40c2-9d90-c91fd0a95060,40.99851020119874,21.243798033728062,humidity,58
2025-12-27T17:12:06+01:00,d241a044-0a06-40c2-9d90-c91fd0a95060,40.99851020119874,21.243798033728062,pm10,0
2025-12-27T17:12:06+01:00,d241a044-0a06-40c2-9d90-c91fd0a95060,40.99851020119874,21.243798033728062,pm25,0
2025-12-27T17:12:06+01:00,d241a044-0a06-40c2-9d90-c91fd0a95060,40.99851020119874,21.243798033728062,pressure,892
2025-12-27T17:12:06+01:00,d241a044-0a06-40c2-9d90-c91fd0a95060,40.99851020119874,21.243798033728062,temperature,2
2025-12-27T17:27:37+01:00,d241a044-0a06-40c2-9d90-c91fd0a95060,40.99851020119874,21.243798033728062,gasResistance,694326
2025-12-27T17:27:37+01:00,d241a044-0a06-40c2-9d90-c91fd0a95060,40.99851020119874,21.243798033728062,humidity,57
2025-12-27T17:27:37+01:00,d241a044-0a06-40c2-9d90-c91fd0a95060,40.99851020119874,21.243798033728062,pm10,0
2025-12-27T17:27:37+01:00,d241a044-0a06-40c2-9d90-c91fd0a95060,40.99851020119874,21.243798033728062,pm25,0
2025-12-27T17:27:37+01:00,d241a044-0a06-40c2-9d90-c91fd0a95060,40.99851020119874,21.243798033728062,pressure,892
2025-12-27T17:27:37+01:00,d241a044-0a06-40c2-9d90-c91fd0a95060,40.99851020119874,21.243798033728062,temperature,2
2025-12-27T17:43:09+01:00,d241a044-0a06-40c2-9d90-c91fd0a95060,40.99851020119874,21.243798033728062,gasResistance,706791
2025-12-27T17:43:09+01:00,d241a044-0a06-40c2-9d90-c91fd0a95060,40.99851020119874,21.243798033728062,humidity,56
2025-12-27T17:43:09+01:00,d241a044-0a06-40c2-9d90-c91fd0a95060,40.99851020119874,21.243798033728062,noise,19
2025-12-27T17:43:09+01:00,d241a044-0a06-40c2-9d90-c91fd0a95060,40.99851020119874,21.243798033728062,noise_dba,33
2025-12-27T17:43:09+01:00,d241a044-0a06-40c2-9d90-c91fd0a95060,40.99851020119874,21.243798033728062,pm10,0
2025-12-27T17:43:09+01:00,d241a044-0a06-40c2-9d90-c91fd0a95060,40.99851020119874,21.243798033728062,pm25,0
2025-12-27T17:43:09+01:00,d241a044-0a06-40c2-9d90-c91fd0a95060,40.99851020119874,21.243798033728062,pressure,892
2025-12-27T17:43:09+01:00,d241a044-0a06-40c2-9d90-c91fd0a95060,40.99851020119874,21.243798033728062,temperature,2
2025-12-27T17:58:41+01:00,d241a044-0a06-40c2-9d90-c91fd0a95060,40.99851020119874,21.243798033728062,gasResistance,714334
2025-12-27T17:58:41+01:00,d241a044-0a06-40c2-9d90-c91fd0a95060,40.99851020119874,21.243798033728062,humidity,57
2025-12-27T17:58:41+01:00,d241a044-0a06-40c2-9d90-c91fd0a95060,40.99851020119874,21.243798033728062,pm10,0
2025-12-27T17:58:41+01:00,d241a044-0a06-40c2-9d90-c91fd0a95060,40.99851020119874,21.243798033728062,pm25,0
2025-12-27T17:58:41+01:00,d241a044-0a06-40c2-9d90-c91fd0a95060,40.99851020119874,21.243798033728062,pressure,892
2025-12-27T17:58:41+01:00,d241a044-0a06-40c2-9d90-c91fd0a95060,40.99851020119874,21.243798033728062,temperature,2
2025-12-27T18:14:13+01:00,d241a044-0a06-40c2-9d90-c91fd0a95060,40.99851020119874,21.243798033728062,gasResistance,718937
2025-12-27T18:14:13+01:00,d241a044-0a06-40c2-9d90-c91fd0a95060,40.99851020119874,21.243798033728062,humidity,59
2025-12-27T18:14:13+01:00,d241a044-0a06-40c2-9d90-c91fd0a95060,40.99851020119874,21.243798033728062,pm10,1
2025-12-27T18:14:13+01:00,d241a044-0a06-40c2-9d90-c91fd0a95060,40.99851020119874,21.243798033728062,pm25,0
2025-12-27T18:14:13+01:00,d241a044-0a06-40c2-9d90-c91fd0a95060,40.99851020119874,21.243798033728062,pressure,892
2025-12-27T18:14:13+01:00,d241a044-0a06-40c2-9d90-c91fd0a95060,40.99851020119874,21.243798033728062,temperature,2
2025-12-27T18:29:44+01:00,d241a044-0a06-40c2-9d90-c91fd0a95060,40.99851020119874,21.243798033728062,gasResistance,737148
2025-12-27T18:29:44+01:00,d241a044-0a06-40c2-9d90-c91fd0a95060,40.99851020119874,21.243798033728062,humidity,60
2025-12-27T18:29:44+01:00,d241a044-0a06-40c2-9d90-c91fd0a95060,40.99851020119874,21.243798033728062,pm10,0
2025-12-27T18:29:44+01:00,d241a044-0a06-40c2-9d90-c91fd0a95060,40.99851020119874,21.243798033728062,pm25,0
2025-12-27T18:29:44+01:00,d241a044-0a06-40c2-9d90-c91fd0a95060,40.99851020119874,21.243798033728062,pressure,892
2025-12-27T18:29:44+01:00,d241a044-0a06-40c2-9d90-c91fd0a95060,40.99851020119874,21.243798033728062,temperature,1
2025-12-27T18:45:16+01:00,d241a044-0a06-40c2-9d90-c91fd0a95060,40.99851020119874,21.243798033728062,gasResistance,730710
2025-12-27T18:45:16+01:00,d241a044-0a06-40c2-9d90-c91fd0a95060,40.99851020119874,21.243798033728062,humidity,59
2025-12-27T18:45:16+01:00,d241a044-0a06-40c2-9d90-c91fd0a95060,40.99851020119874,21.243798033728062,pm10,1
2025-12-27T18:45:16+01:00,d241a044-0a06-40c2-9d90-c91fd0a95060,40.99851020119874,21.243798033728062,pm25,0
2025-12-27T18:45:16+01:00,d241a044-0a06-40c2-9d90-c91fd0a95060,40.99851020119874,21.243798033728062,pressure,892
2025-12-27T18:45:16+01:00,d241a044-0a06-40c2-9d90-c91fd0a95060,40.99851020119874,21.243798033728062,temperature,1
2025-12-27T19:00:47+01:00,d241a044-0a06-40c2-9d90-c91fd0a95060,40.99851020119874,21.243798033728062,gasResistance,735528
2025-12-27T19:00:47+01:00,d241a044-0a06-40c2-9d90-c91fd0a95060,40.99851020119874,21.243798033728062,humidity,61
2025-12-27T19:00:47+01:00,d241a044-0a06-40c2-9d90-c91fd0a95060,40.99851020119874,21.243798033728062,pm10,0
2025-12-27T19:00:47+01:00,d241a044-0a06-40c2-9d90-c91fd0a95060,40.99851020119874,21.243798033728062,pm25,0
2025-12-27T19:00:47+01:00,d241a044-0a06-40c2-9d90-c91fd0a95060,40.99851020119874,21.243798033728062,pressure,892
2025-12-27T19:00:47+01:00,d241a044-0a06-40c2-9d90-c91fd0a95060,40.99851020119874,21.243798033728062,temperature,1
2025-12-27T19:16:19+01:00,d241a044-0a06-40c2-9d90-c91fd0a95060,40.99851020119874,21.243798033728062,gasResistance,729118
2025-12-27T19:16:19+01:00,d241a044-0a06-40c2-9d90-c91fd0a95060,40.99851020119874,21.243798033728062,humidity,58
2025-12-27T19:16:19+01:00,d241a044-0a06-40c2-9d90-c91fd0a95060,40.99851020119874,21.243798033728062,pm10,0
2025-12-27T19:16:19+01:00,d241a044-0a06-40c2-9d90-c91fd0a95060,40.99851020119874,21.243798033728062,pm25,0
2025-12-27T19:16:19+01:00,d241a044-0a06-40c2-9d90-c91fd0a95060,40.99851020119874,21.243798033728062,pressure,892
2025-12-27T19:16:19+01:00,d241a044-0a06-40c2-9d90-c91fd0a95060,40.99851020119874,21.243798033728062,temperature,1
2025-12-27T19:31:51+01:00,d241a044-0a06-40c2-9d90-c91fd0a95060,40.99851020119874,21.243798033728062,gasResistance,756635
2025-12-27T19:31:51+01:00,d241a044-0a06-40c2-9d90-c91fd0a95060,40.99851020119874,21.243798033728062,humidity,58
2025-12-27T19:31:51+01:00,d241a044-0a06-40c2-9d90-c91fd0a95060,40.99851020119874,21.243798033728062,pm10,0
2025-12-27T19:31:51+01:00,d241a044-0a06-40c2-9d90-c91fd0a95060,40.99851020119874,21.243798033728062,pm25,0
2025-12-27T19:31:51+01:00,d241a044-0a06-40c2-9d90-c91fd0a95060,40.99851020119874,21.243798033728062,pressure,892
2025-12-27T19:31:51+01:00,d241a044-0a06-40c2-9d90-c91fd0a95060,40.99851020119874,21.243798033728062,temperature,1
2025-12-27T19:47:22+01:00,d241a044-0a06-40c2-9d90-c91fd0a95060,40.99851020119874,21.243798033728062,gasResistance,752386
2025-12-27T19:47:22+01:00,d241a044-0a06-40c2-9d90-c91fd0a95060,40.99851020119874,21.243798033728062,humidity,59
2025-12-27T19:47:22+01:00,d241a044-0a06-40c2-9d90-c91fd0a95060,40.99851020119874,21.243798033728062,pm10,1
2025-12-27T19:47:22+01:00,d241a044-0a06-40c2-9d90-c91fd0a95060,40.99851020119874,21.243798033728062,pm25,1
2025-12-27T19:47:22+01:00,d241a044-0a06-40c2-9d90-c91fd0a95060,40.99851020119874,21.243798033728062,pressure,892
2025-12-27T19:47:22+01:00,d241a044-0a06-40c2-9d90-c91fd0a95060,40.99851020119874,21.243798033728062,temperature,1
2025-12-27T20:02:54+01:00,d241a044-0a06-40c2-9d90-c91fd0a95060,40.99851020119874,21.243798033728062,gasResistance,726743
2025-12-27T20:02:54+01:00,d241a044-0a06-40c2-9d90-c91fd0a95060,40.99851020119874,21.243798033728062,humidity,60
2025-12-27T20:02:54+01:00,d241a044-0a06-40c2-9d90-c91fd0a95060,40.99851020119874,21.243798033728062,pm10,0
2025-12-27T20:02:54+01:00,d241a044-0a06-40c2-9d90-c91fd0a95060,40.99851020119874,21.243798033728062,pm25,0
2025-12-27T20:02:54+01:00,d241a044-0a06-40c2-9d90-c91fd0a95060,40.99851020119874,21.243798033728062,pressure,892
2025-12-27T20:02:54+01:00,d241a044-0a06-40c2-9d90-c91fd0a95060,40.99851020119874,21.243798033728062,temperature,1
2025-12-27T20:18:26+01:00,d241a044-0a06-40c2-9d90-c91fd0a95060,40.99851020119874,21.243798033728062,gasResistance,725955
2025-12-27T20:18:26+01:00,d241a044-0a06-40c2-9d90-c91fd0a95060,40.99851020119874,21.243798033728062,humidity,57
2025-12-27T20:18:26+01:00,d241a044-0a06-40c2-9d90-c91fd0a95060,40.99851020119874,21.243798033728062,pm10,2
2025-12-27T20:18:26+01:00,d241a044-0a06-40c2-9d90-c91fd0a95060,40.99851020119874,21.243798033728062,pm25,1
2025-12-27T20:18:26+01:00,d241a044-0a06-40c2-9d90-c91fd0a95060,40.99851020119874,21.243798033728062,pressure,892
2025-12-27T20:18:26+01:00,d241a044-0a06-40c2-9d90-c91fd0a95060,40.99851020119874,21.243798033728062,temperature,1
2025-12-27T20:33:58+01:00,d241a044-0a06-40c2-9d90-c91fd0a95060,40.99851020119874,21.243798033728062,gasResistance,744528
2025-12-27T20:33:58+01:00,d241a044-0a06-40c2-9d90-c91fd0a95060,40.99851020119874,21.243798033728062,humidity,59
2025-12-27T20:33:58+01:00,d241a044-0a06-40c2-9d90-c91fd0a95060,40.99851020119874,21.243798033728062,pm10,0
2025-12-27T20:33:58+01:00,d241a044-0a06-40c2-9d90-c91fd0a95060,40.99851020119874,21.243798033728062,pm25,0
2025-12-27T20:33:58+01:00,d241a044-0a06-40c2-9d90-c91fd0a95060,40.99851020119874,21.243798033728062,pressure,892
2025-12-27T20:33:58+01:00,d241a044-0a06-40c2-9d90-c91fd0a95060,40.99851020119874,21.243798033728062,temperature,1
2025-12-27T20:49:29+01:00,d241a044-0a06-40c2-9d90-c91fd0a95060,40.99851020119874,21.243798033728062,gasResistance,705301
2025-12-27T20:49:29+01:00,d241a044-0a06-40c2-9d90-c91fd0a95060,40.99851020119874,21.243798033728062,humidity,65
2025-12-27T20:49:29+01:00,d241a044-0a06-40c2-9d90-c91fd0a95060,40.99851020119874,21.243798033728062,pm10,0
2025-12-27T20:49:29+01:00,d241a044-0a06-40c2-9d90-c91fd0a95060,40.99851020119874,21.243798033728062,pm25,0
2025-12-27T20:49:29+01:00,d241a044-0a06-40c2-9d90-c91fd0a95060,40.99851020119874,21.243798033728062,pressure,892
2025-12-27T20:49:29+01:00,d241a044-0a06-40c2-9d90-c91fd0a95060,40.99851020119874,21.243798033728062,temperature,1
2025-12-27T21:05:01+01:00,d241a044-0a06-40c2-9d90-c91fd0a95060,40.99851020119874,21.243798033728062,gasResistance,678834
2025-12-27T21:05:01+01:00,d241a044-0a06-40c2-9d90-c91fd0a95060,40.99851020119874,21.243798033728062,humidity,64
2025-12-27T21:05:01+01:00,d241a044-0a06-40c2-9d90-c91fd0a95060,40.99851020119874,21.243798033728062,pm10,0
2025-12-27T21:05:01+01:00,d241a044-0a06-40c2-9d90-c91fd0a95060,40.99851020119874,21.243798033728062,pm25,0
2025-12-27T21:05:01+01:00,d241a044-0a06-40c2-9d90-c91fd0a95060,40.99851020119874,21.243798033728062,pressure,892
2025-12-27T21:05:01+01:00,d241a044-0a06-40c2-9d90-c91fd0a95060,40.99851020119874,21.243798033728062,temperature,1
2025-12-27T21:20:32+01:00,d241a044-0a06-40c2-9d90-c91fd0a95060,40.99851020119874,21.243798033728062,gasResistance,685790
2025-12-27T21:20:32+01:00,d241a044-0a06-40c2-9d90-c91fd0a95060,40.99851020119874,21.243798033728062,humidity,60
2025-12-27T21:20:32+01:00,d241a044-0a06-40c2-9d90-c91fd0a95060,40.99851020119874,21.243798033728062,pm10,0
2025-12-27T21:20:32+01:00,d241a044-0a06-40c2-9d90-c91fd0a95060,40.99851020119874,21.243798033728062,pm25,0
2025-12-27T21:20:32+01:00,d241a044-0a06-40c2-9d90-c91fd0a95060,40.99851020119874,21.243798033728062,pressure,892
2025-12-27T21:20:32+01:00,d241a044-0a06-40c2-9d90-c91fd0a95060,40.99851020119874,21.243798033728062,temperature,0
2025-12-27T21:36:04+01:00,d241a044-0a06-40c2-9d90-c91fd0a95060,40.99851020119874,21.243798033728062,gasResistance,718937
2025-12-27T21:36:04+01:00,d241a044-0a06-40c2-9d90-c91fd0a95060,40.99851020119874,21.243798033728062,humidity,56
2025-12-27T21:36:04+01:00,d241a044-0a06-40c2-9d90-c91fd0a95060,40.99851020119874,21.243798033728062,pm10,0
2025-12-27T21:36:04+01:00,d241a044-0a06-40c2-9d90-c91fd0a95060,40.99851020119874,21.243798033728062,pm25,0
2025-12-27T21:36:04+01:00,d241a044-0a06-40c2-9d90-c91fd0a95060,40.99851020119874,21.243798033728062,pressure,892
2025-12-27T21:36:04+01:00,d241a044-0a06-40c2-9d90-c91fd0a95060,40.99851020119874,21.243798033728062,temperature,1
2025-12-27T21:51:36+01:00,d241a044-0a06-40c2-9d90-c91fd0a95060,40.99851020119874,21.243798033728062,gasResistance,731509
2025-12-27T21:51:36+01:00,d241a044-0a06-40c2-9d90-c91fd0a95060,40.99851020119874,21.243798033728062,humidity,58
2025-12-27T21:51:36+01:00,d241a044-0a06-40c2-9d90-c91fd0a95060,40.99851020119874,21.243798033728062,pm10,0
2025-12-27T21:51:36+01:00,d241a044-0a06-40c2-9d90-c91fd0a95060,40.99851020119874,21.243798033728062,pm25,0
2025-12-27T21:51:36+01:00,d241a044-0a06-40c2-9d90-c91fd0a95060,40.99851020119874,21.243798033728062,pressure,891
2025-12-27T21:51:36+01:00,d241a044-0a06-40c2-9d90-c91fd0a95060,40.99851020119874,21.243798033728062,temperature,1
2025-12-27T22:07:07+01:00,d241a044-0a06-40c2-9d90-c91fd0a95060,40.99851020119874,21.243798033728062,gasResistance,718166
2025-12-27T22:07:07+01:00,d241a044-0a06-40c2-9d90-c91fd0a95060,40.99851020119874,21.243798033728062,humidity,62
2025-12-27T22:07:07+01:00,d241a044-0a06-40c2-9d90-c91fd0a95060,40.99851020119874,21.243798033728062,pm10,0
2025-12-27T22:07:07+01:00,d241a044-0a06-40c2-9d90-c91fd0a95060,40.99851020119874,21.243798033728062,pm25,0
2025-12-27T22:07:07+01:00,d241a044-0a06-40c2-9d90-c91fd0a95060,40.99851020119874,21.243798033728062,pressure,891
2025-12-27T22:07:07+01:00,d241a044-0a06-40c2-9d90-c91fd0a95060,40.99851020119874,21.243798033728062,temperature,0
2025-12-27T22:22:39+01:00,d241a044-0a06-40c2-9d90-c91fd0a95060,40.99851020119874,21.243798033728062,gasResistance,736337
2025-12-27T22:22:39+01:00,d241a044-0a06-40c2-9d90-c91fd0a95060,40.99851020119874,21.243798033728062,humidity,58
2025-12-27T22:22:39+01:00,d241a044-0a06-40c2-9d90-c91fd0a95060,40.99851020119874,21.243798033728062,pm10,0
2025-12-27T22:22:39+01:00,d241a044-0a06-40c2-9d90-c91fd0a95060,40.99851020119874,21.243798033728062,pm25,0
2025-12-27T22:22:39+01:00,d241a044-0a06-40c2-9d90-c91fd0a95060,40.99851020119874,21.243798033728062,pressure,891
2025-12-27T22:22:39+01:00,d241a044-0a06-40c2-9d90-c91fd0a95060,40.99851020119874,21.243798033728062,temperature,0
2025-12-27T22:38:11+01:00,d241a044-0a06-40c2-9d90-c91fd0a95060,40.99851020119874,21.243798033728062,gasResistance,734721
2025-12-27T22:38:11+01:00,d241a044-0a06-40c2-9d90-c91fd0a95060,40.99851020119874,21.243798033728062,humidity,59
2025-12-27T22:38:11+01:00,d241a044-0a06-40c2-9d90-c91fd0a95060,40.99851020119874,21.243798033728062,pm10,0
2025-12-27T22:38:11+01:00,d241a044-0a06-40c2-9d90-c91fd0a95060,40.99851020119874,21.243798033728062,pm25,0
2025-12-27T22:38:11+01:00,d241a044-0a06-40c2-9d90-c91fd0a95060,40.99851020119874,21.243798033728062,pressure,891
2025-12-27T22:38:11+01:00,d241a044-0a06-40c2-9d90-c91fd0a95060,40.99851020119874,21.243798033728062,temperature,0
2025-12-27T22:53:43+01:00,d241a044-0a06-40c2-9d90-c91fd0a95060,40.99851020119874,21.243798033728062,gasResistance,718166
2025-12-27T22:53:43+01:00,d241a044-0a06-40c2-9d90-c91fd0a95060,40.99851020119874,21.243798033728062,humidity,62
2025-12-27T22:53:43+01:00,d241a044-0a06-40c2-9d90-c91fd0a95060,40.99851020119874,21.243798033728062,pm10,0
2025-12-27T22:53:43+01:00,d241a044-0a06-40c2-9d90-c91fd0a95060,40.99851020119874,21.243798033728062,pm25,0
2025-12-27T22:53:43+01:00,d241a044-0a06-40c2-9d90-c91fd0a95060,40.99851020119874,21.243798033728062,pressure,891
2025-12-27T22:53:43+01:00,d241a044-0a06-40c2-9d90-c91fd0a95060,40.99851020119874,21.243798033728062,temperature,0
2025-12-27T23:09:15+01:00,d241a044-0a06-40c2-9d90-c91fd0a95060,40.99851020119874,21.243798033728062,gasResistance,689321
2025-12-27T23:09:15+01:00,d241a044-0a06-40c2-9d90-c91fd0a95060,40.99851020119874,21.243798033728062,humidity,65
2025-12-27T23:09:15+01:00,d241a044-0a06-40c2-9d90-c91fd0a95060,40.99851020119874,21.243798033728062,pm10,0
2025-12-27T23:09:15+01:00,d241a044-0a06-40c2-9d90-c91fd0a95060,40.99851020119874,21.243798033728062,pm25,0
2025-12-27T23:09:15+01:00,d241a044-0a06-40c2-9d90-c91fd0a95060,40.99851020119874,21.243798033728062,pressure,891
2025-12-27T23:09:15+01:00,d241a044-0a06-40c2-9d90-c91fd0a95060,40.99851020119874,21.243798033728062,temperature,0
2025-12-27T23:24:46+01:00,d241a044-0a06-40c2-9d90-c91fd0a95060,40.99851020119874,21.243798033728062,gasResistance,695770
2025-12-27T23:24:46+01:00,d241a044-0a06-40c2-9d90-c91fd0a95060,40.99851020119874,21.243798033728062,humidity,59
2025-12-27T23:24:46+01:00,d241a044-0a06-40c2-9d90-c91fd0a95060,40.99851020119874,21.243798033728062,pm10,0
2025-12-27T23:24:46+01:00,d241a044-0a06-40c2-9d90-c91fd0a95060,40.99851020119874,21.243798033728062,pm25,0
2025-12-27T23:24:46+01:00,d241a044-0a06-40c2-9d90-c91fd0a95060,40.99851020119874,21.243798033728062,pressure,891
2025-12-27T23:24:46+01:00,d241a044-0a06-40c2-9d90-c91fd0a95060,40.99851020119874,21.243798033728062,temperature,0
2025-12-27T23:40:18+01:00,d241a044-0a06-40c2-9d90-c91fd0a95060,40.99851020119874,21.243798033728062,gasResistance,730710
2025-12-27T23:40:18+01:00,d241a044-0a06-40c2-9d90-c91fd0a95060,40.99851020119874,21.243798033728062,humidity,58
2025-12-27T23:40:18+01:00,d241a044-0a06-40c2-9d90-c91fd0a95060,40.99851020119874,21.243798033728062,pm10,0
2025-12-27T23:40:18+01:00,d241a044-0a06-40c2-9d90-c91fd0a95060,40.99851020119874,21.243798033728062,pm25,0
2025-12-27T23:40:18+01:00,d241a044-0a06-40c2-9d90-c91fd0a95060,40.99851020119874,21.243798033728062,pressure,890
2025-12-27T23:40:18+01:00,d241a044-0a06-40c2-9d90-c91fd0a95060,40.99851020119874,21.243798033728062,temperature,0
2025-12-27T23:55:50+01:00,d241a044-0a06-40c2-9d90-c91fd0a95060,40.99851020119874,21.243798033728062,gasResistance,727533
2025-12-27T23:55:50+01:00,d241a044-0a06-40c2-9d90-c91fd0a95060,40.99851020119874,21.243798033728062,humidity,63
2025-12-27T23:55:50+01:00,d241a044-0a06-40c2-9d90-c91fd0a95060,40.99851020119874,21.243798033728062,pm10,0
2025-12-27T23:55:50+01:00,d241a044-0a06-40c2-9d90-c91fd0a95060,40.99851020119874,21.243798033728062,pm25,0
2025-12-27T23:55:50+01:00,d241a044-0a06-40c2-9d90-c91fd0a95060,40.99851020119874,21.243798033728062,pressure,890
2025-12-27T23:55:50+01:00,d241a044-0a06-40c2-9d90-c91fd0a95060,40.99851020119874,21.243798033728062,temperature,0
2025-12-28T00:11:21+01:00,d241a044-0a06-40c2-9d90-c91fd0a95060,40.99851020119874,21.243798033728062,gasResistance,678147
2025-12-28T00:11:21+01:00,d241a044-0a06-40c2-9d90-c91fd0a95060,40.99851020119874,21.243798033728062,humidity,64
2025-12-28T00:11:21+01:00,d241a044-0a06-40c2-9d90-c91fd0a95060,40.99851020119874,21.243798033728062,pm10,0
2025-12-28T00:11:21+01:00,d241a044-0a06-40c2-9d90-c91fd0a95060,40.99851020119874,21.243798033728062,pm25,0
2025-12-28T00:11:21+01:00,d241a044-0a06-40c2-9d90-c91fd0a95060,40.99851020119874,21.243798033728062,pressure,890
2025-12-28T00:11:21+01:00,d241a044-0a06-40c2-9d90-c91fd0a95060,40.99851020119874,21.243798033728062,temperature,0
2025-12-28T00:26:53+01:00,d241a044-0a06-40c2-9d90-c91fd0a95060,40.99851020119874,21.243798033728062,gasResistance,681599
2025-12-28T00:26:53+01:00,d241a044-0a06-40c2-9d90-c91fd0a95060,40.99851020119874,21.243798033728062,humidity,64
2025-12-28T00:26:53+01:00,d241a044-0a06-40c2-9d90-c91fd0a95060,40.99851020119874,21.243798033728062,pm10,1
2025-12-28T00:26:53+01:00,d241a044-0a06-40c2-9d90-c91fd0a95060,40.99851020119874,21.243798033728062,pm25,0
2025-12-28T00:26:53+01:00,d241a044-0a06-40c2-9d90-c91fd0a95060,40.99851020119874,21.243798033728062,pressure,890
2025-12-28T00:26:53+01:00,d241a044-0a06-40c2-9d90-c91fd0a95060,40.99851020119874,21.243798033728062,temperature,0
2025-12-28T00:42:24+01:00,d241a044-0a06-40c2-9d90-c91fd0a95060,40.99851020119874,21.243798033728062,gasResistance,659439
2025-12-28T00:42:24+01:00,d241a044-0a06-40c2-9d90-c91fd0a95060,40.99851020119874,21.243798033728062,humidity,61
2025-12-28T00:42:24+01:00,d241a044-0a06-40c2-9d90-c91fd0a95060,40.99851020119874,21.243798033728062,pm10,0
2025-12-28T00:42:24+01:00,d241a044-0a06-40c2-9d90-c91fd0a95060,40.99851020119874,21.243798033728062,pm25,0
2025-12-28T00:42:24+01:00,d241a044-0a06-40c2-9d90-c91fd0a95060,40.99851020119874,21.243798033728062,pressure,890
2025-12-28T00:42:24+01:00,d241a044-0a06-40c2-9d90-c91fd0a95060,40.99851020119874,21.243798033728062,temperature,0
2025-12-28T00:57:56+01:00,d241a044-0a06-40c2-9d90-c91fd0a95060,40.99851020119874,21.243798033728062,gasResistance,686493
2025-12-28T00:57:56+01:00,d241a044-0a06-40c2-9d90-c91fd0a95060,40.99851020119874,21.243798033728062,humidity,64
2025-12-28T00:57:56+01:00,d241a044-0a06-40c2-9d90-c91fd0a95060,40.99851020119874,21.243798033728062,pm10,0
2025-12-28T00:57:56+01:00,d241a044-0a06-40c2-9d90-c91fd0a95060,40.99851020119874,21.243798033728062,pm25,0
2025-12-28T00:57:56+01:00,d241a044-0a06-40c2-9d90-c91fd0a95060,40.99851020119874,21.243798033728062,pressure,889
2025-12-28T00:57:56+01:00,d241a044-0a06-40c2-9d90-c91fd0a95060,40.99851020119874,21.243798033728062,temperature,0
2025-12-28T01:13:27+01:00,d241a044-0a06-40c2-9d90-c91fd0a95060,40.99851020119874,21.243798033728062,gasResistance,655564
2025-12-28T01:13:27+01:00,d241a044-0a06-40c2-9d90-c91fd0a95060,40.99851020119874,21.243798033728062,humidity,67
2025-12-28T01:13:27+01:00,d241a044-0a06-40c2-9d90-c91fd0a95060,40.99851020119874,21.243798033728062,pm10,0
2025-12-28T01:13:27+01:00,d241a044-0a06-40c2-9d90-c91fd0a95060,40.99851020119874,21.243798033728062,pm25,0
2025-12-28T01:13:27+01:00,d241a044-0a06-40c2-9d90-c91fd0a95060,40.99851020119874,21.243798033728062,pressure,889
2025-12-28T01:13:27+01:00,d241a044-0a06-40c2-9d90-c91fd0a95060,40.99851020119874,21.243798033728062,temperature,0
2025-12-28T01:28:59+01:00,d241a044-0a06-40c2-9d90-c91fd0a95060,40.99851020119874,21.243798033728062,gasResistance,670672
2025-12-28T01:28:59+01:00,d241a044-0a06-40c2-9d90-c91fd0a95060,40.99851020119874,21.243798033728062,humidity,63
2025-12-28T01:28:59+01:00,d241a044-0a06-40c2-9d90-c91fd0a95060,40.99851020119874,21.243798033728062,pm10,1
2025-12-28T01:28:59+01:00,d241a044-0a06-40c2-9d90-c91fd0a95060,40.99851020119874,21.243798033728062,pm25,0
2025-12-28T01:28:59+01:00,d241a044-0a06-40c2-9d90-c91fd0a95060,40.99851020119874,21.243798033728062,pressure,889
2025-12-28T01:28:59+01:00,d241a044-0a06-40c2-9d90-c91fd0a95060,40.99851020119874,21.243798033728062,temperature,0
2025-12-28T01:44:31+01:00,d241a044-0a06-40c2-9d90-c91fd0a95060,40.99851020119874,21.243798033728062,gasResistance,667995
2025-12-28T01:44:31+01:00,d241a044-0a06-40c2-9d90-c91fd0a95060,40.99851020119874,21.243798033728062,humidity,66
2025-12-28T01:44:31+01:00,d241a044-0a06-40c2-9d90-c91fd0a95060,40.99851020119874,21.243798033728062,pm10,0
2025-12-28T01:44:31+01:00,d241a044-0a06-40c2-9d90-c91fd0a95060,40.99851020119874,21.243798033728062,pm25,0
2025-12-28T01:44:31+01:00,d241a044-0a06-40c2-9d90-c91fd0a95060,40.99851020119874,21.243798033728062,pressure,889
2025-12-28T01:44:31+01:00,d241a044-0a06-40c2-9d90-c91fd0a95060,40.99851020119874,21.243798033728062,temperature,0
2025-12-28T02:00:02+01:00,d241a044-0a06-40c2-9d90-c91fd0a95060,40.99851020119874,21.243798033728062,gasResistance,671345
2025-12-28T02:00:02+01:00,d241a044-0a06-40c2-9d90-c91fd0a95060,40.99851020119874,21.243798033728062,humidity,63
2025-12-28T02:00:02+01:00,d241a044-0a06-40c2-9d90-c91fd0a95060,40.99851020119874,21.243798033728062,pm10,0
2025-12-28T02:00:02+01:00,d241a044-0a06-40c2-9d90-c91fd0a95060,40.99851020119874,21.243798033728062,pm25,0
2025-12-28T02:00:02+01:00,d241a044-0a06-40c2-9d90-c91fd0a95060,40.99851020119874,21.243798033728062,pressure,888
2025-12-28T02:00:02+01:00,d241a044-0a06-40c2-9d90-c91fd0a95060,40.99851020119874,21.243798033728062,temperature,0
2025-12-28T02:15:34+01:00,d241a044-0a06-40c2-9d90-c91fd0a95060,40.99851020119874,21.243798033728062,gasResistance,659439
2025-12-28T02:15:34+01:00,d241a044-0a06-40c2-9d90-c91fd0a95060,40.99851020119874,21.243798033728062,humidity,64
2025-12-28T02:15:34+01:00,d241a044-0a06-40c2-9d90-c91fd0a95060,40.99851020119874,21.243798033728062,pm10,0
2025-12-28T02:15:34+01:00,d241a044-0a06-40c2-9d90-c91fd0a95060,40.99851020119874,21.243798033728062,pm25,0
2025-12-28T02:15:34+01:00,d241a044-0a06-40c2-9d90-c91fd0a95060,40.99851020119874,21.243798033728062,pressure,888
2025-12-28T02:15:34+01:00,d241a044-0a06-40c2-9d90-c91fd0a95060,40.99851020119874,21.243798033728062,temperature,0
2025-12-28T02:31:06+01:00,d241a044-0a06-40c2-9d90-c91fd0a95060,40.99851020119874,21.243798033728062,gasResistance,686493
2025-12-28T02:31:06+01:00,d241a044-0a06-40c2-9d90-c91fd0a95060,40.99851020119874,21.243798033728062,humidity,60
2025-12-28T02:31:06+01:00,d241a044-0a06-40c2-9d90-c91fd0a95060,40.99851020119874,21.243798033728062,pm10,0
2025-12-28T02:31:06+01:00,d241a044-0a06-40c2-9d90-c91fd0a95060,40.99851020119874,21.243798033728062,pm25,0
2025-12-28T02:31:06+01:00,d241a044-0a06-40c2-9d90-c91fd0a95060,40.99851020119874,21.243798033728062,pressure,888
2025-12-28T02:31:06+01:00,d241a044-0a06-40c2-9d90-c91fd0a95060,40.99851020119874,21.243798033728062,temperature,0
2025-12-28T02:46:38+01:00,d241a044-0a06-40c2-9d90-c91fd0a95060,40.99851020119874,21.243798033728062,gasResistance,685790
2025-12-28T02:46:38+01:00,d241a044-0a06-40c2-9d90-c91fd0a95060,40.99851020119874,21.243798033728062,humidity,64
2025-12-28T02:46:38+01:00,d241a044-0a06-40c2-9d90-c91fd0a95060,40.99851020119874,21.243798033728062,pm10,0
2025-12-28T02:46:38+01:00,d241a044-0a06-40c2-9d90-c91fd0a95060,40.99851020119874,21.243798033728062,pm25,0
2025-12-28T02:46:38+01:00,d241a044-0a06-40c2-9d90-c91fd0a95060,40.99851020119874,21.243798033728062,pressure,887
2025-12-28T02:46:38+01:00,d241a044-0a06-40c2-9d90-c91fd0a95060,40.99851020119874,21.243798033728062,temperature,0
2025-12-28T03:02:10+01:00,d241a044-0a06-40c2-9d90-c91fd0a95060,40.99851020119874,21.243798033728062,gasResistance,664019
2025-12-28T03:02:10+01:00,d241a044-0a06-40c2-9d90-c91fd0a95060,40.99851020119874,21.243798033728062,humidity,64
2025-12-28T03:02:10+01:00,d241a044-0a06-40c2-9d90-c91fd0a95060,40.99851020119874,21.243798033728062,pm10,0
2025-12-28T03:02:10+01:00,d241a044-0a06-40c2-9d90-c91fd0a95060,40.99851020119874,21.243798033728062,pm25,0
2025-12-28T03:02:10+01:00,d241a044-0a06-40c2-9d90-c91fd0a95060,40.99851020119874,21.243798033728062,pressure,887
2025-12-28T03:02:10+01:00,d241a044-0a06-40c2-9d90-c91fd0a95060,40.99851020119874,21.243798033728062,temperature,0
2025-12-28T03:17:42+01:00,d241a044-0a06-40c2-9d90-c91fd0a95060,40.99851020119874,21.243798033728062,gasResistance,682294
2025-12-28T03:17:42+01:00,d241a044-0a06-40c2-9d90-c91fd0a95060,40.99851020119874,21.243798033728062,humidity,59
2025-12-28T03:17:42+01:00,d241a044-0a06-40c2-9d90-c91fd0a95060,40.99851020119874,21.243798033728062,pm10,0
2025-12-28T03:17:42+01:00,d241a044-0a06-40c2-9d90-c91fd0a95060,40.99851020119874,21.243798033728062,pm25,0
2025-12-28T03:17:42+01:00,d241a044-0a06-40c2-9d90-c91fd0a95060,40.99851020119874,21.243798033728062,pressure,887
2025-12-28T03:17:42+01:00,d241a044-0a06-40c2-9d90-c91fd0a95060,40.99851020119874,21.243798033728062,temperature,0
2025-12-28T03:33:13+01:00,d241a044-0a06-40c2-9d90-c91fd0a95060,40.99851020119874,21.243798033728062,gasResistance,654922
2025-12-28T03:33:13+01:00,d241a044-0a06-40c2-9d90-c91fd0a95060,40.99851020119874,21.243798033728062,humidity,64
2025-12-28T03:33:13+01:00,d241a044-0a06-40c2-9d90-c91fd0a95060,40.99851020119874,21.243798033728062,pm10,0
2025-12-28T03:33:13+01:00,d241a044-0a06-40c2-9d90-c91fd0a95060,40.99851020119874,21.243798033728062,pm25,0
2025-12-28T03:33:13+01:00,d241a044-0a06-40c2-9d90-c91fd0a95060,40.99851020119874,21.243798033728062,pressure,887
2025-12-28T03:33:13+01:00,d241a044-0a06-40c2-9d90-c91fd0a95060,40.99851020119874,21.243798033728062,temperature,0
2025-12-28T03:48:45+01:00,d241a044-0a06-40c2-9d90-c91fd0a95060,40.99851020119874,21.243798033728062,gasResistance,652369
2025-12-28T03:48:45+01:00,d241a044-0a06-40c2-9d90-c91fd0a95060,40.99851020119874,21.243798033728062,humidity,62
2025-12-28T03:48:45+01:00,d241a044-0a06-40c2-9d90-c91fd0a95060,40.99851020119874,21.243798033728062,pm10,0
2025-12-28T03:48:45+01:00,d241a044-0a06-40c2-9d90-c91fd0a95060,40.99851020119874,21.243798033728062,pm25,0
2025-12-28T03:48:45+01:00,d241a044-0a06-40c2-9d90-c91fd0a95060,40.99851020119874,21.243798033728062,pressure,887
2025-12-28T03:48:45+01:00,d241a044-0a06-40c2-9d90-c91fd0a95060,40.99851020119874,21.243798033728062,temperature,0
2025-12-28T04:04:16+01:00,d241a044-0a06-40c2-9d90-c91fd0a95060,40.99851020119874,21.243798033728062,gasResistance,663360
2025-12-28T04:04:16+01:00,d241a044-0a06-40c2-9d90-c91fd0a95060,40.99851020119874,21.243798033728062,humidity,62
2025-12-28T04:04:16+01:00,d241a044-0a06-40c2-9d90-c91fd0a95060,40.99851020119874,21.243798033728062,pm10,0
2025-12-28T04:04:16+01:00,d241a044-0a06-40c2-9d90-c91fd0a95060,40.99851020119874,21.243798033728062,pm25,0
2025-12-28T04:04:16+01:00,d241a044-0a06-40c2-9d90-c91fd0a95060,40.99851020119874,21.243798033728062,pressure,887
2025-12-28T04:04:16+01:00,d241a044-0a06-40c2-9d90-c91fd0a95060,40.99851020119874,21.243798033728062,temperature,0
2025-12-28T04:19:49+01:00,d241a044-0a06-40c2-9d90-c91fd0a95060,40.99851020119874,21.243798033728062,gasResistance,669331
2025-12-28T04:19:49+01:00,d241a044-0a06-40c2-9d90-c91fd0a95060,40.99851020119874,21.243798033728062,humidity,61
2025-12-28T04:19:49+01:00,d241a044-0a06-40c2-9d90-c91fd0a95060,40.99851020119874,21.243798033728062,pm10,0
2025-12-28T04:19:49+01:00,d241a044-0a06-40c2-9d90-c91fd0a95060,40.99851020119874,21.243798033728062,pm25,0
2025-12-28T04:19:49+01:00,d241a044-0a06-40c2-9d90-c91fd0a95060,40.99851020119874,21.243798033728062,pressure,887
2025-12-28T04:19:49+01:00,d241a044-0a06-40c2-9d90-c91fd0a95060,40.99851020119874,21.243798033728062,temperature,0
2025-12-28T04:35:20+01:00,d241a044-0a06-40c2-9d90-c91fd0a95060,40.99851020119874,21.243798033728062,gasResistance,678834
2025-12-28T04:35:20+01:00,d241a044-0a06-40c2-9d90-c91fd0a95060,40.99851020119874,21.243798033728062,humidity,60
2025-12-28T04:35:20+01:00,d241a044-0a06-40c2-9d90-c91fd0a95060,40.99851020119874,21.243798033728062,pm10,0
2025-12-28T04:35:20+01:00,d241a044-0a06-40c2-9d90-c91fd0a95060,40.99851020119874,21.243798033728062,pm25,0
2025-12-28T04:35:20+01:00,d241a044-0a06-40c2-9d90-c91fd0a95060,40.99851020119874,21.243798033728062,pressure,887
2025-12-28T04:35:20+01:00,d241a044-0a06-40c2-9d90-c91fd0a95060,40.99851020119874,21.243798033728062,temperature,0
2025-12-28T04:50:52+01:00,d241a044-0a06-40c2-9d90-c91fd0a95060,40.99851020119874,21.243798033728062,gasResistance,755355
2025-12-28T04:50:52+01:00,d241a044-0a06-40c2-9d90-c91fd0a95060,40.99851020119874,21.243798033728062,humidity,49
2025-12-28T04:50:52+01:00,d241a044-0a06-40c2-9d90-c91fd0a95060,40.99851020119874,21.243798033728062,pm10,0
2025-12-28T04:50:52+01:00,d241a044-0a06-40c2-9d90-c91fd0a95060,40.99851020119874,21.243798033728062,pm25,0
2025-12-28T04:50:52+01:00,d241a044-0a06-40c2-9d90-c91fd0a95060,40.99851020119874,21.243798033728062,pressure,886
2025-12-28T04:50:52+01:00,d241a044-0a06-40c2-9d90-c91fd0a95060,40.99851020119874,21.243798033728062,temperature,0
2025-12-28T05:06:23+01:00,d241a044-0a06-40c2-9d90-c91fd0a95060,40.99851020119874,21.243798033728062,gasResistance,797145
2025-12-28T05:06:23+01:00,d241a044-0a06-40c2-9d90-c91fd0a95060,40.99851020119874,21.243798033728062,humidity,52
2025-12-28T05:06:23+01:00,d241a044-0a06-40c2-9d90-c91fd0a95060,40.99851020119874,21.243798033728062,pm10,0
2025-12-28T05:06:23+01:00,d241a044-0a06-40c2-9d90-c91fd0a95060,40.99851020119874,21.243798033728062,pm25,0
2025-12-28T05:06:23+01:00,d241a044-0a06-40c2-9d90-c91fd0a95060,40.99851020119874,21.243798033728062,pressure,886
2025-12-28T05:06:23+01:00,d241a044-0a06-40c2-9d90-c91fd0a95060,40.99851020119874,21.243798033728062,temperature,0
2025-12-28T05:21:55+01:00,d241a044-0a06-40c2-9d90-c91fd0a95060,40.99851020119874,21.243798033728062,gasResistance,791494
2025-12-28T05:21:55+01:00,d241a044-0a06-40c2-9d90-c91fd0a95060,40.99851020119874,21.243798033728062,humidity,55
2025-12-28T05:21:55+01:00,d241a044-0a06-40c2-9d90-c91fd0a95060,40.99851020119874,21.243798033728062,pm10,2
2025-12-28T05:21:55+01:00,d241a044-0a06-40c2-9d90-c91fd0a95060,40.99851020119874,21.243798033728062,pm25,0
2025-12-28T05:21:55+01:00,d241a044-0a06-40c2-9d90-c91fd0a95060,40.99851020119874,21.243798033728062,pressure,886
2025-12-28T05:21:55+01:00,d241a044-0a06-40c2-9d90-c91fd0a95060,40.99851020119874,21.243798033728062,temperature,0
2025-12-28T05:37:27+01:00,d241a044-0a06-40c2-9d90-c91fd0a95060,40.99851020119874,21.243798033728062,gasResistance,791027
2025-12-28T05:37:27+01:00,d241a044-0a06-40c2-9d90-c91fd0a95060,40.99851020119874,21.243798033728062,humidity,51
2025-12-28T05:37:27+01:00,d241a044-0a06-40c2-9d90-c91fd0a95060,40.99851020119874,21.243798033728062,pm10,0
2025-12-28T05:37:27+01:00,d241a044-0a06-40c2-9d90-c91fd0a95060,40.99851020119874,21.243798033728062,pm25,0
2025-12-28T05:37:27+01:00,d241a044-0a06-40c2-9d90-c91fd0a95060,40.99851020119874,21.243798033728062,pressure,886
2025-12-28T05:37:27+01:00,d241a044-0a06-40c2-9d90-c91fd0a95060,40.99851020119874,21.243798033728062,temperature,0
2025-12-28T05:52:59+01:00,d241a044-0a06-40c2-9d90-c91fd0a95060,40.99851020119874,21.243798033728062,gasResistance,822591
2025-12-28T05:52:59+01:00,d241a044-0a06-40c2-9d90-c91fd0a95060,40.99851020119874,21.243798033728062,humidity,52
2025-12-28T05:52:59+01:00,d241a044-0a06-40c2-9d90-c91fd0a95060,40.99851020119874,21.243798033728062,pm10,1
2025-12-28T05:52:59+01:00,d241a044-0a06-40c2-9d90-c91fd0a95060,40.99851020119874,21.243798033728062,pm25,0
2025-12-28T05:52:59+01:00,d241a044-0a06-40c2-9d90-c91fd0a95060,40.99851020119874,21.243798033728062,pressure,886
2025-12-28T05:52:59+01:00,d241a044-0a06-40c2-9d90-c91fd0a95060,40.99851020119874,21.243798033728062,temperature,1
2025-12-28T06:08:31+01:00,d241a044-0a06-40c2-9d90-c91fd0a95060,40.99851020119874,21.243798033728062,gasResistance,875817
2025-12-28T06:08:31+01:00,d241a044-0a06-40c2-9d90-c91fd0a95060,40.99851020119874,21.243798033728062,humidity,46
2025-12-28T06:08:31+01:00,d241a044-0a06-40c2-9d90-c91fd0a95060,40.99851020119874,21.243798033728062,pm10,0
2025-12-28T06:08:31+01:00,d241a044-0a06-40c2-9d90-c91fd0a95060,40.99851020119874,21.243798033728062,pm25,0
2025-12-28T06:08:31+01:00,d241a044-0a06-40c2-9d90-c91fd0a95060,40.99851020119874,21.243798033728062,pressure,886
2025-12-28T06:08:31+01:00,d241a044-0a06-40c2-9d90-c91fd0a95060,40.99851020119874,21.243798033728062,temperature,1
2025-12-28T06:24:02+01:00,d241a044-0a06-40c2-9d90-c91fd0a95060,40.99851020119874,21.243798033728062,gasResistance,933798
2025-12-28T06:24:02+01:00,d241a044-0a06-40c2-9d90-c91fd0a95060,40.99851020119874,21.243798033728062,humidity,32
2025-12-28T06:24:02+01:00,d241a044-0a06-40c2-9d90-c91fd0a95060,40.99851020119874,21.243798033728062,pm10,0
2025-12-28T06:24:02+01:00,d241a044-0a06-40c2-9d90-c91fd0a95060,40.99851020119874,21.243798033728062,pm25,0
2025-12-28T06:24:02+01:00,d241a044-0a06-40c2-9d90-c91fd0a95060,40.99851020119874,21.243798033728062,pressure,885
2025-12-28T06:24:02+01:00,d241a044-0a06-40c2-9d90-c91fd0a95060,40.99851020119874,21.243798033728062,temperature,2
2025-12-28T06:39:34+01:00,d241a044-0a06-40c2-9d90-c91fd0a95060,40.99851020119874,21.243798033728062,gasResistance,991858
2025-12-28T06:39:34+01:00,d241a044-0a06-40c2-9d90-c91fd0a95060,40.99851020119874,21.243798033728062,humidity,37
2025-12-28T06:39:34+01:00,d241a044-0a06-40c2-9d90-c91fd0a95060,40.99851020119874,21.243798033728062,noise,41
2025-12-28T06:39:34+01:00,d241a044-0a06-40c2-9d90-c91fd0a95060,40.99851020119874,21.243798033728062,noise_dba,45
2025-12-28T06:39:34+01:00,d241a044-0a06-40c2-9d90-c91fd0a95060,40.99851020119874,21.243798033728062,pm10,0
2025-12-28T06:39:34+01:00,d241a044-0a06-40c2-9d90-c91fd0a95060,40.99851020119874,21.243798033728062,pm25,0
2025-12-28T06:39:34+01:00,d241a044-0a06-40c2-9d90-c91fd0a95060,40.99851020119874,21.243798033728062,pressure,885
2025-12-28T06:39:34+01:00,d241a044-0a06-40c2-9d90-c91fd0a95060,40.99851020119874,21.243798033728062,temperature,2
2025-12-28T06:55:06+01:00,d241a044-0a06-40c2-9d90-c91fd0a95060,40.99851020119874,21.243798033728062,gasResistance,991858
2025-12-28T06:55:06+01:00,d241a044-0a06-40c2-9d90-c91fd0a95060,40.99851020119874,21.243798033728062,humidity,47
2025-12-28T06:55:06+01:00,d241a044-0a06-40c2-9d90-c91fd0a95060,40.99851020119874,21.243798033728062,noise,20
2025-12-28T06:55:06+01:00,d241a044-0a06-40c2-9d90-c91fd0a95060,40.99851020119874,21.243798033728062,noise_dba,34
2025-12-28T06:55:06+01:00,d241a044-0a06-40c2-9d90-c91fd0a95060,40.99851020119874,21.243798033728062,pm10,2
2025-12-28T06:55:06+01:00,d241a044-0a06-40c2-9d90-c91fd0a95060,40.99851020119874,21.243798033728062,pm25,1
2025-12-28T06:55:06+01:00,d241a044-0a06-40c2-9d90-c91fd0a95060,40.99851020119874,21.243798033728062,pressure,885
2025-12-28T06:55:06+01:00,d241a044-0a06-40c2-9d90-c91fd0a95060,40.99851020119874,21.243798033728062,temperature,3
2025-12-28T07:10:38+01:00,d241a044-0a06-40c2-9d90-c91fd0a95060,40.99851020119874,21.243798033728062,gasResistance,925414
2025-12-28T07:10:38+01:00,d241a044-0a06-40c2-9d90-c91fd0a95060,40.99851020119874,21.243798033728062,humidity,51
2025-12-28T07:10:38+01:00,d241a044-0a06-40c2-9d90-c91fd0a95060,40.99851020119874,21.243798033728062,noise,23
2025-12-28T07:10:38+01:00,d241a044-0a06-40c2-9d90-c91fd0a95060,40.99851020119874,21.243798033728062,noise_dba,36
2025-12-28T07:10:38+01:00,d241a044-0a06-40c2-9d90-c91fd0a95060,40.99851020119874,21.243798033728062,pm10,1
2025-12-28T07:10:38+01:00,d241a044-0a06-40c2-9d90-c91fd0a95060,40.99851020119874,21.243798033728062,pm25,1
2025-12-28T07:10:38+01:00,d241a044-0a06-40c2-9d90-c91fd0a95060,40.99851020119874,21.243798033728062,pressure,885
2025-12-28T07:10:38+01:00,d241a044-0a06-40c2-9d90-c91fd0a95060,40.99851020119874,21.243798033728062,temperature,2
2025-12-28T07:26:09+01:00,d241a044-0a06-40c2-9d90-c91fd0a95060,40.99851020119874,21.243798033728062,gasResistance,971014
2025-12-28T07:26:09+01:00,d241a044-0a06-40c2-9d90-c91fd0a95060,40.99851020119874,21.243798033728062,humidity,32
2025-12-28T07:26:09+01:00,d241a044-0a06-40c2-9d90-c91fd0a95060,40.99851020119874,21.243798033728062,noise,22
2025-12-28T07:26:09+01:00,d241a044-0a06-40c2-9d90-c91fd0a95060,40.99851020119874,21.243798033728062,noise_dba,35
2025-12-28T07:26:09+01:00,d241a044-0a06-40c2-9d90-c91fd0a95060,40.99851020119874,21.243798033728062,pm10,0
2025-12-28T07:26:09+01:00,d241a044-0a06-40c2-9d90-c91fd0a95060,40.99851020119874,21.243798033728062,pm25,0
2025-12-28T07:26:09+01:00,d241a044-0a06-40c2-9d90-c91fd0a95060,40.99851020119874,21.243798033728062,pressure,885
2025-12-28T07:26:09+01:00,d241a044-0a06-40c2-9d90-c91fd0a95060,40.99851020119874,21.243798033728062,temperature,3
2025-12-28T07:41:41+01:00,d241a044-0a06-40c2-9d90-c91fd0a95060,40.99851020119874,21.243798033728062,gasResistance,1027607
2025-12-28T07:41:41+01:00,d241a044-0a06-40c2-9d90-c91fd0a95060,40.99851020119874,21.243798033728062,humidity,30
2025-12-28T07:41:41+01:00,d241a044-0a06-40c2-9d90-c91fd0a95060,40.99851020119874,21.243798033728062,noise,22
2025-12-28T07:41:41+01:00,d241a044-0a06-40c2-9d90-c91fd0a95060,40.99851020119874,21.243798033728062,noise_dba,35
2025-12-28T07:41:41+01:00,d241a044-0a06-40c2-9d90-c91fd0a95060,40.99851020119874,21.243798033728062,pm10,1
2025-12-28T07:41:41+01:00,d241a044-0a06-40c2-9d90-c91fd0a95060,40.99851020119874,21.243798033728062,pm25,0
2025-12-28T07:41:41+01:00,d241a044-0a06-40c2-9d90-c91fd0a95060,40.99851020119874,21.243798033728062,pressure,885
2025-12-28T07:41:41+01:00,d241a044-0a06-40c2-9d90-c91fd0a95060,40.99851020119874,21.243798033728062,temperature,4
2025-12-28T07:57:13+01:00,d241a044-0a06-40c2-9d90-c91fd0a95060,40.99851020119874,21.243798033728062,gasResistance,1059289
2025-12-28T07:57:13+01:00,d241a044-0a06-40c2-9d90-c91fd0a95060,40.99851020119874,21.243798033728062,humidity,34
2025-12-28T07:57:13+01:00,d241a044-0a06-40c2-9d90-c91fd0a95060,40.99851020119874,21.243798033728062,noise,25
2025-12-28T07:57:13+01:00,d241a044-0a06-40c2-9d90-c91fd0a95060,40.99851020119874,21.243798033728062,noise_dba,37
2025-12-28T07:57:13+01:00,d241a044-0a06-40c2-9d90-c91fd0a95060,40.99851020119874,21.243798033728062,pm10,2
2025-12-28T07:57:13+01:00,d241a044-0a06-40c2-9d90-c91fd0a95060,40.99851020119874,21.243798033728062,pm25,1
2025-12-28T07:57:13+01:00,d241a044-0a06-40c2-9d90-c91fd0a95060,40.99851020119874,21.243798033728062,pressure,885
2025-12-28T07:57:13+01:00,d241a044-0a06-40c2-9d90-c91fd0a95060,40.99851020119874,21.243798033728062,temperature,5
2025-12-28T08:12:44+01:00,d241a044-0a06-40c2-9d90-c91fd0a95060,40.99851020119874,21.243798033728062,gasResistance,1034749
2025-12-28T08:12:44+01:00,d241a044-0a06-40c2-9d90-c91fd0a95060,40.99851020119874,21.243798033728062,humidity,39
2025-12-28T08:12:44+01:00,d241a044-0a06-40c2-9d90-c91fd0a95060,40.99851020119874,21.243798033728062,noise,20
2025-12-28T08:12:44+01:00,d241a044-0a06-40c2-9d90-c91fd0a95060,40.99851020119874,21.243798033728062,noise_dba,34
2025-12-28T08:12:44+01:00,d241a044-0a06-40c2-9d90-c91fd0a95060,40.99851020119874,21.243798033728062,pm10,4
2025-12-28T08:12:44+01:00,d241a044-0a06-40c2-9d90-c91fd0a95060,40.99851020119874,21.243798033728062,pm25,2
2025-12-28T08:12:44+01:00,d241a044-0a06-40c2-9d90-c91fd0a95060,40.99851020119874,21.243798033728062,pressure,885
2025-12-28T08:12:44+01:00,d241a044-0a06-40c2-9d90-c91fd0a95060,40.99851020119874,21.243798033728062,temperature,6
2025-12-28T08:28:16+01:00,d241a044-0a06-40c2-9d90-c91fd0a95060,40.99851020119874,21.243798033728062,gasResistance,974545
2025-12-28T08:28:16+01:00,d241a044-0a06-40c2-9d90-c91fd0a95060,40.99851020119874,21.243798033728062,humidity,48
2025-12-28T08:28:16+01:00,d241a044-0a06-40c2-9d90-c91fd0a95060,40.99851020119874,21.243798033728062,noise,21
2025-12-28T08:28:16+01:00,d241a044-0a06-40c2-9d90-c91fd0a95060,40.99851020119874,21.243798033728062,noise_dba,34
2025-12-28T08:28:16+01:00,d241a044-0a06-40c2-9d90-c91fd0a95060,40.99851020119874,21.243798033728062,pm10,3
2025-12-28T08:28:16+01:00,d241a044-0a06-40c2-9d90-c91fd0a95060,40.99851020119874,21.243798033728062,pm25,1
2025-12-28T08:28:16+01:00,d241a044-0a06-40c2-9d90-c91fd0a95060,40.99851020119874,21.243798033728062,pressure,885
2025-12-28T08:28:16+01:00,d241a044-0a06-40c2-9d90-c91fd0a95060,40.99851020119874,21.243798033728062,temperature,5
2025-12-28T08:43:47+01:00,d241a044-0a06-40c2-9d90-c91fd0a95060,40.99851020119874,21.243798033728062,gasResistance,910945
2025-12-28T08:43:47+01:00,d241a044-0a06-40c2-9d90-c91fd0a95060,40.99851020119874,21.243798033728062,humidity,49
2025-12-28T08:43:47+01:00,d241a044-0a06-40c2-9d90-c91fd0a95060,40.99851020119874,21.243798033728062,noise,21
2025-12-28T08:43:47+01:00,d241a044-0a06-40c2-9d90-c91fd0a95060,40.99851020119874,21.243798033728062,noise_dba,34
2025-12-28T08:43:47+01:00,d241a044-0a06-40c2-9d90-c91fd0a95060,40.99851020119874,21.243798033728062,pm10,4
2025-12-28T08:43:47+01:00,d241a044-0a06-40c2-9d90-c91fd0a95060,40.99851020119874,21.243798033728062,pm25,2
2025-12-28T08:43:47+01:00,d241a044-0a06-40c2-9d90-c91fd0a95060,40.99851020119874,21.243798033728062,pressure,885
2025-12-28T08:43:47+01:00,d241a044-0a06-40c2-9d90-c91fd0a95060,40.99851020119874,21.243798033728062,temperature,4
2025-12-28T08:59:19+01:00,d241a044-0a06-40c2-9d90-c91fd0a95060,40.99851020119874,21.243798033728062,gasResistance,862846
2025-12-28T08:59:19+01:00,d241a044-0a06-40c2-9d90-c91fd0a95060,40.99851020119874,21.243798033728062,humidity,29
2025-12-28T08:59:19+01:00,d241a044-0a06-40c2-9d90-c91fd0a95060,40.99851020119874,21.243798033728062,noise,25
2025-12-28T08:59:19+01:00,d241a044-0a06-40c2-9d90-c91fd0a95060,40.99851020119874,21.243798033728062,noise_dba,37
2025-12-28T08:59:19+01:00,d241a044-0a06-40c2-9d90-c91fd0a95060,40.99851020119874,21.243798033728062,pm10,15
2025-12-28T08:59:19+01:00,d241a044-0a06-40c2-9d90-c91fd0a95060,40.99851020119874,21.243798033728062,pm25,8
2025-12-28T08:59:19+01:00,d241a044-0a06-40c2-9d90-c91fd0a95060,40.99851020119874,21.243798033728062,pressure,885
2025-12-28T08:59:19+01:00,d241a044-0a06-40c2-9d90-c91fd0a95060,40.99851020119874,21.243798033728062,temperature,6
2025-12-28T09:14:51+01:00,d241a044-0a06-40c2-9d90-c91fd0a95060,40.99851020119874,21.243798033728062,gasResistance,904794
2025-12-28T09:14:51+01:00,d241a044-0a06-40c2-9d90-c91fd0a95060,40.99851020119874,21.243798033728062,humidity,20
2025-12-28T09:14:51+01:00,d241a044-0a06-40c2-9d90-c91fd0a95060,40.99851020119874,21.243798033728062,noise,22
2025-12-28T09:14:51+01:00,d241a044-0a06-40c2-9d90-c91fd0a95060,40.99851020119874,21.243798033728062,noise_dba,35
2025-12-28T09:14:51+01:00,d241a044-0a06-40c2-9d90-c91fd0a95060,40.99851020119874,21.243798033728062,pm10,1
2025-12-28T09:14:51+01:00,d241a044-0a06-40c2-9d90-c91fd0a95060,40.99851020119874,21.243798033728062,pm25,0
2025-12-28T09:14:51+01:00,d241a044-0a06-40c2-9d90-c91fd0a95060,40.99851020119874,21.243798033728062,pressure,885
2025-12-28T09:14:51+01:00,d241a044-0a06-40c2-9d90-c91fd0a95060,40.99851020119874,21.243798033728062,temperature,10
2025-12-28T09:30:22+01:00,d241a044-0a06-40c2-9d90-c91fd0a95060,40.99851020119874,21.243798033728062,gasResistance,917180
2025-12-28T09:30:22+01:00,d241a044-0a06-40c2-9d90-c91fd0a95060,40.99851020119874,21.243798033728062,humidity,17
2025-12-28T09:30:22+01:00,d241a044-0a06-40c2-9d90-c91fd0a95060,40.99851020119874,21.243798033728062,noise,28
2025-12-28T09:30:22+01:00,d241a044-0a06-40c2-9d90-c91fd0a95060,40.99851020119874,21.243798033728062,noise_dba,39
2025-12-28T09:30:22+01:00,d241a044-0a06-40c2-9d90-c91fd0a95060,40.99851020119874,21.243798033728062,pm10,3
2025-12-28T09:30:22+01:00,d241a044-0a06-40c2-9d90-c91fd0a95060,40.99851020119874,21.243798033728062,pm25,2
2025-12-28T09:30:22+01:00,d241a044-0a06-40c2-9d90-c91fd0a95060,40.99851020119874,21.243798033728062,pressure,885
2025-12-28T09:30:22+01:00,d241a044-0a06-40c2-9d90-c91fd0a95060,40.99851020119874,21.243798033728062,temperature,15
2025-12-28T09:45:54+01:00,d241a044-0a06-40c2-9d90-c91fd0a95060,40.99851020119874,21.243798033728062,gasResistance,922230
2025-12-28T09:45:54+01:00,d241a044-0a06-40c2-9d90-c91fd0a95060,40.99851020119874,21.243798033728062,humidity,13
2025-12-28T09:45:54+01:00,d241a044-0a06-40c2-9d90-c91fd0a95060,40.99851020119874,21.243798033728062,noise,23
2025-12-28T09:45:54+01:00,d241a044-0a06-40c2-9d90-c91fd0a95060,40.99851020119874,21.243798033728062,noise_dba,36
2025-12-28T09:45:54+01:00,d241a044-0a06-40c2-9d90-c91fd0a95060,40.99851020119874,21.243798033728062,pm10,1
2025-12-28T09:45:54+01:00,d241a044-0a06-40c2-9d90-c91fd0a95060,40.99851020119874,21.243798033728062,pm25,1
2025-12-28T09:45:54+01:00,d241a044-0a06-40c2-9d90-c91fd0a95060,40.99851020119874,21.243798033728062,pressure,885
2025-12-28T09:45:54+01:00,d241a044-0a06-40c2-9d90-c91fd0a95060,40.99851020119874,21.243798033728062,temperature,19
2025-12-28T10:01:25+01:00,d241a044-0a06-40c2-9d90-c91fd0a95060,40.99851020119874,21.243798033728062,gasResistance,864516
2025-12-28T10:01:25+01:00,d241a044-0a06-40c2-9d90-c91fd0a95060,40.99851020119874,21.243798033728062,humidity,15
2025-12-28T10:01:25+01:00,d241a044-0a06-40c2-9d90-c91fd0a95060,40.99851020119874,21.243798033728062,noise,27
2025-12-28T10:01:25+01:00,d241a044-0a06-40c2-9d90-c91fd0a95060,40.99851020119874,21.243798033728062,noise_dba,38
2025-12-28T10:01:25+01:00,d241a044-0a06-40c2-9d90-c91fd0a95060,40.99851020119874,21.243798033728062,pm10,1
2025-12-28T10:01:25+01:00,d241a044-0a06-40c2-9d90-c91fd0a95060,40.99851020119874,21.243798033728062,pm25,1
2025-12-28T10:01:25+01:00,d241a044-0a06-40c2-9d90-c91fd0a95060,40.99851020119874,21.243798033728062,pressure,885
2025-12-28T10:01:25+01:00,d241a044-0a06-40c2-9d90-c91fd0a95060,40.99851020119874,21.243798033728062,temperature,21
2025-12-28T10:16:57+01:00,d241a044-0a06-40c2-9d90-c91fd0a95060,40.99851020119874,21.243798033728062,gasResistance,831266
2025-12-28T10:16:57+01:00,d241a044-0a06-40c2-9d90-c91fd0a95060,40.99851020119874,21.243798033728062,humidity,16
2025-12-28T10:16:57+01:00,d241a044-0a06-40c2-9d90-c91fd0a95060,40.99851020119874,21.243798033728062,noise,24
2025-12-28T10:16:57+01:00,d241a044-0a06-40c2-9d90-c91fd0a95060,40.99851020119874,21.243798033728062,noise_dba,36
2025-12-28T10:16:57+01:00,d241a044-0a06-40c2-9d90-c91fd0a95060,40.99851020119874,21.243798033728062,pm10,7
2025-12-28T10:16:57+01:00,d241a044-0a06-40c2-9d90-c91fd0a95060,40.99851020119874,21.243798033728062,pm25,4
2025-12-28T10:16:57+01:00,d241a044-0a06-40c2-9d90-c91fd0a95060,40.99851020119874,21.243798033728062,pressure,885
2025-12-28T10:16:57+01:00,d241a044-0a06-40c2-9d90-c91fd0a95060,40.99851020119874,21.243798033728062,temperature,23
2025-12-28T10:32:29+01:00,d241a044-0a06-40c2-9d90-c91fd0a95060,40.99851020119874,21.243798033728062,gasResistance,798570
2025-12-28T10:32:29+01:00,d241a044-0a06-40c2-9d90-c91fd0a95060,40.99851020119874,21.243798033728062,humidity,19
2025-12-28T10:32:29+01:00,d241a044-0a06-40c2-9d90-c91fd0a95060,40.99851020119874,21.243798033728062,noise,23
2025-12-28T10:32:29+01:00,d241a044-0a06-40c2-9d90-c91fd0a95060,40.99851020119874,21.243798033728062,noise_dba,36
2025-12-28T10:32:29+01:00,d241a044-0a06-40c2-9d90-c91fd0a95060,40.99851020119874,21.243798033728062,pm10,7
2025-12-28T10:32:29+01:00,d241a044-0a06-40c2-9d90-c91fd0a95060,40.99851020119874,21.243798033728062,pm25,5
2025-12-28T10:32:29+01:00,d241a044-0a06-40c2-9d90-c91fd0a95060,40.99851020119874,21.243798033728062,pressure,886
2025-12-28T10:32:29+01:00,d241a044-0a06-40c2-9d90-c91fd0a95060,40.99851020119874,21.243798033728062,temperature,23
2025-12-28T10:48:00+01:00,d241a044-0a06-40c2-9d90-c91fd0a95060,40.99851020119874,21.243798033728062,gasResistance,713572
2025-12-28T10:48:00+01:00,d241a044-0a06-40c2-9d90-c91fd0a95060,40.99851020119874,21.243798033728062,humidity,17
2025-12-28T10:48:00+01:00,d241a044-0a06-40c2-9d90-c91fd0a95060,40.99851020119874,21.243798033728062,noise,21
2025-12-28T10:48:00+01:00,d241a044-0a06-40c2-9d90-c91fd0a95060,40.99851020119874,21.243798033728062,noise_dba,34
2025-12-28T10:48:00+01:00,d241a044-0a06-40c2-9d90-c91fd0a95060,40.99851020119874,21.243798033728062,pm10,103
2025-12-28T10:48:00+01:00,d241a044-0a06-40c2-9d90-c91fd0a95060,40.99851020119874,21.243798033728062,pm25,67
2025-12-28T10:48:00+01:00,d241a044-0a06-40c2-9d90-c91fd0a95060,40.99851020119874,21.243798033728062,pressure,886
2025-12-28T10:48:00+01:00,d241a044-0a06-40c2-9d90-c91fd0a95060,40.99851020119874,21.243798033728062,temperature,23
2025-12-28T11:03:32+01:00,d241a044-0a06-40c2-9d90-c91fd0a95060,40.99851020119874,21.243798033728062,gasResistance,585079
2025-12-28T11:03:32+01:00,d241a044-0a06-40c2-9d90-c91fd0a95060,40.99851020119874,21.243798033728062,humidity,16
2025-12-28T11:03:32+01:00,d241a044-0a06-40c2-9d90-c91fd0a95060,40.99851020119874,21.243798033728062,noise,23
2025-12-28T11:03:32+01:00,d241a044-0a06-40c2-9d90-c91fd0a95060,40.99851020119874,21.243798033728062,noise_dba,36
2025-12-28T11:03:32+01:00,d241a044-0a06-40c2-9d90-c91fd0a95060,40.99851020119874,21.243798033728062,pm10,6
2025-12-28T11:03:32+01:00,d241a044-0a06-40c2-9d90-c91fd0a95060,40.99851020119874,21.243798033728062,pm25,4
2025-12-28T11:03:32+01:00,d241a044-0a06-40c2-9d90-c91fd0a95060,40.99851020119874,21.243798033728062,pressure,886
2025-12-28T11:03:32+01:00,d241a044-0a06-40c2-9d90-c91fd0a95060,40.99851020119874,21.243798033728062,temperature,23
2025-12-28T11:19:04+01:00,d241a044-0a06-40c2-9d90-c91fd0a95060,40.99851020119874,21.243798033728062,gasResistance,559173
2025-12-28T11:19:04+01:00,d241a044-0a06-40c2-9d90-c91fd0a95060,40.99851020119874,21.243798033728062,humidity,16
2025-12-28T11:19:04+01:00,d241a044-0a06-40c2-9d90-c91fd0a95060,40.99851020119874,21.243798033728062,noise,22
2025-12-28T11:19:04+01:00,d241a044-0a06-40c2-9d90-c91fd0a95060,40.99851020119874,21.243798033728062,noise_dba,35
2025-12-28T11:19:04+01:00,d241a044-0a06-40c2-9d90-c91fd0a95060,40.99851020119874,21.243798033728062,pm10,5
2025-12-28T11:19:04+01:00,d241a044-0a06-40c2-9d90-c91fd0a95060,40.99851020119874,21.243798033728062,pm25,2
2025-12-28T11:19:04+01:00,d241a044-0a06-40c2-9d90-c91fd0a95060,40.99851020119874,21.243798033728062,pressure,885
2025-12-28T11:19:04+01:00,d241a044-0a06-40c2-9d90-c91fd0a95060,40.99851020119874,21.243798033728062,temperature,24
2025-12-28T11:34:35+01:00,d241a044-0a06-40c2-9d90-c91fd0a95060,40.99851020119874,21.243798033728062,gasResistance,542847
2025-12-28T11:34:35+01:00,d241a044-0a06-40c2-9d90-c91fd0a95060,40.99851020119874,21.243798033728062,humidity,16
2025-12-28T11:34:35+01:00,d241a044-0a06-40c2-9d90-c91fd0a95060,40.99851020119874,21.243798033728062,noise,23
2025-12-28T11:34:35+01:00,d241a044-0a06-40c2-9d90-c91fd0a95060,40.99851020119874,21.243798033728062,noise_dba,36
2025-12-28T11:34:35+01:00,d241a044-0a06-40c2-9d90-c91fd0a95060,40.99851020119874,21.243798033728062,pm10,0
2025-12-28T11:34:35+01:00,d241a044-0a06-40c2-9d90-c91fd0a95060,40.99851020119874,21.243798033728062,pm25,0
2025-12-28T11:34:35+01:00,d241a044-0a06-40c2-9d90-c91fd0a95060,40.99851020119874,21.243798033728062,pressure,885
2025-12-28T11:34:35+01:00,d241a044-0a06-40c2-9d90-c91fd0a95060,40.99851020119874,21.243798033728062,temperature,24
2025-12-28T11:50:07+01:00,d241a044-0a06-40c2-9d90-c91fd0a95060,40.99851020119874,21.243798033728062,gasResistance,536323
2025-12-28T11:50:07+01:00,d241a044-0a06-40c2-9d90-c91fd0a95060,40.99851020119874,21.243798033728062,humidity,16
2025-12-28T11:50:07+01:00,d241a044-0a06-40c2-9d90-c91fd0a95060,40.99851020119874,21.243798033728062,noise,26
2025-12-28T11:50:07+01:00,d241a044-0a06-40c2-9d90-c91fd0a95060,40.99851020119874,21.243798033728062,noise_dba,38
2025-12-28T11:50:07+01:00,d241a044-0a06-40c2-9d90-c91fd0a95060,40.99851020119874,21.243798033728062,pm10,0
2025-12-28T11:50:07+01:00,d241a044-0a06-40c2-9d90-c91fd0a95060,40.99851020119874,21.243798033728062,pm25,0
2025-12-28T11:50:07+01:00,d241a044-0a06-40c2-9d90-c91fd0a95060,40.99851020119874,21.243798033728062,pressure,885
2025-12-28T11:50:07+01:00,d241a044-0a06-40c2-9d90-c91fd0a95060,40.99851020119874,21.243798033728062,temperature,24
2025-12-28T12:05:39+01:00,d241a044-0a06-40c2-9d90-c91fd0a95060,40.99851020119874,21.243798033728062,gasResistance,536753
2025-12-28T12:05:39+01:00,d241a044-0a06-40c2-9d90-c91fd0a95060,40.99851020119874,21.243798033728062,humidity,16
2025-12-28T12:05:39+01:00,d241a044-0a06-40c2-9d90-c91fd0a95060,40.99851020119874,21.243798033728062,noise,25
2025-12-28T12:05:39+01:00,d241a044-0a06-40c2-9d90-c91fd0a95060,40.99851020119874,21.243798033728062,noise_dba,37
2025-12-28T12:05:39+01:00,d241a044-0a06-40c2-9d90-c91fd0a95060,40.99851020119874,21.243798033728062,pm10,11
2025-12-28T12:05:39+01:00,d241a044-0a06-40c2-9d90-c91fd0a95060,40.99851020119874,21.243798033728062,pm25,7
2025-12-28T12:05:39+01:00,d241a044-0a06-40c2-9d90-c91fd0a95060,40.99851020119874,21.243798033728062,pressure,885
2025-12-28T12:05:39+01:00,d241a044-0a06-40c2-9d90-c91fd0a95060,40.99851020119874,21.243798033728062,temperature,24
2025-12-28T12:21:11+01:00,d241a044-0a06-40c2-9d90-c91fd0a95060,40.99851020119874,21.243798033728062,gasResistance,529953
2025-12-28T12:21:11+01:00,d241a044-0a06-40c2-9d90-c91fd0a95060,40.99851020119874,21.243798033728062,humidity,17
2025-12-28T12:21:11+01:00,d241a044-0a06-40c2-9d90-c91fd0a95060,40.99851020119874,21.243798033728062,noise,27
2025-12-28T12:21:11+01:00,d241a044-0a06-40c2-9d90-c91fd0a95060,40.99851020119874,21.243798033728062,noise_dba,38
2025-12-28T12:21:11+01:00,d241a044-0a06-40c2-9d90-c91fd0a95060,40.99851020119874,21.243798033728062,pm10,39
2025-12-28T12:21:11+01:00,d241a044-0a06-40c2-9d90-c91fd0a95060,40.99851020119874,21.243798033728062,pm25,20
2025-12-28T12:21:11+01:00,d241a044-0a06-40c2-9d90-c91fd0a95060,40.99851020119874,21.243798033728062,pressure,885
2025-12-28T12:21:11+01:00,d241a044-0a06-40c2-9d90-c91fd0a95060,40.99851020119874,21.243798033728062,temperature,24
2025-12-28T12:36:43+01:00,d241a044-0a06-40c2-9d90-c91fd0a95060,40.99851020119874,21.243798033728062,gasResistance,524143
2025-12-28T12:36:43+01:00,d241a044-0a06-40c2-9d90-c91fd0a95060,40.99851020119874,21.243798033728062,humidity,17
2025-12-28T12:36:43+01:00,d241a044-0a06-40c2-9d90-c91fd0a95060,40.99851020119874,21.243798033728062,noise,22
2025-12-28T12:36:43+01:00,d241a044-0a06-40c2-9d90-c91fd0a95060,40.99851020119874,21.243798033728062,noise_dba,35
2025-12-28T12:36:43+01:00,d241a044-0a06-40c2-9d90-c91fd0a95060,40.99851020119874,21.243798033728062,pm10,25
2025-12-28T12:36:43+01:00,d241a044-0a06-40c2-9d90-c91fd0a95060,40.99851020119874,21.243798033728062,pm25,15
2025-12-28T12:36:43+01:00,d241a044-0a06-40c2-9d90-c91fd0a95060,40.99851020119874,21.243798033728062,pressure,885
2025-12-28T12:36:43+01:00,d241a044-0a06-40c2-9d90-c91fd0a95060,40.99851020119874,21.243798033728062,temperature,24
2025-12-28T12:52:14+01:00,d241a044-0a06-40c2-9d90-c91fd0a95060,40.99851020119874,21.243798033728062,gasResistance,517657
2025-12-28T12:52:14+01:00,d241a044-0a06-40c2-9d90-c91fd0a95060,40.99851020119874,21.243798033728062,humidity,20
2025-12-28T12:52:14+01:00,d241a044-0a06-40c2-9d90-c91fd0a95060,40.99851020119874,21.243798033728062,noise,22
2025-12-28T12:52:14+01:00,d241a044-0a06-40c2-9d90-c91fd0a95060,40.99851020119874,21.243798033728062,noise_dba,35
2025-12-28T12:52:14+01:00,d241a044-0a06-40c2-9d90-c91fd0a95060,40.99851020119874,21.243798033728062,pm10,5
2025-12-28T12:52:14+01:00,d241a044-0a06-40c2-9d90-c91fd0a95060,40.99851020119874,21.243798033728062,pm25,4
2025-12-28T12:52:14+01:00,d241a044-0a06-40c2-9d90-c91fd0a95060,40.99851020119874,21.243798033728062,pressure,885
2025-12-28T12:52:14+01:00,d241a044-0a06-40c2-9d90-c91fd0a95060,40.99851020119874,21.243798033728062,temperature,23
2025-12-28T13:07:46+01:00,d241a044-0a06-40c2-9d90-c91fd0a95060,40.99851020119874,21.243798033728062,gasResistance,548182
2025-12-28T13:07:46+01:00,d241a044-0a06-40c2-9d90-c91fd0a95060,40.99851020119874,21.243798033728062,humidity,24
2025-12-28T13:07:46+01:00,d241a044-0a06-40c2-9d90-c91fd0a95060,40.99851020119874,21.243798033728062,noise,21
2025-12-28T13:07:46+01:00,d241a044-0a06-40c2-9d90-c91fd0a95060,40.99851020119874,21.243798033728062,noise_dba,34
2025-12-28T13:07:46+01:00,d241a044-0a06-40c2-9d90-c91fd0a95060,40.99851020119874,21.243798033728062,pm10,5
2025-12-28T13:07:46+01:00,d241a044-0a06-40c2-9d90-c91fd0a95060,40.99851020119874,21.243798033728062,pm25,3
2025-12-28T13:07:46+01:00,d241a044-0a06-40c2-9d90-c91fd0a95060,40.99851020119874,21.243798033728062,pressure,885
2025-12-28T13:07:46+01:00,d241a044-0a06-40c2-9d90-c91fd0a95060,40.99851020119874,21.243798033728062,temperature,22
2025-12-28T13:23:18+01:00,d241a044-0a06-40c2-9d90-c91fd0a95060,40.99851020119874,21.243798033728062,gasResistance,578505
2025-12-28T13:23:18+01:00,d241a044-0a06-40c2-9d90-c91fd0a95060,40.99851020119874,21.243798033728062,humidity,26
2025-12-28T13:23:18+01:00,d241a044-0a06-40c2-9d90-c91fd0a95060,40.99851020119874,21.243798033728062,noise,22
2025-12-28T13:23:18+01:00,d241a044-0a06-40c2-9d90-c91fd0a95060,40.99851020119874,21.243798033728062,noise_dba,35
2025-12-28T13:23:18+01:00,d241a044-0a06-40c2-9d90-c91fd0a95060,40.99851020119874,21.243798033728062,pm10,3
2025-12-28T13:23:18+01:00,d241a044-0a06-40c2-9d90-c91fd0a95060,40.99851020119874,21.243798033728062,pm25,2
2025-12-28T13:23:18+01:00,d241a044-0a06-40c2-9d90-c91fd0a95060,40.99851020119874,21.243798033728062,pressure,885
2025-12-28T13:23:18+01:00,d241a044-0a06-40c2-9d90-c91fd0a95060,40.99851020119874,21.243798033728062,temperature,20
2025-12-28T13:38:49+01:00,d241a044-0a06-40c2-9d90-c91fd0a95060,40.99851020119874,21.243798033728062,gasResistance,599759
2025-12-28T13:38:49+01:00,d241a044-0a06-40c2-9d90-c91fd0a95060,40.99851020119874,21.243798033728062,humidity,26
2025-12-28T13:38:49+01:00,d241a044-0a06-40c2-9d90-c91fd0a95060,40.99851020119874,21.243798033728062,noise,21
2025-12-28T13:38:49+01:00,d241a044-0a06-40c2-9d90-c91fd0a95060,40.99851020119874,21.243798033728062,noise_dba,34
2025-12-28T13:38:49+01:00,d241a044-0a06-40c2-9d90-c91fd0a95060,40.99851020119874,21.243798033728062,pm10,5
2025-12-28T13:38:49+01:00,d241a044-0a06-40c2-9d90-c91fd0a95060,40.99851020119874,21.243798033728062,pm25,3
2025-12-28T13:38:49+01:00,d241a044-0a06-40c2-9d90-c91fd0a95060,40.99851020119874,21.243798033728062,pressure,885
2025-12-28T13:38:49+01:00,d241a044-0a06-40c2-9d90-c91fd0a95060,40.99851020119874,21.243798033728062,temperature,19
2025-12-28T13:54:21+01:00,d241a044-0a06-40c2-9d90-c91fd0a95060,40.99851020119874,21.243798033728062,gasResistance,607378
2025-12-28T13:54:21+01:00,d241a044-0a06-40c2-9d90-c91fd0a95060,40.99851020119874,21.243798033728062,humidity,31
2025-12-28T13:54:21+01:00,d241a044-0a06-40c2-9d90-c91fd0a95060,40.99851020119874,21.243798033728062,noise,22
2025-12-28T13:54:21+01:00,d241a044-0a06-40c2-9d90-c91fd0a95060,40.99851020119874,21.243798033728062,noise_dba,35
2025-12-28T13:54:21+01:00,d241a044-0a06-40c2-9d90-c91fd0a95060,40.99851020119874,21.243798033728062,pm10,6
2025-12-28T13:54:21+01:00,d241a044-0a06-40c2-9d90-c91fd0a95060,40.99851020119874,21.243798033728062,pm25,4
2025-12-28T13:54:21+01:00,d241a044-0a06-40c2-9d90-c91fd0a95060,40.99851020119874,21.243798033728062,pressure,885
2025-12-28T13:54:21+01:00,d241a044-0a06-40c2-9d90-c91fd0a95060,40.99851020119874,21.243798033728062,temperature,17
2025-12-28T14:09:53+01:00,d241a044-0a06-40c2-9d90-c91fd0a95060,40.99851020119874,21.243798033728062,gasResistance,624376
2025-12-28T14:09:53+01:00,d241a044-0a06-40c2-9d90-c91fd0a95060,40.99851020119874,21.243798033728062,humidity,38
2025-12-28T14:09:53+01:00,d241a044-0a06-40c2-9d90-c91fd0a95060,40.99851020119874,21.243798033728062,noise,21
2025-12-28T14:09:53+01:00,d241a044-0a06-40c2-9d90-c91fd0a95060,40.99851020119874,21.243798033728062,noise_dba,34
2025-12-28T14:09:53+01:00,d241a044-0a06-40c2-9d90-c91fd0a95060,40.99851020119874,21.243798033728062,pm10,8
2025-12-28T14:09:53+01:00,d241a044-0a06-40c2-9d90-c91fd0a95060,40.99851020119874,21.243798033728062,pm25,5
2025-12-28T14:09:53+01:00,d241a044-0a06-40c2-9d90-c91fd0a95060,40.99851020119874,21.243798033728062,pressure,885
2025-12-28T14:09:53+01:00,d241a044-0a06-40c2-9d90-c91fd0a95060,40.99851020119874,21.243798033728062,temperature,15
2025-12-28T14:25:24+01:00,d241a044-0a06-40c2-9d90-c91fd0a95060,40.99851020119874,21.243798033728062,gasResistance,631444
2025-12-28T14:25:24+01:00,d241a044-0a06-40c2-9d90-c91fd0a95060,40.99851020119874,21.243798033728062,humidity,41
2025-12-28T14:25:24+01:00,d241a044-0a06-40c2-9d90-c91fd0a95060,40.99851020119874,21.243798033728062,noise,20
2025-12-28T14:25:24+01:00,d241a044-0a06-40c2-9d90-c91fd0a95060,40.99851020119874,21.243798033728062,noise_dba,34
2025-12-28T14:25:24+01:00,d241a044-0a06-40c2-9d90-c91fd0a95060,40.99851020119874,21.243798033728062,pm10,8
2025-12-28T14:25:24+01:00,d241a044-0a06-40c2-9d90-c91fd0a95060,40.99851020119874,21.243798033728062,pm25,4
2025-12-28T14:25:24+01:00,d241a044-0a06-40c2-9d90-c91fd0a95060,40.99851020119874,21.243798033728062,pressure,885
2025-12-28T14:25:24+01:00,d241a044-0a06-40c2-9d90-c91fd0a95060,40.99851020119874,21.243798033728062,temperature,13
2025-12-28T14:40:56+01:00,d241a044-0a06-40c2-9d90-c91fd0a95060,40.99851020119874,21.243798033728062,gasResistance,618605
2025-12-28T14:40:56+01:00,d241a044-0a06-40c2-9d90-c91fd0a95060,40.99851020119874,21.243798033728062,humidity,46
2025-12-28T14:40:56+01:00,d241a044-0a06-40c2-9d90-c91fd0a95060,40.99851020119874,21.243798033728062,noise,23
2025-12-28T14:40:56+01:00,d241a044-0a06-40c2-9d90-c91fd0a95060,40.99851020119874,21.243798033728062,noise_dba,36
2025-12-28T14:40:56+01:00,d241a044-0a06-40c2-9d90-c91fd0a95060,40.99851020119874,21.243798033728062,pm10,8
2025-12-28T14:40:56+01:00,d241a044-0a06-40c2-9d90-c91fd0a95060,40.99851020119874,21.243798033728062,pm25,4
2025-12-28T14:40:56+01:00,d241a044-0a06-40c2-9d90-c91fd0a95060,40.99851020119874,21.243798033728062,pressure,885
2025-12-28T14:40:56+01:00,d241a044-0a06-40c2-9d90-c91fd0a95060,40.99851020119874,21.243798033728062,temperature,12
2025-12-28T14:56:28+01:00,d241a044-0a06-40c2-9d90-c91fd0a95060,40.99851020119874,21.243798033728062,gasResistance,586104
2025-12-28T14:56:28+01:00,d241a044-0a06-40c2-9d90-c91fd0a95060,40.99851020119874,21.243798033728062,humidity,49
2025-12-28T14:56:28+01:00,d241a044-0a06-40c2-9d90-c91fd0a95060,40.99851020119874,21.243798033728062,noise,27
2025-12-28T14:56:28+01:00,d241a044-0a06-40c2-9d90-c91fd0a95060,40.99851020119874,21.243798033728062,noise_dba,38
2025-12-28T14:56:28+01:00,d241a044-0a06-40c2-9d90-c91fd0a95060,40.99851020119874,21.243798033728062,pm10,6
2025-12-28T14:56:28+01:00,d241a044-0a06-40c2-9d90-c91fd0a95060,40.99851020119874,21.243798033728062,pm25,3
2025-12-28T14:56:28+01:00,d241a044-0a06-40c2-9d90-c91fd0a95060,40.99851020119874,21.243798033728062,pressure,886
2025-12-28T14:56:28+01:00,d241a044-0a06-40c2-9d90-c91fd0a95060,40.99851020119874,21.243798033728062,temperature,10
2025-12-28T15:12:01+01:00,d241a044-0a06-40c2-9d90-c91fd0a95060,40.99851020119874,21.243798033728062,gasResistance,570128
2025-12-28T15:12:01+01:00,d241a044-0a06-40c2-9d90-c91fd0a95060,40.99851020119874,21.243798033728062,humidity,50
2025-12-28T15:12:01+01:00,d241a044-0a06-40c2-9d90-c91fd0a95060,40.99851020119874,21.243798033728062,noise,22
2025-12-28T15:12:01+01:00,d241a044-0a06-40c2-9d90-c91fd0a95060,40.99851020119874,21.243798033728062,noise_dba,35
2025-12-28T15:12:01+01:00,d241a044-0a06-40c2-9d90-c91fd0a95060,40.99851020119874,21.243798033728062,pm10,6
2025-12-28T15:12:01+01:00,d241a044-0a06-40c2-9d90-c91fd0a95060,40.99851020119874,21.243798033728062,pm25,3
2025-12-28T15:12:01+01:00,d241a044-0a06-40c2-9d90-c91fd0a95060,40.99851020119874,21.243798033728062,pressure,886
2025-12-28T15:12:01+01:00,d241a044-0a06-40c2-9d90-c91fd0a95060,40.99851020119874,21.243798033728062,temperature,8
2025-12-28T15:27:33+01:00,d241a044-0a06-40c2-9d90-c91fd0a95060,40.99851020119874,21.243798033728062,gasResistance,546392
2025-12-28T15:27:33+01:00,d241a044-0a06-40c2-9d90-c91fd0a95060,40.99851020119874,21.243798033728062,humidity,54
2025-12-28T15:27:33+01:00,d241a044-0a06-40c2-9d90-c91fd0a95060,40.99851020119874,21.243798033728062,noise,20
2025-12-28T15:27:33+01:00,d241a044-0a06-40c2-9d90-c91fd0a95060,40.99851020119874,21.243798033728062,noise_dba,34
2025-12-28T15:27:33+01:00,d241a044-0a06-40c2-9d90-c91fd0a95060,40.99851020119874,21.243798033728062,pm10,7
2025-12-28T15:27:33+01:00,d241a044-0a06-40c2-9d90-c91fd0a95060,40.99851020119874,21.243798033728062,pm25,3
2025-12-28T15:27:33+01:00,d241a044-0a06-40c2-9d90-c91fd0a95060,40.99851020119874,21.243798033728062,pressure,886
2025-12-28T15:27:33+01:00,d241a044-0a06-40c2-9d90-c91fd0a95060,40.99851020119874,21.243798033728062,temperature,7
2025-12-28T15:43:04+01:00,d241a044-0a06-40c2-9d90-c91fd0a95060,40.99851020119874,21.243798033728062,gasResistance,490712
2025-12-28T15:43:04+01:00,d241a044-0a06-40c2-9d90-c91fd0a95060,40.99851020119874,21.243798033728062,humidity,56
2025-12-28T15:43:04+01:00,d241a044-0a06-40c2-9d90-c91fd0a95060,40.99851020119874,21.243798033728062,noise,22
2025-12-28T15:43:04+01:00,d241a044-0a06-40c2-9d90-c91fd0a95060,40.99851020119874,21.243798033728062,noise_dba,35
2025-12-28T15:43:04+01:00,d241a044-0a06-40c2-9d90-c91fd0a95060,40.99851020119874,21.243798033728062,pm10,11
2025-12-28T15:43:04+01:00,d241a044-0a06-40c2-9d90-c91fd0a95060,40.99851020119874,21.243798033728062,pm25,5
2025-12-28T15:43:04+01:00,d241a044-0a06-40c2-9d90-c91fd0a95060,40.99851020119874,21.243798033728062,pressure,886
2025-12-28T15:43:04+01:00,d241a044-0a06-40c2-9d90-c91fd0a95060,40.99851020119874,21.243798033728062,temperature,6
2025-12-28T15:58:36+01:00,d241a044-0a06-40c2-9d90-c91fd0a95060,40.99851020119874,21.243798033728062,gasResistance,454091
2025-12-28T15:58:36+01:00,d241a044-0a06-40c2-9d90-c91fd0a95060,40.99851020119874,21.243798033728062,humidity,59
2025-12-28T15:58:36+01:00,d241a044-0a06-40c2-9d90-c91fd0a95060,40.99851020119874,21.243798033728062,noise,18
2025-12-28T15:58:36+01:00,d241a044-0a06-40c2-9d90-c91fd0a95060,40.99851020119874,21.243798033728062,noise_dba,32
2025-12-28T15:58:36+01:00,d241a044-0a06-40c2-9d90-c91fd0a95060,40.99851020119874,21.243798033728062,pm10,5
2025-12-28T15:58:36+01:00,d241a044-0a06-40c2-9d90-c91fd0a95060,40.99851020119874,21.243798033728062,pm25,3
2025-12-28T15:58:36+01:00,d241a044-0a06-40c2-9d90-c91fd0a95060,40.99851020119874,21.243798033728062,pressure,886
2025-12-28T15:58:36+01:00,d241a044-0a06-40c2-9d90-c91fd0a95060,40.99851020119874,21.243798033728062,temperature,5
2025-12-28T16:14:08+01:00,d241a044-0a06-40c2-9d90-c91fd0a95060,40.99851020119874,21.243798033728062,gasResistance,435479
2025-12-28T16:14:08+01:00,d241a044-0a06-40c2-9d90-c91fd0a95060,40.99851020119874,21.243798033728062,humidity,61
2025-12-28T16:14:08+01:00,d241a044-0a06-40c2-9d90-c91fd0a95060,40.99851020119874,21.243798033728062,noise,17
2025-12-28T16:14:08+01:00,d241a044-0a06-40c2-9d90-c91fd0a95060,40.99851020119874,21.243798033728062,noise_dba,31
2025-12-28T16:14:08+01:00,d241a044-0a06-40c2-9d90-c91fd0a95060,40.99851020119874,21.243798033728062,pm10,6
2025-12-28T16:14:08+01:00,d241a044-0a06-40c2-9d90-c91fd0a95060,40.99851020119874,21.243798033728062,pm25,4
2025-12-28T16:14:08+01:00,d241a044-0a06-40c2-9d90-c91fd0a95060,40.99851020119874,21.243798033728062,pressure,886
2025-12-28T16:14:08+01:00,d241a044-0a06-40c2-9d90-c91fd0a95060,40.99851020119874,21.243798033728062,temperature,4
2025-12-28T16:29:39+01:00,d241a044-0a06-40c2-9d90-c91fd0a95060,40.99851020119874,21.243798033728062,gasResistance,440639
2025-12-28T16:29:39+01:00,d241a044-0a06-40c2-9d90-c91fd0a95060,40.99851020119874,21.243798033728062,humidity,58
2025-12-28T16:29:39+01:00,d241a044-0a06-40c2-9d90-c91fd0a95060,40.99851020119874,21.243798033728062,noise,32
2025-12-28T16:29:39+01:00,d241a044-0a06-40c2-9d90-c91fd0a95060,40.99851020119874,21.243798033728062,noise_dba,41
2025-12-28T16:29:39+01:00,d241a044-0a06-40c2-9d90-c91fd0a95060,40.99851020119874,21.243798033728062,pm10,8
2025-12-28T16:29:39+01:00,d241a044-0a06-40c2-9d90-c91fd0a95060,40.99851020119874,21.243798033728062,pm25,4
2025-12-28T16:29:39+01:00,d241a044-0a06-40c2-9d90-c91fd0a95060,40.99851020119874,21.243798033728062,pressure,887
2025-12-28T16:29:39+01:00,d241a044-0a06-40c2-9d90-c91fd0a95060,40.99851020119874,21.243798033728062,temperature,4
2025-12-28T16:45:11+01:00,d241a044-0a06-40c2-9d90-c91fd0a95060,40.99851020119874,21.243798033728062,gasResistance,433785
2025-12-28T16:45:11+01:00,d241a044-0a06-40c2-9d90-c91fd0a95060,40.99851020119874,21.243798033728062,humidity,65
2025-12-28T16:45:11+01:00,d241a044-0a06-40c2-9d90-c91fd0a95060,40.99851020119874,21.243798033728062,noise,13
2025-12-28T16:45:11+01:00,d241a044-0a06-40c2-9d90-c91fd0a95060,40.99851020119874,21.243798033728062,noise_dba,27
2025-12-28T16:45:11+01:00,d241a044-0a06-40c2-9d90-c91fd0a95060,40.99851020119874,21.243798033728062,pm10,7
2025-12-28T16:45:11+01:00,d241a044-0a06-40c2-9d90-c91fd0a95060,40.99851020119874,21.243798033728062,pm25,3
2025-12-28T16:45:11+01:00,d241a044-0a06-40c2-9d90-c91fd0a95060,40.99851020119874,21.243798033728062,pressure,887
2025-12-28T16:45:11+01:00,d241a044-0a06-40c2-9d90-c91fd0a95060,40.99851020119874,21.243798033728062,temperature,3
2025-12-28T17:00:43+01:00,d241a044-0a06-40c2-9d90-c91fd0a95060,40.99851020119874,21.243798033728062,gasResistance,412149
2025-12-28T17:00:43+01:00,d241a044-0a06-40c2-9d90-c91fd0a95060,40.99851020119874,21.243798033728062,humidity,62
2025-12-28T17:00:43+01:00,d241a044-0a06-40c2-9d90-c91fd0a95060,40.99851020119874,21.243798033728062,pm10,8
2025-12-28T17:00:43+01:00,d241a044-0a06-40c2-9d90-c91fd0a95060,40.99851020119874,21.243798033728062,pm25,4
2025-12-28T17:00:43+01:00,d241a044-0a06-40c2-9d90-c91fd0a95060,40.99851020119874,21.243798033728062,pressure,887
2025-12-28T17:00:43+01:00,d241a044-0a06-40c2-9d90-c91fd0a95060,40.99851020119874,21.243798033728062,temperature,2
2025-12-28T17:16:15+01:00,d241a044-0a06-40c2-9d90-c91fd0a95060,40.99851020119874,21.243798033728062,gasResistance,416509
2025-12-28T17:16:15+01:00,d241a044-0a06-40c2-9d90-c91fd0a95060,40.99851020119874,21.243798033728062,humidity,60
2025-12-28T17:16:15+01:00,d241a044-0a06-40c2-9d90-c91fd0a95060,40.99851020119874,21.243798033728062,pm10,9
2025-12-28T17:16:15+01:00,d241a044-0a06-40c2-9d90-c91fd0a95060,40.99851020119874,21.243798033728062,pm25,6
2025-12-28T17:16:15+01:00,d241a044-0a06-40c2-9d90-c91fd0a95060,40.99851020119874,21.243798033728062,pressure,887
2025-12-28T17:16:15+01:00,d241a044-0a06-40c2-9d90-c91fd0a95060,40.99851020119874,21.243798033728062,temperature,2
2025-12-28T17:31:47+01:00,d241a044-0a06-40c2-9d90-c91fd0a95060,40.99851020119874,21.243798033728062,gasResistance,408377
2025-12-28T17:31:47+01:00,d241a044-0a06-40c2-9d90-c91fd0a95060,40.99851020119874,21.243798033728062,humidity,64
2025-12-28T17:31:47+01:00,d241a044-0a06-40c2-9d90-c91fd0a95060,40.99851020119874,21.243798033728062,pm10,5
2025-12-28T17:31:47+01:00,d241a044-0a06-40c2-9d90-c91fd0a95060,40.99851020119874,21.243798033728062,pm25,4
2025-12-28T17:31:47+01:00,d241a044-0a06-40c2-9d90-c91fd0a95060,40.99851020119874,21.243798033728062,pressure,888
2025-12-28T17:31:47+01:00,d241a044-0a06-40c2-9d90-c91fd0a95060,40.99851020119874,21.243798033728062,temperature,2
2025-12-28T17:47:19+01:00,d241a044-0a06-40c2-9d90-c91fd0a95060,40.99851020119874,21.243798033728062,gasResistance,401277
2025-12-28T17:47:19+01:00,d241a044-0a06-40c2-9d90-c91fd0a95060,40.99851020119874,21.243798033728062,humidity,64
2025-12-28T17:47:19+01:00,d241a044-0a06-40c2-9d90-c91fd0a95060,40.99851020119874,21.243798033728062,pm10,6
2025-12-28T17:47:19+01:00,d241a044-0a06-40c2-9d90-c91fd0a95060,40.99851020119874,21.243798033728062,pm25,3
2025-12-28T17:47:19+01:00,d241a044-0a06-40c2-9d90-c91fd0a95060,40.99851020119874,21.243798033728062,pressure,888
2025-12-28T17:47:19+01:00,d241a044-0a06-40c2-9d90-c91fd0a95060,40.99851020119874,21.243798033728062,temperature,2
2025-12-28T18:02:51+01:00,d241a044-0a06-40c2-9d90-c91fd0a95060,40.99851020119874,21.243798033728062,gasResistance,409377
2025-12-28T18:02:51+01:00,d241a044-0a06-40c2-9d90-c91fd0a95060,40.99851020119874,21.243798033728062,humidity,60
2025-12-28T18:02:51+01:00,d241a044-0a06-40c2-9d90-c91fd0a95060,40.99851020119874,21.243798033728062,noise,13
2025-12-28T18:02:51+01:00,d241a044-0a06-40c2-9d90-c91fd0a95060,40.99851020119874,21.243798033728062,noise_dba,27
2025-12-28T18:02:51+01:00,d241a044-0a06-40c2-9d90-c91fd0a95060,40.99851020119874,21.243798033728062,pm10,6
2025-12-28T18:02:51+01:00,d241a044-0a06-40c2-9d90-c91fd0a95060,40.99851020119874,21.243798033728062,pm25,3
2025-12-28T18:02:51+01:00,d241a044-0a06-40c2-9d90-c91fd0a95060,40.99851020119874,21.243798033728062,pressure,888
2025-12-28T18:02:51+01:00,d241a044-0a06-40c2-9d90-c91fd0a95060,40.99851020119874,21.243798033728062,temperature,2
2025-12-28T18:18:22+01:00,d241a044-0a06-40c2-9d90-c91fd0a95060,40.99851020119874,21.243798033728062,gasResistance,448914
2025-12-28T18:18:22+01:00,d241a044-0a06-40c2-9d90-c91fd0a95060,40.99851020119874,21.243798033728062,humidity,54
2025-12-28T18:18:22+01:00,d241a044-0a06-40c2-9d90-c91fd0a95060,40.99851020119874,21.243798033728062,noise,22
2025-12-28T18:18:22+01:00,d241a044-0a06-40c2-9d90-c91fd0a95060,40.99851020119874,21.243798033728062,noise_dba,35
2025-12-28T18:18:22+01:00,d241a044-0a06-40c2-9d90-c91fd0a95060,40.99851020119874,21.243798033728062,pm10,5
2025-12-28T18:18:22+01:00,d241a044-0a06-40c2-9d90-c91fd0a95060,40.99851020119874,21.243798033728062,pm25,3
2025-12-28T18:18:22+01:00,d241a044-0a06-40c2-9d90-c91fd0a95060,40.99851020119874,21.243798033728062,pressure,888
2025-12-28T18:18:22+01:00,d241a044-0a06-40c2-9d90-c91fd0a95060,40.99851020119874,21.243798033728062,temperature,2
2025-12-28T18:33:54+01:00,d241a044-0a06-40c2-9d90-c91fd0a95060,40.99851020119874,21.243798033728062,gasResistance,505919
2025-12-28T18:33:54+01:00,d241a044-0a06-40c2-9d90-c91fd0a95060,40.99851020119874,21.243798033728062,humidity,52
2025-12-28T18:33:54+01:00,d241a044-0a06-40c2-9d90-c91fd0a95060,40.99851020119874,21.243798033728062,noise,23
2025-12-28T18:33:54+01:00,d241a044-0a06-40c2-9d90-c91fd0a95060,40.99851020119874,21.243798033728062,noise_dba,36
2025-12-28T18:33:54+01:00,d241a044-0a06-40c2-9d90-c91fd0a95060,40.99851020119874,21.243798033728062,pm10,4
2025-12-28T18:33:54+01:00,d241a044-0a06-40c2-9d90-c91fd0a95060,40.99851020119874,21.243798033728062,pm25,2
2025-12-28T18:33:54+01:00,d241a044-0a06-40c2-9d90-c91fd0a95060,40.99851020119874,21.243798033728062,pressure,889
2025-12-28T18:33:54+01:00,d241a044-0a06-40c2-9d90-c91fd0a95060,40.99851020119874,21.243798033728062,temperature,3
2025-12-28T18:49:26+01:00,d241a044-0a06-40c2-9d90-c91fd0a95060,40.99851020119874,21.243798033728062,gasResistance,547286
2025-12-28T18:49:26+01:00,d241a044-0a06-40c2-9d90-c91fd0a95060,40.99851020119874,21.243798033728062,humidity,52
2025-12-28T18:49:26+01:00,d241a044-0a06-40c2-9d90-c91fd0a95060,40.99851020119874,21.243798033728062,noise,20
2025-12-28T18:49:26+01:00,d241a044-0a06-40c2-9d90-c91fd0a95060,40.99851020119874,21.243798033728062,noise_dba,34
2025-12-28T18:49:26+01:00,d241a044-0a06-40c2-9d90-c91fd0a95060,40.99851020119874,21.243798033728062,pm10,3
2025-12-28T18:49:26+01:00,d241a044-0a06-40c2-9d90-c91fd0a95060,40.99851020119874,21.243798033728062,pm25,2
2025-12-28T18:49:26+01:00,d241a044-0a06-40c2-9d90-c91fd0a95060,40.99851020119874,21.243798033728062,pressure,889
2025-12-28T18:49:26+01:00,d241a044-0a06-40c2-9d90-c91fd0a95060,40.99851020119874,21.243798033728062,temperature,3
2025-12-28T19:04:57+01:00,d241a044-0a06-40c2-9d90-c91fd0a95060,40.99851020119874,21.243798033728062,gasResistance,545502
2025-12-28T19:04:57+01:00,d241a044-0a06-40c2-9d90-c91fd0a95060,40.99851020119874,21.243798033728062,humidity,55
2025-12-28T19:04:57+01:00,d241a044-0a06-40c2-9d90-c91fd0a95060,40.99851020119874,21.243798033728062,pm10,4
2025-12-28T19:04:57+01:00,d241a044-0a06-40c2-9d90-c91fd0a95060,40.99851020119874,21.243798033728062,pm25,2
2025-12-28T19:04:57+01:00,d241a044-0a06-40c2-9d90-c91fd0a95060,40.99851020119874,21.243798033728062,pressure,889
2025-12-28T19:04:57+01:00,d241a044-0a06-40c2-9d90-c91fd0a95060,40.99851020119874,21.243798033728062,temperature,2
2025-12-28T19:20:29+01:00,d241a044-0a06-40c2-9d90-c91fd0a95060,40.99851020119874,21.243798033728062,gasResistance,552709
2025-12-28T19:20:29+01:00,d241a044-0a06-40c2-9d90-c91fd0a95060,40.99851020119874,21.243798033728062,humidity,55
2025-12-28T19:20:29+01:00,d241a044-0a06-40c2-9d90-c91fd0a95060,40.99851020119874,21.243798033728062,pm10,4
2025-12-28T19:20:29+01:00,d241a044-0a06-40c2-9d90-c91fd0a95060,40.99851020119874,21.243798033728062,pm25,2
2025-12-28T19:20:29+01:00,d241a044-0a06-40c2-9d90-c91fd0a95060,40.99851020119874,21.243798033728062,pressure,889
2025-12-28T19:20:29+01:00,d241a044-0a06-40c2-9d90-c91fd0a95060,40.99851020119874,21.243798033728062,temperature,2
2025-12-28T19:36:00+01:00,d241a044-0a06-40c2-9d90-c91fd0a95060,40.99851020119874,21.243798033728062,gasResistance,536323
2025-12-28T19:36:00+01:00,d241a044-0a06-40c2-9d90-c91fd0a95060,40.99851020119874,21.243798033728062,humidity,62
2025-12-28T19:36:00+01:00,d241a044-0a06-40c2-9d90-c91fd0a95060,40.99851020119874,21.243798033728062,pm10,3
2025-12-28T19:36:00+01:00,d241a044-0a06-40c2-9d90-c91fd0a95060,40.99851020119874,21.243798033728062,pm25,2
2025-12-28T19:36:00+01:00,d241a044-0a06-40c2-9d90-c91fd0a95060,40.99851020119874,21.243798033728062,pressure,889
2025-12-28T19:36:00+01:00,d241a044-0a06-40c2-9d90-c91fd0a95060,40.99851020119874,21.243798033728062,temperature,1
2025-12-28T19:51:32+01:00,d241a044-0a06-40c2-9d90-c91fd0a95060,40.99851020119874,21.243798033728062,gasResistance,512112
2025-12-28T19:51:32+01:00,d241a044-0a06-40c2-9d90-c91fd0a95060,40.99851020119874,21.243798033728062,humidity,63
2025-12-28T19:51:32+01:00,d241a044-0a06-40c2-9d90-c91fd0a95060,40.99851020119874,21.243798033728062,pm10,4
2025-12-28T19:51:32+01:00,d241a044-0a06-40c2-9d90-c91fd0a95060,40.99851020119874,21.243798033728062,pm25,2
2025-12-28T19:51:32+01:00,d241a044-0a06-40c2-9d90-c91fd0a95060,40.99851020119874,21.243798033728062,pressure,889
2025-12-28T19:51:32+01:00,d241a044-0a06-40c2-9d90-c91fd0a95060,40.99851020119874,21.243798033728062,temperature,0
2025-12-28T20:07:03+01:00,d241a044-0a06-40c2-9d90-c91fd0a95060,40.99851020119874,21.243798033728062,gasResistance,507069
2025-12-28T20:07:03+01:00,d241a044-0a06-40c2-9d90-c91fd0a95060,40.99851020119874,21.243798033728062,humidity,61
2025-12-28T20:07:03+01:00,d241a044-0a06-40c2-9d90-c91fd0a95060,40.99851020119874,21.243798033728062,pm10,6
2025-12-28T20:07:03+01:00,d241a044-0a06-40c2-9d90-c91fd0a95060,40.99851020119874,21.243798033728062,pm25,2
2025-12-28T20:07:03+01:00,d241a044-0a06-40c2-9d90-c91fd0a95060,40.99851020119874,21.243798033728062,pressure,889
2025-12-28T20:07:03+01:00,d241a044-0a06-40c2-9d90-c91fd0a95060,40.99851020119874,21.243798033728062,temperature,0
2025-12-28T20:22:35+01:00,d241a044-0a06-40c2-9d90-c91fd0a95060,40.99851020119874,21.243798033728062,gasResistance,505155
2025-12-28T20:22:35+01:00,d241a044-0a06-40c2-9d90-c91fd0a95060,40.99851020119874,21.243798033728062,humidity,61
2025-12-28T20:22:35+01:00,d241a044-0a06-40c2-9d90-c91fd0a95060,40.99851020119874,21.243798033728062,pm10,5
2025-12-28T20:22:35+01:00,d241a044-0a06-40c2-9d90-c91fd0a95060,40.99851020119874,21.243798033728062,pm25,2
2025-12-28T20:22:35+01:00,d241a044-0a06-40c2-9d90-c91fd0a95060,40.99851020119874,21.243798033728062,pressure,889
2025-12-28T20:22:35+01:00,d241a044-0a06-40c2-9d90-c91fd0a95060,40.99851020119874,21.243798033728062,temperature,0
2025-12-28T20:38:07+01:00,d241a044-0a06-40c2-9d90-c91fd0a95060,40.99851020119874,21.243798033728062,gasResistance,493971
2025-12-28T20:38:07+01:00,d241a044-0a06-40c2-9d90-c91fd0a95060,40.99851020119874,21.243798033728062,humidity,62
2025-12-28T20:38:07+01:00,d241a044-0a06-40c2-9d90-c91fd0a95060,40.99851020119874,21.243798033728062,pm10,3
2025-12-28T20:38:07+01:00,d241a044-0a06-40c2-9d90-c91fd0a95060,40.99851020119874,21.243798033728062,pm25,2
2025-12-28T20:38:07+01:00,d241a044-0a06-40c2-9d90-c91fd0a95060,40.99851020119874,21.243798033728062,pressure,889
2025-12-28T20:38:07+01:00,d241a044-0a06-40c2-9d90-c91fd0a95060,40.99851020119874,21.243798033728062,temperature,0
2025-12-28T20:53:38+01:00,d241a044-0a06-40c2-9d90-c91fd0a95060,40.99851020119874,21.243798033728062,gasResistance,481533
2025-12-28T20:53:38+01:00,d241a044-0a06-40c2-9d90-c91fd0a95060,40.99851020119874,21.243798033728062,humidity,65
2025-12-28T20:53:38+01:00,d241a044-0a06-40c2-9d90-c91fd0a95060,40.99851020119874,21.243798033728062,pm10,3
2025-12-28T20:53:38+01:00,d241a044-0a06-40c2-9d90-c91fd0a95060,40.99851020119874,21.243798033728062,pm25,2
2025-12-28T20:53:38+01:00,d241a044-0a06-40c2-9d90-c91fd0a95060,40.99851020119874,21.243798033728062,pressure,889
2025-12-28T20:53:38+01:00,d241a044-0a06-40c2-9d90-c91fd0a95060,40.99851020119874,21.243798033728062,temperature,0
2025-12-28T21:09:10+01:00,d241a044-0a06-40c2-9d90-c91fd0a95060,40.99851020119874,21.243798033728062,gasResistance,472691
2025-12-28T21:09:10+01:00,d241a044-0a06-40c2-9d90-c91fd0a95060,40.99851020119874,21.243798033728062,humidity,67
2025-12-28T21:09:10+01:00,d241a044-0a06-40c2-9d90-c91fd0a95060,40.99851020119874,21.243798033728062,pm10,4
2025-12-28T21:09:10+01:00,d241a044-0a06-40c2-9d90-c91fd0a95060,40.99851020119874,21.243798033728062,pm25,2
2025-12-28T21:09:10+01:00,d241a044-0a06-40c2-9d90-c91fd0a95060,40.99851020119874,21.243798033728062,pressure,890
2025-12-28T21:09:10+01:00,d241a044-0a06-40c2-9d90-c91fd0a95060,40.99851020119874,21.243798033728062,temperature,-1
2025-12-28T21:24:41+01:00,d241a044-0a06-40c2-9d90-c91fd0a95060,40.99851020119874,21.243798033728062,gasResistance,467084
2025-12-28T21:24:41+01:00,d241a044-0a06-40c2-9d90-c91fd0a95060,40.99851020119874,21.243798033728062,humidity,68
2025-12-28T21:24:41+01:00,d241a044-0a06-40c2-9d90-c91fd0a95060,40.99851020119874,21.243798033728062,pm10,3
2025-12-28T21:24:41+01:00,d241a044-0a06-40c2-9d90-c91fd0a95060,40.99851020119874,21.243798033728062,pm25,2
2025-12-28T21:24:41+01:00,d241a044-0a06-40c2-9d90-c91fd0a95060,40.99851020119874,21.243798033728062,pressure,890
2025-12-28T21:24:41+01:00,d241a044-0a06-40c2-9d90-c91fd0a95060,40.99851020119874,21.243798033728062,temperature,-1
2025-12-28T21:40:13+01:00,d241a044-0a06-40c2-9d90-c91fd0a95060,40.99851020119874,21.243798033728062,gasResistance,467410
2025-12-28T21:40:13+01:00,d241a044-0a06-40c2-9d90-c91fd0a95060,40.99851020119874,21.243798033728062,humidity,68
2025-12-28T21:40:13+01:00,d241a044-0a06-40c2-9d90-c91fd0a95060,40.99851020119874,21.243798033728062,pm10,6
2025-12-28T21:40:13+01:00,d241a044-0a06-40c2-9d90-c91fd0a95060,40.99851020119874,21.243798033728062,pm25,3
2025-12-28T21:40:13+01:00,d241a044-0a06-40c2-9d90-c91fd0a95060,40.99851020119874,21.243798033728062,pressure,890
2025-12-28T21:40:13+01:00,d241a044-0a06-40c2-9d90-c91fd0a95060,40.99851020119874,21.243798033728062,temperature,-2
2025-12-28T21:55:45+01:00,d241a044-0a06-40c2-9d90-c91fd0a95060,40.99851020119874,21.243798033728062,gasResistance,464490
2025-12-28T21:55:45+01:00,d241a044-0a06-40c2-9d90-c91fd0a95060,40.99851020119874,21.243798033728062,humidity,66
2025-12-28T21:55:45+01:00,d241a044-0a06-40c2-9d90-c91fd0a95060,40.99851020119874,21.243798033728062,pm10,4
2025-12-28T21:55:45+01:00,d241a044-0a06-40c2-9d90-c91fd0a95060,40.99851020119874,21.243798033728062,pm25,2
2025-12-28T21:55:45+01:00,d241a044-0a06-40c2-9d90-c91fd0a95060,40.99851020119874,21.243798033728062,pressure,890
2025-12-28T21:55:45+01:00,d241a044-0a06-40c2-9d90-c91fd0a95060,40.99851020119874,21.243798033728062,temperature,-2
2025-12-28T22:11:18+01:00,d241a044-0a06-40c2-9d90-c91fd0a95060,40.99851020119874,21.243798033728062,gasResistance,462245
2025-12-28T22:11:18+01:00,d241a044-0a06-40c2-9d90-c91fd0a95060,40.99851020119874,21.243798033728062,humidity,67
2025-12-28T22:11:18+01:00,d241a044-0a06-40c2-9d90-c91fd0a95060,40.99851020119874,21.243798033728062,pm10,4
2025-12-28T22:11:18+01:00,d241a044-0a06-40c2-9d90-c91fd0a95060,40.99851020119874,21.243798033728062,pm25,2
2025-12-28T22:11:18+01:00,d241a044-0a06-40c2-9d90-c91fd0a95060,40.99851020119874,21.243798033728062,pressure,890
2025-12-28T22:11:18+01:00,d241a044-0a06-40c2-9d90-c91fd0a95060,40.99851020119874,21.243798033728062,temperature,-2
2025-12-28T22:26:51+01:00,d241a044-0a06-40c2-9d90-c91fd0a95060,40.99851020119874,21.243798033728062,gasResistance,457193
2025-12-28T22:26:51+01:00,d241a044-0a06-40c2-9d90-c91fd0a95060,40.99851020119874,21.243798033728062,humidity,69
2025-12-28T22:26:51+01:00,d241a044-0a06-40c2-9d90-c91fd0a95060,40.99851020119874,21.243798033728062,pm10,2
2025-12-28T22:26:51+01:00,d241a044-0a06-40c2-9d90-c91fd0a95060,40.99851020119874,21.243798033728062,pm25,2
2025-12-28T22:26:51+01:00,d241a044-0a06-40c2-9d90-c91fd0a95060,40.99851020119874,21.243798033728062,pressure,890
2025-12-28T22:26:51+01:00,d241a044-0a06-40c2-9d90-c91fd0a95060,40.99851020119874,21.243798033728062,temperature,-2
2025-12-28T22:42:23+01:00,d241a044-0a06-40c2-9d90-c91fd0a95060,40.99851020119874,21.243798033728062,gasResistance,461289
2025-12-28T22:42:23+01:00,d241a044-0a06-40c2-9d90-c91fd0a95060,40.99851020119874,21.243798033728062,humidity,69
2025-12-28T22:42:23+01:00,d241a044-0a06-40c2-9d90-c91fd0a95060,40.99851020119874,21.243798033728062,pm10,4
2025-12-28T22:42:23+01:00,d241a044-0a06-40c2-9d90-c91fd0a95060,40.99851020119874,21.243798033728062,pm25,2
2025-12-28T22:42:23+01:00,d241a044-0a06-40c2-9d90-c91fd0a95060,40.99851020119874,21.243798033728062,pressure,890
2025-12-28T22:42:23+01:00,d241a044-0a06-40c2-9d90-c91fd0a95060,40.99851020119874,21.243798033728062,temperature,-3
2025-12-28T22:57:55+01:00,d241a044-0a06-40c2-9d90-c91fd0a95060,40.99851020119874,21.243798033728062,gasResistance,461289
2025-12-28T22:57:55+01:00,d241a044-0a06-40c2-9d90-c91fd0a95060,40.99851020119874,21.243798033728062,humidity,70
2025-12-28T22:57:55+01:00,d241a044-0a06-40c2-9d90-c91fd0a95060,40.99851020119874,21.243798033728062,pm10,5
2025-12-28T22:57:55+01:00,d241a044-0a06-40c2-9d90-c91fd0a95060,40.99851020119874,21.243798033728062,pm25,2
2025-12-28T22:57:55+01:00,d241a044-0a06-40c2-9d90-c91fd0a95060,40.99851020119874,21.243798033728062,pressure,890
2025-12-28T22:57:55+01:00,d241a044-0a06-40c2-9d90-c91fd0a95060,40.99851020119874,21.243798033728062,temperature,-3
2025-12-28T23:13:26+01:00,d241a044-0a06-40c2-9d90-c91fd0a95060,40.99851020119874,21.243798033728062,gasResistance,455327
2025-12-28T23:13:26+01:00,d241a044-0a06-40c2-9d90-c91fd0a95060,40.99851020119874,21.243798033728062,humidity,69
2025-12-28T23:13:26+01:00,d241a044-0a06-40c2-9d90-c91fd0a95060,40.99851020119874,21.243798033728062,pm10,4
2025-12-28T23:13:26+01:00,d241a044-0a06-40c2-9d90-c91fd0a95060,40.99851020119874,21.243798033728062,pm25,2
2025-12-28T23:13:26+01:00,d241a044-0a06-40c2-9d90-c91fd0a95060,40.99851020119874,21.243798033728062,pressure,890
2025-12-28T23:13:26+01:00,d241a044-0a06-40c2-9d90-c91fd0a95060,40.99851020119874,21.243798033728062,temperature,-3
2025-12-28T23:28:58+01:00,d241a044-0a06-40c2-9d90-c91fd0a95060,40.99851020119874,21.243798033728062,gasResistance,455637
2025-12-28T23:28:58+01:00,d241a044-0a06-40c2-9d90-c91fd0a95060,40.99851020119874,21.243798033728062,humidity,69
2025-12-28T23:28:58+01:00,d241a044-0a06-40c2-9d90-c91fd0a95060,40.99851020119874,21.243798033728062,pm10,4
2025-12-28T23:28:58+01:00,d241a044-0a06-40c2-9d90-c91fd0a95060,40.99851020119874,21.243798033728062,pm25,2
2025-12-28T23:28:58+01:00,d241a044-0a06-40c2-9d90-c91fd0a95060,40.99851020119874,21.243798033728062,pressure,890
2025-12-28T23:28:58+01:00,d241a044-0a06-40c2-9d90-c91fd0a95060,40.99851020119874,21.243798033728062,temperature,-3
2025-12-28T23:44:29+01:00,d241a044-0a06-40c2-9d90-c91fd0a95060,40.99851020119874,21.243798033728062,gasResistance,455947
2025-12-28T23:44:29+01:00,d241a044-0a06-40c2-9d90-c91fd0a95060,40.99851020119874,21.243798033728062,humidity,68
2025-12-28T23:44:29+01:00,d241a044-0a06-40c2-9d90-c91fd0a95060,40.99851020119874,21.243798033728062,pm10,5
2025-12-28T23:44:29+01:00,d241a044-0a06-40c2-9d90-c91fd0a95060,40.99851020119874,21.243798033728062,pm25,2
2025-12-28T23:44:29+01:00,d241a044-0a06-40c2-9d90-c91fd0a95060,40.99851020119874,21.243798033728062,pressure,890
2025-12-28T23:44:29+01:00,d241a044-0a06-40c2-9d90-c91fd0a95060,40.99851020119874,21.243798033728062,temperature,-3
2025-12-29T00:00:01+01:00,d241a044-0a06-40c2-9d90-c91fd0a95060,40.99851020119874,21.243798033728062,gasResistance,453476
2025-12-29T00:00:01+01:00,d241a044-0a06-40c2-9d90-c91fd0a95060,40.99851020119874,21.243798033728062,humidity,70
2025-12-29T00:00:01+01:00,d241a044-0a06-40c2-9d90-c91fd0a95060,40.99851020119874,21.243798033728062,pm10,3
2025-12-29T00:00:01+01:00,d241a044-0a06-40c2-9d90-c91fd0a95060,40.99851020119874,21.243798033728062,pm25,1
2025-12-29T00:00:01+01:00,d241a044-0a06-40c2-9d90-c91fd0a95060,40.99851020119874,21.243798033728062,pressure,890
2025-12-29T00:00:01+01:00,d241a044-0a06-40c2-9d90-c91fd0a95060,40.99851020119874,21.243798033728062,temperature,-3
2025-12-29T00:15:33+01:00,d241a044-0a06-40c2-9d90-c91fd0a95060,40.99851020119874,21.243798033728062,gasResistance,460972
2025-12-29T00:15:33+01:00,d241a044-0a06-40c2-9d90-c91fd0a95060,40.99851020119874,21.243798033728062,humidity,69
2025-12-29T00:15:33+01:00,d241a044-0a06-40c2-9d90-c91fd0a95060,40.99851020119874,21.243798033728062,pm10,4
2025-12-29T00:15:33+01:00,d241a044-0a06-40c2-9d90-c91fd0a95060,40.99851020119874,21.243798033728062,pm25,2
2025-12-29T00:15:33+01:00,d241a044-0a06-40c2-9d90-c91fd0a95060,40.99851020119874,21.243798033728062,pressure,890
2025-12-29T00:15:33+01:00,d241a044-0a06-40c2-9d90-c91fd0a95060,40.99851020119874,21.243798033728062,temperature,-3
2025-12-29T00:31:05+01:00,d241a044-0a06-40c2-9d90-c91fd0a95060,40.99851020119874,21.243798033728062,gasResistance,472358
2025-12-29T00:31:05+01:00,d241a044-0a06-40c2-9d90-c91fd0a95060,40.99851020119874,21.243798033728062,humidity,67
2025-12-29T00:31:05+01:00,d241a044-0a06-40c2-9d90-c91fd0a95060,40.99851020119874,21.243798033728062,pm10,5
2025-12-29T00:31:05+01:00,d241a044-0a06-40c2-9d90-c91fd0a95060,40.99851020119874,21.243798033728062,pm25,2
2025-12-29T00:31:05+01:00,d241a044-0a06-40c2-9d90-c91fd0a95060,40.99851020119874,21.243798033728062,pressure,890
2025-12-29T00:31:05+01:00,d241a044-0a06-40c2-9d90-c91fd0a95060,40.99851020119874,21.243798033728062,temperature,-3
2025-12-29T00:46:36+01:00,d241a044-0a06-40c2-9d90-c91fd0a95060,40.99851020119874,21.243798033728062,gasResistance,468391
2025-12-29T00:46:36+01:00,d241a044-0a06-40c2-9d90-c91fd0a95060,40.99851020119874,21.243798033728062,humidity,67
2025-12-29T00:46:36+01:00,d241a044-0a06-40c2-9d90-c91fd0a95060,40.99851020119874,21.243798033728062,pm10,4
2025-12-29T00:46:36+01:00,d241a044-0a06-40c2-9d90-c91fd0a95060,40.99851020119874,21.243798033728062,pm25,2
2025-12-29T00:46:36+01:00,d241a044-0a06-40c2-9d90-c91fd0a95060,40.99851020119874,21.243798033728062,pressure,890
2025-12-29T00:46:36+01:00,d241a044-0a06-40c2-9d90-c91fd0a95060,40.99851020119874,21.243798033728062,temperature,-3
