timestamp,sensorId,lat,lon,type,value
2025-12-08T01:09:11+01:00,fec52a19-9148-4350-a1b4-ae0da05ee199,41.02464876476277,21.320767039678557,gasResistance,92470
2025-12-08T01:09:11+01:00,fec52a19-9148-4350-a1b4-ae0da05ee199,41.02464876476277,21.320767039678557,humidity,63
2025-12-08T01:09:11+01:00,fec52a19-9148-4350-a1b4-ae0da05ee199,41.02464876476277,21.320767039678557,noise,58
2025-12-08T01:09:11+01:00,fec52a19-9148-4350-a1b4-ae0da05ee199,41.02464876476277,21.320767039678557,noise_dba,51
2025-12-08T01:09:11+01:00,fec52a19-9148-4350-a1b4-ae0da05ee199,41.02464876476277,21.320767039678557,pm10,5
2025-12-08T01:09:11+01:00,fec52a19-9148-4350-a1b4-ae0da05ee199,41.02464876476277,21.320767039678557,pm25,3
2025-12-08T01:09:11+01:00,fec52a19-9148-4350-a1b4-ae0da05ee199,41.02464876476277,21.320767039678557,pressure,942
2025-12-08T01:09:11+01:00,fec52a19-9148-4350-a1b4-ae0da05ee199,41.02464876476277,21.320767039678557,temperature,12
2025-12-08T01:24:43+01:00,fec52a19-9148-4350-a1b4-ae0da05ee199,41.02464876476277,21.320767039678557,gasResistance,99746
2025-12-08T01:24:43+01:00,fec52a19-9148-4350-a1b4-ae0da05ee199,41.02464876476277,21.320767039678557,humidity,63
2025-12-08T01:24:43+01:00,fec52a19-9148-4350-a1b4-ae0da05ee199,41.02464876476277,21.320767039678557,noise,45
2025-12-08T01:24:43+01:00,fec52a19-9148-4350-a1b4-ae0da05ee199,41.02464876476277,21.320767039678557,noise_dba,47
2025-12-08T01:24:43+01:00,fec52a19-9148-4350-a1b4-ae0da05ee199,41.02464876476277,21.320767039678557,pm10,1
2025-12-08T01:24:43+01:00,fec52a19-9148-4350-a1b4-ae0da05ee199,41.02464876476277,21.320767039678557,pm25,1
2025-12-08T01:24:43+01:00,fec52a19-9148-4350-a1b4-ae0da05ee199,41.02464876476277,21.320767039678557,pressure,942
2025-12-08T01:24:43+01:00,fec52a19-9148-4350-a1b4-ae0da05ee199,41.02464876476277,21.320767039678557,temperature,12
2025-12-08T01:40:14+01:00,fec52a19-9148-4350-a1b4-ae0da05ee199,41.02464876476277,21.320767039678557,gasResistance,99686
2025-12-08T01:40:14+01:00,fec52a19-9148-4350-a1b4-ae0da05ee199,41.02464876476277,21.320767039678557,humidity,63
2025-12-08T01:40:14+01:00,fec52a19-9148-4350-a1b4-ae0da05ee199,41.02464876476277,21.320767039678557,noise,46
2025-12-08T01:40:14+01:00,fec52a19-9148-4350-a1b4-ae0da05ee199,41.02464876476277,21.320767039678557,noise_dba,47
2025-12-08T01:40:14+01:00,fec52a19-9148-4350-a1b4-ae0da05ee199,41.02464876476277,21.320767039678557,pm10,3
2025-12-08T01:40:14+01:00,fec52a19-9148-4350-a1b4-ae0da05ee199,41.02464876476277,21.320767039678557,pm25,2
2025-12-08T01:40:14+01:00,fec52a19-9148-4350-a1b4-ae0da05ee199,41.02464876476277,21.320767039678557,pressure,942
2025-12-08T01:40:14+01:00,fec52a19-9148-4350-a1b4-ae0da05ee199,41.02464876476277,21.320767039678557,temperature,11
2025-12-08T01:55:46+01:00,fec52a19-9148-4350-a1b4-ae0da05ee199,41.02464876476277,21.320767039678557,gasResistance,101321
2025-12-08T01:55:46+01:00,fec52a19-9148-4350-a1b4-ae0da05ee199,41.02464876476277,21.320767039678557,humidity,61
2025-12-08T01:55:46+01:00,fec52a19-9148-4350-a1b4-ae0da05ee199,41.02464876476277,21.320767039678557,noise,45
2025-12-08T01:55:46+01:00,fec52a19-9148-4350-a1b4-ae0da05ee199,41.02464876476277,21.320767039678557,noise_dba,47
2025-12-08T01:55:46+01:00,fec52a19-9148-4350-a1b4-ae0da05ee199,41.02464876476277,21.320767039678557,pm10,4
2025-12-08T01:55:46+01:00,fec52a19-9148-4350-a1b4-ae0da05ee199,41.02464876476277,21.320767039678557,pm25,2
2025-12-08T01:55:46+01:00,fec52a19-9148-4350-a1b4-ae0da05ee199,41.02464876476277,21.320767039678557,pressure,942
2025-12-08T01:55:46+01:00,fec52a19-9148-4350-a1b4-ae0da05ee199,41.02464876476277,21.320767039678557,temperature,12
2025-12-08T02:11:18+01:00,fec52a19-9148-4350-a1b4-ae0da05ee199,41.02464876476277,21.320767039678557,gasResistance,98277
2025-12-08T02:11:18+01:00,fec52a19-9148-4350-a1b4-ae0da05ee199,41.02464876476277,21.320767039678557,humidity,62
2025-12-08T02:11:18+01:00,fec52a19-9148-4350-a1b4-ae0da05ee199,41.02464876476277,21.320767039678557,noise,37
2025-12-08T02:11:18+01:00,fec52a19-9148-4350-a1b4-ae0da05ee199,41.02464876476277,21.320767039678557,noise_dba,43
2025-12-08T02:11:18+01:00,fec52a19-9148-4350-a1b4-ae0da05ee199,41.02464876476277,21.320767039678557,pm10,3
2025-12-08T02:11:18+01:00,fec52a19-9148-4350-a1b4-ae0da05ee199,41.02464876476277,21.320767039678557,pm25,2
2025-12-08T02:11:18+01:00,fec52a19-9148-4350-a1b4-ae0da05ee199,41.02464876476277,21.320767039678557,pressure,942
2025-12-08T02:11:18+01:00,fec52a19-9148-4350-a1b4-ae0da05ee199,41.02464876476277,21.320767039678557,temperature,12
2025-12-08T02:26:49+01:00,fec52a19-9148-4350-a1b4-ae0da05ee199,41.02464876476277,21.320767039678557,gasResistance,101136
2025-12-08T02:26:49+01:00,fec52a19-9148-4350-a1b4-ae0da05ee199,41.02464876476277,21.320767039678557,humidity,63
2025-12-08T02:26:49+01:00,fec52a19-9148-4350-a1b4-ae0da05ee199,41.02464876476277,21.320767039678557,noise,33
2025-12-08T02:26:49+01:00,fec52a19-9148-4350-a1b4-ae0da05ee199,41.02464876476277,21.320767039678557,noise_dba,42
2025-12-08T02:26:49+01:00,fec52a19-9148-4350-a1b4-ae0da05ee199,41.02464876476277,21.320767039678557,pm10,4
2025-12-08T02:26:49+01:00,fec52a19-9148-4350-a1b4-ae0da05ee199,41.02464876476277,21.320767039678557,pm25,1
2025-12-08T02:26:49+01:00,fec52a19-9148-4350-a1b4-ae0da05ee199,41.02464876476277,21.320767039678557,pressure,942
2025-12-08T02:26:49+01:00,fec52a19-9148-4350-a1b4-ae0da05ee199,41.02464876476277,21.320767039678557,temperature,12
2025-12-08T02:42:20+01:00,fec52a19-9148-4350-a1b4-ae0da05ee199,41.02464876476277,21.320767039678557,gasResistance,97531
2025-12-08T02:42:20+01:00,fec52a19-9148-4350-a1b4-ae0da05ee199,41.02464876476277,21.320767039678557,humidity,63
2025-12-08T02:42:20+01:00,fec52a19-9148-4350-a1b4-ae0da05ee199,41.02464876476277,21.320767039678557,noise,35
2025-12-08T02:42:20+01:00,fec52a19-9148-4350-a1b4-ae0da05ee199,41.02464876476277,21.320767039678557,noise_dba,43
2025-12-08T02:42:20+01:00,fec52a19-9148-4350-a1b4-ae0da05ee199,41.02464876476277,21.320767039678557,pm10,5
2025-12-08T02:42:20+01:00,fec52a19-9148-4350-a1b4-ae0da05ee199,41.02464876476277,21.320767039678557,pm25,1
2025-12-08T02:42:20+01:00,fec52a19-9148-4350-a1b4-ae0da05ee199,41.02464876476277,21.320767039678557,pressure,943
2025-12-08T02:42:20+01:00,fec52a19-9148-4350-a1b4-ae0da05ee199,41.02464876476277,21.320767039678557,temperature,12
2025-12-08T02:57:52+01:00,fec52a19-9148-4350-a1b4-ae0da05ee199,41.02464876476277,21.320767039678557,gasResistance,99686
2025-12-08T02:57:52+01:00,fec52a19-9148-4350-a1b4-ae0da05ee199,41.02464876476277,21.320767039678557,humidity,64
2025-12-08T02:57:52+01:00,fec52a19-9148-4350-a1b4-ae0da05ee199,41.02464876476277,21.320767039678557,noise,32
2025-12-08T02:57:52+01:00,fec52a19-9148-4350-a1b4-ae0da05ee199,41.02464876476277,21.320767039678557,noise_dba,41
2025-12-08T02:57:52+01:00,fec52a19-9148-4350-a1b4-ae0da05ee199,41.02464876476277,21.320767039678557,pm10,2
2025-12-08T02:57:52+01:00,fec52a19-9148-4350-a1b4-ae0da05ee199,41.02464876476277,21.320767039678557,pm25,2
2025-12-08T02:57:52+01:00,fec52a19-9148-4350-a1b4-ae0da05ee199,41.02464876476277,21.320767039678557,pressure,943
2025-12-08T02:57:52+01:00,fec52a19-9148-4350-a1b4-ae0da05ee199,41.02464876476277,21.320767039678557,temperature,11
2025-12-08T03:13:23+01:00,fec52a19-9148-4350-a1b4-ae0da05ee199,41.02464876476277,21.320767039678557,gasResistance,109426
2025-12-08T03:13:23+01:00,fec52a19-9148-4350-a1b4-ae0da05ee199,41.02464876476277,21.320767039678557,humidity,62
2025-12-08T03:13:23+01:00,fec52a19-9148-4350-a1b4-ae0da05ee199,41.02464876476277,21.320767039678557,noise,33
2025-12-08T03:13:23+01:00,fec52a19-9148-4350-a1b4-ae0da05ee199,41.02464876476277,21.320767039678557,noise_dba,42
2025-12-08T03:13:23+01:00,fec52a19-9148-4350-a1b4-ae0da05ee199,41.02464876476277,21.320767039678557,pm10,3
2025-12-08T03:13:23+01:00,fec52a19-9148-4350-a1b4-ae0da05ee199,41.02464876476277,21.320767039678557,pm25,1
2025-12-08T03:13:23+01:00,fec52a19-9148-4350-a1b4-ae0da05ee199,41.02464876476277,21.320767039678557,pressure,943
2025-12-08T03:13:23+01:00,fec52a19-9148-4350-a1b4-ae0da05ee199,41.02464876476277,21.320767039678557,temperature,11
2025-12-08T03:28:55+01:00,fec52a19-9148-4350-a1b4-ae0da05ee199,41.02464876476277,21.320767039678557,gasResistance,118100
2025-12-08T03:28:55+01:00,fec52a19-9148-4350-a1b4-ae0da05ee199,41.02464876476277,21.320767039678557,humidity,62
2025-12-08T03:28:55+01:00,fec52a19-9148-4350-a1b4-ae0da05ee199,41.02464876476277,21.320767039678557,noise,27
2025-12-08T03:28:55+01:00,fec52a19-9148-4350-a1b4-ae0da05ee199,41.02464876476277,21.320767039678557,noise_dba,38
2025-12-08T03:28:55+01:00,fec52a19-9148-4350-a1b4-ae0da05ee199,41.02464876476277,21.320767039678557,pm10,3
2025-12-08T03:28:55+01:00,fec52a19-9148-4350-a1b4-ae0da05ee199,41.02464876476277,21.320767039678557,pm25,1
2025-12-08T03:28:55+01:00,fec52a19-9148-4350-a1b4-ae0da05ee199,41.02464876476277,21.320767039678557,pressure,943
2025-12-08T03:28:55+01:00,fec52a19-9148-4350-a1b4-ae0da05ee199,41.02464876476277,21.320767039678557,temperature,11
2025-12-08T03:44:26+01:00,fec52a19-9148-4350-a1b4-ae0da05ee199,41.02464876476277,21.320767039678557,gasResistance,120662
2025-12-08T03:44:26+01:00,fec52a19-9148-4350-a1b4-ae0da05ee199,41.02464876476277,21.320767039678557,humidity,62
2025-12-08T03:44:26+01:00,fec52a19-9148-4350-a1b4-ae0da05ee199,41.02464876476277,21.320767039678557,noise,22
2025-12-08T03:44:26+01:00,fec52a19-9148-4350-a1b4-ae0da05ee199,41.02464876476277,21.320767039678557,noise_dba,35
2025-12-08T03:44:26+01:00,fec52a19-9148-4350-a1b4-ae0da05ee199,41.02464876476277,21.320767039678557,pm10,6
2025-12-08T03:44:26+01:00,fec52a19-9148-4350-a1b4-ae0da05ee199,41.02464876476277,21.320767039678557,pm25,2
2025-12-08T03:44:26+01:00,fec52a19-9148-4350-a1b4-ae0da05ee199,41.02464876476277,21.320767039678557,pressure,943
2025-12-08T03:44:26+01:00,fec52a19-9148-4350-a1b4-ae0da05ee199,41.02464876476277,21.320767039678557,temperature,11
2025-12-08T03:59:57+01:00,fec52a19-9148-4350-a1b4-ae0da05ee199,41.02464876476277,21.320767039678557,gasResistance,130066
2025-12-08T03:59:57+01:00,fec52a19-9148-4350-a1b4-ae0da05ee199,41.02464876476277,21.320767039678557,humidity,62
2025-12-08T03:59:57+01:00,fec52a19-9148-4350-a1b4-ae0da05ee199,41.02464876476277,21.320767039678557,noise,29
2025-12-08T03:59:57+01:00,fec52a19-9148-4350-a1b4-ae0da05ee199,41.02464876476277,21.320767039678557,noise_dba,40
2025-12-08T03:59:57+01:00,fec52a19-9148-4350-a1b4-ae0da05ee199,41.02464876476277,21.320767039678557,pm10,3
2025-12-08T03:59:57+01:00,fec52a19-9148-4350-a1b4-ae0da05ee199,41.02464876476277,21.320767039678557,pm25,1
2025-12-08T03:59:57+01:00,fec52a19-9148-4350-a1b4-ae0da05ee199,41.02464876476277,21.320767039678557,pressure,943
2025-12-08T03:59:57+01:00,fec52a19-9148-4350-a1b4-ae0da05ee199,41.02464876476277,21.320767039678557,temperature,11
2025-12-08T04:15:29+01:00,fec52a19-9148-4350-a1b4-ae0da05ee199,41.02464876476277,21.320767039678557,gasResistance,131191
2025-12-08T04:15:29+01:00,fec52a19-9148-4350-a1b4-ae0da05ee199,41.02464876476277,21.320767039678557,humidity,61
2025-12-08T04:15:29+01:00,fec52a19-9148-4350-a1b4-ae0da05ee199,41.02464876476277,21.320767039678557,noise,22
2025-12-08T04:15:29+01:00,fec52a19-9148-4350-a1b4-ae0da05ee199,41.02464876476277,21.320767039678557,noise_dba,35
2025-12-08T04:15:29+01:00,fec52a19-9148-4350-a1b4-ae0da05ee199,41.02464876476277,21.320767039678557,pm10,1
2025-12-08T04:15:29+01:00,fec52a19-9148-4350-a1b4-ae0da05ee199,41.02464876476277,21.320767039678557,pm25,1
2025-12-08T04:15:29+01:00,fec52a19-9148-4350-a1b4-ae0da05ee199,41.02464876476277,21.320767039678557,pressure,943
2025-12-08T04:15:29+01:00,fec52a19-9148-4350-a1b4-ae0da05ee199,41.02464876476277,21.320767039678557,temperature,11
2025-12-08T04:30:50+01:00,fec52a19-9148-4350-a1b4-ae0da05ee199,41.02464876476277,21.320767039678557,gasResistance,131813
2025-12-08T04:30:50+01:00,fec52a19-9148-4350-a1b4-ae0da05ee199,41.02464876476277,21.320767039678557,humidity,61
2025-12-08T04:30:50+01:00,fec52a19-9148-4350-a1b4-ae0da05ee199,41.02464876476277,21.320767039678557,noise,22
2025-12-08T04:30:50+01:00,fec52a19-9148-4350-a1b4-ae0da05ee199,41.02464876476277,21.320767039678557,noise_dba,35
2025-12-08T04:30:50+01:00,fec52a19-9148-4350-a1b4-ae0da05ee199,41.02464876476277,21.320767039678557,pressure,943
2025-12-08T04:30:50+01:00,fec52a19-9148-4350-a1b4-ae0da05ee199,41.02464876476277,21.320767039678557,temperature,11
2025-12-08T04:46:22+01:00,fec52a19-9148-4350-a1b4-ae0da05ee199,41.02464876476277,21.320767039678557,gasResistance,125943
2025-12-08T04:46:22+01:00,fec52a19-9148-4350-a1b4-ae0da05ee199,41.02464876476277,21.320767039678557,humidity,62
2025-12-08T04:46:22+01:00,fec52a19-9148-4350-a1b4-ae0da05ee199,41.02464876476277,21.320767039678557,noise,21
2025-12-08T04:46:22+01:00,fec52a19-9148-4350-a1b4-ae0da05ee199,41.02464876476277,21.320767039678557,noise_dba,34
2025-12-08T04:46:22+01:00,fec52a19-9148-4350-a1b4-ae0da05ee199,41.02464876476277,21.320767039678557,pm10,5
2025-12-08T04:46:22+01:00,fec52a19-9148-4350-a1b4-ae0da05ee199,41.02464876476277,21.320767039678557,pm25,1
2025-12-08T04:46:22+01:00,fec52a19-9148-4350-a1b4-ae0da05ee199,41.02464876476277,21.320767039678557,pressure,943
2025-12-08T04:46:22+01:00,fec52a19-9148-4350-a1b4-ae0da05ee199,41.02464876476277,21.320767039678557,temperature,11
2025-12-08T05:01:53+01:00,fec52a19-9148-4350-a1b4-ae0da05ee199,41.02464876476277,21.320767039678557,gasResistance,124255
2025-12-08T05:01:53+01:00,fec52a19-9148-4350-a1b4-ae0da05ee199,41.02464876476277,21.320767039678557,humidity,62
2025-12-08T05:01:53+01:00,fec52a19-9148-4350-a1b4-ae0da05ee199,41.02464876476277,21.320767039678557,noise,28
2025-12-08T05:01:53+01:00,fec52a19-9148-4350-a1b4-ae0da05ee199,41.02464876476277,21.320767039678557,noise_dba,39
2025-12-08T05:01:53+01:00,fec52a19-9148-4350-a1b4-ae0da05ee199,41.02464876476277,21.320767039678557,pm10,3
2025-12-08T05:01:53+01:00,fec52a19-9148-4350-a1b4-ae0da05ee199,41.02464876476277,21.320767039678557,pm25,1
2025-12-08T05:01:53+01:00,fec52a19-9148-4350-a1b4-ae0da05ee199,41.02464876476277,21.320767039678557,pressure,943
2025-12-08T05:01:53+01:00,fec52a19-9148-4350-a1b4-ae0da05ee199,41.02464876476277,21.320767039678557,temperature,11
2025-12-08T05:17:25+01:00,fec52a19-9148-4350-a1b4-ae0da05ee199,41.02464876476277,21.320767039678557,gasResistance,117270
2025-12-08T05:17:25+01:00,fec52a19-9148-4350-a1b4-ae0da05ee199,41.02464876476277,21.320767039678557,humidity,62
2025-12-08T05:17:25+01:00,fec52a19-9148-4350-a1b4-ae0da05ee199,41.02464876476277,21.320767039678557,noise,31
2025-12-08T05:17:25+01:00,fec52a19-9148-4350-a1b4-ae0da05ee199,41.02464876476277,21.320767039678557,noise_dba,41
2025-12-08T05:17:25+01:00,fec52a19-9148-4350-a1b4-ae0da05ee199,41.02464876476277,21.320767039678557,pm10,2
2025-12-08T05:17:25+01:00,fec52a19-9148-4350-a1b4-ae0da05ee199,41.02464876476277,21.320767039678557,pm25,2
2025-12-08T05:17:25+01:00,fec52a19-9148-4350-a1b4-ae0da05ee199,41.02464876476277,21.320767039678557,pressure,943
2025-12-08T05:17:25+01:00,fec52a19-9148-4350-a1b4-ae0da05ee199,41.02464876476277,21.320767039678557,temperature,11
2025-12-08T05:32:56+01:00,fec52a19-9148-4350-a1b4-ae0da05ee199,41.02464876476277,21.320767039678557,gasResistance,119538
2025-12-08T05:32:56+01:00,fec52a19-9148-4350-a1b4-ae0da05ee199,41.02464876476277,21.320767039678557,humidity,62
2025-12-08T05:32:56+01:00,fec52a19-9148-4350-a1b4-ae0da05ee199,41.02464876476277,21.320767039678557,noise,30
2025-12-08T05:32:56+01:00,fec52a19-9148-4350-a1b4-ae0da05ee199,41.02464876476277,21.320767039678557,noise_dba,40
2025-12-08T05:32:56+01:00,fec52a19-9148-4350-a1b4-ae0da05ee199,41.02464876476277,21.320767039678557,pm10,3
2025-12-08T05:32:56+01:00,fec52a19-9148-4350-a1b4-ae0da05ee199,41.02464876476277,21.320767039678557,pm25,1
2025-12-08T05:32:56+01:00,fec52a19-9148-4350-a1b4-ae0da05ee199,41.02464876476277,21.320767039678557,pressure,944
2025-12-08T05:32:56+01:00,fec52a19-9148-4350-a1b4-ae0da05ee199,41.02464876476277,21.320767039678557,temperature,11
2025-12-08T05:48:28+01:00,fec52a19-9148-4350-a1b4-ae0da05ee199,41.02464876476277,21.320767039678557,gasResistance,116452
2025-12-08T05:48:28+01:00,fec52a19-9148-4350-a1b4-ae0da05ee199,41.02464876476277,21.320767039678557,humidity,62
2025-12-08T05:48:28+01:00,fec52a19-9148-4350-a1b4-ae0da05ee199,41.02464876476277,21.320767039678557,noise,57
2025-12-08T05:48:28+01:00,fec52a19-9148-4350-a1b4-ae0da05ee199,41.02464876476277,21.320767039678557,noise_dba,50
2025-12-08T05:48:28+01:00,fec52a19-9148-4350-a1b4-ae0da05ee199,41.02464876476277,21.320767039678557,pm10,3
2025-12-08T05:48:28+01:00,fec52a19-9148-4350-a1b4-ae0da05ee199,41.02464876476277,21.320767039678557,pm25,1
2025-12-08T05:48:28+01:00,fec52a19-9148-4350-a1b4-ae0da05ee199,41.02464876476277,21.320767039678557,pressure,944
2025-12-08T05:48:28+01:00,fec52a19-9148-4350-a1b4-ae0da05ee199,41.02464876476277,21.320767039678557,temperature,11
2025-12-08T06:03:59+01:00,fec52a19-9148-4350-a1b4-ae0da05ee199,41.02464876476277,21.320767039678557,gasResistance,114376
2025-12-08T06:03:59+01:00,fec52a19-9148-4350-a1b4-ae0da05ee199,41.02464876476277,21.320767039678557,humidity,62
2025-12-08T06:03:59+01:00,fec52a19-9148-4350-a1b4-ae0da05ee199,41.02464876476277,21.320767039678557,noise,46
2025-12-08T06:03:59+01:00,fec52a19-9148-4350-a1b4-ae0da05ee199,41.02464876476277,21.320767039678557,noise_dba,47
2025-12-08T06:03:59+01:00,fec52a19-9148-4350-a1b4-ae0da05ee199,41.02464876476277,21.320767039678557,pm10,1
2025-12-08T06:03:59+01:00,fec52a19-9148-4350-a1b4-ae0da05ee199,41.02464876476277,21.320767039678557,pm25,1
2025-12-08T06:03:59+01:00,fec52a19-9148-4350-a1b4-ae0da05ee199,41.02464876476277,21.320767039678557,pressure,944
2025-12-08T06:03:59+01:00,fec52a19-9148-4350-a1b4-ae0da05ee199,41.02464876476277,21.320767039678557,temperature,11
2025-12-08T06:19:21+01:00,fec52a19-9148-4350-a1b4-ae0da05ee199,41.02464876476277,21.320767039678557,gasResistance,112753
2025-12-08T06:19:21+01:00,fec52a19-9148-4350-a1b4-ae0da05ee199,41.02464876476277,21.320767039678557,humidity,62
2025-12-08T06:19:21+01:00,fec52a19-9148-4350-a1b4-ae0da05ee199,41.02464876476277,21.320767039678557,noise,49
2025-12-08T06:19:21+01:00,fec52a19-9148-4350-a1b4-ae0da05ee199,41.02464876476277,21.320767039678557,noise_dba,48
2025-12-08T06:19:21+01:00,fec52a19-9148-4350-a1b4-ae0da05ee199,41.02464876476277,21.320767039678557,pressure,944
2025-12-08T06:19:21+01:00,fec52a19-9148-4350-a1b4-ae0da05ee199,41.02464876476277,21.320767039678557,temperature,11
2025-12-08T06:34:52+01:00,fec52a19-9148-4350-a1b4-ae0da05ee199,41.02464876476277,21.320767039678557,gasResistance,115166
2025-12-08T06:34:52+01:00,fec52a19-9148-4350-a1b4-ae0da05ee199,41.02464876476277,21.320767039678557,humidity,62
2025-12-08T06:34:52+01:00,fec52a19-9148-4350-a1b4-ae0da05ee199,41.02464876476277,21.320767039678557,noise,43
2025-12-08T06:34:52+01:00,fec52a19-9148-4350-a1b4-ae0da05ee199,41.02464876476277,21.320767039678557,noise_dba,46
2025-12-08T06:34:52+01:00,fec52a19-9148-4350-a1b4-ae0da05ee199,41.02464876476277,21.320767039678557,pm10,2
2025-12-08T06:34:52+01:00,fec52a19-9148-4350-a1b4-ae0da05ee199,41.02464876476277,21.320767039678557,pm25,1
2025-12-08T06:34:52+01:00,fec52a19-9148-4350-a1b4-ae0da05ee199,41.02464876476277,21.320767039678557,pressure,944
2025-12-08T06:34:52+01:00,fec52a19-9148-4350-a1b4-ae0da05ee199,41.02464876476277,21.320767039678557,temperature,11
2025-12-08T06:50:23+01:00,fec52a19-9148-4350-a1b4-ae0da05ee199,41.02464876476277,21.320767039678557,gasResistance,107731
2025-12-08T06:50:23+01:00,fec52a19-9148-4350-a1b4-ae0da05ee199,41.02464876476277,21.320767039678557,humidity,63
2025-12-08T06:50:23+01:00,fec52a19-9148-4350-a1b4-ae0da05ee199,41.02464876476277,21.320767039678557,noise,44
2025-12-08T06:50:23+01:00,fec52a19-9148-4350-a1b4-ae0da05ee199,41.02464876476277,21.320767039678557,noise_dba,46
2025-12-08T06:50:23+01:00,fec52a19-9148-4350-a1b4-ae0da05ee199,41.02464876476277,21.320767039678557,pm10,8
2025-12-08T06:50:23+01:00,fec52a19-9148-4350-a1b4-ae0da05ee199,41.02464876476277,21.320767039678557,pm25,2
2025-12-08T06:50:23+01:00,fec52a19-9148-4350-a1b4-ae0da05ee199,41.02464876476277,21.320767039678557,pressure,945
2025-12-08T06:50:23+01:00,fec52a19-9148-4350-a1b4-ae0da05ee199,41.02464876476277,21.320767039678557,temperature,11
2025-12-08T07:05:57+01:00,fec52a19-9148-4350-a1b4-ae0da05ee199,41.02464876476277,21.320767039678557,gasResistance,94333
2025-12-08T07:05:57+01:00,fec52a19-9148-4350-a1b4-ae0da05ee199,41.02464876476277,21.320767039678557,humidity,62
2025-12-08T07:05:57+01:00,fec52a19-9148-4350-a1b4-ae0da05ee199,41.02464876476277,21.320767039678557,noise,49
2025-12-08T07:05:57+01:00,fec52a19-9148-4350-a1b4-ae0da05ee199,41.02464876476277,21.320767039678557,noise_dba,48
2025-12-08T07:05:57+01:00,fec52a19-9148-4350-a1b4-ae0da05ee199,41.02464876476277,21.320767039678557,pm10,1
2025-12-08T07:05:57+01:00,fec52a19-9148-4350-a1b4-ae0da05ee199,41.02464876476277,21.320767039678557,pm25,1
2025-12-08T07:05:57+01:00,fec52a19-9148-4350-a1b4-ae0da05ee199,41.02464876476277,21.320767039678557,pressure,945
2025-12-08T07:05:57+01:00,fec52a19-9148-4350-a1b4-ae0da05ee199,41.02464876476277,21.320767039678557,temperature,11
2025-12-08T07:21:29+01:00,fec52a19-9148-4350-a1b4-ae0da05ee199,41.02464876476277,21.320767039678557,gasResistance,107177
2025-12-08T07:21:29+01:00,fec52a19-9148-4350-a1b4-ae0da05ee199,41.02464876476277,21.320767039678557,humidity,60
2025-12-08T07:21:29+01:00,fec52a19-9148-4350-a1b4-ae0da05ee199,41.02464876476277,21.320767039678557,noise,46
2025-12-08T07:21:29+01:00,fec52a19-9148-4350-a1b4-ae0da05ee199,41.02464876476277,21.320767039678557,noise_dba,47
2025-12-08T07:21:29+01:00,fec52a19-9148-4350-a1b4-ae0da05ee199,41.02464876476277,21.320767039678557,pm10,3
2025-12-08T07:21:29+01:00,fec52a19-9148-4350-a1b4-ae0da05ee199,41.02464876476277,21.320767039678557,pm25,1
2025-12-08T07:21:29+01:00,fec52a19-9148-4350-a1b4-ae0da05ee199,41.02464876476277,21.320767039678557,pressure,945
2025-12-08T07:21:29+01:00,fec52a19-9148-4350-a1b4-ae0da05ee199,41.02464876476277,21.320767039678557,temperature,11
2025-12-08T07:37:01+01:00,fec52a19-9148-4350-a1b4-ae0da05ee199,41.02464876476277,21.320767039678557,gasResistance,112374
2025-12-08T07:37:01+01:00,fec52a19-9148-4350-a1b4-ae0da05ee199,41.02464876476277,21.320767039678557,humidity,61
2025-12-08T07:37:01+01:00,fec52a19-9148-4350-a1b4-ae0da05ee199,41.02464876476277,21.320767039678557,noise,60
2025-12-08T07:37:01+01:00,fec52a19-9148-4350-a1b4-ae0da05ee199,41.02464876476277,21.320767039678557,noise_dba,51
2025-12-08T07:37:01+01:00,fec52a19-9148-4350-a1b4-ae0da05ee199,41.02464876476277,21.320767039678557,pm10,2
2025-12-08T07:37:01+01:00,fec52a19-9148-4350-a1b4-ae0da05ee199,41.02464876476277,21.320767039678557,pm25,1
2025-12-08T07:37:01+01:00,fec52a19-9148-4350-a1b4-ae0da05ee199,41.02464876476277,21.320767039678557,pressure,945
2025-12-08T07:37:01+01:00,fec52a19-9148-4350-a1b4-ae0da05ee199,41.02464876476277,21.320767039678557,temperature,11
2025-12-08T07:52:32+01:00,fec52a19-9148-4350-a1b4-ae0da05ee199,41.02464876476277,21.320767039678557,gasResistance,126229
2025-12-08T07:52:32+01:00,fec52a19-9148-4350-a1b4-ae0da05ee199,41.02464876476277,21.320767039678557,humidity,60
2025-12-08T07:52:32+01:00,fec52a19-9148-4350-a1b4-ae0da05ee199,41.02464876476277,21.320767039678557,noise,71
2025-12-08T07:52:32+01:00,fec52a19-9148-4350-a1b4-ae0da05ee199,41.02464876476277,21.320767039678557,noise_dba,54
2025-12-08T07:52:32+01:00,fec52a19-9148-4350-a1b4-ae0da05ee199,41.02464876476277,21.320767039678557,pm10,4
2025-12-08T07:52:32+01:00,fec52a19-9148-4350-a1b4-ae0da05ee199,41.02464876476277,21.320767039678557,pm25,2
2025-12-08T07:52:32+01:00,fec52a19-9148-4350-a1b4-ae0da05ee199,41.02464876476277,21.320767039678557,pressure,945
2025-12-08T07:52:32+01:00,fec52a19-9148-4350-a1b4-ae0da05ee199,41.02464876476277,21.320767039678557,temperature,11
2025-12-08T08:08:04+01:00,fec52a19-9148-4350-a1b4-ae0da05ee199,41.02464876476277,21.320767039678557,gasResistance,131501
2025-12-08T08:08:04+01:00,fec52a19-9148-4350-a1b4-ae0da05ee199,41.02464876476277,21.320767039678557,humidity,60
2025-12-08T08:08:04+01:00,fec52a19-9148-4350-a1b4-ae0da05ee199,41.02464876476277,21.320767039678557,noise,66
2025-12-08T08:08:04+01:00,fec52a19-9148-4350-a1b4-ae0da05ee199,41.02464876476277,21.320767039678557,noise_dba,53
2025-12-08T08:08:04+01:00,fec52a19-9148-4350-a1b4-ae0da05ee199,41.02464876476277,21.320767039678557,pm10,3
2025-12-08T08:08:04+01:00,fec52a19-9148-4350-a1b4-ae0da05ee199,41.02464876476277,21.320767039678557,pm25,1
2025-12-08T08:08:04+01:00,fec52a19-9148-4350-a1b4-ae0da05ee199,41.02464876476277,21.320767039678557,pressure,945
2025-12-08T08:08:04+01:00,fec52a19-9148-4350-a1b4-ae0da05ee199,41.02464876476277,21.320767039678557,temperature,11
2025-12-08T08:23:35+01:00,fec52a19-9148-4350-a1b4-ae0da05ee199,41.02464876476277,21.320767039678557,gasResistance,127483
2025-12-08T08:23:35+01:00,fec52a19-9148-4350-a1b4-ae0da05ee199,41.02464876476277,21.320767039678557,humidity,59
2025-12-08T08:23:35+01:00,fec52a19-9148-4350-a1b4-ae0da05ee199,41.02464876476277,21.320767039678557,noise,72
2025-12-08T08:23:35+01:00,fec52a19-9148-4350-a1b4-ae0da05ee199,41.02464876476277,21.320767039678557,noise_dba,54
2025-12-08T08:23:35+01:00,fec52a19-9148-4350-a1b4-ae0da05ee199,41.02464876476277,21.320767039678557,pm10,3
2025-12-08T08:23:35+01:00,fec52a19-9148-4350-a1b4-ae0da05ee199,41.02464876476277,21.320767039678557,pm25,2
2025-12-08T08:23:35+01:00,fec52a19-9148-4350-a1b4-ae0da05ee199,41.02464876476277,21.320767039678557,pressure,946
2025-12-08T08:23:35+01:00,fec52a19-9148-4350-a1b4-ae0da05ee199,41.02464876476277,21.320767039678557,temperature,11
2025-12-08T08:39:06+01:00,fec52a19-9148-4350-a1b4-ae0da05ee199,41.02464876476277,21.320767039678557,gasResistance,128861
2025-12-08T08:39:06+01:00,fec52a19-9148-4350-a1b4-ae0da05ee199,41.02464876476277,21.320767039678557,humidity,58
2025-12-08T08:39:06+01:00,fec52a19-9148-4350-a1b4-ae0da05ee199,41.02464876476277,21.320767039678557,noise,81
2025-12-08T08:39:06+01:00,fec52a19-9148-4350-a1b4-ae0da05ee199,41.02464876476277,21.320767039678557,noise_dba,56
2025-12-08T08:39:06+01:00,fec52a19-9148-4350-a1b4-ae0da05ee199,41.02464876476277,21.320767039678557,pm10,3
2025-12-08T08:39:06+01:00,fec52a19-9148-4350-a1b4-ae0da05ee199,41.02464876476277,21.320767039678557,pm25,2
2025-12-08T08:39:06+01:00,fec52a19-9148-4350-a1b4-ae0da05ee199,41.02464876476277,21.320767039678557,pressure,946
2025-12-08T08:39:06+01:00,fec52a19-9148-4350-a1b4-ae0da05ee199,41.02464876476277,21.320767039678557,temperature,12
2025-12-08T08:54:38+01:00,fec52a19-9148-4350-a1b4-ae0da05ee199,41.02464876476277,21.320767039678557,gasResistance,139996
2025-12-08T08:54:38+01:00,fec52a19-9148-4350-a1b4-ae0da05ee199,41.02464876476277,21.320767039678557,humidity,56
2025-12-08T08:54:38+01:00,fec52a19-9148-4350-a1b4-ae0da05ee199,41.02464876476277,21.320767039678557,noise,68
2025-12-08T08:54:38+01:00,fec52a19-9148-4350-a1b4-ae0da05ee199,41.02464876476277,21.320767039678557,noise_dba,53
2025-12-08T08:54:38+01:00,fec52a19-9148-4350-a1b4-ae0da05ee199,41.02464876476277,21.320767039678557,pm10,2
2025-12-08T08:54:38+01:00,fec52a19-9148-4350-a1b4-ae0da05ee199,41.02464876476277,21.320767039678557,pm25,2
2025-12-08T08:54:38+01:00,fec52a19-9148-4350-a1b4-ae0da05ee199,41.02464876476277,21.320767039678557,pressure,946
2025-12-08T08:54:38+01:00,fec52a19-9148-4350-a1b4-ae0da05ee199,41.02464876476277,21.320767039678557,temperature,12
2025-12-08T09:10:09+01:00,fec52a19-9148-4350-a1b4-ae0da05ee199,41.02464876476277,21.320767039678557,gasResistance,143363
2025-12-08T09:10:09+01:00,fec52a19-9148-4350-a1b4-ae0da05ee199,41.02464876476277,21.320767039678557,humidity,55
2025-12-08T09:10:09+01:00,fec52a19-9148-4350-a1b4-ae0da05ee199,41.02464876476277,21.320767039678557,noise,67
2025-12-08T09:10:09+01:00,fec52a19-9148-4350-a1b4-ae0da05ee199,41.02464876476277,21.320767039678557,noise_dba,53
2025-12-08T09:10:09+01:00,fec52a19-9148-4350-a1b4-ae0da05ee199,41.02464876476277,21.320767039678557,pm10,4
2025-12-08T09:10:09+01:00,fec52a19-9148-4350-a1b4-ae0da05ee199,41.02464876476277,21.320767039678557,pm25,1
2025-12-08T09:10:09+01:00,fec52a19-9148-4350-a1b4-ae0da05ee199,41.02464876476277,21.320767039678557,pressure,946
2025-12-08T09:10:09+01:00,fec52a19-9148-4350-a1b4-ae0da05ee199,41.02464876476277,21.320767039678557,temperature,13
2025-12-08T09:25:41+01:00,fec52a19-9148-4350-a1b4-ae0da05ee199,41.02464876476277,21.320767039678557,gasResistance,143240
2025-12-08T09:25:41+01:00,fec52a19-9148-4350-a1b4-ae0da05ee199,41.02464876476277,21.320767039678557,humidity,54
2025-12-08T09:25:41+01:00,fec52a19-9148-4350-a1b4-ae0da05ee199,41.02464876476277,21.320767039678557,noise,77
2025-12-08T09:25:41+01:00,fec52a19-9148-4350-a1b4-ae0da05ee199,41.02464876476277,21.320767039678557,noise_dba,55
2025-12-08T09:25:41+01:00,fec52a19-9148-4350-a1b4-ae0da05ee199,41.02464876476277,21.320767039678557,pm10,4
2025-12-08T09:25:41+01:00,fec52a19-9148-4350-a1b4-ae0da05ee199,41.02464876476277,21.320767039678557,pm25,3
2025-12-08T09:25:41+01:00,fec52a19-9148-4350-a1b4-ae0da05ee199,41.02464876476277,21.320767039678557,pressure,946
2025-12-08T09:25:41+01:00,fec52a19-9148-4350-a1b4-ae0da05ee199,41.02464876476277,21.320767039678557,temperature,13
2025-12-08T09:41:12+01:00,fec52a19-9148-4350-a1b4-ae0da05ee199,41.02464876476277,21.320767039678557,gasResistance,146510
2025-12-08T09:41:12+01:00,fec52a19-9148-4350-a1b4-ae0da05ee199,41.02464876476277,21.320767039678557,humidity,53
2025-12-08T09:41:12+01:00,fec52a19-9148-4350-a1b4-ae0da05ee199,41.02464876476277,21.320767039678557,noise,75
2025-12-08T09:41:12+01:00,fec52a19-9148-4350-a1b4-ae0da05ee199,41.02464876476277,21.320767039678557,noise_dba,55
2025-12-08T09:41:12+01:00,fec52a19-9148-4350-a1b4-ae0da05ee199,41.02464876476277,21.320767039678557,pm10,5
2025-12-08T09:41:12+01:00,fec52a19-9148-4350-a1b4-ae0da05ee199,41.02464876476277,21.320767039678557,pm25,3
2025-12-08T09:41:12+01:00,fec52a19-9148-4350-a1b4-ae0da05ee199,41.02464876476277,21.320767039678557,pressure,946
2025-12-08T09:41:12+01:00,fec52a19-9148-4350-a1b4-ae0da05ee199,41.02464876476277,21.320767039678557,temperature,13
2025-12-08T09:56:43+01:00,fec52a19-9148-4350-a1b4-ae0da05ee199,41.02464876476277,21.320767039678557,gasResistance,147546
2025-12-08T09:56:43+01:00,fec52a19-9148-4350-a1b4-ae0da05ee199,41.02464876476277,21.320767039678557,humidity,54
2025-12-08T09:56:43+01:00,fec52a19-9148-4350-a1b4-ae0da05ee199,41.02464876476277,21.320767039678557,noise,75
2025-12-08T09:56:43+01:00,fec52a19-9148-4350-a1b4-ae0da05ee199,41.02464876476277,21.320767039678557,noise_dba,55
2025-12-08T09:56:43+01:00,fec52a19-9148-4350-a1b4-ae0da05ee199,41.02464876476277,21.320767039678557,pm10,2
2025-12-08T09:56:43+01:00,fec52a19-9148-4350-a1b4-ae0da05ee199,41.02464876476277,21.320767039678557,pm25,1
2025-12-08T09:56:43+01:00,fec52a19-9148-4350-a1b4-ae0da05ee199,41.02464876476277,21.320767039678557,pressure,947
2025-12-08T09:56:43+01:00,fec52a19-9148-4350-a1b4-ae0da05ee199,41.02464876476277,21.320767039678557,temperature,14
2025-12-08T10:12:15+01:00,fec52a19-9148-4350-a1b4-ae0da05ee199,41.02464876476277,21.320767039678557,gasResistance,140704
2025-12-08T10:12:15+01:00,fec52a19-9148-4350-a1b4-ae0da05ee199,41.02464876476277,21.320767039678557,humidity,55
2025-12-08T10:12:15+01:00,fec52a19-9148-4350-a1b4-ae0da05ee199,41.02464876476277,21.320767039678557,noise,71
2025-12-08T10:12:15+01:00,fec52a19-9148-4350-a1b4-ae0da05ee199,41.02464876476277,21.320767039678557,noise_dba,54
2025-12-08T10:12:15+01:00,fec52a19-9148-4350-a1b4-ae0da05ee199,41.02464876476277,21.320767039678557,pm10,4
2025-12-08T10:12:15+01:00,fec52a19-9148-4350-a1b4-ae0da05ee199,41.02464876476277,21.320767039678557,pm25,2
2025-12-08T10:12:15+01:00,fec52a19-9148-4350-a1b4-ae0da05ee199,41.02464876476277,21.320767039678557,pressure,947
2025-12-08T10:12:15+01:00,fec52a19-9148-4350-a1b4-ae0da05ee199,41.02464876476277,21.320767039678557,temperature,14
2025-12-08T10:27:46+01:00,fec52a19-9148-4350-a1b4-ae0da05ee199,41.02464876476277,21.320767039678557,gasResistance,148996
2025-12-08T10:27:46+01:00,fec52a19-9148-4350-a1b4-ae0da05ee199,41.02464876476277,21.320767039678557,humidity,51
2025-12-08T10:27:46+01:00,fec52a19-9148-4350-a1b4-ae0da05ee199,41.02464876476277,21.320767039678557,noise,78
2025-12-08T10:27:46+01:00,fec52a19-9148-4350-a1b4-ae0da05ee199,41.02464876476277,21.320767039678557,noise_dba,55
2025-12-08T10:27:46+01:00,fec52a19-9148-4350-a1b4-ae0da05ee199,41.02464876476277,21.320767039678557,pm10,2
2025-12-08T10:27:46+01:00,fec52a19-9148-4350-a1b4-ae0da05ee199,41.02464876476277,21.320767039678557,pm25,2
2025-12-08T10:27:46+01:00,fec52a19-9148-4350-a1b4-ae0da05ee199,41.02464876476277,21.320767039678557,pressure,947
2025-12-08T10:27:46+01:00,fec52a19-9148-4350-a1b4-ae0da05ee199,41.02464876476277,21.320767039678557,temperature,14
2025-12-08T10:43:19+01:00,fec52a19-9148-4350-a1b4-ae0da05ee199,41.02464876476277,21.320767039678557,gasResistance,150473
2025-12-08T10:43:19+01:00,fec52a19-9148-4350-a1b4-ae0da05ee199,41.02464876476277,21.320767039678557,humidity,52
2025-12-08T10:43:19+01:00,fec52a19-9148-4350-a1b4-ae0da05ee199,41.02464876476277,21.320767039678557,noise,83
2025-12-08T10:43:19+01:00,fec52a19-9148-4350-a1b4-ae0da05ee199,41.02464876476277,21.320767039678557,noise_dba,56
2025-12-08T10:43:19+01:00,fec52a19-9148-4350-a1b4-ae0da05ee199,41.02464876476277,21.320767039678557,pm10,5
2025-12-08T10:43:19+01:00,fec52a19-9148-4350-a1b4-ae0da05ee199,41.02464876476277,21.320767039678557,pm25,2
2025-12-08T10:43:19+01:00,fec52a19-9148-4350-a1b4-ae0da05ee199,41.02464876476277,21.320767039678557,pressure,947
2025-12-08T10:43:19+01:00,fec52a19-9148-4350-a1b4-ae0da05ee199,41.02464876476277,21.320767039678557,temperature,14
2025-12-08T10:58:50+01:00,fec52a19-9148-4350-a1b4-ae0da05ee199,41.02464876476277,21.320767039678557,gasResistance,147677
2025-12-08T10:58:50+01:00,fec52a19-9148-4350-a1b4-ae0da05ee199,41.02464876476277,21.320767039678557,humidity,53
2025-12-08T10:58:50+01:00,fec52a19-9148-4350-a1b4-ae0da05ee199,41.02464876476277,21.320767039678557,noise,95
2025-12-08T10:58:50+01:00,fec52a19-9148-4350-a1b4-ae0da05ee199,41.02464876476277,21.320767039678557,noise_dba,59
2025-12-08T10:58:50+01:00,fec52a19-9148-4350-a1b4-ae0da05ee199,41.02464876476277,21.320767039678557,pm10,4
2025-12-08T10:58:50+01:00,fec52a19-9148-4350-a1b4-ae0da05ee199,41.02464876476277,21.320767039678557,pm25,2
2025-12-08T10:58:50+01:00,fec52a19-9148-4350-a1b4-ae0da05ee199,41.02464876476277,21.320767039678557,pressure,947
2025-12-08T10:58:50+01:00,fec52a19-9148-4350-a1b4-ae0da05ee199,41.02464876476277,21.320767039678557,temperature,14
2025-12-08T11:14:21+01:00,fec52a19-9148-4350-a1b4-ae0da05ee199,41.02464876476277,21.320767039678557,gasResistance,142872
2025-12-08T11:14:21+01:00,fec52a19-9148-4350-a1b4-ae0da05ee199,41.02464876476277,21.320767039678557,humidity,52
2025-12-08T11:14:21+01:00,fec52a19-9148-4350-a1b4-ae0da05ee199,41.02464876476277,21.320767039678557,noise,89
2025-12-08T11:14:21+01:00,fec52a19-9148-4350-a1b4-ae0da05ee199,41.02464876476277,21.320767039678557,noise_dba,58
2025-12-08T11:14:21+01:00,fec52a19-9148-4350-a1b4-ae0da05ee199,41.02464876476277,21.320767039678557,pm10,4
2025-12-08T11:14:21+01:00,fec52a19-9148-4350-a1b4-ae0da05ee199,41.02464876476277,21.320767039678557,pm25,2
2025-12-08T11:14:21+01:00,fec52a19-9148-4350-a1b4-ae0da05ee199,41.02464876476277,21.320767039678557,pressure,947
2025-12-08T11:14:21+01:00,fec52a19-9148-4350-a1b4-ae0da05ee199,41.02464876476277,21.320767039678557,temperature,14
2025-12-08T11:29:53+01:00,fec52a19-9148-4350-a1b4-ae0da05ee199,41.02464876476277,21.320767039678557,gasResistance,139063
2025-12-08T11:29:53+01:00,fec52a19-9148-4350-a1b4-ae0da05ee199,41.02464876476277,21.320767039678557,humidity,52
2025-12-08T11:29:53+01:00,fec52a19-9148-4350-a1b4-ae0da05ee199,41.02464876476277,21.320767039678557,noise,94
2025-12-08T11:29:53+01:00,fec52a19-9148-4350-a1b4-ae0da05ee199,41.02464876476277,21.320767039678557,noise_dba,58
2025-12-08T11:29:53+01:00,fec52a19-9148-4350-a1b4-ae0da05ee199,41.02464876476277,21.320767039678557,pm10,1
2025-12-08T11:29:53+01:00,fec52a19-9148-4350-a1b4-ae0da05ee199,41.02464876476277,21.320767039678557,pm25,1
2025-12-08T11:29:53+01:00,fec52a19-9148-4350-a1b4-ae0da05ee199,41.02464876476277,21.320767039678557,pressure,947
2025-12-08T11:29:53+01:00,fec52a19-9148-4350-a1b4-ae0da05ee199,41.02464876476277,21.320767039678557,temperature,14
2025-12-08T11:45:24+01:00,fec52a19-9148-4350-a1b4-ae0da05ee199,41.02464876476277,21.320767039678557,gasResistance,150067
2025-12-08T11:45:24+01:00,fec52a19-9148-4350-a1b4-ae0da05ee199,41.02464876476277,21.320767039678557,humidity,53
2025-12-08T11:45:24+01:00,fec52a19-9148-4350-a1b4-ae0da05ee199,41.02464876476277,21.320767039678557,noise,113
2025-12-08T11:45:24+01:00,fec52a19-9148-4350-a1b4-ae0da05ee199,41.02464876476277,21.320767039678557,noise_dba,61
2025-12-08T11:45:24+01:00,fec52a19-9148-4350-a1b4-ae0da05ee199,41.02464876476277,21.320767039678557,pm10,4
2025-12-08T11:45:24+01:00,fec52a19-9148-4350-a1b4-ae0da05ee199,41.02464876476277,21.320767039678557,pm25,2
2025-12-08T11:45:24+01:00,fec52a19-9148-4350-a1b4-ae0da05ee199,41.02464876476277,21.320767039678557,pressure,947
2025-12-08T11:45:24+01:00,fec52a19-9148-4350-a1b4-ae0da05ee199,41.02464876476277,21.320767039678557,temperature,14
2025-12-08T12:00:56+01:00,fec52a19-9148-4350-a1b4-ae0da05ee199,41.02464876476277,21.320767039678557,gasResistance,158476
2025-12-08T12:00:56+01:00,fec52a19-9148-4350-a1b4-ae0da05ee199,41.02464876476277,21.320767039678557,humidity,53
2025-12-08T12:00:56+01:00,fec52a19-9148-4350-a1b4-ae0da05ee199,41.02464876476277,21.320767039678557,noise,99
2025-12-08T12:00:56+01:00,fec52a19-9148-4350-a1b4-ae0da05ee199,41.02464876476277,21.320767039678557,noise_dba,59
2025-12-08T12:00:56+01:00,fec52a19-9148-4350-a1b4-ae0da05ee199,41.02464876476277,21.320767039678557,pm10,3
2025-12-08T12:00:56+01:00,fec52a19-9148-4350-a1b4-ae0da05ee199,41.02464876476277,21.320767039678557,pm25,2
2025-12-08T12:00:56+01:00,fec52a19-9148-4350-a1b4-ae0da05ee199,41.02464876476277,21.320767039678557,pressure,947
2025-12-08T12:00:56+01:00,fec52a19-9148-4350-a1b4-ae0da05ee199,41.02464876476277,21.320767039678557,temperature,14
2025-12-08T12:16:28+01:00,fec52a19-9148-4350-a1b4-ae0da05ee199,41.02464876476277,21.320767039678557,gasResistance,150609
2025-12-08T12:16:28+01:00,fec52a19-9148-4350-a1b4-ae0da05ee199,41.02464876476277,21.320767039678557,humidity,53
2025-12-08T12:16:28+01:00,fec52a19-9148-4350-a1b4-ae0da05ee199,41.02464876476277,21.320767039678557,noise,95
2025-12-08T12:16:28+01:00,fec52a19-9148-4350-a1b4-ae0da05ee199,41.02464876476277,21.320767039678557,noise_dba,59
2025-12-08T12:16:28+01:00,fec52a19-9148-4350-a1b4-ae0da05ee199,41.02464876476277,21.320767039678557,pm10,5
2025-12-08T12:16:28+01:00,fec52a19-9148-4350-a1b4-ae0da05ee199,41.02464876476277,21.320767039678557,pm25,3
2025-12-08T12:16:28+01:00,fec52a19-9148-4350-a1b4-ae0da05ee199,41.02464876476277,21.320767039678557,pressure,947
2025-12-08T12:16:28+01:00,fec52a19-9148-4350-a1b4-ae0da05ee199,41.02464876476277,21.320767039678557,temperature,14
2025-12-08T12:31:59+01:00,fec52a19-9148-4350-a1b4-ae0da05ee199,41.02464876476277,21.320767039678557,gasResistance,145870
2025-12-08T12:31:59+01:00,fec52a19-9148-4350-a1b4-ae0da05ee199,41.02464876476277,21.320767039678557,humidity,53
2025-12-08T12:31:59+01:00,fec52a19-9148-4350-a1b4-ae0da05ee199,41.02464876476277,21.320767039678557,noise,108
2025-12-08T12:31:59+01:00,fec52a19-9148-4350-a1b4-ae0da05ee199,41.02464876476277,21.320767039678557,noise_dba,61
2025-12-08T12:31:59+01:00,fec52a19-9148-4350-a1b4-ae0da05ee199,41.02464876476277,21.320767039678557,pm10,8
2025-12-08T12:31:59+01:00,fec52a19-9148-4350-a1b4-ae0da05ee199,41.02464876476277,21.320767039678557,pm25,3
2025-12-08T12:31:59+01:00,fec52a19-9148-4350-a1b4-ae0da05ee199,41.02464876476277,21.320767039678557,pressure,947
2025-12-08T12:31:59+01:00,fec52a19-9148-4350-a1b4-ae0da05ee199,41.02464876476277,21.320767039678557,temperature,14
2025-12-08T12:47:30+01:00,fec52a19-9148-4350-a1b4-ae0da05ee199,41.02464876476277,21.320767039678557,gasResistance,137799
2025-12-08T12:47:30+01:00,fec52a19-9148-4350-a1b4-ae0da05ee199,41.02464876476277,21.320767039678557,humidity,53
2025-12-08T12:47:30+01:00,fec52a19-9148-4350-a1b4-ae0da05ee199,41.02464876476277,21.320767039678557,noise,105
2025-12-08T12:47:30+01:00,fec52a19-9148-4350-a1b4-ae0da05ee199,41.02464876476277,21.320767039678557,noise_dba,60
2025-12-08T12:47:30+01:00,fec52a19-9148-4350-a1b4-ae0da05ee199,41.02464876476277,21.320767039678557,pm10,11
2025-12-08T12:47:30+01:00,fec52a19-9148-4350-a1b4-ae0da05ee199,41.02464876476277,21.320767039678557,pm25,4
2025-12-08T12:47:30+01:00,fec52a19-9148-4350-a1b4-ae0da05ee199,41.02464876476277,21.320767039678557,pressure,947
2025-12-08T12:47:30+01:00,fec52a19-9148-4350-a1b4-ae0da05ee199,41.02464876476277,21.320767039678557,temperature,14
2025-12-08T13:03:02+01:00,fec52a19-9148-4350-a1b4-ae0da05ee199,41.02464876476277,21.320767039678557,gasResistance,134577
2025-12-08T13:03:02+01:00,fec52a19-9148-4350-a1b4-ae0da05ee199,41.02464876476277,21.320767039678557,humidity,51
2025-12-08T13:03:02+01:00,fec52a19-9148-4350-a1b4-ae0da05ee199,41.02464876476277,21.320767039678557,noise,98
2025-12-08T13:03:02+01:00,fec52a19-9148-4350-a1b4-ae0da05ee199,41.02464876476277,21.320767039678557,noise_dba,59
2025-12-08T13:03:02+01:00,fec52a19-9148-4350-a1b4-ae0da05ee199,41.02464876476277,21.320767039678557,pm10,2
2025-12-08T13:03:02+01:00,fec52a19-9148-4350-a1b4-ae0da05ee199,41.02464876476277,21.320767039678557,pm25,1
2025-12-08T13:03:02+01:00,fec52a19-9148-4350-a1b4-ae0da05ee199,41.02464876476277,21.320767039678557,pressure,947
2025-12-08T13:03:02+01:00,fec52a19-9148-4350-a1b4-ae0da05ee199,41.02464876476277,21.320767039678557,temperature,14
2025-12-08T13:18:33+01:00,fec52a19-9148-4350-a1b4-ae0da05ee199,41.02464876476277,21.320767039678557,gasResistance,141419
2025-12-08T13:18:33+01:00,fec52a19-9148-4350-a1b4-ae0da05ee199,41.02464876476277,21.320767039678557,humidity,52
2025-12-08T13:18:33+01:00,fec52a19-9148-4350-a1b4-ae0da05ee199,41.02464876476277,21.320767039678557,noise,101
2025-12-08T13:18:33+01:00,fec52a19-9148-4350-a1b4-ae0da05ee199,41.02464876476277,21.320767039678557,noise_dba,60
2025-12-08T13:18:33+01:00,fec52a19-9148-4350-a1b4-ae0da05ee199,41.02464876476277,21.320767039678557,pm10,6
2025-12-08T13:18:33+01:00,fec52a19-9148-4350-a1b4-ae0da05ee199,41.02464876476277,21.320767039678557,pm25,2
2025-12-08T13:18:33+01:00,fec52a19-9148-4350-a1b4-ae0da05ee199,41.02464876476277,21.320767039678557,pressure,947
2025-12-08T13:18:33+01:00,fec52a19-9148-4350-a1b4-ae0da05ee199,41.02464876476277,21.320767039678557,temperature,14
2025-12-08T13:34:05+01:00,fec52a19-9148-4350-a1b4-ae0da05ee199,41.02464876476277,21.320767039678557,gasResistance,144606
2025-12-08T13:34:05+01:00,fec52a19-9148-4350-a1b4-ae0da05ee199,41.02464876476277,21.320767039678557,humidity,51
2025-12-08T13:34:05+01:00,fec52a19-9148-4350-a1b4-ae0da05ee199,41.02464876476277,21.320767039678557,noise,101
2025-12-08T13:34:05+01:00,fec52a19-9148-4350-a1b4-ae0da05ee199,41.02464876476277,21.320767039678557,noise_dba,60
2025-12-08T13:34:05+01:00,fec52a19-9148-4350-a1b4-ae0da05ee199,41.02464876476277,21.320767039678557,pm10,5
2025-12-08T13:34:05+01:00,fec52a19-9148-4350-a1b4-ae0da05ee199,41.02464876476277,21.320767039678557,pm25,1
2025-12-08T13:34:05+01:00,fec52a19-9148-4350-a1b4-ae0da05ee199,41.02464876476277,21.320767039678557,pressure,947
2025-12-08T13:34:05+01:00,fec52a19-9148-4350-a1b4-ae0da05ee199,41.02464876476277,21.320767039678557,temperature,14
2025-12-08T13:49:36+01:00,fec52a19-9148-4350-a1b4-ae0da05ee199,41.02464876476277,21.320767039678557,gasResistance,142750
2025-12-08T13:49:36+01:00,fec52a19-9148-4350-a1b4-ae0da05ee199,41.02464876476277,21.320767039678557,humidity,52
2025-12-08T13:49:36+01:00,fec52a19-9148-4350-a1b4-ae0da05ee199,41.02464876476277,21.320767039678557,noise,101
2025-12-08T13:49:36+01:00,fec52a19-9148-4350-a1b4-ae0da05ee199,41.02464876476277,21.320767039678557,noise_dba,60
2025-12-08T13:49:36+01:00,fec52a19-9148-4350-a1b4-ae0da05ee199,41.02464876476277,21.320767039678557,pm10,10
2025-12-08T13:49:36+01:00,fec52a19-9148-4350-a1b4-ae0da05ee199,41.02464876476277,21.320767039678557,pm25,4
2025-12-08T13:49:36+01:00,fec52a19-9148-4350-a1b4-ae0da05ee199,41.02464876476277,21.320767039678557,pressure,947
2025-12-08T13:49:36+01:00,fec52a19-9148-4350-a1b4-ae0da05ee199,41.02464876476277,21.320767039678557,temperature,14
2025-12-08T14:05:08+01:00,fec52a19-9148-4350-a1b4-ae0da05ee199,41.02464876476277,21.320767039678557,gasResistance,145488
2025-12-08T14:05:08+01:00,fec52a19-9148-4350-a1b4-ae0da05ee199,41.02464876476277,21.320767039678557,humidity,52
2025-12-08T14:05:08+01:00,fec52a19-9148-4350-a1b4-ae0da05ee199,41.02464876476277,21.320767039678557,noise,93
2025-12-08T14:05:08+01:00,fec52a19-9148-4350-a1b4-ae0da05ee199,41.02464876476277,21.320767039678557,noise_dba,58
2025-12-08T14:05:08+01:00,fec52a19-9148-4350-a1b4-ae0da05ee199,41.02464876476277,21.320767039678557,pm10,6
2025-12-08T14:05:08+01:00,fec52a19-9148-4350-a1b4-ae0da05ee199,41.02464876476277,21.320767039678557,pm25,3
2025-12-08T14:05:08+01:00,fec52a19-9148-4350-a1b4-ae0da05ee199,41.02464876476277,21.320767039678557,pressure,947
2025-12-08T14:05:08+01:00,fec52a19-9148-4350-a1b4-ae0da05ee199,41.02464876476277,21.320767039678557,temperature,14
2025-12-08T14:20:39+01:00,fec52a19-9148-4350-a1b4-ae0da05ee199,41.02464876476277,21.320767039678557,gasResistance,143487
2025-12-08T14:20:39+01:00,fec52a19-9148-4350-a1b4-ae0da05ee199,41.02464876476277,21.320767039678557,humidity,53
2025-12-08T14:20:39+01:00,fec52a19-9148-4350-a1b4-ae0da05ee199,41.02464876476277,21.320767039678557,noise,104
2025-12-08T14:20:39+01:00,fec52a19-9148-4350-a1b4-ae0da05ee199,41.02464876476277,21.320767039678557,noise_dba,60
2025-12-08T14:20:39+01:00,fec52a19-9148-4350-a1b4-ae0da05ee199,41.02464876476277,21.320767039678557,pm10,5
2025-12-08T14:20:39+01:00,fec52a19-9148-4350-a1b4-ae0da05ee199,41.02464876476277,21.320767039678557,pm25,2
2025-12-08T14:20:39+01:00,fec52a19-9148-4350-a1b4-ae0da05ee199,41.02464876476277,21.320767039678557,pressure,947
2025-12-08T14:20:39+01:00,fec52a19-9148-4350-a1b4-ae0da05ee199,41.02464876476277,21.320767039678557,temperature,14
2025-12-08T14:36:11+01:00,fec52a19-9148-4350-a1b4-ae0da05ee199,41.02464876476277,21.320767039678557,gasResistance,148333
2025-12-08T14:36:11+01:00,fec52a19-9148-4350-a1b4-ae0da05ee199,41.02464876476277,21.320767039678557,humidity,53
2025-12-08T14:36:11+01:00,fec52a19-9148-4350-a1b4-ae0da05ee199,41.02464876476277,21.320767039678557,noise,96
2025-12-08T14:36:11+01:00,fec52a19-9148-4350-a1b4-ae0da05ee199,41.02464876476277,21.320767039678557,noise_dba,59
2025-12-08T14:36:11+01:00,fec52a19-9148-4350-a1b4-ae0da05ee199,41.02464876476277,21.320767039678557,pm10,9
2025-12-08T14:36:11+01:00,fec52a19-9148-4350-a1b4-ae0da05ee199,41.02464876476277,21.320767039678557,pm25,4
2025-12-08T14:36:11+01:00,fec52a19-9148-4350-a1b4-ae0da05ee199,41.02464876476277,21.320767039678557,pressure,947
2025-12-08T14:36:11+01:00,fec52a19-9148-4350-a1b4-ae0da05ee199,41.02464876476277,21.320767039678557,temperature,14
2025-12-08T14:51:42+01:00,fec52a19-9148-4350-a1b4-ae0da05ee199,41.02464876476277,21.320767039678557,gasResistance,138256
2025-12-08T14:51:42+01:00,fec52a19-9148-4350-a1b4-ae0da05ee199,41.02464876476277,21.320767039678557,humidity,52
2025-12-08T14:51:42+01:00,fec52a19-9148-4350-a1b4-ae0da05ee199,41.02464876476277,21.320767039678557,noise,103
2025-12-08T14:51:42+01:00,fec52a19-9148-4350-a1b4-ae0da05ee199,41.02464876476277,21.320767039678557,noise_dba,60
2025-12-08T14:51:42+01:00,fec52a19-9148-4350-a1b4-ae0da05ee199,41.02464876476277,21.320767039678557,pm10,11
2025-12-08T14:51:42+01:00,fec52a19-9148-4350-a1b4-ae0da05ee199,41.02464876476277,21.320767039678557,pm25,6
2025-12-08T14:51:42+01:00,fec52a19-9148-4350-a1b4-ae0da05ee199,41.02464876476277,21.320767039678557,pressure,948
2025-12-08T14:51:42+01:00,fec52a19-9148-4350-a1b4-ae0da05ee199,41.02464876476277,21.320767039678557,temperature,14
2025-12-08T15:07:14+01:00,fec52a19-9148-4350-a1b4-ae0da05ee199,41.02464876476277,21.320767039678557,gasResistance,136559
2025-12-08T15:07:14+01:00,fec52a19-9148-4350-a1b4-ae0da05ee199,41.02464876476277,21.320767039678557,humidity,52
2025-12-08T15:07:14+01:00,fec52a19-9148-4350-a1b4-ae0da05ee199,41.02464876476277,21.320767039678557,noise,94
2025-12-08T15:07:14+01:00,fec52a19-9148-4350-a1b4-ae0da05ee199,41.02464876476277,21.320767039678557,noise_dba,58
2025-12-08T15:07:14+01:00,fec52a19-9148-4350-a1b4-ae0da05ee199,41.02464876476277,21.320767039678557,pm10,9
2025-12-08T15:07:14+01:00,fec52a19-9148-4350-a1b4-ae0da05ee199,41.02464876476277,21.320767039678557,pm25,3
2025-12-08T15:07:14+01:00,fec52a19-9148-4350-a1b4-ae0da05ee199,41.02464876476277,21.320767039678557,pressure,948
2025-12-08T15:07:14+01:00,fec52a19-9148-4350-a1b4-ae0da05ee199,41.02464876476277,21.320767039678557,temperature,14
2025-12-08T15:22:45+01:00,fec52a19-9148-4350-a1b4-ae0da05ee199,41.02464876476277,21.320767039678557,gasResistance,134036
2025-12-08T15:22:45+01:00,fec52a19-9148-4350-a1b4-ae0da05ee199,41.02464876476277,21.320767039678557,humidity,54
2025-12-08T15:22:45+01:00,fec52a19-9148-4350-a1b4-ae0da05ee199,41.02464876476277,21.320767039678557,noise,104
2025-12-08T15:22:45+01:00,fec52a19-9148-4350-a1b4-ae0da05ee199,41.02464876476277,21.320767039678557,noise_dba,60
2025-12-08T15:22:45+01:00,fec52a19-9148-4350-a1b4-ae0da05ee199,41.02464876476277,21.320767039678557,pm10,6
2025-12-08T15:22:45+01:00,fec52a19-9148-4350-a1b4-ae0da05ee199,41.02464876476277,21.320767039678557,pm25,4
2025-12-08T15:22:45+01:00,fec52a19-9148-4350-a1b4-ae0da05ee199,41.02464876476277,21.320767039678557,pressure,948
2025-12-08T15:22:45+01:00,fec52a19-9148-4350-a1b4-ae0da05ee199,41.02464876476277,21.320767039678557,temperature,14
2025-12-08T15:38:17+01:00,fec52a19-9148-4350-a1b4-ae0da05ee199,41.02464876476277,21.320767039678557,gasResistance,142872
2025-12-08T15:38:17+01:00,fec52a19-9148-4350-a1b4-ae0da05ee199,41.02464876476277,21.320767039678557,humidity,54
2025-12-08T15:38:17+01:00,fec52a19-9148-4350-a1b4-ae0da05ee199,41.02464876476277,21.320767039678557,noise,92
2025-12-08T15:38:17+01:00,fec52a19-9148-4350-a1b4-ae0da05ee199,41.02464876476277,21.320767039678557,noise_dba,58
2025-12-08T15:38:17+01:00,fec52a19-9148-4350-a1b4-ae0da05ee199,41.02464876476277,21.320767039678557,pm10,5
2025-12-08T15:38:17+01:00,fec52a19-9148-4350-a1b4-ae0da05ee199,41.02464876476277,21.320767039678557,pm25,4
2025-12-08T15:38:17+01:00,fec52a19-9148-4350-a1b4-ae0da05ee199,41.02464876476277,21.320767039678557,pressure,948
2025-12-08T15:38:17+01:00,fec52a19-9148-4350-a1b4-ae0da05ee199,41.02464876476277,21.320767039678557,temperature,13
2025-12-08T15:53:48+01:00,fec52a19-9148-4350-a1b4-ae0da05ee199,41.02464876476277,21.320767039678557,gasResistance,124348
2025-12-08T15:53:48+01:00,fec52a19-9148-4350-a1b4-ae0da05ee199,41.02464876476277,21.320767039678557,humidity,56
2025-12-08T15:53:48+01:00,fec52a19-9148-4350-a1b4-ae0da05ee199,41.02464876476277,21.320767039678557,noise,86
2025-12-08T15:53:48+01:00,fec52a19-9148-4350-a1b4-ae0da05ee199,41.02464876476277,21.320767039678557,noise_dba,57
2025-12-08T15:53:48+01:00,fec52a19-9148-4350-a1b4-ae0da05ee199,41.02464876476277,21.320767039678557,pm10,21
2025-12-08T15:53:48+01:00,fec52a19-9148-4350-a1b4-ae0da05ee199,41.02464876476277,21.320767039678557,pm25,11
2025-12-08T15:53:48+01:00,fec52a19-9148-4350-a1b4-ae0da05ee199,41.02464876476277,21.320767039678557,pressure,948
2025-12-08T15:53:48+01:00,fec52a19-9148-4350-a1b4-ae0da05ee199,41.02464876476277,21.320767039678557,temperature,13
2025-12-08T16:09:20+01:00,fec52a19-9148-4350-a1b4-ae0da05ee199,41.02464876476277,21.320767039678557,gasResistance,125376
2025-12-08T16:09:20+01:00,fec52a19-9148-4350-a1b4-ae0da05ee199,41.02464876476277,21.320767039678557,humidity,57
2025-12-08T16:09:20+01:00,fec52a19-9148-4350-a1b4-ae0da05ee199,41.02464876476277,21.320767039678557,noise,101
2025-12-08T16:09:20+01:00,fec52a19-9148-4350-a1b4-ae0da05ee199,41.02464876476277,21.320767039678557,noise_dba,60
2025-12-08T16:09:20+01:00,fec52a19-9148-4350-a1b4-ae0da05ee199,41.02464876476277,21.320767039678557,pm10,7
2025-12-08T16:09:20+01:00,fec52a19-9148-4350-a1b4-ae0da05ee199,41.02464876476277,21.320767039678557,pm25,3
2025-12-08T16:09:20+01:00,fec52a19-9148-4350-a1b4-ae0da05ee199,41.02464876476277,21.320767039678557,pressure,948
2025-12-08T16:09:20+01:00,fec52a19-9148-4350-a1b4-ae0da05ee199,41.02464876476277,21.320767039678557,temperature,13
2025-12-08T16:24:52+01:00,fec52a19-9148-4350-a1b4-ae0da05ee199,41.02464876476277,21.320767039678557,gasResistance,120662
2025-12-08T16:24:52+01:00,fec52a19-9148-4350-a1b4-ae0da05ee199,41.02464876476277,21.320767039678557,humidity,58
2025-12-08T16:24:52+01:00,fec52a19-9148-4350-a1b4-ae0da05ee199,41.02464876476277,21.320767039678557,noise,87
2025-12-08T16:24:52+01:00,fec52a19-9148-4350-a1b4-ae0da05ee199,41.02464876476277,21.320767039678557,noise_dba,57
2025-12-08T16:24:52+01:00,fec52a19-9148-4350-a1b4-ae0da05ee199,41.02464876476277,21.320767039678557,pm10,9
2025-12-08T16:24:52+01:00,fec52a19-9148-4350-a1b4-ae0da05ee199,41.02464876476277,21.320767039678557,pm25,5
2025-12-08T16:24:52+01:00,fec52a19-9148-4350-a1b4-ae0da05ee199,41.02464876476277,21.320767039678557,pressure,948
2025-12-08T16:24:52+01:00,fec52a19-9148-4350-a1b4-ae0da05ee199,41.02464876476277,21.320767039678557,temperature,12
2025-12-08T16:40:23+01:00,fec52a19-9148-4350-a1b4-ae0da05ee199,41.02464876476277,21.320767039678557,gasResistance,117023
2025-12-08T16:40:23+01:00,fec52a19-9148-4350-a1b4-ae0da05ee199,41.02464876476277,21.320767039678557,humidity,58
2025-12-08T16:40:23+01:00,fec52a19-9148-4350-a1b4-ae0da05ee199,41.02464876476277,21.320767039678557,noise,99
2025-12-08T16:40:23+01:00,fec52a19-9148-4350-a1b4-ae0da05ee199,41.02464876476277,21.320767039678557,noise_dba,59
2025-12-08T16:40:23+01:00,fec52a19-9148-4350-a1b4-ae0da05ee199,41.02464876476277,21.320767039678557,pm10,4
2025-12-08T16:40:23+01:00,fec52a19-9148-4350-a1b4-ae0da05ee199,41.02464876476277,21.320767039678557,pm25,2
2025-12-08T16:40:23+01:00,fec52a19-9148-4350-a1b4-ae0da05ee199,41.02464876476277,21.320767039678557,pressure,948
2025-12-08T16:40:23+01:00,fec52a19-9148-4350-a1b4-ae0da05ee199,41.02464876476277,21.320767039678557,temperature,12
2025-12-08T16:55:57+01:00,fec52a19-9148-4350-a1b4-ae0da05ee199,41.02464876476277,21.320767039678557,gasResistance,93822
2025-12-08T16:55:57+01:00,fec52a19-9148-4350-a1b4-ae0da05ee199,41.02464876476277,21.320767039678557,humidity,60
2025-12-08T16:55:57+01:00,fec52a19-9148-4350-a1b4-ae0da05ee199,41.02464876476277,21.320767039678557,noise,93
2025-12-08T16:55:57+01:00,fec52a19-9148-4350-a1b4-ae0da05ee199,41.02464876476277,21.320767039678557,noise_dba,58
2025-12-08T16:55:57+01:00,fec52a19-9148-4350-a1b4-ae0da05ee199,41.02464876476277,21.320767039678557,pm10,7
2025-12-08T16:55:57+01:00,fec52a19-9148-4350-a1b4-ae0da05ee199,41.02464876476277,21.320767039678557,pm25,3
2025-12-08T16:55:57+01:00,fec52a19-9148-4350-a1b4-ae0da05ee199,41.02464876476277,21.320767039678557,pressure,949
2025-12-08T16:55:57+01:00,fec52a19-9148-4350-a1b4-ae0da05ee199,41.02464876476277,21.320767039678557,temperature,11
2025-12-08T17:11:29+01:00,fec52a19-9148-4350-a1b4-ae0da05ee199,41.02464876476277,21.320767039678557,gasResistance,89303
2025-12-08T17:11:29+01:00,fec52a19-9148-4350-a1b4-ae0da05ee199,41.02464876476277,21.320767039678557,humidity,60
2025-12-08T17:11:29+01:00,fec52a19-9148-4350-a1b4-ae0da05ee199,41.02464876476277,21.320767039678557,noise,49
2025-12-08T17:11:29+01:00,fec52a19-9148-4350-a1b4-ae0da05ee199,41.02464876476277,21.320767039678557,noise_dba,48
2025-12-08T17:11:29+01:00,fec52a19-9148-4350-a1b4-ae0da05ee199,41.02464876476277,21.320767039678557,pm10,7
2025-12-08T17:11:29+01:00,fec52a19-9148-4350-a1b4-ae0da05ee199,41.02464876476277,21.320767039678557,pm25,4
2025-12-08T17:11:29+01:00,fec52a19-9148-4350-a1b4-ae0da05ee199,41.02464876476277,21.320767039678557,pressure,949
2025-12-08T17:11:29+01:00,fec52a19-9148-4350-a1b4-ae0da05ee199,41.02464876476277,21.320767039678557,temperature,11
2025-12-08T17:27:00+01:00,fec52a19-9148-4350-a1b4-ae0da05ee199,41.02464876476277,21.320767039678557,gasResistance,87615
2025-12-08T17:27:00+01:00,fec52a19-9148-4350-a1b4-ae0da05ee199,41.02464876476277,21.320767039678557,humidity,61
2025-12-08T17:27:00+01:00,fec52a19-9148-4350-a1b4-ae0da05ee199,41.02464876476277,21.320767039678557,pm10,8
2025-12-08T17:27:00+01:00,fec52a19-9148-4350-a1b4-ae0da05ee199,41.02464876476277,21.320767039678557,pm25,5
2025-12-08T17:27:00+01:00,fec52a19-9148-4350-a1b4-ae0da05ee199,41.02464876476277,21.320767039678557,pressure,949
2025-12-08T17:27:00+01:00,fec52a19-9148-4350-a1b4-ae0da05ee199,41.02464876476277,21.320767039678557,temperature,10
2025-12-08T17:42:32+01:00,fec52a19-9148-4350-a1b4-ae0da05ee199,41.02464876476277,21.320767039678557,gasResistance,87340
2025-12-08T17:42:32+01:00,fec52a19-9148-4350-a1b4-ae0da05ee199,41.02464876476277,21.320767039678557,humidity,61
2025-12-08T17:42:32+01:00,fec52a19-9148-4350-a1b4-ae0da05ee199,41.02464876476277,21.320767039678557,pm10,13
2025-12-08T17:42:32+01:00,fec52a19-9148-4350-a1b4-ae0da05ee199,41.02464876476277,21.320767039678557,pm25,5
2025-12-08T17:42:32+01:00,fec52a19-9148-4350-a1b4-ae0da05ee199,41.02464876476277,21.320767039678557,pressure,949
2025-12-08T17:42:32+01:00,fec52a19-9148-4350-a1b4-ae0da05ee199,41.02464876476277,21.320767039678557,temperature,10
2025-12-08T17:58:03+01:00,fec52a19-9148-4350-a1b4-ae0da05ee199,41.02464876476277,21.320767039678557,gasResistance,86705
2025-12-08T17:58:03+01:00,fec52a19-9148-4350-a1b4-ae0da05ee199,41.02464876476277,21.320767039678557,humidity,62
2025-12-08T17:58:03+01:00,fec52a19-9148-4350-a1b4-ae0da05ee199,41.02464876476277,21.320767039678557,pm10,23
2025-12-08T17:58:03+01:00,fec52a19-9148-4350-a1b4-ae0da05ee199,41.02464876476277,21.320767039678557,pm25,7
2025-12-08T17:58:03+01:00,fec52a19-9148-4350-a1b4-ae0da05ee199,41.02464876476277,21.320767039678557,pressure,949
2025-12-08T17:58:03+01:00,fec52a19-9148-4350-a1b4-ae0da05ee199,41.02464876476277,21.320767039678557,temperature,10
2025-12-08T18:13:35+01:00,fec52a19-9148-4350-a1b4-ae0da05ee199,41.02464876476277,21.320767039678557,gasResistance,84595
2025-12-08T18:13:35+01:00,fec52a19-9148-4350-a1b4-ae0da05ee199,41.02464876476277,21.320767039678557,humidity,61
2025-12-08T18:13:35+01:00,fec52a19-9148-4350-a1b4-ae0da05ee199,41.02464876476277,21.320767039678557,pm10,7
2025-12-08T18:13:35+01:00,fec52a19-9148-4350-a1b4-ae0da05ee199,41.02464876476277,21.320767039678557,pm25,5
2025-12-08T18:13:35+01:00,fec52a19-9148-4350-a1b4-ae0da05ee199,41.02464876476277,21.320767039678557,pressure,950
2025-12-08T18:13:35+01:00,fec52a19-9148-4350-a1b4-ae0da05ee199,41.02464876476277,21.320767039678557,temperature,10
2025-12-08T18:29:07+01:00,fec52a19-9148-4350-a1b4-ae0da05ee199,41.02464876476277,21.320767039678557,gasResistance,84681
2025-12-08T18:29:07+01:00,fec52a19-9148-4350-a1b4-ae0da05ee199,41.02464876476277,21.320767039678557,humidity,61
2025-12-08T18:29:07+01:00,fec52a19-9148-4350-a1b4-ae0da05ee199,41.02464876476277,21.320767039678557,pm10,10
2025-12-08T18:29:07+01:00,fec52a19-9148-4350-a1b4-ae0da05ee199,41.02464876476277,21.320767039678557,pm25,6
2025-12-08T18:29:07+01:00,fec52a19-9148-4350-a1b4-ae0da05ee199,41.02464876476277,21.320767039678557,pressure,950
2025-12-08T18:29:07+01:00,fec52a19-9148-4350-a1b4-ae0da05ee199,41.02464876476277,21.320767039678557,temperature,10
2025-12-08T18:44:38+01:00,fec52a19-9148-4350-a1b4-ae0da05ee199,41.02464876476277,21.320767039678557,gasResistance,84767
2025-12-08T18:44:38+01:00,fec52a19-9148-4350-a1b4-ae0da05ee199,41.02464876476277,21.320767039678557,humidity,61
2025-12-08T18:44:38+01:00,fec52a19-9148-4350-a1b4-ae0da05ee199,41.02464876476277,21.320767039678557,pm10,8
2025-12-08T18:44:38+01:00,fec52a19-9148-4350-a1b4-ae0da05ee199,41.02464876476277,21.320767039678557,pm25,6
2025-12-08T18:44:38+01:00,fec52a19-9148-4350-a1b4-ae0da05ee199,41.02464876476277,21.320767039678557,pressure,950
2025-12-08T18:44:38+01:00,fec52a19-9148-4350-a1b4-ae0da05ee199,41.02464876476277,21.320767039678557,temperature,10
2025-12-08T19:00:10+01:00,fec52a19-9148-4350-a1b4-ae0da05ee199,41.02464876476277,21.320767039678557,gasResistance,87431
2025-12-08T19:00:10+01:00,fec52a19-9148-4350-a1b4-ae0da05ee199,41.02464876476277,21.320767039678557,humidity,60
2025-12-08T19:00:10+01:00,fec52a19-9148-4350-a1b4-ae0da05ee199,41.02464876476277,21.320767039678557,pm10,7
2025-12-08T19:00:10+01:00,fec52a19-9148-4350-a1b4-ae0da05ee199,41.02464876476277,21.320767039678557,pm25,4
2025-12-08T19:00:10+01:00,fec52a19-9148-4350-a1b4-ae0da05ee199,41.02464876476277,21.320767039678557,pressure,950
2025-12-08T19:00:10+01:00,fec52a19-9148-4350-a1b4-ae0da05ee199,41.02464876476277,21.320767039678557,temperature,10
2025-12-08T19:15:41+01:00,fec52a19-9148-4350-a1b4-ae0da05ee199,41.02464876476277,21.320767039678557,gasResistance,87892
2025-12-08T19:15:41+01:00,fec52a19-9148-4350-a1b4-ae0da05ee199,41.02464876476277,21.320767039678557,humidity,59
2025-12-08T19:15:41+01:00,fec52a19-9148-4350-a1b4-ae0da05ee199,41.02464876476277,21.320767039678557,pm10,10
2025-12-08T19:15:41+01:00,fec52a19-9148-4350-a1b4-ae0da05ee199,41.02464876476277,21.320767039678557,pm25,4
2025-12-08T19:15:41+01:00,fec52a19-9148-4350-a1b4-ae0da05ee199,41.02464876476277,21.320767039678557,pressure,950
2025-12-08T19:15:41+01:00,fec52a19-9148-4350-a1b4-ae0da05ee199,41.02464876476277,21.320767039678557,temperature,10
2025-12-08T19:31:12+01:00,fec52a19-9148-4350-a1b4-ae0da05ee199,41.02464876476277,21.320767039678557,gasResistance,88733
2025-12-08T19:31:12+01:00,fec52a19-9148-4350-a1b4-ae0da05ee199,41.02464876476277,21.320767039678557,humidity,59
2025-12-08T19:31:12+01:00,fec52a19-9148-4350-a1b4-ae0da05ee199,41.02464876476277,21.320767039678557,noise,14
2025-12-08T19:31:12+01:00,fec52a19-9148-4350-a1b4-ae0da05ee199,41.02464876476277,21.320767039678557,noise_dba,28
2025-12-08T19:31:12+01:00,fec52a19-9148-4350-a1b4-ae0da05ee199,41.02464876476277,21.320767039678557,pm10,3
2025-12-08T19:31:12+01:00,fec52a19-9148-4350-a1b4-ae0da05ee199,41.02464876476277,21.320767039678557,pm25,2
2025-12-08T19:31:12+01:00,fec52a19-9148-4350-a1b4-ae0da05ee199,41.02464876476277,21.320767039678557,pressure,950
2025-12-08T19:31:12+01:00,fec52a19-9148-4350-a1b4-ae0da05ee199,41.02464876476277,21.320767039678557,temperature,10
2025-12-08T19:46:37+01:00,fec52a19-9148-4350-a1b4-ae0da05ee199,41.02464876476277,21.320767039678557,gasResistance,90367
2025-12-08T19:46:37+01:00,fec52a19-9148-4350-a1b4-ae0da05ee199,41.02464876476277,21.320767039678557,humidity,59
2025-12-08T19:46:37+01:00,fec52a19-9148-4350-a1b4-ae0da05ee199,41.02464876476277,21.320767039678557,noise,14
2025-12-08T19:46:37+01:00,fec52a19-9148-4350-a1b4-ae0da05ee199,41.02464876476277,21.320767039678557,noise_dba,28
2025-12-08T19:46:37+01:00,fec52a19-9148-4350-a1b4-ae0da05ee199,41.02464876476277,21.320767039678557,pressure,950
2025-12-08T19:46:37+01:00,fec52a19-9148-4350-a1b4-ae0da05ee199,41.02464876476277,21.320767039678557,temperature,10
2025-12-08T20:02:08+01:00,fec52a19-9148-4350-a1b4-ae0da05ee199,41.02464876476277,21.320767039678557,gasResistance,95541
2025-12-08T20:02:08+01:00,fec52a19-9148-4350-a1b4-ae0da05ee199,41.02464876476277,21.320767039678557,humidity,60
2025-12-08T20:02:08+01:00,fec52a19-9148-4350-a1b4-ae0da05ee199,41.02464876476277,21.320767039678557,pm10,7
2025-12-08T20:02:08+01:00,fec52a19-9148-4350-a1b4-ae0da05ee199,41.02464876476277,21.320767039678557,pm25,4
2025-12-08T20:02:08+01:00,fec52a19-9148-4350-a1b4-ae0da05ee199,41.02464876476277,21.320767039678557,pressure,950
2025-12-08T20:02:08+01:00,fec52a19-9148-4350-a1b4-ae0da05ee199,41.02464876476277,21.320767039678557,temperature,10
2025-12-08T20:17:40+01:00,fec52a19-9148-4350-a1b4-ae0da05ee199,41.02464876476277,21.320767039678557,gasResistance,101259
2025-12-08T20:17:40+01:00,fec52a19-9148-4350-a1b4-ae0da05ee199,41.02464876476277,21.320767039678557,humidity,59
2025-12-08T20:17:40+01:00,fec52a19-9148-4350-a1b4-ae0da05ee199,41.02464876476277,21.320767039678557,noise,49
2025-12-08T20:17:40+01:00,fec52a19-9148-4350-a1b4-ae0da05ee199,41.02464876476277,21.320767039678557,noise_dba,48
2025-12-08T20:17:40+01:00,fec52a19-9148-4350-a1b4-ae0da05ee199,41.02464876476277,21.320767039678557,pm10,5
2025-12-08T20:17:40+01:00,fec52a19-9148-4350-a1b4-ae0da05ee199,41.02464876476277,21.320767039678557,pm25,2
2025-12-08T20:17:40+01:00,fec52a19-9148-4350-a1b4-ae0da05ee199,41.02464876476277,21.320767039678557,pressure,950
2025-12-08T20:17:40+01:00,fec52a19-9148-4350-a1b4-ae0da05ee199,41.02464876476277,21.320767039678557,temperature,10
2025-12-08T20:33:13+01:00,fec52a19-9148-4350-a1b4-ae0da05ee199,41.02464876476277,21.320767039678557,gasResistance,95576
2025-12-08T20:33:13+01:00,fec52a19-9148-4350-a1b4-ae0da05ee199,41.02464876476277,21.320767039678557,humidity,59
2025-12-08T20:33:13+01:00,fec52a19-9148-4350-a1b4-ae0da05ee199,41.02464876476277,21.320767039678557,noise,63
2025-12-08T20:33:13+01:00,fec52a19-9148-4350-a1b4-ae0da05ee199,41.02464876476277,21.320767039678557,noise_dba,52
2025-12-08T20:33:13+01:00,fec52a19-9148-4350-a1b4-ae0da05ee199,41.02464876476277,21.320767039678557,pm10,4
2025-12-08T20:33:13+01:00,fec52a19-9148-4350-a1b4-ae0da05ee199,41.02464876476277,21.320767039678557,pm25,3
2025-12-08T20:33:13+01:00,fec52a19-9148-4350-a1b4-ae0da05ee199,41.02464876476277,21.320767039678557,pressure,950
2025-12-08T20:33:13+01:00,fec52a19-9148-4350-a1b4-ae0da05ee199,41.02464876476277,21.320767039678557,temperature,10
2025-12-08T20:48:44+01:00,fec52a19-9148-4350-a1b4-ae0da05ee199,41.02464876476277,21.320767039678557,gasResistance,97190
2025-12-08T20:48:44+01:00,fec52a19-9148-4350-a1b4-ae0da05ee199,41.02464876476277,21.320767039678557,humidity,59
2025-12-08T20:48:44+01:00,fec52a19-9148-4350-a1b4-ae0da05ee199,41.02464876476277,21.320767039678557,noise,11
2025-12-08T20:48:44+01:00,fec52a19-9148-4350-a1b4-ae0da05ee199,41.02464876476277,21.320767039678557,noise_dba,24
2025-12-08T20:48:44+01:00,fec52a19-9148-4350-a1b4-ae0da05ee199,41.02464876476277,21.320767039678557,pm10,4
2025-12-08T20:48:44+01:00,fec52a19-9148-4350-a1b4-ae0da05ee199,41.02464876476277,21.320767039678557,pm25,2
2025-12-08T20:48:44+01:00,fec52a19-9148-4350-a1b4-ae0da05ee199,41.02464876476277,21.320767039678557,pressure,950
2025-12-08T20:48:44+01:00,fec52a19-9148-4350-a1b4-ae0da05ee199,41.02464876476277,21.320767039678557,temperature,10
2025-12-08T21:04:16+01:00,fec52a19-9148-4350-a1b4-ae0da05ee199,41.02464876476277,21.320767039678557,gasResistance,94654
2025-12-08T21:04:16+01:00,fec52a19-9148-4350-a1b4-ae0da05ee199,41.02464876476277,21.320767039678557,humidity,60
2025-12-08T21:04:16+01:00,fec52a19-9148-4350-a1b4-ae0da05ee199,41.02464876476277,21.320767039678557,pm10,5
2025-12-08T21:04:16+01:00,fec52a19-9148-4350-a1b4-ae0da05ee199,41.02464876476277,21.320767039678557,pm25,3
2025-12-08T21:04:16+01:00,fec52a19-9148-4350-a1b4-ae0da05ee199,41.02464876476277,21.320767039678557,pressure,951
2025-12-08T21:04:16+01:00,fec52a19-9148-4350-a1b4-ae0da05ee199,41.02464876476277,21.320767039678557,temperature,10
2025-12-08T21:19:37+01:00,fec52a19-9148-4350-a1b4-ae0da05ee199,41.02464876476277,21.320767039678557,gasResistance,98162
2025-12-08T21:19:37+01:00,fec52a19-9148-4350-a1b4-ae0da05ee199,41.02464876476277,21.320767039678557,humidity,60
2025-12-08T21:19:37+01:00,fec52a19-9148-4350-a1b4-ae0da05ee199,41.02464876476277,21.320767039678557,pressure,951
2025-12-08T21:19:37+01:00,fec52a19-9148-4350-a1b4-ae0da05ee199,41.02464876476277,21.320767039678557,temperature,10
2025-12-08T21:35:10+01:00,fec52a19-9148-4350-a1b4-ae0da05ee199,41.02464876476277,21.320767039678557,gasResistance,91256
2025-12-08T21:35:10+01:00,fec52a19-9148-4350-a1b4-ae0da05ee199,41.02464876476277,21.320767039678557,humidity,61
2025-12-08T21:35:10+01:00,fec52a19-9148-4350-a1b4-ae0da05ee199,41.02464876476277,21.320767039678557,pm10,3
2025-12-08T21:35:10+01:00,fec52a19-9148-4350-a1b4-ae0da05ee199,41.02464876476277,21.320767039678557,pm25,2
2025-12-08T21:35:10+01:00,fec52a19-9148-4350-a1b4-ae0da05ee199,41.02464876476277,21.320767039678557,pressure,951
2025-12-08T21:35:10+01:00,fec52a19-9148-4350-a1b4-ae0da05ee199,41.02464876476277,21.320767039678557,temperature,10
2025-12-08T21:50:42+01:00,fec52a19-9148-4350-a1b4-ae0da05ee199,41.02464876476277,21.320767039678557,gasResistance,94246
2025-12-08T21:50:42+01:00,fec52a19-9148-4350-a1b4-ae0da05ee199,41.02464876476277,21.320767039678557,humidity,60
2025-12-08T21:50:42+01:00,fec52a19-9148-4350-a1b4-ae0da05ee199,41.02464876476277,21.320767039678557,pm10,1
2025-12-08T21:50:42+01:00,fec52a19-9148-4350-a1b4-ae0da05ee199,41.02464876476277,21.320767039678557,pm25,0
2025-12-08T21:50:42+01:00,fec52a19-9148-4350-a1b4-ae0da05ee199,41.02464876476277,21.320767039678557,pressure,951
2025-12-08T21:50:42+01:00,fec52a19-9148-4350-a1b4-ae0da05ee199,41.02464876476277,21.320767039678557,temperature,10
2025-12-08T22:06:13+01:00,fec52a19-9148-4350-a1b4-ae0da05ee199,41.02464876476277,21.320767039678557,gasResistance,107108
2025-12-08T22:06:13+01:00,fec52a19-9148-4350-a1b4-ae0da05ee199,41.02464876476277,21.320767039678557,humidity,59
2025-12-08T22:06:13+01:00,fec52a19-9148-4350-a1b4-ae0da05ee199,41.02464876476277,21.320767039678557,pm10,3
2025-12-08T22:06:13+01:00,fec52a19-9148-4350-a1b4-ae0da05ee199,41.02464876476277,21.320767039678557,pm25,1
2025-12-08T22:06:13+01:00,fec52a19-9148-4350-a1b4-ae0da05ee199,41.02464876476277,21.320767039678557,pressure,951
2025-12-08T22:06:13+01:00,fec52a19-9148-4350-a1b4-ae0da05ee199,41.02464876476277,21.320767039678557,temperature,10
2025-12-08T22:21:45+01:00,fec52a19-9148-4350-a1b4-ae0da05ee199,41.02464876476277,21.320767039678557,gasResistance,102756
2025-12-08T22:21:45+01:00,fec52a19-9148-4350-a1b4-ae0da05ee199,41.02464876476277,21.320767039678557,humidity,59
2025-12-08T22:21:45+01:00,fec52a19-9148-4350-a1b4-ae0da05ee199,41.02464876476277,21.320767039678557,pm10,1
2025-12-08T22:21:45+01:00,fec52a19-9148-4350-a1b4-ae0da05ee199,41.02464876476277,21.320767039678557,pm25,1
2025-12-08T22:21:45+01:00,fec52a19-9148-4350-a1b4-ae0da05ee199,41.02464876476277,21.320767039678557,pressure,951
2025-12-08T22:21:45+01:00,fec52a19-9148-4350-a1b4-ae0da05ee199,41.02464876476277,21.320767039678557,temperature,10
2025-12-08T22:37:16+01:00,fec52a19-9148-4350-a1b4-ae0da05ee199,41.02464876476277,21.320767039678557,gasResistance,103137
2025-12-08T22:37:16+01:00,fec52a19-9148-4350-a1b4-ae0da05ee199,41.02464876476277,21.320767039678557,humidity,60
2025-12-08T22:37:16+01:00,fec52a19-9148-4350-a1b4-ae0da05ee199,41.02464876476277,21.320767039678557,pm10,5
2025-12-08T22:37:16+01:00,fec52a19-9148-4350-a1b4-ae0da05ee199,41.02464876476277,21.320767039678557,pm25,2
2025-12-08T22:37:16+01:00,fec52a19-9148-4350-a1b4-ae0da05ee199,41.02464876476277,21.320767039678557,pressure,951
2025-12-08T22:37:16+01:00,fec52a19-9148-4350-a1b4-ae0da05ee199,41.02464876476277,21.320767039678557,temperature,10
2025-12-08T22:52:49+01:00,fec52a19-9148-4350-a1b4-ae0da05ee199,41.02464876476277,21.320767039678557,gasResistance,104755
2025-12-08T22:52:49+01:00,fec52a19-9148-4350-a1b4-ae0da05ee199,41.02464876476277,21.320767039678557,humidity,59
2025-12-08T22:52:49+01:00,fec52a19-9148-4350-a1b4-ae0da05ee199,41.02464876476277,21.320767039678557,pm10,5
2025-12-08T22:52:49+01:00,fec52a19-9148-4350-a1b4-ae0da05ee199,41.02464876476277,21.320767039678557,pm25,3
2025-12-08T22:52:49+01:00,fec52a19-9148-4350-a1b4-ae0da05ee199,41.02464876476277,21.320767039678557,pressure,951
2025-12-08T22:52:49+01:00,fec52a19-9148-4350-a1b4-ae0da05ee199,41.02464876476277,21.320767039678557,temperature,10
2025-12-08T23:08:20+01:00,fec52a19-9148-4350-a1b4-ae0da05ee199,41.02464876476277,21.320767039678557,gasResistance,106222
2025-12-08T23:08:20+01:00,fec52a19-9148-4350-a1b4-ae0da05ee199,41.02464876476277,21.320767039678557,humidity,59
2025-12-08T23:08:20+01:00,fec52a19-9148-4350-a1b4-ae0da05ee199,41.02464876476277,21.320767039678557,pm10,2
2025-12-08T23:08:20+01:00,fec52a19-9148-4350-a1b4-ae0da05ee199,41.02464876476277,21.320767039678557,pm25,1
2025-12-08T23:08:20+01:00,fec52a19-9148-4350-a1b4-ae0da05ee199,41.02464876476277,21.320767039678557,pressure,951
2025-12-08T23:08:20+01:00,fec52a19-9148-4350-a1b4-ae0da05ee199,41.02464876476277,21.320767039678557,temperature,10
2025-12-08T23:23:52+01:00,fec52a19-9148-4350-a1b4-ae0da05ee199,41.02464876476277,21.320767039678557,gasResistance,118267
2025-12-08T23:23:52+01:00,fec52a19-9148-4350-a1b4-ae0da05ee199,41.02464876476277,21.320767039678557,humidity,58
2025-12-08T23:23:52+01:00,fec52a19-9148-4350-a1b4-ae0da05ee199,41.02464876476277,21.320767039678557,pm10,1
2025-12-08T23:23:52+01:00,fec52a19-9148-4350-a1b4-ae0da05ee199,41.02464876476277,21.320767039678557,pm25,1
2025-12-08T23:23:52+01:00,fec52a19-9148-4350-a1b4-ae0da05ee199,41.02464876476277,21.320767039678557,pressure,951
2025-12-08T23:23:52+01:00,fec52a19-9148-4350-a1b4-ae0da05ee199,41.02464876476277,21.320767039678557,temperature,10
2025-12-08T23:39:24+01:00,fec52a19-9148-4350-a1b4-ae0da05ee199,41.02464876476277,21.320767039678557,gasResistance,122253
2025-12-08T23:39:24+01:00,fec52a19-9148-4350-a1b4-ae0da05ee199,41.02464876476277,21.320767039678557,humidity,59
2025-12-08T23:39:24+01:00,fec52a19-9148-4350-a1b4-ae0da05ee199,41.02464876476277,21.320767039678557,pm10,6
2025-12-08T23:39:24+01:00,fec52a19-9148-4350-a1b4-ae0da05ee199,41.02464876476277,21.320767039678557,pm25,1
2025-12-08T23:39:24+01:00,fec52a19-9148-4350-a1b4-ae0da05ee199,41.02464876476277,21.320767039678557,pressure,951
2025-12-08T23:39:24+01:00,fec52a19-9148-4350-a1b4-ae0da05ee199,41.02464876476277,21.320767039678557,temperature,10
2025-12-08T23:54:55+01:00,fec52a19-9148-4350-a1b4-ae0da05ee199,41.02464876476277,21.320767039678557,gasResistance,125188
2025-12-08T23:54:55+01:00,fec52a19-9148-4350-a1b4-ae0da05ee199,41.02464876476277,21.320767039678557,humidity,59
2025-12-08T23:54:55+01:00,fec52a19-9148-4350-a1b4-ae0da05ee199,41.02464876476277,21.320767039678557,pm10,0
2025-12-08T23:54:55+01:00,fec52a19-9148-4350-a1b4-ae0da05ee199,41.02464876476277,21.320767039678557,pm25,0
2025-12-08T23:54:55+01:00,fec52a19-9148-4350-a1b4-ae0da05ee199,41.02464876476277,21.320767039678557,pressure,951
2025-12-08T23:54:55+01:00,fec52a19-9148-4350-a1b4-ae0da05ee199,41.02464876476277,21.320767039678557,temperature,10
2025-12-09T00:10:17+01:00,fec52a19-9148-4350-a1b4-ae0da05ee199,41.02464876476277,21.320767039678557,gasResistance,131398
2025-12-09T00:10:17+01:00,fec52a19-9148-4350-a1b4-ae0da05ee199,41.02464876476277,21.320767039678557,humidity,59
2025-12-09T00:10:17+01:00,fec52a19-9148-4350-a1b4-ae0da05ee199,41.02464876476277,21.320767039678557,pressure,951
2025-12-09T00:10:17+01:00,fec52a19-9148-4350-a1b4-ae0da05ee199,41.02464876476277,21.320767039678557,temperature,10
2025-12-09T00:25:49+01:00,fec52a19-9148-4350-a1b4-ae0da05ee199,41.02464876476277,21.320767039678557,gasResistance,129864
2025-12-09T00:25:49+01:00,fec52a19-9148-4350-a1b4-ae0da05ee199,41.02464876476277,21.320767039678557,humidity,60
2025-12-09T00:25:49+01:00,fec52a19-9148-4350-a1b4-ae0da05ee199,41.02464876476277,21.320767039678557,pm10,2
2025-12-09T00:25:49+01:00,fec52a19-9148-4350-a1b4-ae0da05ee199,41.02464876476277,21.320767039678557,pm25,1
2025-12-09T00:25:49+01:00,fec52a19-9148-4350-a1b4-ae0da05ee199,41.02464876476277,21.320767039678557,pressure,951
2025-12-09T00:25:49+01:00,fec52a19-9148-4350-a1b4-ae0da05ee199,41.02464876476277,21.320767039678557,temperature,10
2025-12-09T00:41:20+01:00,fec52a19-9148-4350-a1b4-ae0da05ee199,41.02464876476277,21.320767039678557,gasResistance,136895
2025-12-09T00:41:20+01:00,fec52a19-9148-4350-a1b4-ae0da05ee199,41.02464876476277,21.320767039678557,humidity,60
2025-12-09T00:41:20+01:00,fec52a19-9148-4350-a1b4-ae0da05ee199,41.02464876476277,21.320767039678557,pm10,1
2025-12-09T00:41:20+01:00,fec52a19-9148-4350-a1b4-ae0da05ee199,41.02464876476277,21.320767039678557,pm25,1
2025-12-09T00:41:20+01:00,fec52a19-9148-4350-a1b4-ae0da05ee199,41.02464876476277,21.320767039678557,pressure,951
2025-12-09T00:41:20+01:00,fec52a19-9148-4350-a1b4-ae0da05ee199,41.02464876476277,21.320767039678557,temperature,10
2025-12-09T00:56:42+01:00,fec52a19-9148-4350-a1b4-ae0da05ee199,41.02464876476277,21.320767039678557,gasResistance,129864
2025-12-09T00:56:42+01:00,fec52a19-9148-4350-a1b4-ae0da05ee199,41.02464876476277,21.320767039678557,humidity,60
2025-12-09T00:56:42+01:00,fec52a19-9148-4350-a1b4-ae0da05ee199,41.02464876476277,21.320767039678557,pressure,951
2025-12-09T00:56:42+01:00,fec52a19-9148-4350-a1b4-ae0da05ee199,41.02464876476277,21.320767039678557,temperature,10
2025-12-09T01:12:13+01:00,fec52a19-9148-4350-a1b4-ae0da05ee199,41.02464876476277,21.320767039678557,gasResistance,125282
2025-12-09T01:12:13+01:00,fec52a19-9148-4350-a1b4-ae0da05ee199,41.02464876476277,21.320767039678557,humidity,60
2025-12-09T01:12:13+01:00,fec52a19-9148-4350-a1b4-ae0da05ee199,41.02464876476277,21.320767039678557,pm10,2
2025-12-09T01:12:13+01:00,fec52a19-9148-4350-a1b4-ae0da05ee199,41.02464876476277,21.320767039678557,pm25,2
2025-12-09T01:12:13+01:00,fec52a19-9148-4350-a1b4-ae0da05ee199,41.02464876476277,21.320767039678557,pressure,951
2025-12-09T01:12:13+01:00,fec52a19-9148-4350-a1b4-ae0da05ee199,41.02464876476277,21.320767039678557,temperature,10
2025-12-09T01:27:35+01:00,fec52a19-9148-4350-a1b4-ae0da05ee199,41.02464876476277,21.320767039678557,gasResistance,111250
2025-12-09T01:27:35+01:00,fec52a19-9148-4350-a1b4-ae0da05ee199,41.02464876476277,21.320767039678557,humidity,60
2025-12-09T01:27:35+01:00,fec52a19-9148-4350-a1b4-ae0da05ee199,41.02464876476277,21.320767039678557,pressure,951
2025-12-09T01:27:35+01:00,fec52a19-9148-4350-a1b4-ae0da05ee199,41.02464876476277,21.320767039678557,temperature,10
2025-12-09T01:43:06+01:00,fec52a19-9148-4350-a1b4-ae0da05ee199,41.02464876476277,21.320767039678557,gasResistance,116696
2025-12-09T01:43:06+01:00,fec52a19-9148-4350-a1b4-ae0da05ee199,41.02464876476277,21.320767039678557,humidity,60
2025-12-09T01:43:06+01:00,fec52a19-9148-4350-a1b4-ae0da05ee199,41.02464876476277,21.320767039678557,pm10,1
2025-12-09T01:43:06+01:00,fec52a19-9148-4350-a1b4-ae0da05ee199,41.02464876476277,21.320767039678557,pm25,1
2025-12-09T01:43:06+01:00,fec52a19-9148-4350-a1b4-ae0da05ee199,41.02464876476277,21.320767039678557,pressure,951
2025-12-09T01:43:06+01:00,fec52a19-9148-4350-a1b4-ae0da05ee199,41.02464876476277,21.320767039678557,temperature,10
2025-12-09T01:58:28+01:00,fec52a19-9148-4350-a1b4-ae0da05ee199,41.02464876476277,21.320767039678557,gasResistance,118942
2025-12-09T01:58:28+01:00,fec52a19-9148-4350-a1b4-ae0da05ee199,41.02464876476277,21.320767039678557,humidity,60
2025-12-09T01:58:28+01:00,fec52a19-9148-4350-a1b4-ae0da05ee199,41.02464876476277,21.320767039678557,pressure,951
2025-12-09T01:58:28+01:00,fec52a19-9148-4350-a1b4-ae0da05ee199,41.02464876476277,21.320767039678557,temperature,10
2025-12-09T02:13:59+01:00,fec52a19-9148-4350-a1b4-ae0da05ee199,41.02464876476277,21.320767039678557,gasResistance,115885
2025-12-09T02:13:59+01:00,fec52a19-9148-4350-a1b4-ae0da05ee199,41.02464876476277,21.320767039678557,humidity,61
2025-12-09T02:13:59+01:00,fec52a19-9148-4350-a1b4-ae0da05ee199,41.02464876476277,21.320767039678557,pm10,5
2025-12-09T02:13:59+01:00,fec52a19-9148-4350-a1b4-ae0da05ee199,41.02464876476277,21.320767039678557,pm25,2
2025-12-09T02:13:59+01:00,fec52a19-9148-4350-a1b4-ae0da05ee199,41.02464876476277,21.320767039678557,pressure,951
2025-12-09T02:13:59+01:00,fec52a19-9148-4350-a1b4-ae0da05ee199,41.02464876476277,21.320767039678557,temperature,10
2025-12-09T02:29:21+01:00,fec52a19-9148-4350-a1b4-ae0da05ee199,41.02464876476277,21.320767039678557,gasResistance,137572
2025-12-09T02:29:21+01:00,fec52a19-9148-4350-a1b4-ae0da05ee199,41.02464876476277,21.320767039678557,humidity,59
2025-12-09T02:29:21+01:00,fec52a19-9148-4350-a1b4-ae0da05ee199,41.02464876476277,21.320767039678557,pressure,951
2025-12-09T02:29:21+01:00,fec52a19-9148-4350-a1b4-ae0da05ee199,41.02464876476277,21.320767039678557,temperature,10
2025-12-09T02:44:52+01:00,fec52a19-9148-4350-a1b4-ae0da05ee199,41.02464876476277,21.320767039678557,gasResistance,158929
2025-12-09T02:44:52+01:00,fec52a19-9148-4350-a1b4-ae0da05ee199,41.02464876476277,21.320767039678557,humidity,59
2025-12-09T02:44:52+01:00,fec52a19-9148-4350-a1b4-ae0da05ee199,41.02464876476277,21.320767039678557,pm10,0
2025-12-09T02:44:52+01:00,fec52a19-9148-4350-a1b4-ae0da05ee199,41.02464876476277,21.320767039678557,pm25,0
2025-12-09T02:44:52+01:00,fec52a19-9148-4350-a1b4-ae0da05ee199,41.02464876476277,21.320767039678557,pressure,951
2025-12-09T02:44:52+01:00,fec52a19-9148-4350-a1b4-ae0da05ee199,41.02464876476277,21.320767039678557,temperature,10
2025-12-09T03:00:14+01:00,fec52a19-9148-4350-a1b4-ae0da05ee199,41.02464876476277,21.320767039678557,gasResistance,170978
2025-12-09T03:00:14+01:00,fec52a19-9148-4350-a1b4-ae0da05ee199,41.02464876476277,21.320767039678557,humidity,58
2025-12-09T03:00:14+01:00,fec52a19-9148-4350-a1b4-ae0da05ee199,41.02464876476277,21.320767039678557,pressure,951
2025-12-09T03:00:14+01:00,fec52a19-9148-4350-a1b4-ae0da05ee199,41.02464876476277,21.320767039678557,temperature,10
2025-12-09T03:15:46+01:00,fec52a19-9148-4350-a1b4-ae0da05ee199,41.02464876476277,21.320767039678557,gasResistance,176401
2025-12-09T03:15:46+01:00,fec52a19-9148-4350-a1b4-ae0da05ee199,41.02464876476277,21.320767039678557,humidity,58
2025-12-09T03:15:46+01:00,fec52a19-9148-4350-a1b4-ae0da05ee199,41.02464876476277,21.320767039678557,pm10,1
2025-12-09T03:15:46+01:00,fec52a19-9148-4350-a1b4-ae0da05ee199,41.02464876476277,21.320767039678557,pm25,0
2025-12-09T03:15:46+01:00,fec52a19-9148-4350-a1b4-ae0da05ee199,41.02464876476277,21.320767039678557,pressure,952
2025-12-09T03:15:46+01:00,fec52a19-9148-4350-a1b4-ae0da05ee199,41.02464876476277,21.320767039678557,temperature,10
2025-12-09T03:31:07+01:00,fec52a19-9148-4350-a1b4-ae0da05ee199,41.02464876476277,21.320767039678557,gasResistance,180211
2025-12-09T03:31:07+01:00,fec52a19-9148-4350-a1b4-ae0da05ee199,41.02464876476277,21.320767039678557,humidity,58
2025-12-09T03:31:07+01:00,fec52a19-9148-4350-a1b4-ae0da05ee199,41.02464876476277,21.320767039678557,pressure,952
2025-12-09T03:31:07+01:00,fec52a19-9148-4350-a1b4-ae0da05ee199,41.02464876476277,21.320767039678557,temperature,10
2025-12-09T03:46:39+01:00,fec52a19-9148-4350-a1b4-ae0da05ee199,41.02464876476277,21.320767039678557,gasResistance,179050
2025-12-09T03:46:39+01:00,fec52a19-9148-4350-a1b4-ae0da05ee199,41.02464876476277,21.320767039678557,humidity,59
2025-12-09T03:46:39+01:00,fec52a19-9148-4350-a1b4-ae0da05ee199,41.02464876476277,21.320767039678557,pm10,1
2025-12-09T03:46:39+01:00,fec52a19-9148-4350-a1b4-ae0da05ee199,41.02464876476277,21.320767039678557,pm25,0
2025-12-09T03:46:39+01:00,fec52a19-9148-4350-a1b4-ae0da05ee199,41.02464876476277,21.320767039678557,pressure,951
2025-12-09T03:46:39+01:00,fec52a19-9148-4350-a1b4-ae0da05ee199,41.02464876476277,21.320767039678557,temperature,10
2025-12-09T04:02:10+01:00,fec52a19-9148-4350-a1b4-ae0da05ee199,41.02464876476277,21.320767039678557,gasResistance,182577
2025-12-09T04:02:10+01:00,fec52a19-9148-4350-a1b4-ae0da05ee199,41.02464876476277,21.320767039678557,humidity,58
2025-12-09T04:02:10+01:00,fec52a19-9148-4350-a1b4-ae0da05ee199,41.02464876476277,21.320767039678557,pm10,0
2025-12-09T04:02:10+01:00,fec52a19-9148-4350-a1b4-ae0da05ee199,41.02464876476277,21.320767039678557,pm25,0
2025-12-09T04:02:10+01:00,fec52a19-9148-4350-a1b4-ae0da05ee199,41.02464876476277,21.320767039678557,pressure,951
2025-12-09T04:02:10+01:00,fec52a19-9148-4350-a1b4-ae0da05ee199,41.02464876476277,21.320767039678557,temperature,10
2025-12-09T04:17:42+01:00,fec52a19-9148-4350-a1b4-ae0da05ee199,41.02464876476277,21.320767039678557,gasResistance,183986
2025-12-09T04:17:42+01:00,fec52a19-9148-4350-a1b4-ae0da05ee199,41.02464876476277,21.320767039678557,humidity,59
2025-12-09T04:17:42+01:00,fec52a19-9148-4350-a1b4-ae0da05ee199,41.02464876476277,21.320767039678557,pm10,1
2025-12-09T04:17:42+01:00,fec52a19-9148-4350-a1b4-ae0da05ee199,41.02464876476277,21.320767039678557,pm25,0
2025-12-09T04:17:42+01:00,fec52a19-9148-4350-a1b4-ae0da05ee199,41.02464876476277,21.320767039678557,pressure,951
2025-12-09T04:17:42+01:00,fec52a19-9148-4350-a1b4-ae0da05ee199,41.02464876476277,21.320767039678557,temperature,10
2025-12-09T04:33:13+01:00,fec52a19-9148-4350-a1b4-ae0da05ee199,41.02464876476277,21.320767039678557,gasResistance,185413
2025-12-09T04:33:13+01:00,fec52a19-9148-4350-a1b4-ae0da05ee199,41.02464876476277,21.320767039678557,humidity,59
2025-12-09T04:33:13+01:00,fec52a19-9148-4350-a1b4-ae0da05ee199,41.02464876476277,21.320767039678557,pm10,1
2025-12-09T04:33:13+01:00,fec52a19-9148-4350-a1b4-ae0da05ee199,41.02464876476277,21.320767039678557,pm25,1
2025-12-09T04:33:13+01:00,fec52a19-9148-4350-a1b4-ae0da05ee199,41.02464876476277,21.320767039678557,pressure,951
2025-12-09T04:33:13+01:00,fec52a19-9148-4350-a1b4-ae0da05ee199,41.02464876476277,21.320767039678557,temperature,10
2025-12-09T04:48:45+01:00,fec52a19-9148-4350-a1b4-ae0da05ee199,41.02464876476277,21.320767039678557,gasResistance,182377
2025-12-09T04:48:45+01:00,fec52a19-9148-4350-a1b4-ae0da05ee199,41.02464876476277,21.320767039678557,humidity,59
2025-12-09T04:48:45+01:00,fec52a19-9148-4350-a1b4-ae0da05ee199,41.02464876476277,21.320767039678557,pm10,3
2025-12-09T04:48:45+01:00,fec52a19-9148-4350-a1b4-ae0da05ee199,41.02464876476277,21.320767039678557,pm25,1
2025-12-09T04:48:45+01:00,fec52a19-9148-4350-a1b4-ae0da05ee199,41.02464876476277,21.320767039678557,pressure,952
2025-12-09T04:48:45+01:00,fec52a19-9148-4350-a1b4-ae0da05ee199,41.02464876476277,21.320767039678557,temperature,10
2025-12-09T05:04:06+01:00,fec52a19-9148-4350-a1b4-ae0da05ee199,41.02464876476277,21.320767039678557,gasResistance,180016
2025-12-09T05:04:06+01:00,fec52a19-9148-4350-a1b4-ae0da05ee199,41.02464876476277,21.320767039678557,humidity,59
2025-12-09T05:04:06+01:00,fec52a19-9148-4350-a1b4-ae0da05ee199,41.02464876476277,21.320767039678557,pressure,952
2025-12-09T05:04:06+01:00,fec52a19-9148-4350-a1b4-ae0da05ee199,41.02464876476277,21.320767039678557,temperature,10
2025-12-09T05:19:38+01:00,fec52a19-9148-4350-a1b4-ae0da05ee199,41.02464876476277,21.320767039678557,gasResistance,178667
2025-12-09T05:19:38+01:00,fec52a19-9148-4350-a1b4-ae0da05ee199,41.02464876476277,21.320767039678557,humidity,58
2025-12-09T05:19:38+01:00,fec52a19-9148-4350-a1b4-ae0da05ee199,41.02464876476277,21.320767039678557,pm10,1
2025-12-09T05:19:38+01:00,fec52a19-9148-4350-a1b4-ae0da05ee199,41.02464876476277,21.320767039678557,pm25,0
2025-12-09T05:19:38+01:00,fec52a19-9148-4350-a1b4-ae0da05ee199,41.02464876476277,21.320767039678557,pressure,952
2025-12-09T05:19:38+01:00,fec52a19-9148-4350-a1b4-ae0da05ee199,41.02464876476277,21.320767039678557,temperature,10
2025-12-09T05:34:59+01:00,fec52a19-9148-4350-a1b4-ae0da05ee199,41.02464876476277,21.320767039678557,gasResistance,184189
2025-12-09T05:34:59+01:00,fec52a19-9148-4350-a1b4-ae0da05ee199,41.02464876476277,21.320767039678557,humidity,58
2025-12-09T05:34:59+01:00,fec52a19-9148-4350-a1b4-ae0da05ee199,41.02464876476277,21.320767039678557,pressure,952
2025-12-09T05:34:59+01:00,fec52a19-9148-4350-a1b4-ae0da05ee199,41.02464876476277,21.320767039678557,temperature,10
2025-12-09T05:50:31+01:00,fec52a19-9148-4350-a1b4-ae0da05ee199,41.02464876476277,21.320767039678557,gasResistance,174738
2025-12-09T05:50:31+01:00,fec52a19-9148-4350-a1b4-ae0da05ee199,41.02464876476277,21.320767039678557,humidity,58
2025-12-09T05:50:31+01:00,fec52a19-9148-4350-a1b4-ae0da05ee199,41.02464876476277,21.320767039678557,pm10,1
2025-12-09T05:50:31+01:00,fec52a19-9148-4350-a1b4-ae0da05ee199,41.02464876476277,21.320767039678557,pm25,0
2025-12-09T05:50:31+01:00,fec52a19-9148-4350-a1b4-ae0da05ee199,41.02464876476277,21.320767039678557,pressure,952
2025-12-09T05:50:31+01:00,fec52a19-9148-4350-a1b4-ae0da05ee199,41.02464876476277,21.320767039678557,temperature,10
2025-12-09T08:33:19+01:00,fec52a19-9148-4350-a1b4-ae0da05ee199,41.02464876476277,21.320767039678557,gasResistance,0
2025-12-09T08:33:19+01:00,fec52a19-9148-4350-a1b4-ae0da05ee199,41.02464876476277,21.320767039678557,humidity,54
2025-12-09T08:33:19+01:00,fec52a19-9148-4350-a1b4-ae0da05ee199,41.02464876476277,21.320767039678557,noise,149
2025-12-09T08:33:19+01:00,fec52a19-9148-4350-a1b4-ae0da05ee199,41.02464876476277,21.320767039678557,noise_dba,66
2025-12-09T08:33:19+01:00,fec52a19-9148-4350-a1b4-ae0da05ee199,41.02464876476277,21.320767039678557,pm10,2
2025-12-09T08:33:19+01:00,fec52a19-9148-4350-a1b4-ae0da05ee199,41.02464876476277,21.320767039678557,pm25,1
2025-12-09T08:33:19+01:00,fec52a19-9148-4350-a1b4-ae0da05ee199,41.02464876476277,21.320767039678557,pressure,953
2025-12-09T08:33:19+01:00,fec52a19-9148-4350-a1b4-ae0da05ee199,41.02464876476277,21.320767039678557,temperature,11
2025-12-09T08:48:53+01:00,fec52a19-9148-4350-a1b4-ae0da05ee199,41.02464876476277,21.320767039678557,gasResistance,94033
2025-12-09T08:48:53+01:00,fec52a19-9148-4350-a1b4-ae0da05ee199,41.02464876476277,21.320767039678557,humidity,57
2025-12-09T08:48:53+01:00,fec52a19-9148-4350-a1b4-ae0da05ee199,41.02464876476277,21.320767039678557,noise,127
2025-12-09T08:48:53+01:00,fec52a19-9148-4350-a1b4-ae0da05ee199,41.02464876476277,21.320767039678557,noise_dba,63
2025-12-09T08:48:53+01:00,fec52a19-9148-4350-a1b4-ae0da05ee199,41.02464876476277,21.320767039678557,pm10,7
2025-12-09T08:48:53+01:00,fec52a19-9148-4350-a1b4-ae0da05ee199,41.02464876476277,21.320767039678557,pm25,4
2025-12-09T08:48:53+01:00,fec52a19-9148-4350-a1b4-ae0da05ee199,41.02464876476277,21.320767039678557,pressure,953
2025-12-09T08:48:53+01:00,fec52a19-9148-4350-a1b4-ae0da05ee199,41.02464876476277,21.320767039678557,temperature,11
2025-12-09T09:04:26+01:00,fec52a19-9148-4350-a1b4-ae0da05ee199,41.02464876476277,21.320767039678557,gasResistance,93927
2025-12-09T09:04:26+01:00,fec52a19-9148-4350-a1b4-ae0da05ee199,41.02464876476277,21.320767039678557,humidity,56
2025-12-09T09:04:26+01:00,fec52a19-9148-4350-a1b4-ae0da05ee199,41.02464876476277,21.320767039678557,noise,119
2025-12-09T09:04:26+01:00,fec52a19-9148-4350-a1b4-ae0da05ee199,41.02464876476277,21.320767039678557,noise_dba,62
2025-12-09T09:04:26+01:00,fec52a19-9148-4350-a1b4-ae0da05ee199,41.02464876476277,21.320767039678557,pm10,7
2025-12-09T09:04:26+01:00,fec52a19-9148-4350-a1b4-ae0da05ee199,41.02464876476277,21.320767039678557,pm25,3
2025-12-09T09:04:26+01:00,fec52a19-9148-4350-a1b4-ae0da05ee199,41.02464876476277,21.320767039678557,pressure,953
2025-12-09T09:04:26+01:00,fec52a19-9148-4350-a1b4-ae0da05ee199,41.02464876476277,21.320767039678557,temperature,11
2025-12-09T09:19:59+01:00,fec52a19-9148-4350-a1b4-ae0da05ee199,41.02464876476277,21.320767039678557,gasResistance,103843
2025-12-09T09:19:59+01:00,fec52a19-9148-4350-a1b4-ae0da05ee199,41.02464876476277,21.320767039678557,humidity,57
2025-12-09T09:19:59+01:00,fec52a19-9148-4350-a1b4-ae0da05ee199,41.02464876476277,21.320767039678557,noise,112
2025-12-09T09:19:59+01:00,fec52a19-9148-4350-a1b4-ae0da05ee199,41.02464876476277,21.320767039678557,noise_dba,61
2025-12-09T09:19:59+01:00,fec52a19-9148-4350-a1b4-ae0da05ee199,41.02464876476277,21.320767039678557,pm10,5
2025-12-09T09:19:59+01:00,fec52a19-9148-4350-a1b4-ae0da05ee199,41.02464876476277,21.320767039678557,pm25,3
2025-12-09T09:19:59+01:00,fec52a19-9148-4350-a1b4-ae0da05ee199,41.02464876476277,21.320767039678557,pressure,953
2025-12-09T09:19:59+01:00,fec52a19-9148-4350-a1b4-ae0da05ee199,41.02464876476277,21.320767039678557,temperature,10
2025-12-09T09:35:31+01:00,fec52a19-9148-4350-a1b4-ae0da05ee199,41.02464876476277,21.320767039678557,gasResistance,103649
2025-12-09T09:35:31+01:00,fec52a19-9148-4350-a1b4-ae0da05ee199,41.02464876476277,21.320767039678557,humidity,54
2025-12-09T09:35:31+01:00,fec52a19-9148-4350-a1b4-ae0da05ee199,41.02464876476277,21.320767039678557,noise,117
2025-12-09T09:35:31+01:00,fec52a19-9148-4350-a1b4-ae0da05ee199,41.02464876476277,21.320767039678557,noise_dba,62
2025-12-09T09:35:31+01:00,fec52a19-9148-4350-a1b4-ae0da05ee199,41.02464876476277,21.320767039678557,pm10,0
2025-12-09T09:35:31+01:00,fec52a19-9148-4350-a1b4-ae0da05ee199,41.02464876476277,21.320767039678557,pm25,0
2025-12-09T09:35:31+01:00,fec52a19-9148-4350-a1b4-ae0da05ee199,41.02464876476277,21.320767039678557,pressure,953
2025-12-09T09:35:31+01:00,fec52a19-9148-4350-a1b4-ae0da05ee199,41.02464876476277,21.320767039678557,temperature,11
2025-12-09T09:51:02+01:00,fec52a19-9148-4350-a1b4-ae0da05ee199,41.02464876476277,21.320767039678557,gasResistance,112601
2025-12-09T09:51:02+01:00,fec52a19-9148-4350-a1b4-ae0da05ee199,41.02464876476277,21.320767039678557,humidity,53
2025-12-09T09:51:02+01:00,fec52a19-9148-4350-a1b4-ae0da05ee199,41.02464876476277,21.320767039678557,noise,117
2025-12-09T09:51:02+01:00,fec52a19-9148-4350-a1b4-ae0da05ee199,41.02464876476277,21.320767039678557,noise_dba,62
2025-12-09T09:51:02+01:00,fec52a19-9148-4350-a1b4-ae0da05ee199,41.02464876476277,21.320767039678557,pm10,1
2025-12-09T09:51:02+01:00,fec52a19-9148-4350-a1b4-ae0da05ee199,41.02464876476277,21.320767039678557,pm25,1
2025-12-09T09:51:02+01:00,fec52a19-9148-4350-a1b4-ae0da05ee199,41.02464876476277,21.320767039678557,pressure,953
2025-12-09T09:51:02+01:00,fec52a19-9148-4350-a1b4-ae0da05ee199,41.02464876476277,21.320767039678557,temperature,11
2025-12-09T10:06:34+01:00,fec52a19-9148-4350-a1b4-ae0da05ee199,41.02464876476277,21.320767039678557,gasResistance,111028
2025-12-09T10:06:34+01:00,fec52a19-9148-4350-a1b4-ae0da05ee199,41.02464876476277,21.320767039678557,humidity,55
2025-12-09T10:06:34+01:00,fec52a19-9148-4350-a1b4-ae0da05ee199,41.02464876476277,21.320767039678557,noise,127
2025-12-09T10:06:34+01:00,fec52a19-9148-4350-a1b4-ae0da05ee199,41.02464876476277,21.320767039678557,noise_dba,63
2025-12-09T10:06:34+01:00,fec52a19-9148-4350-a1b4-ae0da05ee199,41.02464876476277,21.320767039678557,pm10,2
2025-12-09T10:06:34+01:00,fec52a19-9148-4350-a1b4-ae0da05ee199,41.02464876476277,21.320767039678557,pm25,2
2025-12-09T10:06:34+01:00,fec52a19-9148-4350-a1b4-ae0da05ee199,41.02464876476277,21.320767039678557,pressure,953
2025-12-09T10:06:34+01:00,fec52a19-9148-4350-a1b4-ae0da05ee199,41.02464876476277,21.320767039678557,temperature,11
2025-12-09T10:22:05+01:00,fec52a19-9148-4350-a1b4-ae0da05ee199,41.02464876476277,21.320767039678557,gasResistance,117270
2025-12-09T10:22:05+01:00,fec52a19-9148-4350-a1b4-ae0da05ee199,41.02464876476277,21.320767039678557,humidity,52
2025-12-09T10:22:05+01:00,fec52a19-9148-4350-a1b4-ae0da05ee199,41.02464876476277,21.320767039678557,noise,121
2025-12-09T10:22:05+01:00,fec52a19-9148-4350-a1b4-ae0da05ee199,41.02464876476277,21.320767039678557,noise_dba,63
2025-12-09T10:22:05+01:00,fec52a19-9148-4350-a1b4-ae0da05ee199,41.02464876476277,21.320767039678557,pm10,2
2025-12-09T10:22:05+01:00,fec52a19-9148-4350-a1b4-ae0da05ee199,41.02464876476277,21.320767039678557,pm25,1
2025-12-09T10:22:05+01:00,fec52a19-9148-4350-a1b4-ae0da05ee199,41.02464876476277,21.320767039678557,pressure,953
2025-12-09T10:22:05+01:00,fec52a19-9148-4350-a1b4-ae0da05ee199,41.02464876476277,21.320767039678557,temperature,11
2025-12-09T10:37:37+01:00,fec52a19-9148-4350-a1b4-ae0da05ee199,41.02464876476277,21.320767039678557,gasResistance,130473
2025-12-09T10:37:37+01:00,fec52a19-9148-4350-a1b4-ae0da05ee199,41.02464876476277,21.320767039678557,humidity,50
2025-12-09T10:37:37+01:00,fec52a19-9148-4350-a1b4-ae0da05ee199,41.02464876476277,21.320767039678557,noise,114
2025-12-09T10:37:37+01:00,fec52a19-9148-4350-a1b4-ae0da05ee199,41.02464876476277,21.320767039678557,noise_dba,62
2025-12-09T10:37:37+01:00,fec52a19-9148-4350-a1b4-ae0da05ee199,41.02464876476277,21.320767039678557,pm10,5
2025-12-09T10:37:37+01:00,fec52a19-9148-4350-a1b4-ae0da05ee199,41.02464876476277,21.320767039678557,pm25,1
2025-12-09T10:37:37+01:00,fec52a19-9148-4350-a1b4-ae0da05ee199,41.02464876476277,21.320767039678557,pressure,953
2025-12-09T10:37:37+01:00,fec52a19-9148-4350-a1b4-ae0da05ee199,41.02464876476277,21.320767039678557,temperature,12
2025-12-09T10:53:08+01:00,fec52a19-9148-4350-a1b4-ae0da05ee199,41.02464876476277,21.320767039678557,gasResistance,141300
2025-12-09T10:53:08+01:00,fec52a19-9148-4350-a1b4-ae0da05ee199,41.02464876476277,21.320767039678557,humidity,47
2025-12-09T10:53:08+01:00,fec52a19-9148-4350-a1b4-ae0da05ee199,41.02464876476277,21.320767039678557,noise,115
2025-12-09T10:53:08+01:00,fec52a19-9148-4350-a1b4-ae0da05ee199,41.02464876476277,21.320767039678557,noise_dba,62
2025-12-09T10:53:08+01:00,fec52a19-9148-4350-a1b4-ae0da05ee199,41.02464876476277,21.320767039678557,pm10,9
2025-12-09T10:53:08+01:00,fec52a19-9148-4350-a1b4-ae0da05ee199,41.02464876476277,21.320767039678557,pm25,1
2025-12-09T10:53:08+01:00,fec52a19-9148-4350-a1b4-ae0da05ee199,41.02464876476277,21.320767039678557,pressure,952
2025-12-09T10:53:08+01:00,fec52a19-9148-4350-a1b4-ae0da05ee199,41.02464876476277,21.320767039678557,temperature,13
2025-12-09T11:08:40+01:00,fec52a19-9148-4350-a1b4-ae0da05ee199,41.02464876476277,21.320767039678557,gasResistance,142263
2025-12-09T11:08:40+01:00,fec52a19-9148-4350-a1b4-ae0da05ee199,41.02464876476277,21.320767039678557,humidity,47
2025-12-09T11:08:40+01:00,fec52a19-9148-4350-a1b4-ae0da05ee199,41.02464876476277,21.320767039678557,noise,100
2025-12-09T11:08:40+01:00,fec52a19-9148-4350-a1b4-ae0da05ee199,41.02464876476277,21.320767039678557,noise_dba,59
2025-12-09T11:08:40+01:00,fec52a19-9148-4350-a1b4-ae0da05ee199,41.02464876476277,21.320767039678557,pm10,7
2025-12-09T11:08:40+01:00,fec52a19-9148-4350-a1b4-ae0da05ee199,41.02464876476277,21.320767039678557,pm25,2
2025-12-09T11:08:40+01:00,fec52a19-9148-4350-a1b4-ae0da05ee199,41.02464876476277,21.320767039678557,pressure,952
2025-12-09T11:08:40+01:00,fec52a19-9148-4350-a1b4-ae0da05ee199,41.02464876476277,21.320767039678557,temperature,14
2025-12-09T11:24:11+01:00,fec52a19-9148-4350-a1b4-ae0da05ee199,41.02464876476277,21.320767039678557,gasResistance,147286
2025-12-09T11:24:11+01:00,fec52a19-9148-4350-a1b4-ae0da05ee199,41.02464876476277,21.320767039678557,humidity,46
2025-12-09T11:24:11+01:00,fec52a19-9148-4350-a1b4-ae0da05ee199,41.02464876476277,21.320767039678557,noise,120
2025-12-09T11:24:11+01:00,fec52a19-9148-4350-a1b4-ae0da05ee199,41.02464876476277,21.320767039678557,noise_dba,62
2025-12-09T11:24:11+01:00,fec52a19-9148-4350-a1b4-ae0da05ee199,41.02464876476277,21.320767039678557,pm10,19
2025-12-09T11:24:11+01:00,fec52a19-9148-4350-a1b4-ae0da05ee199,41.02464876476277,21.320767039678557,pm25,3
2025-12-09T11:24:11+01:00,fec52a19-9148-4350-a1b4-ae0da05ee199,41.02464876476277,21.320767039678557,pressure,952
2025-12-09T11:24:11+01:00,fec52a19-9148-4350-a1b4-ae0da05ee199,41.02464876476277,21.320767039678557,temperature,14
2025-12-09T11:39:42+01:00,fec52a19-9148-4350-a1b4-ae0da05ee199,41.02464876476277,21.320767039678557,gasResistance,140586
2025-12-09T11:39:42+01:00,fec52a19-9148-4350-a1b4-ae0da05ee199,41.02464876476277,21.320767039678557,humidity,45
2025-12-09T11:39:42+01:00,fec52a19-9148-4350-a1b4-ae0da05ee199,41.02464876476277,21.320767039678557,noise,115
2025-12-09T11:39:42+01:00,fec52a19-9148-4350-a1b4-ae0da05ee199,41.02464876476277,21.320767039678557,noise_dba,62
2025-12-09T11:39:42+01:00,fec52a19-9148-4350-a1b4-ae0da05ee199,41.02464876476277,21.320767039678557,pm10,4
2025-12-09T11:39:42+01:00,fec52a19-9148-4350-a1b4-ae0da05ee199,41.02464876476277,21.320767039678557,pm25,2
2025-12-09T11:39:42+01:00,fec52a19-9148-4350-a1b4-ae0da05ee199,41.02464876476277,21.320767039678557,pressure,952
2025-12-09T11:39:42+01:00,fec52a19-9148-4350-a1b4-ae0da05ee199,41.02464876476277,21.320767039678557,temperature,15
2025-12-09T11:55:14+01:00,fec52a19-9148-4350-a1b4-ae0da05ee199,41.02464876476277,21.320767039678557,gasResistance,135781
2025-12-09T11:55:14+01:00,fec52a19-9148-4350-a1b4-ae0da05ee199,41.02464876476277,21.320767039678557,humidity,44
2025-12-09T11:55:14+01:00,fec52a19-9148-4350-a1b4-ae0da05ee199,41.02464876476277,21.320767039678557,noise,133
2025-12-09T11:55:14+01:00,fec52a19-9148-4350-a1b4-ae0da05ee199,41.02464876476277,21.320767039678557,noise_dba,64
2025-12-09T11:55:14+01:00,fec52a19-9148-4350-a1b4-ae0da05ee199,41.02464876476277,21.320767039678557,pm10,5
2025-12-09T11:55:14+01:00,fec52a19-9148-4350-a1b4-ae0da05ee199,41.02464876476277,21.320767039678557,pm25,2
2025-12-09T11:55:14+01:00,fec52a19-9148-4350-a1b4-ae0da05ee199,41.02464876476277,21.320767039678557,pressure,952
2025-12-09T11:55:14+01:00,fec52a19-9148-4350-a1b4-ae0da05ee199,41.02464876476277,21.320767039678557,temperature,16
2025-12-09T12:10:45+01:00,fec52a19-9148-4350-a1b4-ae0da05ee199,41.02464876476277,21.320767039678557,gasResistance,133180
2025-12-09T12:10:45+01:00,fec52a19-9148-4350-a1b4-ae0da05ee199,41.02464876476277,21.320767039678557,humidity,43
2025-12-09T12:10:45+01:00,fec52a19-9148-4350-a1b4-ae0da05ee199,41.02464876476277,21.320767039678557,noise,119
2025-12-09T12:10:45+01:00,fec52a19-9148-4350-a1b4-ae0da05ee199,41.02464876476277,21.320767039678557,noise_dba,62
2025-12-09T12:10:45+01:00,fec52a19-9148-4350-a1b4-ae0da05ee199,41.02464876476277,21.320767039678557,pm10,8
2025-12-09T12:10:45+01:00,fec52a19-9148-4350-a1b4-ae0da05ee199,41.02464876476277,21.320767039678557,pm25,3
2025-12-09T12:10:45+01:00,fec52a19-9148-4350-a1b4-ae0da05ee199,41.02464876476277,21.320767039678557,pressure,952
2025-12-09T12:10:45+01:00,fec52a19-9148-4350-a1b4-ae0da05ee199,41.02464876476277,21.320767039678557,temperature,16
2025-12-09T12:26:17+01:00,fec52a19-9148-4350-a1b4-ae0da05ee199,41.02464876476277,21.320767039678557,gasResistance,134794
2025-12-09T12:26:17+01:00,fec52a19-9148-4350-a1b4-ae0da05ee199,41.02464876476277,21.320767039678557,humidity,44
2025-12-09T12:26:17+01:00,fec52a19-9148-4350-a1b4-ae0da05ee199,41.02464876476277,21.320767039678557,noise,127
2025-12-09T12:26:17+01:00,fec52a19-9148-4350-a1b4-ae0da05ee199,41.02464876476277,21.320767039678557,noise_dba,63
2025-12-09T12:26:17+01:00,fec52a19-9148-4350-a1b4-ae0da05ee199,41.02464876476277,21.320767039678557,pm10,52
2025-12-09T12:26:17+01:00,fec52a19-9148-4350-a1b4-ae0da05ee199,41.02464876476277,21.320767039678557,pm25,25
2025-12-09T12:26:17+01:00,fec52a19-9148-4350-a1b4-ae0da05ee199,41.02464876476277,21.320767039678557,pressure,951
2025-12-09T12:26:17+01:00,fec52a19-9148-4350-a1b4-ae0da05ee199,41.02464876476277,21.320767039678557,temperature,16
2025-12-09T12:41:48+01:00,fec52a19-9148-4350-a1b4-ae0da05ee199,41.02464876476277,21.320767039678557,gasResistance,123428
2025-12-09T12:41:48+01:00,fec52a19-9148-4350-a1b4-ae0da05ee199,41.02464876476277,21.320767039678557,humidity,44
2025-12-09T12:41:48+01:00,fec52a19-9148-4350-a1b4-ae0da05ee199,41.02464876476277,21.320767039678557,noise,125
2025-12-09T12:41:48+01:00,fec52a19-9148-4350-a1b4-ae0da05ee199,41.02464876476277,21.320767039678557,noise_dba,63
2025-12-09T12:41:48+01:00,fec52a19-9148-4350-a1b4-ae0da05ee199,41.02464876476277,21.320767039678557,pm10,7
2025-12-09T12:41:48+01:00,fec52a19-9148-4350-a1b4-ae0da05ee199,41.02464876476277,21.320767039678557,pm25,3
2025-12-09T12:41:48+01:00,fec52a19-9148-4350-a1b4-ae0da05ee199,41.02464876476277,21.320767039678557,pressure,951
2025-12-09T12:41:48+01:00,fec52a19-9148-4350-a1b4-ae0da05ee199,41.02464876476277,21.320767039678557,temperature,16
2025-12-09T12:57:20+01:00,fec52a19-9148-4350-a1b4-ae0da05ee199,41.02464876476277,21.320767039678557,gasResistance,127972
2025-12-09T12:57:20+01:00,fec52a19-9148-4350-a1b4-ae0da05ee199,41.02464876476277,21.320767039678557,humidity,44
2025-12-09T12:57:20+01:00,fec52a19-9148-4350-a1b4-ae0da05ee199,41.02464876476277,21.320767039678557,noise,121
2025-12-09T12:57:20+01:00,fec52a19-9148-4350-a1b4-ae0da05ee199,41.02464876476277,21.320767039678557,noise_dba,63
2025-12-09T12:57:20+01:00,fec52a19-9148-4350-a1b4-ae0da05ee199,41.02464876476277,21.320767039678557,pm10,8
2025-12-09T12:57:20+01:00,fec52a19-9148-4350-a1b4-ae0da05ee199,41.02464876476277,21.320767039678557,pm25,3
2025-12-09T12:57:20+01:00,fec52a19-9148-4350-a1b4-ae0da05ee199,41.02464876476277,21.320767039678557,pressure,951
2025-12-09T12:57:20+01:00,fec52a19-9148-4350-a1b4-ae0da05ee199,41.02464876476277,21.320767039678557,temperature,16
2025-12-09T13:12:51+01:00,fec52a19-9148-4350-a1b4-ae0da05ee199,41.02464876476277,21.320767039678557,gasResistance,126901
2025-12-09T13:12:51+01:00,fec52a19-9148-4350-a1b4-ae0da05ee199,41.02464876476277,21.320767039678557,humidity,46
2025-12-09T13:12:51+01:00,fec52a19-9148-4350-a1b4-ae0da05ee199,41.02464876476277,21.320767039678557,noise,122
2025-12-09T13:12:51+01:00,fec52a19-9148-4350-a1b4-ae0da05ee199,41.02464876476277,21.320767039678557,noise_dba,63
2025-12-09T13:12:51+01:00,fec52a19-9148-4350-a1b4-ae0da05ee199,41.02464876476277,21.320767039678557,pm10,20
2025-12-09T13:12:51+01:00,fec52a19-9148-4350-a1b4-ae0da05ee199,41.02464876476277,21.320767039678557,pm25,5
2025-12-09T13:12:51+01:00,fec52a19-9148-4350-a1b4-ae0da05ee199,41.02464876476277,21.320767039678557,pressure,951
2025-12-09T13:12:51+01:00,fec52a19-9148-4350-a1b4-ae0da05ee199,41.02464876476277,21.320767039678557,temperature,16
2025-12-09T13:28:23+01:00,fec52a19-9148-4350-a1b4-ae0da05ee199,41.02464876476277,21.320767039678557,gasResistance,116941
2025-12-09T13:28:23+01:00,fec52a19-9148-4350-a1b4-ae0da05ee199,41.02464876476277,21.320767039678557,humidity,47
2025-12-09T13:28:23+01:00,fec52a19-9148-4350-a1b4-ae0da05ee199,41.02464876476277,21.320767039678557,noise,123
2025-12-09T13:28:23+01:00,fec52a19-9148-4350-a1b4-ae0da05ee199,41.02464876476277,21.320767039678557,noise_dba,63
2025-12-09T13:28:23+01:00,fec52a19-9148-4350-a1b4-ae0da05ee199,41.02464876476277,21.320767039678557,pm10,9
2025-12-09T13:28:23+01:00,fec52a19-9148-4350-a1b4-ae0da05ee199,41.02464876476277,21.320767039678557,pm25,3
2025-12-09T13:28:23+01:00,fec52a19-9148-4350-a1b4-ae0da05ee199,41.02464876476277,21.320767039678557,pressure,951
2025-12-09T13:28:23+01:00,fec52a19-9148-4350-a1b4-ae0da05ee199,41.02464876476277,21.320767039678557,temperature,16
2025-12-09T13:43:57+01:00,fec52a19-9148-4350-a1b4-ae0da05ee199,41.02464876476277,21.320767039678557,gasResistance,121985
2025-12-09T13:43:57+01:00,fec52a19-9148-4350-a1b4-ae0da05ee199,41.02464876476277,21.320767039678557,humidity,48
2025-12-09T13:43:57+01:00,fec52a19-9148-4350-a1b4-ae0da05ee199,41.02464876476277,21.320767039678557,noise,122
2025-12-09T13:43:57+01:00,fec52a19-9148-4350-a1b4-ae0da05ee199,41.02464876476277,21.320767039678557,noise_dba,63
2025-12-09T13:43:57+01:00,fec52a19-9148-4350-a1b4-ae0da05ee199,41.02464876476277,21.320767039678557,pm10,6
2025-12-09T13:43:57+01:00,fec52a19-9148-4350-a1b4-ae0da05ee199,41.02464876476277,21.320767039678557,pm25,2
2025-12-09T13:43:57+01:00,fec52a19-9148-4350-a1b4-ae0da05ee199,41.02464876476277,21.320767039678557,pressure,951
2025-12-09T13:43:57+01:00,fec52a19-9148-4350-a1b4-ae0da05ee199,41.02464876476277,21.320767039678557,temperature,16
2025-12-09T13:59:28+01:00,fec52a19-9148-4350-a1b4-ae0da05ee199,41.02464876476277,21.320767039678557,gasResistance,131605
2025-12-09T13:59:28+01:00,fec52a19-9148-4350-a1b4-ae0da05ee199,41.02464876476277,21.320767039678557,humidity,48
2025-12-09T13:59:28+01:00,fec52a19-9148-4350-a1b4-ae0da05ee199,41.02464876476277,21.320767039678557,noise,120
2025-12-09T13:59:28+01:00,fec52a19-9148-4350-a1b4-ae0da05ee199,41.02464876476277,21.320767039678557,noise_dba,62
2025-12-09T13:59:28+01:00,fec52a19-9148-4350-a1b4-ae0da05ee199,41.02464876476277,21.320767039678557,pm10,9
2025-12-09T13:59:28+01:00,fec52a19-9148-4350-a1b4-ae0da05ee199,41.02464876476277,21.320767039678557,pm25,3
2025-12-09T13:59:28+01:00,fec52a19-9148-4350-a1b4-ae0da05ee199,41.02464876476277,21.320767039678557,pressure,950
2025-12-09T13:59:28+01:00,fec52a19-9148-4350-a1b4-ae0da05ee199,41.02464876476277,21.320767039678557,temperature,15
2025-12-09T14:15:00+01:00,fec52a19-9148-4350-a1b4-ae0da05ee199,41.02464876476277,21.320767039678557,gasResistance,127678
2025-12-09T14:15:00+01:00,fec52a19-9148-4350-a1b4-ae0da05ee199,41.02464876476277,21.320767039678557,humidity,48
2025-12-09T14:15:00+01:00,fec52a19-9148-4350-a1b4-ae0da05ee199,41.02464876476277,21.320767039678557,noise,128
2025-12-09T14:15:00+01:00,fec52a19-9148-4350-a1b4-ae0da05ee199,41.02464876476277,21.320767039678557,noise_dba,63
2025-12-09T14:15:00+01:00,fec52a19-9148-4350-a1b4-ae0da05ee199,41.02464876476277,21.320767039678557,pm10,38
2025-12-09T14:15:00+01:00,fec52a19-9148-4350-a1b4-ae0da05ee199,41.02464876476277,21.320767039678557,pm25,16
2025-12-09T14:15:00+01:00,fec52a19-9148-4350-a1b4-ae0da05ee199,41.02464876476277,21.320767039678557,pressure,950
2025-12-09T14:15:00+01:00,fec52a19-9148-4350-a1b4-ae0da05ee199,41.02464876476277,21.320767039678557,temperature,15
2025-12-09T14:30:31+01:00,fec52a19-9148-4350-a1b4-ae0da05ee199,41.02464876476277,21.320767039678557,gasResistance,121985
2025-12-09T14:30:31+01:00,fec52a19-9148-4350-a1b4-ae0da05ee199,41.02464876476277,21.320767039678557,humidity,48
2025-12-09T14:30:31+01:00,fec52a19-9148-4350-a1b4-ae0da05ee199,41.02464876476277,21.320767039678557,noise,106
2025-12-09T14:30:31+01:00,fec52a19-9148-4350-a1b4-ae0da05ee199,41.02464876476277,21.320767039678557,noise_dba,60
2025-12-09T14:30:31+01:00,fec52a19-9148-4350-a1b4-ae0da05ee199,41.02464876476277,21.320767039678557,pm10,11
2025-12-09T14:30:31+01:00,fec52a19-9148-4350-a1b4-ae0da05ee199,41.02464876476277,21.320767039678557,pm25,4
2025-12-09T14:30:31+01:00,fec52a19-9148-4350-a1b4-ae0da05ee199,41.02464876476277,21.320767039678557,pressure,950
2025-12-09T14:30:31+01:00,fec52a19-9148-4350-a1b4-ae0da05ee199,41.02464876476277,21.320767039678557,temperature,15
2025-12-09T14:46:03+01:00,fec52a19-9148-4350-a1b4-ae0da05ee199,41.02464876476277,21.320767039678557,gasResistance,114691
2025-12-09T14:46:03+01:00,fec52a19-9148-4350-a1b4-ae0da05ee199,41.02464876476277,21.320767039678557,humidity,48
2025-12-09T14:46:03+01:00,fec52a19-9148-4350-a1b4-ae0da05ee199,41.02464876476277,21.320767039678557,noise,131
2025-12-09T14:46:03+01:00,fec52a19-9148-4350-a1b4-ae0da05ee199,41.02464876476277,21.320767039678557,noise_dba,64
2025-12-09T14:46:03+01:00,fec52a19-9148-4350-a1b4-ae0da05ee199,41.02464876476277,21.320767039678557,pm10,7
2025-12-09T14:46:03+01:00,fec52a19-9148-4350-a1b4-ae0da05ee199,41.02464876476277,21.320767039678557,pm25,4
2025-12-09T14:46:03+01:00,fec52a19-9148-4350-a1b4-ae0da05ee199,41.02464876476277,21.320767039678557,pressure,950
2025-12-09T14:46:03+01:00,fec52a19-9148-4350-a1b4-ae0da05ee199,41.02464876476277,21.320767039678557,temperature,15
2025-12-09T15:01:34+01:00,fec52a19-9148-4350-a1b4-ae0da05ee199,41.02464876476277,21.320767039678557,gasResistance,94139
2025-12-09T15:01:34+01:00,fec52a19-9148-4350-a1b4-ae0da05ee199,41.02464876476277,21.320767039678557,humidity,50
2025-12-09T15:01:34+01:00,fec52a19-9148-4350-a1b4-ae0da05ee199,41.02464876476277,21.320767039678557,noise,123
2025-12-09T15:01:34+01:00,fec52a19-9148-4350-a1b4-ae0da05ee199,41.02464876476277,21.320767039678557,noise_dba,63
2025-12-09T15:01:34+01:00,fec52a19-9148-4350-a1b4-ae0da05ee199,41.02464876476277,21.320767039678557,pm10,16
2025-12-09T15:01:34+01:00,fec52a19-9148-4350-a1b4-ae0da05ee199,41.02464876476277,21.320767039678557,pm25,6
2025-12-09T15:01:34+01:00,fec52a19-9148-4350-a1b4-ae0da05ee199,41.02464876476277,21.320767039678557,pressure,950
2025-12-09T15:01:34+01:00,fec52a19-9148-4350-a1b4-ae0da05ee199,41.02464876476277,21.320767039678557,temperature,15
2025-12-09T15:17:06+01:00,fec52a19-9148-4350-a1b4-ae0da05ee199,41.02464876476277,21.320767039678557,gasResistance,82749
2025-12-09T15:17:06+01:00,fec52a19-9148-4350-a1b4-ae0da05ee199,41.02464876476277,21.320767039678557,humidity,51
2025-12-09T15:17:06+01:00,fec52a19-9148-4350-a1b4-ae0da05ee199,41.02464876476277,21.320767039678557,noise,117
2025-12-09T15:17:06+01:00,fec52a19-9148-4350-a1b4-ae0da05ee199,41.02464876476277,21.320767039678557,noise_dba,62
2025-12-09T15:17:06+01:00,fec52a19-9148-4350-a1b4-ae0da05ee199,41.02464876476277,21.320767039678557,pm10,15
2025-12-09T15:17:06+01:00,fec52a19-9148-4350-a1b4-ae0da05ee199,41.02464876476277,21.320767039678557,pm25,7
2025-12-09T15:17:06+01:00,fec52a19-9148-4350-a1b4-ae0da05ee199,41.02464876476277,21.320767039678557,pressure,950
2025-12-09T15:17:06+01:00,fec52a19-9148-4350-a1b4-ae0da05ee199,41.02464876476277,21.320767039678557,temperature,14
2025-12-09T15:32:37+01:00,fec52a19-9148-4350-a1b4-ae0da05ee199,41.02464876476277,21.320767039678557,gasResistance,77163
2025-12-09T15:32:37+01:00,fec52a19-9148-4350-a1b4-ae0da05ee199,41.02464876476277,21.320767039678557,humidity,53
2025-12-09T15:32:37+01:00,fec52a19-9148-4350-a1b4-ae0da05ee199,41.02464876476277,21.320767039678557,noise,126
2025-12-09T15:32:37+01:00,fec52a19-9148-4350-a1b4-ae0da05ee199,41.02464876476277,21.320767039678557,noise_dba,63
2025-12-09T15:32:37+01:00,fec52a19-9148-4350-a1b4-ae0da05ee199,41.02464876476277,21.320767039678557,pm10,5
2025-12-09T15:32:37+01:00,fec52a19-9148-4350-a1b4-ae0da05ee199,41.02464876476277,21.320767039678557,pm25,3
2025-12-09T15:32:37+01:00,fec52a19-9148-4350-a1b4-ae0da05ee199,41.02464876476277,21.320767039678557,pressure,950
2025-12-09T15:32:37+01:00,fec52a19-9148-4350-a1b4-ae0da05ee199,41.02464876476277,21.320767039678557,temperature,13
2025-12-09T15:48:10+01:00,fec52a19-9148-4350-a1b4-ae0da05ee199,41.02464876476277,21.320767039678557,gasResistance,78175
2025-12-09T15:48:10+01:00,fec52a19-9148-4350-a1b4-ae0da05ee199,41.02464876476277,21.320767039678557,humidity,54
2025-12-09T15:48:10+01:00,fec52a19-9148-4350-a1b4-ae0da05ee199,41.02464876476277,21.320767039678557,noise,126
2025-12-09T15:48:10+01:00,fec52a19-9148-4350-a1b4-ae0da05ee199,41.02464876476277,21.320767039678557,noise_dba,63
2025-12-09T15:48:10+01:00,fec52a19-9148-4350-a1b4-ae0da05ee199,41.02464876476277,21.320767039678557,pm10,8
2025-12-09T15:48:10+01:00,fec52a19-9148-4350-a1b4-ae0da05ee199,41.02464876476277,21.320767039678557,pm25,6
2025-12-09T15:48:10+01:00,fec52a19-9148-4350-a1b4-ae0da05ee199,41.02464876476277,21.320767039678557,pressure,950
2025-12-09T15:48:10+01:00,fec52a19-9148-4350-a1b4-ae0da05ee199,41.02464876476277,21.320767039678557,temperature,13
2025-12-09T16:03:42+01:00,fec52a19-9148-4350-a1b4-ae0da05ee199,41.02464876476277,21.320767039678557,gasResistance,78029
2025-12-09T16:03:42+01:00,fec52a19-9148-4350-a1b4-ae0da05ee199,41.02464876476277,21.320767039678557,humidity,54
2025-12-09T16:03:42+01:00,fec52a19-9148-4350-a1b4-ae0da05ee199,41.02464876476277,21.320767039678557,noise,115
2025-12-09T16:03:42+01:00,fec52a19-9148-4350-a1b4-ae0da05ee199,41.02464876476277,21.320767039678557,noise_dba,62
2025-12-09T16:03:42+01:00,fec52a19-9148-4350-a1b4-ae0da05ee199,41.02464876476277,21.320767039678557,pm10,23
2025-12-09T16:03:42+01:00,fec52a19-9148-4350-a1b4-ae0da05ee199,41.02464876476277,21.320767039678557,pm25,4
2025-12-09T16:03:42+01:00,fec52a19-9148-4350-a1b4-ae0da05ee199,41.02464876476277,21.320767039678557,pressure,950
2025-12-09T16:03:42+01:00,fec52a19-9148-4350-a1b4-ae0da05ee199,41.02464876476277,21.320767039678557,temperature,12
2025-12-09T16:19:13+01:00,fec52a19-9148-4350-a1b4-ae0da05ee199,41.02464876476277,21.320767039678557,gasResistance,82017
2025-12-09T16:19:13+01:00,fec52a19-9148-4350-a1b4-ae0da05ee199,41.02464876476277,21.320767039678557,humidity,55
2025-12-09T16:19:13+01:00,fec52a19-9148-4350-a1b4-ae0da05ee199,41.02464876476277,21.320767039678557,noise,125
2025-12-09T16:19:13+01:00,fec52a19-9148-4350-a1b4-ae0da05ee199,41.02464876476277,21.320767039678557,noise_dba,63
2025-12-09T16:19:13+01:00,fec52a19-9148-4350-a1b4-ae0da05ee199,41.02464876476277,21.320767039678557,pm10,11
2025-12-09T16:19:13+01:00,fec52a19-9148-4350-a1b4-ae0da05ee199,41.02464876476277,21.320767039678557,pm25,3
2025-12-09T16:19:13+01:00,fec52a19-9148-4350-a1b4-ae0da05ee199,41.02464876476277,21.320767039678557,pressure,950
2025-12-09T16:19:13+01:00,fec52a19-9148-4350-a1b4-ae0da05ee199,41.02464876476277,21.320767039678557,temperature,11
2025-12-09T16:34:45+01:00,fec52a19-9148-4350-a1b4-ae0da05ee199,41.02464876476277,21.320767039678557,gasResistance,86346
2025-12-09T16:34:45+01:00,fec52a19-9148-4350-a1b4-ae0da05ee199,41.02464876476277,21.320767039678557,humidity,55
2025-12-09T16:34:45+01:00,fec52a19-9148-4350-a1b4-ae0da05ee199,41.02464876476277,21.320767039678557,noise,101
2025-12-09T16:34:45+01:00,fec52a19-9148-4350-a1b4-ae0da05ee199,41.02464876476277,21.320767039678557,noise_dba,60
2025-12-09T16:34:45+01:00,fec52a19-9148-4350-a1b4-ae0da05ee199,41.02464876476277,21.320767039678557,pm10,19
2025-12-09T16:34:45+01:00,fec52a19-9148-4350-a1b4-ae0da05ee199,41.02464876476277,21.320767039678557,pm25,6
2025-12-09T16:34:45+01:00,fec52a19-9148-4350-a1b4-ae0da05ee199,41.02464876476277,21.320767039678557,pressure,950
2025-12-09T16:34:45+01:00,fec52a19-9148-4350-a1b4-ae0da05ee199,41.02464876476277,21.320767039678557,temperature,11
2025-12-09T16:50:06+01:00,fec52a19-9148-4350-a1b4-ae0da05ee199,41.02464876476277,21.320767039678557,gasResistance,84424
2025-12-09T16:50:06+01:00,fec52a19-9148-4350-a1b4-ae0da05ee199,41.02464876476277,21.320767039678557,humidity,55
2025-12-09T16:50:06+01:00,fec52a19-9148-4350-a1b4-ae0da05ee199,41.02464876476277,21.320767039678557,noise,14
2025-12-09T16:50:06+01:00,fec52a19-9148-4350-a1b4-ae0da05ee199,41.02464876476277,21.320767039678557,noise_dba,28
2025-12-09T16:50:06+01:00,fec52a19-9148-4350-a1b4-ae0da05ee199,41.02464876476277,21.320767039678557,pressure,950
2025-12-09T16:50:06+01:00,fec52a19-9148-4350-a1b4-ae0da05ee199,41.02464876476277,21.320767039678557,temperature,11
2025-12-09T17:05:37+01:00,fec52a19-9148-4350-a1b4-ae0da05ee199,41.02464876476277,21.320767039678557,gasResistance,86167
2025-12-09T17:05:37+01:00,fec52a19-9148-4350-a1b4-ae0da05ee199,41.02464876476277,21.320767039678557,humidity,57
2025-12-09T17:05:37+01:00,fec52a19-9148-4350-a1b4-ae0da05ee199,41.02464876476277,21.320767039678557,pm10,5
2025-12-09T17:05:37+01:00,fec52a19-9148-4350-a1b4-ae0da05ee199,41.02464876476277,21.320767039678557,pm25,3
2025-12-09T17:05:37+01:00,fec52a19-9148-4350-a1b4-ae0da05ee199,41.02464876476277,21.320767039678557,pressure,950
2025-12-09T17:05:37+01:00,fec52a19-9148-4350-a1b4-ae0da05ee199,41.02464876476277,21.320767039678557,temperature,10
2025-12-09T17:21:09+01:00,fec52a19-9148-4350-a1b4-ae0da05ee199,41.02464876476277,21.320767039678557,gasResistance,88545
2025-12-09T17:21:09+01:00,fec52a19-9148-4350-a1b4-ae0da05ee199,41.02464876476277,21.320767039678557,humidity,56
2025-12-09T17:21:09+01:00,fec52a19-9148-4350-a1b4-ae0da05ee199,41.02464876476277,21.320767039678557,pm10,4
2025-12-09T17:21:09+01:00,fec52a19-9148-4350-a1b4-ae0da05ee199,41.02464876476277,21.320767039678557,pm25,3
2025-12-09T17:21:09+01:00,fec52a19-9148-4350-a1b4-ae0da05ee199,41.02464876476277,21.320767039678557,pressure,950
2025-12-09T17:21:09+01:00,fec52a19-9148-4350-a1b4-ae0da05ee199,41.02464876476277,21.320767039678557,temperature,10
2025-12-09T17:36:40+01:00,fec52a19-9148-4350-a1b4-ae0da05ee199,41.02464876476277,21.320767039678557,gasResistance,88451
2025-12-09T17:36:40+01:00,fec52a19-9148-4350-a1b4-ae0da05ee199,41.02464876476277,21.320767039678557,humidity,55
2025-12-09T17:36:40+01:00,fec52a19-9148-4350-a1b4-ae0da05ee199,41.02464876476277,21.320767039678557,pm10,5
2025-12-09T17:36:40+01:00,fec52a19-9148-4350-a1b4-ae0da05ee199,41.02464876476277,21.320767039678557,pm25,3
2025-12-09T17:36:40+01:00,fec52a19-9148-4350-a1b4-ae0da05ee199,41.02464876476277,21.320767039678557,pressure,950
2025-12-09T17:36:40+01:00,fec52a19-9148-4350-a1b4-ae0da05ee199,41.02464876476277,21.320767039678557,temperature,10
2025-12-09T17:52:02+01:00,fec52a19-9148-4350-a1b4-ae0da05ee199,41.02464876476277,21.320767039678557,gasResistance,88170
2025-12-09T17:52:02+01:00,fec52a19-9148-4350-a1b4-ae0da05ee199,41.02464876476277,21.320767039678557,humidity,55
2025-12-09T17:52:02+01:00,fec52a19-9148-4350-a1b4-ae0da05ee199,41.02464876476277,21.320767039678557,pressure,950
2025-12-09T17:52:02+01:00,fec52a19-9148-4350-a1b4-ae0da05ee199,41.02464876476277,21.320767039678557,temperature,9
2025-12-09T18:07:33+01:00,fec52a19-9148-4350-a1b4-ae0da05ee199,41.02464876476277,21.320767039678557,gasResistance,89112
2025-12-09T18:07:33+01:00,fec52a19-9148-4350-a1b4-ae0da05ee199,41.02464876476277,21.320767039678557,humidity,57
2025-12-09T18:07:33+01:00,fec52a19-9148-4350-a1b4-ae0da05ee199,41.02464876476277,21.320767039678557,pm10,6
2025-12-09T18:07:33+01:00,fec52a19-9148-4350-a1b4-ae0da05ee199,41.02464876476277,21.320767039678557,pm25,4
2025-12-09T18:07:33+01:00,fec52a19-9148-4350-a1b4-ae0da05ee199,41.02464876476277,21.320767039678557,pressure,951
2025-12-09T18:07:33+01:00,fec52a19-9148-4350-a1b4-ae0da05ee199,41.02464876476277,21.320767039678557,temperature,9
2025-12-09T18:23:06+01:00,fec52a19-9148-4350-a1b4-ae0da05ee199,41.02464876476277,21.320767039678557,gasResistance,90074
2025-12-09T18:23:06+01:00,fec52a19-9148-4350-a1b4-ae0da05ee199,41.02464876476277,21.320767039678557,humidity,56
2025-12-09T18:23:06+01:00,fec52a19-9148-4350-a1b4-ae0da05ee199,41.02464876476277,21.320767039678557,pm10,16
2025-12-09T18:23:06+01:00,fec52a19-9148-4350-a1b4-ae0da05ee199,41.02464876476277,21.320767039678557,pm25,6
2025-12-09T18:23:06+01:00,fec52a19-9148-4350-a1b4-ae0da05ee199,41.02464876476277,21.320767039678557,pressure,951
2025-12-09T18:23:06+01:00,fec52a19-9148-4350-a1b4-ae0da05ee199,41.02464876476277,21.320767039678557,temperature,9
2025-12-09T18:38:38+01:00,fec52a19-9148-4350-a1b4-ae0da05ee199,41.02464876476277,21.320767039678557,gasResistance,94352
2025-12-09T18:38:38+01:00,fec52a19-9148-4350-a1b4-ae0da05ee199,41.02464876476277,21.320767039678557,humidity,56
2025-12-09T18:38:38+01:00,fec52a19-9148-4350-a1b4-ae0da05ee199,41.02464876476277,21.320767039678557,pm10,6
2025-12-09T18:38:38+01:00,fec52a19-9148-4350-a1b4-ae0da05ee199,41.02464876476277,21.320767039678557,pm25,4
2025-12-09T18:38:38+01:00,fec52a19-9148-4350-a1b4-ae0da05ee199,41.02464876476277,21.320767039678557,pressure,951
2025-12-09T18:38:38+01:00,fec52a19-9148-4350-a1b4-ae0da05ee199,41.02464876476277,21.320767039678557,temperature,9
2025-12-09T18:54:09+01:00,fec52a19-9148-4350-a1b4-ae0da05ee199,41.02464876476277,21.320767039678557,gasResistance,95541
2025-12-09T18:54:09+01:00,fec52a19-9148-4350-a1b4-ae0da05ee199,41.02464876476277,21.320767039678557,humidity,56
2025-12-09T18:54:09+01:00,fec52a19-9148-4350-a1b4-ae0da05ee199,41.02464876476277,21.320767039678557,pm10,5
2025-12-09T18:54:09+01:00,fec52a19-9148-4350-a1b4-ae0da05ee199,41.02464876476277,21.320767039678557,pm25,3
2025-12-09T18:54:09+01:00,fec52a19-9148-4350-a1b4-ae0da05ee199,41.02464876476277,21.320767039678557,pressure,951
2025-12-09T18:54:09+01:00,fec52a19-9148-4350-a1b4-ae0da05ee199,41.02464876476277,21.320767039678557,temperature,8
2025-12-09T19:09:41+01:00,fec52a19-9148-4350-a1b4-ae0da05ee199,41.02464876476277,21.320767039678557,gasResistance,93716
2025-12-09T19:09:41+01:00,fec52a19-9148-4350-a1b4-ae0da05ee199,41.02464876476277,21.320767039678557,humidity,56
2025-12-09T19:09:41+01:00,fec52a19-9148-4350-a1b4-ae0da05ee199,41.02464876476277,21.320767039678557,pm10,10
2025-12-09T19:09:41+01:00,fec52a19-9148-4350-a1b4-ae0da05ee199,41.02464876476277,21.320767039678557,pm25,6
2025-12-09T19:09:41+01:00,fec52a19-9148-4350-a1b4-ae0da05ee199,41.02464876476277,21.320767039678557,pressure,951
2025-12-09T19:09:41+01:00,fec52a19-9148-4350-a1b4-ae0da05ee199,41.02464876476277,21.320767039678557,temperature,8
2025-12-09T19:25:12+01:00,fec52a19-9148-4350-a1b4-ae0da05ee199,41.02464876476277,21.320767039678557,gasResistance,93927
2025-12-09T19:25:12+01:00,fec52a19-9148-4350-a1b4-ae0da05ee199,41.02464876476277,21.320767039678557,humidity,57
2025-12-09T19:25:12+01:00,fec52a19-9148-4350-a1b4-ae0da05ee199,41.02464876476277,21.320767039678557,pm10,6
2025-12-09T19:25:12+01:00,fec52a19-9148-4350-a1b4-ae0da05ee199,41.02464876476277,21.320767039678557,pm25,5
2025-12-09T19:25:12+01:00,fec52a19-9148-4350-a1b4-ae0da05ee199,41.02464876476277,21.320767039678557,pressure,951
2025-12-09T19:25:12+01:00,fec52a19-9148-4350-a1b4-ae0da05ee199,41.02464876476277,21.320767039678557,temperature,8
2025-12-09T19:40:44+01:00,fec52a19-9148-4350-a1b4-ae0da05ee199,41.02464876476277,21.320767039678557,gasResistance,95795
2025-12-09T19:40:44+01:00,fec52a19-9148-4350-a1b4-ae0da05ee199,41.02464876476277,21.320767039678557,humidity,57
2025-12-09T19:40:44+01:00,fec52a19-9148-4350-a1b4-ae0da05ee199,41.02464876476277,21.320767039678557,pm10,11
2025-12-09T19:40:44+01:00,fec52a19-9148-4350-a1b4-ae0da05ee199,41.02464876476277,21.320767039678557,pm25,4
2025-12-09T19:40:44+01:00,fec52a19-9148-4350-a1b4-ae0da05ee199,41.02464876476277,21.320767039678557,pressure,951
2025-12-09T19:40:44+01:00,fec52a19-9148-4350-a1b4-ae0da05ee199,41.02464876476277,21.320767039678557,temperature,8
2025-12-09T19:56:15+01:00,fec52a19-9148-4350-a1b4-ae0da05ee199,41.02464876476277,21.320767039678557,gasResistance,94761
2025-12-09T19:56:15+01:00,fec52a19-9148-4350-a1b4-ae0da05ee199,41.02464876476277,21.320767039678557,humidity,55
2025-12-09T19:56:15+01:00,fec52a19-9148-4350-a1b4-ae0da05ee199,41.02464876476277,21.320767039678557,pm10,13
2025-12-09T19:56:15+01:00,fec52a19-9148-4350-a1b4-ae0da05ee199,41.02464876476277,21.320767039678557,pm25,5
2025-12-09T19:56:15+01:00,fec52a19-9148-4350-a1b4-ae0da05ee199,41.02464876476277,21.320767039678557,pressure,951
2025-12-09T19:56:15+01:00,fec52a19-9148-4350-a1b4-ae0da05ee199,41.02464876476277,21.320767039678557,temperature,8
2025-12-09T20:11:47+01:00,fec52a19-9148-4350-a1b4-ae0da05ee199,41.02464876476277,21.320767039678557,gasResistance,95685
2025-12-09T20:11:47+01:00,fec52a19-9148-4350-a1b4-ae0da05ee199,41.02464876476277,21.320767039678557,humidity,55
2025-12-09T20:11:47+01:00,fec52a19-9148-4350-a1b4-ae0da05ee199,41.02464876476277,21.320767039678557,pm10,4
2025-12-09T20:11:47+01:00,fec52a19-9148-4350-a1b4-ae0da05ee199,41.02464876476277,21.320767039678557,pm25,2
2025-12-09T20:11:47+01:00,fec52a19-9148-4350-a1b4-ae0da05ee199,41.02464876476277,21.320767039678557,pressure,951
2025-12-09T20:11:47+01:00,fec52a19-9148-4350-a1b4-ae0da05ee199,41.02464876476277,21.320767039678557,temperature,8
2025-12-09T20:27:18+01:00,fec52a19-9148-4350-a1b4-ae0da05ee199,41.02464876476277,21.320767039678557,gasResistance,94033
2025-12-09T20:27:18+01:00,fec52a19-9148-4350-a1b4-ae0da05ee199,41.02464876476277,21.320767039678557,humidity,56
2025-12-09T20:27:18+01:00,fec52a19-9148-4350-a1b4-ae0da05ee199,41.02464876476277,21.320767039678557,pm10,5
2025-12-09T20:27:18+01:00,fec52a19-9148-4350-a1b4-ae0da05ee199,41.02464876476277,21.320767039678557,pm25,3
2025-12-09T20:27:18+01:00,fec52a19-9148-4350-a1b4-ae0da05ee199,41.02464876476277,21.320767039678557,pressure,951
2025-12-09T20:27:18+01:00,fec52a19-9148-4350-a1b4-ae0da05ee199,41.02464876476277,21.320767039678557,temperature,8
2025-12-09T20:42:50+01:00,fec52a19-9148-4350-a1b4-ae0da05ee199,41.02464876476277,21.320767039678557,gasResistance,94352
2025-12-09T20:42:50+01:00,fec52a19-9148-4350-a1b4-ae0da05ee199,41.02464876476277,21.320767039678557,humidity,57
2025-12-09T20:42:50+01:00,fec52a19-9148-4350-a1b4-ae0da05ee199,41.02464876476277,21.320767039678557,pm10,6
2025-12-09T20:42:50+01:00,fec52a19-9148-4350-a1b4-ae0da05ee199,41.02464876476277,21.320767039678557,pm25,4
2025-12-09T20:42:50+01:00,fec52a19-9148-4350-a1b4-ae0da05ee199,41.02464876476277,21.320767039678557,pressure,951
2025-12-09T20:42:50+01:00,fec52a19-9148-4350-a1b4-ae0da05ee199,41.02464876476277,21.320767039678557,temperature,8
2025-12-09T20:58:21+01:00,fec52a19-9148-4350-a1b4-ae0da05ee199,41.02464876476277,21.320767039678557,gasResistance,98568
2025-12-09T20:58:21+01:00,fec52a19-9148-4350-a1b4-ae0da05ee199,41.02464876476277,21.320767039678557,humidity,57
2025-12-09T20:58:21+01:00,fec52a19-9148-4350-a1b4-ae0da05ee199,41.02464876476277,21.320767039678557,pm10,1
2025-12-09T20:58:21+01:00,fec52a19-9148-4350-a1b4-ae0da05ee199,41.02464876476277,21.320767039678557,pm25,1
2025-12-09T20:58:21+01:00,fec52a19-9148-4350-a1b4-ae0da05ee199,41.02464876476277,21.320767039678557,pressure,951
2025-12-09T20:58:21+01:00,fec52a19-9148-4350-a1b4-ae0da05ee199,41.02464876476277,21.320767039678557,temperature,7
2025-12-09T21:13:52+01:00,fec52a19-9148-4350-a1b4-ae0da05ee199,41.02464876476277,21.320767039678557,gasResistance,105218
2025-12-09T21:13:52+01:00,fec52a19-9148-4350-a1b4-ae0da05ee199,41.02464876476277,21.320767039678557,humidity,56
2025-12-09T21:13:52+01:00,fec52a19-9148-4350-a1b4-ae0da05ee199,41.02464876476277,21.320767039678557,pm10,4
2025-12-09T21:13:52+01:00,fec52a19-9148-4350-a1b4-ae0da05ee199,41.02464876476277,21.320767039678557,pm25,2
2025-12-09T21:13:52+01:00,fec52a19-9148-4350-a1b4-ae0da05ee199,41.02464876476277,21.320767039678557,pressure,951
2025-12-09T21:13:52+01:00,fec52a19-9148-4350-a1b4-ae0da05ee199,41.02464876476277,21.320767039678557,temperature,7
2025-12-09T21:29:24+01:00,fec52a19-9148-4350-a1b4-ae0da05ee199,41.02464876476277,21.320767039678557,gasResistance,95850
2025-12-09T21:29:24+01:00,fec52a19-9148-4350-a1b4-ae0da05ee199,41.02464876476277,21.320767039678557,humidity,56
2025-12-09T21:29:24+01:00,fec52a19-9148-4350-a1b4-ae0da05ee199,41.02464876476277,21.320767039678557,pm10,8
2025-12-09T21:29:24+01:00,fec52a19-9148-4350-a1b4-ae0da05ee199,41.02464876476277,21.320767039678557,pm25,3
2025-12-09T21:29:24+01:00,fec52a19-9148-4350-a1b4-ae0da05ee199,41.02464876476277,21.320767039678557,pressure,951
2025-12-09T21:29:24+01:00,fec52a19-9148-4350-a1b4-ae0da05ee199,41.02464876476277,21.320767039678557,temperature,7
2025-12-09T21:44:55+01:00,fec52a19-9148-4350-a1b4-ae0da05ee199,41.02464876476277,21.320767039678557,gasResistance,96126
2025-12-09T21:44:55+01:00,fec52a19-9148-4350-a1b4-ae0da05ee199,41.02464876476277,21.320767039678557,humidity,56
2025-12-09T21:44:55+01:00,fec52a19-9148-4350-a1b4-ae0da05ee199,41.02464876476277,21.320767039678557,pm10,3
2025-12-09T21:44:55+01:00,fec52a19-9148-4350-a1b4-ae0da05ee199,41.02464876476277,21.320767039678557,pm25,2
2025-12-09T21:44:55+01:00,fec52a19-9148-4350-a1b4-ae0da05ee199,41.02464876476277,21.320767039678557,pressure,951
2025-12-09T21:44:55+01:00,fec52a19-9148-4350-a1b4-ae0da05ee199,41.02464876476277,21.320767039678557,temperature,7
2025-12-09T22:00:27+01:00,fec52a19-9148-4350-a1b4-ae0da05ee199,41.02464876476277,21.320767039678557,gasResistance,95357
2025-12-09T22:00:27+01:00,fec52a19-9148-4350-a1b4-ae0da05ee199,41.02464876476277,21.320767039678557,humidity,57
2025-12-09T22:00:27+01:00,fec52a19-9148-4350-a1b4-ae0da05ee199,41.02464876476277,21.320767039678557,pm10,7
2025-12-09T22:00:27+01:00,fec52a19-9148-4350-a1b4-ae0da05ee199,41.02464876476277,21.320767039678557,pm25,4
2025-12-09T22:00:27+01:00,fec52a19-9148-4350-a1b4-ae0da05ee199,41.02464876476277,21.320767039678557,pressure,951
2025-12-09T22:00:27+01:00,fec52a19-9148-4350-a1b4-ae0da05ee199,41.02464876476277,21.320767039678557,temperature,7
2025-12-09T22:15:58+01:00,fec52a19-9148-4350-a1b4-ae0da05ee199,41.02464876476277,21.320767039678557,gasResistance,95576
2025-12-09T22:15:58+01:00,fec52a19-9148-4350-a1b4-ae0da05ee199,41.02464876476277,21.320767039678557,humidity,57
2025-12-09T22:15:58+01:00,fec52a19-9148-4350-a1b4-ae0da05ee199,41.02464876476277,21.320767039678557,pm10,7
2025-12-09T22:15:58+01:00,fec52a19-9148-4350-a1b4-ae0da05ee199,41.02464876476277,21.320767039678557,pm25,4
2025-12-09T22:15:58+01:00,fec52a19-9148-4350-a1b4-ae0da05ee199,41.02464876476277,21.320767039678557,pressure,951
2025-12-09T22:15:58+01:00,fec52a19-9148-4350-a1b4-ae0da05ee199,41.02464876476277,21.320767039678557,temperature,7
2025-12-09T22:31:30+01:00,fec52a19-9148-4350-a1b4-ae0da05ee199,41.02464876476277,21.320767039678557,gasResistance,123978
2025-12-09T22:31:30+01:00,fec52a19-9148-4350-a1b4-ae0da05ee199,41.02464876476277,21.320767039678557,humidity,56
2025-12-09T22:31:30+01:00,fec52a19-9148-4350-a1b4-ae0da05ee199,41.02464876476277,21.320767039678557,pm10,1
2025-12-09T22:31:30+01:00,fec52a19-9148-4350-a1b4-ae0da05ee199,41.02464876476277,21.320767039678557,pm25,1
2025-12-09T22:31:30+01:00,fec52a19-9148-4350-a1b4-ae0da05ee199,41.02464876476277,21.320767039678557,pressure,951
2025-12-09T22:31:30+01:00,fec52a19-9148-4350-a1b4-ae0da05ee199,41.02464876476277,21.320767039678557,temperature,7
2025-12-09T22:47:01+01:00,fec52a19-9148-4350-a1b4-ae0da05ee199,41.02464876476277,21.320767039678557,gasResistance,101877
2025-12-09T22:47:01+01:00,fec52a19-9148-4350-a1b4-ae0da05ee199,41.02464876476277,21.320767039678557,humidity,57
2025-12-09T22:47:01+01:00,fec52a19-9148-4350-a1b4-ae0da05ee199,41.02464876476277,21.320767039678557,pm10,14
2025-12-09T22:47:01+01:00,fec52a19-9148-4350-a1b4-ae0da05ee199,41.02464876476277,21.320767039678557,pm25,2
2025-12-09T22:47:01+01:00,fec52a19-9148-4350-a1b4-ae0da05ee199,41.02464876476277,21.320767039678557,pressure,951
2025-12-09T22:47:01+01:00,fec52a19-9148-4350-a1b4-ae0da05ee199,41.02464876476277,21.320767039678557,temperature,7
2025-12-09T23:02:33+01:00,fec52a19-9148-4350-a1b4-ae0da05ee199,41.02464876476277,21.320767039678557,gasResistance,96795
2025-12-09T23:02:33+01:00,fec52a19-9148-4350-a1b4-ae0da05ee199,41.02464876476277,21.320767039678557,humidity,58
2025-12-09T23:02:33+01:00,fec52a19-9148-4350-a1b4-ae0da05ee199,41.02464876476277,21.320767039678557,pm10,3
2025-12-09T23:02:33+01:00,fec52a19-9148-4350-a1b4-ae0da05ee199,41.02464876476277,21.320767039678557,pm25,2
2025-12-09T23:02:33+01:00,fec52a19-9148-4350-a1b4-ae0da05ee199,41.02464876476277,21.320767039678557,pressure,951
2025-12-09T23:02:33+01:00,fec52a19-9148-4350-a1b4-ae0da05ee199,41.02464876476277,21.320767039678557,temperature,7
2025-12-09T23:18:05+01:00,fec52a19-9148-4350-a1b4-ae0da05ee199,41.02464876476277,21.320767039678557,gasResistance,101567
2025-12-09T23:18:05+01:00,fec52a19-9148-4350-a1b4-ae0da05ee199,41.02464876476277,21.320767039678557,humidity,58
2025-12-09T23:18:05+01:00,fec52a19-9148-4350-a1b4-ae0da05ee199,41.02464876476277,21.320767039678557,pm10,7
2025-12-09T23:18:05+01:00,fec52a19-9148-4350-a1b4-ae0da05ee199,41.02464876476277,21.320767039678557,pm25,0
2025-12-09T23:18:05+01:00,fec52a19-9148-4350-a1b4-ae0da05ee199,41.02464876476277,21.320767039678557,pressure,951
2025-12-09T23:18:05+01:00,fec52a19-9148-4350-a1b4-ae0da05ee199,41.02464876476277,21.320767039678557,temperature,6
2025-12-09T23:33:36+01:00,fec52a19-9148-4350-a1b4-ae0da05ee199,41.02464876476277,21.320767039678557,gasResistance,110586
2025-12-09T23:33:36+01:00,fec52a19-9148-4350-a1b4-ae0da05ee199,41.02464876476277,21.320767039678557,humidity,58
2025-12-09T23:33:36+01:00,fec52a19-9148-4350-a1b4-ae0da05ee199,41.02464876476277,21.320767039678557,pm10,5
2025-12-09T23:33:36+01:00,fec52a19-9148-4350-a1b4-ae0da05ee199,41.02464876476277,21.320767039678557,pm25,1
2025-12-09T23:33:36+01:00,fec52a19-9148-4350-a1b4-ae0da05ee199,41.02464876476277,21.320767039678557,pressure,951
2025-12-09T23:33:36+01:00,fec52a19-9148-4350-a1b4-ae0da05ee199,41.02464876476277,21.320767039678557,temperature,6
2025-12-09T23:49:08+01:00,fec52a19-9148-4350-a1b4-ae0da05ee199,41.02464876476277,21.320767039678557,gasResistance,111102
2025-12-09T23:49:08+01:00,fec52a19-9148-4350-a1b4-ae0da05ee199,41.02464876476277,21.320767039678557,humidity,59
2025-12-09T23:49:08+01:00,fec52a19-9148-4350-a1b4-ae0da05ee199,41.02464876476277,21.320767039678557,pm10,2
2025-12-09T23:49:08+01:00,fec52a19-9148-4350-a1b4-ae0da05ee199,41.02464876476277,21.320767039678557,pm25,1
2025-12-09T23:49:08+01:00,fec52a19-9148-4350-a1b4-ae0da05ee199,41.02464876476277,21.320767039678557,pressure,950
2025-12-09T23:49:08+01:00,fec52a19-9148-4350-a1b4-ae0da05ee199,41.02464876476277,21.320767039678557,temperature,6
2025-12-10T00:04:39+01:00,fec52a19-9148-4350-a1b4-ae0da05ee199,41.02464876476277,21.320767039678557,gasResistance,110807
2025-12-10T00:04:39+01:00,fec52a19-9148-4350-a1b4-ae0da05ee199,41.02464876476277,21.320767039678557,humidity,58
2025-12-10T00:04:39+01:00,fec52a19-9148-4350-a1b4-ae0da05ee199,41.02464876476277,21.320767039678557,pm10,2
2025-12-10T00:04:39+01:00,fec52a19-9148-4350-a1b4-ae0da05ee199,41.02464876476277,21.320767039678557,pm25,1
2025-12-10T00:04:39+01:00,fec52a19-9148-4350-a1b4-ae0da05ee199,41.02464876476277,21.320767039678557,pressure,950
2025-12-10T00:04:39+01:00,fec52a19-9148-4350-a1b4-ae0da05ee199,41.02464876476277,21.320767039678557,temperature,6
2025-12-10T00:20:11+01:00,fec52a19-9148-4350-a1b4-ae0da05ee199,41.02464876476277,21.320767039678557,gasResistance,110440
2025-12-10T00:20:11+01:00,fec52a19-9148-4350-a1b4-ae0da05ee199,41.02464876476277,21.320767039678557,humidity,58
2025-12-10T00:20:11+01:00,fec52a19-9148-4350-a1b4-ae0da05ee199,41.02464876476277,21.320767039678557,pm10,6
2025-12-10T00:20:11+01:00,fec52a19-9148-4350-a1b4-ae0da05ee199,41.02464876476277,21.320767039678557,pm25,2
2025-12-10T00:20:11+01:00,fec52a19-9148-4350-a1b4-ae0da05ee199,41.02464876476277,21.320767039678557,pressure,950
2025-12-10T00:20:11+01:00,fec52a19-9148-4350-a1b4-ae0da05ee199,41.02464876476277,21.320767039678557,temperature,6
2025-12-10T00:35:42+01:00,fec52a19-9148-4350-a1b4-ae0da05ee199,41.02464876476277,21.320767039678557,gasResistance,109283
2025-12-10T00:35:42+01:00,fec52a19-9148-4350-a1b4-ae0da05ee199,41.02464876476277,21.320767039678557,humidity,59
2025-12-10T00:35:42+01:00,fec52a19-9148-4350-a1b4-ae0da05ee199,41.02464876476277,21.320767039678557,pm10,2
2025-12-10T00:35:42+01:00,fec52a19-9148-4350-a1b4-ae0da05ee199,41.02464876476277,21.320767039678557,pm25,1
2025-12-10T00:35:42+01:00,fec52a19-9148-4350-a1b4-ae0da05ee199,41.02464876476277,21.320767039678557,pressure,950
2025-12-10T00:35:42+01:00,fec52a19-9148-4350-a1b4-ae0da05ee199,41.02464876476277,21.320767039678557,temperature,6
2025-12-10T00:51:13+01:00,fec52a19-9148-4350-a1b4-ae0da05ee199,41.02464876476277,21.320767039678557,gasResistance,109714
2025-12-10T00:51:13+01:00,fec52a19-9148-4350-a1b4-ae0da05ee199,41.02464876476277,21.320767039678557,humidity,58
2025-12-10T00:51:13+01:00,fec52a19-9148-4350-a1b4-ae0da05ee199,41.02464876476277,21.320767039678557,pm10,1
2025-12-10T00:51:13+01:00,fec52a19-9148-4350-a1b4-ae0da05ee199,41.02464876476277,21.320767039678557,pm25,1
2025-12-10T00:51:13+01:00,fec52a19-9148-4350-a1b4-ae0da05ee199,41.02464876476277,21.320767039678557,pressure,950
2025-12-10T00:51:13+01:00,fec52a19-9148-4350-a1b4-ae0da05ee199,41.02464876476277,21.320767039678557,temperature,6
2025-12-10T01:06:45+01:00,fec52a19-9148-4350-a1b4-ae0da05ee199,41.02464876476277,21.320767039678557,gasResistance,116614
2025-12-10T01:06:45+01:00,fec52a19-9148-4350-a1b4-ae0da05ee199,41.02464876476277,21.320767039678557,humidity,59
2025-12-10T01:06:45+01:00,fec52a19-9148-4350-a1b4-ae0da05ee199,41.02464876476277,21.320767039678557,pm10,1
2025-12-10T01:06:45+01:00,fec52a19-9148-4350-a1b4-ae0da05ee199,41.02464876476277,21.320767039678557,pm25,1
2025-12-10T01:06:45+01:00,fec52a19-9148-4350-a1b4-ae0da05ee199,41.02464876476277,21.320767039678557,pressure,950
2025-12-10T01:06:45+01:00,fec52a19-9148-4350-a1b4-ae0da05ee199,41.02464876476277,21.320767039678557,temperature,6
2025-12-10T01:22:17+01:00,fec52a19-9148-4350-a1b4-ae0da05ee199,41.02464876476277,21.320767039678557,gasResistance,116289
2025-12-10T01:22:17+01:00,fec52a19-9148-4350-a1b4-ae0da05ee199,41.02464876476277,21.320767039678557,humidity,59
2025-12-10T01:22:17+01:00,fec52a19-9148-4350-a1b4-ae0da05ee199,41.02464876476277,21.320767039678557,pm10,1
2025-12-10T01:22:17+01:00,fec52a19-9148-4350-a1b4-ae0da05ee199,41.02464876476277,21.320767039678557,pm25,1
2025-12-10T01:22:17+01:00,fec52a19-9148-4350-a1b4-ae0da05ee199,41.02464876476277,21.320767039678557,pressure,950
2025-12-10T01:22:17+01:00,fec52a19-9148-4350-a1b4-ae0da05ee199,41.02464876476277,21.320767039678557,temperature,6
2025-12-10T01:37:48+01:00,fec52a19-9148-4350-a1b4-ae0da05ee199,41.02464876476277,21.320767039678557,gasResistance,121629
2025-12-10T01:37:48+01:00,fec52a19-9148-4350-a1b4-ae0da05ee199,41.02464876476277,21.320767039678557,humidity,59
2025-12-10T01:37:48+01:00,fec52a19-9148-4350-a1b4-ae0da05ee199,41.02464876476277,21.320767039678557,pm10,3
2025-12-10T01:37:48+01:00,fec52a19-9148-4350-a1b4-ae0da05ee199,41.02464876476277,21.320767039678557,pm25,2
2025-12-10T01:37:48+01:00,fec52a19-9148-4350-a1b4-ae0da05ee199,41.02464876476277,21.320767039678557,pressure,950
2025-12-10T01:37:48+01:00,fec52a19-9148-4350-a1b4-ae0da05ee199,41.02464876476277,21.320767039678557,temperature,6
2025-12-10T01:53:20+01:00,fec52a19-9148-4350-a1b4-ae0da05ee199,41.02464876476277,21.320767039678557,gasResistance,132335
2025-12-10T01:53:20+01:00,fec52a19-9148-4350-a1b4-ae0da05ee199,41.02464876476277,21.320767039678557,humidity,58
2025-12-10T01:53:20+01:00,fec52a19-9148-4350-a1b4-ae0da05ee199,41.02464876476277,21.320767039678557,pm10,4
2025-12-10T01:53:20+01:00,fec52a19-9148-4350-a1b4-ae0da05ee199,41.02464876476277,21.320767039678557,pm25,1
2025-12-10T01:53:20+01:00,fec52a19-9148-4350-a1b4-ae0da05ee199,41.02464876476277,21.320767039678557,pressure,950
2025-12-10T01:53:20+01:00,fec52a19-9148-4350-a1b4-ae0da05ee199,41.02464876476277,21.320767039678557,temperature,6
2025-12-10T02:08:51+01:00,fec52a19-9148-4350-a1b4-ae0da05ee199,41.02464876476277,21.320767039678557,gasResistance,120400
2025-12-10T02:08:51+01:00,fec52a19-9148-4350-a1b4-ae0da05ee199,41.02464876476277,21.320767039678557,humidity,59
2025-12-10T02:08:51+01:00,fec52a19-9148-4350-a1b4-ae0da05ee199,41.02464876476277,21.320767039678557,pm10,1
2025-12-10T02:08:51+01:00,fec52a19-9148-4350-a1b4-ae0da05ee199,41.02464876476277,21.320767039678557,pm25,1
2025-12-10T02:08:51+01:00,fec52a19-9148-4350-a1b4-ae0da05ee199,41.02464876476277,21.320767039678557,pressure,950
2025-12-10T02:08:51+01:00,fec52a19-9148-4350-a1b4-ae0da05ee199,41.02464876476277,21.320767039678557,temperature,6
2025-12-10T02:24:23+01:00,fec52a19-9148-4350-a1b4-ae0da05ee199,41.02464876476277,21.320767039678557,gasResistance,126805
2025-12-10T02:24:23+01:00,fec52a19-9148-4350-a1b4-ae0da05ee199,41.02464876476277,21.320767039678557,humidity,59
2025-12-10T02:24:23+01:00,fec52a19-9148-4350-a1b4-ae0da05ee199,41.02464876476277,21.320767039678557,pm10,1
2025-12-10T02:24:23+01:00,fec52a19-9148-4350-a1b4-ae0da05ee199,41.02464876476277,21.320767039678557,pm25,0
2025-12-10T02:24:23+01:00,fec52a19-9148-4350-a1b4-ae0da05ee199,41.02464876476277,21.320767039678557,pressure,950
2025-12-10T02:24:23+01:00,fec52a19-9148-4350-a1b4-ae0da05ee199,41.02464876476277,21.320767039678557,temperature,6
2025-12-10T02:39:54+01:00,fec52a19-9148-4350-a1b4-ae0da05ee199,41.02464876476277,21.320767039678557,gasResistance,138831
2025-12-10T02:39:54+01:00,fec52a19-9148-4350-a1b4-ae0da05ee199,41.02464876476277,21.320767039678557,humidity,59
2025-12-10T02:39:54+01:00,fec52a19-9148-4350-a1b4-ae0da05ee199,41.02464876476277,21.320767039678557,pm10,1
2025-12-10T02:39:54+01:00,fec52a19-9148-4350-a1b4-ae0da05ee199,41.02464876476277,21.320767039678557,pm25,0
2025-12-10T02:39:54+01:00,fec52a19-9148-4350-a1b4-ae0da05ee199,41.02464876476277,21.320767039678557,pressure,950
2025-12-10T02:39:54+01:00,fec52a19-9148-4350-a1b4-ae0da05ee199,41.02464876476277,21.320767039678557,temperature,6
2025-12-10T02:55:26+01:00,fec52a19-9148-4350-a1b4-ae0da05ee199,41.02464876476277,21.320767039678557,gasResistance,134360
2025-12-10T02:55:26+01:00,fec52a19-9148-4350-a1b4-ae0da05ee199,41.02464876476277,21.320767039678557,humidity,60
2025-12-10T02:55:26+01:00,fec52a19-9148-4350-a1b4-ae0da05ee199,41.02464876476277,21.320767039678557,pm10,2
2025-12-10T02:55:26+01:00,fec52a19-9148-4350-a1b4-ae0da05ee199,41.02464876476277,21.320767039678557,pm25,2
2025-12-10T02:55:26+01:00,fec52a19-9148-4350-a1b4-ae0da05ee199,41.02464876476277,21.320767039678557,pressure,950
2025-12-10T02:55:26+01:00,fec52a19-9148-4350-a1b4-ae0da05ee199,41.02464876476277,21.320767039678557,temperature,5
2025-12-10T03:10:57+01:00,fec52a19-9148-4350-a1b4-ae0da05ee199,41.02464876476277,21.320767039678557,gasResistance,131813
2025-12-10T03:10:57+01:00,fec52a19-9148-4350-a1b4-ae0da05ee199,41.02464876476277,21.320767039678557,humidity,60
2025-12-10T03:10:57+01:00,fec52a19-9148-4350-a1b4-ae0da05ee199,41.02464876476277,21.320767039678557,pm10,1
2025-12-10T03:10:57+01:00,fec52a19-9148-4350-a1b4-ae0da05ee199,41.02464876476277,21.320767039678557,pm25,1
2025-12-10T03:10:57+01:00,fec52a19-9148-4350-a1b4-ae0da05ee199,41.02464876476277,21.320767039678557,pressure,950
2025-12-10T03:10:57+01:00,fec52a19-9148-4350-a1b4-ae0da05ee199,41.02464876476277,21.320767039678557,temperature,5
2025-12-10T03:26:29+01:00,fec52a19-9148-4350-a1b4-ae0da05ee199,41.02464876476277,21.320767039678557,gasResistance,141901
2025-12-10T03:26:29+01:00,fec52a19-9148-4350-a1b4-ae0da05ee199,41.02464876476277,21.320767039678557,humidity,60
2025-12-10T03:26:29+01:00,fec52a19-9148-4350-a1b4-ae0da05ee199,41.02464876476277,21.320767039678557,pm10,24
2025-12-10T03:26:29+01:00,fec52a19-9148-4350-a1b4-ae0da05ee199,41.02464876476277,21.320767039678557,pm25,8
2025-12-10T03:26:29+01:00,fec52a19-9148-4350-a1b4-ae0da05ee199,41.02464876476277,21.320767039678557,pressure,950
2025-12-10T03:26:29+01:00,fec52a19-9148-4350-a1b4-ae0da05ee199,41.02464876476277,21.320767039678557,temperature,5
2025-12-10T03:42:00+01:00,fec52a19-9148-4350-a1b4-ae0da05ee199,41.02464876476277,21.320767039678557,gasResistance,144106
2025-12-10T03:42:00+01:00,fec52a19-9148-4350-a1b4-ae0da05ee199,41.02464876476277,21.320767039678557,humidity,60
2025-12-10T03:42:00+01:00,fec52a19-9148-4350-a1b4-ae0da05ee199,41.02464876476277,21.320767039678557,pm10,7
2025-12-10T03:42:00+01:00,fec52a19-9148-4350-a1b4-ae0da05ee199,41.02464876476277,21.320767039678557,pm25,0
2025-12-10T03:42:00+01:00,fec52a19-9148-4350-a1b4-ae0da05ee199,41.02464876476277,21.320767039678557,pressure,950
2025-12-10T03:42:00+01:00,fec52a19-9148-4350-a1b4-ae0da05ee199,41.02464876476277,21.320767039678557,temperature,5
2025-12-10T03:57:32+01:00,fec52a19-9148-4350-a1b4-ae0da05ee199,41.02464876476277,21.320767039678557,gasResistance,132757
2025-12-10T03:57:32+01:00,fec52a19-9148-4350-a1b4-ae0da05ee199,41.02464876476277,21.320767039678557,humidity,60
2025-12-10T03:57:32+01:00,fec52a19-9148-4350-a1b4-ae0da05ee199,41.02464876476277,21.320767039678557,pm10,1
2025-12-10T03:57:32+01:00,fec52a19-9148-4350-a1b4-ae0da05ee199,41.02464876476277,21.320767039678557,pm25,0
2025-12-10T03:57:32+01:00,fec52a19-9148-4350-a1b4-ae0da05ee199,41.02464876476277,21.320767039678557,pressure,950
2025-12-10T03:57:32+01:00,fec52a19-9148-4350-a1b4-ae0da05ee199,41.02464876476277,21.320767039678557,temperature,5
2025-12-10T04:13:03+01:00,fec52a19-9148-4350-a1b4-ae0da05ee199,41.02464876476277,21.320767039678557,gasResistance,141061
2025-12-10T04:13:03+01:00,fec52a19-9148-4350-a1b4-ae0da05ee199,41.02464876476277,21.320767039678557,humidity,60
2025-12-10T04:13:03+01:00,fec52a19-9148-4350-a1b4-ae0da05ee199,41.02464876476277,21.320767039678557,pm10,0
2025-12-10T04:13:03+01:00,fec52a19-9148-4350-a1b4-ae0da05ee199,41.02464876476277,21.320767039678557,pm25,0
2025-12-10T04:13:03+01:00,fec52a19-9148-4350-a1b4-ae0da05ee199,41.02464876476277,21.320767039678557,pressure,950
2025-12-10T04:13:03+01:00,fec52a19-9148-4350-a1b4-ae0da05ee199,41.02464876476277,21.320767039678557,temperature,5
2025-12-10T04:28:35+01:00,fec52a19-9148-4350-a1b4-ae0da05ee199,41.02464876476277,21.320767039678557,gasResistance,136671
2025-12-10T04:28:35+01:00,fec52a19-9148-4350-a1b4-ae0da05ee199,41.02464876476277,21.320767039678557,humidity,61
2025-12-10T04:28:35+01:00,fec52a19-9148-4350-a1b4-ae0da05ee199,41.02464876476277,21.320767039678557,pm10,0
2025-12-10T04:28:35+01:00,fec52a19-9148-4350-a1b4-ae0da05ee199,41.02464876476277,21.320767039678557,pm25,0
2025-12-10T04:28:35+01:00,fec52a19-9148-4350-a1b4-ae0da05ee199,41.02464876476277,21.320767039678557,pressure,950
2025-12-10T04:28:35+01:00,fec52a19-9148-4350-a1b4-ae0da05ee199,41.02464876476277,21.320767039678557,temperature,5
2025-12-10T04:44:07+01:00,fec52a19-9148-4350-a1b4-ae0da05ee199,41.02464876476277,21.320767039678557,gasResistance,147546
2025-12-10T04:44:07+01:00,fec52a19-9148-4350-a1b4-ae0da05ee199,41.02464876476277,21.320767039678557,humidity,61
2025-12-10T04:44:07+01:00,fec52a19-9148-4350-a1b4-ae0da05ee199,41.02464876476277,21.320767039678557,pm10,0
2025-12-10T04:44:07+01:00,fec52a19-9148-4350-a1b4-ae0da05ee199,41.02464876476277,21.320767039678557,pm25,0
2025-12-10T04:44:07+01:00,fec52a19-9148-4350-a1b4-ae0da05ee199,41.02464876476277,21.320767039678557,pressure,950
2025-12-10T04:44:07+01:00,fec52a19-9148-4350-a1b4-ae0da05ee199,41.02464876476277,21.320767039678557,temperature,5
2025-12-10T04:59:38+01:00,fec52a19-9148-4350-a1b4-ae0da05ee199,41.02464876476277,21.320767039678557,gasResistance,161232
2025-12-10T04:59:38+01:00,fec52a19-9148-4350-a1b4-ae0da05ee199,41.02464876476277,21.320767039678557,humidity,61
2025-12-10T04:59:38+01:00,fec52a19-9148-4350-a1b4-ae0da05ee199,41.02464876476277,21.320767039678557,pm10,0
2025-12-10T04:59:38+01:00,fec52a19-9148-4350-a1b4-ae0da05ee199,41.02464876476277,21.320767039678557,pm25,0
2025-12-10T04:59:38+01:00,fec52a19-9148-4350-a1b4-ae0da05ee199,41.02464876476277,21.320767039678557,pressure,950
2025-12-10T04:59:38+01:00,fec52a19-9148-4350-a1b4-ae0da05ee199,41.02464876476277,21.320767039678557,temperature,5
2025-12-10T05:15:10+01:00,fec52a19-9148-4350-a1b4-ae0da05ee199,41.02464876476277,21.320767039678557,gasResistance,123155
2025-12-10T05:15:10+01:00,fec52a19-9148-4350-a1b4-ae0da05ee199,41.02464876476277,21.320767039678557,humidity,60
2025-12-10T05:15:10+01:00,fec52a19-9148-4350-a1b4-ae0da05ee199,41.02464876476277,21.320767039678557,pm10,0
2025-12-10T05:15:10+01:00,fec52a19-9148-4350-a1b4-ae0da05ee199,41.02464876476277,21.320767039678557,pm25,0
2025-12-10T05:15:10+01:00,fec52a19-9148-4350-a1b4-ae0da05ee199,41.02464876476277,21.320767039678557,pressure,950
2025-12-10T05:15:10+01:00,fec52a19-9148-4350-a1b4-ae0da05ee199,41.02464876476277,21.320767039678557,temperature,5
2025-12-10T05:30:41+01:00,fec52a19-9148-4350-a1b4-ae0da05ee199,41.02464876476277,21.320767039678557,gasResistance,117352
2025-12-10T05:30:41+01:00,fec52a19-9148-4350-a1b4-ae0da05ee199,41.02464876476277,21.320767039678557,humidity,60
2025-12-10T05:30:41+01:00,fec52a19-9148-4350-a1b4-ae0da05ee199,41.02464876476277,21.320767039678557,pm10,0
2025-12-10T05:30:41+01:00,fec52a19-9148-4350-a1b4-ae0da05ee199,41.02464876476277,21.320767039678557,pm25,0
2025-12-10T05:30:41+01:00,fec52a19-9148-4350-a1b4-ae0da05ee199,41.02464876476277,21.320767039678557,pressure,950
2025-12-10T05:30:41+01:00,fec52a19-9148-4350-a1b4-ae0da05ee199,41.02464876476277,21.320767039678557,temperature,5
2025-12-10T05:46:13+01:00,fec52a19-9148-4350-a1b4-ae0da05ee199,41.02464876476277,21.320767039678557,gasResistance,120487
2025-12-10T05:46:13+01:00,fec52a19-9148-4350-a1b4-ae0da05ee199,41.02464876476277,21.320767039678557,humidity,61
2025-12-10T05:46:13+01:00,fec52a19-9148-4350-a1b4-ae0da05ee199,41.02464876476277,21.320767039678557,pm10,1
2025-12-10T05:46:13+01:00,fec52a19-9148-4350-a1b4-ae0da05ee199,41.02464876476277,21.320767039678557,pm25,0
2025-12-10T05:46:13+01:00,fec52a19-9148-4350-a1b4-ae0da05ee199,41.02464876476277,21.320767039678557,pressure,950
2025-12-10T05:46:13+01:00,fec52a19-9148-4350-a1b4-ae0da05ee199,41.02464876476277,21.320767039678557,temperature,5
2025-12-10T06:01:44+01:00,fec52a19-9148-4350-a1b4-ae0da05ee199,41.02464876476277,21.320767039678557,gasResistance,111697
2025-12-10T06:01:44+01:00,fec52a19-9148-4350-a1b4-ae0da05ee199,41.02464876476277,21.320767039678557,humidity,61
2025-12-10T06:01:44+01:00,fec52a19-9148-4350-a1b4-ae0da05ee199,41.02464876476277,21.320767039678557,pm10,0
2025-12-10T06:01:44+01:00,fec52a19-9148-4350-a1b4-ae0da05ee199,41.02464876476277,21.320767039678557,pm25,0
2025-12-10T06:01:44+01:00,fec52a19-9148-4350-a1b4-ae0da05ee199,41.02464876476277,21.320767039678557,pressure,950
2025-12-10T06:01:44+01:00,fec52a19-9148-4350-a1b4-ae0da05ee199,41.02464876476277,21.320767039678557,temperature,5
2025-12-10T06:17:16+01:00,fec52a19-9148-4350-a1b4-ae0da05ee199,41.02464876476277,21.320767039678557,gasResistance,110149
2025-12-10T06:17:16+01:00,fec52a19-9148-4350-a1b4-ae0da05ee199,41.02464876476277,21.320767039678557,humidity,61
2025-12-10T06:17:16+01:00,fec52a19-9148-4350-a1b4-ae0da05ee199,41.02464876476277,21.320767039678557,pm10,1
2025-12-10T06:17:16+01:00,fec52a19-9148-4350-a1b4-ae0da05ee199,41.02464876476277,21.320767039678557,pm25,1
2025-12-10T06:17:16+01:00,fec52a19-9148-4350-a1b4-ae0da05ee199,41.02464876476277,21.320767039678557,pressure,950
2025-12-10T06:17:16+01:00,fec52a19-9148-4350-a1b4-ae0da05ee199,41.02464876476277,21.320767039678557,temperature,5
2025-12-10T06:32:48+01:00,fec52a19-9148-4350-a1b4-ae0da05ee199,41.02464876476277,21.320767039678557,gasResistance,104755
2025-12-10T06:32:48+01:00,fec52a19-9148-4350-a1b4-ae0da05ee199,41.02464876476277,21.320767039678557,humidity,59
2025-12-10T06:32:48+01:00,fec52a19-9148-4350-a1b4-ae0da05ee199,41.02464876476277,21.320767039678557,pm10,36
2025-12-10T06:32:48+01:00,fec52a19-9148-4350-a1b4-ae0da05ee199,41.02464876476277,21.320767039678557,pm25,4
2025-12-10T06:32:48+01:00,fec52a19-9148-4350-a1b4-ae0da05ee199,41.02464876476277,21.320767039678557,pressure,950
2025-12-10T06:32:48+01:00,fec52a19-9148-4350-a1b4-ae0da05ee199,41.02464876476277,21.320767039678557,temperature,5
2025-12-10T06:48:19+01:00,fec52a19-9148-4350-a1b4-ae0da05ee199,41.02464876476277,21.320767039678557,gasResistance,102002
2025-12-10T06:48:19+01:00,fec52a19-9148-4350-a1b4-ae0da05ee199,41.02464876476277,21.320767039678557,humidity,59
2025-12-10T06:48:19+01:00,fec52a19-9148-4350-a1b4-ae0da05ee199,41.02464876476277,21.320767039678557,pm10,6
2025-12-10T06:48:19+01:00,fec52a19-9148-4350-a1b4-ae0da05ee199,41.02464876476277,21.320767039678557,pm25,4
2025-12-10T06:48:19+01:00,fec52a19-9148-4350-a1b4-ae0da05ee199,41.02464876476277,21.320767039678557,pressure,950
2025-12-10T06:48:19+01:00,fec52a19-9148-4350-a1b4-ae0da05ee199,41.02464876476277,21.320767039678557,temperature,5
2025-12-10T07:03:51+01:00,fec52a19-9148-4350-a1b4-ae0da05ee199,41.02464876476277,21.320767039678557,gasResistance,101198
2025-12-10T07:03:51+01:00,fec52a19-9148-4350-a1b4-ae0da05ee199,41.02464876476277,21.320767039678557,humidity,60
2025-12-10T07:03:51+01:00,fec52a19-9148-4350-a1b4-ae0da05ee199,41.02464876476277,21.320767039678557,pm10,3
2025-12-10T07:03:51+01:00,fec52a19-9148-4350-a1b4-ae0da05ee199,41.02464876476277,21.320767039678557,pm25,2
2025-12-10T07:03:51+01:00,fec52a19-9148-4350-a1b4-ae0da05ee199,41.02464876476277,21.320767039678557,pressure,950
2025-12-10T07:03:51+01:00,fec52a19-9148-4350-a1b4-ae0da05ee199,41.02464876476277,21.320767039678557,temperature,5
2025-12-10T07:19:22+01:00,fec52a19-9148-4350-a1b4-ae0da05ee199,41.02464876476277,21.320767039678557,gasResistance,98918
2025-12-10T07:19:22+01:00,fec52a19-9148-4350-a1b4-ae0da05ee199,41.02464876476277,21.320767039678557,humidity,61
2025-12-10T07:19:22+01:00,fec52a19-9148-4350-a1b4-ae0da05ee199,41.02464876476277,21.320767039678557,pm10,5
2025-12-10T07:19:22+01:00,fec52a19-9148-4350-a1b4-ae0da05ee199,41.02464876476277,21.320767039678557,pm25,3
2025-12-10T07:19:22+01:00,fec52a19-9148-4350-a1b4-ae0da05ee199,41.02464876476277,21.320767039678557,pressure,950
2025-12-10T07:19:22+01:00,fec52a19-9148-4350-a1b4-ae0da05ee199,41.02464876476277,21.320767039678557,temperature,5
2025-12-10T07:34:54+01:00,fec52a19-9148-4350-a1b4-ae0da05ee199,41.02464876476277,21.320767039678557,gasResistance,97360
2025-12-10T07:34:54+01:00,fec52a19-9148-4350-a1b4-ae0da05ee199,41.02464876476277,21.320767039678557,humidity,61
2025-12-10T07:34:54+01:00,fec52a19-9148-4350-a1b4-ae0da05ee199,41.02464876476277,21.320767039678557,pm10,1
2025-12-10T07:34:54+01:00,fec52a19-9148-4350-a1b4-ae0da05ee199,41.02464876476277,21.320767039678557,pm25,1
2025-12-10T07:34:54+01:00,fec52a19-9148-4350-a1b4-ae0da05ee199,41.02464876476277,21.320767039678557,pressure,950
2025-12-10T07:34:54+01:00,fec52a19-9148-4350-a1b4-ae0da05ee199,41.02464876476277,21.320767039678557,temperature,5
2025-12-10T07:50:25+01:00,fec52a19-9148-4350-a1b4-ae0da05ee199,41.02464876476277,21.320767039678557,gasResistance,94708
2025-12-10T07:50:25+01:00,fec52a19-9148-4350-a1b4-ae0da05ee199,41.02464876476277,21.320767039678557,humidity,60
2025-12-10T07:50:25+01:00,fec52a19-9148-4350-a1b4-ae0da05ee199,41.02464876476277,21.320767039678557,pm10,2
2025-12-10T07:50:25+01:00,fec52a19-9148-4350-a1b4-ae0da05ee199,41.02464876476277,21.320767039678557,pm25,2
2025-12-10T07:50:25+01:00,fec52a19-9148-4350-a1b4-ae0da05ee199,41.02464876476277,21.320767039678557,pressure,950
2025-12-10T07:50:25+01:00,fec52a19-9148-4350-a1b4-ae0da05ee199,41.02464876476277,21.320767039678557,temperature,5
2025-12-10T08:05:57+01:00,fec52a19-9148-4350-a1b4-ae0da05ee199,41.02464876476277,21.320767039678557,gasResistance,86976
2025-12-10T08:05:57+01:00,fec52a19-9148-4350-a1b4-ae0da05ee199,41.02464876476277,21.320767039678557,humidity,60
2025-12-10T08:05:57+01:00,fec52a19-9148-4350-a1b4-ae0da05ee199,41.02464876476277,21.320767039678557,pm10,5
2025-12-10T08:05:57+01:00,fec52a19-9148-4350-a1b4-ae0da05ee199,41.02464876476277,21.320767039678557,pm25,3
2025-12-10T08:05:57+01:00,fec52a19-9148-4350-a1b4-ae0da05ee199,41.02464876476277,21.320767039678557,pressure,950
2025-12-10T08:05:57+01:00,fec52a19-9148-4350-a1b4-ae0da05ee199,41.02464876476277,21.320767039678557,temperature,6
2025-12-10T08:21:28+01:00,fec52a19-9148-4350-a1b4-ae0da05ee199,41.02464876476277,21.320767039678557,gasResistance,85990
2025-12-10T08:21:28+01:00,fec52a19-9148-4350-a1b4-ae0da05ee199,41.02464876476277,21.320767039678557,humidity,57
2025-12-10T08:21:28+01:00,fec52a19-9148-4350-a1b4-ae0da05ee199,41.02464876476277,21.320767039678557,pm10,3
2025-12-10T08:21:28+01:00,fec52a19-9148-4350-a1b4-ae0da05ee199,41.02464876476277,21.320767039678557,pm25,2
2025-12-10T08:21:28+01:00,fec52a19-9148-4350-a1b4-ae0da05ee199,41.02464876476277,21.320767039678557,pressure,950
2025-12-10T08:21:28+01:00,fec52a19-9148-4350-a1b4-ae0da05ee199,41.02464876476277,21.320767039678557,temperature,7
2025-12-10T08:37:00+01:00,fec52a19-9148-4350-a1b4-ae0da05ee199,41.02464876476277,21.320767039678557,gasResistance,87985
2025-12-10T08:37:00+01:00,fec52a19-9148-4350-a1b4-ae0da05ee199,41.02464876476277,21.320767039678557,humidity,56
2025-12-10T08:37:00+01:00,fec52a19-9148-4350-a1b4-ae0da05ee199,41.02464876476277,21.320767039678557,pm10,8
2025-12-10T08:37:00+01:00,fec52a19-9148-4350-a1b4-ae0da05ee199,41.02464876476277,21.320767039678557,pm25,4
2025-12-10T08:37:00+01:00,fec52a19-9148-4350-a1b4-ae0da05ee199,41.02464876476277,21.320767039678557,pressure,950
2025-12-10T08:37:00+01:00,fec52a19-9148-4350-a1b4-ae0da05ee199,41.02464876476277,21.320767039678557,temperature,7
2025-12-10T08:52:32+01:00,fec52a19-9148-4350-a1b4-ae0da05ee199,41.02464876476277,21.320767039678557,gasResistance,86705
2025-12-10T08:52:32+01:00,fec52a19-9148-4350-a1b4-ae0da05ee199,41.02464876476277,21.320767039678557,humidity,56
2025-12-10T08:52:32+01:00,fec52a19-9148-4350-a1b4-ae0da05ee199,41.02464876476277,21.320767039678557,pm10,6
2025-12-10T08:52:32+01:00,fec52a19-9148-4350-a1b4-ae0da05ee199,41.02464876476277,21.320767039678557,pm25,4
2025-12-10T08:52:32+01:00,fec52a19-9148-4350-a1b4-ae0da05ee199,41.02464876476277,21.320767039678557,pressure,950
2025-12-10T08:52:32+01:00,fec52a19-9148-4350-a1b4-ae0da05ee199,41.02464876476277,21.320767039678557,temperature,7
2025-12-10T09:08:03+01:00,fec52a19-9148-4350-a1b4-ae0da05ee199,41.02464876476277,21.320767039678557,gasResistance,84424
2025-12-10T09:08:03+01:00,fec52a19-9148-4350-a1b4-ae0da05ee199,41.02464876476277,21.320767039678557,humidity,56
2025-12-10T09:08:03+01:00,fec52a19-9148-4350-a1b4-ae0da05ee199,41.02464876476277,21.320767039678557,pm10,14
2025-12-10T09:08:03+01:00,fec52a19-9148-4350-a1b4-ae0da05ee199,41.02464876476277,21.320767039678557,pm25,10
2025-12-10T09:08:03+01:00,fec52a19-9148-4350-a1b4-ae0da05ee199,41.02464876476277,21.320767039678557,pressure,950
2025-12-10T09:08:03+01:00,fec52a19-9148-4350-a1b4-ae0da05ee199,41.02464876476277,21.320767039678557,temperature,8
2025-12-10T09:23:35+01:00,fec52a19-9148-4350-a1b4-ae0da05ee199,41.02464876476277,21.320767039678557,gasResistance,85026
2025-12-10T09:23:35+01:00,fec52a19-9148-4350-a1b4-ae0da05ee199,41.02464876476277,21.320767039678557,humidity,56
2025-12-10T09:23:35+01:00,fec52a19-9148-4350-a1b4-ae0da05ee199,41.02464876476277,21.320767039678557,pm10,14
2025-12-10T09:23:35+01:00,fec52a19-9148-4350-a1b4-ae0da05ee199,41.02464876476277,21.320767039678557,pm25,9
2025-12-10T09:23:35+01:00,fec52a19-9148-4350-a1b4-ae0da05ee199,41.02464876476277,21.320767039678557,pressure,950
2025-12-10T09:23:35+01:00,fec52a19-9148-4350-a1b4-ae0da05ee199,41.02464876476277,21.320767039678557,temperature,8
2025-12-10T09:39:07+01:00,fec52a19-9148-4350-a1b4-ae0da05ee199,41.02464876476277,21.320767039678557,gasResistance,85113
2025-12-10T09:39:07+01:00,fec52a19-9148-4350-a1b4-ae0da05ee199,41.02464876476277,21.320767039678557,humidity,55
2025-12-10T09:39:07+01:00,fec52a19-9148-4350-a1b4-ae0da05ee199,41.02464876476277,21.320767039678557,pm10,13
2025-12-10T09:39:07+01:00,fec52a19-9148-4350-a1b4-ae0da05ee199,41.02464876476277,21.320767039678557,pm25,6
2025-12-10T09:39:07+01:00,fec52a19-9148-4350-a1b4-ae0da05ee199,41.02464876476277,21.320767039678557,pressure,951
2025-12-10T09:39:07+01:00,fec52a19-9148-4350-a1b4-ae0da05ee199,41.02464876476277,21.320767039678557,temperature,8
2025-12-10T09:54:38+01:00,fec52a19-9148-4350-a1b4-ae0da05ee199,41.02464876476277,21.320767039678557,gasResistance,85026
2025-12-10T09:54:38+01:00,fec52a19-9148-4350-a1b4-ae0da05ee199,41.02464876476277,21.320767039678557,humidity,55
2025-12-10T09:54:38+01:00,fec52a19-9148-4350-a1b4-ae0da05ee199,41.02464876476277,21.320767039678557,pm10,8
2025-12-10T09:54:38+01:00,fec52a19-9148-4350-a1b4-ae0da05ee199,41.02464876476277,21.320767039678557,pm25,4
2025-12-10T09:54:38+01:00,fec52a19-9148-4350-a1b4-ae0da05ee199,41.02464876476277,21.320767039678557,pressure,950
2025-12-10T09:54:38+01:00,fec52a19-9148-4350-a1b4-ae0da05ee199,41.02464876476277,21.320767039678557,temperature,8
2025-12-10T10:10:10+01:00,fec52a19-9148-4350-a1b4-ae0da05ee199,41.02464876476277,21.320767039678557,gasResistance,87892
2025-12-10T10:10:10+01:00,fec52a19-9148-4350-a1b4-ae0da05ee199,41.02464876476277,21.320767039678557,humidity,54
2025-12-10T10:10:10+01:00,fec52a19-9148-4350-a1b4-ae0da05ee199,41.02464876476277,21.320767039678557,pm10,13
2025-12-10T10:10:10+01:00,fec52a19-9148-4350-a1b4-ae0da05ee199,41.02464876476277,21.320767039678557,pm25,7
2025-12-10T10:10:10+01:00,fec52a19-9148-4350-a1b4-ae0da05ee199,41.02464876476277,21.320767039678557,pressure,950
2025-12-10T10:10:10+01:00,fec52a19-9148-4350-a1b4-ae0da05ee199,41.02464876476277,21.320767039678557,temperature,9
2025-12-10T10:25:42+01:00,fec52a19-9148-4350-a1b4-ae0da05ee199,41.02464876476277,21.320767039678557,gasResistance,91557
2025-12-10T10:25:42+01:00,fec52a19-9148-4350-a1b4-ae0da05ee199,41.02464876476277,21.320767039678557,humidity,54
2025-12-10T10:25:42+01:00,fec52a19-9148-4350-a1b4-ae0da05ee199,41.02464876476277,21.320767039678557,pm10,11
2025-12-10T10:25:42+01:00,fec52a19-9148-4350-a1b4-ae0da05ee199,41.02464876476277,21.320767039678557,pm25,6
2025-12-10T10:25:42+01:00,fec52a19-9148-4350-a1b4-ae0da05ee199,41.02464876476277,21.320767039678557,pressure,950
2025-12-10T10:25:42+01:00,fec52a19-9148-4350-a1b4-ae0da05ee199,41.02464876476277,21.320767039678557,temperature,9
2025-12-10T10:41:13+01:00,fec52a19-9148-4350-a1b4-ae0da05ee199,41.02464876476277,21.320767039678557,gasResistance,86795
2025-12-10T10:41:13+01:00,fec52a19-9148-4350-a1b4-ae0da05ee199,41.02464876476277,21.320767039678557,humidity,53
2025-12-10T10:41:13+01:00,fec52a19-9148-4350-a1b4-ae0da05ee199,41.02464876476277,21.320767039678557,noise,101
2025-12-10T10:41:13+01:00,fec52a19-9148-4350-a1b4-ae0da05ee199,41.02464876476277,21.320767039678557,noise_dba,60
2025-12-10T10:41:13+01:00,fec52a19-9148-4350-a1b4-ae0da05ee199,41.02464876476277,21.320767039678557,pm10,8
2025-12-10T10:41:13+01:00,fec52a19-9148-4350-a1b4-ae0da05ee199,41.02464876476277,21.320767039678557,pm25,5
2025-12-10T10:41:13+01:00,fec52a19-9148-4350-a1b4-ae0da05ee199,41.02464876476277,21.320767039678557,pressure,950
2025-12-10T10:41:13+01:00,fec52a19-9148-4350-a1b4-ae0da05ee199,41.02464876476277,21.320767039678557,temperature,9
2025-12-10T10:56:45+01:00,fec52a19-9148-4350-a1b4-ae0da05ee199,41.02464876476277,21.320767039678557,gasResistance,86795
2025-12-10T10:56:45+01:00,fec52a19-9148-4350-a1b4-ae0da05ee199,41.02464876476277,21.320767039678557,humidity,53
2025-12-10T10:56:45+01:00,fec52a19-9148-4350-a1b4-ae0da05ee199,41.02464876476277,21.320767039678557,noise,125
2025-12-10T10:56:45+01:00,fec52a19-9148-4350-a1b4-ae0da05ee199,41.02464876476277,21.320767039678557,noise_dba,63
2025-12-10T10:56:45+01:00,fec52a19-9148-4350-a1b4-ae0da05ee199,41.02464876476277,21.320767039678557,pm10,8
2025-12-10T10:56:45+01:00,fec52a19-9148-4350-a1b4-ae0da05ee199,41.02464876476277,21.320767039678557,pm25,5
2025-12-10T10:56:45+01:00,fec52a19-9148-4350-a1b4-ae0da05ee199,41.02464876476277,21.320767039678557,pressure,950
2025-12-10T10:56:45+01:00,fec52a19-9148-4350-a1b4-ae0da05ee199,41.02464876476277,21.320767039678557,temperature,10
2025-12-10T11:12:16+01:00,fec52a19-9148-4350-a1b4-ae0da05ee199,41.02464876476277,21.320767039678557,gasResistance,94889
2025-12-10T11:12:16+01:00,fec52a19-9148-4350-a1b4-ae0da05ee199,41.02464876476277,21.320767039678557,humidity,50
2025-12-10T11:12:16+01:00,fec52a19-9148-4350-a1b4-ae0da05ee199,41.02464876476277,21.320767039678557,noise,125
2025-12-10T11:12:16+01:00,fec52a19-9148-4350-a1b4-ae0da05ee199,41.02464876476277,21.320767039678557,noise_dba,63
2025-12-10T11:12:16+01:00,fec52a19-9148-4350-a1b4-ae0da05ee199,41.02464876476277,21.320767039678557,pm10,16
2025-12-10T11:12:16+01:00,fec52a19-9148-4350-a1b4-ae0da05ee199,41.02464876476277,21.320767039678557,pm25,5
2025-12-10T11:12:16+01:00,fec52a19-9148-4350-a1b4-ae0da05ee199,41.02464876476277,21.320767039678557,pressure,950
2025-12-10T11:12:16+01:00,fec52a19-9148-4350-a1b4-ae0da05ee199,41.02464876476277,21.320767039678557,temperature,11
2025-12-10T11:27:48+01:00,fec52a19-9148-4350-a1b4-ae0da05ee199,41.02464876476277,21.320767039678557,gasResistance,98977
2025-12-10T11:27:48+01:00,fec52a19-9148-4350-a1b4-ae0da05ee199,41.02464876476277,21.320767039678557,humidity,48
2025-12-10T11:27:48+01:00,fec52a19-9148-4350-a1b4-ae0da05ee199,41.02464876476277,21.320767039678557,noise,118
2025-12-10T11:27:48+01:00,fec52a19-9148-4350-a1b4-ae0da05ee199,41.02464876476277,21.320767039678557,noise_dba,62
2025-12-10T11:27:48+01:00,fec52a19-9148-4350-a1b4-ae0da05ee199,41.02464876476277,21.320767039678557,pm10,4
2025-12-10T11:27:48+01:00,fec52a19-9148-4350-a1b4-ae0da05ee199,41.02464876476277,21.320767039678557,pm25,3
2025-12-10T11:27:48+01:00,fec52a19-9148-4350-a1b4-ae0da05ee199,41.02464876476277,21.320767039678557,pressure,950
2025-12-10T11:27:48+01:00,fec52a19-9148-4350-a1b4-ae0da05ee199,41.02464876476277,21.320767039678557,temperature,11
2025-12-10T11:43:20+01:00,fec52a19-9148-4350-a1b4-ae0da05ee199,41.02464876476277,21.320767039678557,gasResistance,102882
2025-12-10T11:43:20+01:00,fec52a19-9148-4350-a1b4-ae0da05ee199,41.02464876476277,21.320767039678557,humidity,48
2025-12-10T11:43:20+01:00,fec52a19-9148-4350-a1b4-ae0da05ee199,41.02464876476277,21.320767039678557,noise,122
2025-12-10T11:43:20+01:00,fec52a19-9148-4350-a1b4-ae0da05ee199,41.02464876476277,21.320767039678557,noise_dba,63
2025-12-10T11:43:20+01:00,fec52a19-9148-4350-a1b4-ae0da05ee199,41.02464876476277,21.320767039678557,pm10,15
2025-12-10T11:43:20+01:00,fec52a19-9148-4350-a1b4-ae0da05ee199,41.02464876476277,21.320767039678557,pm25,6
2025-12-10T11:43:20+01:00,fec52a19-9148-4350-a1b4-ae0da05ee199,41.02464876476277,21.320767039678557,pressure,950
2025-12-10T11:43:20+01:00,fec52a19-9148-4350-a1b4-ae0da05ee199,41.02464876476277,21.320767039678557,temperature,12
2025-12-10T11:58:52+01:00,fec52a19-9148-4350-a1b4-ae0da05ee199,41.02464876476277,21.320767039678557,gasResistance,98918
2025-12-10T11:58:52+01:00,fec52a19-9148-4350-a1b4-ae0da05ee199,41.02464876476277,21.320767039678557,humidity,48
2025-12-10T11:58:52+01:00,fec52a19-9148-4350-a1b4-ae0da05ee199,41.02464876476277,21.320767039678557,noise,121
2025-12-10T11:58:52+01:00,fec52a19-9148-4350-a1b4-ae0da05ee199,41.02464876476277,21.320767039678557,noise_dba,63
2025-12-10T11:58:52+01:00,fec52a19-9148-4350-a1b4-ae0da05ee199,41.02464876476277,21.320767039678557,pm10,36
2025-12-10T11:58:52+01:00,fec52a19-9148-4350-a1b4-ae0da05ee199,41.02464876476277,21.320767039678557,pm25,18
2025-12-10T11:58:52+01:00,fec52a19-9148-4350-a1b4-ae0da05ee199,41.02464876476277,21.320767039678557,pressure,950
2025-12-10T11:58:52+01:00,fec52a19-9148-4350-a1b4-ae0da05ee199,41.02464876476277,21.320767039678557,temperature,13
2025-12-10T12:14:23+01:00,fec52a19-9148-4350-a1b4-ae0da05ee199,41.02464876476277,21.320767039678557,gasResistance,95541
2025-12-10T12:14:23+01:00,fec52a19-9148-4350-a1b4-ae0da05ee199,41.02464876476277,21.320767039678557,humidity,46
2025-12-10T12:14:23+01:00,fec52a19-9148-4350-a1b4-ae0da05ee199,41.02464876476277,21.320767039678557,noise,109
2025-12-10T12:14:23+01:00,fec52a19-9148-4350-a1b4-ae0da05ee199,41.02464876476277,21.320767039678557,noise_dba,61
2025-12-10T12:14:23+01:00,fec52a19-9148-4350-a1b4-ae0da05ee199,41.02464876476277,21.320767039678557,pm10,14
2025-12-10T12:14:23+01:00,fec52a19-9148-4350-a1b4-ae0da05ee199,41.02464876476277,21.320767039678557,pm25,8
2025-12-10T12:14:23+01:00,fec52a19-9148-4350-a1b4-ae0da05ee199,41.02464876476277,21.320767039678557,pressure,949
2025-12-10T12:14:23+01:00,fec52a19-9148-4350-a1b4-ae0da05ee199,41.02464876476277,21.320767039678557,temperature,14
2025-12-10T12:29:55+01:00,fec52a19-9148-4350-a1b4-ae0da05ee199,41.02464876476277,21.320767039678557,gasResistance,102189
2025-12-10T12:29:55+01:00,fec52a19-9148-4350-a1b4-ae0da05ee199,41.02464876476277,21.320767039678557,humidity,46
2025-12-10T12:29:55+01:00,fec52a19-9148-4350-a1b4-ae0da05ee199,41.02464876476277,21.320767039678557,noise,120
2025-12-10T12:29:55+01:00,fec52a19-9148-4350-a1b4-ae0da05ee199,41.02464876476277,21.320767039678557,noise_dba,62
2025-12-10T12:29:55+01:00,fec52a19-9148-4350-a1b4-ae0da05ee199,41.02464876476277,21.320767039678557,pm10,12
2025-12-10T12:29:55+01:00,fec52a19-9148-4350-a1b4-ae0da05ee199,41.02464876476277,21.320767039678557,pm25,8
2025-12-10T12:29:55+01:00,fec52a19-9148-4350-a1b4-ae0da05ee199,41.02464876476277,21.320767039678557,pressure,949
2025-12-10T12:29:55+01:00,fec52a19-9148-4350-a1b4-ae0da05ee199,41.02464876476277,21.320767039678557,temperature,14
2025-12-10T12:45:27+01:00,fec52a19-9148-4350-a1b4-ae0da05ee199,41.02464876476277,21.320767039678557,gasResistance,94566
2025-12-10T12:45:27+01:00,fec52a19-9148-4350-a1b4-ae0da05ee199,41.02464876476277,21.320767039678557,humidity,44
2025-12-10T12:45:27+01:00,fec52a19-9148-4350-a1b4-ae0da05ee199,41.02464876476277,21.320767039678557,noise,113
2025-12-10T12:45:27+01:00,fec52a19-9148-4350-a1b4-ae0da05ee199,41.02464876476277,21.320767039678557,noise_dba,61
2025-12-10T12:45:27+01:00,fec52a19-9148-4350-a1b4-ae0da05ee199,41.02464876476277,21.320767039678557,pm10,154
2025-12-10T12:45:27+01:00,fec52a19-9148-4350-a1b4-ae0da05ee199,41.02464876476277,21.320767039678557,pm25,78
2025-12-10T12:45:27+01:00,fec52a19-9148-4350-a1b4-ae0da05ee199,41.02464876476277,21.320767039678557,pressure,949
2025-12-10T12:45:27+01:00,fec52a19-9148-4350-a1b4-ae0da05ee199,41.02464876476277,21.320767039678557,temperature,14
2025-12-10T13:00:58+01:00,fec52a19-9148-4350-a1b4-ae0da05ee199,41.02464876476277,21.320767039678557,gasResistance,81696
2025-12-10T13:00:58+01:00,fec52a19-9148-4350-a1b4-ae0da05ee199,41.02464876476277,21.320767039678557,humidity,44
2025-12-10T13:00:58+01:00,fec52a19-9148-4350-a1b4-ae0da05ee199,41.02464876476277,21.320767039678557,noise,129
2025-12-10T13:00:58+01:00,fec52a19-9148-4350-a1b4-ae0da05ee199,41.02464876476277,21.320767039678557,noise_dba,64
2025-12-10T13:00:58+01:00,fec52a19-9148-4350-a1b4-ae0da05ee199,41.02464876476277,21.320767039678557,pm10,32
2025-12-10T13:00:58+01:00,fec52a19-9148-4350-a1b4-ae0da05ee199,41.02464876476277,21.320767039678557,pm25,12
2025-12-10T13:00:58+01:00,fec52a19-9148-4350-a1b4-ae0da05ee199,41.02464876476277,21.320767039678557,pressure,949
2025-12-10T13:00:58+01:00,fec52a19-9148-4350-a1b4-ae0da05ee199,41.02464876476277,21.320767039678557,temperature,15
2025-12-10T13:16:30+01:00,fec52a19-9148-4350-a1b4-ae0da05ee199,41.02464876476277,21.320767039678557,gasResistance,86615
2025-12-10T13:16:30+01:00,fec52a19-9148-4350-a1b4-ae0da05ee199,41.02464876476277,21.320767039678557,humidity,45
2025-12-10T13:16:30+01:00,fec52a19-9148-4350-a1b4-ae0da05ee199,41.02464876476277,21.320767039678557,noise,125
2025-12-10T13:16:30+01:00,fec52a19-9148-4350-a1b4-ae0da05ee199,41.02464876476277,21.320767039678557,noise_dba,63
2025-12-10T13:16:30+01:00,fec52a19-9148-4350-a1b4-ae0da05ee199,41.02464876476277,21.320767039678557,pm10,20
2025-12-10T13:16:30+01:00,fec52a19-9148-4350-a1b4-ae0da05ee199,41.02464876476277,21.320767039678557,pm25,11
2025-12-10T13:16:30+01:00,fec52a19-9148-4350-a1b4-ae0da05ee199,41.02464876476277,21.320767039678557,pressure,949
2025-12-10T13:16:30+01:00,fec52a19-9148-4350-a1b4-ae0da05ee199,41.02464876476277,21.320767039678557,temperature,15
2025-12-10T13:32:01+01:00,fec52a19-9148-4350-a1b4-ae0da05ee199,41.02464876476277,21.320767039678557,gasResistance,93089
2025-12-10T13:32:01+01:00,fec52a19-9148-4350-a1b4-ae0da05ee199,41.02464876476277,21.320767039678557,humidity,47
2025-12-10T13:32:01+01:00,fec52a19-9148-4350-a1b4-ae0da05ee199,41.02464876476277,21.320767039678557,noise,123
2025-12-10T13:32:01+01:00,fec52a19-9148-4350-a1b4-ae0da05ee199,41.02464876476277,21.320767039678557,noise_dba,63
2025-12-10T13:32:01+01:00,fec52a19-9148-4350-a1b4-ae0da05ee199,41.02464876476277,21.320767039678557,pm10,21
2025-12-10T13:32:01+01:00,fec52a19-9148-4350-a1b4-ae0da05ee199,41.02464876476277,21.320767039678557,pm25,9
2025-12-10T13:32:01+01:00,fec52a19-9148-4350-a1b4-ae0da05ee199,41.02464876476277,21.320767039678557,pressure,949
2025-12-10T13:32:01+01:00,fec52a19-9148-4350-a1b4-ae0da05ee199,41.02464876476277,21.320767039678557,temperature,15
2025-12-10T13:47:33+01:00,fec52a19-9148-4350-a1b4-ae0da05ee199,41.02464876476277,21.320767039678557,gasResistance,89591
2025-12-10T13:47:33+01:00,fec52a19-9148-4350-a1b4-ae0da05ee199,41.02464876476277,21.320767039678557,humidity,49
2025-12-10T13:47:33+01:00,fec52a19-9148-4350-a1b4-ae0da05ee199,41.02464876476277,21.320767039678557,noise,113
2025-12-10T13:47:33+01:00,fec52a19-9148-4350-a1b4-ae0da05ee199,41.02464876476277,21.320767039678557,noise_dba,61
2025-12-10T13:47:33+01:00,fec52a19-9148-4350-a1b4-ae0da05ee199,41.02464876476277,21.320767039678557,pm10,15
2025-12-10T13:47:33+01:00,fec52a19-9148-4350-a1b4-ae0da05ee199,41.02464876476277,21.320767039678557,pm25,8
2025-12-10T13:47:33+01:00,fec52a19-9148-4350-a1b4-ae0da05ee199,41.02464876476277,21.320767039678557,pressure,949
2025-12-10T13:47:33+01:00,fec52a19-9148-4350-a1b4-ae0da05ee199,41.02464876476277,21.320767039678557,temperature,14
2025-12-10T14:03:04+01:00,fec52a19-9148-4350-a1b4-ae0da05ee199,41.02464876476277,21.320767039678557,gasResistance,94566
2025-12-10T14:03:04+01:00,fec52a19-9148-4350-a1b4-ae0da05ee199,41.02464876476277,21.320767039678557,humidity,49
2025-12-10T14:03:04+01:00,fec52a19-9148-4350-a1b4-ae0da05ee199,41.02464876476277,21.320767039678557,noise,120
2025-12-10T14:03:04+01:00,fec52a19-9148-4350-a1b4-ae0da05ee199,41.02464876476277,21.320767039678557,noise_dba,62
2025-12-10T14:03:04+01:00,fec52a19-9148-4350-a1b4-ae0da05ee199,41.02464876476277,21.320767039678557,pm10,94
2025-12-10T14:03:04+01:00,fec52a19-9148-4350-a1b4-ae0da05ee199,41.02464876476277,21.320767039678557,pm25,44
2025-12-10T14:03:04+01:00,fec52a19-9148-4350-a1b4-ae0da05ee199,41.02464876476277,21.320767039678557,pressure,948
2025-12-10T14:03:04+01:00,fec52a19-9148-4350-a1b4-ae0da05ee199,41.02464876476277,21.320767039678557,temperature,14
2025-12-10T14:18:36+01:00,fec52a19-9148-4350-a1b4-ae0da05ee199,41.02464876476277,21.320767039678557,gasResistance,86256
2025-12-10T14:18:36+01:00,fec52a19-9148-4350-a1b4-ae0da05ee199,41.02464876476277,21.320767039678557,humidity,49
2025-12-10T14:18:36+01:00,fec52a19-9148-4350-a1b4-ae0da05ee199,41.02464876476277,21.320767039678557,noise,124
2025-12-10T14:18:36+01:00,fec52a19-9148-4350-a1b4-ae0da05ee199,41.02464876476277,21.320767039678557,noise_dba,63
2025-12-10T14:18:36+01:00,fec52a19-9148-4350-a1b4-ae0da05ee199,41.02464876476277,21.320767039678557,pm10,17
2025-12-10T14:18:36+01:00,fec52a19-9148-4350-a1b4-ae0da05ee199,41.02464876476277,21.320767039678557,pm25,6
2025-12-10T14:18:36+01:00,fec52a19-9148-4350-a1b4-ae0da05ee199,41.02464876476277,21.320767039678557,pressure,948
2025-12-10T14:18:36+01:00,fec52a19-9148-4350-a1b4-ae0da05ee199,41.02464876476277,21.320767039678557,temperature,14
2025-12-10T14:34:08+01:00,fec52a19-9148-4350-a1b4-ae0da05ee199,41.02464876476277,21.320767039678557,gasResistance,82667
2025-12-10T14:34:08+01:00,fec52a19-9148-4350-a1b4-ae0da05ee199,41.02464876476277,21.320767039678557,humidity,50
2025-12-10T14:34:08+01:00,fec52a19-9148-4350-a1b4-ae0da05ee199,41.02464876476277,21.320767039678557,noise,122
2025-12-10T14:34:08+01:00,fec52a19-9148-4350-a1b4-ae0da05ee199,41.02464876476277,21.320767039678557,noise_dba,63
2025-12-10T14:34:08+01:00,fec52a19-9148-4350-a1b4-ae0da05ee199,41.02464876476277,21.320767039678557,pm10,20
2025-12-10T14:34:08+01:00,fec52a19-9148-4350-a1b4-ae0da05ee199,41.02464876476277,21.320767039678557,pm25,8
2025-12-10T14:34:08+01:00,fec52a19-9148-4350-a1b4-ae0da05ee199,41.02464876476277,21.320767039678557,pressure,948
2025-12-10T14:34:08+01:00,fec52a19-9148-4350-a1b4-ae0da05ee199,41.02464876476277,21.320767039678557,temperature,14
2025-12-10T14:49:39+01:00,fec52a19-9148-4350-a1b4-ae0da05ee199,41.02464876476277,21.320767039678557,gasResistance,76386
2025-12-10T14:49:39+01:00,fec52a19-9148-4350-a1b4-ae0da05ee199,41.02464876476277,21.320767039678557,humidity,48
2025-12-10T14:49:39+01:00,fec52a19-9148-4350-a1b4-ae0da05ee199,41.02464876476277,21.320767039678557,noise,133
2025-12-10T14:49:39+01:00,fec52a19-9148-4350-a1b4-ae0da05ee199,41.02464876476277,21.320767039678557,noise_dba,64
2025-12-10T14:49:39+01:00,fec52a19-9148-4350-a1b4-ae0da05ee199,41.02464876476277,21.320767039678557,pm10,11
2025-12-10T14:49:39+01:00,fec52a19-9148-4350-a1b4-ae0da05ee199,41.02464876476277,21.320767039678557,pm25,5
2025-12-10T14:49:39+01:00,fec52a19-9148-4350-a1b4-ae0da05ee199,41.02464876476277,21.320767039678557,pressure,948
2025-12-10T14:49:39+01:00,fec52a19-9148-4350-a1b4-ae0da05ee199,41.02464876476277,21.320767039678557,temperature,14
2025-12-10T15:05:11+01:00,fec52a19-9148-4350-a1b4-ae0da05ee199,41.02464876476277,21.320767039678557,gasResistance,74278
2025-12-10T15:05:11+01:00,fec52a19-9148-4350-a1b4-ae0da05ee199,41.02464876476277,21.320767039678557,humidity,50
2025-12-10T15:05:11+01:00,fec52a19-9148-4350-a1b4-ae0da05ee199,41.02464876476277,21.320767039678557,noise,116
2025-12-10T15:05:11+01:00,fec52a19-9148-4350-a1b4-ae0da05ee199,41.02464876476277,21.320767039678557,noise_dba,62
2025-12-10T15:05:11+01:00,fec52a19-9148-4350-a1b4-ae0da05ee199,41.02464876476277,21.320767039678557,pm10,16
2025-12-10T15:05:11+01:00,fec52a19-9148-4350-a1b4-ae0da05ee199,41.02464876476277,21.320767039678557,pm25,5
2025-12-10T15:05:11+01:00,fec52a19-9148-4350-a1b4-ae0da05ee199,41.02464876476277,21.320767039678557,pressure,949
2025-12-10T15:05:11+01:00,fec52a19-9148-4350-a1b4-ae0da05ee199,41.02464876476277,21.320767039678557,temperature,14
2025-12-10T15:20:43+01:00,fec52a19-9148-4350-a1b4-ae0da05ee199,41.02464876476277,21.320767039678557,gasResistance,67163
2025-12-10T15:20:43+01:00,fec52a19-9148-4350-a1b4-ae0da05ee199,41.02464876476277,21.320767039678557,humidity,51
2025-12-10T15:20:43+01:00,fec52a19-9148-4350-a1b4-ae0da05ee199,41.02464876476277,21.320767039678557,noise,115
2025-12-10T15:20:43+01:00,fec52a19-9148-4350-a1b4-ae0da05ee199,41.02464876476277,21.320767039678557,noise_dba,62
2025-12-10T15:20:43+01:00,fec52a19-9148-4350-a1b4-ae0da05ee199,41.02464876476277,21.320767039678557,pm10,25
2025-12-10T15:20:43+01:00,fec52a19-9148-4350-a1b4-ae0da05ee199,41.02464876476277,21.320767039678557,pm25,7
2025-12-10T15:20:43+01:00,fec52a19-9148-4350-a1b4-ae0da05ee199,41.02464876476277,21.320767039678557,pressure,949
2025-12-10T15:20:43+01:00,fec52a19-9148-4350-a1b4-ae0da05ee199,41.02464876476277,21.320767039678557,temperature,14
2025-12-10T15:36:15+01:00,fec52a19-9148-4350-a1b4-ae0da05ee199,41.02464876476277,21.320767039678557,gasResistance,68768
2025-12-10T15:36:15+01:00,fec52a19-9148-4350-a1b4-ae0da05ee199,41.02464876476277,21.320767039678557,humidity,52
2025-12-10T15:36:15+01:00,fec52a19-9148-4350-a1b4-ae0da05ee199,41.02464876476277,21.320767039678557,noise,132
2025-12-10T15:36:15+01:00,fec52a19-9148-4350-a1b4-ae0da05ee199,41.02464876476277,21.320767039678557,noise_dba,64
2025-12-10T15:36:15+01:00,fec52a19-9148-4350-a1b4-ae0da05ee199,41.02464876476277,21.320767039678557,pm10,17
2025-12-10T15:36:15+01:00,fec52a19-9148-4350-a1b4-ae0da05ee199,41.02464876476277,21.320767039678557,pm25,7
2025-12-10T15:36:15+01:00,fec52a19-9148-4350-a1b4-ae0da05ee199,41.02464876476277,21.320767039678557,pressure,949
2025-12-10T15:36:15+01:00,fec52a19-9148-4350-a1b4-ae0da05ee199,41.02464876476277,21.320767039678557,temperature,14
2025-12-10T15:51:48+01:00,fec52a19-9148-4350-a1b4-ae0da05ee199,41.02464876476277,21.320767039678557,gasResistance,67380
2025-12-10T15:51:48+01:00,fec52a19-9148-4350-a1b4-ae0da05ee199,41.02464876476277,21.320767039678557,humidity,54
2025-12-10T15:51:48+01:00,fec52a19-9148-4350-a1b4-ae0da05ee199,41.02464876476277,21.320767039678557,noise,109
2025-12-10T15:51:48+01:00,fec52a19-9148-4350-a1b4-ae0da05ee199,41.02464876476277,21.320767039678557,noise_dba,61
2025-12-10T15:51:48+01:00,fec52a19-9148-4350-a1b4-ae0da05ee199,41.02464876476277,21.320767039678557,pm10,18
2025-12-10T15:51:48+01:00,fec52a19-9148-4350-a1b4-ae0da05ee199,41.02464876476277,21.320767039678557,pm25,7
2025-12-10T15:51:48+01:00,fec52a19-9148-4350-a1b4-ae0da05ee199,41.02464876476277,21.320767039678557,pressure,949
2025-12-10T15:51:48+01:00,fec52a19-9148-4350-a1b4-ae0da05ee199,41.02464876476277,21.320767039678557,temperature,13
2025-12-10T16:07:23+01:00,fec52a19-9148-4350-a1b4-ae0da05ee199,41.02464876476277,21.320767039678557,gasResistance,65994
2025-12-10T16:07:23+01:00,fec52a19-9148-4350-a1b4-ae0da05ee199,41.02464876476277,21.320767039678557,humidity,56
2025-12-10T16:07:23+01:00,fec52a19-9148-4350-a1b4-ae0da05ee199,41.02464876476277,21.320767039678557,noise,122
2025-12-10T16:07:23+01:00,fec52a19-9148-4350-a1b4-ae0da05ee199,41.02464876476277,21.320767039678557,noise_dba,63
2025-12-10T16:07:23+01:00,fec52a19-9148-4350-a1b4-ae0da05ee199,41.02464876476277,21.320767039678557,pm10,26
2025-12-10T16:07:23+01:00,fec52a19-9148-4350-a1b4-ae0da05ee199,41.02464876476277,21.320767039678557,pm25,13
2025-12-10T16:07:23+01:00,fec52a19-9148-4350-a1b4-ae0da05ee199,41.02464876476277,21.320767039678557,pressure,949
2025-12-10T16:07:23+01:00,fec52a19-9148-4350-a1b4-ae0da05ee199,41.02464876476277,21.320767039678557,temperature,13
2025-12-10T16:22:54+01:00,fec52a19-9148-4350-a1b4-ae0da05ee199,41.02464876476277,21.320767039678557,gasResistance,65322
2025-12-10T16:22:54+01:00,fec52a19-9148-4350-a1b4-ae0da05ee199,41.02464876476277,21.320767039678557,humidity,56
2025-12-10T16:22:54+01:00,fec52a19-9148-4350-a1b4-ae0da05ee199,41.02464876476277,21.320767039678557,noise,133
2025-12-10T16:22:54+01:00,fec52a19-9148-4350-a1b4-ae0da05ee199,41.02464876476277,21.320767039678557,noise_dba,64
2025-12-10T16:22:54+01:00,fec52a19-9148-4350-a1b4-ae0da05ee199,41.02464876476277,21.320767039678557,pm10,10
2025-12-10T16:22:54+01:00,fec52a19-9148-4350-a1b4-ae0da05ee199,41.02464876476277,21.320767039678557,pm25,5
2025-12-10T16:22:54+01:00,fec52a19-9148-4350-a1b4-ae0da05ee199,41.02464876476277,21.320767039678557,pressure,949
2025-12-10T16:22:54+01:00,fec52a19-9148-4350-a1b4-ae0da05ee199,41.02464876476277,21.320767039678557,temperature,12
2025-12-10T16:38:26+01:00,fec52a19-9148-4350-a1b4-ae0da05ee199,41.02464876476277,21.320767039678557,gasResistance,67543
2025-12-10T16:38:26+01:00,fec52a19-9148-4350-a1b4-ae0da05ee199,41.02464876476277,21.320767039678557,humidity,57
2025-12-10T16:38:26+01:00,fec52a19-9148-4350-a1b4-ae0da05ee199,41.02464876476277,21.320767039678557,noise,121
2025-12-10T16:38:26+01:00,fec52a19-9148-4350-a1b4-ae0da05ee199,41.02464876476277,21.320767039678557,noise_dba,63
2025-12-10T16:38:26+01:00,fec52a19-9148-4350-a1b4-ae0da05ee199,41.02464876476277,21.320767039678557,pm10,21
2025-12-10T16:38:26+01:00,fec52a19-9148-4350-a1b4-ae0da05ee199,41.02464876476277,21.320767039678557,pm25,8
2025-12-10T16:38:26+01:00,fec52a19-9148-4350-a1b4-ae0da05ee199,41.02464876476277,21.320767039678557,pressure,949
2025-12-10T16:38:26+01:00,fec52a19-9148-4350-a1b4-ae0da05ee199,41.02464876476277,21.320767039678557,temperature,11
2025-12-10T16:53:58+01:00,fec52a19-9148-4350-a1b4-ae0da05ee199,41.02464876476277,21.320767039678557,gasResistance,72283
2025-12-10T16:53:58+01:00,fec52a19-9148-4350-a1b4-ae0da05ee199,41.02464876476277,21.320767039678557,humidity,58
2025-12-10T16:53:58+01:00,fec52a19-9148-4350-a1b4-ae0da05ee199,41.02464876476277,21.320767039678557,noise,71
2025-12-10T16:53:58+01:00,fec52a19-9148-4350-a1b4-ae0da05ee199,41.02464876476277,21.320767039678557,noise_dba,54
2025-12-10T16:53:58+01:00,fec52a19-9148-4350-a1b4-ae0da05ee199,41.02464876476277,21.320767039678557,pm10,18
2025-12-10T16:53:58+01:00,fec52a19-9148-4350-a1b4-ae0da05ee199,41.02464876476277,21.320767039678557,pm25,10
2025-12-10T16:53:58+01:00,fec52a19-9148-4350-a1b4-ae0da05ee199,41.02464876476277,21.320767039678557,pressure,949
2025-12-10T16:53:58+01:00,fec52a19-9148-4350-a1b4-ae0da05ee199,41.02464876476277,21.320767039678557,temperature,11
2025-12-10T17:09:29+01:00,fec52a19-9148-4350-a1b4-ae0da05ee199,41.02464876476277,21.320767039678557,gasResistance,72534
2025-12-10T17:09:29+01:00,fec52a19-9148-4350-a1b4-ae0da05ee199,41.02464876476277,21.320767039678557,humidity,59
2025-12-10T17:09:29+01:00,fec52a19-9148-4350-a1b4-ae0da05ee199,41.02464876476277,21.320767039678557,pm10,16
2025-12-10T17:09:29+01:00,fec52a19-9148-4350-a1b4-ae0da05ee199,41.02464876476277,21.320767039678557,pm25,8
2025-12-10T17:09:29+01:00,fec52a19-9148-4350-a1b4-ae0da05ee199,41.02464876476277,21.320767039678557,pressure,949
2025-12-10T17:09:29+01:00,fec52a19-9148-4350-a1b4-ae0da05ee199,41.02464876476277,21.320767039678557,temperature,10
2025-12-10T17:25:01+01:00,fec52a19-9148-4350-a1b4-ae0da05ee199,41.02464876476277,21.320767039678557,gasResistance,73492
2025-12-10T17:25:01+01:00,fec52a19-9148-4350-a1b4-ae0da05ee199,41.02464876476277,21.320767039678557,humidity,58
2025-12-10T17:25:01+01:00,fec52a19-9148-4350-a1b4-ae0da05ee199,41.02464876476277,21.320767039678557,pm10,15
2025-12-10T17:25:01+01:00,fec52a19-9148-4350-a1b4-ae0da05ee199,41.02464876476277,21.320767039678557,pm25,6
2025-12-10T17:25:01+01:00,fec52a19-9148-4350-a1b4-ae0da05ee199,41.02464876476277,21.320767039678557,pressure,949
2025-12-10T17:25:01+01:00,fec52a19-9148-4350-a1b4-ae0da05ee199,41.02464876476277,21.320767039678557,temperature,10
2025-12-10T17:40:22+01:00,fec52a19-9148-4350-a1b4-ae0da05ee199,41.02464876476277,21.320767039678557,gasResistance,75899
2025-12-10T17:40:22+01:00,fec52a19-9148-4350-a1b4-ae0da05ee199,41.02464876476277,21.320767039678557,humidity,59
2025-12-10T17:40:22+01:00,fec52a19-9148-4350-a1b4-ae0da05ee199,41.02464876476277,21.320767039678557,pressure,949
2025-12-10T17:40:22+01:00,fec52a19-9148-4350-a1b4-ae0da05ee199,41.02464876476277,21.320767039678557,temperature,10
2025-12-10T17:55:55+01:00,fec52a19-9148-4350-a1b4-ae0da05ee199,41.02464876476277,21.320767039678557,gasResistance,76386
2025-12-10T17:55:55+01:00,fec52a19-9148-4350-a1b4-ae0da05ee199,41.02464876476277,21.320767039678557,humidity,59
2025-12-10T17:55:55+01:00,fec52a19-9148-4350-a1b4-ae0da05ee199,41.02464876476277,21.320767039678557,pm10,27
2025-12-10T17:55:55+01:00,fec52a19-9148-4350-a1b4-ae0da05ee199,41.02464876476277,21.320767039678557,pm25,9
2025-12-10T17:55:55+01:00,fec52a19-9148-4350-a1b4-ae0da05ee199,41.02464876476277,21.320767039678557,pressure,949
2025-12-10T17:55:55+01:00,fec52a19-9148-4350-a1b4-ae0da05ee199,41.02464876476277,21.320767039678557,temperature,9
2025-12-10T18:11:27+01:00,fec52a19-9148-4350-a1b4-ae0da05ee199,41.02464876476277,21.320767039678557,gasResistance,77091
2025-12-10T18:11:27+01:00,fec52a19-9148-4350-a1b4-ae0da05ee199,41.02464876476277,21.320767039678557,humidity,59
2025-12-10T18:11:27+01:00,fec52a19-9148-4350-a1b4-ae0da05ee199,41.02464876476277,21.320767039678557,pm10,25
2025-12-10T18:11:27+01:00,fec52a19-9148-4350-a1b4-ae0da05ee199,41.02464876476277,21.320767039678557,pm25,8
2025-12-10T18:11:27+01:00,fec52a19-9148-4350-a1b4-ae0da05ee199,41.02464876476277,21.320767039678557,pressure,949
2025-12-10T18:11:27+01:00,fec52a19-9148-4350-a1b4-ae0da05ee199,41.02464876476277,21.320767039678557,temperature,9
2025-12-10T18:26:58+01:00,fec52a19-9148-4350-a1b4-ae0da05ee199,41.02464876476277,21.320767039678557,gasResistance,76807
2025-12-10T18:26:58+01:00,fec52a19-9148-4350-a1b4-ae0da05ee199,41.02464876476277,21.320767039678557,humidity,59
2025-12-10T18:26:58+01:00,fec52a19-9148-4350-a1b4-ae0da05ee199,41.02464876476277,21.320767039678557,pm10,15
2025-12-10T18:26:58+01:00,fec52a19-9148-4350-a1b4-ae0da05ee199,41.02464876476277,21.320767039678557,pm25,7
2025-12-10T18:26:58+01:00,fec52a19-9148-4350-a1b4-ae0da05ee199,41.02464876476277,21.320767039678557,pressure,949
2025-12-10T18:26:58+01:00,fec52a19-9148-4350-a1b4-ae0da05ee199,41.02464876476277,21.320767039678557,temperature,9
2025-12-10T18:42:30+01:00,fec52a19-9148-4350-a1b4-ae0da05ee199,41.02464876476277,21.320767039678557,gasResistance,74676
2025-12-10T18:42:30+01:00,fec52a19-9148-4350-a1b4-ae0da05ee199,41.02464876476277,21.320767039678557,humidity,59
2025-12-10T18:42:30+01:00,fec52a19-9148-4350-a1b4-ae0da05ee199,41.02464876476277,21.320767039678557,pm10,13
2025-12-10T18:42:30+01:00,fec52a19-9148-4350-a1b4-ae0da05ee199,41.02464876476277,21.320767039678557,pm25,6
2025-12-10T18:42:30+01:00,fec52a19-9148-4350-a1b4-ae0da05ee199,41.02464876476277,21.320767039678557,pressure,950
2025-12-10T18:42:30+01:00,fec52a19-9148-4350-a1b4-ae0da05ee199,41.02464876476277,21.320767039678557,temperature,9
2025-12-10T18:58:01+01:00,fec52a19-9148-4350-a1b4-ae0da05ee199,41.02464876476277,21.320767039678557,gasResistance,77091
2025-12-10T18:58:01+01:00,fec52a19-9148-4350-a1b4-ae0da05ee199,41.02464876476277,21.320767039678557,humidity,60
2025-12-10T18:58:01+01:00,fec52a19-9148-4350-a1b4-ae0da05ee199,41.02464876476277,21.320767039678557,pm10,11
2025-12-10T18:58:01+01:00,fec52a19-9148-4350-a1b4-ae0da05ee199,41.02464876476277,21.320767039678557,pm25,6
2025-12-10T18:58:01+01:00,fec52a19-9148-4350-a1b4-ae0da05ee199,41.02464876476277,21.320767039678557,pressure,950
2025-12-10T18:58:01+01:00,fec52a19-9148-4350-a1b4-ae0da05ee199,41.02464876476277,21.320767039678557,temperature,9
2025-12-10T19:13:33+01:00,fec52a19-9148-4350-a1b4-ae0da05ee199,41.02464876476277,21.320767039678557,gasResistance,79214
2025-12-10T19:13:33+01:00,fec52a19-9148-4350-a1b4-ae0da05ee199,41.02464876476277,21.320767039678557,humidity,60
2025-12-10T19:13:33+01:00,fec52a19-9148-4350-a1b4-ae0da05ee199,41.02464876476277,21.320767039678557,pm10,9
2025-12-10T19:13:33+01:00,fec52a19-9148-4350-a1b4-ae0da05ee199,41.02464876476277,21.320767039678557,pm25,6
2025-12-10T19:13:33+01:00,fec52a19-9148-4350-a1b4-ae0da05ee199,41.02464876476277,21.320767039678557,pressure,950
2025-12-10T19:13:33+01:00,fec52a19-9148-4350-a1b4-ae0da05ee199,41.02464876476277,21.320767039678557,temperature,9
2025-12-10T19:29:04+01:00,fec52a19-9148-4350-a1b4-ae0da05ee199,41.02464876476277,21.320767039678557,gasResistance,80204
2025-12-10T19:29:04+01:00,fec52a19-9148-4350-a1b4-ae0da05ee199,41.02464876476277,21.320767039678557,humidity,60
2025-12-10T19:29:04+01:00,fec52a19-9148-4350-a1b4-ae0da05ee199,41.02464876476277,21.320767039678557,pm10,9
2025-12-10T19:29:04+01:00,fec52a19-9148-4350-a1b4-ae0da05ee199,41.02464876476277,21.320767039678557,pm25,5
2025-12-10T19:29:04+01:00,fec52a19-9148-4350-a1b4-ae0da05ee199,41.02464876476277,21.320767039678557,pressure,950
2025-12-10T19:29:04+01:00,fec52a19-9148-4350-a1b4-ae0da05ee199,41.02464876476277,21.320767039678557,temperature,8
2025-12-10T19:44:36+01:00,fec52a19-9148-4350-a1b4-ae0da05ee199,41.02464876476277,21.320767039678557,gasResistance,80669
2025-12-10T19:44:36+01:00,fec52a19-9148-4350-a1b4-ae0da05ee199,41.02464876476277,21.320767039678557,humidity,61
2025-12-10T19:44:36+01:00,fec52a19-9148-4350-a1b4-ae0da05ee199,41.02464876476277,21.320767039678557,pm10,12
2025-12-10T19:44:36+01:00,fec52a19-9148-4350-a1b4-ae0da05ee199,41.02464876476277,21.320767039678557,pm25,5
2025-12-10T19:44:36+01:00,fec52a19-9148-4350-a1b4-ae0da05ee199,41.02464876476277,21.320767039678557,pressure,950
2025-12-10T19:44:36+01:00,fec52a19-9148-4350-a1b4-ae0da05ee199,41.02464876476277,21.320767039678557,temperature,8
2025-12-10T20:00:08+01:00,fec52a19-9148-4350-a1b4-ae0da05ee199,41.02464876476277,21.320767039678557,gasResistance,81776
2025-12-10T20:00:08+01:00,fec52a19-9148-4350-a1b4-ae0da05ee199,41.02464876476277,21.320767039678557,humidity,61
2025-12-10T20:00:08+01:00,fec52a19-9148-4350-a1b4-ae0da05ee199,41.02464876476277,21.320767039678557,pm10,14
2025-12-10T20:00:08+01:00,fec52a19-9148-4350-a1b4-ae0da05ee199,41.02464876476277,21.320767039678557,pm25,7
2025-12-10T20:00:08+01:00,fec52a19-9148-4350-a1b4-ae0da05ee199,41.02464876476277,21.320767039678557,pressure,950
2025-12-10T20:00:08+01:00,fec52a19-9148-4350-a1b4-ae0da05ee199,41.02464876476277,21.320767039678557,temperature,8
2025-12-10T20:15:39+01:00,fec52a19-9148-4350-a1b4-ae0da05ee199,41.02464876476277,21.320767039678557,gasResistance,80825
2025-12-10T20:15:39+01:00,fec52a19-9148-4350-a1b4-ae0da05ee199,41.02464876476277,21.320767039678557,humidity,61
2025-12-10T20:15:39+01:00,fec52a19-9148-4350-a1b4-ae0da05ee199,41.02464876476277,21.320767039678557,pm10,12
2025-12-10T20:15:39+01:00,fec52a19-9148-4350-a1b4-ae0da05ee199,41.02464876476277,21.320767039678557,pm25,6
2025-12-10T20:15:39+01:00,fec52a19-9148-4350-a1b4-ae0da05ee199,41.02464876476277,21.320767039678557,pressure,950
2025-12-10T20:15:39+01:00,fec52a19-9148-4350-a1b4-ae0da05ee199,41.02464876476277,21.320767039678557,temperature,8
2025-12-10T20:31:10+01:00,fec52a19-9148-4350-a1b4-ae0da05ee199,41.02464876476277,21.320767039678557,gasResistance,81936
2025-12-10T20:31:10+01:00,fec52a19-9148-4350-a1b4-ae0da05ee199,41.02464876476277,21.320767039678557,humidity,61
2025-12-10T20:31:10+01:00,fec52a19-9148-4350-a1b4-ae0da05ee199,41.02464876476277,21.320767039678557,pm10,10
2025-12-10T20:31:10+01:00,fec52a19-9148-4350-a1b4-ae0da05ee199,41.02464876476277,21.320767039678557,pm25,6
2025-12-10T20:31:10+01:00,fec52a19-9148-4350-a1b4-ae0da05ee199,41.02464876476277,21.320767039678557,pressure,950
2025-12-10T20:31:10+01:00,fec52a19-9148-4350-a1b4-ae0da05ee199,41.02464876476277,21.320767039678557,temperature,8
2025-12-10T20:46:42+01:00,fec52a19-9148-4350-a1b4-ae0da05ee199,41.02464876476277,21.320767039678557,gasResistance,82341
2025-12-10T20:46:42+01:00,fec52a19-9148-4350-a1b4-ae0da05ee199,41.02464876476277,21.320767039678557,humidity,61
2025-12-10T20:46:42+01:00,fec52a19-9148-4350-a1b4-ae0da05ee199,41.02464876476277,21.320767039678557,pm10,8
2025-12-10T20:46:42+01:00,fec52a19-9148-4350-a1b4-ae0da05ee199,41.02464876476277,21.320767039678557,pm25,4
2025-12-10T20:46:42+01:00,fec52a19-9148-4350-a1b4-ae0da05ee199,41.02464876476277,21.320767039678557,pressure,950
2025-12-10T20:46:42+01:00,fec52a19-9148-4350-a1b4-ae0da05ee199,41.02464876476277,21.320767039678557,temperature,8
2025-12-10T21:02:14+01:00,fec52a19-9148-4350-a1b4-ae0da05ee199,41.02464876476277,21.320767039678557,gasResistance,83079
2025-12-10T21:02:14+01:00,fec52a19-9148-4350-a1b4-ae0da05ee199,41.02464876476277,21.320767039678557,humidity,61
2025-12-10T21:02:14+01:00,fec52a19-9148-4350-a1b4-ae0da05ee199,41.02464876476277,21.320767039678557,pm10,4
2025-12-10T21:02:14+01:00,fec52a19-9148-4350-a1b4-ae0da05ee199,41.02464876476277,21.320767039678557,pm25,3
2025-12-10T21:02:14+01:00,fec52a19-9148-4350-a1b4-ae0da05ee199,41.02464876476277,21.320767039678557,pressure,950
2025-12-10T21:02:14+01:00,fec52a19-9148-4350-a1b4-ae0da05ee199,41.02464876476277,21.320767039678557,temperature,8
2025-12-10T21:17:45+01:00,fec52a19-9148-4350-a1b4-ae0da05ee199,41.02464876476277,21.320767039678557,gasResistance,83244
2025-12-10T21:17:45+01:00,fec52a19-9148-4350-a1b4-ae0da05ee199,41.02464876476277,21.320767039678557,humidity,61
2025-12-10T21:17:45+01:00,fec52a19-9148-4350-a1b4-ae0da05ee199,41.02464876476277,21.320767039678557,pm10,30
2025-12-10T21:17:45+01:00,fec52a19-9148-4350-a1b4-ae0da05ee199,41.02464876476277,21.320767039678557,pm25,4
2025-12-10T21:17:45+01:00,fec52a19-9148-4350-a1b4-ae0da05ee199,41.02464876476277,21.320767039678557,pressure,950
2025-12-10T21:17:45+01:00,fec52a19-9148-4350-a1b4-ae0da05ee199,41.02464876476277,21.320767039678557,temperature,8
2025-12-10T21:33:17+01:00,fec52a19-9148-4350-a1b4-ae0da05ee199,41.02464876476277,21.320767039678557,gasResistance,82996
2025-12-10T21:33:17+01:00,fec52a19-9148-4350-a1b4-ae0da05ee199,41.02464876476277,21.320767039678557,humidity,61
2025-12-10T21:33:17+01:00,fec52a19-9148-4350-a1b4-ae0da05ee199,41.02464876476277,21.320767039678557,pm10,7
2025-12-10T21:33:17+01:00,fec52a19-9148-4350-a1b4-ae0da05ee199,41.02464876476277,21.320767039678557,pm25,4
2025-12-10T21:33:17+01:00,fec52a19-9148-4350-a1b4-ae0da05ee199,41.02464876476277,21.320767039678557,pressure,950
2025-12-10T21:33:17+01:00,fec52a19-9148-4350-a1b4-ae0da05ee199,41.02464876476277,21.320767039678557,temperature,8
2025-12-10T21:48:48+01:00,fec52a19-9148-4350-a1b4-ae0da05ee199,41.02464876476277,21.320767039678557,gasResistance,82913
2025-12-10T21:48:48+01:00,fec52a19-9148-4350-a1b4-ae0da05ee199,41.02464876476277,21.320767039678557,humidity,61
2025-12-10T21:48:48+01:00,fec52a19-9148-4350-a1b4-ae0da05ee199,41.02464876476277,21.320767039678557,pm10,3
2025-12-10T21:48:48+01:00,fec52a19-9148-4350-a1b4-ae0da05ee199,41.02464876476277,21.320767039678557,pm25,3
2025-12-10T21:48:48+01:00,fec52a19-9148-4350-a1b4-ae0da05ee199,41.02464876476277,21.320767039678557,pressure,950
2025-12-10T21:48:48+01:00,fec52a19-9148-4350-a1b4-ae0da05ee199,41.02464876476277,21.320767039678557,temperature,8
2025-12-10T22:04:20+01:00,fec52a19-9148-4350-a1b4-ae0da05ee199,41.02464876476277,21.320767039678557,gasResistance,84338
2025-12-10T22:04:20+01:00,fec52a19-9148-4350-a1b4-ae0da05ee199,41.02464876476277,21.320767039678557,humidity,61
2025-12-10T22:04:20+01:00,fec52a19-9148-4350-a1b4-ae0da05ee199,41.02464876476277,21.320767039678557,pm10,8
2025-12-10T22:04:20+01:00,fec52a19-9148-4350-a1b4-ae0da05ee199,41.02464876476277,21.320767039678557,pm25,3
2025-12-10T22:04:20+01:00,fec52a19-9148-4350-a1b4-ae0da05ee199,41.02464876476277,21.320767039678557,pressure,950
2025-12-10T22:04:20+01:00,fec52a19-9148-4350-a1b4-ae0da05ee199,41.02464876476277,21.320767039678557,temperature,7
2025-12-10T22:19:52+01:00,fec52a19-9148-4350-a1b4-ae0da05ee199,41.02464876476277,21.320767039678557,gasResistance,85113
2025-12-10T22:19:52+01:00,fec52a19-9148-4350-a1b4-ae0da05ee199,41.02464876476277,21.320767039678557,humidity,62
2025-12-10T22:19:52+01:00,fec52a19-9148-4350-a1b4-ae0da05ee199,41.02464876476277,21.320767039678557,pm10,8
2025-12-10T22:19:52+01:00,fec52a19-9148-4350-a1b4-ae0da05ee199,41.02464876476277,21.320767039678557,pm25,3
2025-12-10T22:19:52+01:00,fec52a19-9148-4350-a1b4-ae0da05ee199,41.02464876476277,21.320767039678557,pressure,950
2025-12-10T22:19:52+01:00,fec52a19-9148-4350-a1b4-ae0da05ee199,41.02464876476277,21.320767039678557,temperature,7
2025-12-10T22:35:23+01:00,fec52a19-9148-4350-a1b4-ae0da05ee199,41.02464876476277,21.320767039678557,gasResistance,85199
2025-12-10T22:35:23+01:00,fec52a19-9148-4350-a1b4-ae0da05ee199,41.02464876476277,21.320767039678557,humidity,62
2025-12-10T22:35:23+01:00,fec52a19-9148-4350-a1b4-ae0da05ee199,41.02464876476277,21.320767039678557,pm10,6
2025-12-10T22:35:23+01:00,fec52a19-9148-4350-a1b4-ae0da05ee199,41.02464876476277,21.320767039678557,pm25,4
2025-12-10T22:35:23+01:00,fec52a19-9148-4350-a1b4-ae0da05ee199,41.02464876476277,21.320767039678557,pressure,950
2025-12-10T22:35:23+01:00,fec52a19-9148-4350-a1b4-ae0da05ee199,41.02464876476277,21.320767039678557,temperature,7
2025-12-10T22:50:55+01:00,fec52a19-9148-4350-a1b4-ae0da05ee199,41.02464876476277,21.320767039678557,gasResistance,85549
2025-12-10T22:50:55+01:00,fec52a19-9148-4350-a1b4-ae0da05ee199,41.02464876476277,21.320767039678557,humidity,62
2025-12-10T22:50:55+01:00,fec52a19-9148-4350-a1b4-ae0da05ee199,41.02464876476277,21.320767039678557,pm10,4
2025-12-10T22:50:55+01:00,fec52a19-9148-4350-a1b4-ae0da05ee199,41.02464876476277,21.320767039678557,pm25,3
2025-12-10T22:50:55+01:00,fec52a19-9148-4350-a1b4-ae0da05ee199,41.02464876476277,21.320767039678557,pressure,950
2025-12-10T22:50:55+01:00,fec52a19-9148-4350-a1b4-ae0da05ee199,41.02464876476277,21.320767039678557,temperature,7
2025-12-10T23:06:27+01:00,fec52a19-9148-4350-a1b4-ae0da05ee199,41.02464876476277,21.320767039678557,gasResistance,83999
2025-12-10T23:06:27+01:00,fec52a19-9148-4350-a1b4-ae0da05ee199,41.02464876476277,21.320767039678557,humidity,62
2025-12-10T23:06:27+01:00,fec52a19-9148-4350-a1b4-ae0da05ee199,41.02464876476277,21.320767039678557,pm10,3
2025-12-10T23:06:27+01:00,fec52a19-9148-4350-a1b4-ae0da05ee199,41.02464876476277,21.320767039678557,pm25,3
2025-12-10T23:06:27+01:00,fec52a19-9148-4350-a1b4-ae0da05ee199,41.02464876476277,21.320767039678557,pressure,950
2025-12-10T23:06:27+01:00,fec52a19-9148-4350-a1b4-ae0da05ee199,41.02464876476277,21.320767039678557,temperature,7
2025-12-10T23:21:58+01:00,fec52a19-9148-4350-a1b4-ae0da05ee199,41.02464876476277,21.320767039678557,gasResistance,83662
2025-12-10T23:21:58+01:00,fec52a19-9148-4350-a1b4-ae0da05ee199,41.02464876476277,21.320767039678557,humidity,61
2025-12-10T23:21:58+01:00,fec52a19-9148-4350-a1b4-ae0da05ee199,41.02464876476277,21.320767039678557,pm10,3
2025-12-10T23:21:58+01:00,fec52a19-9148-4350-a1b4-ae0da05ee199,41.02464876476277,21.320767039678557,pm25,3
2025-12-10T23:21:58+01:00,fec52a19-9148-4350-a1b4-ae0da05ee199,41.02464876476277,21.320767039678557,pressure,951
2025-12-10T23:21:58+01:00,fec52a19-9148-4350-a1b4-ae0da05ee199,41.02464876476277,21.320767039678557,temperature,7
2025-12-10T23:37:30+01:00,fec52a19-9148-4350-a1b4-ae0da05ee199,41.02464876476277,21.320767039678557,gasResistance,84424
2025-12-10T23:37:30+01:00,fec52a19-9148-4350-a1b4-ae0da05ee199,41.02464876476277,21.320767039678557,humidity,61
2025-12-10T23:37:30+01:00,fec52a19-9148-4350-a1b4-ae0da05ee199,41.02464876476277,21.320767039678557,pm10,4
2025-12-10T23:37:30+01:00,fec52a19-9148-4350-a1b4-ae0da05ee199,41.02464876476277,21.320767039678557,pm25,3
2025-12-10T23:37:30+01:00,fec52a19-9148-4350-a1b4-ae0da05ee199,41.02464876476277,21.320767039678557,pressure,950
2025-12-10T23:37:30+01:00,fec52a19-9148-4350-a1b4-ae0da05ee199,41.02464876476277,21.320767039678557,temperature,7
2025-12-10T23:53:01+01:00,fec52a19-9148-4350-a1b4-ae0da05ee199,41.02464876476277,21.320767039678557,gasResistance,86256
2025-12-10T23:53:01+01:00,fec52a19-9148-4350-a1b4-ae0da05ee199,41.02464876476277,21.320767039678557,humidity,62
2025-12-10T23:53:01+01:00,fec52a19-9148-4350-a1b4-ae0da05ee199,41.02464876476277,21.320767039678557,pm10,8
2025-12-10T23:53:01+01:00,fec52a19-9148-4350-a1b4-ae0da05ee199,41.02464876476277,21.320767039678557,pm25,1
2025-12-10T23:53:01+01:00,fec52a19-9148-4350-a1b4-ae0da05ee199,41.02464876476277,21.320767039678557,pressure,950
2025-12-10T23:53:01+01:00,fec52a19-9148-4350-a1b4-ae0da05ee199,41.02464876476277,21.320767039678557,temperature,7
2025-12-11T00:08:33+01:00,fec52a19-9148-4350-a1b4-ae0da05ee199,41.02464876476277,21.320767039678557,gasResistance,84853
2025-12-11T00:08:33+01:00,fec52a19-9148-4350-a1b4-ae0da05ee199,41.02464876476277,21.320767039678557,humidity,63
2025-12-11T00:08:33+01:00,fec52a19-9148-4350-a1b4-ae0da05ee199,41.02464876476277,21.320767039678557,pm10,1
2025-12-11T00:08:33+01:00,fec52a19-9148-4350-a1b4-ae0da05ee199,41.02464876476277,21.320767039678557,pm25,1
2025-12-11T00:08:33+01:00,fec52a19-9148-4350-a1b4-ae0da05ee199,41.02464876476277,21.320767039678557,pressure,950
2025-12-11T00:08:33+01:00,fec52a19-9148-4350-a1b4-ae0da05ee199,41.02464876476277,21.320767039678557,temperature,7
2025-12-11T00:24:04+01:00,fec52a19-9148-4350-a1b4-ae0da05ee199,41.02464876476277,21.320767039678557,gasResistance,85287
2025-12-11T00:24:04+01:00,fec52a19-9148-4350-a1b4-ae0da05ee199,41.02464876476277,21.320767039678557,humidity,63
2025-12-11T00:24:04+01:00,fec52a19-9148-4350-a1b4-ae0da05ee199,41.02464876476277,21.320767039678557,pm10,3
2025-12-11T00:24:04+01:00,fec52a19-9148-4350-a1b4-ae0da05ee199,41.02464876476277,21.320767039678557,pm25,2
2025-12-11T00:24:04+01:00,fec52a19-9148-4350-a1b4-ae0da05ee199,41.02464876476277,21.320767039678557,pressure,950
2025-12-11T00:24:04+01:00,fec52a19-9148-4350-a1b4-ae0da05ee199,41.02464876476277,21.320767039678557,temperature,7
2025-12-11T00:39:36+01:00,fec52a19-9148-4350-a1b4-ae0da05ee199,41.02464876476277,21.320767039678557,gasResistance,85287
2025-12-11T00:39:36+01:00,fec52a19-9148-4350-a1b4-ae0da05ee199,41.02464876476277,21.320767039678557,humidity,63
2025-12-11T00:39:36+01:00,fec52a19-9148-4350-a1b4-ae0da05ee199,41.02464876476277,21.320767039678557,pm10,4
2025-12-11T00:39:36+01:00,fec52a19-9148-4350-a1b4-ae0da05ee199,41.02464876476277,21.320767039678557,pm25,1
2025-12-11T00:39:36+01:00,fec52a19-9148-4350-a1b4-ae0da05ee199,41.02464876476277,21.320767039678557,pressure,950
2025-12-11T00:39:36+01:00,fec52a19-9148-4350-a1b4-ae0da05ee199,41.02464876476277,21.320767039678557,temperature,6
2025-12-11T00:55:07+01:00,fec52a19-9148-4350-a1b4-ae0da05ee199,41.02464876476277,21.320767039678557,gasResistance,87249
2025-12-11T00:55:07+01:00,fec52a19-9148-4350-a1b4-ae0da05ee199,41.02464876476277,21.320767039678557,humidity,62
2025-12-11T00:55:07+01:00,fec52a19-9148-4350-a1b4-ae0da05ee199,41.02464876476277,21.320767039678557,pm10,3
2025-12-11T00:55:07+01:00,fec52a19-9148-4350-a1b4-ae0da05ee199,41.02464876476277,21.320767039678557,pm25,2
2025-12-11T00:55:07+01:00,fec52a19-9148-4350-a1b4-ae0da05ee199,41.02464876476277,21.320767039678557,pressure,950
2025-12-11T00:55:07+01:00,fec52a19-9148-4350-a1b4-ae0da05ee199,41.02464876476277,21.320767039678557,temperature,6
2025-12-11T01:10:39+01:00,fec52a19-9148-4350-a1b4-ae0da05ee199,41.02464876476277,21.320767039678557,gasResistance,86256
2025-12-11T01:10:39+01:00,fec52a19-9148-4350-a1b4-ae0da05ee199,41.02464876476277,21.320767039678557,humidity,63
2025-12-11T01:10:39+01:00,fec52a19-9148-4350-a1b4-ae0da05ee199,41.02464876476277,21.320767039678557,pm10,4
2025-12-11T01:10:39+01:00,fec52a19-9148-4350-a1b4-ae0da05ee199,41.02464876476277,21.320767039678557,pm25,2
2025-12-11T01:10:39+01:00,fec52a19-9148-4350-a1b4-ae0da05ee199,41.02464876476277,21.320767039678557,pressure,950
2025-12-11T01:10:39+01:00,fec52a19-9148-4350-a1b4-ae0da05ee199,41.02464876476277,21.320767039678557,temperature,6
2025-12-11T01:26:10+01:00,fec52a19-9148-4350-a1b4-ae0da05ee199,41.02464876476277,21.320767039678557,gasResistance,86167
2025-12-11T01:26:10+01:00,fec52a19-9148-4350-a1b4-ae0da05ee199,41.02464876476277,21.320767039678557,humidity,64
2025-12-11T01:26:10+01:00,fec52a19-9148-4350-a1b4-ae0da05ee199,41.02464876476277,21.320767039678557,pm10,1
2025-12-11T01:26:10+01:00,fec52a19-9148-4350-a1b4-ae0da05ee199,41.02464876476277,21.320767039678557,pm25,1
2025-12-11T01:26:10+01:00,fec52a19-9148-4350-a1b4-ae0da05ee199,41.02464876476277,21.320767039678557,pressure,950
2025-12-11T01:26:10+01:00,fec52a19-9148-4350-a1b4-ae0da05ee199,41.02464876476277,21.320767039678557,temperature,6
2025-12-11T01:41:42+01:00,fec52a19-9148-4350-a1b4-ae0da05ee199,41.02464876476277,21.320767039678557,gasResistance,86525
2025-12-11T01:41:42+01:00,fec52a19-9148-4350-a1b4-ae0da05ee199,41.02464876476277,21.320767039678557,humidity,62
2025-12-11T01:41:42+01:00,fec52a19-9148-4350-a1b4-ae0da05ee199,41.02464876476277,21.320767039678557,pm10,0
2025-12-11T01:41:42+01:00,fec52a19-9148-4350-a1b4-ae0da05ee199,41.02464876476277,21.320767039678557,pm25,0
2025-12-11T01:41:42+01:00,fec52a19-9148-4350-a1b4-ae0da05ee199,41.02464876476277,21.320767039678557,pressure,950
2025-12-11T01:41:42+01:00,fec52a19-9148-4350-a1b4-ae0da05ee199,41.02464876476277,21.320767039678557,temperature,6
2025-12-11T14:06:30+01:00,fec52a19-9148-4350-a1b4-ae0da05ee199,41.02464876476277,21.320767039678557,gasResistance,0
2025-12-11T14:06:30+01:00,fec52a19-9148-4350-a1b4-ae0da05ee199,41.02464876476277,21.320767039678557,humidity,39
2025-12-11T14:06:30+01:00,fec52a19-9148-4350-a1b4-ae0da05ee199,41.02464876476277,21.320767039678557,noise,122
2025-12-11T14:06:30+01:00,fec52a19-9148-4350-a1b4-ae0da05ee199,41.02464876476277,21.320767039678557,noise_dba,63
2025-12-11T14:06:30+01:00,fec52a19-9148-4350-a1b4-ae0da05ee199,41.02464876476277,21.320767039678557,pm10,18
2025-12-11T14:06:30+01:00,fec52a19-9148-4350-a1b4-ae0da05ee199,41.02464876476277,21.320767039678557,pm25,7
2025-12-11T14:06:30+01:00,fec52a19-9148-4350-a1b4-ae0da05ee199,41.02464876476277,21.320767039678557,pressure,947
2025-12-11T14:06:30+01:00,fec52a19-9148-4350-a1b4-ae0da05ee199,41.02464876476277,21.320767039678557,temperature,18
2025-12-11T14:22:02+01:00,fec52a19-9148-4350-a1b4-ae0da05ee199,41.02464876476277,21.320767039678557,gasResistance,31352
2025-12-11T14:22:02+01:00,fec52a19-9148-4350-a1b4-ae0da05ee199,41.02464876476277,21.320767039678557,humidity,41
2025-12-11T14:22:02+01:00,fec52a19-9148-4350-a1b4-ae0da05ee199,41.02464876476277,21.320767039678557,noise,120
2025-12-11T14:22:02+01:00,fec52a19-9148-4350-a1b4-ae0da05ee199,41.02464876476277,21.320767039678557,noise_dba,62
2025-12-11T14:22:02+01:00,fec52a19-9148-4350-a1b4-ae0da05ee199,41.02464876476277,21.320767039678557,pm10,571
2025-12-11T14:22:02+01:00,fec52a19-9148-4350-a1b4-ae0da05ee199,41.02464876476277,21.320767039678557,pm25,306
2025-12-11T14:22:02+01:00,fec52a19-9148-4350-a1b4-ae0da05ee199,41.02464876476277,21.320767039678557,pressure,947
2025-12-11T14:22:02+01:00,fec52a19-9148-4350-a1b4-ae0da05ee199,41.02464876476277,21.320767039678557,temperature,18
2025-12-11T14:37:33+01:00,fec52a19-9148-4350-a1b4-ae0da05ee199,41.02464876476277,21.320767039678557,gasResistance,39621
2025-12-11T14:37:33+01:00,fec52a19-9148-4350-a1b4-ae0da05ee199,41.02464876476277,21.320767039678557,humidity,42
2025-12-11T14:37:33+01:00,fec52a19-9148-4350-a1b4-ae0da05ee199,41.02464876476277,21.320767039678557,noise,130
2025-12-11T14:37:33+01:00,fec52a19-9148-4350-a1b4-ae0da05ee199,41.02464876476277,21.320767039678557,noise_dba,64
2025-12-11T14:37:33+01:00,fec52a19-9148-4350-a1b4-ae0da05ee199,41.02464876476277,21.320767039678557,pm10,17
2025-12-11T14:37:33+01:00,fec52a19-9148-4350-a1b4-ae0da05ee199,41.02464876476277,21.320767039678557,pm25,7
2025-12-11T14:37:33+01:00,fec52a19-9148-4350-a1b4-ae0da05ee199,41.02464876476277,21.320767039678557,pressure,947
2025-12-11T14:37:33+01:00,fec52a19-9148-4350-a1b4-ae0da05ee199,41.02464876476277,21.320767039678557,temperature,18
2025-12-11T14:53:04+01:00,fec52a19-9148-4350-a1b4-ae0da05ee199,41.02464876476277,21.320767039678557,gasResistance,42787
2025-12-11T14:53:04+01:00,fec52a19-9148-4350-a1b4-ae0da05ee199,41.02464876476277,21.320767039678557,humidity,43
2025-12-11T14:53:04+01:00,fec52a19-9148-4350-a1b4-ae0da05ee199,41.02464876476277,21.320767039678557,noise,136
2025-12-11T14:53:04+01:00,fec52a19-9148-4350-a1b4-ae0da05ee199,41.02464876476277,21.320767039678557,noise_dba,64
2025-12-11T14:53:04+01:00,fec52a19-9148-4350-a1b4-ae0da05ee199,41.02464876476277,21.320767039678557,pm10,35
2025-12-11T14:53:04+01:00,fec52a19-9148-4350-a1b4-ae0da05ee199,41.02464876476277,21.320767039678557,pm25,8
2025-12-11T14:53:04+01:00,fec52a19-9148-4350-a1b4-ae0da05ee199,41.02464876476277,21.320767039678557,pressure,947
2025-12-11T14:53:04+01:00,fec52a19-9148-4350-a1b4-ae0da05ee199,41.02464876476277,21.320767039678557,temperature,17
2025-12-11T15:08:36+01:00,fec52a19-9148-4350-a1b4-ae0da05ee199,41.02464876476277,21.320767039678557,gasResistance,43591
2025-12-11T15:08:36+01:00,fec52a19-9148-4350-a1b4-ae0da05ee199,41.02464876476277,21.320767039678557,humidity,48
2025-12-11T15:08:36+01:00,fec52a19-9148-4350-a1b4-ae0da05ee199,41.02464876476277,21.320767039678557,noise,130
2025-12-11T15:08:36+01:00,fec52a19-9148-4350-a1b4-ae0da05ee199,41.02464876476277,21.320767039678557,noise_dba,64
2025-12-11T15:08:36+01:00,fec52a19-9148-4350-a1b4-ae0da05ee199,41.02464876476277,21.320767039678557,pm10,21
2025-12-11T15:08:36+01:00,fec52a19-9148-4350-a1b4-ae0da05ee199,41.02464876476277,21.320767039678557,pm25,8
2025-12-11T15:08:36+01:00,fec52a19-9148-4350-a1b4-ae0da05ee199,41.02464876476277,21.320767039678557,pressure,947
2025-12-11T15:08:36+01:00,fec52a19-9148-4350-a1b4-ae0da05ee199,41.02464876476277,21.320767039678557,temperature,17
2025-12-11T15:24:07+01:00,fec52a19-9148-4350-a1b4-ae0da05ee199,41.02464876476277,21.320767039678557,gasResistance,43275
2025-12-11T15:24:07+01:00,fec52a19-9148-4350-a1b4-ae0da05ee199,41.02464876476277,21.320767039678557,humidity,50
2025-12-11T15:24:07+01:00,fec52a19-9148-4350-a1b4-ae0da05ee199,41.02464876476277,21.320767039678557,noise,124
2025-12-11T15:24:07+01:00,fec52a19-9148-4350-a1b4-ae0da05ee199,41.02464876476277,21.320767039678557,noise_dba,63
2025-12-11T15:24:07+01:00,fec52a19-9148-4350-a1b4-ae0da05ee199,41.02464876476277,21.320767039678557,pm10,63
2025-12-11T15:24:07+01:00,fec52a19-9148-4350-a1b4-ae0da05ee199,41.02464876476277,21.320767039678557,pm25,25
2025-12-11T15:24:07+01:00,fec52a19-9148-4350-a1b4-ae0da05ee199,41.02464876476277,21.320767039678557,pressure,947
2025-12-11T15:24:07+01:00,fec52a19-9148-4350-a1b4-ae0da05ee199,41.02464876476277,21.320767039678557,temperature,16
2025-12-11T15:39:38+01:00,fec52a19-9148-4350-a1b4-ae0da05ee199,41.02464876476277,21.320767039678557,gasResistance,45590
2025-12-11T15:39:38+01:00,fec52a19-9148-4350-a1b4-ae0da05ee199,41.02464876476277,21.320767039678557,humidity,51
2025-12-11T15:39:38+01:00,fec52a19-9148-4350-a1b4-ae0da05ee199,41.02464876476277,21.320767039678557,noise,131
2025-12-11T15:39:38+01:00,fec52a19-9148-4350-a1b4-ae0da05ee199,41.02464876476277,21.320767039678557,noise_dba,64
2025-12-11T15:39:38+01:00,fec52a19-9148-4350-a1b4-ae0da05ee199,41.02464876476277,21.320767039678557,pm10,25
2025-12-11T15:39:38+01:00,fec52a19-9148-4350-a1b4-ae0da05ee199,41.02464876476277,21.320767039678557,pm25,11
2025-12-11T15:39:38+01:00,fec52a19-9148-4350-a1b4-ae0da05ee199,41.02464876476277,21.320767039678557,pressure,947
2025-12-11T15:39:38+01:00,fec52a19-9148-4350-a1b4-ae0da05ee199,41.02464876476277,21.320767039678557,temperature,15
2025-12-11T15:55:10+01:00,fec52a19-9148-4350-a1b4-ae0da05ee199,41.02464876476277,21.320767039678557,gasResistance,49187
2025-12-11T15:55:10+01:00,fec52a19-9148-4350-a1b4-ae0da05ee199,41.02464876476277,21.320767039678557,humidity,52
2025-12-11T15:55:10+01:00,fec52a19-9148-4350-a1b4-ae0da05ee199,41.02464876476277,21.320767039678557,noise,120
2025-12-11T15:55:10+01:00,fec52a19-9148-4350-a1b4-ae0da05ee199,41.02464876476277,21.320767039678557,noise_dba,62
2025-12-11T15:55:10+01:00,fec52a19-9148-4350-a1b4-ae0da05ee199,41.02464876476277,21.320767039678557,pm10,28
2025-12-11T15:55:10+01:00,fec52a19-9148-4350-a1b4-ae0da05ee199,41.02464876476277,21.320767039678557,pm25,11
2025-12-11T15:55:10+01:00,fec52a19-9148-4350-a1b4-ae0da05ee199,41.02464876476277,21.320767039678557,pressure,947
2025-12-11T15:55:10+01:00,fec52a19-9148-4350-a1b4-ae0da05ee199,41.02464876476277,21.320767039678557,temperature,14
2025-12-11T16:10:41+01:00,fec52a19-9148-4350-a1b4-ae0da05ee199,41.02464876476277,21.320767039678557,gasResistance,51879
2025-12-11T16:10:41+01:00,fec52a19-9148-4350-a1b4-ae0da05ee199,41.02464876476277,21.320767039678557,humidity,53
2025-12-11T16:10:41+01:00,fec52a19-9148-4350-a1b4-ae0da05ee199,41.02464876476277,21.320767039678557,noise,117
2025-12-11T16:10:41+01:00,fec52a19-9148-4350-a1b4-ae0da05ee199,41.02464876476277,21.320767039678557,noise_dba,62
2025-12-11T16:10:41+01:00,fec52a19-9148-4350-a1b4-ae0da05ee199,41.02464876476277,21.320767039678557,pm10,20
2025-12-11T16:10:41+01:00,fec52a19-9148-4350-a1b4-ae0da05ee199,41.02464876476277,21.320767039678557,pm25,7
2025-12-11T16:10:41+01:00,fec52a19-9148-4350-a1b4-ae0da05ee199,41.02464876476277,21.320767039678557,pressure,947
2025-12-11T16:10:41+01:00,fec52a19-9148-4350-a1b4-ae0da05ee199,41.02464876476277,21.320767039678557,temperature,13
2025-12-11T16:26:13+01:00,fec52a19-9148-4350-a1b4-ae0da05ee199,41.02464876476277,21.320767039678557,gasResistance,54954
2025-12-11T16:26:13+01:00,fec52a19-9148-4350-a1b4-ae0da05ee199,41.02464876476277,21.320767039678557,humidity,54
2025-12-11T16:26:13+01:00,fec52a19-9148-4350-a1b4-ae0da05ee199,41.02464876476277,21.320767039678557,noise,121
2025-12-11T16:26:13+01:00,fec52a19-9148-4350-a1b4-ae0da05ee199,41.02464876476277,21.320767039678557,noise_dba,63
2025-12-11T16:26:13+01:00,fec52a19-9148-4350-a1b4-ae0da05ee199,41.02464876476277,21.320767039678557,pm10,9
2025-12-11T16:26:13+01:00,fec52a19-9148-4350-a1b4-ae0da05ee199,41.02464876476277,21.320767039678557,pm25,5
2025-12-11T16:26:13+01:00,fec52a19-9148-4350-a1b4-ae0da05ee199,41.02464876476277,21.320767039678557,pressure,947
2025-12-11T16:26:13+01:00,fec52a19-9148-4350-a1b4-ae0da05ee199,41.02464876476277,21.320767039678557,temperature,12
2025-12-11T16:41:44+01:00,fec52a19-9148-4350-a1b4-ae0da05ee199,41.02464876476277,21.320767039678557,gasResistance,58172
2025-12-11T16:41:44+01:00,fec52a19-9148-4350-a1b4-ae0da05ee199,41.02464876476277,21.320767039678557,humidity,54
2025-12-11T16:41:44+01:00,fec52a19-9148-4350-a1b4-ae0da05ee199,41.02464876476277,21.320767039678557,noise,121
2025-12-11T16:41:44+01:00,fec52a19-9148-4350-a1b4-ae0da05ee199,41.02464876476277,21.320767039678557,noise_dba,63
2025-12-11T16:41:44+01:00,fec52a19-9148-4350-a1b4-ae0da05ee199,41.02464876476277,21.320767039678557,pm10,7
2025-12-11T16:41:44+01:00,fec52a19-9148-4350-a1b4-ae0da05ee199,41.02464876476277,21.320767039678557,pm25,5
2025-12-11T16:41:44+01:00,fec52a19-9148-4350-a1b4-ae0da05ee199,41.02464876476277,21.320767039678557,pressure,947
2025-12-11T16:41:44+01:00,fec52a19-9148-4350-a1b4-ae0da05ee199,41.02464876476277,21.320767039678557,temperature,12
2025-12-11T16:57:15+01:00,fec52a19-9148-4350-a1b4-ae0da05ee199,41.02464876476277,21.320767039678557,gasResistance,61112
2025-12-11T16:57:15+01:00,fec52a19-9148-4350-a1b4-ae0da05ee199,41.02464876476277,21.320767039678557,humidity,55
2025-12-11T16:57:15+01:00,fec52a19-9148-4350-a1b4-ae0da05ee199,41.02464876476277,21.320767039678557,noise,110
2025-12-11T16:57:15+01:00,fec52a19-9148-4350-a1b4-ae0da05ee199,41.02464876476277,21.320767039678557,noise_dba,61
2025-12-11T16:57:15+01:00,fec52a19-9148-4350-a1b4-ae0da05ee199,41.02464876476277,21.320767039678557,pm10,19
2025-12-11T16:57:15+01:00,fec52a19-9148-4350-a1b4-ae0da05ee199,41.02464876476277,21.320767039678557,pm25,8
2025-12-11T16:57:15+01:00,fec52a19-9148-4350-a1b4-ae0da05ee199,41.02464876476277,21.320767039678557,pressure,947
2025-12-11T16:57:15+01:00,fec52a19-9148-4350-a1b4-ae0da05ee199,41.02464876476277,21.320767039678557,temperature,11
2025-12-11T17:12:47+01:00,fec52a19-9148-4350-a1b4-ae0da05ee199,41.02464876476277,21.320767039678557,gasResistance,62626
2025-12-11T17:12:47+01:00,fec52a19-9148-4350-a1b4-ae0da05ee199,41.02464876476277,21.320767039678557,humidity,54
2025-12-11T17:12:47+01:00,fec52a19-9148-4350-a1b4-ae0da05ee199,41.02464876476277,21.320767039678557,noise,81
2025-12-11T17:12:47+01:00,fec52a19-9148-4350-a1b4-ae0da05ee199,41.02464876476277,21.320767039678557,noise_dba,56
2025-12-11T17:12:47+01:00,fec52a19-9148-4350-a1b4-ae0da05ee199,41.02464876476277,21.320767039678557,pm10,6
2025-12-11T17:12:47+01:00,fec52a19-9148-4350-a1b4-ae0da05ee199,41.02464876476277,21.320767039678557,pm25,4
2025-12-11T17:12:47+01:00,fec52a19-9148-4350-a1b4-ae0da05ee199,41.02464876476277,21.320767039678557,pressure,947
2025-12-11T17:12:47+01:00,fec52a19-9148-4350-a1b4-ae0da05ee199,41.02464876476277,21.320767039678557,temperature,11
2025-12-11T17:28:18+01:00,fec52a19-9148-4350-a1b4-ae0da05ee199,41.02464876476277,21.320767039678557,gasResistance,63677
2025-12-11T17:28:18+01:00,fec52a19-9148-4350-a1b4-ae0da05ee199,41.02464876476277,21.320767039678557,humidity,54
2025-12-11T17:28:18+01:00,fec52a19-9148-4350-a1b4-ae0da05ee199,41.02464876476277,21.320767039678557,noise,15
2025-12-11T17:28:18+01:00,fec52a19-9148-4350-a1b4-ae0da05ee199,41.02464876476277,21.320767039678557,noise_dba,29
2025-12-11T17:28:18+01:00,fec52a19-9148-4350-a1b4-ae0da05ee199,41.02464876476277,21.320767039678557,pm10,7
2025-12-11T17:28:18+01:00,fec52a19-9148-4350-a1b4-ae0da05ee199,41.02464876476277,21.320767039678557,pm25,3
2025-12-11T17:28:18+01:00,fec52a19-9148-4350-a1b4-ae0da05ee199,41.02464876476277,21.320767039678557,pressure,947
2025-12-11T17:28:18+01:00,fec52a19-9148-4350-a1b4-ae0da05ee199,41.02464876476277,21.320767039678557,temperature,10
2025-12-11T17:43:53+01:00,fec52a19-9148-4350-a1b4-ae0da05ee199,41.02464876476277,21.320767039678557,gasResistance,66256
2025-12-11T17:43:53+01:00,fec52a19-9148-4350-a1b4-ae0da05ee199,41.02464876476277,21.320767039678557,humidity,55
2025-12-11T17:43:53+01:00,fec52a19-9148-4350-a1b4-ae0da05ee199,41.02464876476277,21.320767039678557,pm10,14
2025-12-11T17:43:53+01:00,fec52a19-9148-4350-a1b4-ae0da05ee199,41.02464876476277,21.320767039678557,pm25,8
2025-12-11T17:43:53+01:00,fec52a19-9148-4350-a1b4-ae0da05ee199,41.02464876476277,21.320767039678557,pressure,947
2025-12-11T17:43:53+01:00,fec52a19-9148-4350-a1b4-ae0da05ee199,41.02464876476277,21.320767039678557,temperature,10
2025-12-11T17:59:25+01:00,fec52a19-9148-4350-a1b4-ae0da05ee199,41.02464876476277,21.320767039678557,gasResistance,69513
2025-12-11T17:59:25+01:00,fec52a19-9148-4350-a1b4-ae0da05ee199,41.02464876476277,21.320767039678557,humidity,55
2025-12-11T17:59:25+01:00,fec52a19-9148-4350-a1b4-ae0da05ee199,41.02464876476277,21.320767039678557,pm10,12
2025-12-11T17:59:25+01:00,fec52a19-9148-4350-a1b4-ae0da05ee199,41.02464876476277,21.320767039678557,pm25,5
2025-12-11T17:59:25+01:00,fec52a19-9148-4350-a1b4-ae0da05ee199,41.02464876476277,21.320767039678557,pressure,947
2025-12-11T17:59:25+01:00,fec52a19-9148-4350-a1b4-ae0da05ee199,41.02464876476277,21.320767039678557,temperature,10
2025-12-11T18:14:46+01:00,fec52a19-9148-4350-a1b4-ae0da05ee199,41.02464876476277,21.320767039678557,gasResistance,70392
2025-12-11T18:14:46+01:00,fec52a19-9148-4350-a1b4-ae0da05ee199,41.02464876476277,21.320767039678557,humidity,56
2025-12-11T18:14:46+01:00,fec52a19-9148-4350-a1b4-ae0da05ee199,41.02464876476277,21.320767039678557,pressure,947
2025-12-11T18:14:46+01:00,fec52a19-9148-4350-a1b4-ae0da05ee199,41.02464876476277,21.320767039678557,temperature,10
2025-12-11T18:30:18+01:00,fec52a19-9148-4350-a1b4-ae0da05ee199,41.02464876476277,21.320767039678557,gasResistance,73042
2025-12-11T18:30:18+01:00,fec52a19-9148-4350-a1b4-ae0da05ee199,41.02464876476277,21.320767039678557,humidity,55
2025-12-11T18:30:18+01:00,fec52a19-9148-4350-a1b4-ae0da05ee199,41.02464876476277,21.320767039678557,pm10,5
2025-12-11T18:30:18+01:00,fec52a19-9148-4350-a1b4-ae0da05ee199,41.02464876476277,21.320767039678557,pm25,3
2025-12-11T18:30:18+01:00,fec52a19-9148-4350-a1b4-ae0da05ee199,41.02464876476277,21.320767039678557,pressure,948
2025-12-11T18:30:18+01:00,fec52a19-9148-4350-a1b4-ae0da05ee199,41.02464876476277,21.320767039678557,temperature,9
2025-12-12T05:05:37+01:00,fec52a19-9148-4350-a1b4-ae0da05ee199,41.02464876476277,21.320767039678557,gasResistance,0
2025-12-12T05:05:37+01:00,fec52a19-9148-4350-a1b4-ae0da05ee199,41.02464876476277,21.320767039678557,humidity,60
2025-12-12T05:05:37+01:00,fec52a19-9148-4350-a1b4-ae0da05ee199,41.02464876476277,21.320767039678557,pm10,1
2025-12-12T05:05:37+01:00,fec52a19-9148-4350-a1b4-ae0da05ee199,41.02464876476277,21.320767039678557,pm25,1
2025-12-12T05:05:37+01:00,fec52a19-9148-4350-a1b4-ae0da05ee199,41.02464876476277,21.320767039678557,pressure,947
2025-12-12T05:05:37+01:00,fec52a19-9148-4350-a1b4-ae0da05ee199,41.02464876476277,21.320767039678557,temperature,5
2025-12-12T05:21:09+01:00,fec52a19-9148-4350-a1b4-ae0da05ee199,41.02464876476277,21.320767039678557,gasResistance,33435
2025-12-12T05:21:09+01:00,fec52a19-9148-4350-a1b4-ae0da05ee199,41.02464876476277,21.320767039678557,humidity,61
2025-12-12T05:21:09+01:00,fec52a19-9148-4350-a1b4-ae0da05ee199,41.02464876476277,21.320767039678557,pm10,3
2025-12-12T05:21:09+01:00,fec52a19-9148-4350-a1b4-ae0da05ee199,41.02464876476277,21.320767039678557,pm25,0
2025-12-12T05:21:09+01:00,fec52a19-9148-4350-a1b4-ae0da05ee199,41.02464876476277,21.320767039678557,pressure,947
2025-12-12T05:21:09+01:00,fec52a19-9148-4350-a1b4-ae0da05ee199,41.02464876476277,21.320767039678557,temperature,5
2025-12-12T05:36:40+01:00,fec52a19-9148-4350-a1b4-ae0da05ee199,41.02464876476277,21.320767039678557,gasResistance,41886
2025-12-12T05:36:40+01:00,fec52a19-9148-4350-a1b4-ae0da05ee199,41.02464876476277,21.320767039678557,humidity,62
2025-12-12T05:36:40+01:00,fec52a19-9148-4350-a1b4-ae0da05ee199,41.02464876476277,21.320767039678557,pm10,6
2025-12-12T05:36:40+01:00,fec52a19-9148-4350-a1b4-ae0da05ee199,41.02464876476277,21.320767039678557,pm25,0
2025-12-12T05:36:40+01:00,fec52a19-9148-4350-a1b4-ae0da05ee199,41.02464876476277,21.320767039678557,pressure,948
2025-12-12T05:36:40+01:00,fec52a19-9148-4350-a1b4-ae0da05ee199,41.02464876476277,21.320767039678557,temperature,5
2025-12-12T05:52:11+01:00,fec52a19-9148-4350-a1b4-ae0da05ee199,41.02464876476277,21.320767039678557,gasResistance,49745
2025-12-12T05:52:11+01:00,fec52a19-9148-4350-a1b4-ae0da05ee199,41.02464876476277,21.320767039678557,humidity,61
2025-12-12T05:52:11+01:00,fec52a19-9148-4350-a1b4-ae0da05ee199,41.02464876476277,21.320767039678557,pm10,0
2025-12-12T05:52:11+01:00,fec52a19-9148-4350-a1b4-ae0da05ee199,41.02464876476277,21.320767039678557,pm25,0
2025-12-12T05:52:11+01:00,fec52a19-9148-4350-a1b4-ae0da05ee199,41.02464876476277,21.320767039678557,pressure,948
2025-12-12T05:52:11+01:00,fec52a19-9148-4350-a1b4-ae0da05ee199,41.02464876476277,21.320767039678557,temperature,5
2025-12-12T06:07:42+01:00,fec52a19-9148-4350-a1b4-ae0da05ee199,41.02464876476277,21.320767039678557,gasResistance,56441
2025-12-12T06:07:42+01:00,fec52a19-9148-4350-a1b4-ae0da05ee199,41.02464876476277,21.320767039678557,humidity,60
2025-12-12T06:07:42+01:00,fec52a19-9148-4350-a1b4-ae0da05ee199,41.02464876476277,21.320767039678557,pm10,2
2025-12-12T06:07:42+01:00,fec52a19-9148-4350-a1b4-ae0da05ee199,41.02464876476277,21.320767039678557,pm25,1
2025-12-12T06:07:42+01:00,fec52a19-9148-4350-a1b4-ae0da05ee199,41.02464876476277,21.320767039678557,pressure,948
2025-12-12T06:07:42+01:00,fec52a19-9148-4350-a1b4-ae0da05ee199,41.02464876476277,21.320767039678557,temperature,5
2025-12-12T06:23:14+01:00,fec52a19-9148-4350-a1b4-ae0da05ee199,41.02464876476277,21.320767039678557,gasResistance,61247
2025-12-12T06:23:14+01:00,fec52a19-9148-4350-a1b4-ae0da05ee199,41.02464876476277,21.320767039678557,humidity,62
2025-12-12T06:23:14+01:00,fec52a19-9148-4350-a1b4-ae0da05ee199,41.02464876476277,21.320767039678557,pm10,1
2025-12-12T06:23:14+01:00,fec52a19-9148-4350-a1b4-ae0da05ee199,41.02464876476277,21.320767039678557,pm25,1
2025-12-12T06:23:14+01:00,fec52a19-9148-4350-a1b4-ae0da05ee199,41.02464876476277,21.320767039678557,pressure,948
2025-12-12T06:23:14+01:00,fec52a19-9148-4350-a1b4-ae0da05ee199,41.02464876476277,21.320767039678557,temperature,5
2025-12-12T06:38:45+01:00,fec52a19-9148-4350-a1b4-ae0da05ee199,41.02464876476277,21.320767039678557,gasResistance,65786
2025-12-12T06:38:45+01:00,fec52a19-9148-4350-a1b4-ae0da05ee199,41.02464876476277,21.320767039678557,humidity,60
2025-12-12T06:38:45+01:00,fec52a19-9148-4350-a1b4-ae0da05ee199,41.02464876476277,21.320767039678557,pm10,12
2025-12-12T06:38:45+01:00,fec52a19-9148-4350-a1b4-ae0da05ee199,41.02464876476277,21.320767039678557,pm25,8
2025-12-12T06:38:45+01:00,fec52a19-9148-4350-a1b4-ae0da05ee199,41.02464876476277,21.320767039678557,pressure,948
2025-12-12T06:38:45+01:00,fec52a19-9148-4350-a1b4-ae0da05ee199,41.02464876476277,21.320767039678557,temperature,5
2025-12-12T06:54:17+01:00,fec52a19-9148-4350-a1b4-ae0da05ee199,41.02464876476277,21.320767039678557,gasResistance,69862
2025-12-12T06:54:17+01:00,fec52a19-9148-4350-a1b4-ae0da05ee199,41.02464876476277,21.320767039678557,humidity,62
2025-12-12T06:54:17+01:00,fec52a19-9148-4350-a1b4-ae0da05ee199,41.02464876476277,21.320767039678557,pm10,5
2025-12-12T06:54:17+01:00,fec52a19-9148-4350-a1b4-ae0da05ee199,41.02464876476277,21.320767039678557,pm25,4
2025-12-12T06:54:17+01:00,fec52a19-9148-4350-a1b4-ae0da05ee199,41.02464876476277,21.320767039678557,pressure,948
2025-12-12T06:54:17+01:00,fec52a19-9148-4350-a1b4-ae0da05ee199,41.02464876476277,21.320767039678557,temperature,5
2025-12-12T07:09:48+01:00,fec52a19-9148-4350-a1b4-ae0da05ee199,41.02464876476277,21.320767039678557,gasResistance,76596
2025-12-12T07:09:48+01:00,fec52a19-9148-4350-a1b4-ae0da05ee199,41.02464876476277,21.320767039678557,humidity,62
2025-12-12T07:09:48+01:00,fec52a19-9148-4350-a1b4-ae0da05ee199,41.02464876476277,21.320767039678557,pm10,1
2025-12-12T07:09:48+01:00,fec52a19-9148-4350-a1b4-ae0da05ee199,41.02464876476277,21.320767039678557,pm25,1
2025-12-12T07:09:48+01:00,fec52a19-9148-4350-a1b4-ae0da05ee199,41.02464876476277,21.320767039678557,pressure,948
2025-12-12T07:09:48+01:00,fec52a19-9148-4350-a1b4-ae0da05ee199,41.02464876476277,21.320767039678557,temperature,5
2025-12-12T07:25:20+01:00,fec52a19-9148-4350-a1b4-ae0da05ee199,41.02464876476277,21.320767039678557,gasResistance,76878
2025-12-12T07:25:20+01:00,fec52a19-9148-4350-a1b4-ae0da05ee199,41.02464876476277,21.320767039678557,humidity,62
2025-12-12T07:25:20+01:00,fec52a19-9148-4350-a1b4-ae0da05ee199,41.02464876476277,21.320767039678557,pm10,3
2025-12-12T07:25:20+01:00,fec52a19-9148-4350-a1b4-ae0da05ee199,41.02464876476277,21.320767039678557,pm25,2
2025-12-12T07:25:20+01:00,fec52a19-9148-4350-a1b4-ae0da05ee199,41.02464876476277,21.320767039678557,pressure,948
2025-12-12T07:25:20+01:00,fec52a19-9148-4350-a1b4-ae0da05ee199,41.02464876476277,21.320767039678557,temperature,5
2025-12-12T07:40:53+01:00,fec52a19-9148-4350-a1b4-ae0da05ee199,41.02464876476277,21.320767039678557,gasResistance,74543
2025-12-12T07:40:53+01:00,fec52a19-9148-4350-a1b4-ae0da05ee199,41.02464876476277,21.320767039678557,humidity,63
2025-12-12T07:40:53+01:00,fec52a19-9148-4350-a1b4-ae0da05ee199,41.02464876476277,21.320767039678557,pm10,19
2025-12-12T07:40:53+01:00,fec52a19-9148-4350-a1b4-ae0da05ee199,41.02464876476277,21.320767039678557,pm25,8
2025-12-12T07:40:53+01:00,fec52a19-9148-4350-a1b4-ae0da05ee199,41.02464876476277,21.320767039678557,pressure,948
2025-12-12T07:40:53+01:00,fec52a19-9148-4350-a1b4-ae0da05ee199,41.02464876476277,21.320767039678557,temperature,5
2025-12-12T07:56:14+01:00,fec52a19-9148-4350-a1b4-ae0da05ee199,41.02464876476277,21.320767039678557,gasResistance,68655
2025-12-12T07:56:14+01:00,fec52a19-9148-4350-a1b4-ae0da05ee199,41.02464876476277,21.320767039678557,humidity,61
2025-12-12T07:56:14+01:00,fec52a19-9148-4350-a1b4-ae0da05ee199,41.02464876476277,21.320767039678557,pressure,948
2025-12-12T07:56:14+01:00,fec52a19-9148-4350-a1b4-ae0da05ee199,41.02464876476277,21.320767039678557,temperature,6
2025-12-12T08:11:46+01:00,fec52a19-9148-4350-a1b4-ae0da05ee199,41.02464876476277,21.320767039678557,gasResistance,63726
2025-12-12T08:11:46+01:00,fec52a19-9148-4350-a1b4-ae0da05ee199,41.02464876476277,21.320767039678557,humidity,62
2025-12-12T08:11:46+01:00,fec52a19-9148-4350-a1b4-ae0da05ee199,41.02464876476277,21.320767039678557,pm10,108
2025-12-12T08:11:46+01:00,fec52a19-9148-4350-a1b4-ae0da05ee199,41.02464876476277,21.320767039678557,pm25,42
2025-12-12T08:11:46+01:00,fec52a19-9148-4350-a1b4-ae0da05ee199,41.02464876476277,21.320767039678557,pressure,949
2025-12-12T08:11:46+01:00,fec52a19-9148-4350-a1b4-ae0da05ee199,41.02464876476277,21.320767039678557,temperature,6
2025-12-12T08:27:18+01:00,fec52a19-9148-4350-a1b4-ae0da05ee199,41.02464876476277,21.320767039678557,gasResistance,55576
2025-12-12T08:27:18+01:00,fec52a19-9148-4350-a1b4-ae0da05ee199,41.02464876476277,21.320767039678557,humidity,62
2025-12-12T08:27:18+01:00,fec52a19-9148-4350-a1b4-ae0da05ee199,41.02464876476277,21.320767039678557,pm10,22
2025-12-12T08:27:18+01:00,fec52a19-9148-4350-a1b4-ae0da05ee199,41.02464876476277,21.320767039678557,pm25,10
2025-12-12T08:27:18+01:00,fec52a19-9148-4350-a1b4-ae0da05ee199,41.02464876476277,21.320767039678557,pressure,949
2025-12-12T08:27:18+01:00,fec52a19-9148-4350-a1b4-ae0da05ee199,41.02464876476277,21.320767039678557,temperature,7
2025-12-12T08:42:49+01:00,fec52a19-9148-4350-a1b4-ae0da05ee199,41.02464876476277,21.320767039678557,gasResistance,56594
2025-12-12T08:42:49+01:00,fec52a19-9148-4350-a1b4-ae0da05ee199,41.02464876476277,21.320767039678557,humidity,55
2025-12-12T08:42:49+01:00,fec52a19-9148-4350-a1b4-ae0da05ee199,41.02464876476277,21.320767039678557,pm10,19
2025-12-12T08:42:49+01:00,fec52a19-9148-4350-a1b4-ae0da05ee199,41.02464876476277,21.320767039678557,pm25,8
2025-12-12T08:42:49+01:00,fec52a19-9148-4350-a1b4-ae0da05ee199,41.02464876476277,21.320767039678557,pressure,949
2025-12-12T08:42:49+01:00,fec52a19-9148-4350-a1b4-ae0da05ee199,41.02464876476277,21.320767039678557,temperature,8
2025-12-12T08:58:21+01:00,fec52a19-9148-4350-a1b4-ae0da05ee199,41.02464876476277,21.320767039678557,gasResistance,57254
2025-12-12T08:58:21+01:00,fec52a19-9148-4350-a1b4-ae0da05ee199,41.02464876476277,21.320767039678557,humidity,55
2025-12-12T08:58:21+01:00,fec52a19-9148-4350-a1b4-ae0da05ee199,41.02464876476277,21.320767039678557,pm10,29
2025-12-12T08:58:21+01:00,fec52a19-9148-4350-a1b4-ae0da05ee199,41.02464876476277,21.320767039678557,pm25,13
2025-12-12T08:58:21+01:00,fec52a19-9148-4350-a1b4-ae0da05ee199,41.02464876476277,21.320767039678557,pressure,949
2025-12-12T08:58:21+01:00,fec52a19-9148-4350-a1b4-ae0da05ee199,41.02464876476277,21.320767039678557,temperature,9
2025-12-12T09:13:52+01:00,fec52a19-9148-4350-a1b4-ae0da05ee199,41.02464876476277,21.320767039678557,gasResistance,55172
2025-12-12T09:13:52+01:00,fec52a19-9148-4350-a1b4-ae0da05ee199,41.02464876476277,21.320767039678557,humidity,60
2025-12-12T09:13:52+01:00,fec52a19-9148-4350-a1b4-ae0da05ee199,41.02464876476277,21.320767039678557,noise,112
2025-12-12T09:13:52+01:00,fec52a19-9148-4350-a1b4-ae0da05ee199,41.02464876476277,21.320767039678557,noise_dba,61
2025-12-12T09:13:52+01:00,fec52a19-9148-4350-a1b4-ae0da05ee199,41.02464876476277,21.320767039678557,pm10,21
2025-12-12T09:13:52+01:00,fec52a19-9148-4350-a1b4-ae0da05ee199,41.02464876476277,21.320767039678557,pm25,14
2025-12-12T09:13:52+01:00,fec52a19-9148-4350-a1b4-ae0da05ee199,41.02464876476277,21.320767039678557,pressure,949
2025-12-12T09:13:52+01:00,fec52a19-9148-4350-a1b4-ae0da05ee199,41.02464876476277,21.320767039678557,temperature,9
2025-12-12T09:29:24+01:00,fec52a19-9148-4350-a1b4-ae0da05ee199,41.02464876476277,21.320767039678557,gasResistance,53924
2025-12-12T09:29:24+01:00,fec52a19-9148-4350-a1b4-ae0da05ee199,41.02464876476277,21.320767039678557,humidity,49
2025-12-12T09:29:24+01:00,fec52a19-9148-4350-a1b4-ae0da05ee199,41.02464876476277,21.320767039678557,noise,114
2025-12-12T09:29:24+01:00,fec52a19-9148-4350-a1b4-ae0da05ee199,41.02464876476277,21.320767039678557,noise_dba,62
2025-12-12T09:29:24+01:00,fec52a19-9148-4350-a1b4-ae0da05ee199,41.02464876476277,21.320767039678557,pm10,32
2025-12-12T09:29:24+01:00,fec52a19-9148-4350-a1b4-ae0da05ee199,41.02464876476277,21.320767039678557,pm25,15
2025-12-12T09:29:24+01:00,fec52a19-9148-4350-a1b4-ae0da05ee199,41.02464876476277,21.320767039678557,pressure,949
2025-12-12T09:29:24+01:00,fec52a19-9148-4350-a1b4-ae0da05ee199,41.02464876476277,21.320767039678557,temperature,10
2025-12-12T09:44:55+01:00,fec52a19-9148-4350-a1b4-ae0da05ee199,41.02464876476277,21.320767039678557,gasResistance,55986
2025-12-12T09:44:55+01:00,fec52a19-9148-4350-a1b4-ae0da05ee199,41.02464876476277,21.320767039678557,humidity,48
2025-12-12T09:44:55+01:00,fec52a19-9148-4350-a1b4-ae0da05ee199,41.02464876476277,21.320767039678557,noise,128
2025-12-12T09:44:55+01:00,fec52a19-9148-4350-a1b4-ae0da05ee199,41.02464876476277,21.320767039678557,noise_dba,63
2025-12-12T09:44:55+01:00,fec52a19-9148-4350-a1b4-ae0da05ee199,41.02464876476277,21.320767039678557,pm10,34
2025-12-12T09:44:55+01:00,fec52a19-9148-4350-a1b4-ae0da05ee199,41.02464876476277,21.320767039678557,pm25,16
2025-12-12T09:44:55+01:00,fec52a19-9148-4350-a1b4-ae0da05ee199,41.02464876476277,21.320767039678557,pressure,949
2025-12-12T09:44:55+01:00,fec52a19-9148-4350-a1b4-ae0da05ee199,41.02464876476277,21.320767039678557,temperature,11
2025-12-12T10:00:28+01:00,fec52a19-9148-4350-a1b4-ae0da05ee199,41.02464876476277,21.320767039678557,gasResistance,56175
2025-12-12T10:00:28+01:00,fec52a19-9148-4350-a1b4-ae0da05ee199,41.02464876476277,21.320767039678557,humidity,48
2025-12-12T10:00:28+01:00,fec52a19-9148-4350-a1b4-ae0da05ee199,41.02464876476277,21.320767039678557,noise,127
2025-12-12T10:00:28+01:00,fec52a19-9148-4350-a1b4-ae0da05ee199,41.02464876476277,21.320767039678557,noise_dba,63
2025-12-12T10:00:28+01:00,fec52a19-9148-4350-a1b4-ae0da05ee199,41.02464876476277,21.320767039678557,pm10,25
2025-12-12T10:00:28+01:00,fec52a19-9148-4350-a1b4-ae0da05ee199,41.02464876476277,21.320767039678557,pm25,15
2025-12-12T10:00:28+01:00,fec52a19-9148-4350-a1b4-ae0da05ee199,41.02464876476277,21.320767039678557,pressure,949
2025-12-12T10:00:28+01:00,fec52a19-9148-4350-a1b4-ae0da05ee199,41.02464876476277,21.320767039678557,temperature,12
2025-12-12T10:16:00+01:00,fec52a19-9148-4350-a1b4-ae0da05ee199,41.02464876476277,21.320767039678557,gasResistance,55799
2025-12-12T10:16:00+01:00,fec52a19-9148-4350-a1b4-ae0da05ee199,41.02464876476277,21.320767039678557,humidity,47
2025-12-12T10:16:00+01:00,fec52a19-9148-4350-a1b4-ae0da05ee199,41.02464876476277,21.320767039678557,noise,128
2025-12-12T10:16:00+01:00,fec52a19-9148-4350-a1b4-ae0da05ee199,41.02464876476277,21.320767039678557,noise_dba,63
2025-12-12T10:16:00+01:00,fec52a19-9148-4350-a1b4-ae0da05ee199,41.02464876476277,21.320767039678557,pm10,47
2025-12-12T10:16:00+01:00,fec52a19-9148-4350-a1b4-ae0da05ee199,41.02464876476277,21.320767039678557,pm25,16
2025-12-12T10:16:00+01:00,fec52a19-9148-4350-a1b4-ae0da05ee199,41.02464876476277,21.320767039678557,pressure,949
2025-12-12T10:16:00+01:00,fec52a19-9148-4350-a1b4-ae0da05ee199,41.02464876476277,21.320767039678557,temperature,13
2025-12-12T10:31:31+01:00,fec52a19-9148-4350-a1b4-ae0da05ee199,41.02464876476277,21.320767039678557,gasResistance,60624
2025-12-12T10:31:31+01:00,fec52a19-9148-4350-a1b4-ae0da05ee199,41.02464876476277,21.320767039678557,humidity,46
2025-12-12T10:31:31+01:00,fec52a19-9148-4350-a1b4-ae0da05ee199,41.02464876476277,21.320767039678557,noise,119
2025-12-12T10:31:31+01:00,fec52a19-9148-4350-a1b4-ae0da05ee199,41.02464876476277,21.320767039678557,noise_dba,62
2025-12-12T10:31:31+01:00,fec52a19-9148-4350-a1b4-ae0da05ee199,41.02464876476277,21.320767039678557,pm10,12
2025-12-12T10:31:31+01:00,fec52a19-9148-4350-a1b4-ae0da05ee199,41.02464876476277,21.320767039678557,pm25,6
2025-12-12T10:31:31+01:00,fec52a19-9148-4350-a1b4-ae0da05ee199,41.02464876476277,21.320767039678557,pressure,949
2025-12-12T10:31:31+01:00,fec52a19-9148-4350-a1b4-ae0da05ee199,41.02464876476277,21.320767039678557,temperature,13
2025-12-12T10:47:03+01:00,fec52a19-9148-4350-a1b4-ae0da05ee199,41.02464876476277,21.320767039678557,gasResistance,68094
2025-12-12T10:47:03+01:00,fec52a19-9148-4350-a1b4-ae0da05ee199,41.02464876476277,21.320767039678557,humidity,44
2025-12-12T10:47:03+01:00,fec52a19-9148-4350-a1b4-ae0da05ee199,41.02464876476277,21.320767039678557,noise,111
2025-12-12T10:47:03+01:00,fec52a19-9148-4350-a1b4-ae0da05ee199,41.02464876476277,21.320767039678557,noise_dba,61
2025-12-12T10:47:03+01:00,fec52a19-9148-4350-a1b4-ae0da05ee199,41.02464876476277,21.320767039678557,pm10,8
2025-12-12T10:47:03+01:00,fec52a19-9148-4350-a1b4-ae0da05ee199,41.02464876476277,21.320767039678557,pm25,5
2025-12-12T10:47:03+01:00,fec52a19-9148-4350-a1b4-ae0da05ee199,41.02464876476277,21.320767039678557,pressure,949
2025-12-12T10:47:03+01:00,fec52a19-9148-4350-a1b4-ae0da05ee199,41.02464876476277,21.320767039678557,temperature,14
2025-12-12T11:02:34+01:00,fec52a19-9148-4350-a1b4-ae0da05ee199,41.02464876476277,21.320767039678557,gasResistance,68430
2025-12-12T11:02:34+01:00,fec52a19-9148-4350-a1b4-ae0da05ee199,41.02464876476277,21.320767039678557,humidity,43
2025-12-12T11:02:34+01:00,fec52a19-9148-4350-a1b4-ae0da05ee199,41.02464876476277,21.320767039678557,noise,120
2025-12-12T11:02:34+01:00,fec52a19-9148-4350-a1b4-ae0da05ee199,41.02464876476277,21.320767039678557,noise_dba,62
2025-12-12T11:02:34+01:00,fec52a19-9148-4350-a1b4-ae0da05ee199,41.02464876476277,21.320767039678557,pm10,13
2025-12-12T11:02:34+01:00,fec52a19-9148-4350-a1b4-ae0da05ee199,41.02464876476277,21.320767039678557,pm25,7
2025-12-12T11:02:34+01:00,fec52a19-9148-4350-a1b4-ae0da05ee199,41.02464876476277,21.320767039678557,pressure,949
2025-12-12T11:02:34+01:00,fec52a19-9148-4350-a1b4-ae0da05ee199,41.02464876476277,21.320767039678557,temperature,15
2025-12-12T11:18:06+01:00,fec52a19-9148-4350-a1b4-ae0da05ee199,41.02464876476277,21.320767039678557,gasResistance,70991
2025-12-12T11:18:06+01:00,fec52a19-9148-4350-a1b4-ae0da05ee199,41.02464876476277,21.320767039678557,humidity,42
2025-12-12T11:18:06+01:00,fec52a19-9148-4350-a1b4-ae0da05ee199,41.02464876476277,21.320767039678557,noise,104
2025-12-12T11:18:06+01:00,fec52a19-9148-4350-a1b4-ae0da05ee199,41.02464876476277,21.320767039678557,noise_dba,60
2025-12-12T11:18:06+01:00,fec52a19-9148-4350-a1b4-ae0da05ee199,41.02464876476277,21.320767039678557,pm10,9
2025-12-12T11:18:06+01:00,fec52a19-9148-4350-a1b4-ae0da05ee199,41.02464876476277,21.320767039678557,pm25,5
2025-12-12T11:18:06+01:00,fec52a19-9148-4350-a1b4-ae0da05ee199,41.02464876476277,21.320767039678557,pressure,949
2025-12-12T11:18:06+01:00,fec52a19-9148-4350-a1b4-ae0da05ee199,41.02464876476277,21.320767039678557,temperature,15
2025-12-12T11:33:37+01:00,fec52a19-9148-4350-a1b4-ae0da05ee199,41.02464876476277,21.320767039678557,gasResistance,76107
2025-12-12T11:33:37+01:00,fec52a19-9148-4350-a1b4-ae0da05ee199,41.02464876476277,21.320767039678557,humidity,40
2025-12-12T11:33:37+01:00,fec52a19-9148-4350-a1b4-ae0da05ee199,41.02464876476277,21.320767039678557,noise,124
2025-12-12T11:33:37+01:00,fec52a19-9148-4350-a1b4-ae0da05ee199,41.02464876476277,21.320767039678557,noise_dba,63
2025-12-12T11:33:37+01:00,fec52a19-9148-4350-a1b4-ae0da05ee199,41.02464876476277,21.320767039678557,pm10,12
2025-12-12T11:33:37+01:00,fec52a19-9148-4350-a1b4-ae0da05ee199,41.02464876476277,21.320767039678557,pm25,4
2025-12-12T11:33:37+01:00,fec52a19-9148-4350-a1b4-ae0da05ee199,41.02464876476277,21.320767039678557,pressure,949
2025-12-12T11:33:37+01:00,fec52a19-9148-4350-a1b4-ae0da05ee199,41.02464876476277,21.320767039678557,temperature,16
2025-12-12T11:49:09+01:00,fec52a19-9148-4350-a1b4-ae0da05ee199,41.02464876476277,21.320767039678557,gasResistance,78102
2025-12-12T11:49:09+01:00,fec52a19-9148-4350-a1b4-ae0da05ee199,41.02464876476277,21.320767039678557,humidity,39
2025-12-12T11:49:09+01:00,fec52a19-9148-4350-a1b4-ae0da05ee199,41.02464876476277,21.320767039678557,noise,114
2025-12-12T11:49:09+01:00,fec52a19-9148-4350-a1b4-ae0da05ee199,41.02464876476277,21.320767039678557,noise_dba,62
2025-12-12T11:49:09+01:00,fec52a19-9148-4350-a1b4-ae0da05ee199,41.02464876476277,21.320767039678557,pm10,16
2025-12-12T11:49:09+01:00,fec52a19-9148-4350-a1b4-ae0da05ee199,41.02464876476277,21.320767039678557,pm25,6
2025-12-12T11:49:09+01:00,fec52a19-9148-4350-a1b4-ae0da05ee199,41.02464876476277,21.320767039678557,pressure,948
2025-12-12T11:49:09+01:00,fec52a19-9148-4350-a1b4-ae0da05ee199,41.02464876476277,21.320767039678557,temperature,17
2025-12-12T12:04:42+01:00,fec52a19-9148-4350-a1b4-ae0da05ee199,41.02464876476277,21.320767039678557,gasResistance,78322
2025-12-12T12:04:42+01:00,fec52a19-9148-4350-a1b4-ae0da05ee199,41.02464876476277,21.320767039678557,humidity,38
2025-12-12T12:04:42+01:00,fec52a19-9148-4350-a1b4-ae0da05ee199,41.02464876476277,21.320767039678557,noise,119
2025-12-12T12:04:42+01:00,fec52a19-9148-4350-a1b4-ae0da05ee199,41.02464876476277,21.320767039678557,noise_dba,62
2025-12-12T12:04:42+01:00,fec52a19-9148-4350-a1b4-ae0da05ee199,41.02464876476277,21.320767039678557,pm10,7
2025-12-12T12:04:42+01:00,fec52a19-9148-4350-a1b4-ae0da05ee199,41.02464876476277,21.320767039678557,pm25,3
2025-12-12T12:04:42+01:00,fec52a19-9148-4350-a1b4-ae0da05ee199,41.02464876476277,21.320767039678557,pressure,948
2025-12-12T12:04:42+01:00,fec52a19-9148-4350-a1b4-ae0da05ee199,41.02464876476277,21.320767039678557,temperature,17
2025-12-12T12:20:13+01:00,fec52a19-9148-4350-a1b4-ae0da05ee199,41.02464876476277,21.320767039678557,gasResistance,75899
2025-12-12T12:20:13+01:00,fec52a19-9148-4350-a1b4-ae0da05ee199,41.02464876476277,21.320767039678557,humidity,38
2025-12-12T12:20:13+01:00,fec52a19-9148-4350-a1b4-ae0da05ee199,41.02464876476277,21.320767039678557,noise,135
2025-12-12T12:20:13+01:00,fec52a19-9148-4350-a1b4-ae0da05ee199,41.02464876476277,21.320767039678557,noise_dba,64
2025-12-12T12:20:13+01:00,fec52a19-9148-4350-a1b4-ae0da05ee199,41.02464876476277,21.320767039678557,pm10,24
2025-12-12T12:20:13+01:00,fec52a19-9148-4350-a1b4-ae0da05ee199,41.02464876476277,21.320767039678557,pm25,5
2025-12-12T12:20:13+01:00,fec52a19-9148-4350-a1b4-ae0da05ee199,41.02464876476277,21.320767039678557,pressure,948
2025-12-12T12:20:13+01:00,fec52a19-9148-4350-a1b4-ae0da05ee199,41.02464876476277,21.320767039678557,temperature,18
2025-12-12T12:35:45+01:00,fec52a19-9148-4350-a1b4-ae0da05ee199,41.02464876476277,21.320767039678557,gasResistance,72471
2025-12-12T12:35:45+01:00,fec52a19-9148-4350-a1b4-ae0da05ee199,41.02464876476277,21.320767039678557,humidity,38
2025-12-12T12:35:45+01:00,fec52a19-9148-4350-a1b4-ae0da05ee199,41.02464876476277,21.320767039678557,noise,115
2025-12-12T12:35:45+01:00,fec52a19-9148-4350-a1b4-ae0da05ee199,41.02464876476277,21.320767039678557,noise_dba,62
2025-12-12T12:35:45+01:00,fec52a19-9148-4350-a1b4-ae0da05ee199,41.02464876476277,21.320767039678557,pm10,10
2025-12-12T12:35:45+01:00,fec52a19-9148-4350-a1b4-ae0da05ee199,41.02464876476277,21.320767039678557,pm25,5
2025-12-12T12:35:45+01:00,fec52a19-9148-4350-a1b4-ae0da05ee199,41.02464876476277,21.320767039678557,pressure,948
2025-12-12T12:35:45+01:00,fec52a19-9148-4350-a1b4-ae0da05ee199,41.02464876476277,21.320767039678557,temperature,18
2025-12-12T12:51:16+01:00,fec52a19-9148-4350-a1b4-ae0da05ee199,41.02464876476277,21.320767039678557,gasResistance,71847
2025-12-12T12:51:16+01:00,fec52a19-9148-4350-a1b4-ae0da05ee199,41.02464876476277,21.320767039678557,humidity,39
2025-12-12T12:51:16+01:00,fec52a19-9148-4350-a1b4-ae0da05ee199,41.02464876476277,21.320767039678557,noise,125
2025-12-12T12:51:16+01:00,fec52a19-9148-4350-a1b4-ae0da05ee199,41.02464876476277,21.320767039678557,noise_dba,63
2025-12-12T12:51:16+01:00,fec52a19-9148-4350-a1b4-ae0da05ee199,41.02464876476277,21.320767039678557,pm10,13
2025-12-12T12:51:16+01:00,fec52a19-9148-4350-a1b4-ae0da05ee199,41.02464876476277,21.320767039678557,pm25,4
2025-12-12T12:51:16+01:00,fec52a19-9148-4350-a1b4-ae0da05ee199,41.02464876476277,21.320767039678557,pressure,948
2025-12-12T12:51:16+01:00,fec52a19-9148-4350-a1b4-ae0da05ee199,41.02464876476277,21.320767039678557,temperature,18
2025-12-12T13:06:48+01:00,fec52a19-9148-4350-a1b4-ae0da05ee199,41.02464876476277,21.320767039678557,gasResistance,75487
2025-12-12T13:06:48+01:00,fec52a19-9148-4350-a1b4-ae0da05ee199,41.02464876476277,21.320767039678557,humidity,39
2025-12-12T13:06:48+01:00,fec52a19-9148-4350-a1b4-ae0da05ee199,41.02464876476277,21.320767039678557,noise,116
2025-12-12T13:06:48+01:00,fec52a19-9148-4350-a1b4-ae0da05ee199,41.02464876476277,21.320767039678557,noise_dba,62
2025-12-12T13:06:48+01:00,fec52a19-9148-4350-a1b4-ae0da05ee199,41.02464876476277,21.320767039678557,pm10,7
2025-12-12T13:06:48+01:00,fec52a19-9148-4350-a1b4-ae0da05ee199,41.02464876476277,21.320767039678557,pm25,4
2025-12-12T13:06:48+01:00,fec52a19-9148-4350-a1b4-ae0da05ee199,41.02464876476277,21.320767039678557,pressure,948
2025-12-12T13:06:48+01:00,fec52a19-9148-4350-a1b4-ae0da05ee199,41.02464876476277,21.320767039678557,temperature,18
2025-12-12T13:22:19+01:00,fec52a19-9148-4350-a1b4-ae0da05ee199,41.02464876476277,21.320767039678557,gasResistance,73818
2025-12-12T13:22:19+01:00,fec52a19-9148-4350-a1b4-ae0da05ee199,41.02464876476277,21.320767039678557,humidity,39
2025-12-12T13:22:19+01:00,fec52a19-9148-4350-a1b4-ae0da05ee199,41.02464876476277,21.320767039678557,noise,129
2025-12-12T13:22:19+01:00,fec52a19-9148-4350-a1b4-ae0da05ee199,41.02464876476277,21.320767039678557,noise_dba,64
2025-12-12T13:22:19+01:00,fec52a19-9148-4350-a1b4-ae0da05ee199,41.02464876476277,21.320767039678557,pm10,7
2025-12-12T13:22:19+01:00,fec52a19-9148-4350-a1b4-ae0da05ee199,41.02464876476277,21.320767039678557,pm25,3
2025-12-12T13:22:19+01:00,fec52a19-9148-4350-a1b4-ae0da05ee199,41.02464876476277,21.320767039678557,pressure,948
2025-12-12T13:22:19+01:00,fec52a19-9148-4350-a1b4-ae0da05ee199,41.02464876476277,21.320767039678557,temperature,18
2025-12-12T13:37:51+01:00,fec52a19-9148-4350-a1b4-ae0da05ee199,41.02464876476277,21.320767039678557,gasResistance,74476
2025-12-12T13:37:51+01:00,fec52a19-9148-4350-a1b4-ae0da05ee199,41.02464876476277,21.320767039678557,humidity,39
2025-12-12T13:37:51+01:00,fec52a19-9148-4350-a1b4-ae0da05ee199,41.02464876476277,21.320767039678557,noise,124
2025-12-12T13:37:51+01:00,fec52a19-9148-4350-a1b4-ae0da05ee199,41.02464876476277,21.320767039678557,noise_dba,63
2025-12-12T13:37:51+01:00,fec52a19-9148-4350-a1b4-ae0da05ee199,41.02464876476277,21.320767039678557,pm10,5
2025-12-12T13:37:51+01:00,fec52a19-9148-4350-a1b4-ae0da05ee199,41.02464876476277,21.320767039678557,pm25,2
2025-12-12T13:37:51+01:00,fec52a19-9148-4350-a1b4-ae0da05ee199,41.02464876476277,21.320767039678557,pressure,948
2025-12-12T13:37:51+01:00,fec52a19-9148-4350-a1b4-ae0da05ee199,41.02464876476277,21.320767039678557,temperature,18
2025-12-12T13:53:23+01:00,fec52a19-9148-4350-a1b4-ae0da05ee199,41.02464876476277,21.320767039678557,gasResistance,74476
2025-12-12T13:53:23+01:00,fec52a19-9148-4350-a1b4-ae0da05ee199,41.02464876476277,21.320767039678557,humidity,40
2025-12-12T13:53:23+01:00,fec52a19-9148-4350-a1b4-ae0da05ee199,41.02464876476277,21.320767039678557,noise,132
2025-12-12T13:53:23+01:00,fec52a19-9148-4350-a1b4-ae0da05ee199,41.02464876476277,21.320767039678557,noise_dba,64
2025-12-12T13:53:23+01:00,fec52a19-9148-4350-a1b4-ae0da05ee199,41.02464876476277,21.320767039678557,pm10,18
2025-12-12T13:53:23+01:00,fec52a19-9148-4350-a1b4-ae0da05ee199,41.02464876476277,21.320767039678557,pm25,3
2025-12-12T13:53:23+01:00,fec52a19-9148-4350-a1b4-ae0da05ee199,41.02464876476277,21.320767039678557,pressure,947
2025-12-12T13:53:23+01:00,fec52a19-9148-4350-a1b4-ae0da05ee199,41.02464876476277,21.320767039678557,temperature,18
2025-12-12T14:08:54+01:00,fec52a19-9148-4350-a1b4-ae0da05ee199,41.02464876476277,21.320767039678557,gasResistance,78175
2025-12-12T14:08:54+01:00,fec52a19-9148-4350-a1b4-ae0da05ee199,41.02464876476277,21.320767039678557,humidity,40
2025-12-12T14:08:54+01:00,fec52a19-9148-4350-a1b4-ae0da05ee199,41.02464876476277,21.320767039678557,noise,129
2025-12-12T14:08:54+01:00,fec52a19-9148-4350-a1b4-ae0da05ee199,41.02464876476277,21.320767039678557,noise_dba,64
2025-12-12T14:08:54+01:00,fec52a19-9148-4350-a1b4-ae0da05ee199,41.02464876476277,21.320767039678557,pm10,10
2025-12-12T14:08:54+01:00,fec52a19-9148-4350-a1b4-ae0da05ee199,41.02464876476277,21.320767039678557,pm25,4
2025-12-12T14:08:54+01:00,fec52a19-9148-4350-a1b4-ae0da05ee199,41.02464876476277,21.320767039678557,pressure,947
2025-12-12T14:08:54+01:00,fec52a19-9148-4350-a1b4-ae0da05ee199,41.02464876476277,21.320767039678557,temperature,17
2025-12-12T14:24:26+01:00,fec52a19-9148-4350-a1b4-ae0da05ee199,41.02464876476277,21.320767039678557,gasResistance,77020
2025-12-12T14:24:26+01:00,fec52a19-9148-4350-a1b4-ae0da05ee199,41.02464876476277,21.320767039678557,humidity,40
2025-12-12T14:24:26+01:00,fec52a19-9148-4350-a1b4-ae0da05ee199,41.02464876476277,21.320767039678557,noise,121
2025-12-12T14:24:26+01:00,fec52a19-9148-4350-a1b4-ae0da05ee199,41.02464876476277,21.320767039678557,noise_dba,63
2025-12-12T14:24:26+01:00,fec52a19-9148-4350-a1b4-ae0da05ee199,41.02464876476277,21.320767039678557,pm10,7
2025-12-12T14:24:26+01:00,fec52a19-9148-4350-a1b4-ae0da05ee199,41.02464876476277,21.320767039678557,pm25,4
2025-12-12T14:24:26+01:00,fec52a19-9148-4350-a1b4-ae0da05ee199,41.02464876476277,21.320767039678557,pressure,947
2025-12-12T14:24:26+01:00,fec52a19-9148-4350-a1b4-ae0da05ee199,41.02464876476277,21.320767039678557,temperature,17
2025-12-12T14:39:58+01:00,fec52a19-9148-4350-a1b4-ae0da05ee199,41.02464876476277,21.320767039678557,gasResistance,74543
2025-12-12T14:39:58+01:00,fec52a19-9148-4350-a1b4-ae0da05ee199,41.02464876476277,21.320767039678557,humidity,40
2025-12-12T14:39:58+01:00,fec52a19-9148-4350-a1b4-ae0da05ee199,41.02464876476277,21.320767039678557,noise,134
2025-12-12T14:39:58+01:00,fec52a19-9148-4350-a1b4-ae0da05ee199,41.02464876476277,21.320767039678557,noise_dba,64
2025-12-12T14:39:58+01:00,fec52a19-9148-4350-a1b4-ae0da05ee199,41.02464876476277,21.320767039678557,pm10,18
2025-12-12T14:39:58+01:00,fec52a19-9148-4350-a1b4-ae0da05ee199,41.02464876476277,21.320767039678557,pm25,6
2025-12-12T14:39:58+01:00,fec52a19-9148-4350-a1b4-ae0da05ee199,41.02464876476277,21.320767039678557,pressure,947
2025-12-12T14:39:58+01:00,fec52a19-9148-4350-a1b4-ae0da05ee199,41.02464876476277,21.320767039678557,temperature,17
2025-12-12T14:55:29+01:00,fec52a19-9148-4350-a1b4-ae0da05ee199,41.02464876476277,21.320767039678557,gasResistance,71173
2025-12-12T14:55:29+01:00,fec52a19-9148-4350-a1b4-ae0da05ee199,41.02464876476277,21.320767039678557,humidity,41
2025-12-12T14:55:29+01:00,fec52a19-9148-4350-a1b4-ae0da05ee199,41.02464876476277,21.320767039678557,noise,129
2025-12-12T14:55:29+01:00,fec52a19-9148-4350-a1b4-ae0da05ee199,41.02464876476277,21.320767039678557,noise_dba,64
2025-12-12T14:55:29+01:00,fec52a19-9148-4350-a1b4-ae0da05ee199,41.02464876476277,21.320767039678557,pm10,14
2025-12-12T14:55:29+01:00,fec52a19-9148-4350-a1b4-ae0da05ee199,41.02464876476277,21.320767039678557,pm25,6
2025-12-12T14:55:29+01:00,fec52a19-9148-4350-a1b4-ae0da05ee199,41.02464876476277,21.320767039678557,pressure,947
2025-12-12T14:55:29+01:00,fec52a19-9148-4350-a1b4-ae0da05ee199,41.02464876476277,21.320767039678557,temperature,17
2025-12-12T15:11:01+01:00,fec52a19-9148-4350-a1b4-ae0da05ee199,41.02464876476277,21.320767039678557,gasResistance,58132
2025-12-12T15:11:01+01:00,fec52a19-9148-4350-a1b4-ae0da05ee199,41.02464876476277,21.320767039678557,humidity,45
2025-12-12T15:11:01+01:00,fec52a19-9148-4350-a1b4-ae0da05ee199,41.02464876476277,21.320767039678557,noise,114
2025-12-12T15:11:01+01:00,fec52a19-9148-4350-a1b4-ae0da05ee199,41.02464876476277,21.320767039678557,noise_dba,62
2025-12-12T15:11:01+01:00,fec52a19-9148-4350-a1b4-ae0da05ee199,41.02464876476277,21.320767039678557,pm10,13
2025-12-12T15:11:01+01:00,fec52a19-9148-4350-a1b4-ae0da05ee199,41.02464876476277,21.320767039678557,pm25,5
2025-12-12T15:11:01+01:00,fec52a19-9148-4350-a1b4-ae0da05ee199,41.02464876476277,21.320767039678557,pressure,947
2025-12-12T15:11:01+01:00,fec52a19-9148-4350-a1b4-ae0da05ee199,41.02464876476277,21.320767039678557,temperature,16
2025-12-12T15:26:32+01:00,fec52a19-9148-4350-a1b4-ae0da05ee199,41.02464876476277,21.320767039678557,gasResistance,55799
2025-12-12T15:26:32+01:00,fec52a19-9148-4350-a1b4-ae0da05ee199,41.02464876476277,21.320767039678557,humidity,47
2025-12-12T15:26:32+01:00,fec52a19-9148-4350-a1b4-ae0da05ee199,41.02464876476277,21.320767039678557,noise,110
2025-12-12T15:26:32+01:00,fec52a19-9148-4350-a1b4-ae0da05ee199,41.02464876476277,21.320767039678557,noise_dba,61
2025-12-12T15:26:32+01:00,fec52a19-9148-4350-a1b4-ae0da05ee199,41.02464876476277,21.320767039678557,pm10,8
2025-12-12T15:26:32+01:00,fec52a19-9148-4350-a1b4-ae0da05ee199,41.02464876476277,21.320767039678557,pm25,5
2025-12-12T15:26:32+01:00,fec52a19-9148-4350-a1b4-ae0da05ee199,41.02464876476277,21.320767039678557,pressure,948
2025-12-12T15:26:32+01:00,fec52a19-9148-4350-a1b4-ae0da05ee199,41.02464876476277,21.320767039678557,temperature,15
2025-12-12T15:42:04+01:00,fec52a19-9148-4350-a1b4-ae0da05ee199,41.02464876476277,21.320767039678557,gasResistance,57729
2025-12-12T15:42:04+01:00,fec52a19-9148-4350-a1b4-ae0da05ee199,41.02464876476277,21.320767039678557,humidity,49
2025-12-12T15:42:04+01:00,fec52a19-9148-4350-a1b4-ae0da05ee199,41.02464876476277,21.320767039678557,noise,144
2025-12-12T15:42:04+01:00,fec52a19-9148-4350-a1b4-ae0da05ee199,41.02464876476277,21.320767039678557,noise_dba,65
2025-12-12T15:42:04+01:00,fec52a19-9148-4350-a1b4-ae0da05ee199,41.02464876476277,21.320767039678557,pm10,28
2025-12-12T15:42:04+01:00,fec52a19-9148-4350-a1b4-ae0da05ee199,41.02464876476277,21.320767039678557,pm25,10
2025-12-12T15:42:04+01:00,fec52a19-9148-4350-a1b4-ae0da05ee199,41.02464876476277,21.320767039678557,pressure,948
2025-12-12T15:42:04+01:00,fec52a19-9148-4350-a1b4-ae0da05ee199,41.02464876476277,21.320767039678557,temperature,14
2025-12-12T15:57:36+01:00,fec52a19-9148-4350-a1b4-ae0da05ee199,41.02464876476277,21.320767039678557,gasResistance,60186
2025-12-12T15:57:36+01:00,fec52a19-9148-4350-a1b4-ae0da05ee199,41.02464876476277,21.320767039678557,humidity,49
2025-12-12T15:57:36+01:00,fec52a19-9148-4350-a1b4-ae0da05ee199,41.02464876476277,21.320767039678557,noise,133
2025-12-12T15:57:36+01:00,fec52a19-9148-4350-a1b4-ae0da05ee199,41.02464876476277,21.320767039678557,noise_dba,64
2025-12-12T15:57:36+01:00,fec52a19-9148-4350-a1b4-ae0da05ee199,41.02464876476277,21.320767039678557,pm10,16
2025-12-12T15:57:36+01:00,fec52a19-9148-4350-a1b4-ae0da05ee199,41.02464876476277,21.320767039678557,pm25,8
2025-12-12T15:57:36+01:00,fec52a19-9148-4350-a1b4-ae0da05ee199,41.02464876476277,21.320767039678557,pressure,948
2025-12-12T15:57:36+01:00,fec52a19-9148-4350-a1b4-ae0da05ee199,41.02464876476277,21.320767039678557,temperature,13
2025-12-12T16:13:07+01:00,fec52a19-9148-4350-a1b4-ae0da05ee199,41.02464876476277,21.320767039678557,gasResistance,63243
2025-12-12T16:13:07+01:00,fec52a19-9148-4350-a1b4-ae0da05ee199,41.02464876476277,21.320767039678557,humidity,49
2025-12-12T16:13:07+01:00,fec52a19-9148-4350-a1b4-ae0da05ee199,41.02464876476277,21.320767039678557,noise,127
2025-12-12T16:13:07+01:00,fec52a19-9148-4350-a1b4-ae0da05ee199,41.02464876476277,21.320767039678557,noise_dba,63
2025-12-12T16:13:07+01:00,fec52a19-9148-4350-a1b4-ae0da05ee199,41.02464876476277,21.320767039678557,pm10,14
2025-12-12T16:13:07+01:00,fec52a19-9148-4350-a1b4-ae0da05ee199,41.02464876476277,21.320767039678557,pm25,5
2025-12-12T16:13:07+01:00,fec52a19-9148-4350-a1b4-ae0da05ee199,41.02464876476277,21.320767039678557,pressure,948
2025-12-12T16:13:07+01:00,fec52a19-9148-4350-a1b4-ae0da05ee199,41.02464876476277,21.320767039678557,temperature,13
2025-12-12T16:28:39+01:00,fec52a19-9148-4350-a1b4-ae0da05ee199,41.02464876476277,21.320767039678557,gasResistance,66573
2025-12-12T16:28:39+01:00,fec52a19-9148-4350-a1b4-ae0da05ee199,41.02464876476277,21.320767039678557,humidity,49
2025-12-12T16:28:39+01:00,fec52a19-9148-4350-a1b4-ae0da05ee199,41.02464876476277,21.320767039678557,noise,110
2025-12-12T16:28:39+01:00,fec52a19-9148-4350-a1b4-ae0da05ee199,41.02464876476277,21.320767039678557,noise_dba,61
2025-12-12T16:28:39+01:00,fec52a19-9148-4350-a1b4-ae0da05ee199,41.02464876476277,21.320767039678557,pm10,11
2025-12-12T16:28:39+01:00,fec52a19-9148-4350-a1b4-ae0da05ee199,41.02464876476277,21.320767039678557,pm25,5
2025-12-12T16:28:39+01:00,fec52a19-9148-4350-a1b4-ae0da05ee199,41.02464876476277,21.320767039678557,pressure,948
2025-12-12T16:28:39+01:00,fec52a19-9148-4350-a1b4-ae0da05ee199,41.02464876476277,21.320767039678557,temperature,12
2025-12-12T16:44:11+01:00,fec52a19-9148-4350-a1b4-ae0da05ee199,41.02464876476277,21.320767039678557,gasResistance,74410
2025-12-12T16:44:11+01:00,fec52a19-9148-4350-a1b4-ae0da05ee199,41.02464876476277,21.320767039678557,humidity,49
2025-12-12T16:44:11+01:00,fec52a19-9148-4350-a1b4-ae0da05ee199,41.02464876476277,21.320767039678557,noise,106
2025-12-12T16:44:11+01:00,fec52a19-9148-4350-a1b4-ae0da05ee199,41.02464876476277,21.320767039678557,noise_dba,60
2025-12-12T16:44:11+01:00,fec52a19-9148-4350-a1b4-ae0da05ee199,41.02464876476277,21.320767039678557,pm10,10
2025-12-12T16:44:11+01:00,fec52a19-9148-4350-a1b4-ae0da05ee199,41.02464876476277,21.320767039678557,pm25,3
2025-12-12T16:44:11+01:00,fec52a19-9148-4350-a1b4-ae0da05ee199,41.02464876476277,21.320767039678557,pressure,948
2025-12-12T16:44:11+01:00,fec52a19-9148-4350-a1b4-ae0da05ee199,41.02464876476277,21.320767039678557,temperature,12
2025-12-12T16:59:42+01:00,fec52a19-9148-4350-a1b4-ae0da05ee199,41.02464876476277,21.320767039678557,gasResistance,70571
2025-12-12T16:59:42+01:00,fec52a19-9148-4350-a1b4-ae0da05ee199,41.02464876476277,21.320767039678557,humidity,50
2025-12-12T16:59:42+01:00,fec52a19-9148-4350-a1b4-ae0da05ee199,41.02464876476277,21.320767039678557,noise,121
2025-12-12T16:59:42+01:00,fec52a19-9148-4350-a1b4-ae0da05ee199,41.02464876476277,21.320767039678557,noise_dba,63
2025-12-12T16:59:42+01:00,fec52a19-9148-4350-a1b4-ae0da05ee199,41.02464876476277,21.320767039678557,pm10,7
2025-12-12T16:59:42+01:00,fec52a19-9148-4350-a1b4-ae0da05ee199,41.02464876476277,21.320767039678557,pm25,3
2025-12-12T16:59:42+01:00,fec52a19-9148-4350-a1b4-ae0da05ee199,41.02464876476277,21.320767039678557,pressure,948
2025-12-12T16:59:42+01:00,fec52a19-9148-4350-a1b4-ae0da05ee199,41.02464876476277,21.320767039678557,temperature,12
2025-12-12T17:15:14+01:00,fec52a19-9148-4350-a1b4-ae0da05ee199,41.02464876476277,21.320767039678557,gasResistance,73883
2025-12-12T17:15:14+01:00,fec52a19-9148-4350-a1b4-ae0da05ee199,41.02464876476277,21.320767039678557,humidity,50
2025-12-12T17:15:14+01:00,fec52a19-9148-4350-a1b4-ae0da05ee199,41.02464876476277,21.320767039678557,noise,112
2025-12-12T17:15:14+01:00,fec52a19-9148-4350-a1b4-ae0da05ee199,41.02464876476277,21.320767039678557,noise_dba,61
2025-12-12T17:15:14+01:00,fec52a19-9148-4350-a1b4-ae0da05ee199,41.02464876476277,21.320767039678557,pm10,5
2025-12-12T17:15:14+01:00,fec52a19-9148-4350-a1b4-ae0da05ee199,41.02464876476277,21.320767039678557,pm25,2
2025-12-12T17:15:14+01:00,fec52a19-9148-4350-a1b4-ae0da05ee199,41.02464876476277,21.320767039678557,pressure,948
2025-12-12T17:15:14+01:00,fec52a19-9148-4350-a1b4-ae0da05ee199,41.02464876476277,21.320767039678557,temperature,12
2025-12-12T17:30:46+01:00,fec52a19-9148-4350-a1b4-ae0da05ee199,41.02464876476277,21.320767039678557,gasResistance,73687
2025-12-12T17:30:46+01:00,fec52a19-9148-4350-a1b4-ae0da05ee199,41.02464876476277,21.320767039678557,humidity,49
2025-12-12T17:30:46+01:00,fec52a19-9148-4350-a1b4-ae0da05ee199,41.02464876476277,21.320767039678557,noise,98
2025-12-12T17:30:46+01:00,fec52a19-9148-4350-a1b4-ae0da05ee199,41.02464876476277,21.320767039678557,noise_dba,59
2025-12-12T17:30:46+01:00,fec52a19-9148-4350-a1b4-ae0da05ee199,41.02464876476277,21.320767039678557,pm10,8
2025-12-12T17:30:46+01:00,fec52a19-9148-4350-a1b4-ae0da05ee199,41.02464876476277,21.320767039678557,pm25,4
2025-12-12T17:30:46+01:00,fec52a19-9148-4350-a1b4-ae0da05ee199,41.02464876476277,21.320767039678557,pressure,948
2025-12-12T17:30:46+01:00,fec52a19-9148-4350-a1b4-ae0da05ee199,41.02464876476277,21.320767039678557,temperature,11
2025-12-12T17:46:18+01:00,fec52a19-9148-4350-a1b4-ae0da05ee199,41.02464876476277,21.320767039678557,gasResistance,69979
2025-12-12T17:46:18+01:00,fec52a19-9148-4350-a1b4-ae0da05ee199,41.02464876476277,21.320767039678557,humidity,51
2025-12-12T17:46:18+01:00,fec52a19-9148-4350-a1b4-ae0da05ee199,41.02464876476277,21.320767039678557,noise,101
2025-12-12T17:46:18+01:00,fec52a19-9148-4350-a1b4-ae0da05ee199,41.02464876476277,21.320767039678557,noise_dba,60
2025-12-12T17:46:18+01:00,fec52a19-9148-4350-a1b4-ae0da05ee199,41.02464876476277,21.320767039678557,pm10,38
2025-12-12T17:46:18+01:00,fec52a19-9148-4350-a1b4-ae0da05ee199,41.02464876476277,21.320767039678557,pm25,17
2025-12-12T17:46:18+01:00,fec52a19-9148-4350-a1b4-ae0da05ee199,41.02464876476277,21.320767039678557,pressure,949
2025-12-12T17:46:18+01:00,fec52a19-9148-4350-a1b4-ae0da05ee199,41.02464876476277,21.320767039678557,temperature,11
2025-12-12T18:01:49+01:00,fec52a19-9148-4350-a1b4-ae0da05ee199,41.02464876476277,21.320767039678557,gasResistance,66361
2025-12-12T18:01:49+01:00,fec52a19-9148-4350-a1b4-ae0da05ee199,41.02464876476277,21.320767039678557,humidity,53
2025-12-12T18:01:49+01:00,fec52a19-9148-4350-a1b4-ae0da05ee199,41.02464876476277,21.320767039678557,noise,75
2025-12-12T18:01:49+01:00,fec52a19-9148-4350-a1b4-ae0da05ee199,41.02464876476277,21.320767039678557,noise_dba,55
2025-12-12T18:01:49+01:00,fec52a19-9148-4350-a1b4-ae0da05ee199,41.02464876476277,21.320767039678557,pm10,32
2025-12-12T18:01:49+01:00,fec52a19-9148-4350-a1b4-ae0da05ee199,41.02464876476277,21.320767039678557,pm25,11
2025-12-12T18:01:49+01:00,fec52a19-9148-4350-a1b4-ae0da05ee199,41.02464876476277,21.320767039678557,pressure,949
2025-12-12T18:01:49+01:00,fec52a19-9148-4350-a1b4-ae0da05ee199,41.02464876476277,21.320767039678557,temperature,11
2025-12-12T18:17:21+01:00,fec52a19-9148-4350-a1b4-ae0da05ee199,41.02464876476277,21.320767039678557,gasResistance,66680
2025-12-12T18:17:21+01:00,fec52a19-9148-4350-a1b4-ae0da05ee199,41.02464876476277,21.320767039678557,humidity,54
2025-12-12T18:17:21+01:00,fec52a19-9148-4350-a1b4-ae0da05ee199,41.02464876476277,21.320767039678557,pm10,6
2025-12-12T18:17:21+01:00,fec52a19-9148-4350-a1b4-ae0da05ee199,41.02464876476277,21.320767039678557,pm25,3
2025-12-12T18:17:21+01:00,fec52a19-9148-4350-a1b4-ae0da05ee199,41.02464876476277,21.320767039678557,pressure,949
2025-12-12T18:17:21+01:00,fec52a19-9148-4350-a1b4-ae0da05ee199,41.02464876476277,21.320767039678557,temperature,10
2025-12-12T18:32:52+01:00,fec52a19-9148-4350-a1b4-ae0da05ee199,41.02464876476277,21.320767039678557,gasResistance,68655
2025-12-12T18:32:52+01:00,fec52a19-9148-4350-a1b4-ae0da05ee199,41.02464876476277,21.320767039678557,humidity,55
2025-12-12T18:32:52+01:00,fec52a19-9148-4350-a1b4-ae0da05ee199,41.02464876476277,21.320767039678557,pm10,23
2025-12-12T18:32:52+01:00,fec52a19-9148-4350-a1b4-ae0da05ee199,41.02464876476277,21.320767039678557,pm25,7
2025-12-12T18:32:52+01:00,fec52a19-9148-4350-a1b4-ae0da05ee199,41.02464876476277,21.320767039678557,pressure,949
2025-12-12T18:32:52+01:00,fec52a19-9148-4350-a1b4-ae0da05ee199,41.02464876476277,21.320767039678557,temperature,10
2025-12-12T18:48:23+01:00,fec52a19-9148-4350-a1b4-ae0da05ee199,41.02464876476277,21.320767039678557,gasResistance,70215
2025-12-12T18:48:23+01:00,fec52a19-9148-4350-a1b4-ae0da05ee199,41.02464876476277,21.320767039678557,humidity,56
2025-12-12T18:48:23+01:00,fec52a19-9148-4350-a1b4-ae0da05ee199,41.02464876476277,21.320767039678557,pm10,23
2025-12-12T18:48:23+01:00,fec52a19-9148-4350-a1b4-ae0da05ee199,41.02464876476277,21.320767039678557,pm25,8
2025-12-12T18:48:23+01:00,fec52a19-9148-4350-a1b4-ae0da05ee199,41.02464876476277,21.320767039678557,pressure,949
2025-12-12T18:48:23+01:00,fec52a19-9148-4350-a1b4-ae0da05ee199,41.02464876476277,21.320767039678557,temperature,9
2025-12-12T19:03:45+01:00,fec52a19-9148-4350-a1b4-ae0da05ee199,41.02464876476277,21.320767039678557,gasResistance,71662
2025-12-12T19:03:45+01:00,fec52a19-9148-4350-a1b4-ae0da05ee199,41.02464876476277,21.320767039678557,humidity,57
2025-12-12T19:03:45+01:00,fec52a19-9148-4350-a1b4-ae0da05ee199,41.02464876476277,21.320767039678557,pressure,950
2025-12-12T19:03:45+01:00,fec52a19-9148-4350-a1b4-ae0da05ee199,41.02464876476277,21.320767039678557,temperature,9
2025-12-12T19:19:17+01:00,fec52a19-9148-4350-a1b4-ae0da05ee199,41.02464876476277,21.320767039678557,gasResistance,73363
2025-12-12T19:19:17+01:00,fec52a19-9148-4350-a1b4-ae0da05ee199,41.02464876476277,21.320767039678557,humidity,58
2025-12-12T19:19:17+01:00,fec52a19-9148-4350-a1b4-ae0da05ee199,41.02464876476277,21.320767039678557,pm10,14
2025-12-12T19:19:17+01:00,fec52a19-9148-4350-a1b4-ae0da05ee199,41.02464876476277,21.320767039678557,pm25,4
2025-12-12T19:19:17+01:00,fec52a19-9148-4350-a1b4-ae0da05ee199,41.02464876476277,21.320767039678557,pressure,950
2025-12-12T19:19:17+01:00,fec52a19-9148-4350-a1b4-ae0da05ee199,41.02464876476277,21.320767039678557,temperature,9
2025-12-12T19:34:49+01:00,fec52a19-9148-4350-a1b4-ae0da05ee199,41.02464876476277,21.320767039678557,gasResistance,73622
2025-12-12T19:34:49+01:00,fec52a19-9148-4350-a1b4-ae0da05ee199,41.02464876476277,21.320767039678557,humidity,58
2025-12-12T19:34:49+01:00,fec52a19-9148-4350-a1b4-ae0da05ee199,41.02464876476277,21.320767039678557,pm10,13
2025-12-12T19:34:49+01:00,fec52a19-9148-4350-a1b4-ae0da05ee199,41.02464876476277,21.320767039678557,pm25,6
2025-12-12T19:34:49+01:00,fec52a19-9148-4350-a1b4-ae0da05ee199,41.02464876476277,21.320767039678557,pressure,950
2025-12-12T19:34:49+01:00,fec52a19-9148-4350-a1b4-ae0da05ee199,41.02464876476277,21.320767039678557,temperature,9
2025-12-12T19:50:20+01:00,fec52a19-9148-4350-a1b4-ae0da05ee199,41.02464876476277,21.320767039678557,gasResistance,75080
2025-12-12T19:50:20+01:00,fec52a19-9148-4350-a1b4-ae0da05ee199,41.02464876476277,21.320767039678557,humidity,58
2025-12-12T19:50:20+01:00,fec52a19-9148-4350-a1b4-ae0da05ee199,41.02464876476277,21.320767039678557,pm10,17
2025-12-12T19:50:20+01:00,fec52a19-9148-4350-a1b4-ae0da05ee199,41.02464876476277,21.320767039678557,pm25,4
2025-12-12T19:50:20+01:00,fec52a19-9148-4350-a1b4-ae0da05ee199,41.02464876476277,21.320767039678557,pressure,950
2025-12-12T19:50:20+01:00,fec52a19-9148-4350-a1b4-ae0da05ee199,41.02464876476277,21.320767039678557,temperature,9
2025-12-12T20:05:42+01:00,fec52a19-9148-4350-a1b4-ae0da05ee199,41.02464876476277,21.320767039678557,gasResistance,76386
2025-12-12T20:05:42+01:00,fec52a19-9148-4350-a1b4-ae0da05ee199,41.02464876476277,21.320767039678557,humidity,58
2025-12-12T20:05:42+01:00,fec52a19-9148-4350-a1b4-ae0da05ee199,41.02464876476277,21.320767039678557,pressure,950
2025-12-12T20:05:42+01:00,fec52a19-9148-4350-a1b4-ae0da05ee199,41.02464876476277,21.320767039678557,temperature,8
2025-12-12T20:21:14+01:00,fec52a19-9148-4350-a1b4-ae0da05ee199,41.02464876476277,21.320767039678557,gasResistance,76807
2025-12-12T20:21:14+01:00,fec52a19-9148-4350-a1b4-ae0da05ee199,41.02464876476277,21.320767039678557,humidity,58
2025-12-12T20:21:14+01:00,fec52a19-9148-4350-a1b4-ae0da05ee199,41.02464876476277,21.320767039678557,pm10,9
2025-12-12T20:21:14+01:00,fec52a19-9148-4350-a1b4-ae0da05ee199,41.02464876476277,21.320767039678557,pm25,5
2025-12-12T20:21:14+01:00,fec52a19-9148-4350-a1b4-ae0da05ee199,41.02464876476277,21.320767039678557,pressure,950
2025-12-12T20:21:14+01:00,fec52a19-9148-4350-a1b4-ae0da05ee199,41.02464876476277,21.320767039678557,temperature,8
2025-12-12T20:36:46+01:00,fec52a19-9148-4350-a1b4-ae0da05ee199,41.02464876476277,21.320767039678557,gasResistance,75761
2025-12-12T20:36:46+01:00,fec52a19-9148-4350-a1b4-ae0da05ee199,41.02464876476277,21.320767039678557,humidity,58
2025-12-12T20:36:46+01:00,fec52a19-9148-4350-a1b4-ae0da05ee199,41.02464876476277,21.320767039678557,pm10,11
2025-12-12T20:36:46+01:00,fec52a19-9148-4350-a1b4-ae0da05ee199,41.02464876476277,21.320767039678557,pm25,4
2025-12-12T20:36:46+01:00,fec52a19-9148-4350-a1b4-ae0da05ee199,41.02464876476277,21.320767039678557,pressure,950
2025-12-12T20:36:46+01:00,fec52a19-9148-4350-a1b4-ae0da05ee199,41.02464876476277,21.320767039678557,temperature,8
2025-12-12T20:52:17+01:00,fec52a19-9148-4350-a1b4-ae0da05ee199,41.02464876476277,21.320767039678557,gasResistance,76456
2025-12-12T20:52:17+01:00,fec52a19-9148-4350-a1b4-ae0da05ee199,41.02464876476277,21.320767039678557,humidity,58
2025-12-12T20:52:17+01:00,fec52a19-9148-4350-a1b4-ae0da05ee199,41.02464876476277,21.320767039678557,pm10,5
2025-12-12T20:52:17+01:00,fec52a19-9148-4350-a1b4-ae0da05ee199,41.02464876476277,21.320767039678557,pm25,3
2025-12-12T20:52:17+01:00,fec52a19-9148-4350-a1b4-ae0da05ee199,41.02464876476277,21.320767039678557,pressure,951
2025-12-12T20:52:17+01:00,fec52a19-9148-4350-a1b4-ae0da05ee199,41.02464876476277,21.320767039678557,temperature,8
2025-12-12T21:07:49+01:00,fec52a19-9148-4350-a1b4-ae0da05ee199,41.02464876476277,21.320767039678557,gasResistance,77234
2025-12-12T21:07:49+01:00,fec52a19-9148-4350-a1b4-ae0da05ee199,41.02464876476277,21.320767039678557,humidity,59
2025-12-12T21:07:49+01:00,fec52a19-9148-4350-a1b4-ae0da05ee199,41.02464876476277,21.320767039678557,pm10,24
2025-12-12T21:07:49+01:00,fec52a19-9148-4350-a1b4-ae0da05ee199,41.02464876476277,21.320767039678557,pm25,6
2025-12-12T21:07:49+01:00,fec52a19-9148-4350-a1b4-ae0da05ee199,41.02464876476277,21.320767039678557,pressure,951
2025-12-12T21:07:49+01:00,fec52a19-9148-4350-a1b4-ae0da05ee199,41.02464876476277,21.320767039678557,temperature,8
2025-12-12T21:23:21+01:00,fec52a19-9148-4350-a1b4-ae0da05ee199,41.02464876476277,21.320767039678557,gasResistance,78469
2025-12-12T21:23:21+01:00,fec52a19-9148-4350-a1b4-ae0da05ee199,41.02464876476277,21.320767039678557,humidity,58
2025-12-12T21:23:21+01:00,fec52a19-9148-4350-a1b4-ae0da05ee199,41.02464876476277,21.320767039678557,pm10,3
2025-12-12T21:23:21+01:00,fec52a19-9148-4350-a1b4-ae0da05ee199,41.02464876476277,21.320767039678557,pm25,3
2025-12-12T21:23:21+01:00,fec52a19-9148-4350-a1b4-ae0da05ee199,41.02464876476277,21.320767039678557,pressure,951
2025-12-12T21:23:21+01:00,fec52a19-9148-4350-a1b4-ae0da05ee199,41.02464876476277,21.320767039678557,temperature,8
2025-12-12T21:38:52+01:00,fec52a19-9148-4350-a1b4-ae0da05ee199,41.02464876476277,21.320767039678557,gasResistance,80358
2025-12-12T21:38:52+01:00,fec52a19-9148-4350-a1b4-ae0da05ee199,41.02464876476277,21.320767039678557,humidity,60
2025-12-12T21:38:52+01:00,fec52a19-9148-4350-a1b4-ae0da05ee199,41.02464876476277,21.320767039678557,pm10,3
2025-12-12T21:38:52+01:00,fec52a19-9148-4350-a1b4-ae0da05ee199,41.02464876476277,21.320767039678557,pm25,3
2025-12-12T21:38:52+01:00,fec52a19-9148-4350-a1b4-ae0da05ee199,41.02464876476277,21.320767039678557,pressure,951
2025-12-12T21:38:52+01:00,fec52a19-9148-4350-a1b4-ae0da05ee199,41.02464876476277,21.320767039678557,temperature,8
2025-12-12T21:54:24+01:00,fec52a19-9148-4350-a1b4-ae0da05ee199,41.02464876476277,21.320767039678557,gasResistance,80436
2025-12-12T21:54:24+01:00,fec52a19-9148-4350-a1b4-ae0da05ee199,41.02464876476277,21.320767039678557,humidity,59
2025-12-12T21:54:24+01:00,fec52a19-9148-4350-a1b4-ae0da05ee199,41.02464876476277,21.320767039678557,pm10,3
2025-12-12T21:54:24+01:00,fec52a19-9148-4350-a1b4-ae0da05ee199,41.02464876476277,21.320767039678557,pm25,2
2025-12-12T21:54:24+01:00,fec52a19-9148-4350-a1b4-ae0da05ee199,41.02464876476277,21.320767039678557,pressure,951
2025-12-12T21:54:24+01:00,fec52a19-9148-4350-a1b4-ae0da05ee199,41.02464876476277,21.320767039678557,temperature,8
2025-12-12T22:09:56+01:00,fec52a19-9148-4350-a1b4-ae0da05ee199,41.02464876476277,21.320767039678557,gasResistance,77956
2025-12-12T22:09:56+01:00,fec52a19-9148-4350-a1b4-ae0da05ee199,41.02464876476277,21.320767039678557,humidity,59
2025-12-12T22:09:56+01:00,fec52a19-9148-4350-a1b4-ae0da05ee199,41.02464876476277,21.320767039678557,pm10,4
2025-12-12T22:09:56+01:00,fec52a19-9148-4350-a1b4-ae0da05ee199,41.02464876476277,21.320767039678557,pm25,3
2025-12-12T22:09:56+01:00,fec52a19-9148-4350-a1b4-ae0da05ee199,41.02464876476277,21.320767039678557,pressure,951
2025-12-12T22:09:56+01:00,fec52a19-9148-4350-a1b4-ae0da05ee199,41.02464876476277,21.320767039678557,temperature,8
2025-12-12T22:25:28+01:00,fec52a19-9148-4350-a1b4-ae0da05ee199,41.02464876476277,21.320767039678557,gasResistance,80281
2025-12-12T22:25:28+01:00,fec52a19-9148-4350-a1b4-ae0da05ee199,41.02464876476277,21.320767039678557,humidity,60
2025-12-12T22:25:28+01:00,fec52a19-9148-4350-a1b4-ae0da05ee199,41.02464876476277,21.320767039678557,pm10,2
2025-12-12T22:25:28+01:00,fec52a19-9148-4350-a1b4-ae0da05ee199,41.02464876476277,21.320767039678557,pm25,2
2025-12-12T22:25:28+01:00,fec52a19-9148-4350-a1b4-ae0da05ee199,41.02464876476277,21.320767039678557,pressure,951
2025-12-12T22:25:28+01:00,fec52a19-9148-4350-a1b4-ae0da05ee199,41.02464876476277,21.320767039678557,temperature,8
2025-12-12T22:40:59+01:00,fec52a19-9148-4350-a1b4-ae0da05ee199,41.02464876476277,21.320767039678557,gasResistance,80281
2025-12-12T22:40:59+01:00,fec52a19-9148-4350-a1b4-ae0da05ee199,41.02464876476277,21.320767039678557,humidity,60
2025-12-12T22:40:59+01:00,fec52a19-9148-4350-a1b4-ae0da05ee199,41.02464876476277,21.320767039678557,pm10,4
2025-12-12T22:40:59+01:00,fec52a19-9148-4350-a1b4-ae0da05ee199,41.02464876476277,21.320767039678557,pm25,3
2025-12-12T22:40:59+01:00,fec52a19-9148-4350-a1b4-ae0da05ee199,41.02464876476277,21.320767039678557,pressure,952
2025-12-12T22:40:59+01:00,fec52a19-9148-4350-a1b4-ae0da05ee199,41.02464876476277,21.320767039678557,temperature,7
2025-12-12T22:56:31+01:00,fec52a19-9148-4350-a1b4-ae0da05ee199,41.02464876476277,21.320767039678557,gasResistance,79973
2025-12-12T22:56:31+01:00,fec52a19-9148-4350-a1b4-ae0da05ee199,41.02464876476277,21.320767039678557,humidity,59
2025-12-12T22:56:31+01:00,fec52a19-9148-4350-a1b4-ae0da05ee199,41.02464876476277,21.320767039678557,pm10,3
2025-12-12T22:56:31+01:00,fec52a19-9148-4350-a1b4-ae0da05ee199,41.02464876476277,21.320767039678557,pm25,2
2025-12-12T22:56:31+01:00,fec52a19-9148-4350-a1b4-ae0da05ee199,41.02464876476277,21.320767039678557,pressure,952
2025-12-12T22:56:31+01:00,fec52a19-9148-4350-a1b4-ae0da05ee199,41.02464876476277,21.320767039678557,temperature,7
2025-12-12T23:12:03+01:00,fec52a19-9148-4350-a1b4-ae0da05ee199,41.02464876476277,21.320767039678557,gasResistance,79139
2025-12-12T23:12:03+01:00,fec52a19-9148-4350-a1b4-ae0da05ee199,41.02464876476277,21.320767039678557,humidity,60
2025-12-12T23:12:03+01:00,fec52a19-9148-4350-a1b4-ae0da05ee199,41.02464876476277,21.320767039678557,pm10,3
2025-12-12T23:12:03+01:00,fec52a19-9148-4350-a1b4-ae0da05ee199,41.02464876476277,21.320767039678557,pm25,3
2025-12-12T23:12:03+01:00,fec52a19-9148-4350-a1b4-ae0da05ee199,41.02464876476277,21.320767039678557,pressure,952
2025-12-12T23:12:03+01:00,fec52a19-9148-4350-a1b4-ae0da05ee199,41.02464876476277,21.320767039678557,temperature,7
2025-12-12T23:27:34+01:00,fec52a19-9148-4350-a1b4-ae0da05ee199,41.02464876476277,21.320767039678557,gasResistance,79440
2025-12-12T23:27:34+01:00,fec52a19-9148-4350-a1b4-ae0da05ee199,41.02464876476277,21.320767039678557,humidity,61
2025-12-12T23:27:34+01:00,fec52a19-9148-4350-a1b4-ae0da05ee199,41.02464876476277,21.320767039678557,pm10,10
2025-12-12T23:27:34+01:00,fec52a19-9148-4350-a1b4-ae0da05ee199,41.02464876476277,21.320767039678557,pm25,4
2025-12-12T23:27:34+01:00,fec52a19-9148-4350-a1b4-ae0da05ee199,41.02464876476277,21.320767039678557,pressure,952
2025-12-12T23:27:34+01:00,fec52a19-9148-4350-a1b4-ae0da05ee199,41.02464876476277,21.320767039678557,temperature,7
2025-12-12T23:43:06+01:00,fec52a19-9148-4350-a1b4-ae0da05ee199,41.02464876476277,21.320767039678557,gasResistance,80825
2025-12-12T23:43:06+01:00,fec52a19-9148-4350-a1b4-ae0da05ee199,41.02464876476277,21.320767039678557,humidity,60
2025-12-12T23:43:06+01:00,fec52a19-9148-4350-a1b4-ae0da05ee199,41.02464876476277,21.320767039678557,pm10,15
2025-12-12T23:43:06+01:00,fec52a19-9148-4350-a1b4-ae0da05ee199,41.02464876476277,21.320767039678557,pm25,7
2025-12-12T23:43:06+01:00,fec52a19-9148-4350-a1b4-ae0da05ee199,41.02464876476277,21.320767039678557,pressure,952
2025-12-12T23:43:06+01:00,fec52a19-9148-4350-a1b4-ae0da05ee199,41.02464876476277,21.320767039678557,temperature,7
2025-12-12T23:58:37+01:00,fec52a19-9148-4350-a1b4-ae0da05ee199,41.02464876476277,21.320767039678557,gasResistance,79820
2025-12-12T23:58:37+01:00,fec52a19-9148-4350-a1b4-ae0da05ee199,41.02464876476277,21.320767039678557,humidity,61
2025-12-12T23:58:37+01:00,fec52a19-9148-4350-a1b4-ae0da05ee199,41.02464876476277,21.320767039678557,pm10,1
2025-12-12T23:58:37+01:00,fec52a19-9148-4350-a1b4-ae0da05ee199,41.02464876476277,21.320767039678557,pm25,1
2025-12-12T23:58:37+01:00,fec52a19-9148-4350-a1b4-ae0da05ee199,41.02464876476277,21.320767039678557,pressure,952
2025-12-12T23:58:37+01:00,fec52a19-9148-4350-a1b4-ae0da05ee199,41.02464876476277,21.320767039678557,temperature,6
2025-12-13T00:14:09+01:00,fec52a19-9148-4350-a1b4-ae0da05ee199,41.02464876476277,21.320767039678557,gasResistance,81696
2025-12-13T00:14:09+01:00,fec52a19-9148-4350-a1b4-ae0da05ee199,41.02464876476277,21.320767039678557,humidity,61
2025-12-13T00:14:09+01:00,fec52a19-9148-4350-a1b4-ae0da05ee199,41.02464876476277,21.320767039678557,pm10,3
2025-12-13T00:14:09+01:00,fec52a19-9148-4350-a1b4-ae0da05ee199,41.02464876476277,21.320767039678557,pm25,2
2025-12-13T00:14:09+01:00,fec52a19-9148-4350-a1b4-ae0da05ee199,41.02464876476277,21.320767039678557,pressure,952
2025-12-13T00:14:09+01:00,fec52a19-9148-4350-a1b4-ae0da05ee199,41.02464876476277,21.320767039678557,temperature,6
2025-12-13T00:29:40+01:00,fec52a19-9148-4350-a1b4-ae0da05ee199,41.02464876476277,21.320767039678557,gasResistance,82017
2025-12-13T00:29:40+01:00,fec52a19-9148-4350-a1b4-ae0da05ee199,41.02464876476277,21.320767039678557,humidity,61
2025-12-13T00:29:40+01:00,fec52a19-9148-4350-a1b4-ae0da05ee199,41.02464876476277,21.320767039678557,pm10,3
2025-12-13T00:29:40+01:00,fec52a19-9148-4350-a1b4-ae0da05ee199,41.02464876476277,21.320767039678557,pm25,1
2025-12-13T00:29:40+01:00,fec52a19-9148-4350-a1b4-ae0da05ee199,41.02464876476277,21.320767039678557,pressure,952
2025-12-13T00:29:40+01:00,fec52a19-9148-4350-a1b4-ae0da05ee199,41.02464876476277,21.320767039678557,temperature,6
2025-12-13T00:45:12+01:00,fec52a19-9148-4350-a1b4-ae0da05ee199,41.02464876476277,21.320767039678557,gasResistance,87707
2025-12-13T00:45:12+01:00,fec52a19-9148-4350-a1b4-ae0da05ee199,41.02464876476277,21.320767039678557,humidity,62
2025-12-13T00:45:12+01:00,fec52a19-9148-4350-a1b4-ae0da05ee199,41.02464876476277,21.320767039678557,pm10,1
2025-12-13T00:45:12+01:00,fec52a19-9148-4350-a1b4-ae0da05ee199,41.02464876476277,21.320767039678557,pm25,1
2025-12-13T00:45:12+01:00,fec52a19-9148-4350-a1b4-ae0da05ee199,41.02464876476277,21.320767039678557,pressure,952
2025-12-13T00:45:12+01:00,fec52a19-9148-4350-a1b4-ae0da05ee199,41.02464876476277,21.320767039678557,temperature,6
2025-12-13T01:00:44+01:00,fec52a19-9148-4350-a1b4-ae0da05ee199,41.02464876476277,21.320767039678557,gasResistance,96739
2025-12-13T01:00:44+01:00,fec52a19-9148-4350-a1b4-ae0da05ee199,41.02464876476277,21.320767039678557,humidity,60
2025-12-13T01:00:44+01:00,fec52a19-9148-4350-a1b4-ae0da05ee199,41.02464876476277,21.320767039678557,pm10,1
2025-12-13T01:00:44+01:00,fec52a19-9148-4350-a1b4-ae0da05ee199,41.02464876476277,21.320767039678557,pm25,1
2025-12-13T01:00:44+01:00,fec52a19-9148-4350-a1b4-ae0da05ee199,41.02464876476277,21.320767039678557,pressure,952
2025-12-13T01:00:44+01:00,fec52a19-9148-4350-a1b4-ae0da05ee199,41.02464876476277,21.320767039678557,temperature,6
2025-12-13T01:16:15+01:00,fec52a19-9148-4350-a1b4-ae0da05ee199,41.02464876476277,21.320767039678557,gasResistance,96964
2025-12-13T01:16:15+01:00,fec52a19-9148-4350-a1b4-ae0da05ee199,41.02464876476277,21.320767039678557,humidity,60
2025-12-13T01:16:15+01:00,fec52a19-9148-4350-a1b4-ae0da05ee199,41.02464876476277,21.320767039678557,pm10,1
2025-12-13T01:16:15+01:00,fec52a19-9148-4350-a1b4-ae0da05ee199,41.02464876476277,21.320767039678557,pm25,1
2025-12-13T01:16:15+01:00,fec52a19-9148-4350-a1b4-ae0da05ee199,41.02464876476277,21.320767039678557,pressure,952
2025-12-13T01:16:15+01:00,fec52a19-9148-4350-a1b4-ae0da05ee199,41.02464876476277,21.320767039678557,temperature,6
2025-12-13T01:31:47+01:00,fec52a19-9148-4350-a1b4-ae0da05ee199,41.02464876476277,21.320767039678557,gasResistance,106358
2025-12-13T01:31:47+01:00,fec52a19-9148-4350-a1b4-ae0da05ee199,41.02464876476277,21.320767039678557,humidity,59
2025-12-13T01:31:47+01:00,fec52a19-9148-4350-a1b4-ae0da05ee199,41.02464876476277,21.320767039678557,pm10,1
2025-12-13T01:31:47+01:00,fec52a19-9148-4350-a1b4-ae0da05ee199,41.02464876476277,21.320767039678557,pm25,0
2025-12-13T01:31:47+01:00,fec52a19-9148-4350-a1b4-ae0da05ee199,41.02464876476277,21.320767039678557,pressure,952
2025-12-13T01:31:47+01:00,fec52a19-9148-4350-a1b4-ae0da05ee199,41.02464876476277,21.320767039678557,temperature,7
2025-12-13T01:47:08+01:00,fec52a19-9148-4350-a1b4-ae0da05ee199,41.02464876476277,21.320767039678557,gasResistance,114376
2025-12-13T01:47:08+01:00,fec52a19-9148-4350-a1b4-ae0da05ee199,41.02464876476277,21.320767039678557,humidity,59
2025-12-13T01:47:08+01:00,fec52a19-9148-4350-a1b4-ae0da05ee199,41.02464876476277,21.320767039678557,pressure,952
2025-12-13T01:47:08+01:00,fec52a19-9148-4350-a1b4-ae0da05ee199,41.02464876476277,21.320767039678557,temperature,7
2025-12-13T02:02:39+01:00,fec52a19-9148-4350-a1b4-ae0da05ee199,41.02464876476277,21.320767039678557,gasResistance,104689
2025-12-13T02:02:39+01:00,fec52a19-9148-4350-a1b4-ae0da05ee199,41.02464876476277,21.320767039678557,humidity,60
2025-12-13T02:02:39+01:00,fec52a19-9148-4350-a1b4-ae0da05ee199,41.02464876476277,21.320767039678557,pm10,3
2025-12-13T02:02:39+01:00,fec52a19-9148-4350-a1b4-ae0da05ee199,41.02464876476277,21.320767039678557,pm25,1
2025-12-13T02:02:39+01:00,fec52a19-9148-4350-a1b4-ae0da05ee199,41.02464876476277,21.320767039678557,pressure,952
2025-12-13T02:02:39+01:00,fec52a19-9148-4350-a1b4-ae0da05ee199,41.02464876476277,21.320767039678557,temperature,7
2025-12-13T02:18:11+01:00,fec52a19-9148-4350-a1b4-ae0da05ee199,41.02464876476277,21.320767039678557,gasResistance,109570
2025-12-13T02:18:11+01:00,fec52a19-9148-4350-a1b4-ae0da05ee199,41.02464876476277,21.320767039678557,humidity,60
2025-12-13T02:18:11+01:00,fec52a19-9148-4350-a1b4-ae0da05ee199,41.02464876476277,21.320767039678557,pm10,1
2025-12-13T02:18:11+01:00,fec52a19-9148-4350-a1b4-ae0da05ee199,41.02464876476277,21.320767039678557,pm25,1
2025-12-13T02:18:11+01:00,fec52a19-9148-4350-a1b4-ae0da05ee199,41.02464876476277,21.320767039678557,pressure,952
2025-12-13T02:18:11+01:00,fec52a19-9148-4350-a1b4-ae0da05ee199,41.02464876476277,21.320767039678557,temperature,7
2025-12-13T02:33:42+01:00,fec52a19-9148-4350-a1b4-ae0da05ee199,41.02464876476277,21.320767039678557,gasResistance,97190
2025-12-13T02:33:42+01:00,fec52a19-9148-4350-a1b4-ae0da05ee199,41.02464876476277,21.320767039678557,humidity,60
2025-12-13T02:33:42+01:00,fec52a19-9148-4350-a1b4-ae0da05ee199,41.02464876476277,21.320767039678557,pm10,3
2025-12-13T02:33:42+01:00,fec52a19-9148-4350-a1b4-ae0da05ee199,41.02464876476277,21.320767039678557,pm25,2
2025-12-13T02:33:42+01:00,fec52a19-9148-4350-a1b4-ae0da05ee199,41.02464876476277,21.320767039678557,pressure,952
2025-12-13T02:33:42+01:00,fec52a19-9148-4350-a1b4-ae0da05ee199,41.02464876476277,21.320767039678557,temperature,7
2025-12-13T02:49:14+01:00,fec52a19-9148-4350-a1b4-ae0da05ee199,41.02464876476277,21.320767039678557,gasResistance,94997
2025-12-13T02:49:14+01:00,fec52a19-9148-4350-a1b4-ae0da05ee199,41.02464876476277,21.320767039678557,humidity,61
2025-12-13T02:49:14+01:00,fec52a19-9148-4350-a1b4-ae0da05ee199,41.02464876476277,21.320767039678557,pm10,6
2025-12-13T02:49:14+01:00,fec52a19-9148-4350-a1b4-ae0da05ee199,41.02464876476277,21.320767039678557,pm25,2
2025-12-13T02:49:14+01:00,fec52a19-9148-4350-a1b4-ae0da05ee199,41.02464876476277,21.320767039678557,pressure,952
2025-12-13T02:49:14+01:00,fec52a19-9148-4350-a1b4-ae0da05ee199,41.02464876476277,21.320767039678557,temperature,7
2025-12-13T03:04:45+01:00,fec52a19-9148-4350-a1b4-ae0da05ee199,41.02464876476277,21.320767039678557,gasResistance,91758
2025-12-13T03:04:45+01:00,fec52a19-9148-4350-a1b4-ae0da05ee199,41.02464876476277,21.320767039678557,humidity,61
2025-12-13T03:04:45+01:00,fec52a19-9148-4350-a1b4-ae0da05ee199,41.02464876476277,21.320767039678557,pm10,7
2025-12-13T03:04:45+01:00,fec52a19-9148-4350-a1b4-ae0da05ee199,41.02464876476277,21.320767039678557,pm25,2
2025-12-13T03:04:45+01:00,fec52a19-9148-4350-a1b4-ae0da05ee199,41.02464876476277,21.320767039678557,pressure,952
2025-12-13T03:04:45+01:00,fec52a19-9148-4350-a1b4-ae0da05ee199,41.02464876476277,21.320767039678557,temperature,7
2025-12-13T03:20:17+01:00,fec52a19-9148-4350-a1b4-ae0da05ee199,41.02464876476277,21.320767039678557,gasResistance,88357
2025-12-13T03:20:17+01:00,fec52a19-9148-4350-a1b4-ae0da05ee199,41.02464876476277,21.320767039678557,humidity,62
2025-12-13T03:20:17+01:00,fec52a19-9148-4350-a1b4-ae0da05ee199,41.02464876476277,21.320767039678557,pm10,8
2025-12-13T03:20:17+01:00,fec52a19-9148-4350-a1b4-ae0da05ee199,41.02464876476277,21.320767039678557,pm25,1
2025-12-13T03:20:17+01:00,fec52a19-9148-4350-a1b4-ae0da05ee199,41.02464876476277,21.320767039678557,pressure,952
2025-12-13T03:20:17+01:00,fec52a19-9148-4350-a1b4-ae0da05ee199,41.02464876476277,21.320767039678557,temperature,7
2025-12-13T03:35:48+01:00,fec52a19-9148-4350-a1b4-ae0da05ee199,41.02464876476277,21.320767039678557,gasResistance,84338
2025-12-13T03:35:48+01:00,fec52a19-9148-4350-a1b4-ae0da05ee199,41.02464876476277,21.320767039678557,humidity,63
2025-12-13T03:35:48+01:00,fec52a19-9148-4350-a1b4-ae0da05ee199,41.02464876476277,21.320767039678557,pm10,3
2025-12-13T03:35:48+01:00,fec52a19-9148-4350-a1b4-ae0da05ee199,41.02464876476277,21.320767039678557,pm25,1
2025-12-13T03:35:48+01:00,fec52a19-9148-4350-a1b4-ae0da05ee199,41.02464876476277,21.320767039678557,pressure,952
2025-12-13T03:35:48+01:00,fec52a19-9148-4350-a1b4-ae0da05ee199,41.02464876476277,21.320767039678557,temperature,6
2025-12-13T03:51:20+01:00,fec52a19-9148-4350-a1b4-ae0da05ee199,41.02464876476277,21.320767039678557,gasResistance,90661
2025-12-13T03:51:20+01:00,fec52a19-9148-4350-a1b4-ae0da05ee199,41.02464876476277,21.320767039678557,humidity,63
2025-12-13T03:51:20+01:00,fec52a19-9148-4350-a1b4-ae0da05ee199,41.02464876476277,21.320767039678557,pm10,2
2025-12-13T03:51:20+01:00,fec52a19-9148-4350-a1b4-ae0da05ee199,41.02464876476277,21.320767039678557,pm25,1
2025-12-13T03:51:20+01:00,fec52a19-9148-4350-a1b4-ae0da05ee199,41.02464876476277,21.320767039678557,pressure,952
2025-12-13T03:51:20+01:00,fec52a19-9148-4350-a1b4-ae0da05ee199,41.02464876476277,21.320767039678557,temperature,6
2025-12-13T04:06:51+01:00,fec52a19-9148-4350-a1b4-ae0da05ee199,41.02464876476277,21.320767039678557,gasResistance,91859
2025-12-13T04:06:51+01:00,fec52a19-9148-4350-a1b4-ae0da05ee199,41.02464876476277,21.320767039678557,humidity,61
2025-12-13T04:06:51+01:00,fec52a19-9148-4350-a1b4-ae0da05ee199,41.02464876476277,21.320767039678557,pm10,0
2025-12-13T04:06:51+01:00,fec52a19-9148-4350-a1b4-ae0da05ee199,41.02464876476277,21.320767039678557,pm25,0
2025-12-13T04:06:51+01:00,fec52a19-9148-4350-a1b4-ae0da05ee199,41.02464876476277,21.320767039678557,pressure,952
2025-12-13T04:06:51+01:00,fec52a19-9148-4350-a1b4-ae0da05ee199,41.02464876476277,21.320767039678557,temperature,6
2025-12-13T04:22:22+01:00,fec52a19-9148-4350-a1b4-ae0da05ee199,41.02464876476277,21.320767039678557,gasResistance,96908
2025-12-13T04:22:22+01:00,fec52a19-9148-4350-a1b4-ae0da05ee199,41.02464876476277,21.320767039678557,humidity,63
2025-12-13T04:22:22+01:00,fec52a19-9148-4350-a1b4-ae0da05ee199,41.02464876476277,21.320767039678557,pm10,2
2025-12-13T04:22:22+01:00,fec52a19-9148-4350-a1b4-ae0da05ee199,41.02464876476277,21.320767039678557,pm25,2
2025-12-13T04:22:22+01:00,fec52a19-9148-4350-a1b4-ae0da05ee199,41.02464876476277,21.320767039678557,pressure,952
2025-12-13T04:22:22+01:00,fec52a19-9148-4350-a1b4-ae0da05ee199,41.02464876476277,21.320767039678557,temperature,6
2025-12-13T04:37:54+01:00,fec52a19-9148-4350-a1b4-ae0da05ee199,41.02464876476277,21.320767039678557,gasResistance,104689
2025-12-13T04:37:54+01:00,fec52a19-9148-4350-a1b4-ae0da05ee199,41.02464876476277,21.320767039678557,humidity,62
2025-12-13T04:37:54+01:00,fec52a19-9148-4350-a1b4-ae0da05ee199,41.02464876476277,21.320767039678557,pm10,18
2025-12-13T04:37:54+01:00,fec52a19-9148-4350-a1b4-ae0da05ee199,41.02464876476277,21.320767039678557,pm25,1
2025-12-13T04:37:54+01:00,fec52a19-9148-4350-a1b4-ae0da05ee199,41.02464876476277,21.320767039678557,pressure,952
2025-12-13T04:37:54+01:00,fec52a19-9148-4350-a1b4-ae0da05ee199,41.02464876476277,21.320767039678557,temperature,6
2025-12-13T04:53:25+01:00,fec52a19-9148-4350-a1b4-ae0da05ee199,41.02464876476277,21.320767039678557,gasResistance,120400
2025-12-13T04:53:25+01:00,fec52a19-9148-4350-a1b4-ae0da05ee199,41.02464876476277,21.320767039678557,humidity,63
2025-12-13T04:53:25+01:00,fec52a19-9148-4350-a1b4-ae0da05ee199,41.02464876476277,21.320767039678557,pm10,1
2025-12-13T04:53:25+01:00,fec52a19-9148-4350-a1b4-ae0da05ee199,41.02464876476277,21.320767039678557,pm25,0
2025-12-13T04:53:25+01:00,fec52a19-9148-4350-a1b4-ae0da05ee199,41.02464876476277,21.320767039678557,pressure,952
2025-12-13T04:53:25+01:00,fec52a19-9148-4350-a1b4-ae0da05ee199,41.02464876476277,21.320767039678557,temperature,6
2025-12-13T05:08:57+01:00,fec52a19-9148-4350-a1b4-ae0da05ee199,41.02464876476277,21.320767039678557,gasResistance,125094
2025-12-13T05:08:57+01:00,fec52a19-9148-4350-a1b4-ae0da05ee199,41.02464876476277,21.320767039678557,humidity,61
2025-12-13T05:08:57+01:00,fec52a19-9148-4350-a1b4-ae0da05ee199,41.02464876476277,21.320767039678557,pm10,3
2025-12-13T05:08:57+01:00,fec52a19-9148-4350-a1b4-ae0da05ee199,41.02464876476277,21.320767039678557,pm25,0
2025-12-13T05:08:57+01:00,fec52a19-9148-4350-a1b4-ae0da05ee199,41.02464876476277,21.320767039678557,pressure,952
2025-12-13T05:08:57+01:00,fec52a19-9148-4350-a1b4-ae0da05ee199,41.02464876476277,21.320767039678557,temperature,6
2025-12-13T05:24:28+01:00,fec52a19-9148-4350-a1b4-ae0da05ee199,41.02464876476277,21.320767039678557,gasResistance,122973
2025-12-13T05:24:28+01:00,fec52a19-9148-4350-a1b4-ae0da05ee199,41.02464876476277,21.320767039678557,humidity,60
2025-12-13T05:24:28+01:00,fec52a19-9148-4350-a1b4-ae0da05ee199,41.02464876476277,21.320767039678557,pm10,13
2025-12-13T05:24:28+01:00,fec52a19-9148-4350-a1b4-ae0da05ee199,41.02464876476277,21.320767039678557,pm25,2
2025-12-13T05:24:28+01:00,fec52a19-9148-4350-a1b4-ae0da05ee199,41.02464876476277,21.320767039678557,pressure,952
2025-12-13T05:24:28+01:00,fec52a19-9148-4350-a1b4-ae0da05ee199,41.02464876476277,21.320767039678557,temperature,6
2025-12-13T05:40:00+01:00,fec52a19-9148-4350-a1b4-ae0da05ee199,41.02464876476277,21.320767039678557,gasResistance,116452
2025-12-13T05:40:00+01:00,fec52a19-9148-4350-a1b4-ae0da05ee199,41.02464876476277,21.320767039678557,humidity,61
2025-12-13T05:40:00+01:00,fec52a19-9148-4350-a1b4-ae0da05ee199,41.02464876476277,21.320767039678557,pm10,2
2025-12-13T05:40:00+01:00,fec52a19-9148-4350-a1b4-ae0da05ee199,41.02464876476277,21.320767039678557,pm25,1
2025-12-13T05:40:00+01:00,fec52a19-9148-4350-a1b4-ae0da05ee199,41.02464876476277,21.320767039678557,pressure,952
2025-12-13T05:40:00+01:00,fec52a19-9148-4350-a1b4-ae0da05ee199,41.02464876476277,21.320767039678557,temperature,6
2025-12-13T05:55:31+01:00,fec52a19-9148-4350-a1b4-ae0da05ee199,41.02464876476277,21.320767039678557,gasResistance,110807
2025-12-13T05:55:31+01:00,fec52a19-9148-4350-a1b4-ae0da05ee199,41.02464876476277,21.320767039678557,humidity,60
2025-12-13T05:55:31+01:00,fec52a19-9148-4350-a1b4-ae0da05ee199,41.02464876476277,21.320767039678557,pm10,0
2025-12-13T05:55:31+01:00,fec52a19-9148-4350-a1b4-ae0da05ee199,41.02464876476277,21.320767039678557,pm25,0
2025-12-13T05:55:31+01:00,fec52a19-9148-4350-a1b4-ae0da05ee199,41.02464876476277,21.320767039678557,pressure,953
2025-12-13T05:55:31+01:00,fec52a19-9148-4350-a1b4-ae0da05ee199,41.02464876476277,21.320767039678557,temperature,7
2025-12-13T06:11:03+01:00,fec52a19-9148-4350-a1b4-ae0da05ee199,41.02464876476277,21.320767039678557,gasResistance,106493
2025-12-13T06:11:03+01:00,fec52a19-9148-4350-a1b4-ae0da05ee199,41.02464876476277,21.320767039678557,humidity,60
2025-12-13T06:11:03+01:00,fec52a19-9148-4350-a1b4-ae0da05ee199,41.02464876476277,21.320767039678557,pm10,1
2025-12-13T06:11:03+01:00,fec52a19-9148-4350-a1b4-ae0da05ee199,41.02464876476277,21.320767039678557,pm25,1
2025-12-13T06:11:03+01:00,fec52a19-9148-4350-a1b4-ae0da05ee199,41.02464876476277,21.320767039678557,pressure,953
2025-12-13T06:11:03+01:00,fec52a19-9148-4350-a1b4-ae0da05ee199,41.02464876476277,21.320767039678557,temperature,7
2025-12-13T06:26:34+01:00,fec52a19-9148-4350-a1b4-ae0da05ee199,41.02464876476277,21.320767039678557,gasResistance,119367
2025-12-13T06:26:34+01:00,fec52a19-9148-4350-a1b4-ae0da05ee199,41.02464876476277,21.320767039678557,humidity,58
2025-12-13T06:26:34+01:00,fec52a19-9148-4350-a1b4-ae0da05ee199,41.02464876476277,21.320767039678557,pm10,0
2025-12-13T06:26:34+01:00,fec52a19-9148-4350-a1b4-ae0da05ee199,41.02464876476277,21.320767039678557,pm25,0
2025-12-13T06:26:34+01:00,fec52a19-9148-4350-a1b4-ae0da05ee199,41.02464876476277,21.320767039678557,pressure,953
2025-12-13T06:26:34+01:00,fec52a19-9148-4350-a1b4-ae0da05ee199,41.02464876476277,21.320767039678557,temperature,7
2025-12-13T06:42:06+01:00,fec52a19-9148-4350-a1b4-ae0da05ee199,41.02464876476277,21.320767039678557,gasResistance,112147
2025-12-13T06:42:06+01:00,fec52a19-9148-4350-a1b4-ae0da05ee199,41.02464876476277,21.320767039678557,humidity,58
2025-12-13T06:42:06+01:00,fec52a19-9148-4350-a1b4-ae0da05ee199,41.02464876476277,21.320767039678557,pm10,4
2025-12-13T06:42:06+01:00,fec52a19-9148-4350-a1b4-ae0da05ee199,41.02464876476277,21.320767039678557,pm25,1
2025-12-13T06:42:06+01:00,fec52a19-9148-4350-a1b4-ae0da05ee199,41.02464876476277,21.320767039678557,pressure,953
2025-12-13T06:42:06+01:00,fec52a19-9148-4350-a1b4-ae0da05ee199,41.02464876476277,21.320767039678557,temperature,7
2025-12-13T06:57:38+01:00,fec52a19-9148-4350-a1b4-ae0da05ee199,41.02464876476277,21.320767039678557,gasResistance,100953
2025-12-13T06:57:38+01:00,fec52a19-9148-4350-a1b4-ae0da05ee199,41.02464876476277,21.320767039678557,humidity,58
2025-12-13T06:57:38+01:00,fec52a19-9148-4350-a1b4-ae0da05ee199,41.02464876476277,21.320767039678557,pm10,5
2025-12-13T06:57:38+01:00,fec52a19-9148-4350-a1b4-ae0da05ee199,41.02464876476277,21.320767039678557,pm25,1
2025-12-13T06:57:38+01:00,fec52a19-9148-4350-a1b4-ae0da05ee199,41.02464876476277,21.320767039678557,pressure,953
2025-12-13T06:57:38+01:00,fec52a19-9148-4350-a1b4-ae0da05ee199,41.02464876476277,21.320767039678557,temperature,8
2025-12-13T07:13:09+01:00,fec52a19-9148-4350-a1b4-ae0da05ee199,41.02464876476277,21.320767039678557,gasResistance,86976
2025-12-13T07:13:09+01:00,fec52a19-9148-4350-a1b4-ae0da05ee199,41.02464876476277,21.320767039678557,humidity,60
2025-12-13T07:13:09+01:00,fec52a19-9148-4350-a1b4-ae0da05ee199,41.02464876476277,21.320767039678557,pm10,2
2025-12-13T07:13:09+01:00,fec52a19-9148-4350-a1b4-ae0da05ee199,41.02464876476277,21.320767039678557,pm25,1
2025-12-13T07:13:09+01:00,fec52a19-9148-4350-a1b4-ae0da05ee199,41.02464876476277,21.320767039678557,pressure,953
2025-12-13T07:13:09+01:00,fec52a19-9148-4350-a1b4-ae0da05ee199,41.02464876476277,21.320767039678557,temperature,8
2025-12-13T07:28:40+01:00,fec52a19-9148-4350-a1b4-ae0da05ee199,41.02464876476277,21.320767039678557,gasResistance,84253
2025-12-13T07:28:40+01:00,fec52a19-9148-4350-a1b4-ae0da05ee199,41.02464876476277,21.320767039678557,humidity,60
2025-12-13T07:28:40+01:00,fec52a19-9148-4350-a1b4-ae0da05ee199,41.02464876476277,21.320767039678557,pm10,2
2025-12-13T07:28:40+01:00,fec52a19-9148-4350-a1b4-ae0da05ee199,41.02464876476277,21.320767039678557,pm25,1
2025-12-13T07:28:40+01:00,fec52a19-9148-4350-a1b4-ae0da05ee199,41.02464876476277,21.320767039678557,pressure,953
2025-12-13T07:28:40+01:00,fec52a19-9148-4350-a1b4-ae0da05ee199,41.02464876476277,21.320767039678557,temperature,8
2025-12-13T07:44:12+01:00,fec52a19-9148-4350-a1b4-ae0da05ee199,41.02464876476277,21.320767039678557,gasResistance,83662
2025-12-13T07:44:12+01:00,fec52a19-9148-4350-a1b4-ae0da05ee199,41.02464876476277,21.320767039678557,humidity,60
2025-12-13T07:44:12+01:00,fec52a19-9148-4350-a1b4-ae0da05ee199,41.02464876476277,21.320767039678557,pm10,5
2025-12-13T07:44:12+01:00,fec52a19-9148-4350-a1b4-ae0da05ee199,41.02464876476277,21.320767039678557,pm25,2
2025-12-13T07:44:12+01:00,fec52a19-9148-4350-a1b4-ae0da05ee199,41.02464876476277,21.320767039678557,pressure,953
2025-12-13T07:44:12+01:00,fec52a19-9148-4350-a1b4-ae0da05ee199,41.02464876476277,21.320767039678557,temperature,8
2025-12-13T07:59:43+01:00,fec52a19-9148-4350-a1b4-ae0da05ee199,41.02464876476277,21.320767039678557,gasResistance,85113
2025-12-13T07:59:43+01:00,fec52a19-9148-4350-a1b4-ae0da05ee199,41.02464876476277,21.320767039678557,humidity,58
2025-12-13T07:59:43+01:00,fec52a19-9148-4350-a1b4-ae0da05ee199,41.02464876476277,21.320767039678557,pm10,2
2025-12-13T07:59:43+01:00,fec52a19-9148-4350-a1b4-ae0da05ee199,41.02464876476277,21.320767039678557,pm25,1
2025-12-13T07:59:43+01:00,fec52a19-9148-4350-a1b4-ae0da05ee199,41.02464876476277,21.320767039678557,pressure,953
2025-12-13T07:59:43+01:00,fec52a19-9148-4350-a1b4-ae0da05ee199,41.02464876476277,21.320767039678557,temperature,8
2025-12-13T08:15:15+01:00,fec52a19-9148-4350-a1b4-ae0da05ee199,41.02464876476277,21.320767039678557,gasResistance,87799
2025-12-13T08:15:15+01:00,fec52a19-9148-4350-a1b4-ae0da05ee199,41.02464876476277,21.320767039678557,humidity,57
2025-12-13T08:15:15+01:00,fec52a19-9148-4350-a1b4-ae0da05ee199,41.02464876476277,21.320767039678557,pm10,7
2025-12-13T08:15:15+01:00,fec52a19-9148-4350-a1b4-ae0da05ee199,41.02464876476277,21.320767039678557,pm25,4
2025-12-13T08:15:15+01:00,fec52a19-9148-4350-a1b4-ae0da05ee199,41.02464876476277,21.320767039678557,pressure,953
2025-12-13T08:15:15+01:00,fec52a19-9148-4350-a1b4-ae0da05ee199,41.02464876476277,21.320767039678557,temperature,7
2025-12-13T08:30:46+01:00,fec52a19-9148-4350-a1b4-ae0da05ee199,41.02464876476277,21.320767039678557,gasResistance,84253
2025-12-13T08:30:46+01:00,fec52a19-9148-4350-a1b4-ae0da05ee199,41.02464876476277,21.320767039678557,humidity,57
2025-12-13T08:30:46+01:00,fec52a19-9148-4350-a1b4-ae0da05ee199,41.02464876476277,21.320767039678557,pm10,10
2025-12-13T08:30:46+01:00,fec52a19-9148-4350-a1b4-ae0da05ee199,41.02464876476277,21.320767039678557,pm25,4
2025-12-13T08:30:46+01:00,fec52a19-9148-4350-a1b4-ae0da05ee199,41.02464876476277,21.320767039678557,pressure,954
2025-12-13T08:30:46+01:00,fec52a19-9148-4350-a1b4-ae0da05ee199,41.02464876476277,21.320767039678557,temperature,8
2025-12-13T08:46:18+01:00,fec52a19-9148-4350-a1b4-ae0da05ee199,41.02464876476277,21.320767039678557,gasResistance,83161
2025-12-13T08:46:18+01:00,fec52a19-9148-4350-a1b4-ae0da05ee199,41.02464876476277,21.320767039678557,humidity,55
2025-12-13T08:46:18+01:00,fec52a19-9148-4350-a1b4-ae0da05ee199,41.02464876476277,21.320767039678557,pm10,13
2025-12-13T08:46:18+01:00,fec52a19-9148-4350-a1b4-ae0da05ee199,41.02464876476277,21.320767039678557,pm25,6
2025-12-13T08:46:18+01:00,fec52a19-9148-4350-a1b4-ae0da05ee199,41.02464876476277,21.320767039678557,pressure,954
2025-12-13T08:46:18+01:00,fec52a19-9148-4350-a1b4-ae0da05ee199,41.02464876476277,21.320767039678557,temperature,8
2025-12-13T09:01:49+01:00,fec52a19-9148-4350-a1b4-ae0da05ee199,41.02464876476277,21.320767039678557,gasResistance,86615
2025-12-13T09:01:49+01:00,fec52a19-9148-4350-a1b4-ae0da05ee199,41.02464876476277,21.320767039678557,humidity,53
2025-12-13T09:01:49+01:00,fec52a19-9148-4350-a1b4-ae0da05ee199,41.02464876476277,21.320767039678557,noise,26
2025-12-13T09:01:49+01:00,fec52a19-9148-4350-a1b4-ae0da05ee199,41.02464876476277,21.320767039678557,noise_dba,38
2025-12-13T09:01:49+01:00,fec52a19-9148-4350-a1b4-ae0da05ee199,41.02464876476277,21.320767039678557,pm10,21
2025-12-13T09:01:49+01:00,fec52a19-9148-4350-a1b4-ae0da05ee199,41.02464876476277,21.320767039678557,pm25,12
2025-12-13T09:01:49+01:00,fec52a19-9148-4350-a1b4-ae0da05ee199,41.02464876476277,21.320767039678557,pressure,954
2025-12-13T09:01:49+01:00,fec52a19-9148-4350-a1b4-ae0da05ee199,41.02464876476277,21.320767039678557,temperature,9
2025-12-13T09:17:11+01:00,fec52a19-9148-4350-a1b4-ae0da05ee199,41.02464876476277,21.320767039678557,gasResistance,85901
2025-12-13T09:17:11+01:00,fec52a19-9148-4350-a1b4-ae0da05ee199,41.02464876476277,21.320767039678557,humidity,51
2025-12-13T09:17:11+01:00,fec52a19-9148-4350-a1b4-ae0da05ee199,41.02464876476277,21.320767039678557,noise,113
2025-12-13T09:17:11+01:00,fec52a19-9148-4350-a1b4-ae0da05ee199,41.02464876476277,21.320767039678557,noise_dba,61
2025-12-13T09:17:11+01:00,fec52a19-9148-4350-a1b4-ae0da05ee199,41.02464876476277,21.320767039678557,pressure,954
2025-12-13T09:17:11+01:00,fec52a19-9148-4350-a1b4-ae0da05ee199,41.02464876476277,21.320767039678557,temperature,10
2025-12-13T09:32:42+01:00,fec52a19-9148-4350-a1b4-ae0da05ee199,41.02464876476277,21.320767039678557,gasResistance,88077
2025-12-13T09:32:42+01:00,fec52a19-9148-4350-a1b4-ae0da05ee199,41.02464876476277,21.320767039678557,humidity,51
2025-12-13T09:32:42+01:00,fec52a19-9148-4350-a1b4-ae0da05ee199,41.02464876476277,21.320767039678557,noise,115
2025-12-13T09:32:42+01:00,fec52a19-9148-4350-a1b4-ae0da05ee199,41.02464876476277,21.320767039678557,noise_dba,62
2025-12-13T09:32:42+01:00,fec52a19-9148-4350-a1b4-ae0da05ee199,41.02464876476277,21.320767039678557,pm10,14
2025-12-13T09:32:42+01:00,fec52a19-9148-4350-a1b4-ae0da05ee199,41.02464876476277,21.320767039678557,pm25,9
2025-12-13T09:32:42+01:00,fec52a19-9148-4350-a1b4-ae0da05ee199,41.02464876476277,21.320767039678557,pressure,954
2025-12-13T09:32:42+01:00,fec52a19-9148-4350-a1b4-ae0da05ee199,41.02464876476277,21.320767039678557,temperature,10
2025-12-13T09:48:13+01:00,fec52a19-9148-4350-a1b4-ae0da05ee199,41.02464876476277,21.320767039678557,gasResistance,92778
2025-12-13T09:48:13+01:00,fec52a19-9148-4350-a1b4-ae0da05ee199,41.02464876476277,21.320767039678557,humidity,51
2025-12-13T09:48:13+01:00,fec52a19-9148-4350-a1b4-ae0da05ee199,41.02464876476277,21.320767039678557,noise,116
2025-12-13T09:48:13+01:00,fec52a19-9148-4350-a1b4-ae0da05ee199,41.02464876476277,21.320767039678557,noise_dba,62
2025-12-13T09:48:13+01:00,fec52a19-9148-4350-a1b4-ae0da05ee199,41.02464876476277,21.320767039678557,pm10,6
2025-12-13T09:48:13+01:00,fec52a19-9148-4350-a1b4-ae0da05ee199,41.02464876476277,21.320767039678557,pm25,3
2025-12-13T09:48:13+01:00,fec52a19-9148-4350-a1b4-ae0da05ee199,41.02464876476277,21.320767039678557,pressure,954
2025-12-13T09:48:13+01:00,fec52a19-9148-4350-a1b4-ae0da05ee199,41.02464876476277,21.320767039678557,temperature,11
2025-12-13T10:03:44+01:00,fec52a19-9148-4350-a1b4-ae0da05ee199,41.02464876476277,21.320767039678557,gasResistance,105550
2025-12-13T10:03:44+01:00,fec52a19-9148-4350-a1b4-ae0da05ee199,41.02464876476277,21.320767039678557,humidity,50
2025-12-13T10:03:44+01:00,fec52a19-9148-4350-a1b4-ae0da05ee199,41.02464876476277,21.320767039678557,noise,117
2025-12-13T10:03:44+01:00,fec52a19-9148-4350-a1b4-ae0da05ee199,41.02464876476277,21.320767039678557,noise_dba,62
2025-12-13T10:03:44+01:00,fec52a19-9148-4350-a1b4-ae0da05ee199,41.02464876476277,21.320767039678557,pm10,9
2025-12-13T10:03:44+01:00,fec52a19-9148-4350-a1b4-ae0da05ee199,41.02464876476277,21.320767039678557,pm25,3
2025-12-13T10:03:44+01:00,fec52a19-9148-4350-a1b4-ae0da05ee199,41.02464876476277,21.320767039678557,pressure,954
2025-12-13T10:03:44+01:00,fec52a19-9148-4350-a1b4-ae0da05ee199,41.02464876476277,21.320767039678557,temperature,11
2025-12-13T10:19:16+01:00,fec52a19-9148-4350-a1b4-ae0da05ee199,41.02464876476277,21.320767039678557,gasResistance,110807
2025-12-13T10:19:16+01:00,fec52a19-9148-4350-a1b4-ae0da05ee199,41.02464876476277,21.320767039678557,humidity,49
2025-12-13T10:19:16+01:00,fec52a19-9148-4350-a1b4-ae0da05ee199,41.02464876476277,21.320767039678557,noise,123
2025-12-13T10:19:16+01:00,fec52a19-9148-4350-a1b4-ae0da05ee199,41.02464876476277,21.320767039678557,noise_dba,63
2025-12-13T10:19:16+01:00,fec52a19-9148-4350-a1b4-ae0da05ee199,41.02464876476277,21.320767039678557,pm10,3
2025-12-13T10:19:16+01:00,fec52a19-9148-4350-a1b4-ae0da05ee199,41.02464876476277,21.320767039678557,pm25,1
2025-12-13T10:19:16+01:00,fec52a19-9148-4350-a1b4-ae0da05ee199,41.02464876476277,21.320767039678557,pressure,954
2025-12-13T10:19:16+01:00,fec52a19-9148-4350-a1b4-ae0da05ee199,41.02464876476277,21.320767039678557,temperature,12
2025-12-13T10:34:47+01:00,fec52a19-9148-4350-a1b4-ae0da05ee199,41.02464876476277,21.320767039678557,gasResistance,110221
2025-12-13T10:34:47+01:00,fec52a19-9148-4350-a1b4-ae0da05ee199,41.02464876476277,21.320767039678557,humidity,49
2025-12-13T10:34:47+01:00,fec52a19-9148-4350-a1b4-ae0da05ee199,41.02464876476277,21.320767039678557,noise,115
2025-12-13T10:34:47+01:00,fec52a19-9148-4350-a1b4-ae0da05ee199,41.02464876476277,21.320767039678557,noise_dba,62
2025-12-13T10:34:47+01:00,fec52a19-9148-4350-a1b4-ae0da05ee199,41.02464876476277,21.320767039678557,pm10,7
2025-12-13T10:34:47+01:00,fec52a19-9148-4350-a1b4-ae0da05ee199,41.02464876476277,21.320767039678557,pm25,2
2025-12-13T10:34:47+01:00,fec52a19-9148-4350-a1b4-ae0da05ee199,41.02464876476277,21.320767039678557,pressure,954
2025-12-13T10:34:47+01:00,fec52a19-9148-4350-a1b4-ae0da05ee199,41.02464876476277,21.320767039678557,temperature,12
2025-12-13T10:50:18+01:00,fec52a19-9148-4350-a1b4-ae0da05ee199,41.02464876476277,21.320767039678557,gasResistance,121452
2025-12-13T10:50:18+01:00,fec52a19-9148-4350-a1b4-ae0da05ee199,41.02464876476277,21.320767039678557,humidity,48
2025-12-13T10:50:18+01:00,fec52a19-9148-4350-a1b4-ae0da05ee199,41.02464876476277,21.320767039678557,noise,111
2025-12-13T10:50:18+01:00,fec52a19-9148-4350-a1b4-ae0da05ee199,41.02464876476277,21.320767039678557,noise_dba,61
2025-12-13T10:50:18+01:00,fec52a19-9148-4350-a1b4-ae0da05ee199,41.02464876476277,21.320767039678557,pm10,4
2025-12-13T10:50:18+01:00,fec52a19-9148-4350-a1b4-ae0da05ee199,41.02464876476277,21.320767039678557,pm25,2
2025-12-13T10:50:18+01:00,fec52a19-9148-4350-a1b4-ae0da05ee199,41.02464876476277,21.320767039678557,pressure,954
2025-12-13T10:50:18+01:00,fec52a19-9148-4350-a1b4-ae0da05ee199,41.02464876476277,21.320767039678557,temperature,12
2025-12-13T11:05:54+01:00,fec52a19-9148-4350-a1b4-ae0da05ee199,41.02464876476277,21.320767039678557,gasResistance,129160
2025-12-13T11:05:54+01:00,fec52a19-9148-4350-a1b4-ae0da05ee199,41.02464876476277,21.320767039678557,humidity,46
2025-12-13T11:05:54+01:00,fec52a19-9148-4350-a1b4-ae0da05ee199,41.02464876476277,21.320767039678557,noise,121
2025-12-13T11:05:54+01:00,fec52a19-9148-4350-a1b4-ae0da05ee199,41.02464876476277,21.320767039678557,noise_dba,63
2025-12-13T11:05:54+01:00,fec52a19-9148-4350-a1b4-ae0da05ee199,41.02464876476277,21.320767039678557,pm10,2
2025-12-13T11:05:54+01:00,fec52a19-9148-4350-a1b4-ae0da05ee199,41.02464876476277,21.320767039678557,pm25,1
2025-12-13T11:05:54+01:00,fec52a19-9148-4350-a1b4-ae0da05ee199,41.02464876476277,21.320767039678557,pressure,954
2025-12-13T11:05:54+01:00,fec52a19-9148-4350-a1b4-ae0da05ee199,41.02464876476277,21.320767039678557,temperature,12
2025-12-13T11:21:25+01:00,fec52a19-9148-4350-a1b4-ae0da05ee199,41.02464876476277,21.320767039678557,gasResistance,132968
2025-12-13T11:21:25+01:00,fec52a19-9148-4350-a1b4-ae0da05ee199,41.02464876476277,21.320767039678557,humidity,42
2025-12-13T11:21:25+01:00,fec52a19-9148-4350-a1b4-ae0da05ee199,41.02464876476277,21.320767039678557,noise,110
2025-12-13T11:21:25+01:00,fec52a19-9148-4350-a1b4-ae0da05ee199,41.02464876476277,21.320767039678557,noise_dba,61
2025-12-13T11:21:25+01:00,fec52a19-9148-4350-a1b4-ae0da05ee199,41.02464876476277,21.320767039678557,pm10,3
2025-12-13T11:21:25+01:00,fec52a19-9148-4350-a1b4-ae0da05ee199,41.02464876476277,21.320767039678557,pm25,1
2025-12-13T11:21:25+01:00,fec52a19-9148-4350-a1b4-ae0da05ee199,41.02464876476277,21.320767039678557,pressure,954
2025-12-13T11:21:25+01:00,fec52a19-9148-4350-a1b4-ae0da05ee199,41.02464876476277,21.320767039678557,temperature,13
2025-12-13T11:36:56+01:00,fec52a19-9148-4350-a1b4-ae0da05ee199,41.02464876476277,21.320767039678557,gasResistance,126134
2025-12-13T11:36:56+01:00,fec52a19-9148-4350-a1b4-ae0da05ee199,41.02464876476277,21.320767039678557,humidity,41
2025-12-13T11:36:56+01:00,fec52a19-9148-4350-a1b4-ae0da05ee199,41.02464876476277,21.320767039678557,noise,119
2025-12-13T11:36:56+01:00,fec52a19-9148-4350-a1b4-ae0da05ee199,41.02464876476277,21.320767039678557,noise_dba,62
2025-12-13T11:36:56+01:00,fec52a19-9148-4350-a1b4-ae0da05ee199,41.02464876476277,21.320767039678557,pm10,6
2025-12-13T11:36:56+01:00,fec52a19-9148-4350-a1b4-ae0da05ee199,41.02464876476277,21.320767039678557,pm25,2
2025-12-13T11:36:56+01:00,fec52a19-9148-4350-a1b4-ae0da05ee199,41.02464876476277,21.320767039678557,pressure,953
2025-12-13T11:36:56+01:00,fec52a19-9148-4350-a1b4-ae0da05ee199,41.02464876476277,21.320767039678557,temperature,13
2025-12-13T11:52:28+01:00,fec52a19-9148-4350-a1b4-ae0da05ee199,41.02464876476277,21.320767039678557,gasResistance,121452
2025-12-13T11:52:28+01:00,fec52a19-9148-4350-a1b4-ae0da05ee199,41.02464876476277,21.320767039678557,humidity,40
2025-12-13T11:52:28+01:00,fec52a19-9148-4350-a1b4-ae0da05ee199,41.02464876476277,21.320767039678557,noise,115
2025-12-13T11:52:28+01:00,fec52a19-9148-4350-a1b4-ae0da05ee199,41.02464876476277,21.320767039678557,noise_dba,62
2025-12-13T11:52:28+01:00,fec52a19-9148-4350-a1b4-ae0da05ee199,41.02464876476277,21.320767039678557,pm10,2
2025-12-13T11:52:28+01:00,fec52a19-9148-4350-a1b4-ae0da05ee199,41.02464876476277,21.320767039678557,pm25,2
2025-12-13T11:52:28+01:00,fec52a19-9148-4350-a1b4-ae0da05ee199,41.02464876476277,21.320767039678557,pressure,953
2025-12-13T11:52:28+01:00,fec52a19-9148-4350-a1b4-ae0da05ee199,41.02464876476277,21.320767039678557,temperature,14
2025-12-13T12:07:59+01:00,fec52a19-9148-4350-a1b4-ae0da05ee199,41.02464876476277,21.320767039678557,gasResistance,128168
2025-12-13T12:07:59+01:00,fec52a19-9148-4350-a1b4-ae0da05ee199,41.02464876476277,21.320767039678557,humidity,39
2025-12-13T12:07:59+01:00,fec52a19-9148-4350-a1b4-ae0da05ee199,41.02464876476277,21.320767039678557,noise,114
2025-12-13T12:07:59+01:00,fec52a19-9148-4350-a1b4-ae0da05ee199,41.02464876476277,21.320767039678557,noise_dba,62
2025-12-13T12:07:59+01:00,fec52a19-9148-4350-a1b4-ae0da05ee199,41.02464876476277,21.320767039678557,pm10,6
2025-12-13T12:07:59+01:00,fec52a19-9148-4350-a1b4-ae0da05ee199,41.02464876476277,21.320767039678557,pm25,3
2025-12-13T12:07:59+01:00,fec52a19-9148-4350-a1b4-ae0da05ee199,41.02464876476277,21.320767039678557,pressure,953
2025-12-13T12:07:59+01:00,fec52a19-9148-4350-a1b4-ae0da05ee199,41.02464876476277,21.320767039678557,temperature,15
2025-12-13T12:23:31+01:00,fec52a19-9148-4350-a1b4-ae0da05ee199,41.02464876476277,21.320767039678557,gasResistance,128563
2025-12-13T12:23:31+01:00,fec52a19-9148-4350-a1b4-ae0da05ee199,41.02464876476277,21.320767039678557,humidity,38
2025-12-13T12:23:31+01:00,fec52a19-9148-4350-a1b4-ae0da05ee199,41.02464876476277,21.320767039678557,noise,119
2025-12-13T12:23:31+01:00,fec52a19-9148-4350-a1b4-ae0da05ee199,41.02464876476277,21.320767039678557,noise_dba,62
2025-12-13T12:23:31+01:00,fec52a19-9148-4350-a1b4-ae0da05ee199,41.02464876476277,21.320767039678557,pm10,7
2025-12-13T12:23:31+01:00,fec52a19-9148-4350-a1b4-ae0da05ee199,41.02464876476277,21.320767039678557,pm25,3
2025-12-13T12:23:31+01:00,fec52a19-9148-4350-a1b4-ae0da05ee199,41.02464876476277,21.320767039678557,pressure,953
2025-12-13T12:23:31+01:00,fec52a19-9148-4350-a1b4-ae0da05ee199,41.02464876476277,21.320767039678557,temperature,15
2025-12-13T12:39:02+01:00,fec52a19-9148-4350-a1b4-ae0da05ee199,41.02464876476277,21.320767039678557,gasResistance,133287
2025-12-13T12:39:02+01:00,fec52a19-9148-4350-a1b4-ae0da05ee199,41.02464876476277,21.320767039678557,humidity,38
2025-12-13T12:39:02+01:00,fec52a19-9148-4350-a1b4-ae0da05ee199,41.02464876476277,21.320767039678557,noise,105
2025-12-13T12:39:02+01:00,fec52a19-9148-4350-a1b4-ae0da05ee199,41.02464876476277,21.320767039678557,noise_dba,60
2025-12-13T12:39:02+01:00,fec52a19-9148-4350-a1b4-ae0da05ee199,41.02464876476277,21.320767039678557,pm10,9
2025-12-13T12:39:02+01:00,fec52a19-9148-4350-a1b4-ae0da05ee199,41.02464876476277,21.320767039678557,pm25,4
2025-12-13T12:39:02+01:00,fec52a19-9148-4350-a1b4-ae0da05ee199,41.02464876476277,21.320767039678557,pressure,953
2025-12-13T12:39:02+01:00,fec52a19-9148-4350-a1b4-ae0da05ee199,41.02464876476277,21.320767039678557,temperature,15
2025-12-13T12:54:33+01:00,fec52a19-9148-4350-a1b4-ae0da05ee199,41.02464876476277,21.320767039678557,gasResistance,122792
2025-12-13T12:54:33+01:00,fec52a19-9148-4350-a1b4-ae0da05ee199,41.02464876476277,21.320767039678557,humidity,38
2025-12-13T12:54:33+01:00,fec52a19-9148-4350-a1b4-ae0da05ee199,41.02464876476277,21.320767039678557,noise,107
2025-12-13T12:54:33+01:00,fec52a19-9148-4350-a1b4-ae0da05ee199,41.02464876476277,21.320767039678557,noise_dba,61
2025-12-13T12:54:33+01:00,fec52a19-9148-4350-a1b4-ae0da05ee199,41.02464876476277,21.320767039678557,pm10,8
2025-12-13T12:54:33+01:00,fec52a19-9148-4350-a1b4-ae0da05ee199,41.02464876476277,21.320767039678557,pm25,4
2025-12-13T12:54:33+01:00,fec52a19-9148-4350-a1b4-ae0da05ee199,41.02464876476277,21.320767039678557,pressure,953
2025-12-13T12:54:33+01:00,fec52a19-9148-4350-a1b4-ae0da05ee199,41.02464876476277,21.320767039678557,temperature,16
2025-12-13T13:10:05+01:00,fec52a19-9148-4350-a1b4-ae0da05ee199,41.02464876476277,21.320767039678557,gasResistance,123978
2025-12-13T13:10:05+01:00,fec52a19-9148-4350-a1b4-ae0da05ee199,41.02464876476277,21.320767039678557,humidity,39
2025-12-13T13:10:05+01:00,fec52a19-9148-4350-a1b4-ae0da05ee199,41.02464876476277,21.320767039678557,noise,123
2025-12-13T13:10:05+01:00,fec52a19-9148-4350-a1b4-ae0da05ee199,41.02464876476277,21.320767039678557,noise_dba,63
2025-12-13T13:10:05+01:00,fec52a19-9148-4350-a1b4-ae0da05ee199,41.02464876476277,21.320767039678557,pm10,6
2025-12-13T13:10:05+01:00,fec52a19-9148-4350-a1b4-ae0da05ee199,41.02464876476277,21.320767039678557,pm25,4
2025-12-13T13:10:05+01:00,fec52a19-9148-4350-a1b4-ae0da05ee199,41.02464876476277,21.320767039678557,pressure,952
2025-12-13T13:10:05+01:00,fec52a19-9148-4350-a1b4-ae0da05ee199,41.02464876476277,21.320767039678557,temperature,16
2025-12-13T13:25:36+01:00,fec52a19-9148-4350-a1b4-ae0da05ee199,41.02464876476277,21.320767039678557,gasResistance,124534
2025-12-13T13:25:36+01:00,fec52a19-9148-4350-a1b4-ae0da05ee199,41.02464876476277,21.320767039678557,humidity,40
2025-12-13T13:25:36+01:00,fec52a19-9148-4350-a1b4-ae0da05ee199,41.02464876476277,21.320767039678557,noise,121
2025-12-13T13:25:36+01:00,fec52a19-9148-4350-a1b4-ae0da05ee199,41.02464876476277,21.320767039678557,noise_dba,63
2025-12-13T13:25:36+01:00,fec52a19-9148-4350-a1b4-ae0da05ee199,41.02464876476277,21.320767039678557,pm10,8
2025-12-13T13:25:36+01:00,fec52a19-9148-4350-a1b4-ae0da05ee199,41.02464876476277,21.320767039678557,pm25,4
2025-12-13T13:25:36+01:00,fec52a19-9148-4350-a1b4-ae0da05ee199,41.02464876476277,21.320767039678557,pressure,952
2025-12-13T13:25:36+01:00,fec52a19-9148-4350-a1b4-ae0da05ee199,41.02464876476277,21.320767039678557,temperature,16
2025-12-13T13:41:07+01:00,fec52a19-9148-4350-a1b4-ae0da05ee199,41.02464876476277,21.320767039678557,gasResistance,128070
2025-12-13T13:41:07+01:00,fec52a19-9148-4350-a1b4-ae0da05ee199,41.02464876476277,21.320767039678557,humidity,40
2025-12-13T13:41:07+01:00,fec52a19-9148-4350-a1b4-ae0da05ee199,41.02464876476277,21.320767039678557,noise,113
2025-12-13T13:41:07+01:00,fec52a19-9148-4350-a1b4-ae0da05ee199,41.02464876476277,21.320767039678557,noise_dba,61
2025-12-13T13:41:07+01:00,fec52a19-9148-4350-a1b4-ae0da05ee199,41.02464876476277,21.320767039678557,pm10,15
2025-12-13T13:41:07+01:00,fec52a19-9148-4350-a1b4-ae0da05ee199,41.02464876476277,21.320767039678557,pm25,3
2025-12-13T13:41:07+01:00,fec52a19-9148-4350-a1b4-ae0da05ee199,41.02464876476277,21.320767039678557,pressure,952
2025-12-13T13:41:07+01:00,fec52a19-9148-4350-a1b4-ae0da05ee199,41.02464876476277,21.320767039678557,temperature,16
2025-12-13T13:56:39+01:00,fec52a19-9148-4350-a1b4-ae0da05ee199,41.02464876476277,21.320767039678557,gasResistance,135450
2025-12-13T13:56:39+01:00,fec52a19-9148-4350-a1b4-ae0da05ee199,41.02464876476277,21.320767039678557,humidity,40
2025-12-13T13:56:39+01:00,fec52a19-9148-4350-a1b4-ae0da05ee199,41.02464876476277,21.320767039678557,noise,122
2025-12-13T13:56:39+01:00,fec52a19-9148-4350-a1b4-ae0da05ee199,41.02464876476277,21.320767039678557,noise_dba,63
2025-12-13T13:56:39+01:00,fec52a19-9148-4350-a1b4-ae0da05ee199,41.02464876476277,21.320767039678557,pm10,4
2025-12-13T13:56:39+01:00,fec52a19-9148-4350-a1b4-ae0da05ee199,41.02464876476277,21.320767039678557,pm25,3
2025-12-13T13:56:39+01:00,fec52a19-9148-4350-a1b4-ae0da05ee199,41.02464876476277,21.320767039678557,pressure,952
2025-12-13T13:56:39+01:00,fec52a19-9148-4350-a1b4-ae0da05ee199,41.02464876476277,21.320767039678557,temperature,15
2025-12-13T14:12:10+01:00,fec52a19-9148-4350-a1b4-ae0da05ee199,41.02464876476277,21.320767039678557,gasResistance,132651
2025-12-13T14:12:10+01:00,fec52a19-9148-4350-a1b4-ae0da05ee199,41.02464876476277,21.320767039678557,humidity,41
2025-12-13T14:12:10+01:00,fec52a19-9148-4350-a1b4-ae0da05ee199,41.02464876476277,21.320767039678557,noise,119
2025-12-13T14:12:10+01:00,fec52a19-9148-4350-a1b4-ae0da05ee199,41.02464876476277,21.320767039678557,noise_dba,62
2025-12-13T14:12:10+01:00,fec52a19-9148-4350-a1b4-ae0da05ee199,41.02464876476277,21.320767039678557,pm10,5
2025-12-13T14:12:10+01:00,fec52a19-9148-4350-a1b4-ae0da05ee199,41.02464876476277,21.320767039678557,pm25,3
2025-12-13T14:12:10+01:00,fec52a19-9148-4350-a1b4-ae0da05ee199,41.02464876476277,21.320767039678557,pressure,952
2025-12-13T14:12:10+01:00,fec52a19-9148-4350-a1b4-ae0da05ee199,41.02464876476277,21.320767039678557,temperature,15
2025-12-13T14:27:42+01:00,fec52a19-9148-4350-a1b4-ae0da05ee199,41.02464876476277,21.320767039678557,gasResistance,130985
2025-12-13T14:27:42+01:00,fec52a19-9148-4350-a1b4-ae0da05ee199,41.02464876476277,21.320767039678557,humidity,42
2025-12-13T14:27:42+01:00,fec52a19-9148-4350-a1b4-ae0da05ee199,41.02464876476277,21.320767039678557,noise,114
2025-12-13T14:27:42+01:00,fec52a19-9148-4350-a1b4-ae0da05ee199,41.02464876476277,21.320767039678557,noise_dba,62
2025-12-13T14:27:42+01:00,fec52a19-9148-4350-a1b4-ae0da05ee199,41.02464876476277,21.320767039678557,pm10,8
2025-12-13T14:27:42+01:00,fec52a19-9148-4350-a1b4-ae0da05ee199,41.02464876476277,21.320767039678557,pm25,5
2025-12-13T14:27:42+01:00,fec52a19-9148-4350-a1b4-ae0da05ee199,41.02464876476277,21.320767039678557,pressure,952
2025-12-13T14:27:42+01:00,fec52a19-9148-4350-a1b4-ae0da05ee199,41.02464876476277,21.320767039678557,temperature,15
2025-12-13T14:43:13+01:00,fec52a19-9148-4350-a1b4-ae0da05ee199,41.02464876476277,21.320767039678557,gasResistance,129060
2025-12-13T14:43:13+01:00,fec52a19-9148-4350-a1b4-ae0da05ee199,41.02464876476277,21.320767039678557,humidity,41
2025-12-13T14:43:13+01:00,fec52a19-9148-4350-a1b4-ae0da05ee199,41.02464876476277,21.320767039678557,noise,128
2025-12-13T14:43:13+01:00,fec52a19-9148-4350-a1b4-ae0da05ee199,41.02464876476277,21.320767039678557,noise_dba,63
2025-12-13T14:43:13+01:00,fec52a19-9148-4350-a1b4-ae0da05ee199,41.02464876476277,21.320767039678557,pm10,6
2025-12-13T14:43:13+01:00,fec52a19-9148-4350-a1b4-ae0da05ee199,41.02464876476277,21.320767039678557,pm25,3
2025-12-13T14:43:13+01:00,fec52a19-9148-4350-a1b4-ae0da05ee199,41.02464876476277,21.320767039678557,pressure,952
2025-12-13T14:43:13+01:00,fec52a19-9148-4350-a1b4-ae0da05ee199,41.02464876476277,21.320767039678557,temperature,15
2025-12-13T14:58:44+01:00,fec52a19-9148-4350-a1b4-ae0da05ee199,41.02464876476277,21.320767039678557,gasResistance,132335
2025-12-13T14:58:44+01:00,fec52a19-9148-4350-a1b4-ae0da05ee199,41.02464876476277,21.320767039678557,humidity,44
2025-12-13T14:58:44+01:00,fec52a19-9148-4350-a1b4-ae0da05ee199,41.02464876476277,21.320767039678557,noise,110
2025-12-13T14:58:44+01:00,fec52a19-9148-4350-a1b4-ae0da05ee199,41.02464876476277,21.320767039678557,noise_dba,61
2025-12-13T14:58:44+01:00,fec52a19-9148-4350-a1b4-ae0da05ee199,41.02464876476277,21.320767039678557,pm10,9
2025-12-13T14:58:44+01:00,fec52a19-9148-4350-a1b4-ae0da05ee199,41.02464876476277,21.320767039678557,pm25,3
2025-12-13T14:58:44+01:00,fec52a19-9148-4350-a1b4-ae0da05ee199,41.02464876476277,21.320767039678557,pressure,952
2025-12-13T14:58:44+01:00,fec52a19-9148-4350-a1b4-ae0da05ee199,41.02464876476277,21.320767039678557,temperature,14
2025-12-13T15:14:16+01:00,fec52a19-9148-4350-a1b4-ae0da05ee199,41.02464876476277,21.320767039678557,gasResistance,93506
2025-12-13T15:14:16+01:00,fec52a19-9148-4350-a1b4-ae0da05ee199,41.02464876476277,21.320767039678557,humidity,48
2025-12-13T15:14:16+01:00,fec52a19-9148-4350-a1b4-ae0da05ee199,41.02464876476277,21.320767039678557,noise,118
2025-12-13T15:14:16+01:00,fec52a19-9148-4350-a1b4-ae0da05ee199,41.02464876476277,21.320767039678557,noise_dba,62
2025-12-13T15:14:16+01:00,fec52a19-9148-4350-a1b4-ae0da05ee199,41.02464876476277,21.320767039678557,pm10,14
2025-12-13T15:14:16+01:00,fec52a19-9148-4350-a1b4-ae0da05ee199,41.02464876476277,21.320767039678557,pm25,7
2025-12-13T15:14:16+01:00,fec52a19-9148-4350-a1b4-ae0da05ee199,41.02464876476277,21.320767039678557,pressure,952
2025-12-13T15:14:16+01:00,fec52a19-9148-4350-a1b4-ae0da05ee199,41.02464876476277,21.320767039678557,temperature,13
2025-12-13T15:29:47+01:00,fec52a19-9148-4350-a1b4-ae0da05ee199,41.02464876476277,21.320767039678557,gasResistance,82422
2025-12-13T15:29:47+01:00,fec52a19-9148-4350-a1b4-ae0da05ee199,41.02464876476277,21.320767039678557,humidity,50
2025-12-13T15:29:47+01:00,fec52a19-9148-4350-a1b4-ae0da05ee199,41.02464876476277,21.320767039678557,noise,103
2025-12-13T15:29:47+01:00,fec52a19-9148-4350-a1b4-ae0da05ee199,41.02464876476277,21.320767039678557,noise_dba,60
2025-12-13T15:29:47+01:00,fec52a19-9148-4350-a1b4-ae0da05ee199,41.02464876476277,21.320767039678557,pm10,28
2025-12-13T15:29:47+01:00,fec52a19-9148-4350-a1b4-ae0da05ee199,41.02464876476277,21.320767039678557,pm25,10
2025-12-13T15:29:47+01:00,fec52a19-9148-4350-a1b4-ae0da05ee199,41.02464876476277,21.320767039678557,pressure,952
2025-12-13T15:29:47+01:00,fec52a19-9148-4350-a1b4-ae0da05ee199,41.02464876476277,21.320767039678557,temperature,13
2025-12-13T15:45:19+01:00,fec52a19-9148-4350-a1b4-ae0da05ee199,41.02464876476277,21.320767039678557,gasResistance,77163
2025-12-13T15:45:19+01:00,fec52a19-9148-4350-a1b4-ae0da05ee199,41.02464876476277,21.320767039678557,humidity,50
2025-12-13T15:45:19+01:00,fec52a19-9148-4350-a1b4-ae0da05ee199,41.02464876476277,21.320767039678557,noise,103
2025-12-13T15:45:19+01:00,fec52a19-9148-4350-a1b4-ae0da05ee199,41.02464876476277,21.320767039678557,noise_dba,60
2025-12-13T15:45:19+01:00,fec52a19-9148-4350-a1b4-ae0da05ee199,41.02464876476277,21.320767039678557,pm10,15
2025-12-13T15:45:19+01:00,fec52a19-9148-4350-a1b4-ae0da05ee199,41.02464876476277,21.320767039678557,pm25,4
2025-12-13T15:45:19+01:00,fec52a19-9148-4350-a1b4-ae0da05ee199,41.02464876476277,21.320767039678557,pressure,952
2025-12-13T15:45:19+01:00,fec52a19-9148-4350-a1b4-ae0da05ee199,41.02464876476277,21.320767039678557,temperature,12
2025-12-13T16:00:50+01:00,fec52a19-9148-4350-a1b4-ae0da05ee199,41.02464876476277,21.320767039678557,gasResistance,78175
2025-12-13T16:00:50+01:00,fec52a19-9148-4350-a1b4-ae0da05ee199,41.02464876476277,21.320767039678557,humidity,52
2025-12-13T16:00:50+01:00,fec52a19-9148-4350-a1b4-ae0da05ee199,41.02464876476277,21.320767039678557,noise,34
2025-12-13T16:00:50+01:00,fec52a19-9148-4350-a1b4-ae0da05ee199,41.02464876476277,21.320767039678557,noise_dba,42
2025-12-13T16:00:50+01:00,fec52a19-9148-4350-a1b4-ae0da05ee199,41.02464876476277,21.320767039678557,pm10,12
2025-12-13T16:00:50+01:00,fec52a19-9148-4350-a1b4-ae0da05ee199,41.02464876476277,21.320767039678557,pm25,4
2025-12-13T16:00:50+01:00,fec52a19-9148-4350-a1b4-ae0da05ee199,41.02464876476277,21.320767039678557,pressure,952
2025-12-13T16:00:50+01:00,fec52a19-9148-4350-a1b4-ae0da05ee199,41.02464876476277,21.320767039678557,temperature,11
2025-12-13T16:16:22+01:00,fec52a19-9148-4350-a1b4-ae0da05ee199,41.02464876476277,21.320767039678557,gasResistance,80982
2025-12-13T16:16:22+01:00,fec52a19-9148-4350-a1b4-ae0da05ee199,41.02464876476277,21.320767039678557,humidity,52
2025-12-13T16:16:22+01:00,fec52a19-9148-4350-a1b4-ae0da05ee199,41.02464876476277,21.320767039678557,pm10,18
2025-12-13T16:16:22+01:00,fec52a19-9148-4350-a1b4-ae0da05ee199,41.02464876476277,21.320767039678557,pm25,6
2025-12-13T16:16:22+01:00,fec52a19-9148-4350-a1b4-ae0da05ee199,41.02464876476277,21.320767039678557,pressure,952
2025-12-13T16:16:22+01:00,fec52a19-9148-4350-a1b4-ae0da05ee199,41.02464876476277,21.320767039678557,temperature,10
2025-12-13T16:31:53+01:00,fec52a19-9148-4350-a1b4-ae0da05ee199,41.02464876476277,21.320767039678557,gasResistance,82831
2025-12-13T16:31:53+01:00,fec52a19-9148-4350-a1b4-ae0da05ee199,41.02464876476277,21.320767039678557,humidity,53
2025-12-13T16:31:53+01:00,fec52a19-9148-4350-a1b4-ae0da05ee199,41.02464876476277,21.320767039678557,pm10,8
2025-12-13T16:31:53+01:00,fec52a19-9148-4350-a1b4-ae0da05ee199,41.02464876476277,21.320767039678557,pm25,5
2025-12-13T16:31:53+01:00,fec52a19-9148-4350-a1b4-ae0da05ee199,41.02464876476277,21.320767039678557,pressure,952
2025-12-13T16:31:53+01:00,fec52a19-9148-4350-a1b4-ae0da05ee199,41.02464876476277,21.320767039678557,temperature,10
2025-12-13T16:47:25+01:00,fec52a19-9148-4350-a1b4-ae0da05ee199,41.02464876476277,21.320767039678557,gasResistance,85461
2025-12-13T16:47:25+01:00,fec52a19-9148-4350-a1b4-ae0da05ee199,41.02464876476277,21.320767039678557,humidity,52
2025-12-13T16:47:25+01:00,fec52a19-9148-4350-a1b4-ae0da05ee199,41.02464876476277,21.320767039678557,pm10,7
2025-12-13T16:47:25+01:00,fec52a19-9148-4350-a1b4-ae0da05ee199,41.02464876476277,21.320767039678557,pm25,4
2025-12-13T16:47:25+01:00,fec52a19-9148-4350-a1b4-ae0da05ee199,41.02464876476277,21.320767039678557,pressure,952
2025-12-13T16:47:25+01:00,fec52a19-9148-4350-a1b4-ae0da05ee199,41.02464876476277,21.320767039678557,temperature,10
2025-12-13T17:02:56+01:00,fec52a19-9148-4350-a1b4-ae0da05ee199,41.02464876476277,21.320767039678557,gasResistance,89977
2025-12-13T17:02:56+01:00,fec52a19-9148-4350-a1b4-ae0da05ee199,41.02464876476277,21.320767039678557,humidity,51
2025-12-13T17:02:56+01:00,fec52a19-9148-4350-a1b4-ae0da05ee199,41.02464876476277,21.320767039678557,pm10,6
2025-12-13T17:02:56+01:00,fec52a19-9148-4350-a1b4-ae0da05ee199,41.02464876476277,21.320767039678557,pm25,4
2025-12-13T17:02:56+01:00,fec52a19-9148-4350-a1b4-ae0da05ee199,41.02464876476277,21.320767039678557,pressure,952
2025-12-13T17:02:56+01:00,fec52a19-9148-4350-a1b4-ae0da05ee199,41.02464876476277,21.320767039678557,temperature,9
2025-12-13T17:18:28+01:00,fec52a19-9148-4350-a1b4-ae0da05ee199,41.02464876476277,21.320767039678557,gasResistance,95031
2025-12-13T17:18:28+01:00,fec52a19-9148-4350-a1b4-ae0da05ee199,41.02464876476277,21.320767039678557,humidity,52
2025-12-13T17:18:28+01:00,fec52a19-9148-4350-a1b4-ae0da05ee199,41.02464876476277,21.320767039678557,pm10,4
2025-12-13T17:18:28+01:00,fec52a19-9148-4350-a1b4-ae0da05ee199,41.02464876476277,21.320767039678557,pm25,3
2025-12-13T17:18:28+01:00,fec52a19-9148-4350-a1b4-ae0da05ee199,41.02464876476277,21.320767039678557,pressure,952
2025-12-13T17:18:28+01:00,fec52a19-9148-4350-a1b4-ae0da05ee199,41.02464876476277,21.320767039678557,temperature,9
2025-12-13T17:34:00+01:00,fec52a19-9148-4350-a1b4-ae0da05ee199,41.02464876476277,21.320767039678557,gasResistance,98335
2025-12-13T17:34:00+01:00,fec52a19-9148-4350-a1b4-ae0da05ee199,41.02464876476277,21.320767039678557,humidity,51
2025-12-13T17:34:00+01:00,fec52a19-9148-4350-a1b4-ae0da05ee199,41.02464876476277,21.320767039678557,pm10,10
2025-12-13T17:34:00+01:00,fec52a19-9148-4350-a1b4-ae0da05ee199,41.02464876476277,21.320767039678557,pm25,4
2025-12-13T17:34:00+01:00,fec52a19-9148-4350-a1b4-ae0da05ee199,41.02464876476277,21.320767039678557,pressure,952
2025-12-13T17:34:00+01:00,fec52a19-9148-4350-a1b4-ae0da05ee199,41.02464876476277,21.320767039678557,temperature,9
2025-12-13T17:49:31+01:00,fec52a19-9148-4350-a1b4-ae0da05ee199,41.02464876476277,21.320767039678557,gasResistance,94459
2025-12-13T17:49:31+01:00,fec52a19-9148-4350-a1b4-ae0da05ee199,41.02464876476277,21.320767039678557,humidity,51
2025-12-13T17:49:31+01:00,fec52a19-9148-4350-a1b4-ae0da05ee199,41.02464876476277,21.320767039678557,pm10,7
2025-12-13T17:49:31+01:00,fec52a19-9148-4350-a1b4-ae0da05ee199,41.02464876476277,21.320767039678557,pm25,4
2025-12-13T17:49:31+01:00,fec52a19-9148-4350-a1b4-ae0da05ee199,41.02464876476277,21.320767039678557,pressure,952
2025-12-13T17:49:31+01:00,fec52a19-9148-4350-a1b4-ae0da05ee199,41.02464876476277,21.320767039678557,temperature,8
2025-12-13T18:05:03+01:00,fec52a19-9148-4350-a1b4-ae0da05ee199,41.02464876476277,21.320767039678557,gasResistance,94014
2025-12-13T18:05:03+01:00,fec52a19-9148-4350-a1b4-ae0da05ee199,41.02464876476277,21.320767039678557,humidity,51
2025-12-13T18:05:03+01:00,fec52a19-9148-4350-a1b4-ae0da05ee199,41.02464876476277,21.320767039678557,pm10,10
2025-12-13T18:05:03+01:00,fec52a19-9148-4350-a1b4-ae0da05ee199,41.02464876476277,21.320767039678557,pm25,5
2025-12-13T18:05:03+01:00,fec52a19-9148-4350-a1b4-ae0da05ee199,41.02464876476277,21.320767039678557,pressure,952
2025-12-13T18:05:03+01:00,fec52a19-9148-4350-a1b4-ae0da05ee199,41.02464876476277,21.320767039678557,temperature,8
2025-12-13T18:20:35+01:00,fec52a19-9148-4350-a1b4-ae0da05ee199,41.02464876476277,21.320767039678557,gasResistance,99925
2025-12-13T18:20:35+01:00,fec52a19-9148-4350-a1b4-ae0da05ee199,41.02464876476277,21.320767039678557,humidity,50
2025-12-13T18:20:35+01:00,fec52a19-9148-4350-a1b4-ae0da05ee199,41.02464876476277,21.320767039678557,pm10,1
2025-12-13T18:20:35+01:00,fec52a19-9148-4350-a1b4-ae0da05ee199,41.02464876476277,21.320767039678557,pm25,1
2025-12-13T18:20:35+01:00,fec52a19-9148-4350-a1b4-ae0da05ee199,41.02464876476277,21.320767039678557,pressure,953
2025-12-13T18:20:35+01:00,fec52a19-9148-4350-a1b4-ae0da05ee199,41.02464876476277,21.320767039678557,temperature,8
2025-12-13T18:36:06+01:00,fec52a19-9148-4350-a1b4-ae0da05ee199,41.02464876476277,21.320767039678557,gasResistance,98918
2025-12-13T18:36:06+01:00,fec52a19-9148-4350-a1b4-ae0da05ee199,41.02464876476277,21.320767039678557,humidity,51
2025-12-13T18:36:06+01:00,fec52a19-9148-4350-a1b4-ae0da05ee199,41.02464876476277,21.320767039678557,pm10,7
2025-12-13T18:36:06+01:00,fec52a19-9148-4350-a1b4-ae0da05ee199,41.02464876476277,21.320767039678557,pm25,4
2025-12-13T18:36:06+01:00,fec52a19-9148-4350-a1b4-ae0da05ee199,41.02464876476277,21.320767039678557,pressure,953
2025-12-13T18:36:06+01:00,fec52a19-9148-4350-a1b4-ae0da05ee199,41.02464876476277,21.320767039678557,temperature,8
2025-12-13T18:51:38+01:00,fec52a19-9148-4350-a1b4-ae0da05ee199,41.02464876476277,21.320767039678557,gasResistance,105350
2025-12-13T18:51:38+01:00,fec52a19-9148-4350-a1b4-ae0da05ee199,41.02464876476277,21.320767039678557,humidity,51
2025-12-13T18:51:38+01:00,fec52a19-9148-4350-a1b4-ae0da05ee199,41.02464876476277,21.320767039678557,pm10,10
2025-12-13T18:51:38+01:00,fec52a19-9148-4350-a1b4-ae0da05ee199,41.02464876476277,21.320767039678557,pm25,4
2025-12-13T18:51:38+01:00,fec52a19-9148-4350-a1b4-ae0da05ee199,41.02464876476277,21.320767039678557,pressure,953
2025-12-13T18:51:38+01:00,fec52a19-9148-4350-a1b4-ae0da05ee199,41.02464876476277,21.320767039678557,temperature,7
2025-12-13T19:07:11+01:00,fec52a19-9148-4350-a1b4-ae0da05ee199,41.02464876476277,21.320767039678557,gasResistance,102946
2025-12-13T19:07:11+01:00,fec52a19-9148-4350-a1b4-ae0da05ee199,41.02464876476277,21.320767039678557,humidity,52
2025-12-13T19:07:11+01:00,fec52a19-9148-4350-a1b4-ae0da05ee199,41.02464876476277,21.320767039678557,pm10,14
2025-12-13T19:07:11+01:00,fec52a19-9148-4350-a1b4-ae0da05ee199,41.02464876476277,21.320767039678557,pm25,3
2025-12-13T19:07:11+01:00,fec52a19-9148-4350-a1b4-ae0da05ee199,41.02464876476277,21.320767039678557,pressure,953
2025-12-13T19:07:11+01:00,fec52a19-9148-4350-a1b4-ae0da05ee199,41.02464876476277,21.320767039678557,temperature,7
2025-12-13T19:22:42+01:00,fec52a19-9148-4350-a1b4-ae0da05ee199,41.02464876476277,21.320767039678557,gasResistance,111028
2025-12-13T19:22:42+01:00,fec52a19-9148-4350-a1b4-ae0da05ee199,41.02464876476277,21.320767039678557,humidity,51
2025-12-13T19:22:42+01:00,fec52a19-9148-4350-a1b4-ae0da05ee199,41.02464876476277,21.320767039678557,pm10,4
2025-12-13T19:22:42+01:00,fec52a19-9148-4350-a1b4-ae0da05ee199,41.02464876476277,21.320767039678557,pm25,3
2025-12-13T19:22:42+01:00,fec52a19-9148-4350-a1b4-ae0da05ee199,41.02464876476277,21.320767039678557,pressure,953
2025-12-13T19:22:42+01:00,fec52a19-9148-4350-a1b4-ae0da05ee199,41.02464876476277,21.320767039678557,temperature,7
2025-12-13T19:38:14+01:00,fec52a19-9148-4350-a1b4-ae0da05ee199,41.02464876476277,21.320767039678557,gasResistance,101259
2025-12-13T19:38:14+01:00,fec52a19-9148-4350-a1b4-ae0da05ee199,41.02464876476277,21.320767039678557,humidity,52
2025-12-13T19:38:14+01:00,fec52a19-9148-4350-a1b4-ae0da05ee199,41.02464876476277,21.320767039678557,pm10,7
2025-12-13T19:38:14+01:00,fec52a19-9148-4350-a1b4-ae0da05ee199,41.02464876476277,21.320767039678557,pm25,4
2025-12-13T19:38:14+01:00,fec52a19-9148-4350-a1b4-ae0da05ee199,41.02464876476277,21.320767039678557,pressure,953
2025-12-13T19:38:14+01:00,fec52a19-9148-4350-a1b4-ae0da05ee199,41.02464876476277,21.320767039678557,temperature,7
2025-12-13T19:53:45+01:00,fec52a19-9148-4350-a1b4-ae0da05ee199,41.02464876476277,21.320767039678557,gasResistance,98046
2025-12-13T19:53:45+01:00,fec52a19-9148-4350-a1b4-ae0da05ee199,41.02464876476277,21.320767039678557,humidity,53
2025-12-13T19:53:45+01:00,fec52a19-9148-4350-a1b4-ae0da05ee199,41.02464876476277,21.320767039678557,pm10,5
2025-12-13T19:53:45+01:00,fec52a19-9148-4350-a1b4-ae0da05ee199,41.02464876476277,21.320767039678557,pm25,4
2025-12-13T19:53:45+01:00,fec52a19-9148-4350-a1b4-ae0da05ee199,41.02464876476277,21.320767039678557,pressure,953
2025-12-13T19:53:45+01:00,fec52a19-9148-4350-a1b4-ae0da05ee199,41.02464876476277,21.320767039678557,temperature,7
2025-12-13T20:09:17+01:00,fec52a19-9148-4350-a1b4-ae0da05ee199,41.02464876476277,21.320767039678557,gasResistance,104821
2025-12-13T20:09:17+01:00,fec52a19-9148-4350-a1b4-ae0da05ee199,41.02464876476277,21.320767039678557,humidity,52
2025-12-13T20:09:17+01:00,fec52a19-9148-4350-a1b4-ae0da05ee199,41.02464876476277,21.320767039678557,pm10,7
2025-12-13T20:09:17+01:00,fec52a19-9148-4350-a1b4-ae0da05ee199,41.02464876476277,21.320767039678557,pm25,3
2025-12-13T20:09:17+01:00,fec52a19-9148-4350-a1b4-ae0da05ee199,41.02464876476277,21.320767039678557,pressure,953
2025-12-13T20:09:17+01:00,fec52a19-9148-4350-a1b4-ae0da05ee199,41.02464876476277,21.320767039678557,temperature,7
2025-12-13T20:24:49+01:00,fec52a19-9148-4350-a1b4-ae0da05ee199,41.02464876476277,21.320767039678557,gasResistance,117766
2025-12-13T20:24:49+01:00,fec52a19-9148-4350-a1b4-ae0da05ee199,41.02464876476277,21.320767039678557,humidity,50
2025-12-13T20:24:49+01:00,fec52a19-9148-4350-a1b4-ae0da05ee199,41.02464876476277,21.320767039678557,pm10,4
2025-12-13T20:24:49+01:00,fec52a19-9148-4350-a1b4-ae0da05ee199,41.02464876476277,21.320767039678557,pm25,3
2025-12-13T20:24:49+01:00,fec52a19-9148-4350-a1b4-ae0da05ee199,41.02464876476277,21.320767039678557,pressure,953
2025-12-13T20:24:49+01:00,fec52a19-9148-4350-a1b4-ae0da05ee199,41.02464876476277,21.320767039678557,temperature,7
2025-12-13T20:40:20+01:00,fec52a19-9148-4350-a1b4-ae0da05ee199,41.02464876476277,21.320767039678557,gasResistance,114533
2025-12-13T20:40:20+01:00,fec52a19-9148-4350-a1b4-ae0da05ee199,41.02464876476277,21.320767039678557,humidity,51
2025-12-13T20:40:20+01:00,fec52a19-9148-4350-a1b4-ae0da05ee199,41.02464876476277,21.320767039678557,pm10,3
2025-12-13T20:40:20+01:00,fec52a19-9148-4350-a1b4-ae0da05ee199,41.02464876476277,21.320767039678557,pm25,3
2025-12-13T20:40:20+01:00,fec52a19-9148-4350-a1b4-ae0da05ee199,41.02464876476277,21.320767039678557,pressure,953
2025-12-13T20:40:20+01:00,fec52a19-9148-4350-a1b4-ae0da05ee199,41.02464876476277,21.320767039678557,temperature,7
2025-12-13T20:55:52+01:00,fec52a19-9148-4350-a1b4-ae0da05ee199,41.02464876476277,21.320767039678557,gasResistance,103585
2025-12-13T20:55:52+01:00,fec52a19-9148-4350-a1b4-ae0da05ee199,41.02464876476277,21.320767039678557,humidity,54
2025-12-13T20:55:52+01:00,fec52a19-9148-4350-a1b4-ae0da05ee199,41.02464876476277,21.320767039678557,pm10,8
2025-12-13T20:55:52+01:00,fec52a19-9148-4350-a1b4-ae0da05ee199,41.02464876476277,21.320767039678557,pm25,3
2025-12-13T20:55:52+01:00,fec52a19-9148-4350-a1b4-ae0da05ee199,41.02464876476277,21.320767039678557,pressure,953
2025-12-13T20:55:52+01:00,fec52a19-9148-4350-a1b4-ae0da05ee199,41.02464876476277,21.320767039678557,temperature,7
2025-12-13T21:11:23+01:00,fec52a19-9148-4350-a1b4-ae0da05ee199,41.02464876476277,21.320767039678557,gasResistance,98220
2025-12-13T21:11:23+01:00,fec52a19-9148-4350-a1b4-ae0da05ee199,41.02464876476277,21.320767039678557,humidity,52
2025-12-13T21:11:23+01:00,fec52a19-9148-4350-a1b4-ae0da05ee199,41.02464876476277,21.320767039678557,pm10,2
2025-12-13T21:11:23+01:00,fec52a19-9148-4350-a1b4-ae0da05ee199,41.02464876476277,21.320767039678557,pm25,1
2025-12-13T21:11:23+01:00,fec52a19-9148-4350-a1b4-ae0da05ee199,41.02464876476277,21.320767039678557,pressure,953
2025-12-13T21:11:23+01:00,fec52a19-9148-4350-a1b4-ae0da05ee199,41.02464876476277,21.320767039678557,temperature,7
2025-12-13T21:26:55+01:00,fec52a19-9148-4350-a1b4-ae0da05ee199,41.02464876476277,21.320767039678557,gasResistance,99746
2025-12-13T21:26:55+01:00,fec52a19-9148-4350-a1b4-ae0da05ee199,41.02464876476277,21.320767039678557,humidity,53
2025-12-13T21:26:55+01:00,fec52a19-9148-4350-a1b4-ae0da05ee199,41.02464876476277,21.320767039678557,pm10,2
2025-12-13T21:26:55+01:00,fec52a19-9148-4350-a1b4-ae0da05ee199,41.02464876476277,21.320767039678557,pm25,2
2025-12-13T21:26:55+01:00,fec52a19-9148-4350-a1b4-ae0da05ee199,41.02464876476277,21.320767039678557,pressure,953
2025-12-13T21:26:55+01:00,fec52a19-9148-4350-a1b4-ae0da05ee199,41.02464876476277,21.320767039678557,temperature,7
2025-12-13T21:42:27+01:00,fec52a19-9148-4350-a1b4-ae0da05ee199,41.02464876476277,21.320767039678557,gasResistance,98277
2025-12-13T21:42:27+01:00,fec52a19-9148-4350-a1b4-ae0da05ee199,41.02464876476277,21.320767039678557,humidity,53
2025-12-13T21:42:27+01:00,fec52a19-9148-4350-a1b4-ae0da05ee199,41.02464876476277,21.320767039678557,pm10,10
2025-12-13T21:42:27+01:00,fec52a19-9148-4350-a1b4-ae0da05ee199,41.02464876476277,21.320767039678557,pm25,4
2025-12-13T21:42:27+01:00,fec52a19-9148-4350-a1b4-ae0da05ee199,41.02464876476277,21.320767039678557,pressure,953
2025-12-13T21:42:27+01:00,fec52a19-9148-4350-a1b4-ae0da05ee199,41.02464876476277,21.320767039678557,temperature,7
2025-12-13T21:57:58+01:00,fec52a19-9148-4350-a1b4-ae0da05ee199,41.02464876476277,21.320767039678557,gasResistance,95357
2025-12-13T21:57:58+01:00,fec52a19-9148-4350-a1b4-ae0da05ee199,41.02464876476277,21.320767039678557,humidity,55
2025-12-13T21:57:58+01:00,fec52a19-9148-4350-a1b4-ae0da05ee199,41.02464876476277,21.320767039678557,pm10,3
2025-12-13T21:57:58+01:00,fec52a19-9148-4350-a1b4-ae0da05ee199,41.02464876476277,21.320767039678557,pm25,3
2025-12-13T21:57:58+01:00,fec52a19-9148-4350-a1b4-ae0da05ee199,41.02464876476277,21.320767039678557,pressure,953
2025-12-13T21:57:58+01:00,fec52a19-9148-4350-a1b4-ae0da05ee199,41.02464876476277,21.320767039678557,temperature,6
2025-12-13T22:13:30+01:00,fec52a19-9148-4350-a1b4-ae0da05ee199,41.02464876476277,21.320767039678557,gasResistance,94673
2025-12-13T22:13:30+01:00,fec52a19-9148-4350-a1b4-ae0da05ee199,41.02464876476277,21.320767039678557,humidity,56
2025-12-13T22:13:30+01:00,fec52a19-9148-4350-a1b4-ae0da05ee199,41.02464876476277,21.320767039678557,pm10,10
2025-12-13T22:13:30+01:00,fec52a19-9148-4350-a1b4-ae0da05ee199,41.02464876476277,21.320767039678557,pm25,5
2025-12-13T22:13:30+01:00,fec52a19-9148-4350-a1b4-ae0da05ee199,41.02464876476277,21.320767039678557,pressure,953
2025-12-13T22:13:30+01:00,fec52a19-9148-4350-a1b4-ae0da05ee199,41.02464876476277,21.320767039678557,temperature,6
2025-12-13T22:29:02+01:00,fec52a19-9148-4350-a1b4-ae0da05ee199,41.02464876476277,21.320767039678557,gasResistance,94673
2025-12-13T22:29:02+01:00,fec52a19-9148-4350-a1b4-ae0da05ee199,41.02464876476277,21.320767039678557,humidity,56
2025-12-13T22:29:02+01:00,fec52a19-9148-4350-a1b4-ae0da05ee199,41.02464876476277,21.320767039678557,pm10,4
2025-12-13T22:29:02+01:00,fec52a19-9148-4350-a1b4-ae0da05ee199,41.02464876476277,21.320767039678557,pm25,1
2025-12-13T22:29:02+01:00,fec52a19-9148-4350-a1b4-ae0da05ee199,41.02464876476277,21.320767039678557,pressure,954
2025-12-13T22:29:02+01:00,fec52a19-9148-4350-a1b4-ae0da05ee199,41.02464876476277,21.320767039678557,temperature,6
2025-12-13T22:44:34+01:00,fec52a19-9148-4350-a1b4-ae0da05ee199,41.02464876476277,21.320767039678557,gasResistance,94781
2025-12-13T22:44:34+01:00,fec52a19-9148-4350-a1b4-ae0da05ee199,41.02464876476277,21.320767039678557,humidity,57
2025-12-13T22:44:34+01:00,fec52a19-9148-4350-a1b4-ae0da05ee199,41.02464876476277,21.320767039678557,pm10,3
2025-12-13T22:44:34+01:00,fec52a19-9148-4350-a1b4-ae0da05ee199,41.02464876476277,21.320767039678557,pm25,2
2025-12-13T22:44:34+01:00,fec52a19-9148-4350-a1b4-ae0da05ee199,41.02464876476277,21.320767039678557,pressure,954
2025-12-13T22:44:34+01:00,fec52a19-9148-4350-a1b4-ae0da05ee199,41.02464876476277,21.320767039678557,temperature,6
2025-12-13T23:00:05+01:00,fec52a19-9148-4350-a1b4-ae0da05ee199,41.02464876476277,21.320767039678557,gasResistance,95870
2025-12-13T23:00:05+01:00,fec52a19-9148-4350-a1b4-ae0da05ee199,41.02464876476277,21.320767039678557,humidity,58
2025-12-13T23:00:05+01:00,fec52a19-9148-4350-a1b4-ae0da05ee199,41.02464876476277,21.320767039678557,pm10,3
2025-12-13T23:00:05+01:00,fec52a19-9148-4350-a1b4-ae0da05ee199,41.02464876476277,21.320767039678557,pm25,2
2025-12-13T23:00:05+01:00,fec52a19-9148-4350-a1b4-ae0da05ee199,41.02464876476277,21.320767039678557,pressure,954
2025-12-13T23:00:05+01:00,fec52a19-9148-4350-a1b4-ae0da05ee199,41.02464876476277,21.320767039678557,temperature,5
2025-12-13T23:15:37+01:00,fec52a19-9148-4350-a1b4-ae0da05ee199,41.02464876476277,21.320767039678557,gasResistance,94889
2025-12-13T23:15:37+01:00,fec52a19-9148-4350-a1b4-ae0da05ee199,41.02464876476277,21.320767039678557,humidity,58
2025-12-13T23:15:37+01:00,fec52a19-9148-4350-a1b4-ae0da05ee199,41.02464876476277,21.320767039678557,pm10,6
2025-12-13T23:15:37+01:00,fec52a19-9148-4350-a1b4-ae0da05ee199,41.02464876476277,21.320767039678557,pm25,1
2025-12-13T23:15:37+01:00,fec52a19-9148-4350-a1b4-ae0da05ee199,41.02464876476277,21.320767039678557,pressure,954
2025-12-13T23:15:37+01:00,fec52a19-9148-4350-a1b4-ae0da05ee199,41.02464876476277,21.320767039678557,temperature,5
2025-12-13T23:31:08+01:00,fec52a19-9148-4350-a1b4-ae0da05ee199,41.02464876476277,21.320767039678557,gasResistance,94566
2025-12-13T23:31:08+01:00,fec52a19-9148-4350-a1b4-ae0da05ee199,41.02464876476277,21.320767039678557,humidity,57
2025-12-13T23:31:08+01:00,fec52a19-9148-4350-a1b4-ae0da05ee199,41.02464876476277,21.320767039678557,pm10,4
2025-12-13T23:31:08+01:00,fec52a19-9148-4350-a1b4-ae0da05ee199,41.02464876476277,21.320767039678557,pm25,3
2025-12-13T23:31:08+01:00,fec52a19-9148-4350-a1b4-ae0da05ee199,41.02464876476277,21.320767039678557,pressure,954
2025-12-13T23:31:08+01:00,fec52a19-9148-4350-a1b4-ae0da05ee199,41.02464876476277,21.320767039678557,temperature,5
2025-12-13T23:46:40+01:00,fec52a19-9148-4350-a1b4-ae0da05ee199,41.02464876476277,21.320767039678557,gasResistance,95322
2025-12-13T23:46:40+01:00,fec52a19-9148-4350-a1b4-ae0da05ee199,41.02464876476277,21.320767039678557,humidity,57
2025-12-13T23:46:40+01:00,fec52a19-9148-4350-a1b4-ae0da05ee199,41.02464876476277,21.320767039678557,pm10,1
2025-12-13T23:46:40+01:00,fec52a19-9148-4350-a1b4-ae0da05ee199,41.02464876476277,21.320767039678557,pm25,1
2025-12-13T23:46:40+01:00,fec52a19-9148-4350-a1b4-ae0da05ee199,41.02464876476277,21.320767039678557,pressure,954
2025-12-13T23:46:40+01:00,fec52a19-9148-4350-a1b4-ae0da05ee199,41.02464876476277,21.320767039678557,temperature,5
2025-12-14T00:02:12+01:00,fec52a19-9148-4350-a1b4-ae0da05ee199,41.02464876476277,21.320767039678557,gasResistance,94997
2025-12-14T00:02:12+01:00,fec52a19-9148-4350-a1b4-ae0da05ee199,41.02464876476277,21.320767039678557,humidity,58
2025-12-14T00:02:12+01:00,fec52a19-9148-4350-a1b4-ae0da05ee199,41.02464876476277,21.320767039678557,pm10,1
2025-12-14T00:02:12+01:00,fec52a19-9148-4350-a1b4-ae0da05ee199,41.02464876476277,21.320767039678557,pm25,1
2025-12-14T00:02:12+01:00,fec52a19-9148-4350-a1b4-ae0da05ee199,41.02464876476277,21.320767039678557,pressure,954
2025-12-14T00:02:12+01:00,fec52a19-9148-4350-a1b4-ae0da05ee199,41.02464876476277,21.320767039678557,temperature,5
2025-12-14T00:17:43+01:00,fec52a19-9148-4350-a1b4-ae0da05ee199,41.02464876476277,21.320767039678557,gasResistance,97989
2025-12-14T00:17:43+01:00,fec52a19-9148-4350-a1b4-ae0da05ee199,41.02464876476277,21.320767039678557,humidity,58
2025-12-14T00:17:43+01:00,fec52a19-9148-4350-a1b4-ae0da05ee199,41.02464876476277,21.320767039678557,pm10,0
2025-12-14T00:17:43+01:00,fec52a19-9148-4350-a1b4-ae0da05ee199,41.02464876476277,21.320767039678557,pm25,0
2025-12-14T00:17:43+01:00,fec52a19-9148-4350-a1b4-ae0da05ee199,41.02464876476277,21.320767039678557,pressure,954
2025-12-14T00:17:43+01:00,fec52a19-9148-4350-a1b4-ae0da05ee199,41.02464876476277,21.320767039678557,temperature,5
2025-12-14T00:33:15+01:00,fec52a19-9148-4350-a1b4-ae0da05ee199,41.02464876476277,21.320767039678557,gasResistance,99271
2025-12-14T00:33:15+01:00,fec52a19-9148-4350-a1b4-ae0da05ee199,41.02464876476277,21.320767039678557,humidity,59
2025-12-14T00:33:15+01:00,fec52a19-9148-4350-a1b4-ae0da05ee199,41.02464876476277,21.320767039678557,pm10,3
2025-12-14T00:33:15+01:00,fec52a19-9148-4350-a1b4-ae0da05ee199,41.02464876476277,21.320767039678557,pm25,1
2025-12-14T00:33:15+01:00,fec52a19-9148-4350-a1b4-ae0da05ee199,41.02464876476277,21.320767039678557,pressure,954
2025-12-14T00:33:15+01:00,fec52a19-9148-4350-a1b4-ae0da05ee199,41.02464876476277,21.320767039678557,temperature,5
2025-12-14T00:48:46+01:00,fec52a19-9148-4350-a1b4-ae0da05ee199,41.02464876476277,21.320767039678557,gasResistance,97360
2025-12-14T00:48:46+01:00,fec52a19-9148-4350-a1b4-ae0da05ee199,41.02464876476277,21.320767039678557,humidity,59
2025-12-14T00:48:46+01:00,fec52a19-9148-4350-a1b4-ae0da05ee199,41.02464876476277,21.320767039678557,pm10,2
2025-12-14T00:48:46+01:00,fec52a19-9148-4350-a1b4-ae0da05ee199,41.02464876476277,21.320767039678557,pm25,2
2025-12-14T00:48:46+01:00,fec52a19-9148-4350-a1b4-ae0da05ee199,41.02464876476277,21.320767039678557,pressure,954
2025-12-14T00:48:46+01:00,fec52a19-9148-4350-a1b4-ae0da05ee199,41.02464876476277,21.320767039678557,temperature,5
2025-12-14T01:04:18+01:00,fec52a19-9148-4350-a1b4-ae0da05ee199,41.02464876476277,21.320767039678557,gasResistance,99094
2025-12-14T01:04:18+01:00,fec52a19-9148-4350-a1b4-ae0da05ee199,41.02464876476277,21.320767039678557,humidity,60
2025-12-14T01:04:18+01:00,fec52a19-9148-4350-a1b4-ae0da05ee199,41.02464876476277,21.320767039678557,pm10,2
2025-12-14T01:04:18+01:00,fec52a19-9148-4350-a1b4-ae0da05ee199,41.02464876476277,21.320767039678557,pm25,1
2025-12-14T01:04:18+01:00,fec52a19-9148-4350-a1b4-ae0da05ee199,41.02464876476277,21.320767039678557,pressure,954
2025-12-14T01:04:18+01:00,fec52a19-9148-4350-a1b4-ae0da05ee199,41.02464876476277,21.320767039678557,temperature,4
2025-12-14T01:19:49+01:00,fec52a19-9148-4350-a1b4-ae0da05ee199,41.02464876476277,21.320767039678557,gasResistance,99390
2025-12-14T01:19:49+01:00,fec52a19-9148-4350-a1b4-ae0da05ee199,41.02464876476277,21.320767039678557,humidity,59
2025-12-14T01:19:49+01:00,fec52a19-9148-4350-a1b4-ae0da05ee199,41.02464876476277,21.320767039678557,pm10,7
2025-12-14T01:19:49+01:00,fec52a19-9148-4350-a1b4-ae0da05ee199,41.02464876476277,21.320767039678557,pm25,2
2025-12-14T01:19:49+01:00,fec52a19-9148-4350-a1b4-ae0da05ee199,41.02464876476277,21.320767039678557,pressure,954
2025-12-14T01:19:49+01:00,fec52a19-9148-4350-a1b4-ae0da05ee199,41.02464876476277,21.320767039678557,temperature,4
2025-12-14T01:35:21+01:00,fec52a19-9148-4350-a1b4-ae0da05ee199,41.02464876476277,21.320767039678557,gasResistance,98626
2025-12-14T01:35:21+01:00,fec52a19-9148-4350-a1b4-ae0da05ee199,41.02464876476277,21.320767039678557,humidity,60
2025-12-14T01:35:21+01:00,fec52a19-9148-4350-a1b4-ae0da05ee199,41.02464876476277,21.320767039678557,pm10,6
2025-12-14T01:35:21+01:00,fec52a19-9148-4350-a1b4-ae0da05ee199,41.02464876476277,21.320767039678557,pm25,3
2025-12-14T01:35:21+01:00,fec52a19-9148-4350-a1b4-ae0da05ee199,41.02464876476277,21.320767039678557,pressure,954
2025-12-14T01:35:21+01:00,fec52a19-9148-4350-a1b4-ae0da05ee199,41.02464876476277,21.320767039678557,temperature,4
2025-12-14T01:50:52+01:00,fec52a19-9148-4350-a1b4-ae0da05ee199,41.02464876476277,21.320767039678557,gasResistance,100648
2025-12-14T01:50:52+01:00,fec52a19-9148-4350-a1b4-ae0da05ee199,41.02464876476277,21.320767039678557,humidity,59
2025-12-14T01:50:52+01:00,fec52a19-9148-4350-a1b4-ae0da05ee199,41.02464876476277,21.320767039678557,pm10,5
2025-12-14T01:50:52+01:00,fec52a19-9148-4350-a1b4-ae0da05ee199,41.02464876476277,21.320767039678557,pm25,2
2025-12-14T01:50:52+01:00,fec52a19-9148-4350-a1b4-ae0da05ee199,41.02464876476277,21.320767039678557,pressure,954
2025-12-14T01:50:52+01:00,fec52a19-9148-4350-a1b4-ae0da05ee199,41.02464876476277,21.320767039678557,temperature,4
2025-12-14T02:06:24+01:00,fec52a19-9148-4350-a1b4-ae0da05ee199,41.02464876476277,21.320767039678557,gasResistance,98860
2025-12-14T02:06:24+01:00,fec52a19-9148-4350-a1b4-ae0da05ee199,41.02464876476277,21.320767039678557,humidity,60
2025-12-14T02:06:24+01:00,fec52a19-9148-4350-a1b4-ae0da05ee199,41.02464876476277,21.320767039678557,pm10,5
2025-12-14T02:06:24+01:00,fec52a19-9148-4350-a1b4-ae0da05ee199,41.02464876476277,21.320767039678557,pm25,3
2025-12-14T02:06:24+01:00,fec52a19-9148-4350-a1b4-ae0da05ee199,41.02464876476277,21.320767039678557,pressure,954
2025-12-14T02:06:24+01:00,fec52a19-9148-4350-a1b4-ae0da05ee199,41.02464876476277,21.320767039678557,temperature,4
2025-12-14T02:21:55+01:00,fec52a19-9148-4350-a1b4-ae0da05ee199,41.02464876476277,21.320767039678557,gasResistance,99036
2025-12-14T02:21:55+01:00,fec52a19-9148-4350-a1b4-ae0da05ee199,41.02464876476277,21.320767039678557,humidity,60
2025-12-14T02:21:55+01:00,fec52a19-9148-4350-a1b4-ae0da05ee199,41.02464876476277,21.320767039678557,pm10,1
2025-12-14T02:21:55+01:00,fec52a19-9148-4350-a1b4-ae0da05ee199,41.02464876476277,21.320767039678557,pm25,0
2025-12-14T02:21:55+01:00,fec52a19-9148-4350-a1b4-ae0da05ee199,41.02464876476277,21.320767039678557,pressure,954
2025-12-14T02:21:55+01:00,fec52a19-9148-4350-a1b4-ae0da05ee199,41.02464876476277,21.320767039678557,temperature,4
2025-12-14T03:37:27+01:00,fec52a19-9148-4350-a1b4-ae0da05ee199,41.02464876476277,21.320767039678557,gasResistance,0
2025-12-14T03:37:27+01:00,fec52a19-9148-4350-a1b4-ae0da05ee199,41.02464876476277,21.320767039678557,humidity,57
2025-12-14T03:37:27+01:00,fec52a19-9148-4350-a1b4-ae0da05ee199,41.02464876476277,21.320767039678557,pm10,1
2025-12-14T03:37:27+01:00,fec52a19-9148-4350-a1b4-ae0da05ee199,41.02464876476277,21.320767039678557,pm25,0
2025-12-14T03:37:27+01:00,fec52a19-9148-4350-a1b4-ae0da05ee199,41.02464876476277,21.320767039678557,pressure,953
2025-12-14T03:37:27+01:00,fec52a19-9148-4350-a1b4-ae0da05ee199,41.02464876476277,21.320767039678557,temperature,4
2025-12-14T03:52:59+01:00,fec52a19-9148-4350-a1b4-ae0da05ee199,41.02464876476277,21.320767039678557,gasResistance,78248
2025-12-14T03:52:59+01:00,fec52a19-9148-4350-a1b4-ae0da05ee199,41.02464876476277,21.320767039678557,humidity,60
2025-12-14T03:52:59+01:00,fec52a19-9148-4350-a1b4-ae0da05ee199,41.02464876476277,21.320767039678557,pm10,0
2025-12-14T03:52:59+01:00,fec52a19-9148-4350-a1b4-ae0da05ee199,41.02464876476277,21.320767039678557,pm25,0
2025-12-14T03:52:59+01:00,fec52a19-9148-4350-a1b4-ae0da05ee199,41.02464876476277,21.320767039678557,pressure,953
2025-12-14T03:52:59+01:00,fec52a19-9148-4350-a1b4-ae0da05ee199,41.02464876476277,21.320767039678557,temperature,4
2025-12-14T04:08:30+01:00,fec52a19-9148-4350-a1b4-ae0da05ee199,41.02464876476277,21.320767039678557,gasResistance,87615
2025-12-14T04:08:30+01:00,fec52a19-9148-4350-a1b4-ae0da05ee199,41.02464876476277,21.320767039678557,humidity,60
2025-12-14T04:08:30+01:00,fec52a19-9148-4350-a1b4-ae0da05ee199,41.02464876476277,21.320767039678557,pm10,1
2025-12-14T04:08:30+01:00,fec52a19-9148-4350-a1b4-ae0da05ee199,41.02464876476277,21.320767039678557,pm25,0
2025-12-14T04:08:30+01:00,fec52a19-9148-4350-a1b4-ae0da05ee199,41.02464876476277,21.320767039678557,pressure,953
2025-12-14T04:08:30+01:00,fec52a19-9148-4350-a1b4-ae0da05ee199,41.02464876476277,21.320767039678557,temperature,3
2025-12-14T04:24:02+01:00,fec52a19-9148-4350-a1b4-ae0da05ee199,41.02464876476277,21.320767039678557,gasResistance,91960
2025-12-14T04:24:02+01:00,fec52a19-9148-4350-a1b4-ae0da05ee199,41.02464876476277,21.320767039678557,humidity,61
2025-12-14T04:24:02+01:00,fec52a19-9148-4350-a1b4-ae0da05ee199,41.02464876476277,21.320767039678557,pm10,0
2025-12-14T04:24:02+01:00,fec52a19-9148-4350-a1b4-ae0da05ee199,41.02464876476277,21.320767039678557,pm25,0
2025-12-14T04:24:02+01:00,fec52a19-9148-4350-a1b4-ae0da05ee199,41.02464876476277,21.320767039678557,pressure,953
2025-12-14T04:24:02+01:00,fec52a19-9148-4350-a1b4-ae0da05ee199,41.02464876476277,21.320767039678557,temperature,3
2025-12-14T04:39:33+01:00,fec52a19-9148-4350-a1b4-ae0da05ee199,41.02464876476277,21.320767039678557,gasResistance,97077
2025-12-14T04:39:33+01:00,fec52a19-9148-4350-a1b4-ae0da05ee199,41.02464876476277,21.320767039678557,humidity,61
2025-12-14T04:39:33+01:00,fec52a19-9148-4350-a1b4-ae0da05ee199,41.02464876476277,21.320767039678557,pm10,0
2025-12-14T04:39:33+01:00,fec52a19-9148-4350-a1b4-ae0da05ee199,41.02464876476277,21.320767039678557,pm25,0
2025-12-14T04:39:33+01:00,fec52a19-9148-4350-a1b4-ae0da05ee199,41.02464876476277,21.320767039678557,pressure,953
2025-12-14T04:39:33+01:00,fec52a19-9148-4350-a1b4-ae0da05ee199,41.02464876476277,21.320767039678557,temperature,3
2025-12-14T04:55:05+01:00,fec52a19-9148-4350-a1b4-ae0da05ee199,41.02464876476277,21.320767039678557,gasResistance,106971
2025-12-14T04:55:05+01:00,fec52a19-9148-4350-a1b4-ae0da05ee199,41.02464876476277,21.320767039678557,humidity,61
2025-12-14T04:55:05+01:00,fec52a19-9148-4350-a1b4-ae0da05ee199,41.02464876476277,21.320767039678557,pm10,1
2025-12-14T04:55:05+01:00,fec52a19-9148-4350-a1b4-ae0da05ee199,41.02464876476277,21.320767039678557,pm25,0
2025-12-14T04:55:05+01:00,fec52a19-9148-4350-a1b4-ae0da05ee199,41.02464876476277,21.320767039678557,pressure,953
2025-12-14T04:55:05+01:00,fec52a19-9148-4350-a1b4-ae0da05ee199,41.02464876476277,21.320767039678557,temperature,3
2025-12-14T05:10:36+01:00,fec52a19-9148-4350-a1b4-ae0da05ee199,41.02464876476277,21.320767039678557,gasResistance,111547
2025-12-14T05:10:36+01:00,fec52a19-9148-4350-a1b4-ae0da05ee199,41.02464876476277,21.320767039678557,humidity,61
2025-12-14T05:10:36+01:00,fec52a19-9148-4350-a1b4-ae0da05ee199,41.02464876476277,21.320767039678557,pm10,0
2025-12-14T05:10:36+01:00,fec52a19-9148-4350-a1b4-ae0da05ee199,41.02464876476277,21.320767039678557,pm25,0
2025-12-14T05:10:36+01:00,fec52a19-9148-4350-a1b4-ae0da05ee199,41.02464876476277,21.320767039678557,pressure,953
2025-12-14T05:10:36+01:00,fec52a19-9148-4350-a1b4-ae0da05ee199,41.02464876476277,21.320767039678557,temperature,3
2025-12-14T05:26:07+01:00,fec52a19-9148-4350-a1b4-ae0da05ee199,41.02464876476277,21.320767039678557,gasResistance,110221
2025-12-14T05:26:07+01:00,fec52a19-9148-4350-a1b4-ae0da05ee199,41.02464876476277,21.320767039678557,humidity,61
2025-12-14T05:26:07+01:00,fec52a19-9148-4350-a1b4-ae0da05ee199,41.02464876476277,21.320767039678557,pm10,1
2025-12-14T05:26:07+01:00,fec52a19-9148-4350-a1b4-ae0da05ee199,41.02464876476277,21.320767039678557,pm25,0
2025-12-14T05:26:07+01:00,fec52a19-9148-4350-a1b4-ae0da05ee199,41.02464876476277,21.320767039678557,pressure,953
2025-12-14T05:26:07+01:00,fec52a19-9148-4350-a1b4-ae0da05ee199,41.02464876476277,21.320767039678557,temperature,3
2025-12-14T05:41:39+01:00,fec52a19-9148-4350-a1b4-ae0da05ee199,41.02464876476277,21.320767039678557,gasResistance,114849
2025-12-14T05:41:39+01:00,fec52a19-9148-4350-a1b4-ae0da05ee199,41.02464876476277,21.320767039678557,humidity,61
2025-12-14T05:41:39+01:00,fec52a19-9148-4350-a1b4-ae0da05ee199,41.02464876476277,21.320767039678557,pm10,0
2025-12-14T05:41:39+01:00,fec52a19-9148-4350-a1b4-ae0da05ee199,41.02464876476277,21.320767039678557,pm25,0
2025-12-14T05:41:39+01:00,fec52a19-9148-4350-a1b4-ae0da05ee199,41.02464876476277,21.320767039678557,pressure,953
2025-12-14T05:41:39+01:00,fec52a19-9148-4350-a1b4-ae0da05ee199,41.02464876476277,21.320767039678557,temperature,3
2025-12-14T05:57:10+01:00,fec52a19-9148-4350-a1b4-ae0da05ee199,41.02464876476277,21.320767039678557,gasResistance,108997
2025-12-14T05:57:10+01:00,fec52a19-9148-4350-a1b4-ae0da05ee199,41.02464876476277,21.320767039678557,humidity,62
2025-12-14T05:57:10+01:00,fec52a19-9148-4350-a1b4-ae0da05ee199,41.02464876476277,21.320767039678557,pm10,0
2025-12-14T05:57:10+01:00,fec52a19-9148-4350-a1b4-ae0da05ee199,41.02464876476277,21.320767039678557,pm25,0
2025-12-14T05:57:10+01:00,fec52a19-9148-4350-a1b4-ae0da05ee199,41.02464876476277,21.320767039678557,pressure,953
2025-12-14T05:57:10+01:00,fec52a19-9148-4350-a1b4-ae0da05ee199,41.02464876476277,21.320767039678557,temperature,3
2025-12-14T06:12:42+01:00,fec52a19-9148-4350-a1b4-ae0da05ee199,41.02464876476277,21.320767039678557,gasResistance,107731
2025-12-14T06:12:42+01:00,fec52a19-9148-4350-a1b4-ae0da05ee199,41.02464876476277,21.320767039678557,humidity,62
2025-12-14T06:12:42+01:00,fec52a19-9148-4350-a1b4-ae0da05ee199,41.02464876476277,21.320767039678557,pm10,3
2025-12-14T06:12:42+01:00,fec52a19-9148-4350-a1b4-ae0da05ee199,41.02464876476277,21.320767039678557,pm25,1
2025-12-14T06:12:42+01:00,fec52a19-9148-4350-a1b4-ae0da05ee199,41.02464876476277,21.320767039678557,pressure,953
2025-12-14T06:12:42+01:00,fec52a19-9148-4350-a1b4-ae0da05ee199,41.02464876476277,21.320767039678557,temperature,3
2025-12-14T06:28:13+01:00,fec52a19-9148-4350-a1b4-ae0da05ee199,41.02464876476277,21.320767039678557,gasResistance,107592
2025-12-14T06:28:13+01:00,fec52a19-9148-4350-a1b4-ae0da05ee199,41.02464876476277,21.320767039678557,humidity,62
2025-12-14T06:28:13+01:00,fec52a19-9148-4350-a1b4-ae0da05ee199,41.02464876476277,21.320767039678557,pm10,2
2025-12-14T06:28:13+01:00,fec52a19-9148-4350-a1b4-ae0da05ee199,41.02464876476277,21.320767039678557,pm25,1
2025-12-14T06:28:13+01:00,fec52a19-9148-4350-a1b4-ae0da05ee199,41.02464876476277,21.320767039678557,pressure,953
2025-12-14T06:28:13+01:00,fec52a19-9148-4350-a1b4-ae0da05ee199,41.02464876476277,21.320767039678557,temperature,3
2025-12-14T06:43:45+01:00,fec52a19-9148-4350-a1b4-ae0da05ee199,41.02464876476277,21.320767039678557,gasResistance,107040
2025-12-14T06:43:45+01:00,fec52a19-9148-4350-a1b4-ae0da05ee199,41.02464876476277,21.320767039678557,humidity,60
2025-12-14T06:43:45+01:00,fec52a19-9148-4350-a1b4-ae0da05ee199,41.02464876476277,21.320767039678557,pm10,2
2025-12-14T06:43:45+01:00,fec52a19-9148-4350-a1b4-ae0da05ee199,41.02464876476277,21.320767039678557,pm25,1
2025-12-14T06:43:45+01:00,fec52a19-9148-4350-a1b4-ae0da05ee199,41.02464876476277,21.320767039678557,pressure,953
2025-12-14T06:43:45+01:00,fec52a19-9148-4350-a1b4-ae0da05ee199,41.02464876476277,21.320767039678557,temperature,3
2025-12-14T06:59:17+01:00,fec52a19-9148-4350-a1b4-ae0da05ee199,41.02464876476277,21.320767039678557,gasResistance,107108
2025-12-14T06:59:17+01:00,fec52a19-9148-4350-a1b4-ae0da05ee199,41.02464876476277,21.320767039678557,humidity,61
2025-12-14T06:59:17+01:00,fec52a19-9148-4350-a1b4-ae0da05ee199,41.02464876476277,21.320767039678557,pm10,1
2025-12-14T06:59:17+01:00,fec52a19-9148-4350-a1b4-ae0da05ee199,41.02464876476277,21.320767039678557,pm25,1
2025-12-14T06:59:17+01:00,fec52a19-9148-4350-a1b4-ae0da05ee199,41.02464876476277,21.320767039678557,pressure,953
2025-12-14T06:59:17+01:00,fec52a19-9148-4350-a1b4-ae0da05ee199,41.02464876476277,21.320767039678557,temperature,3
2025-12-14T07:14:48+01:00,fec52a19-9148-4350-a1b4-ae0da05ee199,41.02464876476277,21.320767039678557,gasResistance,104558
2025-12-14T07:14:48+01:00,fec52a19-9148-4350-a1b4-ae0da05ee199,41.02464876476277,21.320767039678557,humidity,60
2025-12-14T07:14:48+01:00,fec52a19-9148-4350-a1b4-ae0da05ee199,41.02464876476277,21.320767039678557,pm10,2
2025-12-14T07:14:48+01:00,fec52a19-9148-4350-a1b4-ae0da05ee199,41.02464876476277,21.320767039678557,pm25,1
2025-12-14T07:14:48+01:00,fec52a19-9148-4350-a1b4-ae0da05ee199,41.02464876476277,21.320767039678557,pressure,953
2025-12-14T07:14:48+01:00,fec52a19-9148-4350-a1b4-ae0da05ee199,41.02464876476277,21.320767039678557,temperature,3
2025-12-14T07:30:19+01:00,fec52a19-9148-4350-a1b4-ae0da05ee199,41.02464876476277,21.320767039678557,gasResistance,105417
2025-12-14T07:30:19+01:00,fec52a19-9148-4350-a1b4-ae0da05ee199,41.02464876476277,21.320767039678557,humidity,61
2025-12-14T07:30:19+01:00,fec52a19-9148-4350-a1b4-ae0da05ee199,41.02464876476277,21.320767039678557,pm10,3
2025-12-14T07:30:19+01:00,fec52a19-9148-4350-a1b4-ae0da05ee199,41.02464876476277,21.320767039678557,pm25,3
2025-12-14T07:30:19+01:00,fec52a19-9148-4350-a1b4-ae0da05ee199,41.02464876476277,21.320767039678557,pressure,953
2025-12-14T07:30:19+01:00,fec52a19-9148-4350-a1b4-ae0da05ee199,41.02464876476277,21.320767039678557,temperature,3
2025-12-14T07:45:52+01:00,fec52a19-9148-4350-a1b4-ae0da05ee199,41.02464876476277,21.320767039678557,gasResistance,103713
2025-12-14T07:45:52+01:00,fec52a19-9148-4350-a1b4-ae0da05ee199,41.02464876476277,21.320767039678557,humidity,61
2025-12-14T07:45:52+01:00,fec52a19-9148-4350-a1b4-ae0da05ee199,41.02464876476277,21.320767039678557,pm10,6
2025-12-14T07:45:52+01:00,fec52a19-9148-4350-a1b4-ae0da05ee199,41.02464876476277,21.320767039678557,pm25,1
2025-12-14T07:45:52+01:00,fec52a19-9148-4350-a1b4-ae0da05ee199,41.02464876476277,21.320767039678557,pressure,953
2025-12-14T07:45:52+01:00,fec52a19-9148-4350-a1b4-ae0da05ee199,41.02464876476277,21.320767039678557,temperature,3
2025-12-14T08:01:23+01:00,fec52a19-9148-4350-a1b4-ae0da05ee199,41.02464876476277,21.320767039678557,gasResistance,103520
2025-12-14T08:01:23+01:00,fec52a19-9148-4350-a1b4-ae0da05ee199,41.02464876476277,21.320767039678557,humidity,61
2025-12-14T08:01:23+01:00,fec52a19-9148-4350-a1b4-ae0da05ee199,41.02464876476277,21.320767039678557,pm10,2
2025-12-14T08:01:23+01:00,fec52a19-9148-4350-a1b4-ae0da05ee199,41.02464876476277,21.320767039678557,pm25,1
2025-12-14T08:01:23+01:00,fec52a19-9148-4350-a1b4-ae0da05ee199,41.02464876476277,21.320767039678557,pressure,953
2025-12-14T08:01:23+01:00,fec52a19-9148-4350-a1b4-ae0da05ee199,41.02464876476277,21.320767039678557,temperature,3
2025-12-14T08:16:55+01:00,fec52a19-9148-4350-a1b4-ae0da05ee199,41.02464876476277,21.320767039678557,gasResistance,105885
2025-12-14T08:16:55+01:00,fec52a19-9148-4350-a1b4-ae0da05ee199,41.02464876476277,21.320767039678557,humidity,60
2025-12-14T08:16:55+01:00,fec52a19-9148-4350-a1b4-ae0da05ee199,41.02464876476277,21.320767039678557,pm10,5
2025-12-14T08:16:55+01:00,fec52a19-9148-4350-a1b4-ae0da05ee199,41.02464876476277,21.320767039678557,pm25,4
2025-12-14T08:16:55+01:00,fec52a19-9148-4350-a1b4-ae0da05ee199,41.02464876476277,21.320767039678557,pressure,953
2025-12-14T08:16:55+01:00,fec52a19-9148-4350-a1b4-ae0da05ee199,41.02464876476277,21.320767039678557,temperature,4
2025-12-14T08:32:26+01:00,fec52a19-9148-4350-a1b4-ae0da05ee199,41.02464876476277,21.320767039678557,gasResistance,98918
2025-12-14T08:32:26+01:00,fec52a19-9148-4350-a1b4-ae0da05ee199,41.02464876476277,21.320767039678557,humidity,59
2025-12-14T08:32:26+01:00,fec52a19-9148-4350-a1b4-ae0da05ee199,41.02464876476277,21.320767039678557,pm10,19
2025-12-14T08:32:26+01:00,fec52a19-9148-4350-a1b4-ae0da05ee199,41.02464876476277,21.320767039678557,pm25,7
2025-12-14T08:32:26+01:00,fec52a19-9148-4350-a1b4-ae0da05ee199,41.02464876476277,21.320767039678557,pressure,953
2025-12-14T08:32:26+01:00,fec52a19-9148-4350-a1b4-ae0da05ee199,41.02464876476277,21.320767039678557,temperature,4
2025-12-14T08:47:58+01:00,fec52a19-9148-4350-a1b4-ae0da05ee199,41.02464876476277,21.320767039678557,gasResistance,104558
2025-12-14T08:47:58+01:00,fec52a19-9148-4350-a1b4-ae0da05ee199,41.02464876476277,21.320767039678557,humidity,57
2025-12-14T08:47:58+01:00,fec52a19-9148-4350-a1b4-ae0da05ee199,41.02464876476277,21.320767039678557,pm10,9
2025-12-14T08:47:58+01:00,fec52a19-9148-4350-a1b4-ae0da05ee199,41.02464876476277,21.320767039678557,pm25,5
2025-12-14T08:47:58+01:00,fec52a19-9148-4350-a1b4-ae0da05ee199,41.02464876476277,21.320767039678557,pressure,953
2025-12-14T08:47:58+01:00,fec52a19-9148-4350-a1b4-ae0da05ee199,41.02464876476277,21.320767039678557,temperature,5
2025-12-14T09:03:29+01:00,fec52a19-9148-4350-a1b4-ae0da05ee199,41.02464876476277,21.320767039678557,gasResistance,106493
2025-12-14T09:03:29+01:00,fec52a19-9148-4350-a1b4-ae0da05ee199,41.02464876476277,21.320767039678557,humidity,54
2025-12-14T09:03:29+01:00,fec52a19-9148-4350-a1b4-ae0da05ee199,41.02464876476277,21.320767039678557,pm10,13
2025-12-14T09:03:29+01:00,fec52a19-9148-4350-a1b4-ae0da05ee199,41.02464876476277,21.320767039678557,pm25,5
2025-12-14T09:03:29+01:00,fec52a19-9148-4350-a1b4-ae0da05ee199,41.02464876476277,21.320767039678557,pressure,953
2025-12-14T09:03:29+01:00,fec52a19-9148-4350-a1b4-ae0da05ee199,41.02464876476277,21.320767039678557,temperature,6
2025-12-14T09:19:03+01:00,fec52a19-9148-4350-a1b4-ae0da05ee199,41.02464876476277,21.320767039678557,gasResistance,114928
2025-12-14T09:19:03+01:00,fec52a19-9148-4350-a1b4-ae0da05ee199,41.02464876476277,21.320767039678557,humidity,52
2025-12-14T09:19:03+01:00,fec52a19-9148-4350-a1b4-ae0da05ee199,41.02464876476277,21.320767039678557,pm10,19
2025-12-14T09:19:03+01:00,fec52a19-9148-4350-a1b4-ae0da05ee199,41.02464876476277,21.320767039678557,pm25,9
2025-12-14T09:19:03+01:00,fec52a19-9148-4350-a1b4-ae0da05ee199,41.02464876476277,21.320767039678557,pressure,953
2025-12-14T09:19:03+01:00,fec52a19-9148-4350-a1b4-ae0da05ee199,41.02464876476277,21.320767039678557,temperature,7
2025-12-14T09:34:34+01:00,fec52a19-9148-4350-a1b4-ae0da05ee199,41.02464876476277,21.320767039678557,gasResistance,117766
2025-12-14T09:34:34+01:00,fec52a19-9148-4350-a1b4-ae0da05ee199,41.02464876476277,21.320767039678557,humidity,53
2025-12-14T09:34:34+01:00,fec52a19-9148-4350-a1b4-ae0da05ee199,41.02464876476277,21.320767039678557,pm10,10
2025-12-14T09:34:34+01:00,fec52a19-9148-4350-a1b4-ae0da05ee199,41.02464876476277,21.320767039678557,pm25,3
2025-12-14T09:34:34+01:00,fec52a19-9148-4350-a1b4-ae0da05ee199,41.02464876476277,21.320767039678557,pressure,953
2025-12-14T09:34:34+01:00,fec52a19-9148-4350-a1b4-ae0da05ee199,41.02464876476277,21.320767039678557,temperature,8
2025-12-14T09:50:06+01:00,fec52a19-9148-4350-a1b4-ae0da05ee199,41.02464876476277,21.320767039678557,gasResistance,114770
2025-12-14T09:50:06+01:00,fec52a19-9148-4350-a1b4-ae0da05ee199,41.02464876476277,21.320767039678557,humidity,53
2025-12-14T09:50:06+01:00,fec52a19-9148-4350-a1b4-ae0da05ee199,41.02464876476277,21.320767039678557,pm10,10
2025-12-14T09:50:06+01:00,fec52a19-9148-4350-a1b4-ae0da05ee199,41.02464876476277,21.320767039678557,pm25,5
2025-12-14T09:50:06+01:00,fec52a19-9148-4350-a1b4-ae0da05ee199,41.02464876476277,21.320767039678557,pressure,954
2025-12-14T09:50:06+01:00,fec52a19-9148-4350-a1b4-ae0da05ee199,41.02464876476277,21.320767039678557,temperature,8
2025-12-14T10:05:37+01:00,fec52a19-9148-4350-a1b4-ae0da05ee199,41.02464876476277,21.320767039678557,gasResistance,112374
2025-12-14T10:05:37+01:00,fec52a19-9148-4350-a1b4-ae0da05ee199,41.02464876476277,21.320767039678557,humidity,51
2025-12-14T10:05:37+01:00,fec52a19-9148-4350-a1b4-ae0da05ee199,41.02464876476277,21.320767039678557,pm10,6
2025-12-14T10:05:37+01:00,fec52a19-9148-4350-a1b4-ae0da05ee199,41.02464876476277,21.320767039678557,pm25,5
2025-12-14T10:05:37+01:00,fec52a19-9148-4350-a1b4-ae0da05ee199,41.02464876476277,21.320767039678557,pressure,954
2025-12-14T10:05:37+01:00,fec52a19-9148-4350-a1b4-ae0da05ee199,41.02464876476277,21.320767039678557,temperature,9
2025-12-14T10:21:08+01:00,fec52a19-9148-4350-a1b4-ae0da05ee199,41.02464876476277,21.320767039678557,gasResistance,114770
2025-12-14T10:21:08+01:00,fec52a19-9148-4350-a1b4-ae0da05ee199,41.02464876476277,21.320767039678557,humidity,50
2025-12-14T10:21:08+01:00,fec52a19-9148-4350-a1b4-ae0da05ee199,41.02464876476277,21.320767039678557,noise,63
2025-12-14T10:21:08+01:00,fec52a19-9148-4350-a1b4-ae0da05ee199,41.02464876476277,21.320767039678557,noise_dba,52
2025-12-14T10:21:08+01:00,fec52a19-9148-4350-a1b4-ae0da05ee199,41.02464876476277,21.320767039678557,pm10,13
2025-12-14T10:21:08+01:00,fec52a19-9148-4350-a1b4-ae0da05ee199,41.02464876476277,21.320767039678557,pm25,5
2025-12-14T10:21:08+01:00,fec52a19-9148-4350-a1b4-ae0da05ee199,41.02464876476277,21.320767039678557,pressure,953
2025-12-14T10:21:08+01:00,fec52a19-9148-4350-a1b4-ae0da05ee199,41.02464876476277,21.320767039678557,temperature,9
2025-12-14T10:36:40+01:00,fec52a19-9148-4350-a1b4-ae0da05ee199,41.02464876476277,21.320767039678557,gasResistance,113753
2025-12-14T10:36:40+01:00,fec52a19-9148-4350-a1b4-ae0da05ee199,41.02464876476277,21.320767039678557,humidity,49
2025-12-14T10:36:40+01:00,fec52a19-9148-4350-a1b4-ae0da05ee199,41.02464876476277,21.320767039678557,noise,86
2025-12-14T10:36:40+01:00,fec52a19-9148-4350-a1b4-ae0da05ee199,41.02464876476277,21.320767039678557,noise_dba,57
2025-12-14T10:36:40+01:00,fec52a19-9148-4350-a1b4-ae0da05ee199,41.02464876476277,21.320767039678557,pm10,16
2025-12-14T10:36:40+01:00,fec52a19-9148-4350-a1b4-ae0da05ee199,41.02464876476277,21.320767039678557,pm25,6
2025-12-14T10:36:40+01:00,fec52a19-9148-4350-a1b4-ae0da05ee199,41.02464876476277,21.320767039678557,pressure,953
2025-12-14T10:36:40+01:00,fec52a19-9148-4350-a1b4-ae0da05ee199,41.02464876476277,21.320767039678557,temperature,10
2025-12-14T10:52:12+01:00,fec52a19-9148-4350-a1b4-ae0da05ee199,41.02464876476277,21.320767039678557,gasResistance,119196
2025-12-14T10:52:12+01:00,fec52a19-9148-4350-a1b4-ae0da05ee199,41.02464876476277,21.320767039678557,humidity,48
2025-12-14T10:52:12+01:00,fec52a19-9148-4350-a1b4-ae0da05ee199,41.02464876476277,21.320767039678557,noise,94
2025-12-14T10:52:12+01:00,fec52a19-9148-4350-a1b4-ae0da05ee199,41.02464876476277,21.320767039678557,noise_dba,58
2025-12-14T10:52:12+01:00,fec52a19-9148-4350-a1b4-ae0da05ee199,41.02464876476277,21.320767039678557,pm10,18
2025-12-14T10:52:12+01:00,fec52a19-9148-4350-a1b4-ae0da05ee199,41.02464876476277,21.320767039678557,pm25,6
2025-12-14T10:52:12+01:00,fec52a19-9148-4350-a1b4-ae0da05ee199,41.02464876476277,21.320767039678557,pressure,953
2025-12-14T10:52:12+01:00,fec52a19-9148-4350-a1b4-ae0da05ee199,41.02464876476277,21.320767039678557,temperature,11
2025-12-14T11:07:43+01:00,fec52a19-9148-4350-a1b4-ae0da05ee199,41.02464876476277,21.320767039678557,gasResistance,123703
2025-12-14T11:07:43+01:00,fec52a19-9148-4350-a1b4-ae0da05ee199,41.02464876476277,21.320767039678557,humidity,46
2025-12-14T11:07:43+01:00,fec52a19-9148-4350-a1b4-ae0da05ee199,41.02464876476277,21.320767039678557,noise,97
2025-12-14T11:07:43+01:00,fec52a19-9148-4350-a1b4-ae0da05ee199,41.02464876476277,21.320767039678557,noise_dba,59
2025-12-14T11:07:43+01:00,fec52a19-9148-4350-a1b4-ae0da05ee199,41.02464876476277,21.320767039678557,pm10,7
2025-12-14T11:07:43+01:00,fec52a19-9148-4350-a1b4-ae0da05ee199,41.02464876476277,21.320767039678557,pm25,3
2025-12-14T11:07:43+01:00,fec52a19-9148-4350-a1b4-ae0da05ee199,41.02464876476277,21.320767039678557,pressure,953
2025-12-14T11:07:43+01:00,fec52a19-9148-4350-a1b4-ae0da05ee199,41.02464876476277,21.320767039678557,temperature,11
2025-12-14T11:23:15+01:00,fec52a19-9148-4350-a1b4-ae0da05ee199,41.02464876476277,21.320767039678557,gasResistance,131398
2025-12-14T11:23:15+01:00,fec52a19-9148-4350-a1b4-ae0da05ee199,41.02464876476277,21.320767039678557,humidity,45
2025-12-14T11:23:15+01:00,fec52a19-9148-4350-a1b4-ae0da05ee199,41.02464876476277,21.320767039678557,noise,93
2025-12-14T11:23:15+01:00,fec52a19-9148-4350-a1b4-ae0da05ee199,41.02464876476277,21.320767039678557,noise_dba,58
2025-12-14T11:23:15+01:00,fec52a19-9148-4350-a1b4-ae0da05ee199,41.02464876476277,21.320767039678557,pm10,8
2025-12-14T11:23:15+01:00,fec52a19-9148-4350-a1b4-ae0da05ee199,41.02464876476277,21.320767039678557,pm25,3
2025-12-14T11:23:15+01:00,fec52a19-9148-4350-a1b4-ae0da05ee199,41.02464876476277,21.320767039678557,pressure,953
2025-12-14T11:23:15+01:00,fec52a19-9148-4350-a1b4-ae0da05ee199,41.02464876476277,21.320767039678557,temperature,12
2025-12-14T11:38:46+01:00,fec52a19-9148-4350-a1b4-ae0da05ee199,41.02464876476277,21.320767039678557,gasResistance,134252
2025-12-14T11:38:46+01:00,fec52a19-9148-4350-a1b4-ae0da05ee199,41.02464876476277,21.320767039678557,humidity,45
2025-12-14T11:38:46+01:00,fec52a19-9148-4350-a1b4-ae0da05ee199,41.02464876476277,21.320767039678557,noise,92
2025-12-14T11:38:46+01:00,fec52a19-9148-4350-a1b4-ae0da05ee199,41.02464876476277,21.320767039678557,noise_dba,58
2025-12-14T11:38:46+01:00,fec52a19-9148-4350-a1b4-ae0da05ee199,41.02464876476277,21.320767039678557,pm10,11
2025-12-14T11:38:46+01:00,fec52a19-9148-4350-a1b4-ae0da05ee199,41.02464876476277,21.320767039678557,pm25,5
2025-12-14T11:38:46+01:00,fec52a19-9148-4350-a1b4-ae0da05ee199,41.02464876476277,21.320767039678557,pressure,953
2025-12-14T11:38:46+01:00,fec52a19-9148-4350-a1b4-ae0da05ee199,41.02464876476277,21.320767039678557,temperature,12
2025-12-14T11:54:18+01:00,fec52a19-9148-4350-a1b4-ae0da05ee199,41.02464876476277,21.320767039678557,gasResistance,129662
2025-12-14T11:54:18+01:00,fec52a19-9148-4350-a1b4-ae0da05ee199,41.02464876476277,21.320767039678557,humidity,43
2025-12-14T11:54:18+01:00,fec52a19-9148-4350-a1b4-ae0da05ee199,41.02464876476277,21.320767039678557,noise,99
2025-12-14T11:54:18+01:00,fec52a19-9148-4350-a1b4-ae0da05ee199,41.02464876476277,21.320767039678557,noise_dba,59
2025-12-14T11:54:18+01:00,fec52a19-9148-4350-a1b4-ae0da05ee199,41.02464876476277,21.320767039678557,pm10,21
2025-12-14T11:54:18+01:00,fec52a19-9148-4350-a1b4-ae0da05ee199,41.02464876476277,21.320767039678557,pm25,5
2025-12-14T11:54:18+01:00,fec52a19-9148-4350-a1b4-ae0da05ee199,41.02464876476277,21.320767039678557,pressure,953
2025-12-14T11:54:18+01:00,fec52a19-9148-4350-a1b4-ae0da05ee199,41.02464876476277,21.320767039678557,temperature,13
2025-12-14T12:09:50+01:00,fec52a19-9148-4350-a1b4-ae0da05ee199,41.02464876476277,21.320767039678557,gasResistance,126901
2025-12-14T12:09:50+01:00,fec52a19-9148-4350-a1b4-ae0da05ee199,41.02464876476277,21.320767039678557,humidity,42
2025-12-14T12:09:50+01:00,fec52a19-9148-4350-a1b4-ae0da05ee199,41.02464876476277,21.320767039678557,noise,83
2025-12-14T12:09:50+01:00,fec52a19-9148-4350-a1b4-ae0da05ee199,41.02464876476277,21.320767039678557,noise_dba,56
2025-12-14T12:09:50+01:00,fec52a19-9148-4350-a1b4-ae0da05ee199,41.02464876476277,21.320767039678557,pm10,15
2025-12-14T12:09:50+01:00,fec52a19-9148-4350-a1b4-ae0da05ee199,41.02464876476277,21.320767039678557,pm25,6
2025-12-14T12:09:50+01:00,fec52a19-9148-4350-a1b4-ae0da05ee199,41.02464876476277,21.320767039678557,pressure,952
2025-12-14T12:09:50+01:00,fec52a19-9148-4350-a1b4-ae0da05ee199,41.02464876476277,21.320767039678557,temperature,13
2025-12-14T12:25:21+01:00,fec52a19-9148-4350-a1b4-ae0da05ee199,41.02464876476277,21.320767039678557,gasResistance,125000
2025-12-14T12:25:21+01:00,fec52a19-9148-4350-a1b4-ae0da05ee199,41.02464876476277,21.320767039678557,humidity,42
2025-12-14T12:25:21+01:00,fec52a19-9148-4350-a1b4-ae0da05ee199,41.02464876476277,21.320767039678557,noise,98
2025-12-14T12:25:21+01:00,fec52a19-9148-4350-a1b4-ae0da05ee199,41.02464876476277,21.320767039678557,noise_dba,59
2025-12-14T12:25:21+01:00,fec52a19-9148-4350-a1b4-ae0da05ee199,41.02464876476277,21.320767039678557,pm10,15
2025-12-14T12:25:21+01:00,fec52a19-9148-4350-a1b4-ae0da05ee199,41.02464876476277,21.320767039678557,pm25,7
2025-12-14T12:25:21+01:00,fec52a19-9148-4350-a1b4-ae0da05ee199,41.02464876476277,21.320767039678557,pressure,952
2025-12-14T12:25:21+01:00,fec52a19-9148-4350-a1b4-ae0da05ee199,41.02464876476277,21.320767039678557,temperature,14
2025-12-14T12:40:56+01:00,fec52a19-9148-4350-a1b4-ae0da05ee199,41.02464876476277,21.320767039678557,gasResistance,127776
2025-12-14T12:40:56+01:00,fec52a19-9148-4350-a1b4-ae0da05ee199,41.02464876476277,21.320767039678557,humidity,41
2025-12-14T12:40:56+01:00,fec52a19-9148-4350-a1b4-ae0da05ee199,41.02464876476277,21.320767039678557,noise,104
2025-12-14T12:40:56+01:00,fec52a19-9148-4350-a1b4-ae0da05ee199,41.02464876476277,21.320767039678557,noise_dba,60
2025-12-14T12:40:56+01:00,fec52a19-9148-4350-a1b4-ae0da05ee199,41.02464876476277,21.320767039678557,pm10,14
2025-12-14T12:40:56+01:00,fec52a19-9148-4350-a1b4-ae0da05ee199,41.02464876476277,21.320767039678557,pm25,6
2025-12-14T12:40:56+01:00,fec52a19-9148-4350-a1b4-ae0da05ee199,41.02464876476277,21.320767039678557,pressure,952
2025-12-14T12:40:56+01:00,fec52a19-9148-4350-a1b4-ae0da05ee199,41.02464876476277,21.320767039678557,temperature,14
2025-12-14T12:56:28+01:00,fec52a19-9148-4350-a1b4-ae0da05ee199,41.02464876476277,21.320767039678557,gasResistance,122883
2025-12-14T12:56:28+01:00,fec52a19-9148-4350-a1b4-ae0da05ee199,41.02464876476277,21.320767039678557,humidity,41
2025-12-14T12:56:28+01:00,fec52a19-9148-4350-a1b4-ae0da05ee199,41.02464876476277,21.320767039678557,noise,97
2025-12-14T12:56:28+01:00,fec52a19-9148-4350-a1b4-ae0da05ee199,41.02464876476277,21.320767039678557,noise_dba,59
2025-12-14T12:56:28+01:00,fec52a19-9148-4350-a1b4-ae0da05ee199,41.02464876476277,21.320767039678557,pm10,29
2025-12-14T12:56:28+01:00,fec52a19-9148-4350-a1b4-ae0da05ee199,41.02464876476277,21.320767039678557,pm25,9
2025-12-14T12:56:28+01:00,fec52a19-9148-4350-a1b4-ae0da05ee199,41.02464876476277,21.320767039678557,pressure,952
2025-12-14T12:56:28+01:00,fec52a19-9148-4350-a1b4-ae0da05ee199,41.02464876476277,21.320767039678557,temperature,15
2025-12-14T13:11:59+01:00,fec52a19-9148-4350-a1b4-ae0da05ee199,41.02464876476277,21.320767039678557,gasResistance,122432
2025-12-14T13:11:59+01:00,fec52a19-9148-4350-a1b4-ae0da05ee199,41.02464876476277,21.320767039678557,humidity,42
2025-12-14T13:11:59+01:00,fec52a19-9148-4350-a1b4-ae0da05ee199,41.02464876476277,21.320767039678557,noise,108
2025-12-14T13:11:59+01:00,fec52a19-9148-4350-a1b4-ae0da05ee199,41.02464876476277,21.320767039678557,noise_dba,61
2025-12-14T13:11:59+01:00,fec52a19-9148-4350-a1b4-ae0da05ee199,41.02464876476277,21.320767039678557,pm10,13
2025-12-14T13:11:59+01:00,fec52a19-9148-4350-a1b4-ae0da05ee199,41.02464876476277,21.320767039678557,pm25,7
2025-12-14T13:11:59+01:00,fec52a19-9148-4350-a1b4-ae0da05ee199,41.02464876476277,21.320767039678557,pressure,952
2025-12-14T13:11:59+01:00,fec52a19-9148-4350-a1b4-ae0da05ee199,41.02464876476277,21.320767039678557,temperature,15
2025-12-14T13:27:31+01:00,fec52a19-9148-4350-a1b4-ae0da05ee199,41.02464876476277,21.320767039678557,gasResistance,123246
2025-12-14T13:27:31+01:00,fec52a19-9148-4350-a1b4-ae0da05ee199,41.02464876476277,21.320767039678557,humidity,43
2025-12-14T13:27:31+01:00,fec52a19-9148-4350-a1b4-ae0da05ee199,41.02464876476277,21.320767039678557,noise,94
2025-12-14T13:27:31+01:00,fec52a19-9148-4350-a1b4-ae0da05ee199,41.02464876476277,21.320767039678557,noise_dba,58
2025-12-14T13:27:31+01:00,fec52a19-9148-4350-a1b4-ae0da05ee199,41.02464876476277,21.320767039678557,pm10,16
2025-12-14T13:27:31+01:00,fec52a19-9148-4350-a1b4-ae0da05ee199,41.02464876476277,21.320767039678557,pm25,7
2025-12-14T13:27:31+01:00,fec52a19-9148-4350-a1b4-ae0da05ee199,41.02464876476277,21.320767039678557,pressure,952
2025-12-14T13:27:31+01:00,fec52a19-9148-4350-a1b4-ae0da05ee199,41.02464876476277,21.320767039678557,temperature,15
2025-12-14T13:43:02+01:00,fec52a19-9148-4350-a1b4-ae0da05ee199,41.02464876476277,21.320767039678557,gasResistance,129662
2025-12-14T13:43:02+01:00,fec52a19-9148-4350-a1b4-ae0da05ee199,41.02464876476277,21.320767039678557,humidity,43
2025-12-14T13:43:02+01:00,fec52a19-9148-4350-a1b4-ae0da05ee199,41.02464876476277,21.320767039678557,noise,95
2025-12-14T13:43:02+01:00,fec52a19-9148-4350-a1b4-ae0da05ee199,41.02464876476277,21.320767039678557,noise_dba,59
2025-12-14T13:43:02+01:00,fec52a19-9148-4350-a1b4-ae0da05ee199,41.02464876476277,21.320767039678557,pm10,9
2025-12-14T13:43:02+01:00,fec52a19-9148-4350-a1b4-ae0da05ee199,41.02464876476277,21.320767039678557,pm25,5
2025-12-14T13:43:02+01:00,fec52a19-9148-4350-a1b4-ae0da05ee199,41.02464876476277,21.320767039678557,pressure,952
2025-12-14T13:43:02+01:00,fec52a19-9148-4350-a1b4-ae0da05ee199,41.02464876476277,21.320767039678557,temperature,15
2025-12-14T13:58:34+01:00,fec52a19-9148-4350-a1b4-ae0da05ee199,41.02464876476277,21.320767039678557,gasResistance,115564
2025-12-14T13:58:34+01:00,fec52a19-9148-4350-a1b4-ae0da05ee199,41.02464876476277,21.320767039678557,humidity,43
2025-12-14T13:58:34+01:00,fec52a19-9148-4350-a1b4-ae0da05ee199,41.02464876476277,21.320767039678557,noise,88
2025-12-14T13:58:34+01:00,fec52a19-9148-4350-a1b4-ae0da05ee199,41.02464876476277,21.320767039678557,noise_dba,57
2025-12-14T13:58:34+01:00,fec52a19-9148-4350-a1b4-ae0da05ee199,41.02464876476277,21.320767039678557,pm10,19
2025-12-14T13:58:34+01:00,fec52a19-9148-4350-a1b4-ae0da05ee199,41.02464876476277,21.320767039678557,pm25,9
2025-12-14T13:58:34+01:00,fec52a19-9148-4350-a1b4-ae0da05ee199,41.02464876476277,21.320767039678557,pressure,952
2025-12-14T13:58:34+01:00,fec52a19-9148-4350-a1b4-ae0da05ee199,41.02464876476277,21.320767039678557,temperature,15
2025-12-14T14:14:05+01:00,fec52a19-9148-4350-a1b4-ae0da05ee199,41.02464876476277,21.320767039678557,gasResistance,120487
2025-12-14T14:14:05+01:00,fec52a19-9148-4350-a1b4-ae0da05ee199,41.02464876476277,21.320767039678557,humidity,41
2025-12-14T14:14:05+01:00,fec52a19-9148-4350-a1b4-ae0da05ee199,41.02464876476277,21.320767039678557,noise,102
2025-12-14T14:14:05+01:00,fec52a19-9148-4350-a1b4-ae0da05ee199,41.02464876476277,21.320767039678557,noise_dba,60
2025-12-14T14:14:05+01:00,fec52a19-9148-4350-a1b4-ae0da05ee199,41.02464876476277,21.320767039678557,pm10,9
2025-12-14T14:14:05+01:00,fec52a19-9148-4350-a1b4-ae0da05ee199,41.02464876476277,21.320767039678557,pm25,6
2025-12-14T14:14:05+01:00,fec52a19-9148-4350-a1b4-ae0da05ee199,41.02464876476277,21.320767039678557,pressure,952
2025-12-14T14:14:05+01:00,fec52a19-9148-4350-a1b4-ae0da05ee199,41.02464876476277,21.320767039678557,temperature,14
2025-12-14T14:29:37+01:00,fec52a19-9148-4350-a1b4-ae0da05ee199,41.02464876476277,21.320767039678557,gasResistance,131294
2025-12-14T14:29:37+01:00,fec52a19-9148-4350-a1b4-ae0da05ee199,41.02464876476277,21.320767039678557,humidity,41
2025-12-14T14:29:37+01:00,fec52a19-9148-4350-a1b4-ae0da05ee199,41.02464876476277,21.320767039678557,noise,121
2025-12-14T14:29:37+01:00,fec52a19-9148-4350-a1b4-ae0da05ee199,41.02464876476277,21.320767039678557,noise_dba,63
2025-12-14T14:29:37+01:00,fec52a19-9148-4350-a1b4-ae0da05ee199,41.02464876476277,21.320767039678557,pm10,10
2025-12-14T14:29:37+01:00,fec52a19-9148-4350-a1b4-ae0da05ee199,41.02464876476277,21.320767039678557,pm25,5
2025-12-14T14:29:37+01:00,fec52a19-9148-4350-a1b4-ae0da05ee199,41.02464876476277,21.320767039678557,pressure,952
2025-12-14T14:29:37+01:00,fec52a19-9148-4350-a1b4-ae0da05ee199,41.02464876476277,21.320767039678557,temperature,14
2025-12-14T14:45:09+01:00,fec52a19-9148-4350-a1b4-ae0da05ee199,41.02464876476277,21.320767039678557,gasResistance,129060
2025-12-14T14:45:09+01:00,fec52a19-9148-4350-a1b4-ae0da05ee199,41.02464876476277,21.320767039678557,humidity,40
2025-12-14T14:45:09+01:00,fec52a19-9148-4350-a1b4-ae0da05ee199,41.02464876476277,21.320767039678557,noise,100
2025-12-14T14:45:09+01:00,fec52a19-9148-4350-a1b4-ae0da05ee199,41.02464876476277,21.320767039678557,noise_dba,59
2025-12-14T14:45:09+01:00,fec52a19-9148-4350-a1b4-ae0da05ee199,41.02464876476277,21.320767039678557,pm10,16
2025-12-14T14:45:09+01:00,fec52a19-9148-4350-a1b4-ae0da05ee199,41.02464876476277,21.320767039678557,pm25,7
2025-12-14T14:45:09+01:00,fec52a19-9148-4350-a1b4-ae0da05ee199,41.02464876476277,21.320767039678557,pressure,952
2025-12-14T14:45:09+01:00,fec52a19-9148-4350-a1b4-ae0da05ee199,41.02464876476277,21.320767039678557,temperature,14
2025-12-14T15:00:40+01:00,fec52a19-9148-4350-a1b4-ae0da05ee199,41.02464876476277,21.320767039678557,gasResistance,107108
2025-12-14T15:00:40+01:00,fec52a19-9148-4350-a1b4-ae0da05ee199,41.02464876476277,21.320767039678557,humidity,44
2025-12-14T15:00:40+01:00,fec52a19-9148-4350-a1b4-ae0da05ee199,41.02464876476277,21.320767039678557,noise,100
2025-12-14T15:00:40+01:00,fec52a19-9148-4350-a1b4-ae0da05ee199,41.02464876476277,21.320767039678557,noise_dba,59
2025-12-14T15:00:40+01:00,fec52a19-9148-4350-a1b4-ae0da05ee199,41.02464876476277,21.320767039678557,pm10,17
2025-12-14T15:00:40+01:00,fec52a19-9148-4350-a1b4-ae0da05ee199,41.02464876476277,21.320767039678557,pm25,8
2025-12-14T15:00:40+01:00,fec52a19-9148-4350-a1b4-ae0da05ee199,41.02464876476277,21.320767039678557,pressure,952
2025-12-14T15:00:40+01:00,fec52a19-9148-4350-a1b4-ae0da05ee199,41.02464876476277,21.320767039678557,temperature,14
2025-12-14T15:16:11+01:00,fec52a19-9148-4350-a1b4-ae0da05ee199,41.02464876476277,21.320767039678557,gasResistance,93089
2025-12-14T15:16:11+01:00,fec52a19-9148-4350-a1b4-ae0da05ee199,41.02464876476277,21.320767039678557,humidity,47
2025-12-14T15:16:11+01:00,fec52a19-9148-4350-a1b4-ae0da05ee199,41.02464876476277,21.320767039678557,noise,96
2025-12-14T15:16:11+01:00,fec52a19-9148-4350-a1b4-ae0da05ee199,41.02464876476277,21.320767039678557,noise_dba,59
2025-12-14T15:16:11+01:00,fec52a19-9148-4350-a1b4-ae0da05ee199,41.02464876476277,21.320767039678557,pm10,12
2025-12-14T15:16:11+01:00,fec52a19-9148-4350-a1b4-ae0da05ee199,41.02464876476277,21.320767039678557,pm25,5
2025-12-14T15:16:11+01:00,fec52a19-9148-4350-a1b4-ae0da05ee199,41.02464876476277,21.320767039678557,pressure,952
2025-12-14T15:16:11+01:00,fec52a19-9148-4350-a1b4-ae0da05ee199,41.02464876476277,21.320767039678557,temperature,13
2025-12-14T15:31:43+01:00,fec52a19-9148-4350-a1b4-ae0da05ee199,41.02464876476277,21.320767039678557,gasResistance,88733
2025-12-14T15:31:43+01:00,fec52a19-9148-4350-a1b4-ae0da05ee199,41.02464876476277,21.320767039678557,humidity,48
2025-12-14T15:31:43+01:00,fec52a19-9148-4350-a1b4-ae0da05ee199,41.02464876476277,21.320767039678557,noise,97
2025-12-14T15:31:43+01:00,fec52a19-9148-4350-a1b4-ae0da05ee199,41.02464876476277,21.320767039678557,noise_dba,59
2025-12-14T15:31:43+01:00,fec52a19-9148-4350-a1b4-ae0da05ee199,41.02464876476277,21.320767039678557,pm10,14
2025-12-14T15:31:43+01:00,fec52a19-9148-4350-a1b4-ae0da05ee199,41.02464876476277,21.320767039678557,pm25,6
2025-12-14T15:31:43+01:00,fec52a19-9148-4350-a1b4-ae0da05ee199,41.02464876476277,21.320767039678557,pressure,952
2025-12-14T15:31:43+01:00,fec52a19-9148-4350-a1b4-ae0da05ee199,41.02464876476277,21.320767039678557,temperature,12
2025-12-14T15:47:15+01:00,fec52a19-9148-4350-a1b4-ae0da05ee199,41.02464876476277,21.320767039678557,gasResistance,81856
2025-12-14T15:47:15+01:00,fec52a19-9148-4350-a1b4-ae0da05ee199,41.02464876476277,21.320767039678557,humidity,49
2025-12-14T15:47:15+01:00,fec52a19-9148-4350-a1b4-ae0da05ee199,41.02464876476277,21.320767039678557,pm10,8
2025-12-14T15:47:15+01:00,fec52a19-9148-4350-a1b4-ae0da05ee199,41.02464876476277,21.320767039678557,pm25,4
2025-12-14T15:47:15+01:00,fec52a19-9148-4350-a1b4-ae0da05ee199,41.02464876476277,21.320767039678557,pressure,952
2025-12-14T15:47:15+01:00,fec52a19-9148-4350-a1b4-ae0da05ee199,41.02464876476277,21.320767039678557,temperature,11
2025-12-14T16:02:36+01:00,fec52a19-9148-4350-a1b4-ae0da05ee199,41.02464876476277,21.320767039678557,gasResistance,82585
2025-12-14T16:02:36+01:00,fec52a19-9148-4350-a1b4-ae0da05ee199,41.02464876476277,21.320767039678557,humidity,50
2025-12-14T16:02:36+01:00,fec52a19-9148-4350-a1b4-ae0da05ee199,41.02464876476277,21.320767039678557,pressure,952
2025-12-14T16:02:36+01:00,fec52a19-9148-4350-a1b4-ae0da05ee199,41.02464876476277,21.320767039678557,temperature,10
2025-12-14T16:18:09+01:00,fec52a19-9148-4350-a1b4-ae0da05ee199,41.02464876476277,21.320767039678557,gasResistance,81377
2025-12-14T16:18:09+01:00,fec52a19-9148-4350-a1b4-ae0da05ee199,41.02464876476277,21.320767039678557,humidity,51
2025-12-14T16:18:09+01:00,fec52a19-9148-4350-a1b4-ae0da05ee199,41.02464876476277,21.320767039678557,pm10,13
2025-12-14T16:18:09+01:00,fec52a19-9148-4350-a1b4-ae0da05ee199,41.02464876476277,21.320767039678557,pm25,6
2025-12-14T16:18:09+01:00,fec52a19-9148-4350-a1b4-ae0da05ee199,41.02464876476277,21.320767039678557,pressure,952
2025-12-14T16:18:09+01:00,fec52a19-9148-4350-a1b4-ae0da05ee199,41.02464876476277,21.320767039678557,temperature,9
2025-12-14T16:33:41+01:00,fec52a19-9148-4350-a1b4-ae0da05ee199,41.02464876476277,21.320767039678557,gasResistance,85725
2025-12-14T16:33:41+01:00,fec52a19-9148-4350-a1b4-ae0da05ee199,41.02464876476277,21.320767039678557,humidity,52
2025-12-14T16:33:41+01:00,fec52a19-9148-4350-a1b4-ae0da05ee199,41.02464876476277,21.320767039678557,pm10,15
2025-12-14T16:33:41+01:00,fec52a19-9148-4350-a1b4-ae0da05ee199,41.02464876476277,21.320767039678557,pm25,6
2025-12-14T16:33:41+01:00,fec52a19-9148-4350-a1b4-ae0da05ee199,41.02464876476277,21.320767039678557,pressure,952
2025-12-14T16:33:41+01:00,fec52a19-9148-4350-a1b4-ae0da05ee199,41.02464876476277,21.320767039678557,temperature,9
2025-12-14T16:49:12+01:00,fec52a19-9148-4350-a1b4-ae0da05ee199,41.02464876476277,21.320767039678557,gasResistance,86435
2025-12-14T16:49:12+01:00,fec52a19-9148-4350-a1b4-ae0da05ee199,41.02464876476277,21.320767039678557,humidity,49
2025-12-14T16:49:12+01:00,fec52a19-9148-4350-a1b4-ae0da05ee199,41.02464876476277,21.320767039678557,pm10,12
2025-12-14T16:49:12+01:00,fec52a19-9148-4350-a1b4-ae0da05ee199,41.02464876476277,21.320767039678557,pm25,6
2025-12-14T16:49:12+01:00,fec52a19-9148-4350-a1b4-ae0da05ee199,41.02464876476277,21.320767039678557,pressure,952
2025-12-14T16:49:12+01:00,fec52a19-9148-4350-a1b4-ae0da05ee199,41.02464876476277,21.320767039678557,temperature,8
2025-12-14T17:04:43+01:00,fec52a19-9148-4350-a1b4-ae0da05ee199,41.02464876476277,21.320767039678557,gasResistance,87892
2025-12-14T17:04:43+01:00,fec52a19-9148-4350-a1b4-ae0da05ee199,41.02464876476277,21.320767039678557,humidity,51
2025-12-14T17:04:43+01:00,fec52a19-9148-4350-a1b4-ae0da05ee199,41.02464876476277,21.320767039678557,pm10,6
2025-12-14T17:04:43+01:00,fec52a19-9148-4350-a1b4-ae0da05ee199,41.02464876476277,21.320767039678557,pm25,4
2025-12-14T17:04:43+01:00,fec52a19-9148-4350-a1b4-ae0da05ee199,41.02464876476277,21.320767039678557,pressure,952
2025-12-14T17:04:43+01:00,fec52a19-9148-4350-a1b4-ae0da05ee199,41.02464876476277,21.320767039678557,temperature,8
2025-12-14T17:20:15+01:00,fec52a19-9148-4350-a1b4-ae0da05ee199,41.02464876476277,21.320767039678557,gasResistance,87523
2025-12-14T17:20:15+01:00,fec52a19-9148-4350-a1b4-ae0da05ee199,41.02464876476277,21.320767039678557,humidity,52
2025-12-14T17:20:15+01:00,fec52a19-9148-4350-a1b4-ae0da05ee199,41.02464876476277,21.320767039678557,pm10,9
2025-12-14T17:20:15+01:00,fec52a19-9148-4350-a1b4-ae0da05ee199,41.02464876476277,21.320767039678557,pm25,5
2025-12-14T17:20:15+01:00,fec52a19-9148-4350-a1b4-ae0da05ee199,41.02464876476277,21.320767039678557,pressure,952
2025-12-14T17:20:15+01:00,fec52a19-9148-4350-a1b4-ae0da05ee199,41.02464876476277,21.320767039678557,temperature,8
2025-12-14T17:51:41+01:00,fec52a19-9148-4350-a1b4-ae0da05ee199,41.02464876476277,21.320767039678557,gasResistance,0
2025-12-14T17:51:41+01:00,fec52a19-9148-4350-a1b4-ae0da05ee199,41.02464876476277,21.320767039678557,humidity,52
2025-12-14T17:51:41+01:00,fec52a19-9148-4350-a1b4-ae0da05ee199,41.02464876476277,21.320767039678557,pm10,7
2025-12-14T17:51:41+01:00,fec52a19-9148-4350-a1b4-ae0da05ee199,41.02464876476277,21.320767039678557,pm25,6
2025-12-14T17:51:41+01:00,fec52a19-9148-4350-a1b4-ae0da05ee199,41.02464876476277,21.320767039678557,pressure,952
2025-12-14T17:51:41+01:00,fec52a19-9148-4350-a1b4-ae0da05ee199,41.02464876476277,21.320767039678557,temperature,6
2025-12-14T18:07:13+01:00,fec52a19-9148-4350-a1b4-ae0da05ee199,41.02464876476277,21.320767039678557,gasResistance,87157
2025-12-14T18:07:13+01:00,fec52a19-9148-4350-a1b4-ae0da05ee199,41.02464876476277,21.320767039678557,humidity,52
2025-12-14T18:07:13+01:00,fec52a19-9148-4350-a1b4-ae0da05ee199,41.02464876476277,21.320767039678557,pm10,4
2025-12-14T18:07:13+01:00,fec52a19-9148-4350-a1b4-ae0da05ee199,41.02464876476277,21.320767039678557,pm25,3
2025-12-14T18:07:13+01:00,fec52a19-9148-4350-a1b4-ae0da05ee199,41.02464876476277,21.320767039678557,pressure,952
2025-12-14T18:07:13+01:00,fec52a19-9148-4350-a1b4-ae0da05ee199,41.02464876476277,21.320767039678557,temperature,6
2025-12-14T18:22:45+01:00,fec52a19-9148-4350-a1b4-ae0da05ee199,41.02464876476277,21.320767039678557,gasResistance,117352
2025-12-14T18:22:45+01:00,fec52a19-9148-4350-a1b4-ae0da05ee199,41.02464876476277,21.320767039678557,humidity,48
2025-12-14T18:22:45+01:00,fec52a19-9148-4350-a1b4-ae0da05ee199,41.02464876476277,21.320767039678557,pm10,5
2025-12-14T18:22:45+01:00,fec52a19-9148-4350-a1b4-ae0da05ee199,41.02464876476277,21.320767039678557,pm25,2
2025-12-14T18:22:45+01:00,fec52a19-9148-4350-a1b4-ae0da05ee199,41.02464876476277,21.320767039678557,pressure,952
2025-12-14T18:22:45+01:00,fec52a19-9148-4350-a1b4-ae0da05ee199,41.02464876476277,21.320767039678557,temperature,7
2025-12-14T18:38:16+01:00,fec52a19-9148-4350-a1b4-ae0da05ee199,41.02464876476277,21.320767039678557,gasResistance,125470
2025-12-14T18:38:16+01:00,fec52a19-9148-4350-a1b4-ae0da05ee199,41.02464876476277,21.320767039678557,humidity,47
2025-12-14T18:38:16+01:00,fec52a19-9148-4350-a1b4-ae0da05ee199,41.02464876476277,21.320767039678557,pm10,5
2025-12-14T18:38:16+01:00,fec52a19-9148-4350-a1b4-ae0da05ee199,41.02464876476277,21.320767039678557,pm25,2
2025-12-14T18:38:16+01:00,fec52a19-9148-4350-a1b4-ae0da05ee199,41.02464876476277,21.320767039678557,pressure,952
2025-12-14T18:38:16+01:00,fec52a19-9148-4350-a1b4-ae0da05ee199,41.02464876476277,21.320767039678557,temperature,7
2025-12-14T18:53:48+01:00,fec52a19-9148-4350-a1b4-ae0da05ee199,41.02464876476277,21.320767039678557,gasResistance,111473
2025-12-14T18:53:48+01:00,fec52a19-9148-4350-a1b4-ae0da05ee199,41.02464876476277,21.320767039678557,humidity,47
2025-12-14T18:53:48+01:00,fec52a19-9148-4350-a1b4-ae0da05ee199,41.02464876476277,21.320767039678557,pm10,13
2025-12-14T18:53:48+01:00,fec52a19-9148-4350-a1b4-ae0da05ee199,41.02464876476277,21.320767039678557,pm25,4
2025-12-14T18:53:48+01:00,fec52a19-9148-4350-a1b4-ae0da05ee199,41.02464876476277,21.320767039678557,pressure,952
2025-12-14T18:53:48+01:00,fec52a19-9148-4350-a1b4-ae0da05ee199,41.02464876476277,21.320767039678557,temperature,7
2025-12-14T19:09:19+01:00,fec52a19-9148-4350-a1b4-ae0da05ee199,41.02464876476277,21.320767039678557,gasResistance,116370
2025-12-14T19:09:19+01:00,fec52a19-9148-4350-a1b4-ae0da05ee199,41.02464876476277,21.320767039678557,humidity,47
2025-12-14T19:09:19+01:00,fec52a19-9148-4350-a1b4-ae0da05ee199,41.02464876476277,21.320767039678557,pm10,12
2025-12-14T19:09:19+01:00,fec52a19-9148-4350-a1b4-ae0da05ee199,41.02464876476277,21.320767039678557,pm25,2
2025-12-14T19:09:19+01:00,fec52a19-9148-4350-a1b4-ae0da05ee199,41.02464876476277,21.320767039678557,pressure,952
2025-12-14T19:09:19+01:00,fec52a19-9148-4350-a1b4-ae0da05ee199,41.02464876476277,21.320767039678557,temperature,7
2025-12-14T19:24:51+01:00,fec52a19-9148-4350-a1b4-ae0da05ee199,41.02464876476277,21.320767039678557,gasResistance,120487
2025-12-14T19:24:51+01:00,fec52a19-9148-4350-a1b4-ae0da05ee199,41.02464876476277,21.320767039678557,humidity,47
2025-12-14T19:24:51+01:00,fec52a19-9148-4350-a1b4-ae0da05ee199,41.02464876476277,21.320767039678557,pm10,11
2025-12-14T19:24:51+01:00,fec52a19-9148-4350-a1b4-ae0da05ee199,41.02464876476277,21.320767039678557,pm25,3
2025-12-14T19:24:51+01:00,fec52a19-9148-4350-a1b4-ae0da05ee199,41.02464876476277,21.320767039678557,pressure,952
2025-12-14T19:24:51+01:00,fec52a19-9148-4350-a1b4-ae0da05ee199,41.02464876476277,21.320767039678557,temperature,7
2025-12-14T19:40:23+01:00,fec52a19-9148-4350-a1b4-ae0da05ee199,41.02464876476277,21.320767039678557,gasResistance,101382
2025-12-14T19:40:23+01:00,fec52a19-9148-4350-a1b4-ae0da05ee199,41.02464876476277,21.320767039678557,humidity,49
2025-12-14T19:40:23+01:00,fec52a19-9148-4350-a1b4-ae0da05ee199,41.02464876476277,21.320767039678557,pm10,2
2025-12-14T19:40:23+01:00,fec52a19-9148-4350-a1b4-ae0da05ee199,41.02464876476277,21.320767039678557,pm25,2
2025-12-14T19:40:23+01:00,fec52a19-9148-4350-a1b4-ae0da05ee199,41.02464876476277,21.320767039678557,pressure,952
2025-12-14T19:40:23+01:00,fec52a19-9148-4350-a1b4-ae0da05ee199,41.02464876476277,21.320767039678557,temperature,7
2025-12-14T19:55:54+01:00,fec52a19-9148-4350-a1b4-ae0da05ee199,41.02464876476277,21.320767039678557,gasResistance,97020
2025-12-14T19:55:54+01:00,fec52a19-9148-4350-a1b4-ae0da05ee199,41.02464876476277,21.320767039678557,humidity,49
2025-12-14T19:55:54+01:00,fec52a19-9148-4350-a1b4-ae0da05ee199,41.02464876476277,21.320767039678557,pm10,3
2025-12-14T19:55:54+01:00,fec52a19-9148-4350-a1b4-ae0da05ee199,41.02464876476277,21.320767039678557,pm25,2
2025-12-14T19:55:54+01:00,fec52a19-9148-4350-a1b4-ae0da05ee199,41.02464876476277,21.320767039678557,pressure,952
2025-12-14T19:55:54+01:00,fec52a19-9148-4350-a1b4-ae0da05ee199,41.02464876476277,21.320767039678557,temperature,7
2025-12-14T20:11:25+01:00,fec52a19-9148-4350-a1b4-ae0da05ee199,41.02464876476277,21.320767039678557,gasResistance,100709
2025-12-14T20:11:25+01:00,fec52a19-9148-4350-a1b4-ae0da05ee199,41.02464876476277,21.320767039678557,humidity,48
2025-12-14T20:11:25+01:00,fec52a19-9148-4350-a1b4-ae0da05ee199,41.02464876476277,21.320767039678557,pm10,11
2025-12-14T20:11:25+01:00,fec52a19-9148-4350-a1b4-ae0da05ee199,41.02464876476277,21.320767039678557,pm25,3
2025-12-14T20:11:25+01:00,fec52a19-9148-4350-a1b4-ae0da05ee199,41.02464876476277,21.320767039678557,pressure,952
2025-12-14T20:11:25+01:00,fec52a19-9148-4350-a1b4-ae0da05ee199,41.02464876476277,21.320767039678557,temperature,7
2025-12-14T20:26:57+01:00,fec52a19-9148-4350-a1b4-ae0da05ee199,41.02464876476277,21.320767039678557,gasResistance,105417
2025-12-14T20:26:57+01:00,fec52a19-9148-4350-a1b4-ae0da05ee199,41.02464876476277,21.320767039678557,humidity,48
2025-12-14T20:26:57+01:00,fec52a19-9148-4350-a1b4-ae0da05ee199,41.02464876476277,21.320767039678557,pm10,2
2025-12-14T20:26:57+01:00,fec52a19-9148-4350-a1b4-ae0da05ee199,41.02464876476277,21.320767039678557,pm25,1
2025-12-14T20:26:57+01:00,fec52a19-9148-4350-a1b4-ae0da05ee199,41.02464876476277,21.320767039678557,pressure,952
2025-12-14T20:26:57+01:00,fec52a19-9148-4350-a1b4-ae0da05ee199,41.02464876476277,21.320767039678557,temperature,6
2025-12-14T20:42:29+01:00,fec52a19-9148-4350-a1b4-ae0da05ee199,41.02464876476277,21.320767039678557,gasResistance,113136
2025-12-14T20:42:29+01:00,fec52a19-9148-4350-a1b4-ae0da05ee199,41.02464876476277,21.320767039678557,humidity,47
2025-12-14T20:42:29+01:00,fec52a19-9148-4350-a1b4-ae0da05ee199,41.02464876476277,21.320767039678557,pm10,15
2025-12-14T20:42:29+01:00,fec52a19-9148-4350-a1b4-ae0da05ee199,41.02464876476277,21.320767039678557,pm25,2
2025-12-14T20:42:29+01:00,fec52a19-9148-4350-a1b4-ae0da05ee199,41.02464876476277,21.320767039678557,pressure,953
2025-12-14T20:42:29+01:00,fec52a19-9148-4350-a1b4-ae0da05ee199,41.02464876476277,21.320767039678557,temperature,6
2025-12-14T21:35:52+01:00,fec52a19-9148-4350-a1b4-ae0da05ee199,41.02464876476277,21.320767039678557,gasResistance,0
2025-12-14T21:35:52+01:00,fec52a19-9148-4350-a1b4-ae0da05ee199,41.02464876476277,21.320767039678557,humidity,44
2025-12-14T21:35:52+01:00,fec52a19-9148-4350-a1b4-ae0da05ee199,41.02464876476277,21.320767039678557,pressure,953
2025-12-14T21:35:52+01:00,fec52a19-9148-4350-a1b4-ae0da05ee199,41.02464876476277,21.320767039678557,temperature,7
2025-12-14T21:51:23+01:00,fec52a19-9148-4350-a1b4-ae0da05ee199,41.02464876476277,21.320767039678557,gasResistance,99212
2025-12-14T21:51:23+01:00,fec52a19-9148-4350-a1b4-ae0da05ee199,41.02464876476277,21.320767039678557,humidity,47
2025-12-14T21:51:23+01:00,fec52a19-9148-4350-a1b4-ae0da05ee199,41.02464876476277,21.320767039678557,pm10,6
2025-12-14T21:51:23+01:00,fec52a19-9148-4350-a1b4-ae0da05ee199,41.02464876476277,21.320767039678557,pm25,4
2025-12-14T21:51:23+01:00,fec52a19-9148-4350-a1b4-ae0da05ee199,41.02464876476277,21.320767039678557,pressure,953
2025-12-14T21:51:23+01:00,fec52a19-9148-4350-a1b4-ae0da05ee199,41.02464876476277,21.320767039678557,temperature,7
2025-12-14T22:06:55+01:00,fec52a19-9148-4350-a1b4-ae0da05ee199,41.02464876476277,21.320767039678557,gasResistance,94566
2025-12-14T22:06:55+01:00,fec52a19-9148-4350-a1b4-ae0da05ee199,41.02464876476277,21.320767039678557,humidity,48
2025-12-14T22:06:55+01:00,fec52a19-9148-4350-a1b4-ae0da05ee199,41.02464876476277,21.320767039678557,pm10,11
2025-12-14T22:06:55+01:00,fec52a19-9148-4350-a1b4-ae0da05ee199,41.02464876476277,21.320767039678557,pm25,3
2025-12-14T22:06:55+01:00,fec52a19-9148-4350-a1b4-ae0da05ee199,41.02464876476277,21.320767039678557,pressure,953
2025-12-14T22:06:55+01:00,fec52a19-9148-4350-a1b4-ae0da05ee199,41.02464876476277,21.320767039678557,temperature,6
2025-12-14T22:22:26+01:00,fec52a19-9148-4350-a1b4-ae0da05ee199,41.02464876476277,21.320767039678557,gasResistance,93716
2025-12-14T22:22:26+01:00,fec52a19-9148-4350-a1b4-ae0da05ee199,41.02464876476277,21.320767039678557,humidity,50
2025-12-14T22:22:26+01:00,fec52a19-9148-4350-a1b4-ae0da05ee199,41.02464876476277,21.320767039678557,pm10,13
2025-12-14T22:22:26+01:00,fec52a19-9148-4350-a1b4-ae0da05ee199,41.02464876476277,21.320767039678557,pm25,3
2025-12-14T22:22:26+01:00,fec52a19-9148-4350-a1b4-ae0da05ee199,41.02464876476277,21.320767039678557,pressure,953
2025-12-14T22:22:26+01:00,fec52a19-9148-4350-a1b4-ae0da05ee199,41.02464876476277,21.320767039678557,temperature,6
2025-12-14T22:37:58+01:00,fec52a19-9148-4350-a1b4-ae0da05ee199,41.02464876476277,21.320767039678557,gasResistance,99627
2025-12-14T22:37:58+01:00,fec52a19-9148-4350-a1b4-ae0da05ee199,41.02464876476277,21.320767039678557,humidity,50
2025-12-14T22:37:58+01:00,fec52a19-9148-4350-a1b4-ae0da05ee199,41.02464876476277,21.320767039678557,pm10,9
2025-12-14T22:37:58+01:00,fec52a19-9148-4350-a1b4-ae0da05ee199,41.02464876476277,21.320767039678557,pm25,2
2025-12-14T22:37:58+01:00,fec52a19-9148-4350-a1b4-ae0da05ee199,41.02464876476277,21.320767039678557,pressure,953
2025-12-14T22:37:58+01:00,fec52a19-9148-4350-a1b4-ae0da05ee199,41.02464876476277,21.320767039678557,temperature,6
2025-12-14T22:53:30+01:00,fec52a19-9148-4350-a1b4-ae0da05ee199,41.02464876476277,21.320767039678557,gasResistance,126516
2025-12-14T22:53:30+01:00,fec52a19-9148-4350-a1b4-ae0da05ee199,41.02464876476277,21.320767039678557,humidity,48
2025-12-14T22:53:30+01:00,fec52a19-9148-4350-a1b4-ae0da05ee199,41.02464876476277,21.320767039678557,pm10,7
2025-12-14T22:53:30+01:00,fec52a19-9148-4350-a1b4-ae0da05ee199,41.02464876476277,21.320767039678557,pm25,6
2025-12-14T22:53:30+01:00,fec52a19-9148-4350-a1b4-ae0da05ee199,41.02464876476277,21.320767039678557,pressure,953
2025-12-14T22:53:30+01:00,fec52a19-9148-4350-a1b4-ae0da05ee199,41.02464876476277,21.320767039678557,temperature,5
2025-12-14T23:09:01+01:00,fec52a19-9148-4350-a1b4-ae0da05ee199,41.02464876476277,21.320767039678557,gasResistance,112525
2025-12-14T23:09:01+01:00,fec52a19-9148-4350-a1b4-ae0da05ee199,41.02464876476277,21.320767039678557,humidity,48
2025-12-14T23:09:01+01:00,fec52a19-9148-4350-a1b4-ae0da05ee199,41.02464876476277,21.320767039678557,pm10,2
2025-12-14T23:09:01+01:00,fec52a19-9148-4350-a1b4-ae0da05ee199,41.02464876476277,21.320767039678557,pm25,2
2025-12-14T23:09:01+01:00,fec52a19-9148-4350-a1b4-ae0da05ee199,41.02464876476277,21.320767039678557,pressure,953
2025-12-14T23:09:01+01:00,fec52a19-9148-4350-a1b4-ae0da05ee199,41.02464876476277,21.320767039678557,temperature,5
2025-12-14T23:24:33+01:00,fec52a19-9148-4350-a1b4-ae0da05ee199,41.02464876476277,21.320767039678557,gasResistance,116859
2025-12-14T23:24:33+01:00,fec52a19-9148-4350-a1b4-ae0da05ee199,41.02464876476277,21.320767039678557,humidity,48
2025-12-14T23:24:33+01:00,fec52a19-9148-4350-a1b4-ae0da05ee199,41.02464876476277,21.320767039678557,pm10,6
2025-12-14T23:24:33+01:00,fec52a19-9148-4350-a1b4-ae0da05ee199,41.02464876476277,21.320767039678557,pm25,2
2025-12-14T23:24:33+01:00,fec52a19-9148-4350-a1b4-ae0da05ee199,41.02464876476277,21.320767039678557,pressure,954
2025-12-14T23:24:33+01:00,fec52a19-9148-4350-a1b4-ae0da05ee199,41.02464876476277,21.320767039678557,temperature,5
2025-12-14T23:40:04+01:00,fec52a19-9148-4350-a1b4-ae0da05ee199,41.02464876476277,21.320767039678557,gasResistance,111697
2025-12-14T23:40:04+01:00,fec52a19-9148-4350-a1b4-ae0da05ee199,41.02464876476277,21.320767039678557,humidity,48
2025-12-14T23:40:04+01:00,fec52a19-9148-4350-a1b4-ae0da05ee199,41.02464876476277,21.320767039678557,pm10,3
2025-12-14T23:40:04+01:00,fec52a19-9148-4350-a1b4-ae0da05ee199,41.02464876476277,21.320767039678557,pm25,1
2025-12-14T23:40:04+01:00,fec52a19-9148-4350-a1b4-ae0da05ee199,41.02464876476277,21.320767039678557,pressure,954
2025-12-14T23:40:04+01:00,fec52a19-9148-4350-a1b4-ae0da05ee199,41.02464876476277,21.320767039678557,temperature,5
2025-12-14T23:55:36+01:00,fec52a19-9148-4350-a1b4-ae0da05ee199,41.02464876476277,21.320767039678557,gasResistance,142263
2025-12-14T23:55:36+01:00,fec52a19-9148-4350-a1b4-ae0da05ee199,41.02464876476277,21.320767039678557,humidity,47
2025-12-14T23:55:36+01:00,fec52a19-9148-4350-a1b4-ae0da05ee199,41.02464876476277,21.320767039678557,pm10,1
2025-12-14T23:55:36+01:00,fec52a19-9148-4350-a1b4-ae0da05ee199,41.02464876476277,21.320767039678557,pm25,0
2025-12-14T23:55:36+01:00,fec52a19-9148-4350-a1b4-ae0da05ee199,41.02464876476277,21.320767039678557,pressure,954
2025-12-14T23:55:36+01:00,fec52a19-9148-4350-a1b4-ae0da05ee199,41.02464876476277,21.320767039678557,temperature,6
2025-12-15T00:11:07+01:00,fec52a19-9148-4350-a1b4-ae0da05ee199,41.02464876476277,21.320767039678557,gasResistance,156985
2025-12-15T00:11:07+01:00,fec52a19-9148-4350-a1b4-ae0da05ee199,41.02464876476277,21.320767039678557,humidity,46
2025-12-15T00:11:07+01:00,fec52a19-9148-4350-a1b4-ae0da05ee199,41.02464876476277,21.320767039678557,pm10,1
2025-12-15T00:11:07+01:00,fec52a19-9148-4350-a1b4-ae0da05ee199,41.02464876476277,21.320767039678557,pm25,1
2025-12-15T00:11:07+01:00,fec52a19-9148-4350-a1b4-ae0da05ee199,41.02464876476277,21.320767039678557,pressure,953
2025-12-15T00:11:07+01:00,fec52a19-9148-4350-a1b4-ae0da05ee199,41.02464876476277,21.320767039678557,temperature,6
2025-12-15T00:26:42+01:00,fec52a19-9148-4350-a1b4-ae0da05ee199,41.02464876476277,21.320767039678557,gasResistance,169934
2025-12-15T00:26:42+01:00,fec52a19-9148-4350-a1b4-ae0da05ee199,41.02464876476277,21.320767039678557,humidity,46
2025-12-15T00:26:42+01:00,fec52a19-9148-4350-a1b4-ae0da05ee199,41.02464876476277,21.320767039678557,pm10,0
2025-12-15T00:26:42+01:00,fec52a19-9148-4350-a1b4-ae0da05ee199,41.02464876476277,21.320767039678557,pm25,0
2025-12-15T00:26:42+01:00,fec52a19-9148-4350-a1b4-ae0da05ee199,41.02464876476277,21.320767039678557,pressure,953
2025-12-15T00:26:42+01:00,fec52a19-9148-4350-a1b4-ae0da05ee199,41.02464876476277,21.320767039678557,temperature,6
2025-12-15T00:42:13+01:00,fec52a19-9148-4350-a1b4-ae0da05ee199,41.02464876476277,21.320767039678557,gasResistance,174373
2025-12-15T00:42:13+01:00,fec52a19-9148-4350-a1b4-ae0da05ee199,41.02464876476277,21.320767039678557,humidity,47
2025-12-15T00:42:13+01:00,fec52a19-9148-4350-a1b4-ae0da05ee199,41.02464876476277,21.320767039678557,pm10,0
2025-12-15T00:42:13+01:00,fec52a19-9148-4350-a1b4-ae0da05ee199,41.02464876476277,21.320767039678557,pm25,0
2025-12-15T00:42:13+01:00,fec52a19-9148-4350-a1b4-ae0da05ee199,41.02464876476277,21.320767039678557,pressure,953
2025-12-15T00:42:13+01:00,fec52a19-9148-4350-a1b4-ae0da05ee199,41.02464876476277,21.320767039678557,temperature,6
2025-12-15T00:57:45+01:00,fec52a19-9148-4350-a1b4-ae0da05ee199,41.02464876476277,21.320767039678557,gasResistance,169588
2025-12-15T00:57:45+01:00,fec52a19-9148-4350-a1b4-ae0da05ee199,41.02464876476277,21.320767039678557,humidity,49
2025-12-15T00:57:45+01:00,fec52a19-9148-4350-a1b4-ae0da05ee199,41.02464876476277,21.320767039678557,pm10,2
2025-12-15T00:57:45+01:00,fec52a19-9148-4350-a1b4-ae0da05ee199,41.02464876476277,21.320767039678557,pm25,1
2025-12-15T00:57:45+01:00,fec52a19-9148-4350-a1b4-ae0da05ee199,41.02464876476277,21.320767039678557,pressure,953
2025-12-15T00:57:45+01:00,fec52a19-9148-4350-a1b4-ae0da05ee199,41.02464876476277,21.320767039678557,temperature,5
